code,raw_code,date,action_day,time,time_raw,status,price,open,high,low,pre_close,high_limited,low_limited,volume,turnover,num_trades,BidPrice1,BidVolume1,AskPrice1,AskVolume1,BidPrice2,BidVolume2,AskPrice2,AskVolume2,BidPrice3,BidVolume3,AskPrice3,AskVolume3,BidPrice4,BidVolume4,AskPrice4,AskVolume4,BidPrice5,BidVolume5,AskPrice5,AskVolume5,BidPrice6,BidVolume6,AskPrice6,AskVolume6,BidPrice7,BidVolume7,AskPrice7,AskVolume7,BidPrice8,BidVolume8,AskPrice8,AskVolume8,BidPrice9,BidVolume9,AskPrice9,AskVolume9,BidPrice10,BidVolume10,AskPrice10,AskVolume10,total_bid_vol,total_ask_vol,recv_time
000931.SZ,000931,20260420,20260420,08:00:00.000,80000000,0,0.0,0.0,0.0,0.0,5.2,0.0,0.0,0,0.0,0,0.0,0,0.0,0,0.0,0,0.0,0,0.0,0,0.0,0,0.0,0,0.0,0,0.0,0,0.0,0,0.0,0,0.0,0,0.0,0,0.0,0,0.0,0,0.0,0,0.0,0,0.0,0,0.0,0,0.0,0,0,0,15:32:21.189
000931.SZ,000931,20260420,20260420,08:29:00.000,82900000,0,0.0,0.0,0.0,0.0,5.2,0.0,0.0,0,0.0,0,0.0,0,0.0,0,0.0,0,0.0,0,0.0,0,0.0,0,0.0,0,0.0,0,0.0,0,0.0,0,0.0,0,0.0,0,0.0,0,0.0,0,0.0,0,0.0,0,0.0,0,0.0,0,0.0,0,0.0,0,0,0,15:32:21.189
000931.SZ,000931,20260420,20260420,08:29:24.000,82924000,70,0.0,0.0,0.0,0.0,5.2,5.72,4.68,0,0.0,0,0.0,0,0.0,0,0.0,0,0.0,0,0.0,0,0.0,0,0.0,0,0.0,0,0.0,0,0.0,0,0.0,0,0.0,0,0.0,0,0.0,0,0.0,0,0.0,0,0.0,0,0.0,0,0.0,0,0.0,0,0,0,15:32:21.189
000931.SZ,000931,20260420,20260420,09:15:00.000,91500000,73,0.0,0.0,0.0,0.0,5.2,5.72,4.68,0,0.0,0,0.0,0,0.0,0,0.0,0,0.0,0,0.0,0,0.0,0,0.0,0,0.0,0,0.0,0,0.0,0,0.0,0,0.0,0,0.0,0,0.0,0,0.0,0,0.0,0,0.0,0,0.0,0,0.0,0,0.0,0,0,0,15:32:21.189
000931.SZ,000931,20260420,20260420,09:15:09.000,91509000,73,0.0,0.0,0.0,0.0,5.2,5.72,4.68,0,0.0,0,5.2,2632,5.2,2632,0.0,3668,0.0,0,0.0,0,0.0,0,0.0,0,0.0,0,0.0,0,0.0,0,0.0,0,0.0,0,0.0,0,0.0,0,0.0,0,0.0,0,0.0,0,0.0,0,0.0,0,0.0,0,0,0,15:32:24.865
000931.SZ,000931,20260420,20260420,09:15:27.000,91527000,73,0.0,0.0,0.0,0.0,5.2,5.72,4.68,0,0.0,0,5.22,3100,5.22,3100,0.0,0,0.0,24532,0.0,0,0.0,0,0.0,0,0.0,0,0.0,0,0.0,0,0.0,0,0.0,0,0.0,0,0.0,0,0.0,0,0.0,0,0.0,0,0.0,0,0.0,0,0.0,0,0,0,15:32:25.279
000931.SZ,000931,20260420,20260420,09:15:45.000,91545000,73,0.0,0.0,0.0,0.0,5.2,5.72,4.68,0,0.0,0,5.22,4100,5.22,4100,0.0,0,0.0,23532,0.0,0,0.0,0,0.0,0,0.0,0,0.0,0,0.0,0,0.0,0,0.0,0,0.0,0,0.0,0,0.0,0,0.0,0,0.0,0,0.0,0,0.0,0,0.0,0,0,0,15:32:25.279
000931.SZ,000931,20260420,20260420,09:15:54.000,91554000,73,0.0,0.0,0.0,0.0,5.2,5.72,4.68,0,0.0,0,5.22,6500,5.22,6500,0.0,0,0.0,21232,0.0,0,0.0,0,0.0,0,0.0,0,0.0,0,0.0,0,0.0,0,0.0,0,0.0,0,0.0,0,0.0,0,0.0,0,0.0,0,0.0,0,0.0,0,0.0,0,0,0,15:32:25.499
000931.SZ,000931,20260420,20260420,09:16:03.000,91603000,73,0.0,0.0,0.0,0.0,5.2,5.72,4.68,0,0.0,0,5.22,6500,5.22,6500,0.0,0,0.0,21532,0.0,0,0.0,0,0.0,0,0.0,0,0.0,0,0.0,0,0.0,0,0.0,0,0.0,0,0.0,0,0.0,0,0.0,0,0.0,0,0.0,0,0.0,0,0.0,0,0,0,15:32:25.499
000931.SZ,000931,20260420,20260420,09:16:21.000,91621000,73,0.0,0.0,0.0,0.0,5.2,5.72,4.68,0,0.0,0,5.22,8600,5.22,8600,0.0,0,0.0,19432,0.0,0,0.0,0,0.0,0,0.0,0,0.0,0,0.0,0,0.0,0,0.0,0,0.0,0,0.0,0,0.0,0,0.0,0,0.0,0,0.0,0,0.0,0,0.0,0,0,0,15:32:25.499
000931.SZ,000931,20260420,20260420,09:16:57.000,91657000,73,0.0,0.0,0.0,0.0,5.2,5.72,4.68,0,0.0,0,5.22,8600,5.22,8600,0.0,0,0.0,19532,0.0,0,0.0,0,0.0,0,0.0,0,0.0,0,0.0,0,0.0,0,0.0,0,0.0,0,0.0,0,0.0,0,0.0,0,0.0,0,0.0,0,0.0,0,0.0,0,0,0,15:32:25.790
000931.SZ,000931,20260420,20260420,09:17:06.000,91706000,73,0.0,0.0,0.0,0.0,5.2,5.72,4.68,0,0.0,0,5.22,18100,5.22,18100,0.0,0,0.0,10032,0.0,0,0.0,0,0.0,0,0.0,0,0.0,0,0.0,0,0.0,0,0.0,0,0.0,0,0.0,0,0.0,0,0.0,0,0.0,0,0.0,0,0.0,0,0.0,0,0,0,15:32:25.790
000931.SZ,000931,20260420,20260420,09:17:51.000,91751000,73,0.0,0.0,0.0,0.0,5.2,5.72,4.68,0,0.0,0,5.22,18100,5.22,18100,0.0,0,0.0,10132,0.0,0,0.0,0,0.0,0,0.0,0,0.0,0,0.0,0,0.0,0,0.0,0,0.0,0,0.0,0,0.0,0,0.0,0,0.0,0,0.0,0,0.0,0,0.0,0,0,0,15:32:26.105
000931.SZ,000931,20260420,20260420,09:18:54.000,91854000,73,0.0,0.0,0.0,0.0,5.2,5.72,4.68,0,0.0,0,5.22,18100,5.22,18100,0.0,0,0.0,11732,0.0,0,0.0,0,0.0,0,0.0,0,0.0,0,0.0,0,0.0,0,0.0,0,0.0,0,0.0,0,0.0,0,0.0,0,0.0,0,0.0,0,0.0,0,0.0,0,0,0,15:32:26.373
000931.SZ,000931,20260420,20260420,09:20:09.000,92009000,73,0.0,0.0,0.0,0.0,5.2,5.72,4.68,0,0.0,0,5.22,18100,5.22,18100,0.0,0,0.0,11932,0.0,0,0.0,0,0.0,0,0.0,0,0.0,0,0.0,0,0.0,0,0.0,0,0.0,0,0.0,0,0.0,0,0.0,0,0.0,0,0.0,0,0.0,0,0.0,0,0,0,15:32:27.134
000931.SZ,000931,20260420,20260420,09:20:18.000,92018000,73,0.0,0.0,0.0,0.0,5.2,5.72,4.68,0,0.0,0,5.22,18100,5.22,18100,0.0,0,0.0,12132,0.0,0,0.0,0,0.0,0,0.0,0,0.0,0,0.0,0,0.0,0,0.0,0,0.0,0,0.0,0,0.0,0,0.0,0,0.0,0,0.0,0,0.0,0,0.0,0,0,0,15:32:27.134
000931.SZ,000931,20260420,20260420,09:21:57.000,92157000,73,0.0,0.0,0.0,0.0,5.2,5.72,4.68,0,0.0,0,5.22,18100,5.22,18100,0.0,0,0.0,14032,0.0,0,0.0,0,0.0,0,0.0,0,0.0,0,0.0,0,0.0,0,0.0,0,0.0,0,0.0,0,0.0,0,0.0,0,0.0,0,0.0,0,0.0,0,0.0,0,0,0,15:32:27.772
000931.SZ,000931,20260420,20260420,09:22:06.000,92206000,73,0.0,0.0,0.0,0.0,5.2,5.72,4.68,0,0.0,0,5.22,32132,5.22,32132,0.0,15268,0.0,0,0.0,0,0.0,0,0.0,0,0.0,0,0.0,0,0.0,0,0.0,0,0.0,0,0.0,0,0.0,0,0.0,0,0.0,0,0.0,0,0.0,0,0.0,0,0.0,0,0,0,15:32:27.772
000931.SZ,000931,20260420,20260420,09:22:15.000,92215000,73,0.0,0.0,0.0,0.0,5.2,5.72,4.68,0,0.0,0,5.22,32332,5.22,32332,0.0,15068,0.0,0,0.0,0,0.0,0,0.0,0,0.0,0,0.0,0,0.0,0,0.0,0,0.0,0,0.0,0,0.0,0,0.0,0,0.0,0,0.0,0,0.0,0,0.0,0,0.0,0,0,0,15:32:27.772
000931.SZ,000931,20260420,20260420,09:22:24.000,92224000,73,0.0,0.0,0.0,0.0,5.2,5.72,4.68,0,0.0,0,5.22,36032,5.22,36032,0.0,12568,0.0,0,0.0,0,0.0,0,0.0,0,0.0,0,0.0,0,0.0,0,0.0,0,0.0,0,0.0,0,0.0,0,0.0,0,0.0,0,0.0,0,0.0,0,0.0,0,0.0,0,0,0,15:32:27.838
000931.SZ,000931,20260420,20260420,09:23:18.000,92318000,73,0.0,0.0,0.0,0.0,5.2,5.72,4.68,0,0.0,0,5.22,46032,5.22,46032,0.0,2568,0.0,0,0.0,0,0.0,0,0.0,0,0.0,0,0.0,0,0.0,0,0.0,0,0.0,0,0.0,0,0.0,0,0.0,0,0.0,0,0.0,0,0.0,0,0.0,0,0.0,0,0,0,15:32:28.381
000931.SZ,000931,20260420,20260420,09:23:27.000,92327000,73,0.0,0.0,0.0,0.0,5.2,5.72,4.68,0,0.0,0,5.22,46132,5.22,46132,0.0,3168,0.0,0,0.0,0,0.0,0,0.0,0,0.0,0,0.0,0,0.0,0,0.0,0,0.0,0,0.0,0,0.0,0,0.0,0,0.0,0,0.0,0,0.0,0,0.0,0,0.0,0,0,0,15:32:28.542
000931.SZ,000931,20260420,20260420,09:23:36.000,92336000,73,0.0,0.0,0.0,0.0,5.2,5.72,4.68,0,0.0,0,5.22,49300,5.22,49300,0.0,0,0.0,832,0.0,0,0.0,0,0.0,0,0.0,0,0.0,0,0.0,0,0.0,0,0.0,0,0.0,0,0.0,0,0.0,0,0.0,0,0.0,0,0.0,0,0.0,0,0.0,0,0,0,15:32:28.542
000931.SZ,000931,20260420,20260420,09:23:45.000,92345000,73,0.0,0.0,0.0,0.0,5.2,5.72,4.68,0,0.0,0,5.22,49300,5.22,49300,0.0,0,0.0,932,0.0,0,0.0,0,0.0,0,0.0,0,0.0,0,0.0,0,0.0,0,0.0,0,0.0,0,0.0,0,0.0,0,0.0,0,0.0,0,0.0,0,0.0,0,0.0,0,0,0,15:32:28.718
000931.SZ,000931,20260420,20260420,09:24:12.000,92412000,73,0.0,0.0,0.0,0.0,5.2,5.72,4.68,0,0.0,0,5.22,50232,5.22,50232,0.0,3368,0.0,0,0.0,0,0.0,0,0.0,0,0.0,0,0.0,0,0.0,0,0.0,0,0.0,0,0.0,0,0.0,0,0.0,0,0.0,0,0.0,0,0.0,0,0.0,0,0.0,0,0,0,15:32:28.889
000931.SZ,000931,20260420,20260420,09:24:21.000,92421000,73,0.0,0.0,0.0,0.0,5.2,5.72,4.68,0,0.0,0,5.22,53600,5.22,53600,0.0,0,0.0,99132,0.0,0,0.0,0,0.0,0,0.0,0,0.0,0,0.0,0,0.0,0,0.0,0,0.0,0,0.0,0,0.0,0,0.0,0,0.0,0,0.0,0,0.0,0,0.0,0,0,0,15:32:29.063
000931.SZ,000931,20260420,20260420,09:24:30.000,92430000,73,0.0,0.0,0.0,0.0,5.2,5.72,4.68,0,0.0,0,5.22,54200,5.22,54200,0.0,0,0.0,112232,0.0,0,0.0,0,0.0,0,0.0,0,0.0,0,0.0,0,0.0,0,0.0,0,0.0,0,0.0,0,0.0,0,0.0,0,0.0,0,0.0,0,0.0,0,0.0,0,0,0,15:32:29.236
000931.SZ,000931,20260420,20260420,09:24:39.000,92439000,73,0.0,0.0,0.0,0.0,5.2,5.72,4.68,0,0.0,0,5.22,54200,5.22,54200,0.0,0,0.0,115232,0.0,0,0.0,0,0.0,0,0.0,0,0.0,0,0.0,0,0.0,0,0.0,0,0.0,0,0.0,0,0.0,0,0.0,0,0.0,0,0.0,0,0.0,0,0.0,0,0,0,15:32:29.379
000931.SZ,000931,20260420,20260420,09:24:48.000,92448000,73,0.0,0.0,0.0,0.0,5.2,5.72,4.68,0,0.0,0,5.22,54200,5.22,54200,0.0,0,0.0,131332,0.0,0,0.0,0,0.0,0,0.0,0,0.0,0,0.0,0,0.0,0,0.0,0,0.0,0,0.0,0,0.0,0,0.0,0,0.0,0,0.0,0,0.0,0,0.0,0,0,0,15:32:29.576
000931.SZ,000931,20260420,20260420,09:24:57.000,92457000,73,0.0,0.0,0.0,0.0,5.2,5.72,4.68,0,0.0,0,5.2,63832,5.2,63832,0.0,7368,0.0,0,0.0,0,0.0,0,0.0,0,0.0,0,0.0,0,0.0,0,0.0,0,0.0,0,0.0,0,0.0,0,0.0,0,0.0,0,0.0,0,0.0,0,0.0,0,0.0,0,0,0,15:32:29.748
000931.SZ,000931,20260420,20260420,09:25:00.000,92500000,80,5.19,5.19,5.19,5.19,5.2,5.72,4.68,75800,39.3402,128,5.18,1700,5.19,4732,5.17,14100,5.2,10100,5.16,40700,5.21,3900,5.15,17500,5.22,152400,5.14,1900,5.23,15100,5.13,10600,5.24,6700,5.12,105000,5.25,200,5.11,13200,5.26,26900,5.1,30100,5.27,65600,5.09,5000,5.28,50800,406100,996232,15:32:30.447
000931.SZ,000931,20260420,20260420,09:30:00.000,93000000,79,5.18,5.19,5.19,5.17,5.2,5.72,4.68,82900,43.0176,147,5.17,13700,5.18,24900,5.16,40700,5.19,23832,5.15,18000,5.2,10600,5.14,1900,5.21,3900,5.13,10600,5.22,131900,5.12,105000,5.23,15100,5.11,13200,5.24,6700,5.1,30200,5.25,5200,5.09,5000,5.26,26900,5.08,16000,5.27,65600,406600,1024332,15:32:31.930
000931.SZ,000931,20260420,20260420,09:30:03.000,93003000,79,5.18,5.19,5.19,5.16,5.2,5.72,4.68,204200,105.8015,242,5.16,49500,5.17,16700,5.15,11000,5.18,21300,5.14,3700,5.19,25800,5.13,30700,5.2,26400,5.12,159000,5.21,25000,5.11,18200,5.22,145200,5.1,32800,5.23,7600,5.09,21100,5.24,6700,5.08,21500,5.25,6600,5.07,15000,5.26,26900,593700,1161000,15:32:33.088
000931.SZ,000931,20260420,20260420,09:30:06.000,93006000,79,5.16,5.19,5.19,5.16,5.2,5.72,4.68,258500,133.8271,307,5.16,6900,5.17,48900,5.15,11000,5.18,28600,5.14,3700,5.19,24700,5.13,30700,5.2,26400,5.12,159000,5.21,29000,5.11,20700,5.22,155200,5.1,32800,5.23,7600,5.09,21100,5.24,9800,5.08,21500,5.25,6600,5.07,15000,5.26,31900,553600,1225600,15:32:34.307
000931.SZ,000931,20260420,20260420,09:30:09.000,93009000,79,5.16,5.19,5.19,5.15,5.2,5.72,4.68,285100,147.5495,351,5.15,12200,5.16,197200,5.14,3700,5.17,65300,5.13,30700,5.18,29400,5.12,159000,5.19,24700,5.11,20700,5.2,26500,5.1,41800,5.21,29000,5.09,21100,5.22,155200,5.08,21500,5.23,7600,5.07,15000,5.24,9800,5.06,500,5.25,6600,557900,1440100,15:32:35.555
000931.SZ,000931,20260420,20260420,09:30:12.000,93012000,79,5.14,5.19,5.19,5.14,5.2,5.72,4.68,305400,157.9962,386,5.14,27800,5.15,32900,5.13,30700,5.16,170100,5.12,159000,5.17,60500,5.11,20700,5.18,28100,5.1,41800,5.19,24700,5.09,21100,5.2,26700,5.08,21500,5.21,29000,5.07,15000,5.22,155200,5.06,500,5.23,7600,5.05,27200,5.24,9800,569800,1440800,15:32:36.786
000931.SZ,000931,20260420,20260420,09:30:15.000,93015000,79,5.14,5.19,5.19,5.14,5.2,5.72,4.68,317900,164.4225,425,5.14,20000,5.15,83500,5.13,30700,5.16,167500,5.12,159000,5.17,42300,5.11,20700,5.18,10200,5.1,41800,5.19,6600,5.09,21100,5.2,26600,5.08,21500,5.21,29000,5.07,15000,5.22,155400,5.06,500,5.23,7600,5.05,27200,5.24,9800,562000,1434700,15:32:38.065
000931.SZ,000931,20260420,20260420,09:30:18.000,93018000,79,5.14,5.19,5.19,5.14,5.2,5.72,4.68,325000,168.0733,448,5.14,14600,5.15,117300,5.13,35100,5.16,179100,5.12,159000,5.17,37600,5.11,20700,5.18,7400,5.1,36800,5.19,5500,5.09,21100,5.2,25800,5.08,21500,5.21,28200,5.07,15000,5.22,155400,5.06,500,5.23,7600,5.05,27200,5.24,9800,556000,1469900,15:32:39.254
000931.SZ,000931,20260420,20260420,09:30:21.000,93021000,79,5.14,5.19,5.19,5.14,5.2,5.72,4.68,348400,180.1063,494,5.13,35100,5.14,500,5.12,159000,5.15,121400,5.11,20700,5.16,169200,5.1,36800,5.17,25200,5.09,21100,5.18,7400,5.08,21500,5.19,5500,5.07,15000,5.2,25800,5.06,500,5.21,28200,5.05,27200,5.22,155400,5.04,92200,5.23,7600,541400,1452200,15:32:40.568
000931.SZ,000931,20260420,20260420,09:30:24.000,93024000,79,5.13,5.19,5.19,5.13,5.2,5.72,4.68,375900,194.2156,527,5.13,11900,5.14,2200,5.12,159000,5.15,124300,5.11,24700,5.16,159600,5.1,44600,5.17,23900,5.09,21100,5.18,7400,5.08,21500,5.19,5500,5.07,15000,5.2,25800,5.06,500,5.21,28200,5.05,27200,5.22,155400,5.04,92200,5.23,7600,530000,1445700,15:32:41.829
000931.SZ,000931,20260420,20260420,09:30:27.000,93027000,79,5.14,5.19,5.19,5.13,5.2,5.72,4.68,391800,202.3776,559,5.13,10300,5.14,2100,5.12,159000,5.15,125200,5.11,24700,5.16,153900,5.1,45100,5.17,23800,5.09,21100,5.18,7400,5.08,21500,5.19,5500,5.07,15000,5.2,25800,5.06,500,5.21,28200,5.05,27200,5.22,155400,5.04,92200,5.23,7600,528900,1440700,15:32:43.111
000931.SZ,000931,20260420,20260420,09:30:30.000,93030000,79,5.12,5.19,5.19,5.12,5.2,5.72,4.68,406700,210.0251,577,5.12,159000,5.13,100,5.11,24700,5.14,6400,5.1,46100,5.15,125500,5.09,21100,5.16,153900,5.08,21500,5.17,23500,5.07,15000,5.18,7400,5.06,500,5.19,5500,5.05,27200,5.2,25800,5.04,92200,5.21,26200,5.03,10000,5.22,155400,519600,1465100,15:32:44.275
000931.SZ,000931,20260420,20260420,09:30:33.000,93033000,79,5.13,5.19,5.19,5.12,5.2,5.72,4.68,414300,213.9194,606,5.12,154700,5.13,26800,5.11,24700,5.14,9300,5.1,46100,5.15,113900,5.09,21100,5.16,143500,5.08,21500,5.17,22700,5.07,15000,5.18,7400,5.06,500,5.19,5500,5.05,27200,5.2,25800,5.04,92200,5.21,26200,5.03,10000,5.22,155400,515300,1469900,15:32:45.486
000931.SZ,000931,20260420,20260420,09:30:36.000,93036000,79,5.12,5.19,5.19,5.12,5.2,5.72,4.68,418700,216.1725,613,5.12,156200,5.13,33400,5.11,25700,5.14,21700,5.1,46300,5.15,113800,5.09,21100,5.16,142500,5.08,21500,5.17,22700,5.07,15000,5.18,7400,5.06,500,5.19,5500,5.05,27200,5.2,25800,5.04,92200,5.21,26200,5.03,10000,5.22,155400,518000,1487800,15:32:46.625
000931.SZ,000931,20260420,20260420,09:30:39.000,93039000,79,5.12,5.19,5.19,5.12,5.2,5.72,4.68,433700,223.8525,616,5.12,143200,5.13,39000,5.11,25700,5.14,27000,5.1,46300,5.15,114800,5.09,21100,5.16,125500,5.08,21500,5.17,22700,5.07,15000,5.18,5000,5.06,500,5.19,5500,5.05,27300,5.2,25800,5.04,92200,5.21,26200,5.03,10000,5.22,155400,505100,1480300,15:32:47.856
000931.SZ,000931,20260420,20260420,09:30:42.000,93042000,79,5.12,5.19,5.19,5.12,5.2,5.72,4.68,438600,226.3632,622,5.12,143200,5.13,64200,5.11,25700,5.14,28800,5.1,46300,5.15,84500,5.09,21100,5.16,125500,5.08,23500,5.17,22700,5.07,15000,5.18,5000,5.06,500,5.19,5500,5.05,27300,5.2,25800,5.04,92200,5.21,26200,5.03,10000,5.22,155400,507100,1477000,15:32:49.078
000931.SZ,000931,20260420,20260420,09:30:45.000,93045000,79,5.12,5.19,5.19,5.12,5.2,5.72,4.68,460200,237.4284,647,5.12,128100,5.13,59400,5.11,25700,5.14,29400,5.1,46300,5.15,70200,5.09,21100,5.16,125500,5.08,23700,5.17,22700,5.07,15000,5.18,5000,5.06,500,5.19,5200,5.05,27300,5.2,25800,5.04,92200,5.21,26200,5.03,10000,5.22,155400,492200,1462000,15:32:50.264
000931.SZ,000931,20260420,20260420,09:30:48.000,93048000,79,5.13,5.19,5.19,5.12,5.2,5.72,4.68,470800,242.8557,661,5.12,120500,5.13,58100,5.11,25700,5.14,29700,5.1,46300,5.15,70200,5.09,22100,5.16,125500,5.08,23700,5.17,22700,5.07,15000,5.18,5000,5.06,500,5.19,5200,5.05,27300,5.2,25800,5.04,92600,5.21,26200,5.03,10000,5.22,155400,486000,1461000,15:32:51.408
000931.SZ,000931,20260420,20260420,09:30:51.000,93051000,79,5.12,5.19,5.19,5.12,5.2,5.72,4.68,499300,257.4665,728,5.12,115800,5.13,39600,5.11,25700,5.14,30300,5.1,46200,5.15,70000,5.09,22100,5.16,125500,5.08,23700,5.17,22700,5.07,15000,5.18,4700,5.06,500,5.19,5200,5.05,27300,5.2,25800,5.04,92600,5.21,26200,5.03,10000,5.22,155000,481200,1442200,15:32:52.651
000931.SZ,000931,20260420,20260420,09:30:54.000,93054000,79,5.12,5.19,5.19,5.12,5.2,5.72,4.68,513400,264.6935,755,5.12,109600,5.13,37400,5.11,25700,5.14,31400,5.1,46200,5.15,70000,5.09,22100,5.16,125500,5.08,33700,5.17,22400,5.07,15000,5.18,4700,5.06,500,5.19,5200,5.05,27300,5.2,25800,5.04,92600,5.21,26200,5.03,10000,5.22,155000,485000,1439600,15:32:53.816
000931.SZ,000931,20260420,20260420,09:30:57.000,93057000,79,5.12,5.19,5.19,5.12,5.2,5.72,4.68,525500,270.8916,766,5.12,107900,5.13,36100,5.11,26000,5.14,31400,5.1,51200,5.15,70000,5.09,22600,5.16,125500,5.08,33700,5.17,22400,5.07,15000,5.18,4700,5.06,500,5.19,5200,5.05,27300,5.2,25800,5.04,92600,5.21,26200,5.03,10000,5.22,155000,489100,1438300,15:32:55.006
000931.SZ,000931,20260420,20260420,09:31:00.000,93100000,79,5.12,5.19,5.19,5.12,5.2,5.72,4.68,559700,288.4022,776,5.12,85900,5.13,36500,5.11,28400,5.14,31400,5.1,51200,5.15,70000,5.09,27600,5.16,125500,5.08,33700,5.17,22100,5.07,15100,5.18,4700,5.06,800,5.19,5200,5.05,27300,5.2,25800,5.04,92600,5.21,26200,5.03,10000,5.22,155000,474900,1433900,15:32:56.220
000931.SZ,000931,20260420,20260420,09:31:03.000,93103000,79,5.12,5.19,5.19,5.12,5.2,5.72,4.68,563600,290.3991,792,5.12,39200,5.13,39700,5.11,28400,5.14,31200,5.1,51200,5.15,69200,5.09,27900,5.16,124900,5.08,33700,5.17,22100,5.07,15100,5.18,4700,5.06,800,5.19,5200,5.05,27300,5.2,25800,5.04,92600,5.21,26200,5.03,10000,5.22,155000,428500,1435500,15:32:57.615
000931.SZ,000931,20260420,20260420,09:31:06.000,93106000,79,5.12,5.19,5.19,5.12,5.2,5.72,4.68,604500,311.3399,821,5.11,28400,5.12,3600,5.1,51200,5.13,43900,5.09,27900,5.14,31100,5.08,33700,5.15,65900,5.07,15100,5.16,116500,5.06,800,5.17,22100,5.05,27300,5.18,4700,5.04,92600,5.19,4900,5.03,10000,5.2,25800,5.01,2400,5.21,26200,389300,1431200,15:32:58.861
000931.SZ,000931,20260420,20260420,09:31:09.000,93109000,79,5.11,5.19,5.19,5.11,5.2,5.72,4.68,613300,315.8368,843,5.11,20200,5.12,32300,5.1,51200,5.13,45200,5.09,30900,5.14,29000,5.08,33700,5.15,64300,5.07,15100,5.16,114100,5.06,800,5.17,22100,5.05,27800,5.18,4700,5.04,92600,5.19,4900,5.03,10000,5.2,25800,5.02,1000,5.21,24200,385600,1453100,15:33:00.172
000931.SZ,000931,20260420,20260420,09:31:12.000,93112000,79,5.1,5.19,5.19,5.1,5.2,5.72,4.68,646700,332.9115,886,5.1,50500,5.11,10700,5.09,31000,5.12,51600,5.08,43700,5.13,45400,5.07,15100,5.14,28200,5.06,800,5.15,64300,5.05,27800,5.16,113900,5.04,92600,5.17,22100,5.03,10000,5.18,4700,5.02,1000,5.19,4900,5.01,2400,5.2,25800,374800,1482300,15:33:00.963
000931.SZ,000931,20260420,20260420,09:31:15.000,93115000,79,5.1,5.19,5.19,5.1,5.2,5.72,4.68,672900,346.285,913,5.1,37700,5.11,2900,5.09,31000,5.12,40100,5.08,43700,5.13,41300,5.07,20100,5.14,28200,5.06,900,5.15,63900,5.05,27300,5.16,108600,5.04,92600,5.17,13900,5.03,10000,5.18,4700,5.02,1000,5.19,4900,5.01,2400,5.2,25800,366600,1444800,15:33:01.363
000931.SZ,000931,20260420,20260420,09:31:18.000,93118000,79,5.11,5.19,5.19,5.1,5.2,5.72,4.68,710200,365.3198,961,5.1,15500,5.11,37500,5.09,31000,5.12,41900,5.08,43700,5.13,23000,5.07,20100,5.14,27900,5.06,900,5.15,63900,5.05,27300,5.16,108600,5.04,92600,5.17,13300,5.03,10000,5.18,4000,5.02,1000,5.19,4800,5.01,2400,5.2,25800,344400,1465900,15:33:01.893
000931.SZ,000931,20260420,20260420,09:31:21.000,93121000,79,5.09,5.19,5.19,5.09,5.2,5.72,4.68,739600,380.3058,984,5.09,23000,5.1,52400,5.08,61700,5.11,46000,5.07,20100,5.12,33800,5.06,1100,5.13,22600,5.05,27300,5.14,27400,5.04,92600,5.15,63400,5.03,10000,5.16,105300,5.02,1000,5.17,12700,5.01,2400,5.18,4000,5.0,13600,5.19,4800,339100,1481400,15:33:02.783
000931.SZ,000931,20260420,20260420,09:31:24.000,93124000,79,5.09,5.19,5.19,5.09,5.2,5.72,4.68,746600,383.8704,997,5.09,40600,5.1,57600,5.08,62700,5.11,26800,5.07,20100,5.12,32600,5.06,1100,5.13,21100,5.05,28300,5.14,27400,5.04,92600,5.15,63400,5.03,10000,5.16,104600,5.02,1000,5.17,12700,5.01,2400,5.18,3700,5.0,13600,5.19,4500,358700,1453400,15:33:03.695
000931.SZ,000931,20260420,20260420,09:31:27.000,93127000,79,5.09,5.19,5.19,5.09,5.2,5.72,4.68,767700,394.6234,1016,5.09,9600,5.1,90800,5.08,65700,5.11,27700,5.07,20100,5.12,32100,5.06,1100,5.13,21100,5.05,28300,5.14,27100,5.04,92600,5.15,62800,5.03,10000,5.16,100700,5.02,1000,5.17,12100,5.01,2400,5.18,3100,5.0,13600,5.19,4500,330700,1481000,15:33:04.541
000931.SZ,000931,20260420,20260420,09:31:30.000,93130000,79,5.09,5.19,5.19,5.09,5.2,5.72,4.68,833200,427.9787,1083,5.09,38200,5.1,74500,5.08,66200,5.11,28300,5.07,20100,5.12,28400,5.06,13100,5.13,21600,5.05,30300,5.14,27100,5.04,92600,5.15,62800,5.03,10000,5.16,99100,5.02,1000,5.17,12100,5.01,2400,5.18,3100,5.0,13600,5.19,4500,373800,1454500,15:33:05.297
000931.SZ,000931,20260420,20260420,09:31:33.000,93133000,79,5.09,5.19,5.19,5.09,5.2,5.72,4.68,900500,462.3024,1148,5.09,41100,5.1,100,5.08,66800,5.11,27100,5.07,20100,5.12,27900,5.06,15100,5.13,21100,5.05,30300,5.14,27100,5.04,92600,5.15,62500,5.03,10000,5.16,98500,5.02,1000,5.17,12100,5.01,2400,5.18,3100,5.0,14200,5.19,4500,379900,1376800,15:33:06.213
000931.SZ,000931,20260420,20260420,09:31:36.000,93136000,79,5.09,5.19,5.19,5.09,5.2,5.72,4.68,906500,465.3617,1171,5.09,29500,5.11,27700,5.08,67800,5.12,28700,5.07,20100,5.13,21100,5.06,59900,5.14,26100,5.05,30300,5.15,62500,5.04,92600,5.16,98500,5.03,10000,5.17,12100,5.02,1000,5.18,3100,5.01,2400,5.19,4500,5.0,14200,5.2,10800,414100,1362100,15:33:06.976
000931.SZ,000931,20260420,20260420,09:31:39.000,93139000,79,5.09,5.19,5.19,5.09,5.2,5.72,4.68,943500,484.2184,1186,5.09,16600,5.1,11400,5.08,67800,5.11,32200,5.07,20100,5.12,29700,5.06,59900,5.13,19700,5.05,30300,5.14,26100,5.04,92800,5.15,62500,5.03,12000,5.16,97700,5.02,1000,5.17,11800,5.01,5400,5.18,3100,5.0,16200,5.19,4500,408400,1376500,15:33:07.761
000931.SZ,000931,20260420,20260420,09:31:42.000,93142000,79,5.1,5.19,5.19,5.09,5.2,5.72,4.68,963700,494.5188,1202,5.09,78200,5.11,55500,5.08,67800,5.12,29000,5.07,15100,5.13,19700,5.06,59900,5.14,26100,5.05,30300,5.15,62200,5.04,92400,5.16,97700,5.03,12000,5.17,11800,5.02,1000,5.18,3100,5.01,5400,5.19,4500,5.0,16200,5.2,10800,464600,1387400,15:33:08.434
000931.SZ,000931,20260420,20260420,09:31:45.000,93145000,79,5.09,5.19,5.19,5.09,5.2,5.72,4.68,1044200,535.4942,1253,5.08,73800,5.1,31600,5.07,15100,5.11,34300,5.06,59900,5.12,29700,5.05,30300,5.13,18500,5.04,92400,5.14,26100,5.03,12000,5.15,62200,5.02,1000,5.16,97700,5.01,5400,5.17,11800,5.0,17400,5.18,2800,4.99,3600,5.19,4500,398600,1397000,15:33:09.209
000931.SZ,000931,20260420,20260420,09:31:48.000,93148000,79,5.09,5.19,5.19,5.08,5.2,5.72,4.68,1073100,550.199,1269,5.08,56000,5.09,4200,5.07,15100,5.1,33200,5.06,59900,5.11,33700,5.05,30300,5.12,10400,5.04,97400,5.13,18500,5.03,13000,5.14,26100,5.02,1000,5.15,61300,5.01,5400,5.16,97400,5.0,17400,5.17,11800,4.99,3600,5.18,2800,386800,1381700,15:33:09.925
000931.SZ,000931,20260420,20260420,09:31:51.000,93151000,79,5.08,5.19,5.19,5.08,5.2,5.72,4.68,1117400,572.7068,1295,5.08,15100,5.09,51000,5.07,15600,5.1,35100,5.06,59900,5.11,15100,5.05,45100,5.12,10700,5.04,97400,5.13,18500,5.03,13000,5.14,26100,5.02,1000,5.15,60700,5.01,5800,5.16,96800,5.0,17400,5.17,11500,4.99,3600,5.18,2800,361600,1385600,15:33:10.578
000931.SZ,000931,20260420,20260420,09:31:54.000,93154000,79,5.09,5.19,5.19,5.07,5.2,5.72,4.68,1138400,583.3714,1352,5.07,11700,5.08,7600,5.06,59900,5.09,56900,5.05,45100,5.1,12100,5.04,97400,5.11,14100,5.03,13600,5.12,10700,5.01,5800,5.13,18100,5.0,17400,5.14,25400,4.99,3600,5.15,53800,4.98,10000,5.16,95800,4.97,500,5.17,11200,345300,1371400,15:33:11.308
000931.SZ,000931,20260420,20260420,09:31:57.000,93157000,79,5.08,5.19,5.19,5.07,5.2,5.72,4.68,1148700,588.6034,1366,5.08,13100,5.09,68200,5.07,11900,5.1,9800,5.06,59900,5.11,13300,5.05,45100,5.12,10100,5.04,97400,5.13,16600,5.03,13600,5.14,25300,5.01,5800,5.15,50500,5.0,18400,5.16,43900,4.99,3600,5.17,11200,4.98,10000,5.18,2800,359600,1317500,15:33:11.948
000931.SZ,000931,20260420,20260420,09:32:00.000,93200000,79,5.07,5.19,5.19,5.07,5.2,5.72,4.68,1175800,602.3602,1381,5.06,59900,5.07,1800,5.05,45100,5.08,22000,5.04,97400,5.09,67100,5.03,13600,5.1,18400,5.01,5800,5.11,13300,5.0,18400,5.12,10100,4.99,3600,5.13,16300,4.98,11000,5.14,19900,4.97,500,5.15,49800,4.96,1000,5.16,43900,335600,1348200,15:33:12.651
000931.SZ,000931,20260420,20260420,09:32:03.000,93203000,79,5.08,5.19,5.19,5.06,5.2,5.72,4.68,1224500,627.078,1417,5.06,60400,5.08,5700,5.05,45100,5.09,69100,5.04,97400,5.1,18800,5.03,13600,5.11,14500,5.01,5800,5.12,9800,5.0,18400,5.13,15800,4.99,3600,5.14,19000,4.98,11000,5.15,32500,4.97,500,5.16,43900,4.96,1000,5.17,11200,336100,1334400,15:33:13.487
000931.SZ,000931,20260420,20260420,09:32:06.000,93206000,79,5.07,5.19,5.19,5.06,5.2,5.72,4.68,1244200,637.0612,1432,5.06,54100,5.07,8000,5.05,51100,5.08,28000,5.04,97400,5.09,74200,5.03,13600,5.1,18800,5.01,5800,5.11,13900,5.0,18400,5.12,7700,4.99,3600,5.13,12500,4.98,11000,5.14,18700,4.97,500,5.15,32200,4.96,1000,5.16,43500,335800,1362800,15:33:14.345
000931.SZ,000931,20260420,20260420,09:32:09.000,93209000,79,5.06,5.19,5.19,5.06,5.2,5.72,4.68,1305800,668.236,1448,5.05,51100,5.06,19400,5.04,97400,5.07,56200,5.03,13600,5.08,36600,5.01,5800,5.09,40900,5.0,19900,5.1,18800,4.99,3600,5.11,13900,4.98,11000,5.12,7100,4.97,500,5.13,11700,4.96,1000,5.14,18700,4.95,100,5.15,32200,283200,1404300,15:33:15.003
000931.SZ,000931,20260420,20260420,09:32:12.000,93212000,79,5.06,5.19,5.19,5.05,5.2,5.72,4.68,1368700,700.0411,1489,5.05,14100,5.07,60100,5.04,97900,5.08,35100,5.03,13600,5.09,39100,5.01,5800,5.1,18800,5.0,19900,5.11,13900,4.99,3600,5.12,7100,4.98,11000,5.13,11200,4.97,500,5.14,18100,4.96,1000,5.15,33400,4.95,100,5.16,42800,246700,1385100,15:33:15.753
000931.SZ,000931,20260420,20260420,09:32:15.000,93215000,79,5.05,5.19,5.19,5.04,5.2,5.72,4.68,1392800,712.2144,1526,5.05,9000,5.06,26200,5.04,97500,5.07,74900,5.03,13600,5.08,42200,5.01,6300,5.09,39100,5.0,19900,5.1,16900,4.99,3600,5.11,10100,4.98,11000,5.12,6100,4.97,500,5.13,11200,4.96,1000,5.14,17500,4.95,100,5.15,33400,241700,1435700,15:33:16.392
000931.SZ,000931,20260420,20260420,09:32:18.000,93218000,79,5.05,5.19,5.19,5.04,5.2,5.72,4.68,1403200,717.4756,1542,5.05,20600,5.06,43300,5.04,97500,5.07,73000,5.03,13600,5.08,18300,5.01,6300,5.09,37100,5.0,19900,5.1,15300,4.99,3600,5.11,8600,4.98,11000,5.12,5800,4.97,500,5.13,10300,4.96,1000,5.14,17500,4.95,100,5.15,32800,257300,1418200,15:33:17.059
000931.SZ,000931,20260420,20260420,09:32:21.000,93221000,79,5.05,5.19,5.19,5.04,5.2,5.72,4.68,1429000,730.509,1557,5.05,35600,5.06,75700,5.04,97500,5.07,42400,5.03,13600,5.08,20000,5.02,200,5.09,34400,5.01,6300,5.1,15200,5.0,19900,5.11,8300,4.99,3600,5.12,5800,4.98,11000,5.13,10000,4.97,500,5.14,17500,4.96,1000,5.15,32200,272500,1415700,15:33:17.686
000931.SZ,000931,20260420,20260420,09:32:24.000,93224000,79,5.06,5.19,5.19,5.04,5.2,5.72,4.68,1474700,753.5872,1574,5.05,400,5.06,83600,5.04,93700,5.07,47900,5.03,13600,5.08,20000,5.02,200,5.09,28400,5.01,6600,5.1,7200,5.0,62900,5.11,8300,4.99,3600,5.12,5800,4.98,11600,5.13,9400,4.97,500,5.14,17200,4.96,1000,5.15,31600,277400,1390500,15:33:18.388
000931.SZ,000931,20260420,20260420,09:32:27.000,93227000,79,5.04,5.19,5.19,5.04,5.2,5.72,4.68,1505500,769.1347,1603,5.04,88100,5.05,30000,5.03,13600,5.06,84400,5.02,200,5.07,43200,5.01,6800,5.08,20200,5.0,63700,5.09,28400,4.99,3600,5.1,7200,4.98,11600,5.11,8300,4.97,500,5.12,5800,4.96,1000,5.13,9400,4.95,100,5.14,17200,272400,1417700,15:33:18.980
000931.SZ,000931,20260420,20260420,09:32:30.000,93230000,79,5.05,5.19,5.19,5.04,5.2,5.72,4.68,1555000,794.1305,1615,5.04,85400,5.06,81700,5.03,14600,5.07,37700,5.02,200,5.08,20100,5.01,7800,5.09,28400,5.0,67700,5.1,7200,4.99,3600,5.11,8000,4.98,11600,5.12,5500,4.97,1500,5.13,8800,4.96,1000,5.14,17200,4.95,100,5.15,30700,276700,1377600,15:33:19.686
000931.SZ,000931,20260420,20260420,09:32:33.000,93233000,79,5.04,5.19,5.19,5.04,5.2,5.72,4.68,1564100,798.7219,1624,5.04,82300,5.05,32500,5.03,14600,5.06,85500,5.02,200,5.07,41400,5.01,7800,5.08,18400,5.0,67700,5.09,8400,4.99,3600,5.1,7200,4.98,11600,5.11,8000,4.97,1500,5.12,5500,4.96,1000,5.13,8800,4.95,100,5.14,16900,273600,1375500,15:33:20.370
000931.SZ,000931,20260420,20260420,09:32:36.000,93236000,79,5.05,5.19,5.19,5.04,5.2,5.72,4.68,1574400,803.9167,1632,5.04,76300,5.05,44000,5.03,14600,5.06,83700,5.02,200,5.07,27300,5.01,25100,5.08,15800,5.0,68800,5.09,8400,4.99,3600,5.1,7200,4.98,53300,5.11,6500,4.97,1500,5.12,4600,4.96,1000,5.13,8500,4.95,100,5.14,16600,327700,1368900,15:33:20.907
000931.SZ,000931,20260420,20260420,09:32:39.000,93239000,79,5.04,5.19,5.19,5.04,5.2,5.72,4.68,1644500,839.2477,1649,5.04,7500,5.05,52200,5.03,17100,5.06,84100,5.02,700,5.07,19500,5.01,26100,5.08,15300,5.0,69900,5.09,8400,4.99,3600,5.1,7200,4.98,53300,5.11,4000,4.97,1500,5.12,4000,4.96,1000,5.13,8200,4.95,100,5.14,16600,264000,1365800,15:33:21.511
000931.SZ,000931,20260420,20260420,09:32:42.000,93242000,79,5.04,5.19,5.19,5.03,5.2,5.72,4.68,1662200,848.1667,1680,5.03,16400,5.04,12900,5.02,2500,5.05,55000,5.01,26100,5.06,79600,5.0,71100,5.07,18900,4.99,3600,5.08,13200,4.98,53300,5.09,8400,4.97,1500,5.1,6000,4.96,1000,5.11,3700,4.95,100,5.12,3700,4.94,3100,5.13,8200,258800,1371600,15:33:22.089
000931.SZ,000931,20260420,20260420,09:32:45.000,93245000,79,5.05,5.19,5.19,5.03,5.2,5.72,4.68,1705300,869.8775,1714,5.03,4100,5.05,54200,5.02,12400,5.06,73200,5.01,26100,5.07,18500,5.0,76100,5.08,13200,4.99,6600,5.09,8400,4.98,57300,5.1,6000,4.97,1500,5.11,3100,4.96,1000,5.12,3400,4.95,100,5.13,8200,4.94,3100,5.14,16300,269400,1349600,15:33:22.715
000931.SZ,000931,20260420,20260420,09:32:48.000,93248000,79,5.04,5.19,5.19,5.02,5.2,5.72,4.68,1761200,897.9873,1766,5.03,4100,5.04,7600,5.02,21000,5.05,74400,5.01,31600,5.06,42600,5.0,86100,5.07,14000,4.99,6600,5.08,11700,4.98,67300,5.09,4500,4.97,1500,5.1,5100,4.96,1000,5.11,1000,4.95,100,5.12,2500,4.94,3100,5.13,6400,303500,1345700,15:33:23.340
000931.SZ,000931,20260420,20260420,09:32:51.000,93251000,79,5.04,5.19,5.19,5.02,5.2,5.72,4.68,1813800,924.44,1820,5.02,20000,5.04,8500,5.01,36600,5.05,94000,5.0,88100,5.06,38700,4.99,11100,5.07,11500,4.98,67300,5.08,11400,4.97,1500,5.09,3000,4.96,1000,5.1,4200,4.95,100,5.11,100,4.94,3100,5.12,1600,4.93,200,5.13,4900,314900,1352700,15:33:23.985
000931.SZ,000931,20260420,20260420,09:32:54.000,93254000,79,5.03,5.19,5.19,5.02,5.2,5.72,4.68,1845000,940.1403,1856,5.03,1800,5.04,28500,5.02,19000,5.05,93100,5.01,37100,5.06,15300,5.0,91900,5.07,9900,4.99,11100,5.08,11400,4.98,67300,5.09,3000,4.97,1500,5.1,4200,4.96,1000,5.11,100,4.95,22100,5.12,1600,4.94,3100,5.13,4900,342000,1416800,15:33:24.697
000931.SZ,000931,20260420,20260420,09:32:57.000,93257000,79,5.03,5.19,5.19,5.02,5.2,5.72,4.68,1854700,945.0195,1872,5.02,37600,5.04,41300,5.01,43100,5.05,83200,5.0,91900,5.06,15300,4.99,11100,5.07,9900,4.98,67300,5.08,11400,4.97,1500,5.09,3000,4.96,1000,5.1,4200,4.95,22100,5.11,100,4.94,3100,5.12,1600,4.93,200,5.13,4900,365800,1419700,15:33:25.245
000931.SZ,000931,20260420,20260420,09:33:00.000,93300000,79,5.03,5.19,5.19,5.02,5.2,5.72,4.68,1857300,946.3278,1879,5.02,37200,5.04,39500,5.01,43100,5.05,56100,5.0,92400,5.06,15300,4.99,11600,5.07,9900,4.98,67300,5.08,11400,4.97,1500,5.09,3000,4.96,1000,5.1,800,4.95,22100,5.11,100,4.94,3100,5.12,1600,4.93,200,5.13,4900,367400,1387400,15:33:25.917
000931.SZ,000931,20260420,20260420,09:33:03.000,93303000,79,5.03,5.19,5.19,5.02,5.2,5.72,4.68,1950300,993.1749,2005,5.03,300,5.04,900,5.02,40500,5.05,67400,5.01,46100,5.06,15000,5.0,107600,5.07,9700,4.99,21600,5.08,11400,4.98,90800,5.09,3000,4.97,500,5.1,1800,4.96,1000,5.11,100,4.95,22100,5.12,1600,4.94,3100,5.13,4900,421700,1360400,15:33:26.678
000931.SZ,000931,20260420,20260420,09:33:06.000,93306000,79,5.03,5.19,5.19,5.02,5.2,5.72,4.68,2045400,1041.0589,2085,5.02,39200,5.03,25100,5.01,49000,5.04,98600,5.0,107600,5.05,63100,4.99,21600,5.06,15200,4.98,92000,5.07,9700,4.97,500,5.08,11400,4.96,1000,5.09,3000,4.95,27100,5.1,1800,4.94,3100,5.11,100,4.93,200,5.12,1600,429200,1479100,15:33:27.348
000931.SZ,000931,20260420,20260420,09:33:09.000,93309000,79,5.02,5.19,5.19,5.01,5.2,5.72,4.68,2117400,1077.213,2139,5.01,48900,5.03,61400,5.0,124600,5.04,93900,4.99,21600,5.05,59600,4.98,92000,5.06,13600,4.97,500,5.07,9700,4.96,1000,5.08,9000,4.95,27100,5.09,3000,4.94,3100,5.1,1800,4.93,200,5.11,1000,4.9,8600,5.12,1600,406900,1504100,15:33:28.071
000931.SZ,000931,20260420,20260420,09:33:12.000,93312000,79,5.01,5.19,5.19,5.01,5.2,5.72,4.68,2121400,1079.2187,2167,5.01,48700,5.02,3000,5.0,126600,5.03,65600,4.99,26600,5.04,95300,4.98,92000,5.05,59700,4.97,500,5.06,13600,4.96,1000,5.07,9700,4.95,30100,5.08,9000,4.94,3100,5.09,3000,4.93,200,5.1,1800,4.9,8600,5.11,1000,416700,1512800,15:33:28.723
000931.SZ,000931,20260420,20260420,09:33:15.000,93315000,79,5.02,5.19,5.19,5.01,5.2,5.72,4.68,2134400,1085.7329,2191,5.01,39100,5.02,18100,5.0,126800,5.03,66900,4.99,26600,5.04,95500,4.98,92000,5.05,59700,4.97,500,5.06,13600,4.96,1000,5.07,9700,4.95,30100,5.08,9000,4.94,3100,5.09,3000,4.93,200,5.1,1800,4.9,8600,5.11,1000,407300,1521300,15:33:29.284
000931.SZ,000931,20260420,20260420,09:33:18.000,93318000,79,5.02,5.19,5.19,5.01,5.2,5.72,4.68,2156800,1096.9674,2229,5.01,29300,5.02,14200,5.0,126800,5.03,67900,4.99,28600,5.04,55700,4.98,92000,5.05,60400,4.97,4500,5.06,13400,4.96,1000,5.07,9700,4.95,30100,5.08,9000,4.94,3100,5.09,3000,4.93,200,5.1,1800,4.9,8600,5.11,1000,403500,1497200,15:33:29.869
000931.SZ,000931,20260420,20260420,09:33:21.000,93321000,79,5.01,5.19,5.19,5.01,5.2,5.72,4.68,2197400,1117.3126,2302,5.01,5600,5.02,16800,5.0,127700,5.03,70400,4.99,28900,5.04,56000,4.98,92200,5.05,61300,4.97,4500,5.06,13400,4.96,1500,5.07,9700,4.95,30100,5.08,8200,4.94,3100,5.09,1900,4.93,200,5.1,2900,4.9,10600,5.11,1000,383700,1499500,15:33:30.413
000931.SZ,000931,20260420,20260420,09:33:24.000,93324000,79,5.02,5.19,5.19,5.01,5.2,5.72,4.68,2237800,1137.5865,2361,5.02,7200,5.03,71500,5.01,25800,5.04,56700,5.0,129800,5.05,60600,4.99,28900,5.06,13400,4.98,93700,5.07,9700,4.97,6500,5.08,8200,4.96,1500,5.09,1900,4.95,30100,5.1,2900,4.94,3100,5.11,1000,4.93,200,5.12,1600,418700,1483800,15:33:31.078
000931.SZ,000931,20260420,20260420,09:33:27.000,93327000,79,5.02,5.19,5.19,5.01,5.2,5.72,4.68,2247300,1142.3552,2395,5.01,26900,5.03,72500,5.0,134200,5.04,57200,4.99,28900,5.05,60600,4.98,93700,5.06,13400,4.97,13300,5.07,9700,4.96,1700,5.08,8200,4.95,33100,5.09,1900,4.94,3100,5.1,2900,4.93,200,5.11,1000,4.9,12600,5.12,1600,427000,1482100,15:33:31.595
000931.SZ,000931,20260420,20260420,09:33:30.000,93330000,79,5.02,5.19,5.19,5.01,5.2,5.72,4.68,2299400,1168.476,2469,5.01,24800,5.03,74900,5.0,134700,5.04,59500,4.99,28900,5.05,60800,4.98,94700,5.06,13400,4.97,13300,5.07,9700,4.96,1700,5.08,8200,4.95,33100,5.09,1900,4.94,3100,5.1,2900,4.93,200,5.11,1000,4.9,12600,5.12,1600,426400,1487000,15:33:32.180
000931.SZ,000931,20260420,20260420,09:33:33.000,93333000,79,5.01,5.19,5.19,5.01,5.2,5.72,4.68,2330400,1184.0115,2527,5.01,8400,5.02,20800,5.0,140100,5.03,75300,4.99,28900,5.04,60100,4.98,94700,5.05,60500,4.97,13300,5.06,13400,4.96,2500,5.07,9700,4.95,37700,5.08,8200,4.94,3100,5.09,5100,4.93,2300,5.1,2900,4.9,12600,5.11,1000,427900,1511700,15:33:32.819
000931.SZ,000931,20260420,20260420,09:33:36.000,93336000,79,5.01,5.19,5.19,5.01,5.2,5.72,4.68,2348900,1193.2836,2571,5.01,24400,5.02,24400,5.0,170600,5.03,75400,4.99,28900,5.04,32800,4.98,94700,5.05,60500,4.97,13300,5.06,13400,4.96,30000,5.07,9700,4.95,37700,5.08,8200,4.94,3100,5.09,5100,4.93,2300,5.1,2900,4.9,16600,5.11,1000,509100,1485600,15:33:33.398
000931.SZ,000931,20260420,20260420,09:33:39.000,93339000,79,5.02,5.19,5.19,5.01,5.2,5.72,4.68,2354200,1195.9424,2583,5.01,36900,5.02,21900,5.0,168200,5.03,75100,4.99,29400,5.04,32200,4.98,99500,5.05,60500,4.97,13300,5.06,13400,4.96,30000,5.07,9700,4.95,37700,5.08,8200,4.94,3100,5.09,5100,4.93,2300,5.1,2900,4.9,16600,5.11,1000,524500,1482200,15:33:33.978
000931.SZ,000931,20260420,20260420,09:33:42.000,93342000,79,5.01,5.19,5.19,5.01,5.2,5.72,4.68,2366000,1201.8604,2599,5.01,43000,5.02,18800,5.0,171200,5.03,75700,4.99,29400,5.04,32200,4.98,99500,5.05,60200,4.97,13300,5.06,13400,4.96,30000,5.07,9700,4.95,37700,5.08,8200,4.94,3100,5.09,5100,4.93,2300,5.1,2900,4.91,500,5.11,1000,534100,1479400,15:33:34.505
000931.SZ,000931,20260420,20260420,09:33:45.000,93345000,79,5.01,5.19,5.19,5.01,5.2,5.72,4.68,2377300,1207.522,2611,5.01,41400,5.02,27000,5.0,176200,5.03,76400,4.99,29400,5.04,32200,4.98,100100,5.05,60200,4.97,17700,5.06,13400,4.96,30000,5.07,9700,4.95,37700,5.08,8200,4.94,3100,5.09,1000,4.93,2300,5.1,2900,4.91,500,5.11,1000,542500,1484200,15:33:35.119
000931.SZ,000931,20260420,20260420,09:33:48.000,93348000,79,5.02,5.19,5.19,5.01,5.2,5.72,4.68,2457200,1247.6015,2671,5.02,56300,5.03,75900,5.01,34200,5.04,31600,5.0,177200,5.05,60200,4.99,29400,5.06,13400,4.98,100100,5.07,9700,4.97,17700,5.08,8200,4.96,30000,5.09,1000,4.95,37700,5.1,2900,4.94,3100,5.11,1000,4.93,2300,5.12,1600,587600,1455100,15:33:35.644
000931.SZ,000931,20260420,20260420,09:33:51.000,93351000,79,5.02,5.19,5.19,5.01,5.2,5.72,4.68,2461100,1249.5596,2683,5.02,56800,5.03,76100,5.01,54600,5.04,32800,5.0,239400,5.05,59900,4.99,29400,5.06,16600,4.98,100100,5.07,9700,4.97,17700,5.08,8200,4.96,30000,5.09,1000,4.95,37700,5.1,2900,4.94,3100,5.11,1000,4.93,2300,5.12,1600,672200,1447400,15:33:36.191
000931.SZ,000931,20260420,20260420,09:33:54.000,93354000,79,5.02,5.19,5.19,5.01,5.2,5.72,4.68,2479800,1258.958,2690,5.02,57700,5.03,65500,5.01,81800,5.04,32800,5.0,239900,5.05,59900,4.99,29400,5.06,16600,4.98,100100,5.07,9700,4.97,17800,5.08,8200,4.96,30000,5.09,1000,4.95,38700,5.1,2900,4.94,3100,5.11,1000,4.93,2300,5.12,1600,701900,1434800,15:33:36.722
000931.SZ,000931,20260420,20260420,09:33:57.000,93357000,79,5.03,5.19,5.19,5.01,5.2,5.72,4.68,2548700,1293.6143,2769,5.03,3300,5.04,31000,5.02,51800,5.05,60200,5.01,88900,5.06,16600,5.0,239900,5.07,9700,4.99,35800,5.08,8200,4.98,100100,5.09,1000,4.97,17800,5.1,2900,4.96,80000,5.11,1000,4.95,40700,5.12,1600,4.94,3100,5.13,3900,764900,1367800,15:33:37.314
000931.SZ,000931,20260420,20260420,09:34:00.000,93400000,79,5.04,5.19,5.19,5.01,5.2,5.72,4.68,2549100,1293.8159,2771,5.03,8700,5.04,33800,5.02,51800,5.05,62000,5.01,99600,5.06,16600,5.0,251300,5.07,9700,4.99,35800,5.08,8200,4.98,100100,5.09,1000,4.97,17800,5.1,2900,4.96,80000,5.11,900,4.95,41700,5.12,1600,4.94,3100,5.13,3900,799400,1372300,15:33:37.833
000931.SZ,000931,20260420,20260420,09:34:03.000,93403000,79,5.04,5.19,5.19,5.01,5.2,5.72,4.68,2587400,1313.1166,2827,5.03,5800,5.05,63600,5.02,55400,5.06,16600,5.01,107100,5.07,9700,5.0,260000,5.08,7300,4.99,35800,5.09,1000,4.98,102100,5.1,2900,4.97,17800,5.11,900,4.96,80000,5.12,1600,4.95,41700,5.13,3900,4.94,8100,5.14,15400,823300,1339200,15:33:38.580
000931.SZ,000931,20260420,20260420,09:34:06.000,93406000,79,5.03,5.19,5.19,5.01,5.2,5.72,4.68,2594700,1316.7889,2838,5.03,42300,5.04,12200,5.02,55600,5.05,64200,5.01,115000,5.06,16900,5.0,267600,5.07,9700,4.99,35800,5.08,7300,4.98,102100,5.09,1000,4.97,17800,5.1,2900,4.96,80000,5.11,900,4.95,41700,5.12,1600,4.94,8100,5.13,3900,875500,1352300,15:33:39.236
000931.SZ,000931,20260420,20260420,09:34:09.000,93409000,79,5.04,5.19,5.19,5.01,5.2,5.72,4.68,2604700,1321.8289,2841,5.03,46000,5.04,8900,5.02,55600,5.05,64300,5.01,117000,5.06,16900,5.0,268600,5.07,9700,4.99,35800,5.08,7300,4.98,102100,5.09,1000,4.97,17800,5.1,2900,4.96,80000,5.11,900,4.95,41700,5.12,1600,4.94,8100,5.13,3900,884200,1348000,15:33:39.845
000931.SZ,000931,20260420,20260420,09:34:12.000,93412000,79,5.03,5.19,5.19,5.01,5.2,5.72,4.68,2609200,1324.0967,2850,5.03,56300,5.04,4200,5.02,56600,5.05,64600,5.01,117000,5.06,16900,5.0,280700,5.07,9700,4.99,35800,5.08,7000,4.98,102100,5.09,1000,4.97,17800,5.1,2900,4.96,80000,5.11,900,4.95,43200,5.12,1600,4.94,8100,5.13,3900,919100,1343500,15:33:40.296
000931.SZ,000931,20260420,20260420,09:34:15.000,93415000,79,5.03,5.19,5.19,5.01,5.2,5.72,4.68,2637500,1338.3453,2901,5.03,56400,5.05,67900,5.02,57200,5.06,16900,5.01,123000,5.07,9700,5.0,285700,5.08,7000,4.99,35800,5.09,1000,4.98,101100,5.1,2900,4.97,17800,5.11,900,4.96,80000,5.12,1600,4.95,43200,5.13,3900,4.94,8100,5.14,15400,931800,1342600,15:33:40.862
000931.SZ,000931,20260420,20260420,09:34:18.000,93418000,79,5.04,5.19,5.19,5.01,5.2,5.72,4.68,2644000,1341.6203,2911,5.04,400,5.05,68100,5.03,57300,5.06,19600,5.02,57100,5.07,9700,5.01,131800,5.08,7000,5.0,287200,5.09,1000,4.99,35800,5.1,2900,4.98,101100,5.11,900,4.97,17800,5.12,1600,4.96,80000,5.13,3900,4.95,43200,5.14,15400,943300,1345800,15:33:41.409
000931.SZ,000931,20260420,20260420,09:34:21.000,93421000,79,5.03,5.19,5.19,5.01,5.2,5.72,4.68,2650300,1344.7953,2916,5.03,57200,5.05,70100,5.02,58100,5.06,19900,5.01,131300,5.07,9700,5.0,289000,5.08,7000,4.99,35800,5.09,1000,4.98,101100,5.1,2900,4.97,17800,5.11,900,4.96,80000,5.12,6600,4.95,43200,5.13,3900,4.94,8100,5.14,15400,945100,1353100,15:33:42.009
000931.SZ,000931,20260420,20260420,09:34:24.000,93424000,79,5.03,5.19,5.19,5.01,5.2,5.72,4.68,2668600,1354.0177,2935,5.03,81200,5.05,77300,5.02,58100,5.06,20500,5.01,147100,5.07,9700,5.0,289000,5.08,7000,4.99,35800,5.09,1000,4.98,101100,5.1,2900,4.97,17800,5.11,900,4.96,80000,5.12,6600,4.95,43200,5.13,3900,4.94,8100,5.14,15400,984900,1360900,15:33:42.483
000931.SZ,000931,20260420,20260420,09:34:27.000,93427000,79,5.04,5.19,5.19,5.01,5.2,5.72,4.68,2669700,1354.5721,2938,5.03,85500,5.04,500,5.02,58100,5.05,77600,5.01,147100,5.06,20500,5.0,290000,5.07,9700,4.99,35800,5.08,7000,4.98,101100,5.09,1000,4.97,17800,5.1,2900,4.96,80000,5.11,900,4.95,43200,5.12,6600,4.94,8100,5.13,3900,990200,1366700,15:33:42.995
000931.SZ,000931,20260420,20260420,09:34:30.000,93430000,79,5.04,5.19,5.19,5.01,5.2,5.72,4.68,2682300,1360.9225,2949,5.03,76700,5.04,1900,5.02,62100,5.05,80900,5.01,145100,5.06,20500,5.0,292000,5.07,9700,4.99,36100,5.08,7000,4.98,101100,5.09,1000,4.97,17800,5.1,2900,4.96,110900,5.11,900,4.95,43200,5.12,6600,4.94,8100,5.13,3900,1016600,1371400,15:33:43.611
000931.SZ,000931,20260420,20260420,09:34:33.000,93433000,79,5.04,5.19,5.19,5.01,5.2,5.72,4.68,2702900,1371.2853,2952,5.03,59100,5.04,8700,5.02,63100,5.05,80900,5.01,145100,5.06,20500,5.0,293000,5.07,9700,4.99,36100,5.08,7000,4.98,101100,5.09,1000,4.97,17800,5.1,2900,4.96,114000,5.11,900,4.95,43200,5.12,6600,4.94,8100,5.13,3900,1004100,1383200,15:33:44.148
000931.SZ,000931,20260420,20260420,09:34:36.000,93436000,79,5.04,5.19,5.19,5.01,5.2,5.72,4.68,2707900,1373.8053,2959,5.03,65200,5.04,10700,5.02,63100,5.05,80900,5.01,178600,5.06,20800,5.0,290700,5.07,9700,4.99,36100,5.08,7000,4.98,101100,5.09,1000,4.97,17800,5.1,2900,4.96,114000,5.11,900,4.95,43200,5.12,6600,4.94,8100,5.13,3900,1042400,1385500,15:33:44.673
000931.SZ,000931,20260420,20260420,09:34:39.000,93439000,79,5.04,5.19,5.19,5.01,5.2,5.72,4.68,2719400,1379.6013,2970,5.03,64700,5.04,6900,5.02,83100,5.05,81100,5.01,181900,5.06,20800,5.0,292700,5.07,9700,4.99,36100,5.08,7000,4.98,101100,5.09,1000,4.97,18300,5.1,2900,4.96,114000,5.11,900,4.95,43200,5.12,6600,4.94,8100,5.13,3900,1067700,1376900,15:33:45.037
000931.SZ,000931,20260420,20260420,09:34:42.000,93442000,79,5.04,5.19,5.19,5.01,5.2,5.72,4.68,2719400,1379.6013,2970,5.03,79700,5.04,9300,5.02,83100,5.05,81100,5.01,181900,5.06,20800,5.0,293700,5.07,9700,4.99,36100,5.08,7000,4.98,101100,5.09,1000,4.97,18300,5.1,2900,4.96,114000,5.11,900,4.95,43200,5.12,6600,4.94,8100,5.13,3900,1083900,1379300,15:33:45.493
000931.SZ,000931,20260420,20260420,09:34:45.000,93445000,79,5.04,5.19,5.19,5.01,5.2,5.72,4.68,2849800,1445.2218,3030,5.02,84100,5.03,2000,5.01,185400,5.04,25000,5.0,294700,5.05,81100,4.99,36100,5.06,20800,4.98,101100,5.07,9700,4.97,18300,5.08,7000,4.96,114400,5.09,1000,4.95,43200,5.1,2900,4.94,8100,5.11,900,4.93,14300,5.12,6600,1010100,1402000,15:33:46.057
000931.SZ,000931,20260420,20260420,09:34:48.000,93448000,79,5.03,5.19,5.19,5.01,5.2,5.72,4.68,2877500,1459.1736,3052,5.03,3100,5.04,8800,5.02,105000,5.05,76700,5.01,193000,5.06,21400,5.0,309800,5.07,9700,4.99,36100,5.08,7000,4.98,101100,5.09,1000,4.97,18300,5.1,2900,4.96,114400,5.11,900,4.95,43200,5.12,6600,4.94,8100,5.13,3900,1056800,1380000,15:33:46.571
000931.SZ,000931,20260420,20260420,09:34:51.000,93451000,79,5.04,5.19,5.19,5.01,5.2,5.72,4.68,2885400,1463.1499,3064,5.03,9100,5.04,6000,5.02,103900,5.05,77700,5.01,224000,5.06,21700,5.0,309800,5.07,9700,4.99,36100,5.08,7000,4.98,100100,5.09,1000,4.97,18300,5.1,2900,4.96,114400,5.11,900,4.95,43200,5.12,6600,4.94,8100,5.13,3900,1091700,1377400,15:33:47.078
000931.SZ,000931,20260420,20260420,09:34:54.000,93454000,79,5.03,5.19,5.19,5.01,5.2,5.72,4.68,2910300,1475.6746,3090,5.02,104000,5.03,200,5.01,223300,5.04,12200,5.0,310800,5.05,78000,4.99,36100,5.06,21700,4.98,100100,5.07,9700,4.97,18300,5.08,10000,4.96,114400,5.09,1000,4.95,43200,5.1,2900,4.94,8100,5.11,900,4.93,14300,5.12,6600,1083000,1383400,15:33:47.543
000931.SZ,000931,20260420,20260420,09:34:57.000,93457000,79,5.03,5.19,5.19,5.01,5.2,5.72,4.68,2917000,1479.0447,3098,5.02,106000,5.03,2100,5.01,223300,5.04,20700,5.0,303000,5.05,77700,4.99,36100,5.06,21700,4.98,100100,5.07,9700,4.97,18300,5.08,10000,4.96,114400,5.09,1000,4.95,43200,5.1,2900,4.94,8100,5.11,900,4.93,14300,5.12,6600,1077200,1393500,15:33:48.047
000931.SZ,000931,20260420,20260420,09:35:00.000,93500000,79,5.02,5.19,5.19,5.01,5.2,5.72,4.68,3034300,1537.9375,3133,5.01,223500,5.03,1400,5.0,303000,5.04,22100,4.99,36100,5.05,77400,4.98,100100,5.06,21700,4.97,18300,5.07,9700,4.96,114400,5.08,10000,4.95,43200,5.09,1000,4.94,8100,5.1,2900,4.93,14300,5.11,900,4.91,2500,5.12,6600,971400,1393900,15:33:48.591
000931.SZ,000931,20260420,20260420,09:35:03.000,93503000,79,5.01,5.19,5.19,5.01,5.2,5.72,4.68,3059100,1550.3805,3175,5.01,212300,5.03,72100,5.0,305000,5.04,23400,4.99,36100,5.05,77400,4.98,100100,5.06,21700,4.97,18300,5.07,3700,4.96,114400,5.08,10000,4.95,43200,5.09,1000,4.94,8100,5.1,2900,4.93,14300,5.11,900,4.91,2500,5.12,6600,962200,1457100,15:33:49.263
000931.SZ,000931,20260420,20260420,09:35:06.000,93506000,79,5.02,5.19,5.19,5.01,5.2,5.72,4.68,3080000,1560.8604,3186,5.01,220700,5.02,2500,5.0,304800,5.03,58300,4.99,36100,5.04,24100,4.98,100100,5.05,75900,4.97,30300,5.06,21700,4.96,114400,5.07,3700,4.95,43200,5.08,10000,4.94,8100,5.09,1000,4.93,14300,5.1,2900,4.91,2500,5.11,900,982400,1450000,15:33:49.843
000931.SZ,000931,20260420,20260420,09:35:09.000,93509000,79,5.02,5.19,5.19,5.01,5.2,5.72,4.68,3089600,1565.6753,3201,5.01,226400,5.02,10000,5.0,300100,5.03,46500,4.99,36100,5.04,22500,4.98,100100,5.05,68500,4.97,30300,5.06,13600,4.96,114400,5.07,1300,4.95,43200,5.08,10000,4.94,8100,5.09,1000,4.93,14300,5.1,2900,4.91,2500,5.11,900,984400,1426200,15:33:50.390
000931.SZ,000931,20260420,20260420,09:35:12.000,93512000,79,5.02,5.19,5.19,5.01,5.2,5.72,4.68,3112200,1577.0056,3217,5.01,215500,5.02,14500,5.0,300100,5.03,47500,4.99,39100,5.04,16600,4.98,100100,5.05,66100,4.97,30300,5.06,13600,4.96,114400,5.07,1300,4.95,43200,5.08,10000,4.94,8100,5.09,1000,4.93,14300,5.1,2900,4.91,2500,5.11,900,976500,1423400,15:33:50.939
000931.SZ,000931,20260420,20260420,09:35:15.000,93515000,79,5.02,5.19,5.19,5.01,5.2,5.72,4.68,3120200,1581.0216,3226,5.01,218800,5.02,7700,5.0,302100,5.03,44900,4.99,39300,5.04,17200,4.98,100100,5.05,66100,4.97,30300,5.06,13600,4.96,114400,5.07,1300,4.95,43200,5.08,10000,4.94,8100,5.09,1000,4.93,14300,5.1,2900,4.91,2500,5.11,900,982000,1415500,15:33:51.548
000931.SZ,000931,20260420,20260420,09:35:18.000,93518000,79,5.02,5.19,5.19,5.01,5.2,5.72,4.68,3184800,1613.4325,3355,5.01,204400,5.02,16600,5.0,300100,5.03,48000,4.99,39300,5.04,17500,4.98,115100,5.05,65900,4.97,30300,5.06,13300,4.96,114400,5.07,1300,4.95,43200,5.08,10000,4.94,8100,5.09,1000,4.93,14300,5.1,2900,4.91,2500,5.11,900,980600,1427300,15:33:52.068
000931.SZ,000931,20260420,20260420,09:35:21.000,93521000,79,5.02,5.19,5.19,5.01,5.2,5.72,4.68,3222300,1632.2575,3441,5.01,205700,5.02,12100,5.0,302100,5.03,46800,4.99,39300,5.04,17500,4.98,115100,5.05,64600,4.97,30300,5.06,13300,4.96,114400,5.07,1300,4.95,43200,5.08,10000,4.94,8100,5.09,1000,4.93,14300,5.1,2900,4.91,2500,5.11,900,983900,1423000,15:33:52.720
000931.SZ,000931,20260420,20260420,09:35:24.000,93524000,79,5.02,5.19,5.19,5.01,5.2,5.72,4.68,3247700,1645.0083,3466,5.02,9300,5.03,45300,5.01,214100,5.04,18700,5.0,302100,5.05,64300,4.99,39300,5.06,13300,4.98,115100,5.07,1300,4.97,30300,5.08,10000,4.96,114400,5.09,1000,4.95,43700,5.1,2900,4.94,8100,5.11,900,4.93,14300,5.12,6600,1002700,1410300,15:33:53.224
000931.SZ,000931,20260420,20260420,09:35:27.000,93527000,79,5.03,5.19,5.19,5.01,5.2,5.72,4.68,3269400,1655.9217,3482,5.02,90200,5.03,24000,5.01,223700,5.04,19000,5.0,302100,5.05,64000,4.99,39300,5.06,13300,4.98,115100,5.07,1300,4.97,30300,5.08,10000,4.96,114400,5.09,1000,4.95,43700,5.1,2900,4.94,8100,5.11,900,4.93,14300,5.12,6600,1093200,1394000,15:33:53.702
000931.SZ,000931,20260420,20260420,09:35:30.000,93530000,79,5.02,5.19,5.19,5.01,5.2,5.72,4.68,3274800,1658.6362,3491,5.02,99100,5.03,22500,5.01,221900,5.04,19300,5.0,302100,5.05,63700,4.99,39300,5.06,13300,4.98,115100,5.07,1300,4.97,31200,5.08,10000,4.96,114400,5.09,1000,4.95,44900,5.1,2900,4.94,8100,5.11,900,4.93,14300,5.12,6600,1100500,1392500,15:33:54.254
000931.SZ,000931,20260420,20260420,09:35:33.000,93533000,79,5.02,5.19,5.19,5.01,5.2,5.72,4.68,3278100,1660.2955,3496,5.02,106800,5.03,21100,5.01,221000,5.04,19300,5.0,302100,5.05,63400,4.99,39300,5.06,13300,4.98,115100,5.07,1300,4.97,31200,5.08,10000,4.96,114700,5.09,1000,4.95,44900,5.1,2900,4.94,8100,5.11,900,4.93,14300,5.12,6600,1107600,1395300,15:33:54.754
000931.SZ,000931,20260420,20260420,09:35:36.000,93536000,79,5.02,5.19,5.19,5.01,5.2,5.72,4.68,3338100,1690.4731,3549,5.02,131900,5.03,10800,5.01,220500,5.04,29100,5.0,303100,5.05,63400,4.99,39300,5.06,13000,4.98,120100,5.07,1300,4.97,31200,5.08,10000,4.96,114700,5.09,1000,4.95,44900,5.1,2900,4.94,8100,5.11,900,4.93,14300,5.12,6600,1138700,1394500,15:33:55.289
000931.SZ,000931,20260420,20260420,09:35:39.000,93539000,79,5.03,5.19,5.19,5.01,5.2,5.72,4.68,3349600,1696.2569,3564,5.03,13100,5.04,24000,5.02,152700,5.05,63400,5.01,221100,5.06,13000,5.0,289000,5.07,1300,4.99,39300,5.08,10000,4.98,125100,5.09,1000,4.97,31200,5.1,2900,4.96,114700,5.11,900,4.95,44900,5.12,6600,4.94,8100,5.13,3400,1165600,1379100,15:33:55.816
000931.SZ,000931,20260420,20260420,09:35:42.000,93542000,79,5.04,5.19,5.19,5.01,5.2,5.72,4.68,3352300,1697.6151,3568,5.03,15400,5.04,26900,5.02,157300,5.05,64000,5.01,222600,5.06,13000,5.0,289000,5.07,1300,4.99,40300,5.08,10000,4.98,129100,5.09,1000,4.97,31200,5.1,2900,4.96,114700,5.11,900,4.95,49900,5.12,6600,4.94,8100,5.13,3400,1184000,1382600,15:33:56.274
000931.SZ,000931,20260420,20260420,09:35:45.000,93545000,79,5.04,5.19,5.19,5.01,5.2,5.72,4.68,3352300,1697.6151,3568,5.03,16400,5.04,26900,5.02,162500,5.05,64300,5.01,222600,5.06,13000,5.0,291000,5.07,1300,4.99,30300,5.08,10000,4.98,130100,5.09,1000,4.97,31200,5.1,2900,4.96,114700,5.11,900,4.95,49900,5.12,6600,4.94,8100,5.13,3400,1183200,1382900,15:33:56.828
000931.SZ,000931,20260420,20260420,09:35:48.000,93548000,79,5.04,5.19,5.19,5.01,5.2,5.72,4.68,3352300,1697.6151,3568,5.03,16400,5.04,27300,5.02,163500,5.05,62300,5.01,247600,5.06,13000,5.0,296000,5.07,1300,4.99,51300,5.08,10000,4.98,131100,5.09,1000,4.97,31200,5.1,2900,4.96,114700,5.11,900,4.95,49900,5.12,6600,4.94,8100,5.13,3400,1236400,1381700,15:33:57.270
000931.SZ,000931,20260420,20260420,09:35:51.000,93551000,79,5.04,5.19,5.19,5.01,5.2,5.72,4.68,3357500,1700.2357,3576,5.03,26200,5.04,32700,5.02,164100,5.05,62500,5.01,247600,5.06,13000,5.0,296500,5.07,1300,4.99,51300,5.08,10000,4.98,131100,5.09,1000,4.97,31200,5.1,2900,4.96,114700,5.11,900,4.95,49900,5.12,6600,4.94,8100,5.13,3400,1247300,1387300,15:33:57.780
000931.SZ,000931,20260420,20260420,09:35:54.000,93554000,79,5.03,5.19,5.19,5.01,5.2,5.72,4.68,3425600,1734.4655,3608,5.02,133100,5.03,61900,5.01,238600,5.04,78100,5.0,304100,5.05,62500,4.99,51300,5.06,12700,4.98,133100,5.07,1300,4.97,31200,5.08,10000,4.96,114700,5.09,1000,4.95,49900,5.1,2900,4.94,8100,5.11,900,4.93,14300,5.12,6600,1190700,1494600,15:33:58.330
000931.SZ,000931,20260420,20260420,09:35:57.000,93557000,79,5.03,5.19,5.19,5.01,5.2,5.72,4.68,3431400,1737.3786,3614,5.02,127900,5.03,84200,5.01,239500,5.04,71400,5.0,304100,5.05,57000,4.99,51300,5.06,12700,4.98,133100,5.07,1300,4.97,31200,5.08,10000,4.96,87200,5.09,1000,4.95,49900,5.1,2900,4.94,8100,5.11,900,4.93,14300,5.12,6600,1158900,1504700,15:33:58.824
000931.SZ,000931,20260420,20260420,09:36:00.000,93600000,79,5.02,5.19,5.19,5.01,5.2,5.72,4.68,3440000,1741.7021,3617,5.02,133700,5.03,85300,5.01,236000,5.04,70700,5.0,305100,5.05,56700,4.99,54300,5.06,12700,4.98,133100,5.07,1300,4.97,31200,5.08,10000,4.96,87200,5.09,1000,4.95,49900,5.1,2900,4.94,8100,5.11,900,4.93,14300,5.12,6600,1165200,1504800,15:33:59.281
000931.SZ,000931,20260420,20260420,09:36:03.000,93603000,79,5.03,5.19,5.19,5.01,5.2,5.72,4.68,3464700,1754.1261,3632,5.02,135400,5.03,61700,5.01,236500,5.04,70700,5.0,309300,5.05,55800,4.99,54300,5.06,11700,4.98,133100,5.07,1300,4.97,31200,5.08,10000,4.96,87200,5.09,1000,4.95,49900,5.1,2900,4.94,8100,5.11,900,4.93,14300,5.12,6600,1182600,1479300,15:34:00.009
000931.SZ,000931,20260420,20260420,09:36:06.000,93606000,79,5.02,5.19,5.19,5.01,5.2,5.72,4.68,3478800,1761.2079,3641,5.02,128700,5.03,56800,5.01,218100,5.04,71000,5.0,269300,5.05,55500,4.99,54300,5.06,11700,4.98,118100,5.07,1300,4.97,31200,5.08,10000,4.96,87200,5.09,1000,4.95,49900,5.1,2900,4.94,8100,5.11,900,4.93,14300,5.12,6600,1102500,1483600,15:34:00.409
000931.SZ,000931,20260420,20260420,09:36:09.000,93609000,79,5.02,5.19,5.19,5.01,5.2,5.72,4.68,3632100,1838.1477,3691,5.01,201300,5.02,45700,5.0,269300,5.03,64700,4.99,56300,5.04,69900,4.98,118300,5.05,54900,4.97,31200,5.06,11700,4.96,87200,5.07,1300,4.95,49900,5.08,10000,4.94,8100,5.09,1000,4.93,14300,5.1,2900,4.92,1100,5.11,900,959200,1565400,15:34:00.588
000931.SZ,000931,20260420,20260420,09:36:12.000,93612000,79,5.01,5.19,5.19,5.01,5.2,5.72,4.68,3846300,1945.4698,3772,5.0,269300,5.01,77200,4.99,56300,5.02,57500,4.98,118300,5.03,64200,4.97,31200,5.04,78200,4.96,87200,5.05,53300,4.95,49900,5.06,11700,4.94,8100,5.07,1300,4.93,14300,5.08,10000,4.92,1100,5.09,200,4.91,2500,5.1,2900,757900,1661100,15:34:00.764
000931.SZ,000931,20260420,20260420,09:36:15.000,93615000,79,5.0,5.19,5.19,5.0,5.2,5.72,4.68,3860600,1952.6211,3785,5.0,256300,5.01,84500,4.99,56300,5.02,60200,4.98,118300,5.03,63600,4.97,31200,5.04,77800,4.96,87200,5.05,52000,4.95,49900,5.06,11700,4.94,8100,5.07,1300,4.93,14300,5.08,10000,4.92,1100,5.09,200,4.91,2500,5.1,2900,753100,1668800,15:34:00.965
000931.SZ,000931,20260420,20260420,09:36:18.000,93618000,79,5.01,5.19,5.19,5.0,5.2,5.72,4.68,3902400,1973.5556,3803,5.0,254200,5.01,52700,4.99,56300,5.02,61000,4.98,118300,5.03,63600,4.97,31200,5.04,33500,4.96,87200,5.05,52000,4.95,49900,5.06,11700,4.94,8100,5.07,1300,4.93,14300,5.08,10000,4.92,1100,5.09,200,4.91,2500,5.1,2900,751800,1593800,15:34:01.105
000931.SZ,000931,20260420,20260420,09:36:21.000,93621000,79,5.01,5.19,5.19,5.0,5.2,5.72,4.68,3981600,2013.254,3884,5.01,8000,5.02,42100,5.0,269300,5.03,61000,4.99,56300,5.04,32100,4.98,118300,5.05,46000,4.97,39200,5.06,11400,4.96,87200,5.07,1300,4.95,49900,5.08,10000,4.94,8100,5.09,200,4.93,14300,5.1,2900,4.92,1100,5.11,3900,782900,1511900,15:34:01.275
000931.SZ,000931,20260420,20260420,09:36:24.000,93624000,79,5.01,5.19,5.19,5.0,5.2,5.72,4.68,3987300,2016.1097,3885,5.01,17300,5.02,47500,5.0,269300,5.03,60200,4.99,56300,5.04,32100,4.98,118300,5.05,46000,4.97,39200,5.06,11400,4.96,87200,5.07,1300,4.95,49900,5.08,10000,4.94,8100,5.09,200,4.93,14300,5.1,2900,4.92,1100,5.11,3900,792200,1516300,15:34:01.722
000931.SZ,000931,20260420,20260420,09:36:27.000,93627000,79,5.02,5.19,5.19,5.0,5.2,5.72,4.68,3987600,2016.2601,3888,5.01,24100,5.02,48100,5.0,261700,5.03,60300,4.99,56300,5.04,32100,4.98,118300,5.05,46000,4.97,39200,5.06,11400,4.96,114700,5.07,1300,4.95,49900,5.08,10000,4.94,8100,5.09,200,4.93,14300,5.1,2900,4.92,1100,5.11,3900,818900,1517000,15:34:02.147
000931.SZ,000931,20260420,20260420,09:36:30.000,93630000,79,5.01,5.19,5.19,5.0,5.2,5.72,4.68,3989200,2017.0617,3891,5.01,30500,5.02,50700,5.0,261700,5.03,60600,4.99,51800,5.04,32100,4.98,118300,5.05,45700,4.97,39200,5.06,11400,4.96,114700,5.07,1300,4.95,49400,5.08,10000,4.94,8300,5.09,200,4.93,14300,5.1,2900,4.92,1100,5.11,3900,820500,1519600,15:34:02.704
000931.SZ,000931,20260420,20260420,09:36:33.000,93633000,79,5.01,5.19,5.19,5.0,5.2,5.72,4.68,3999300,2022.1218,3896,5.01,34400,5.02,49000,5.0,262700,5.03,55600,4.99,55300,5.04,29000,4.98,118300,5.05,42100,4.97,39200,5.06,10500,4.96,115600,5.07,1300,4.95,49400,5.08,10000,4.94,8300,5.09,200,4.93,14300,5.1,2900,4.92,1100,5.11,3900,829800,1505300,15:34:03.142
000931.SZ,000931,20260420,20260420,09:36:36.000,93636000,79,5.02,5.19,5.19,5.0,5.2,5.72,4.68,4002900,2023.9288,3902,5.01,31700,5.02,40100,5.0,266200,5.03,47600,4.99,55300,5.04,24200,4.98,118300,5.05,40300,4.97,39200,5.06,7800,4.96,115600,5.07,1300,4.95,69400,5.08,10000,4.94,8300,5.09,200,4.93,14300,5.1,2900,4.92,1100,5.11,3900,850600,1479100,15:34:03.607
000931.SZ,000931,20260420,20260420,09:36:39.000,93639000,79,5.01,5.19,5.19,5.0,5.2,5.72,4.68,4003700,2024.3296,3905,5.01,24000,5.02,43100,5.0,268200,5.03,47600,4.99,54300,5.04,24200,4.98,118300,5.05,40300,4.97,39200,5.06,7800,4.96,115600,5.07,1300,4.95,69400,5.08,10000,4.94,8300,5.09,200,4.93,14300,5.1,2900,4.92,1100,5.11,3900,843900,1487100,15:34:04.109
000931.SZ,000931,20260420,20260420,09:36:42.000,93642000,79,5.02,5.19,5.19,5.0,5.2,5.72,4.68,4013700,2029.3496,3921,5.01,28500,5.02,38300,5.0,276100,5.03,47600,4.99,54300,5.04,24200,4.98,118300,5.05,40300,4.97,39200,5.06,7800,4.96,115600,5.07,1300,4.95,69400,5.08,10000,4.94,8300,5.09,200,4.93,14300,5.1,2900,4.92,1100,5.11,3900,856300,1482300,15:34:04.497
000931.SZ,000931,20260420,20260420,09:36:45.000,93645000,79,5.02,5.19,5.19,5.0,5.2,5.72,4.68,4093500,2069.4039,3975,5.01,38900,5.02,11700,5.0,281100,5.03,59400,4.99,59300,5.04,24200,4.98,118300,5.05,40300,4.97,39200,5.06,7800,4.96,120000,5.07,1300,4.95,69400,5.08,10000,4.94,8300,5.09,200,4.93,14300,5.1,2900,4.92,1100,5.11,3900,881100,1467500,15:34:05.014
000931.SZ,000931,20260420,20260420,09:36:48.000,93648000,79,5.02,5.19,5.19,5.0,5.2,5.72,4.68,4109500,2077.4355,3995,5.02,10600,5.03,63800,5.01,46700,5.04,28200,5.0,286500,5.05,40200,4.99,59300,5.06,7800,4.98,118300,5.07,1300,4.97,39200,5.08,10000,4.96,92500,5.09,200,4.95,69400,5.1,2900,4.94,8300,5.11,3900,4.93,14300,5.12,6600,883600,1464100,15:34:05.542
000931.SZ,000931,20260420,20260420,09:36:51.000,93651000,79,5.02,5.19,5.19,5.0,5.2,5.72,4.68,4117900,2081.6523,4002,5.02,14100,5.03,70400,5.01,61400,5.04,32100,5.0,286500,5.05,11000,4.99,59300,5.06,7800,4.98,118300,5.07,1300,4.97,39200,5.08,10000,4.96,92500,5.09,200,4.95,69400,5.1,2900,4.94,8300,5.11,3900,4.93,14300,5.12,6600,901800,1450400,15:34:06.104
000931.SZ,000931,20260420,20260420,09:36:54.000,93654000,79,5.02,5.19,5.19,5.0,5.2,5.72,4.68,4144700,2095.1059,4023,5.02,9600,5.03,56300,5.01,71400,5.04,32800,5.0,287000,5.05,11000,4.99,59300,5.06,7800,4.98,118300,5.07,1300,4.97,66600,5.08,10000,4.96,142500,5.09,200,4.95,69400,5.1,2900,4.94,8300,5.11,3900,4.93,14300,5.12,6600,985200,1437000,15:34:06.633
000931.SZ,000931,20260420,20260420,09:36:57.000,93657000,79,5.03,5.19,5.19,5.0,5.2,5.72,4.68,4146200,2095.8597,4031,5.02,13200,5.03,56800,5.01,72400,5.04,33500,5.0,288000,5.05,11000,4.99,59300,5.06,7800,4.98,118300,5.07,1300,4.97,66600,5.08,10000,4.96,142500,5.09,200,4.95,69400,5.1,2900,4.94,8300,5.11,3900,4.93,14300,5.12,6600,993800,1438200,15:34:06.995
000931.SZ,000931,20260420,20260420,09:37:00.000,93700000,79,5.02,5.19,5.19,5.0,5.2,5.72,4.68,4146900,2096.2111,4034,5.02,18200,5.03,59900,5.01,74400,5.04,34400,5.0,288000,5.05,11000,4.99,60300,5.06,7800,4.98,118300,5.07,1300,4.97,66600,5.08,10000,4.96,142500,5.09,200,4.95,69400,5.1,2900,4.94,8300,5.11,3900,4.93,14300,5.12,6600,1001800,1442200,15:34:07.633
000931.SZ,000931,20260420,20260420,09:37:03.000,93703000,79,5.03,5.19,5.19,5.0,5.2,5.72,4.68,4159000,2102.2974,4044,5.02,22100,5.03,49000,5.01,74400,5.04,36100,5.0,293000,5.05,11000,4.99,60300,5.06,7800,4.98,118300,5.07,1300,4.97,66600,5.08,10000,4.96,142700,5.09,200,4.95,69400,5.1,2900,4.94,8300,5.11,3900,4.93,14500,5.12,6600,1011100,1433000,15:34:08.247
000931.SZ,000931,20260420,20260420,09:37:06.000,93706000,79,5.02,5.19,5.19,5.0,5.2,5.72,4.68,4163400,2104.5062,4046,5.02,24400,5.03,49100,5.01,74400,5.04,36700,5.0,293500,5.05,11000,4.99,60300,5.06,7800,4.98,118300,5.07,1300,4.97,66600,5.08,10000,4.96,142700,5.09,200,4.95,69400,5.1,2900,4.94,8300,5.11,3900,4.93,14500,5.12,6600,1013900,1433700,15:34:08.774
000931.SZ,000931,20260420,20260420,09:37:09.000,93709000,79,5.02,5.19,5.19,5.0,5.2,5.72,4.68,4172100,2108.8736,4081,5.02,19100,5.03,51400,5.01,80000,5.04,37900,5.0,294500,5.05,11000,4.99,60300,5.06,7800,4.98,118300,5.07,1300,4.97,66600,5.08,10000,4.96,142700,5.09,200,4.95,69400,5.1,2900,4.94,8300,5.11,3900,4.93,14500,5.12,6600,1015200,1437200,15:34:09.291
000931.SZ,000931,20260420,20260420,09:37:12.000,93712000,79,5.02,5.19,5.19,5.0,5.2,5.72,4.68,4191800,2118.763,4111,5.01,85000,5.02,2300,5.0,294300,5.03,66500,4.99,60300,5.04,38000,4.98,118300,5.05,11000,4.97,66600,5.06,7800,4.96,142700,5.07,1300,4.95,69400,5.08,10000,4.94,8300,5.09,200,4.93,14500,5.1,2900,4.92,1100,5.11,3900,1000900,1454700,15:34:09.786
000931.SZ,000931,20260420,20260420,09:37:15.000,93715000,79,5.02,5.19,5.19,5.0,5.2,5.72,4.68,4227100,2136.5054,4146,5.02,7000,5.03,45200,5.01,85400,5.04,37500,5.0,294800,5.05,11000,4.99,60300,5.06,7800,4.98,118300,5.07,1300,4.97,66600,5.08,10000,4.96,142700,5.09,200,4.95,69400,5.1,2900,4.94,8300,5.11,3900,4.93,14500,5.12,6600,1008800,1430600,15:34:10.298
000931.SZ,000931,20260420,20260420,09:37:18.000,93718000,79,5.01,5.19,5.19,5.0,5.2,5.72,4.68,4240400,2143.1832,4157,5.02,200,5.03,50300,5.01,70100,5.04,38700,5.0,295900,5.05,11000,4.99,60300,5.06,7800,4.98,118300,5.07,1300,4.97,66600,5.08,10000,4.96,111800,5.09,200,4.95,69400,5.1,2900,4.94,8300,5.11,3900,4.93,14500,5.12,6600,956900,1436900,15:34:10.672
000931.SZ,000931,20260420,20260420,09:37:21.000,93721000,79,5.02,5.19,5.19,5.0,5.2,5.72,4.68,4244000,2144.9904,4171,5.02,5800,5.03,61500,5.01,69400,5.04,40000,5.0,301400,5.05,11000,4.99,60900,5.06,7800,4.98,118800,5.07,1300,4.97,66600,5.08,10000,4.96,111800,5.09,200,4.95,69400,5.1,2900,4.94,8300,5.11,3900,4.93,14500,5.12,6600,968400,1449400,15:34:11.128
000931.SZ,000931,20260420,20260420,09:37:24.000,93724000,79,5.02,5.19,5.19,5.0,5.2,5.72,4.68,4258000,2152.0194,4184,5.02,500,5.03,62500,5.01,74600,5.04,39800,5.0,301900,5.05,11000,4.99,60900,5.06,7800,4.98,118800,5.07,1300,4.97,66600,5.08,10000,4.96,111800,5.09,200,4.95,84400,5.1,2900,4.94,8300,5.11,3900,4.93,14500,5.12,6600,983800,1450200,15:34:11.593
000931.SZ,000931,20260420,20260420,09:37:27.000,93727000,79,5.01,5.19,5.19,5.0,5.2,5.72,4.68,4259400,2152.7214,4188,5.01,81300,5.02,12700,5.0,303900,5.03,63000,4.99,60900,5.04,40600,4.98,120800,5.05,11000,4.97,66600,5.06,7800,4.96,112800,5.07,1300,4.95,84400,5.08,10000,4.94,8300,5.09,200,4.93,14500,5.1,2900,4.92,1100,5.11,3900,995000,1464200,15:34:12.029
000931.SZ,000931,20260420,20260420,09:37:30.000,93730000,79,5.01,5.19,5.19,5.0,5.2,5.72,4.68,4264000,2155.0292,4206,5.01,88700,5.02,17400,5.0,303900,5.03,63100,4.99,62100,5.04,39700,4.98,121800,5.05,11000,4.97,66600,5.06,7800,4.96,112800,5.07,1300,4.95,84400,5.08,10000,4.94,8300,5.09,200,4.93,14500,5.1,2900,4.92,1100,5.11,3900,1004600,1468100,15:34:12.503
000931.SZ,000931,20260420,20260420,09:37:33.000,93733000,79,5.01,5.19,5.19,5.0,5.2,5.72,4.68,4271600,2158.8388,4219,5.01,104500,5.02,43500,5.0,304300,5.03,61100,4.99,64100,5.04,39200,4.98,121800,5.05,11000,4.97,66600,5.06,7800,4.96,112800,5.07,1300,4.95,84400,5.08,10000,4.94,8300,5.09,200,4.93,14500,5.1,2900,4.92,1100,5.11,3900,1023800,1491700,15:34:12.887
000931.SZ,000931,20260420,20260420,09:37:36.000,93736000,79,5.01,5.19,5.19,5.0,5.2,5.72,4.68,4379500,2212.8969,4289,5.0,309600,5.01,27600,4.99,64100,5.02,73200,4.98,121800,5.03,54300,4.97,66600,5.04,39200,4.96,113000,5.05,11000,4.95,84400,5.06,7800,4.94,8300,5.07,1300,4.93,14500,5.08,10000,4.92,1100,5.09,200,4.91,2500,5.1,2900,924800,1542200,15:34:13.343
000931.SZ,000931,20260420,20260420,09:37:39.000,93739000,79,5.0,5.19,5.19,5.0,5.2,5.72,4.68,4390800,2218.5536,4315,5.0,303900,5.01,8000,4.99,64100,5.02,74800,4.98,121800,5.03,40900,4.97,66600,5.04,38700,4.96,113000,5.05,11000,4.95,99400,5.06,7800,4.94,8300,5.07,1300,4.93,14500,5.08,10000,4.92,1100,5.09,200,4.91,2500,5.1,2900,984100,1510300,15:34:13.835
000931.SZ,000931,20260420,20260420,09:37:42.000,93742000,79,5.0,5.19,5.19,5.0,5.2,5.72,4.68,4391800,2219.0536,4323,5.0,303900,5.01,11400,4.99,64100,5.02,75400,4.98,121800,5.03,40500,4.97,66600,5.04,37800,4.96,113000,5.05,11000,4.95,99400,5.06,7800,4.94,8300,5.07,1300,4.93,14500,5.08,10000,4.92,1100,5.09,200,4.91,2500,5.1,2900,984900,1513000,15:34:14.194
000931.SZ,000931,20260420,20260420,09:37:45.000,93745000,79,5.01,5.19,5.19,5.0,5.2,5.72,4.68,4399800,2223.0615,4336,5.0,314500,5.01,7000,4.99,64100,5.02,76200,4.98,121800,5.03,40200,4.97,66600,5.04,37500,4.96,113000,5.05,11000,4.95,99400,5.06,7800,4.94,8300,5.07,1300,4.93,14500,5.08,10000,4.92,1100,5.09,200,4.91,2500,5.1,2900,995500,1522900,15:34:14.577
000931.SZ,000931,20260420,20260420,09:37:48.000,93748000,79,5.01,5.19,5.19,5.0,5.2,5.72,4.68,4439900,2243.124,4379,5.0,289200,5.01,3300,4.99,75100,5.02,75000,4.98,121800,5.03,40200,4.97,66600,5.04,37500,4.96,113000,5.05,11000,4.95,99400,5.06,7800,4.94,8300,5.07,1300,4.93,14500,5.08,10000,4.92,1100,5.09,200,4.91,2500,5.1,2900,981200,1518000,15:34:15.039
000931.SZ,000931,20260420,20260420,09:37:51.000,93751000,79,5.01,5.19,5.19,5.0,5.2,5.72,4.68,4450600,2248.4821,4400,5.0,290900,5.01,3700,4.99,75100,5.02,77800,4.98,121800,5.03,40200,4.97,66600,5.04,37800,4.96,113000,5.05,11000,4.95,99400,5.06,7800,4.94,8300,5.07,1300,4.93,14500,5.08,10000,4.92,1100,5.09,200,4.91,2500,5.1,2900,982900,1521500,15:34:15.559
000931.SZ,000931,20260420,20260420,09:37:54.000,93754000,79,5.0,5.19,5.19,4.99,5.2,5.72,4.68,4743800,2395.0815,4510,4.99,73800,5.0,44800,4.98,121800,5.01,21300,4.97,68200,5.02,78200,4.96,114000,5.03,39000,4.95,99400,5.04,36800,4.94,8300,5.05,11000,4.93,14500,5.06,7800,4.92,1100,5.07,1300,4.91,2500,5.08,10000,4.9,73200,5.09,200,693300,1582100,15:34:15.879
000931.SZ,000931,20260420,20260420,09:37:57.000,93757000,79,4.98,5.19,5.19,4.98,5.2,5.72,4.68,4822200,2434.204,4592,4.98,121100,4.99,5000,4.97,68200,5.0,58300,4.96,114000,5.01,21800,4.95,99500,5.02,58400,4.94,8300,5.03,35600,4.93,14500,5.04,36800,4.92,1100,5.05,11000,4.91,2500,5.06,7300,4.9,73200,5.07,1300,4.89,3000,5.08,10000,619900,1577400,15:34:16.367
000931.SZ,000931,20260420,20260420,09:38:00.000,93800000,79,4.99,5.19,5.19,4.98,5.2,5.72,4.68,4844500,2445.3227,4636,4.98,112400,4.99,1200,4.97,69200,5.0,64300,4.96,114000,5.01,12800,4.95,99500,5.02,58000,4.94,8300,5.03,35600,4.93,14500,5.04,36500,4.92,1100,5.05,11000,4.91,2500,5.06,7000,4.9,73200,5.08,10000,4.89,3000,5.09,200,612200,1571100,15:34:17.018
000931.SZ,000931,20260420,20260420,09:38:03.000,93803000,79,4.99,5.19,5.19,4.98,5.2,5.72,4.68,4854416,2450.273,4660,4.99,3984,5.0,63400,4.98,114600,5.01,11200,4.97,74200,5.02,58000,4.96,114000,5.03,35600,4.95,99500,5.04,35700,4.94,8300,5.05,11000,4.93,14500,5.06,7000,4.92,1100,5.08,10000,4.91,2500,5.09,200,4.9,75200,5.1,6900,625584,1566600,15:34:17.569
000931.SZ,000931,20260420,20260420,09:38:06.000,93806000,79,4.99,5.19,5.19,4.98,5.2,5.72,4.68,4858316,2452.2201,4669,4.99,1084,5.0,64700,4.98,124600,5.01,12400,4.97,74200,5.02,58000,4.96,114000,5.03,35300,4.95,99500,5.04,35700,4.94,8300,5.05,11000,4.93,14500,5.06,7000,4.92,1100,5.08,10000,4.91,2500,5.09,200,4.9,75200,5.1,6900,632684,1568800,15:34:18.065
000931.SZ,000931,20260420,20260420,09:38:09.000,93809000,79,4.99,5.19,5.19,4.98,5.2,5.72,4.68,4862216,2454.1662,4674,4.99,46584,5.0,37100,4.98,124600,5.01,12600,4.97,74200,5.02,58000,4.96,114000,5.03,35300,4.95,99400,5.04,35100,4.94,8300,5.05,11000,4.93,14500,5.06,7000,4.92,1100,5.08,10000,4.91,2500,5.09,200,4.9,75200,5.1,6900,678084,1540800,15:34:18.475
000931.SZ,000931,20260420,20260420,09:38:12.000,93812000,79,4.99,5.19,5.19,4.98,5.2,5.72,4.68,4978316,2512.1001,4691,4.99,30684,5.0,40600,4.98,134600,5.01,13000,4.97,74200,5.02,51000,4.96,114000,5.03,35000,4.95,100400,5.04,34800,4.94,8300,5.05,11000,4.93,14500,5.06,7000,4.92,1100,5.08,10000,4.91,2500,5.09,200,4.9,75200,5.1,6900,673184,1562100,15:34:18.960
000931.SZ,000931,20260420,20260420,09:38:15.000,93815000,79,4.98,5.19,5.19,4.98,5.2,5.72,4.68,5038100,2541.912,4717,4.98,114300,4.99,86216,4.97,76200,5.0,45100,4.96,114000,5.01,13500,4.95,100400,5.02,51000,4.94,8800,5.03,34400,4.93,14500,5.04,34200,4.92,1100,5.05,11000,4.91,2500,5.06,7000,4.9,75200,5.08,10000,4.89,3000,5.09,200,626700,1652116,15:34:19.427
000931.SZ,000931,20260420,20260420,09:38:18.000,93818000,79,4.99,5.19,5.19,4.98,5.2,5.72,4.68,5058300,2551.9816,4736,4.98,107700,4.99,74116,4.97,76200,5.0,36100,4.96,116000,5.01,13100,4.95,100400,5.02,51200,4.94,8800,5.03,34100,4.93,14500,5.04,33900,4.92,1100,5.05,11000,4.91,2500,5.06,7000,4.9,75200,5.08,10000,4.89,3000,5.09,200,627100,1630216,15:34:20.064
000931.SZ,000931,20260420,20260420,09:38:21.000,93821000,79,4.99,5.19,5.19,4.98,5.2,5.72,4.68,5070400,2558.0174,4748,4.98,106100,4.99,44716,4.97,76200,5.0,36800,4.96,116000,5.01,17700,4.95,100400,5.02,51200,4.94,8800,5.03,33800,4.93,14500,5.04,33000,4.92,1100,5.05,11000,4.91,2500,5.06,7000,4.9,75200,5.08,11200,4.89,3000,5.09,200,625500,1606116,15:34:20.536
000931.SZ,000931,20260420,20260420,09:38:24.000,93824000,79,4.99,5.19,5.19,4.98,5.2,5.72,4.68,5088600,2567.089,4757,4.98,97900,4.99,63716,4.97,76200,5.0,37600,4.96,116000,5.01,17800,4.95,100400,5.02,51700,4.94,8800,5.03,33500,4.93,14500,5.04,32700,4.92,1100,5.05,11000,4.91,2500,5.06,7000,4.9,75200,5.08,11200,4.89,3000,5.09,200,619300,1625916,15:34:21.016
000931.SZ,000931,20260420,20260420,09:38:27.000,93827000,79,4.98,5.19,5.19,4.98,5.2,5.72,4.68,5110700,2578.1078,4769,4.98,92800,4.99,52916,4.97,80200,5.0,36300,4.96,117500,5.01,17800,4.95,100400,5.02,53100,4.94,8800,5.03,33200,4.93,14500,5.04,32700,4.92,1100,5.05,11000,4.91,2500,5.06,7500,4.9,75200,5.08,11200,4.89,3000,5.09,200,619700,1615416,15:34:21.504
000931.SZ,000931,20260420,20260420,09:38:30.000,93830000,79,4.98,5.19,5.19,4.98,5.2,5.72,4.68,5120500,2582.9938,4790,4.98,109100,4.99,49916,4.97,80300,5.0,35800,4.96,117500,5.01,17800,4.95,154300,5.02,52800,4.94,8800,5.03,32900,4.93,14500,5.04,32100,4.92,1100,5.05,13000,4.91,2500,5.06,7500,4.9,75200,5.08,11200,4.89,3000,5.09,200,690000,1612716,15:34:21.906
000931.SZ,000931,20260420,20260420,09:38:33.000,93833000,79,4.99,5.19,5.19,4.98,5.2,5.72,4.68,5157400,2601.3864,4829,4.98,117600,4.99,39016,4.97,80300,5.0,35600,4.96,118000,5.01,17600,4.95,151300,5.02,52500,4.94,8800,5.03,32000,4.93,14500,5.04,31200,4.92,1100,5.05,13000,4.91,2500,5.06,7500,4.9,75200,5.08,11200,4.89,3000,5.09,200,698000,1599316,15:34:22.407
000931.SZ,000931,20260420,20260420,09:38:36.000,93836000,79,4.99,5.19,5.19,4.98,5.2,5.72,4.68,5182900,2614.1084,4846,4.98,121900,4.99,17716,4.97,82300,5.0,35500,4.96,123600,5.01,17600,4.95,151300,5.02,52200,4.94,11000,5.03,31700,4.93,14500,5.04,31200,4.92,1100,5.05,13000,4.91,2500,5.06,7500,4.9,75200,5.08,11200,4.89,3000,5.09,200,713300,1577316,15:34:22.858
000931.SZ,000931,20260420,20260420,09:38:39.000,93839000,79,4.99,5.19,5.19,4.98,5.2,5.72,4.68,5202716,2623.9949,4876,4.99,184,5.0,36200,4.98,128700,5.01,17600,4.97,93300,5.02,52200,4.96,124800,5.03,31700,4.95,151300,5.04,30900,4.94,11000,5.05,13000,4.93,14500,5.06,7500,4.92,1100,5.08,11200,4.91,2500,5.09,200,4.9,75200,5.1,6900,732484,1563000,15:34:23.235
000931.SZ,000931,20260420,20260420,09:38:42.000,93842000,79,4.99,5.19,5.19,4.98,5.2,5.72,4.68,5217100,2631.1725,4890,4.98,131000,4.99,10616,4.97,93300,5.0,41100,4.96,124800,5.01,17600,4.95,151300,5.02,51900,4.94,11000,5.03,31700,4.93,14500,5.04,30900,4.92,1100,5.05,13000,4.91,2500,5.06,7500,4.9,105200,5.08,11200,4.89,3000,5.09,200,765100,1578216,15:34:23.660
000931.SZ,000931,20260420,20260420,09:38:45.000,93845000,79,4.99,5.19,5.19,4.98,5.2,5.72,4.68,5228900,2637.0597,4911,4.98,140000,4.99,716,4.97,94800,5.0,42300,4.96,124800,5.01,17600,4.95,151500,5.02,51900,4.94,11000,5.03,31400,4.93,14500,5.04,30600,4.92,1100,5.05,13000,4.91,2500,5.06,7500,4.9,105200,5.08,11200,4.89,3000,5.09,200,775800,1568916,15:34:24.200
000931.SZ,000931,20260420,20260420,09:38:48.000,93848000,79,4.99,5.19,5.19,4.98,5.2,5.72,4.68,5234500,2639.8533,4924,4.98,142200,4.99,9716,4.97,104800,5.0,41900,4.96,127400,5.01,17600,4.95,151500,5.02,52400,4.94,11100,5.03,31400,4.93,14500,5.04,30300,4.92,1100,5.05,13000,4.91,2500,5.06,7500,4.9,105200,5.08,11200,4.89,3000,5.09,200,791000,1577716,15:34:24.546
000931.SZ,000931,20260420,20260420,09:38:51.000,93851000,79,4.99,5.19,5.19,4.98,5.2,5.72,4.68,5252500,2648.8278,4951,4.98,186900,4.99,3000,4.97,104800,5.0,46300,4.96,127400,5.01,17600,4.95,151500,5.02,52400,4.94,11100,5.03,31400,4.93,14500,5.04,30300,4.92,1100,5.05,13000,4.91,2500,5.06,7500,4.9,105200,5.08,11200,4.89,3000,5.09,200,835700,1575200,15:34:25.011
000931.SZ,000931,20260420,20260420,09:38:54.000,93854000,79,4.98,5.19,5.19,4.98,5.2,5.72,4.68,5465700,2755.0223,5032,4.97,104800,4.99,75600,4.96,127400,5.0,46900,4.95,151500,5.01,17600,4.94,11100,5.02,52400,4.93,14500,5.03,31100,4.92,3100,5.04,30300,4.91,3500,5.05,13000,4.9,105200,5.06,7500,4.89,3000,5.08,11200,4.88,16300,5.09,200,651800,1648100,15:34:25.355
000931.SZ,000931,20260420,20260420,09:38:57.000,93857000,79,4.98,5.19,5.19,4.97,5.2,5.72,4.68,5490100,2767.1596,5050,4.97,87900,4.98,35300,4.96,127400,4.99,37100,4.95,152500,5.0,41000,4.94,11100,5.01,17600,4.93,14500,5.02,52100,4.92,3300,5.03,29900,4.91,3500,5.04,27200,4.9,106200,5.05,13000,4.89,3000,5.06,7500,4.88,16300,5.08,11200,637100,1634300,15:34:25.740
000931.SZ,000931,20260420,20260420,09:39:00.000,93900000,79,4.97,5.19,5.19,4.97,5.2,5.72,4.68,5521000,2782.545,5092,4.97,85600,4.98,7900,4.96,127200,4.99,22700,4.95,154700,5.0,39800,4.94,11100,5.01,17600,4.93,14500,5.02,52100,4.92,3300,5.03,29900,4.91,3500,5.04,26900,4.9,106200,5.05,13000,4.89,3000,5.06,7500,4.88,16300,5.08,11200,636800,1591000,15:34:26.259
000931.SZ,000931,20260420,20260420,09:39:03.000,93903000,79,4.98,5.19,5.19,4.97,5.2,5.72,4.68,5534100,2789.0687,5135,4.98,800,4.99,23600,4.97,86000,5.0,39600,4.96,127200,5.01,17600,4.95,154700,5.02,52100,4.94,11600,5.03,29900,4.93,14500,5.04,26900,4.92,3300,5.05,13000,4.91,3500,5.06,7500,4.9,106200,5.08,11200,4.89,3000,5.09,200,638500,1583800,15:34:26.853
000931.SZ,000931,20260420,20260420,09:39:06.000,93906000,79,4.98,5.19,5.19,4.97,5.2,5.72,4.68,5542300,2793.1514,5161,4.97,97300,4.98,46000,4.96,127200,4.99,23700,4.95,158400,5.0,39500,4.94,11600,5.01,17600,4.93,14500,5.02,52100,4.92,3300,5.03,29900,4.91,3500,5.04,26900,4.9,108100,5.05,13000,4.89,3500,5.06,7500,4.88,16300,5.08,11200,655100,1629800,15:34:27.400
000931.SZ,000931,20260420,20260420,09:39:09.000,93909000,79,4.98,5.19,5.19,4.97,5.2,5.72,4.68,5543400,2793.6986,5164,4.97,158000,4.98,50400,4.96,127200,4.99,24000,4.95,159000,5.0,38500,4.94,12400,5.01,17600,4.93,14500,5.02,51800,4.92,3300,5.03,29900,4.91,3500,5.04,26500,4.9,111200,5.05,13000,4.89,3500,5.06,7500,4.88,16300,5.08,11200,720300,1632800,15:34:27.836
000931.SZ,000931,20260420,20260420,09:39:12.000,93912000,79,4.97,5.19,5.19,4.97,5.2,5.72,4.68,5643900,2843.6481,5201,4.97,70500,4.98,17900,4.96,127300,4.99,24900,4.95,159000,5.0,38500,4.94,22400,5.01,17600,4.93,14500,5.02,51800,4.92,2800,5.03,29900,4.91,3500,5.04,26500,4.9,111200,5.05,13000,4.89,3500,5.06,7500,4.88,16300,5.08,11200,642900,1600300,15:34:28.336
000931.SZ,000931,20260420,20260420,09:39:15.000,93915000,79,4.97,5.19,5.19,4.97,5.2,5.72,4.68,5667800,2855.5336,5249,4.97,56500,4.98,56900,4.96,137800,4.99,24800,4.95,170600,5.0,36000,4.94,22400,5.01,17600,4.93,14500,5.02,51200,4.92,2800,5.03,29600,4.91,3500,5.04,26500,4.9,113200,5.05,13000,4.89,3500,5.06,7500,4.88,16300,5.08,11200,653000,1635800,15:34:28.866
000931.SZ,000931,20260420,20260420,09:39:18.000,93918000,79,4.97,5.19,5.19,4.97,5.2,5.72,4.68,5739300,2891.0711,5288,4.96,136900,4.97,78200,4.95,170600,4.98,18700,4.94,22400,4.99,24700,4.93,14500,5.0,32300,4.92,2800,5.01,15400,4.91,3500,5.02,56200,4.9,113200,5.03,29600,4.89,3500,5.04,26500,4.88,16300,5.05,13000,4.87,1000,5.06,7500,595600,1674800,15:34:29.272
000931.SZ,000931,20260420,20260420,09:39:21.000,93921000,79,4.97,5.19,5.19,4.96,5.2,5.72,4.68,5823200,2932.7648,5341,4.97,56600,4.98,11600,4.96,181500,4.99,24700,4.95,170600,5.0,32000,4.94,22400,5.01,15400,4.93,14500,5.02,54000,4.92,2800,5.03,21400,4.91,3500,5.04,25900,4.9,114800,5.05,13000,4.89,3500,5.06,7500,4.88,16300,5.08,11200,699700,1578200,15:34:29.767
000931.SZ,000931,20260420,20260420,09:39:24.000,93924000,79,4.97,5.19,5.19,4.96,5.2,5.72,4.68,5841200,2941.7108,5352,4.97,43200,4.98,11600,4.96,182800,4.99,25400,4.95,170600,5.0,32000,4.94,32400,5.01,15400,4.93,14500,5.02,54000,4.92,2800,5.03,21400,4.91,3500,5.04,25600,4.9,115800,5.05,13000,4.89,3500,5.06,7500,4.88,16600,5.08,11200,699900,1578600,15:34:30.211
000931.SZ,000931,20260420,20260420,09:39:27.000,93927000,79,4.97,5.19,5.19,4.96,5.2,5.72,4.68,5850700,2946.4383,5366,4.97,44100,4.98,9700,4.96,187900,4.99,26200,4.95,171600,5.0,31700,4.94,32400,5.01,15400,4.93,14500,5.02,53700,4.92,2800,5.03,21100,4.91,3500,5.04,25300,4.9,115800,5.05,13000,4.89,3500,5.06,7500,4.88,16600,5.08,11200,701900,1578700,15:34:30.705
000931.SZ,000931,20260420,20260420,09:39:30.000,93930000,79,4.98,5.19,5.19,4.96,5.2,5.72,4.68,5852300,2947.2344,5373,4.97,43400,4.98,8800,4.96,188000,4.99,26200,4.95,171800,5.0,31700,4.94,32400,5.01,15100,4.93,14500,5.02,53700,4.92,2800,5.03,21100,4.91,3500,5.04,25300,4.9,115800,5.05,13000,4.89,3500,5.06,7500,4.88,16600,5.08,11200,704000,1587500,15:34:30.993
000931.SZ,000931,20260420,20260420,09:39:33.000,93933000,79,4.97,5.19,5.19,4.96,5.2,5.72,4.68,5853100,2947.6327,5379,4.97,16700,4.98,8400,4.96,145800,4.99,27000,4.95,171700,5.0,31700,4.94,22400,5.01,15100,4.93,14500,5.02,53700,4.92,2800,5.03,21100,4.91,26700,5.04,25300,4.9,116000,5.05,13000,4.89,3500,5.06,7500,4.88,16600,5.08,11200,648400,1587900,15:34:31.460
000931.SZ,000931,20260420,20260420,09:39:36.000,93936000,79,4.99,5.19,5.19,4.96,5.2,5.72,4.68,5865500,2953.8115,5393,4.98,9100,4.99,23800,4.97,25900,5.0,32600,4.96,146700,5.01,15100,4.95,171700,5.02,53700,4.94,22400,5.03,21100,4.93,14500,5.04,25300,4.92,32800,5.05,13000,4.91,26700,5.06,7500,4.9,116000,5.08,11200,4.89,3500,5.09,11700,698100,1577200,15:34:31.942
000931.SZ,000931,20260420,20260420,09:39:39.000,93939000,79,4.98,5.19,5.19,4.96,5.2,5.72,4.68,5866900,2954.5091,5401,4.98,11100,4.99,23200,4.97,25900,5.0,33200,4.96,146900,5.01,15000,4.95,171600,5.02,53700,4.94,22400,5.03,20800,4.93,16300,5.04,25300,4.92,32800,5.05,13000,4.91,26700,5.06,7500,4.9,116000,5.08,11200,4.89,3500,5.09,11700,702000,1576800,15:34:32.290
000931.SZ,000931,20260420,20260420,09:39:42.000,93942000,79,4.99,5.19,5.19,4.96,5.2,5.72,4.68,5869500,2955.8046,5404,4.98,11700,4.99,23000,4.97,27900,5.0,33400,4.96,146900,5.01,15000,4.95,172000,5.02,53700,4.94,22400,5.03,20800,4.93,16300,5.04,25000,4.92,32800,5.05,13000,4.91,26700,5.06,7500,4.9,116000,5.08,11200,4.89,3500,5.09,11700,705000,1576500,15:34:32.762
000931.SZ,000931,20260420,20260420,09:39:45.000,93945000,79,4.99,5.19,5.19,4.96,5.2,5.72,4.68,5869600,2955.8545,5405,4.98,17000,4.99,18200,4.97,42900,5.0,33400,4.96,146900,5.01,15000,4.95,172000,5.02,53700,4.94,22400,5.03,20800,4.93,16300,5.04,25000,4.92,33800,5.05,13000,4.91,26700,5.06,7500,4.9,116000,5.08,11200,4.89,3500,5.09,11700,726300,1571700,15:34:33.132
000931.SZ,000931,20260420,20260420,09:39:48.000,93948000,79,4.98,5.19,5.19,4.96,5.2,5.72,4.68,5870500,2956.3027,5406,4.98,16400,4.99,18200,4.97,43100,5.0,33400,4.96,156900,5.01,15000,4.95,172900,5.02,53700,4.94,22400,5.03,20800,4.93,16300,5.04,25000,4.92,33800,5.05,13000,4.91,26700,5.06,7500,4.9,116000,5.08,11200,4.89,3500,5.09,11700,737800,1576700,15:34:33.542
000931.SZ,000931,20260420,20260420,09:39:51.000,93951000,79,4.99,5.19,5.19,4.96,5.2,5.72,4.68,5871100,2956.6021,5407,4.98,21400,4.99,18100,4.97,50600,5.0,33700,4.96,157000,5.01,15000,4.95,173300,5.02,53700,4.94,22400,5.03,20800,4.93,16300,5.04,25000,4.92,33800,5.05,13000,4.91,26700,5.06,7500,4.9,116000,5.08,11200,4.89,3500,5.09,11700,750800,1576900,15:34:34.040
000931.SZ,000931,20260420,20260420,09:39:54.000,93954000,79,4.99,5.19,5.19,4.96,5.2,5.72,4.68,5877200,2959.6401,5410,4.98,16000,4.99,95900,4.97,53000,5.0,33700,4.96,160000,5.01,15000,4.95,173600,5.02,53700,4.94,22400,5.03,20800,4.93,14200,5.04,25000,4.92,33800,5.05,13000,4.91,26700,5.06,7500,4.9,119400,5.08,11200,4.89,3500,5.09,11700,752900,1659700,15:34:34.524
000931.SZ,000931,20260420,20260420,09:39:57.000,93957000,79,4.98,5.19,5.19,4.96,5.2,5.72,4.68,5877300,2959.6899,5411,4.98,18800,4.99,97100,4.97,53000,5.0,33400,4.96,160000,5.01,14700,4.95,174600,5.02,53700,4.94,22400,5.03,20500,4.93,14200,5.04,25000,4.92,33800,5.05,13000,4.91,26700,5.06,4300,4.9,119400,5.08,11200,4.89,3500,5.09,11700,757200,1656800,15:34:34.882
000931.SZ,000931,20260420,20260420,09:40:00.000,94000000,79,4.98,5.19,5.19,4.96,5.2,5.72,4.68,5878000,2960.0385,5415,4.98,23000,4.99,97700,4.97,56500,5.0,32800,4.96,158800,5.01,14700,4.95,175600,5.02,53400,4.94,22400,5.03,20200,4.93,14200,5.04,25000,4.92,33800,5.05,13000,4.91,26700,5.06,4300,4.9,119400,5.08,11200,4.89,3500,5.09,11700,764700,1657700,15:34:35.272
000931.SZ,000931,20260420,20260420,09:40:03.000,94003000,79,4.98,5.19,5.19,4.96,5.2,5.72,4.68,5923700,2982.7977,5445,4.97,57900,4.98,70500,4.96,158800,4.99,44900,4.95,175600,5.0,32800,4.94,22400,5.01,17900,4.93,14200,5.02,53100,4.92,53800,5.03,20200,4.91,26700,5.04,25000,4.9,119700,5.05,13000,4.89,3500,5.06,4300,4.88,16600,5.08,11200,763400,1679300,15:34:35.896
000931.SZ,000931,20260420,20260420,09:40:06.000,94006000,79,4.98,5.19,5.19,4.96,5.2,5.72,4.68,5940500,2991.164,5451,4.97,53100,4.98,61000,4.96,158800,4.99,47700,4.95,176600,5.0,31900,4.94,22400,5.01,17900,4.93,12400,5.02,52800,4.92,53800,5.03,20200,4.91,26700,5.04,25000,4.9,119700,5.05,13000,4.89,3500,5.06,4300,4.88,16600,5.08,11200,757800,1671800,15:34:36.396
000931.SZ,000931,20260420,20260420,09:40:09.000,94009000,79,4.97,5.19,5.19,4.96,5.2,5.72,4.68,5940900,2991.3628,5452,4.97,55800,4.98,13900,4.96,158800,4.99,26800,4.95,176600,5.0,31900,4.94,22400,5.01,17900,4.93,22400,5.02,52500,4.92,53800,5.03,20200,4.91,26700,5.04,25000,4.9,121700,5.05,13000,4.89,3500,5.06,4300,4.88,16600,5.08,11200,772500,1603500,15:34:36.838
000931.SZ,000931,20260420,20260420,09:40:12.000,94012000,79,4.98,5.19,5.19,4.96,5.2,5.72,4.68,5944300,2993.056,5455,4.97,84700,4.98,12400,4.96,159800,4.99,26800,4.95,178800,5.0,31900,4.94,22400,5.01,17900,4.93,22400,5.02,52200,4.92,53800,5.03,20200,4.91,26700,5.04,25000,4.9,121700,5.05,13000,4.89,3500,5.06,4300,4.88,16600,5.08,11200,808600,1601700,15:34:37.349
000931.SZ,000931,20260420,20260420,09:40:15.000,94015000,79,4.98,5.19,5.19,4.96,5.2,5.72,4.68,5950500,2996.1434,5464,4.97,97300,4.98,13100,4.96,164000,4.99,26800,4.95,178800,5.0,31900,4.94,27400,5.01,17900,4.93,22400,5.02,52200,4.92,53800,5.03,20200,4.91,26700,5.04,24700,4.9,123700,5.05,13000,4.89,3500,5.06,4300,4.88,16600,5.08,11200,832400,1602100,15:34:37.804
000931.SZ,000931,20260420,20260420,09:40:18.000,94018000,79,4.97,5.19,5.19,4.96,5.2,5.72,4.68,5956600,2999.1792,5472,4.97,106200,4.98,54200,4.96,166100,4.99,26400,4.95,178800,5.0,27200,4.94,27400,5.01,17900,4.93,22400,5.02,51900,4.92,53800,5.03,20200,4.91,26700,5.04,24700,4.9,123700,5.05,13000,4.89,3500,5.06,4300,4.88,16600,5.08,21200,843400,1647800,15:34:38.315
000931.SZ,000931,20260420,20260420,09:40:21.000,94021000,79,4.98,5.19,5.19,4.96,5.2,5.72,4.68,5965400,3003.5616,5492,4.97,134300,4.98,67500,4.96,166600,4.99,26400,4.95,178800,5.0,27200,4.94,27400,5.01,17900,4.93,22400,5.02,51900,4.92,53800,5.03,20200,4.91,26700,5.04,24700,4.9,123700,5.05,13000,4.89,3500,5.06,4300,4.88,16600,5.08,21200,872000,1661100,15:34:38.843
000931.SZ,000931,20260420,20260420,09:40:24.000,94024000,79,4.98,5.19,5.19,4.96,5.2,5.72,4.68,5969700,3005.7029,5502,4.97,138400,4.98,69400,4.96,182600,4.99,26400,4.95,179800,5.0,26900,4.94,27400,5.01,17900,4.93,22400,5.02,51600,4.92,53800,5.03,19900,4.91,26700,5.04,24700,4.9,123700,5.05,13000,4.89,3500,5.06,4300,4.88,17100,5.08,21200,893600,1666100,15:34:39.337
000931.SZ,000931,20260420,20260420,09:40:27.000,94027000,79,4.97,5.19,5.19,4.96,5.2,5.72,4.68,5971900,3006.7983,5506,4.97,169400,4.98,69000,4.96,184000,4.99,26800,4.95,179800,5.0,26900,4.94,27400,5.01,17900,4.93,22400,5.02,51600,4.92,53800,5.03,19900,4.91,26700,5.04,24700,4.9,123700,5.05,13000,4.89,3500,5.06,4300,4.88,17100,5.08,21200,926000,1653800,15:34:39.708
000931.SZ,000931,20260420,20260420,09:40:30.000,94030000,79,4.98,5.19,5.19,4.96,5.2,5.72,4.68,5972200,3006.9477,5507,4.97,172900,4.98,69500,4.96,184000,4.99,25600,4.95,179800,5.0,26600,4.94,27400,5.01,17900,4.93,22400,5.02,51000,4.92,53800,5.03,19900,4.91,26700,5.04,24700,4.9,123700,5.05,13000,4.89,3500,5.06,4300,4.88,17100,5.08,21200,929500,1662200,15:34:40.181
000931.SZ,000931,20260420,20260420,09:40:33.000,94033000,79,4.98,5.19,5.19,4.96,5.2,5.72,4.68,5980300,3010.9814,5512,4.97,170800,4.98,65900,4.96,183900,4.99,25900,4.95,179800,5.0,26600,4.94,27400,5.01,17900,4.93,22400,5.02,51000,4.92,53800,5.03,19900,4.91,26700,5.04,24400,4.9,123700,5.05,13000,4.89,3500,5.06,4300,4.88,17100,5.08,21200,927300,1663600,15:34:40.591
000931.SZ,000931,20260420,20260420,09:40:36.000,94036000,79,4.98,5.19,5.19,4.96,5.2,5.72,4.68,5980700,3011.1806,5514,4.97,177800,4.98,66600,4.96,220300,4.99,25900,4.95,180600,5.0,26600,4.94,27400,5.01,17900,4.93,22400,5.02,51000,4.92,53800,5.03,19900,4.91,26700,5.04,24400,4.9,126700,5.05,13000,4.89,3500,5.06,4300,4.88,17100,5.08,21200,984500,1664300,15:34:40.984
000931.SZ,000931,20260420,20260420,09:40:39.000,94039000,79,4.97,5.19,5.19,4.96,5.2,5.72,4.68,5984700,3013.1716,5522,4.97,179000,4.98,64800,4.96,232300,4.99,25100,4.95,180600,5.0,26600,4.94,27400,5.01,17900,4.93,23400,5.02,53500,4.92,53800,5.03,19900,4.91,26700,5.04,24400,4.9,127500,5.05,13000,4.89,3500,5.06,4300,4.88,17100,5.08,21200,999500,1664200,15:34:41.374
000931.SZ,000931,20260420,20260420,09:40:42.000,94042000,79,4.97,5.19,5.19,4.96,5.2,5.72,4.68,6165600,3103.0796,5680,4.96,235400,4.97,42400,4.95,180900,4.98,109500,4.94,27400,4.99,25100,4.93,23400,5.0,26300,4.92,53800,5.01,17900,4.91,26700,5.02,53200,4.9,127500,5.03,19900,4.89,3500,5.04,24100,4.88,17100,5.05,13000,4.87,1300,5.06,4300,823900,1751400,15:34:41.827
000931.SZ,000931,20260420,20260420,09:40:45.000,94045000,79,4.96,5.19,5.19,4.96,5.2,5.72,4.68,6178200,3109.3383,5718,4.96,231900,4.97,22800,4.95,180900,4.98,98900,4.94,27400,4.99,22800,4.93,23400,5.0,24300,4.92,53800,5.01,17900,4.91,26700,5.02,52600,4.9,127500,5.03,18800,4.89,8500,5.04,24100,4.88,17100,5.05,13000,4.87,1300,5.06,4300,825400,1715200,15:34:42.234
000931.SZ,000931,20260420,20260420,09:40:48.000,94048000,79,4.98,5.19,5.19,4.96,5.2,5.72,4.68,6259500,3149.8017,5845,4.97,138100,4.98,41300,4.96,236700,4.99,22400,4.95,181900,5.0,24300,4.94,27400,5.01,17900,4.93,23400,5.02,52600,4.92,53800,5.03,18500,4.91,26700,5.04,23800,4.9,127500,5.05,13000,4.89,8500,5.06,4300,4.88,17100,5.08,21200,1014500,1633800,15:34:42.716
000931.SZ,000931,20260420,20260420,09:40:51.000,94051000,79,4.97,5.19,5.19,4.96,5.2,5.72,4.68,6262900,3151.4919,5848,4.97,140500,4.98,45100,4.96,236700,4.99,22400,4.95,185400,5.0,24300,4.94,27400,5.01,17900,4.93,23400,5.02,52600,4.92,53800,5.03,18500,4.91,26700,5.04,23800,4.9,127500,5.05,13000,4.89,8500,5.06,4300,4.88,17100,5.08,21200,1020900,1637600,15:34:43.171
000931.SZ,000931,20260420,20260420,09:40:54.000,94054000,79,4.98,5.19,5.19,4.96,5.2,5.72,4.68,6263600,3151.8404,5850,4.97,143500,4.98,51200,4.96,236800,4.99,22000,4.95,185400,5.0,24300,4.94,27800,5.01,17900,4.93,23400,5.02,52300,4.92,53800,5.03,18500,4.91,26700,5.04,23800,4.9,131500,5.05,13000,4.89,8500,5.06,4300,4.88,17100,5.08,21200,1028400,1643000,15:34:43.596
000931.SZ,000931,20260420,20260420,09:40:57.000,94057000,79,4.97,5.19,5.19,4.96,5.2,5.72,4.68,6349700,3194.6321,5857,4.97,63400,4.98,47900,4.96,237800,4.99,21800,4.95,185400,5.0,24300,4.94,27800,5.01,17900,4.93,23400,5.02,52300,4.92,53800,5.03,18500,4.91,26700,5.04,23800,4.9,131500,5.05,13000,4.89,11800,5.06,4300,4.88,17100,5.08,21200,953000,1639500,15:34:43.986
000931.SZ,000931,20260420,20260420,09:41:00.000,94100000,79,4.98,5.19,5.19,4.96,5.2,5.72,4.68,6355400,3197.4706,5863,4.97,69900,4.98,43500,4.96,248400,4.99,21400,4.95,190400,5.0,24300,4.94,27800,5.01,17900,4.93,23400,5.02,52300,4.92,58800,5.03,18200,4.91,26700,5.04,23800,4.9,133500,5.05,13000,4.89,11800,5.06,4300,4.88,17100,5.08,21200,983100,1634400,15:34:44.488
000931.SZ,000931,20260420,20260420,09:41:03.000,94103000,79,4.97,5.19,5.19,4.96,5.2,5.72,4.68,6355500,3197.5203,5864,4.97,72300,4.98,44900,4.96,248600,4.99,21400,4.95,229400,5.0,24000,4.94,27800,5.01,17900,4.93,23400,5.02,52300,4.92,59700,5.03,18200,4.91,26700,5.04,23800,4.9,135500,5.05,13000,4.89,11800,5.06,4300,4.88,17100,5.08,21200,1027600,1633500,15:34:44.952
000931.SZ,000931,20260420,20260420,09:41:06.000,94106000,79,4.98,5.19,5.19,4.96,5.2,5.72,4.68,6360300,3199.9107,5871,4.97,72800,4.98,40500,4.96,249800,4.99,21400,4.95,229400,5.0,24000,4.94,27800,5.01,17900,4.93,23400,5.02,52300,4.92,59700,5.03,17900,4.91,26700,5.04,23800,4.9,136500,5.05,13000,4.89,11800,5.06,4300,4.88,30000,5.08,21200,1144200,1628800,15:34:45.436
000931.SZ,000931,20260420,20260420,09:41:09.000,94109000,79,4.98,5.19,5.19,4.96,5.2,5.72,4.68,6360300,3199.9107,5871,4.97,74800,4.98,45800,4.96,250800,4.99,21200,4.95,231400,5.0,24000,4.94,28100,5.01,17900,4.93,23400,5.02,52300,4.92,59700,5.03,17900,4.91,26700,5.04,23800,4.9,137000,5.05,13000,4.89,11800,5.06,4300,4.88,30000,5.08,21200,1153100,1633900,15:34:45.949
000931.SZ,000931,20260420,20260420,09:41:12.000,94112000,79,4.97,5.19,5.19,4.96,5.2,5.72,4.68,6464700,3251.771,5895,4.97,11100,4.98,56700,4.96,225100,4.99,21200,4.95,231400,5.0,23400,4.94,28100,5.01,17900,4.93,23400,5.02,52300,4.92,59700,5.03,17900,4.91,26700,5.04,23800,4.9,137000,5.05,13000,4.89,11800,5.06,4300,4.88,30000,5.08,21200,1063700,1654200,15:34:46.358
000931.SZ,000931,20260420,20260420,09:41:15.000,94115000,79,4.98,5.19,5.19,4.96,5.2,5.72,4.68,6471200,3255.0024,5910,4.97,25000,4.98,57600,4.96,230600,4.99,21200,4.95,231400,5.0,23400,4.94,28100,5.01,17900,4.93,23400,5.02,52300,4.92,59700,5.03,17900,4.91,26700,5.04,23800,4.9,137000,5.05,13000,4.89,11800,5.06,4300,4.88,30000,5.08,21200,1084100,1660100,15:34:46.862
000931.SZ,000931,20260420,20260420,09:41:18.000,94118000,79,4.97,5.19,5.19,4.96,5.2,5.72,4.68,6482500,3260.6195,5920,4.97,19700,4.98,57700,4.96,236300,4.99,20800,4.95,231400,5.0,23400,4.94,28100,5.01,17900,4.93,23400,5.02,52000,4.92,59700,5.03,17900,4.91,27900,5.04,23800,4.9,137100,5.05,13000,4.89,11800,5.06,4300,4.88,30000,5.08,21200,1086300,1659500,15:34:47.260
000931.SZ,000931,20260420,20260420,09:41:21.000,94121000,79,4.98,5.19,5.19,4.96,5.2,5.72,4.68,6483000,3260.8685,5922,4.97,33500,4.98,57800,4.96,236300,4.99,21100,4.95,231400,5.0,23400,4.94,31100,5.01,17900,4.93,23400,5.02,52000,4.92,59700,5.03,17900,4.91,27900,5.04,23800,4.9,109100,5.05,13000,4.89,11800,5.06,4300,4.88,30000,5.08,21200,1077100,1659900,15:34:47.641
000931.SZ,000931,20260420,20260420,09:41:24.000,94124000,79,4.98,5.19,5.19,4.96,5.2,5.72,4.68,6488200,3263.4581,5929,4.97,89600,4.98,57900,4.96,236800,4.99,20700,4.95,232400,5.0,23400,4.94,31100,5.01,17900,4.93,23400,5.02,51400,4.92,59700,5.03,17900,4.91,27900,5.04,23800,4.9,109100,5.05,13000,4.89,11800,5.06,4300,4.88,50000,5.08,21200,1156200,1659000,15:34:48.168
000931.SZ,000931,20260420,20260420,09:41:27.000,94127000,79,4.98,5.19,5.19,4.96,5.2,5.72,4.68,6488900,3263.8067,5930,4.97,112300,4.98,58200,4.96,236800,4.99,20700,4.95,232400,5.0,23400,4.94,31100,5.01,17900,4.93,23400,5.02,51400,4.92,59700,5.03,17900,4.91,27900,5.04,23800,4.9,109100,5.05,13000,4.89,11800,5.06,4300,4.88,50000,5.08,21200,1179500,1659300,15:34:48.600
000931.SZ,000931,20260420,20260420,09:41:30.000,94130000,79,4.98,5.19,5.19,4.96,5.2,5.72,4.68,6491400,3265.0517,5942,4.97,115400,4.98,56300,4.96,236800,4.99,20700,4.95,232400,5.0,23400,4.94,31100,5.01,17900,4.93,23400,5.02,51400,4.92,59700,5.03,17900,4.91,27900,5.04,23800,4.9,109100,5.05,12300,4.89,11800,5.06,4300,4.88,50000,5.08,21200,1184600,1656700,15:34:49.037
000931.SZ,000931,20260420,20260420,09:41:33.000,94133000,79,4.98,5.19,5.19,4.96,5.2,5.72,4.68,6518800,3278.6969,5961,4.97,120400,4.98,31100,4.96,236800,4.99,20300,4.95,232400,5.0,23400,4.94,31100,5.01,17900,4.93,23400,5.02,51400,4.92,59700,5.03,17900,4.91,27900,5.04,23800,4.9,109100,5.05,12300,4.89,11800,5.06,4300,4.88,50000,5.08,21200,1190100,1636100,15:34:49.366
000931.SZ,000931,20260420,20260420,09:41:36.000,94136000,79,4.97,5.19,5.19,4.96,5.2,5.72,4.68,6520500,3279.5428,5966,4.97,119700,4.98,35800,4.96,236800,4.99,20300,4.95,232400,5.0,23400,4.94,31100,5.01,17900,4.93,23400,5.02,51400,4.92,59700,5.03,17900,4.91,27900,5.04,23800,4.9,109100,5.05,12300,4.89,11800,5.06,4300,4.88,50000,5.08,21200,1189400,1644300,15:34:49.822
000931.SZ,000931,20260420,20260420,09:41:39.000,94139000,79,4.97,5.19,5.19,4.96,5.2,5.72,4.68,6520500,3279.5428,5966,4.97,128300,4.98,36700,4.96,236800,4.99,20300,4.95,232700,5.0,23400,4.94,31100,5.01,17900,4.93,23400,5.02,51400,4.92,59700,5.03,17900,4.91,27900,5.04,23800,4.9,109100,5.05,12300,4.89,11800,5.06,4300,4.88,50000,5.08,21200,1196800,1645200,15:34:50.273
000931.SZ,000931,20260420,20260420,09:41:42.000,94142000,79,4.97,5.19,5.19,4.96,5.2,5.72,4.68,6527500,3283.0268,5972,4.97,108300,4.98,31700,4.96,239800,4.99,20700,4.95,234700,5.0,23400,4.94,31100,5.01,17900,4.93,23400,5.02,51100,4.92,59700,5.03,17600,4.91,27900,5.04,23800,4.9,109600,5.05,12300,4.89,11800,5.06,4300,4.88,50000,5.08,21200,1182300,1640000,15:34:50.644
000931.SZ,000931,20260420,20260420,09:41:45.000,94145000,79,4.98,5.19,5.19,4.96,5.2,5.72,4.68,6528600,3283.5746,5974,4.97,108300,4.98,31700,4.96,240800,4.99,20700,4.95,234700,5.0,23400,4.94,31100,5.01,17900,4.93,23400,5.02,51100,4.92,59700,5.03,17600,4.91,27900,5.04,23500,4.9,110600,5.05,12300,4.89,9800,5.06,4300,4.88,50000,5.08,21200,1181300,1639700,15:34:51.095
000931.SZ,000931,20260420,20260420,09:41:48.000,94148000,79,4.98,5.19,5.19,4.96,5.2,5.72,4.68,6528600,3283.5746,5974,4.97,110500,4.98,31800,4.96,235800,4.99,20700,4.95,234700,5.0,23100,4.94,31100,5.01,17900,4.93,23400,5.02,51100,4.92,59700,5.03,17300,4.91,54100,5.04,23200,4.9,110600,5.05,12300,4.89,9800,5.06,4300,4.88,50000,5.08,21200,1207000,1638900,15:34:51.537
000931.SZ,000931,20260420,20260420,09:41:51.000,94151000,79,4.98,5.19,5.19,4.96,5.2,5.72,4.68,6579900,3309.1217,6026,4.97,111200,4.98,37300,4.96,235800,4.99,48000,4.95,234700,5.0,22800,4.94,31100,5.01,17900,4.93,23400,5.02,51100,4.92,59700,5.03,17300,4.91,54100,5.04,23200,4.9,122600,5.05,12300,4.89,9800,5.06,4300,4.88,50000,5.08,21200,1220200,1671400,15:34:51.941
000931.SZ,000931,20260420,20260420,09:41:54.000,94154000,79,4.97,5.19,5.19,4.96,5.2,5.72,4.68,6612300,3325.229,6049,4.97,83300,4.98,41000,4.96,237400,4.99,48400,4.95,236700,5.0,22800,4.94,32900,5.01,17900,4.93,23400,5.02,50800,4.92,59700,5.03,17300,4.91,54100,5.04,23200,4.9,122600,5.05,12300,4.89,9800,5.06,4300,4.88,50000,5.08,21200,1197700,1675200,15:34:52.404
000931.SZ,000931,20260420,20260420,09:41:57.000,94157000,79,4.98,5.19,5.19,4.96,5.2,5.72,4.68,6619900,3329.0128,6064,4.97,82500,4.98,47900,4.96,237400,4.99,48200,4.95,236700,5.0,22800,4.94,37900,5.01,17900,4.93,23400,5.02,50800,4.92,59700,5.03,17300,4.91,54100,5.04,23200,4.9,122600,5.05,12300,4.89,9800,5.06,4300,4.88,50000,5.08,21200,1208300,1679900,15:34:52.768
000931.SZ,000931,20260420,20260420,09:42:00.000,94200000,79,4.97,5.19,5.19,4.96,5.2,5.72,4.68,6628100,3333.0902,6075,4.97,77500,4.98,46700,4.96,237400,4.99,48200,4.95,241700,5.0,22800,4.94,37900,5.01,17900,4.93,23400,5.02,50800,4.92,59700,5.03,17300,4.91,54100,5.04,23200,4.9,127600,5.05,12300,4.89,9800,5.06,4300,4.88,50000,5.08,21200,1214300,1678700,15:34:53.203
000931.SZ,000931,20260420,20260420,09:42:03.000,94203000,79,4.97,5.19,5.19,4.96,5.2,5.72,4.68,6657200,3347.5787,6111,4.97,77900,4.98,37000,4.96,238200,4.99,30600,4.95,251700,5.0,22500,4.94,37900,5.01,17900,4.93,23400,5.02,50800,4.92,59700,5.03,17000,4.91,54100,5.04,23200,4.9,127600,5.05,12300,4.89,9800,5.06,4300,4.88,50000,5.08,21200,1225500,1655800,15:34:53.717
000931.SZ,000931,20260420,20260420,09:42:06.000,94206000,79,4.98,5.19,5.19,4.96,5.2,5.72,4.68,6659200,3348.5744,6120,4.97,77600,4.98,38500,4.96,238800,4.99,30600,4.95,251700,5.0,22500,4.94,37900,5.01,17900,4.93,23400,5.02,50800,4.92,59700,5.03,17000,4.91,54100,5.04,23200,4.9,127600,5.05,12300,4.89,9800,5.06,4300,4.88,50000,5.08,21200,1226900,1657300,15:34:54.314
000931.SZ,000931,20260420,20260420,09:42:09.000,94209000,79,4.98,5.19,5.19,4.96,5.2,5.72,4.68,6659200,3348.5744,6120,4.97,90600,4.98,38600,4.96,240800,4.99,30200,4.95,251700,5.0,22500,4.94,37900,5.01,17900,4.93,23400,5.02,50800,4.92,59700,5.03,17000,4.91,55100,5.04,23200,4.9,127600,5.05,12300,4.89,9800,5.06,4300,4.88,50000,5.08,21200,1242900,1657000,15:34:54.821
000931.SZ,000931,20260420,20260420,09:42:12.000,94212000,79,4.97,5.19,5.19,4.96,5.2,5.72,4.68,6669800,3353.8426,6123,4.97,82200,4.98,39500,4.96,252800,4.99,30200,4.95,251700,5.0,22500,4.94,37900,5.01,17900,4.93,23400,5.02,50800,4.92,59700,5.03,17000,4.91,55100,5.04,23200,4.9,127600,5.05,12300,4.89,9800,5.06,4300,4.88,50000,5.08,21200,1246500,1658100,15:34:55.003
000931.SZ,000931,20260420,20260420,09:42:15.000,94215000,79,4.97,5.19,5.19,4.96,5.2,5.72,4.68,6672000,3354.936,6125,4.97,82300,4.98,39900,4.96,252800,4.99,30300,4.95,251700,5.0,22500,4.94,37900,5.01,17900,4.93,23400,5.02,50800,4.92,59700,5.03,17000,4.91,55100,5.04,23200,4.9,127600,5.05,12300,4.89,9800,5.06,4300,4.88,50500,5.08,21200,1249100,1657100,15:34:55.450
000931.SZ,000931,20260420,20260420,09:42:18.000,94218000,79,4.97,5.19,5.19,4.96,5.2,5.72,4.68,6672000,3354.936,6125,4.97,82800,4.98,39900,4.96,252800,4.99,29900,4.95,252000,5.0,22500,4.94,37900,5.01,17900,4.93,23400,5.02,50800,4.92,59700,5.03,17000,4.91,31900,5.04,23200,4.9,127600,5.05,12300,4.89,9800,5.06,4300,4.88,50500,5.08,21200,1227000,1656700,15:34:55.891
000931.SZ,000931,20260420,20260420,09:42:21.000,94221000,79,4.97,5.19,5.19,4.96,5.2,5.72,4.68,6678500,3358.1723,6148,4.97,93100,4.98,33800,4.96,251800,4.99,29900,4.95,251100,5.0,22500,4.94,37900,5.01,17900,4.93,23400,5.02,50800,4.92,58800,5.03,17000,4.91,31900,5.04,23200,4.9,127600,5.05,12300,4.89,9800,5.06,4300,4.88,50500,5.08,21200,1234000,1639400,15:34:56.307
000931.SZ,000931,20260420,20260420,09:42:24.000,94224000,79,4.97,5.19,5.19,4.96,5.2,5.72,4.68,6680900,3359.3664,6154,4.97,93600,4.98,35400,4.96,251900,4.99,29900,4.95,251100,5.0,22500,4.94,37900,5.01,17900,4.93,23400,5.02,50500,4.92,58800,5.03,17000,4.91,31900,5.04,23200,4.9,127600,5.05,12300,4.89,9800,5.06,4300,4.88,50500,5.08,21200,1234600,1640700,15:34:56.838
000931.SZ,000931,20260420,20260420,09:42:27.000,94227000,79,4.97,5.19,5.19,4.96,5.2,5.72,4.68,6686500,3362.15,6164,4.97,88400,4.98,35600,4.96,251900,4.99,27900,4.95,251100,5.0,22500,4.94,37900,5.01,17900,4.93,23400,5.02,50500,4.92,58800,5.03,16700,4.91,31900,5.04,23200,4.9,147600,5.05,12300,4.89,10300,5.06,4300,4.88,50500,5.08,21200,1249900,1638600,15:34:57.067
000931.SZ,000931,20260420,20260420,09:42:30.000,94230000,79,4.97,5.19,5.19,4.96,5.2,5.72,4.68,6691500,3364.6356,6167,4.97,92100,4.98,35400,4.96,251900,4.99,27900,4.95,252000,5.0,22200,4.94,39900,5.01,17900,4.93,23400,5.02,50500,4.92,58800,5.03,16700,4.91,31900,5.04,23200,4.9,147600,5.05,12300,4.89,10300,5.06,4300,4.88,50500,5.08,21200,1256500,1638100,15:34:57.446
000931.SZ,000931,20260420,20260420,09:42:33.000,94233000,79,4.98,5.19,5.19,4.96,5.2,5.72,4.68,6695500,3366.6276,6176,4.97,92100,4.98,31800,4.96,264500,4.99,27900,4.95,213000,5.0,22200,4.94,39900,5.01,17900,4.93,23400,5.02,50500,4.92,58800,5.03,16700,4.91,31900,5.04,23200,4.9,147600,5.05,12300,4.89,10300,5.06,4300,4.88,50500,5.08,21200,1230100,1634500,15:34:57.862
000931.SZ,000931,20260420,20260420,09:42:36.000,94236000,79,4.97,5.19,5.19,4.96,5.2,5.72,4.68,6696100,3366.9263,6179,4.97,92000,4.98,31700,4.96,264500,4.99,27900,4.95,213000,5.0,22200,4.94,39900,5.01,17900,4.93,23600,5.02,50500,4.92,58800,5.03,16700,4.91,31900,5.04,23200,4.9,147600,5.05,12300,4.89,10300,5.06,4300,4.88,50500,5.08,21200,1230200,1635400,15:34:58.298
000931.SZ,000931,20260420,20260420,09:42:39.000,94239000,79,4.97,5.19,5.19,4.96,5.2,5.72,4.68,6696200,3366.976,6180,4.97,103500,4.98,43800,4.96,274500,4.99,27900,4.95,213000,5.0,22200,4.94,39900,5.01,17900,4.93,25600,5.02,50500,4.92,60800,5.03,16700,4.91,31900,5.04,23200,4.9,147600,5.05,12300,4.89,10300,5.06,4300,4.88,50500,5.08,21200,1255700,1647800,15:34:58.683
000931.SZ,000931,20260420,20260420,09:42:42.000,94242000,79,4.97,5.19,5.19,4.96,5.2,5.72,4.68,6696200,3366.976,6180,4.97,142500,4.98,45000,4.96,274500,4.99,27500,4.95,213000,5.0,22200,4.94,39900,5.01,17900,4.93,25700,5.02,50500,4.92,60800,5.03,16700,4.91,31900,5.04,23200,4.9,147600,5.05,12300,4.89,10300,5.06,4300,4.88,50500,5.08,21200,1294800,1651200,15:34:59.056
000931.SZ,000931,20260420,20260420,09:42:45.000,94245000,79,4.97,5.19,5.19,4.96,5.2,5.72,4.68,6696200,3366.976,6180,4.97,153800,4.98,45400,4.96,275700,4.99,27500,4.95,213000,5.0,22200,4.94,39900,5.01,17900,4.93,25700,5.02,50500,4.92,60800,5.03,16700,4.91,31900,5.04,23200,4.9,147600,5.05,12300,4.89,10300,5.06,4300,4.88,50500,5.08,21200,1307800,1651600,15:34:59.581
000931.SZ,000931,20260420,20260420,09:42:48.000,94248000,79,4.98,5.19,5.19,4.96,5.2,5.72,4.68,6704900,3371.3086,6192,4.97,154800,4.98,29600,4.96,275700,4.99,27500,4.95,213000,5.0,22200,4.94,39900,5.01,17900,4.93,25700,5.02,50500,4.92,60800,5.03,16700,4.91,31900,5.04,23200,4.9,147600,5.05,12300,4.89,10300,5.06,4300,4.88,50500,5.08,21200,1308800,1635600,15:34:59.959
000931.SZ,000931,20260420,20260420,09:42:51.000,94251000,79,4.98,5.19,5.19,4.96,5.2,5.72,4.68,6706900,3372.3046,6198,4.97,157300,4.98,32600,4.96,276200,4.99,27500,4.95,213000,5.0,22200,4.94,39900,5.01,17900,4.93,25700,5.02,50500,4.92,60800,5.03,16700,4.91,31900,5.04,23200,4.9,147600,5.05,12300,4.89,10300,5.06,4300,4.88,50500,5.08,21200,1311800,1639600,15:35:00.305
000931.SZ,000931,20260420,20260420,09:42:54.000,94254000,79,4.98,5.19,5.19,4.96,5.2,5.72,4.68,6708300,3373.0018,6202,4.97,198600,4.98,31200,4.96,276200,4.99,27500,4.95,213000,5.0,22200,4.94,40800,5.01,19900,4.93,25700,5.02,50500,4.92,60800,5.03,16700,4.91,31900,5.04,23200,4.9,147600,5.05,12300,4.89,10300,5.06,4300,4.88,50500,5.08,21200,1354000,1640200,15:35:00.804
000931.SZ,000931,20260420,20260420,09:42:57.000,94257000,79,4.98,5.19,5.19,4.96,5.2,5.72,4.68,6711400,3374.5456,6207,4.97,199800,4.98,28100,4.96,276200,4.99,27500,4.95,211500,5.0,22200,4.94,40000,5.01,19900,4.93,25700,5.02,50500,4.92,60800,5.03,16700,4.91,31900,5.04,23200,4.9,147600,5.05,12300,4.89,10300,5.06,4300,4.88,50500,5.08,21200,1352900,1637100,15:35:01.159
000931.SZ,000931,20260420,20260420,09:43:00.000,94300000,79,4.98,5.19,5.19,4.96,5.2,5.72,4.68,6711400,3374.5456,6207,4.97,199800,4.98,29300,4.96,274200,4.99,27500,4.95,211500,5.0,22200,4.94,40100,5.01,19900,4.93,25700,5.02,50500,4.92,60800,5.03,16700,4.91,31900,5.04,23200,4.9,147600,5.05,12300,4.89,10300,5.06,4300,4.88,50500,5.08,21200,1351000,1639300,15:35:01.373
000931.SZ,000931,20260420,20260420,09:43:03.000,94303000,79,4.97,5.19,5.19,4.96,5.2,5.72,4.68,6716300,3376.9821,6226,4.97,197400,4.98,42700,4.96,274200,4.99,27700,4.95,211700,5.0,22200,4.94,40100,5.01,19900,4.93,25700,5.02,50500,4.92,60800,5.03,16700,4.91,31900,5.04,23200,4.9,147600,5.05,12300,4.89,10300,5.06,4300,4.88,50500,5.08,16600,1348800,1648300,15:35:01.556
000931.SZ,000931,20260420,20260420,09:43:06.000,94306000,79,4.97,5.19,5.19,4.96,5.2,5.72,4.68,6746400,3391.9636,6268,4.97,198300,4.98,25600,4.96,274200,4.99,27700,4.95,211700,5.0,21900,4.94,40100,5.01,19900,4.93,25700,5.02,50500,4.92,60800,5.03,16700,4.91,31900,5.04,23200,4.9,147600,5.05,12300,4.89,10300,5.06,4300,4.88,50500,5.08,16600,1349700,1630900,15:35:01.856
000931.SZ,000931,20260420,20260420,09:43:09.000,94309000,79,4.96,5.19,5.19,4.96,5.2,5.72,4.68,6943800,3490.0713,6345,4.96,276100,4.97,22700,4.95,211700,4.98,42700,4.94,40100,4.99,18500,4.93,25700,5.0,21900,4.92,60800,5.01,19900,4.91,31900,5.02,50500,4.9,148600,5.03,16700,4.89,10300,5.04,22900,4.88,50500,5.05,12300,4.87,47000,5.06,4300,1154300,1663700,15:35:02.172
000931.SZ,000931,20260420,20260420,09:43:12.000,94312000,79,4.97,5.19,5.19,4.96,5.2,5.72,4.68,6944600,3490.4686,6348,4.96,274500,4.97,6100,4.95,211700,4.98,41900,4.94,40100,4.99,18500,4.93,25700,5.0,21300,4.92,60800,5.01,19900,4.91,31900,5.02,50200,4.9,148600,5.03,16700,4.89,10300,5.04,22900,4.88,50500,5.05,12300,4.87,47000,5.06,4300,1152700,1645400,15:35:02.698
000931.SZ,000931,20260420,20260420,09:43:15.000,94315000,79,4.97,5.19,5.19,4.96,5.2,5.72,4.68,6962500,3499.3649,6377,4.96,274500,4.97,1200,4.95,215200,4.98,42700,4.94,40100,4.99,18500,4.93,25700,5.0,21000,4.92,60800,5.01,19900,4.91,31900,5.02,50400,4.9,148800,5.03,16700,4.89,10300,5.04,22900,4.88,50500,5.05,12300,4.87,47000,5.06,4300,1156400,1641200,15:35:03.042
000931.SZ,000931,20260420,20260420,09:43:18.000,94318000,79,4.96,5.19,5.19,4.96,5.2,5.72,4.68,6972200,3504.1854,6425,4.96,275200,4.98,42900,4.95,215200,4.99,18100,4.94,40100,5.0,20700,4.93,25700,5.01,19900,4.92,60800,5.02,50400,4.91,31900,5.03,16700,4.9,148900,5.04,22900,4.89,10300,5.05,12300,4.88,50500,5.06,4300,4.87,47000,5.08,16600,1157700,1639500,15:35:03.382
000931.SZ,000931,20260420,20260420,09:43:21.000,94321000,79,4.96,5.19,5.19,4.96,5.2,5.72,4.68,7262400,3648.1246,6572,4.95,216200,4.96,200,4.94,40100,4.97,15800,4.93,25700,4.98,43800,4.92,60800,4.99,18100,4.91,31900,5.0,20700,4.9,148900,5.01,19900,4.89,10300,5.02,50400,4.88,50500,5.03,16200,4.87,47000,5.04,22900,4.86,2500,5.05,12300,883500,1655900,15:35:03.819
000931.SZ,000931,20260420,20260420,09:43:24.000,94324000,79,4.97,5.19,5.19,4.96,5.2,5.72,4.68,7270400,3652.0983,6582,4.96,13300,4.97,4900,4.95,216200,4.98,41700,4.94,40100,4.99,17800,4.93,25700,5.0,20700,4.92,60800,5.01,19900,4.91,31900,5.02,50400,4.9,154900,5.03,16200,4.89,10300,5.04,22900,4.88,50500,5.05,12300,4.87,47000,5.06,4300,902800,1642400,15:35:04.255
000931.SZ,000931,20260420,20260420,09:43:27.000,94327000,79,4.96,5.19,5.19,4.96,5.2,5.72,4.68,7321000,3677.1959,6596,4.96,100,4.97,13400,4.95,216200,4.98,34100,4.94,40100,4.99,17400,4.93,25700,5.0,20400,4.92,60800,5.01,19900,4.91,31900,5.02,50400,4.9,155400,5.03,16200,4.89,10300,5.04,22900,4.88,50500,5.05,12300,4.87,47000,5.06,4300,891100,1652600,15:35:04.622
000931.SZ,000931,20260420,20260420,09:43:30.000,94330000,79,4.97,5.19,5.19,4.96,5.2,5.72,4.68,7340400,3686.8377,6611,4.96,16300,4.97,4700,4.95,216400,4.98,34100,4.94,40100,4.99,17000,4.93,25700,5.0,20400,4.92,60800,5.01,19900,4.91,31900,5.02,50400,4.9,156400,5.03,15900,4.89,10300,5.04,22900,4.88,50500,5.05,12300,4.87,47000,5.06,4300,908500,1643200,15:35:05.061
000931.SZ,000931,20260420,20260420,09:43:33.000,94333000,79,4.97,5.19,5.19,4.96,5.2,5.72,4.68,7347400,3690.3099,6617,4.96,56600,4.97,9600,4.95,216400,4.98,34100,4.94,45100,4.99,17000,4.93,45700,5.0,20400,4.92,60800,5.01,19900,4.91,32400,5.02,50400,4.9,158400,5.03,15900,4.89,10300,5.04,22900,4.88,50500,5.05,12300,4.87,47000,5.06,4300,976300,1648100,15:35:05.412
000931.SZ,000931,20260420,20260420,09:43:36.000,94336000,79,4.96,5.19,5.19,4.96,5.2,5.72,4.68,7352700,3692.9398,6624,4.96,60800,4.97,9100,4.95,216400,4.98,34100,4.94,45100,4.99,16600,4.93,45700,5.0,20400,4.92,61100,5.01,19900,4.91,32400,5.02,50400,4.9,158400,5.03,15900,4.89,10300,5.04,22900,4.88,50500,5.05,12300,4.87,47000,5.06,4300,980800,1648200,15:35:05.792
000931.SZ,000931,20260420,20260420,09:43:39.000,94339000,79,4.97,5.19,5.19,4.96,5.2,5.72,4.68,7354600,3693.8841,6627,4.96,61300,4.97,8400,4.95,216700,4.98,33700,4.94,45100,4.99,16600,4.93,45700,5.0,10400,4.92,61100,5.01,19900,4.91,32400,5.02,50400,4.9,158900,5.03,15900,4.89,10300,5.04,13600,4.88,50500,5.05,12300,4.87,47000,5.06,4300,992100,1627300,15:35:06.154
000931.SZ,000931,20260420,20260420,09:43:42.000,94342000,79,4.97,5.19,5.19,4.96,5.2,5.72,4.68,7377700,3705.3448,6633,4.96,53300,4.97,5900,4.95,216700,4.98,32400,4.94,45100,4.99,16200,4.93,45700,5.0,10400,4.92,63100,5.01,19900,4.91,32400,5.02,50400,4.9,158900,5.03,15900,4.89,10300,5.04,13600,4.88,50500,5.05,12300,4.87,47000,5.06,4300,986100,1623100,15:35:06.620
000931.SZ,000931,20260420,20260420,09:43:45.000,94345000,79,4.96,5.19,5.19,4.95,5.2,5.72,4.68,7451400,3741.9006,6659,4.95,214200,4.96,101900,4.94,45100,4.97,3800,4.93,45700,4.98,32700,4.92,63100,4.99,15800,4.91,33000,5.0,10400,4.9,158900,5.01,19900,4.89,10300,5.02,50400,4.88,50500,5.03,15900,4.87,47000,5.04,13600,4.86,2500,5.05,12300,930900,1722800,15:35:07.033
000931.SZ,000931,20260420,20260420,09:43:48.000,94348000,79,4.96,5.19,5.19,4.95,5.2,5.72,4.68,7487100,3759.6078,6670,4.95,224700,4.96,71100,4.94,45100,4.97,3800,4.93,46700,4.98,32700,4.92,63100,4.99,13100,4.91,33000,5.0,10400,4.9,158900,5.01,19900,4.89,10300,5.02,49500,4.88,50500,5.03,15900,4.87,47000,5.04,13600,4.86,2500,5.05,12300,942400,1688400,15:35:07.376
000931.SZ,000931,20260420,20260420,09:43:51.000,94351000,79,4.95,5.19,5.19,4.95,5.2,5.72,4.68,7493900,3762.9802,6674,4.95,229800,4.96,71100,4.94,49000,4.97,3400,4.93,46700,4.98,30400,4.92,63100,4.99,12800,4.91,33000,5.0,10400,4.9,158900,5.01,19900,4.89,10300,5.02,49500,4.88,51000,5.03,15900,4.87,47000,5.04,13600,4.86,2500,5.05,12300,953900,1682400,15:35:07.845
000931.SZ,000931,20260420,20260420,09:43:54.000,94354000,79,4.95,5.19,5.19,4.95,5.2,5.72,4.68,7510600,3771.2627,6679,4.95,229100,4.96,56900,4.94,49000,4.97,2900,4.93,56700,4.98,30400,4.92,63100,4.99,12400,4.91,33000,5.0,10400,4.9,158900,5.01,19900,4.89,10300,5.02,49500,4.88,51000,5.03,15900,4.87,47000,5.04,13600,4.86,2500,5.05,12300,965200,1667300,15:35:08.262
000931.SZ,000931,20260420,20260420,09:43:57.000,94357000,79,4.96,5.19,5.19,4.95,5.2,5.72,4.68,7514700,3773.2963,6682,4.95,231100,4.96,52900,4.94,49000,4.97,71800,4.93,56700,4.98,22100,4.92,63100,4.99,11600,4.91,33000,5.0,10400,4.9,158900,5.01,19900,4.89,10300,5.02,44600,4.88,51000,5.03,18900,4.87,47000,5.04,13600,4.86,2500,5.05,12300,967200,1721200,15:35:08.700
000931.SZ,000931,20260420,20260420,09:44:00.000,94400000,79,4.96,5.19,5.19,4.95,5.2,5.72,4.68,7526500,3779.1391,6685,4.95,221100,4.96,51100,4.94,49000,4.97,72900,4.93,56700,4.98,22100,4.92,83100,4.99,11600,4.91,33000,5.0,10400,4.9,158900,5.01,19600,4.89,10300,5.02,44600,4.88,51000,5.03,18300,4.87,47000,5.04,13600,4.86,2500,5.05,12300,977200,1719600,15:35:09.104
000931.SZ,000931,20260420,20260420,09:44:03.000,94403000,79,4.96,5.19,5.19,4.95,5.2,5.72,4.68,7528000,3779.8831,6687,4.95,221100,4.96,65000,4.94,49000,4.97,74000,4.93,56700,4.98,22100,4.92,83100,4.99,11200,4.91,33000,5.0,10100,4.9,158900,5.01,19600,4.89,10300,5.02,44600,4.88,51000,5.03,18300,4.87,47000,5.04,13600,4.86,2500,5.05,12300,977200,1733900,15:35:09.571
000931.SZ,000931,20260420,20260420,09:44:06.000,94406000,79,4.96,5.19,5.19,4.95,5.2,5.72,4.68,7585100,3808.2042,6708,4.95,225800,4.96,8500,4.94,49000,4.97,74900,4.93,56700,4.98,22100,4.92,83100,4.99,11200,4.91,33000,5.0,10100,4.9,158900,5.01,19600,4.89,10300,5.02,44600,4.88,51000,5.03,18300,4.87,47000,5.04,13600,4.86,2500,5.05,12300,981900,1678300,15:35:09.980
000931.SZ,000931,20260420,20260420,09:44:09.000,94409000,79,4.96,5.19,5.19,4.95,5.2,5.72,4.68,7587100,3809.1957,6712,4.95,237800,4.96,7000,4.94,49000,4.97,74900,4.93,56700,4.98,21800,4.92,83100,4.99,11200,4.91,33000,5.0,10100,4.9,158900,5.01,19600,4.89,10300,5.02,44300,4.88,51000,5.03,18300,4.87,47000,5.04,13600,4.86,2500,5.05,12300,994500,1677200,15:35:10.352
000931.SZ,000931,20260420,20260420,09:44:12.000,94412000,79,4.96,5.19,5.19,4.95,5.2,5.72,4.68,7711400,3870.7288,6738,4.95,120600,4.96,2400,4.94,49000,4.97,76300,4.93,57000,4.98,21800,4.92,86100,4.99,13500,4.91,33000,5.0,10100,4.9,158900,5.01,19600,4.89,10300,5.02,44300,4.88,51000,5.03,18300,4.87,47000,5.04,13600,4.86,2500,5.05,12300,880600,1675200,15:35:10.705
000931.SZ,000931,20260420,20260420,09:44:15.000,94415000,79,4.95,5.19,5.19,4.95,5.2,5.72,4.68,7712800,3871.4225,6743,4.95,127200,4.96,1700,4.94,49000,4.97,76500,4.93,37000,4.98,21800,4.92,86100,4.99,12700,4.91,33000,5.0,10100,4.9,159900,5.01,19600,4.89,10300,5.02,44300,4.88,51000,5.03,18300,4.87,47000,5.04,13600,4.86,2500,5.05,12300,908200,1671900,15:35:11.115
000931.SZ,000931,20260420,20260420,09:44:18.000,94418000,79,4.96,5.19,5.19,4.95,5.2,5.72,4.68,7716700,3873.3566,6750,4.96,14500,4.97,76700,4.95,128600,4.98,21800,4.94,49000,4.99,12700,4.93,37000,5.0,10100,4.92,86100,5.01,19600,4.91,33000,5.02,44300,4.9,159900,5.03,18300,4.89,10300,5.04,13600,4.88,51000,5.05,12300,4.87,47000,5.06,4300,924100,1670400,15:35:11.594
000931.SZ,000931,20260420,20260420,09:44:21.000,94421000,79,4.96,5.19,5.19,4.95,5.2,5.72,4.68,7721500,3875.7374,6752,4.96,17700,4.97,77000,4.95,131400,4.98,22200,4.94,49000,4.99,12700,4.93,37000,5.0,9800,4.92,86100,5.01,19600,4.91,33000,5.02,44300,4.9,159900,5.03,18300,4.89,10300,5.04,13600,4.88,51000,5.05,12300,4.87,47000,5.06,4300,930100,1670800,15:35:12.098
000931.SZ,000931,20260420,20260420,09:44:24.000,94424000,79,4.97,5.19,5.19,4.95,5.2,5.72,4.68,7723000,3876.4829,6758,4.96,32700,4.97,75500,4.95,132400,4.98,22400,4.94,49000,4.99,12700,4.93,37000,5.0,9800,4.92,86100,5.01,19600,4.91,33000,5.02,44300,4.9,175100,5.03,19400,4.89,10300,5.04,13600,4.88,51000,5.05,12300,4.87,47000,5.06,4300,961300,1670600,15:35:12.532
000931.SZ,000931,20260420,20260420,09:44:27.000,94427000,79,4.97,5.19,5.19,4.95,5.2,5.72,4.68,7732800,3881.3535,6765,4.96,34800,4.97,66200,4.95,187400,4.98,22300,4.94,52500,4.99,12700,4.93,37000,5.0,9800,4.92,86100,5.01,19600,4.91,33000,5.02,44300,4.9,175100,5.03,19400,4.89,10300,5.04,13600,4.88,51000,5.05,12300,4.87,47000,5.06,4300,1021900,1661200,15:35:12.879
000931.SZ,000931,20260420,20260420,09:44:30.000,94430000,79,4.97,5.19,5.19,4.95,5.2,5.72,4.68,7733300,3881.602,6766,4.96,37000,4.97,65700,4.95,188400,4.98,22300,4.94,50700,4.99,12700,4.93,37000,5.0,9800,4.92,86100,5.01,19600,4.91,33000,5.02,44300,4.9,180100,5.03,19400,4.89,10300,5.04,13600,4.88,51000,5.05,16300,4.87,47000,5.06,4300,1028300,1664700,15:35:13.224
000931.SZ,000931,20260420,20260420,09:44:33.000,94433000,79,4.97,5.19,5.19,4.95,5.2,5.72,4.68,7829400,3929.3569,6816,4.97,15200,4.98,22500,4.96,90400,4.99,12700,4.95,188400,5.0,9800,4.94,55700,5.01,18400,4.93,37000,5.02,44300,4.92,86100,5.03,19400,4.91,33000,5.04,11900,4.9,190300,5.05,16300,4.89,10300,5.06,4300,4.88,51000,5.08,16600,1112100,1597300,15:35:13.661
000931.SZ,000931,20260420,20260420,09:44:36.000,94436000,79,4.97,5.19,5.19,4.95,5.2,5.72,4.68,7829400,3929.3569,6816,4.97,15200,4.98,23100,4.96,90700,4.99,12700,4.95,186600,5.0,9800,4.94,58300,5.01,18400,4.93,42000,5.02,44300,4.92,86100,5.03,19400,4.91,33000,5.04,11900,4.9,190300,5.05,16300,4.89,10300,5.06,4300,4.88,51000,5.08,16600,1117700,1597900,15:35:14.108
000931.SZ,000931,20260420,20260420,09:44:39.000,94439000,79,4.97,5.19,5.19,4.95,5.2,5.72,4.68,7829400,3929.3569,6816,4.97,16700,4.98,24300,4.96,95100,4.99,12700,4.95,186100,5.0,9800,4.94,58300,5.01,18400,4.93,42000,5.02,44300,4.92,86100,5.03,19400,4.91,33000,5.04,11900,4.9,190300,5.05,16300,4.89,10300,5.06,4300,4.88,51000,5.08,16600,1123100,1599100,15:35:14.620
000931.SZ,000931,20260420,20260420,09:44:42.000,94442000,79,4.97,5.19,5.19,4.95,5.2,5.72,4.68,7829700,3929.5062,6818,4.97,16600,4.98,23300,4.96,109300,4.99,12700,4.95,186100,5.0,9800,4.94,58300,5.01,18400,4.93,42000,5.02,44300,4.92,86100,5.03,19400,4.91,33000,5.04,11900,4.9,190600,5.05,16300,4.89,10300,5.06,4300,4.88,51800,5.08,16600,1168200,1592600,15:35:14.878
000931.SZ,000931,20260420,20260420,09:44:45.000,94445000,79,4.97,5.19,5.19,4.95,5.2,5.72,4.68,7831800,3930.5499,6820,4.97,17600,4.98,23300,4.96,109300,4.99,12700,4.95,186100,5.0,9800,4.94,58300,5.01,18400,4.93,42000,5.02,44300,4.92,101100,5.03,19400,4.91,33000,5.04,11900,4.9,190600,5.05,16300,4.89,10300,5.06,4300,4.88,51800,5.08,16600,1184200,1592600,15:35:15.326
000931.SZ,000931,20260420,20260420,09:44:48.000,94448000,79,4.97,5.19,5.19,4.95,5.2,5.72,4.68,7831800,3930.5499,6820,4.97,17600,4.98,23400,4.96,109300,4.99,12700,4.95,181900,5.0,9800,4.94,58300,5.01,18400,4.93,42000,5.02,44300,4.92,101100,5.03,19400,4.91,33000,5.04,11900,4.9,200600,5.05,16300,4.89,10300,5.06,4300,4.88,51800,5.08,16600,1190000,1592700,15:35:15.712
000931.SZ,000931,20260420,20260420,09:44:51.000,94451000,79,4.97,5.19,5.19,4.95,5.2,5.72,4.68,7831800,3930.5499,6820,4.97,18600,4.98,23400,4.96,132100,4.99,13700,4.95,181900,5.0,9800,4.94,58300,5.01,18400,4.93,42000,5.02,44300,4.92,101100,5.03,19400,4.91,37800,5.04,11900,4.9,200600,5.05,16300,4.89,10300,5.06,4300,4.88,51800,5.08,16600,1218600,1593700,15:35:16.151
000931.SZ,000931,20260420,20260420,09:44:54.000,94454000,79,4.98,5.19,5.19,4.95,5.2,5.72,4.68,7835800,3932.5419,6821,4.97,23400,4.98,25900,4.96,132200,4.99,13700,4.95,181900,5.0,9800,4.94,58300,5.01,18400,4.93,42000,5.02,44300,4.92,101100,5.03,19400,4.91,37800,5.04,11900,4.9,200600,5.05,16300,4.89,10300,5.06,4300,4.88,51800,5.08,26600,1223500,1606200,15:35:16.373
000931.SZ,000931,20260420,20260420,09:45:00.000,94500000,79,4.98,5.19,5.19,4.95,5.2,5.72,4.68,7836000,3932.6415,6822,4.97,30200,4.98,27300,4.96,132200,4.99,13700,4.95,183400,5.0,9800,4.94,57300,5.01,18400,4.93,42000,5.02,44300,4.92,116100,5.03,19400,4.91,37800,5.04,11900,4.9,202500,5.05,16300,4.89,10300,5.06,4300,4.88,51800,5.08,26600,1253600,1607600,15:35:17.122
000931.SZ,000931,20260420,20260420,09:45:03.000,94503000,79,4.98,5.19,5.19,4.95,5.2,5.72,4.68,7836100,3932.6913,6823,4.97,60600,4.98,31000,4.96,132800,4.99,13700,4.95,184400,5.0,9800,4.94,57300,5.01,18400,4.93,42000,5.02,44300,4.92,117100,5.03,19400,4.91,37800,5.04,11900,4.9,202500,5.05,16300,4.89,10300,5.06,4300,4.88,51800,5.08,26600,1292600,1611300,15:35:17.648
000931.SZ,000931,20260420,20260420,09:45:06.000,94506000,79,4.98,5.19,5.19,4.95,5.2,5.72,4.68,7836200,3932.7411,6824,4.97,65600,4.98,29000,4.96,134800,4.99,13700,4.95,189500,5.0,9800,4.94,57300,5.01,18400,4.93,42000,5.02,44300,4.92,117100,5.03,19400,4.91,37800,5.04,11900,4.9,202500,5.05,16300,4.89,10300,5.06,4300,4.88,51800,5.08,26600,1306700,1609300,15:35:18.212
000931.SZ,000931,20260420,20260420,09:45:09.000,94509000,79,4.98,5.19,5.19,4.95,5.2,5.72,4.68,7836200,3932.7411,6824,4.97,65600,4.98,31400,4.96,134500,4.99,13700,4.95,188500,5.0,9800,4.94,57300,5.01,18400,4.93,42000,5.02,44300,4.92,117500,5.03,19400,4.91,37800,5.04,11900,4.9,202500,5.05,16300,4.89,10300,5.06,4300,4.88,51800,5.08,26600,1309800,1600100,15:35:18.696
000931.SZ,000931,20260420,20260420,09:45:12.000,94512000,79,4.98,5.19,5.19,4.95,5.2,5.72,4.68,7836300,3932.7909,6825,4.97,66800,4.98,31300,4.96,135500,4.99,13700,4.95,188500,5.0,9800,4.94,57300,5.01,18400,4.93,42000,5.02,44300,4.92,117500,5.03,19400,4.91,37800,5.04,11900,4.9,202500,5.05,21800,4.89,10300,5.06,4300,4.88,51800,5.08,26600,1314800,1604900,15:35:18.959
000931.SZ,000931,20260420,20260420,09:45:15.000,94515000,79,4.98,5.19,5.19,4.95,5.2,5.72,4.68,7836300,3932.7909,6825,4.97,70400,4.98,31500,4.96,135500,4.99,13700,4.95,188500,5.0,9800,4.94,57300,5.01,18400,4.93,42000,5.02,44300,4.92,117500,5.03,19400,4.91,37800,5.04,11900,4.9,202500,5.05,21800,4.89,10300,5.06,4300,4.88,51800,5.08,26600,1318400,1605100,15:35:19.354
000931.SZ,000931,20260420,20260420,09:45:18.000,94518000,79,4.98,5.19,5.19,4.95,5.2,5.72,4.68,7836300,3932.7909,6825,4.97,94400,4.98,40700,4.96,135500,4.99,13700,4.95,188500,5.0,9800,4.94,57300,5.01,18400,4.93,42000,5.02,44300,4.92,117500,5.03,19400,4.91,37800,5.04,11900,4.9,202500,5.05,21800,4.89,10300,5.06,4300,4.88,51800,5.08,26600,1342400,1614300,15:35:19.823
000931.SZ,000931,20260420,20260420,09:45:21.000,94521000,79,4.97,5.19,5.19,4.95,5.2,5.72,4.68,7836400,3932.8406,6826,4.97,99000,4.98,40800,4.96,129300,4.99,13700,4.95,198500,5.0,9800,4.94,57300,5.01,18400,4.93,42000,5.02,44300,4.92,117500,5.03,19400,4.91,37200,5.04,11900,4.9,204100,5.05,21800,4.89,10300,5.06,4300,4.88,51800,5.08,26600,1351800,1614400,15:35:20.259
000931.SZ,000931,20260420,20260420,09:45:24.000,94524000,79,4.98,5.19,5.19,4.95,5.2,5.72,4.68,7837600,3933.4382,6830,4.97,99600,4.98,46600,4.96,129300,4.99,13700,4.95,199500,5.0,9800,4.94,57300,5.01,18400,4.93,42000,5.02,44300,4.92,117500,5.03,19400,4.91,37200,5.04,11900,4.9,205100,5.05,21800,4.89,10300,5.06,4300,4.88,51800,5.08,26600,1354400,1620200,15:35:20.728
000931.SZ,000931,20260420,20260420,09:45:27.000,94527000,79,4.97,5.19,5.19,4.95,5.2,5.72,4.68,7844100,3936.6737,6837,4.97,96500,4.98,43600,4.96,130300,4.99,13700,4.95,201600,5.0,9800,4.94,57300,5.01,18400,4.93,42000,5.02,44300,4.92,117500,5.03,19400,4.91,37200,5.04,11900,4.9,205100,5.05,21800,4.89,10300,5.06,4300,4.88,51800,5.08,26600,1354400,1617200,15:35:21.135
000931.SZ,000931,20260420,20260420,09:45:30.000,94530000,79,4.97,5.19,5.19,4.95,5.2,5.72,4.68,7844100,3936.6737,6837,4.97,97900,4.98,44100,4.96,132300,4.99,13700,4.95,201600,5.0,9800,4.94,57300,5.01,18400,4.93,42000,5.02,44300,4.92,117500,5.03,19400,4.91,37200,5.04,11900,4.9,205100,5.05,21800,4.89,10300,5.06,4300,4.88,51800,5.08,26600,1359300,1617700,15:35:21.676
000931.SZ,000931,20260420,20260420,09:45:33.000,94533000,79,4.98,5.19,5.19,4.95,5.2,5.72,4.68,7850100,3939.6617,6853,4.97,105800,4.98,48600,4.96,134100,4.99,13700,4.95,201600,5.0,9800,4.94,57300,5.01,18400,4.93,43000,5.02,44300,4.92,117500,5.03,19400,4.91,37200,5.04,11900,4.9,205100,5.05,26800,4.89,10300,5.06,4300,4.88,51800,5.08,26600,1391600,1627200,15:35:22.065
000931.SZ,000931,20260420,20260420,09:45:36.000,94536000,79,4.98,5.19,5.19,4.95,5.2,5.72,4.68,7852600,3940.9066,6864,4.97,137300,4.98,51100,4.96,139600,4.99,13700,4.95,201600,5.0,9800,4.94,57300,5.01,18400,4.93,43000,5.02,44300,4.92,117500,5.03,19400,4.91,37200,5.04,11900,4.9,205100,5.05,26800,4.89,10300,5.06,4300,4.88,51800,5.08,26600,1428600,1629700,15:35:22.413
000931.SZ,000931,20260420,20260420,09:45:39.000,94539000,79,4.98,5.19,5.19,4.95,5.2,5.72,4.68,7854200,3941.7033,6870,4.97,138200,4.98,53500,4.96,139600,4.99,13700,4.95,203600,5.0,9800,4.94,57300,5.01,18400,4.93,43000,5.02,44300,4.92,117500,5.03,19400,4.91,37200,5.04,11900,4.9,205100,5.05,26800,4.89,10300,5.06,4300,4.88,51800,5.08,26600,1431500,1635100,15:35:22.896
000931.SZ,000931,20260420,20260420,09:45:42.000,94542000,79,4.97,5.19,5.19,4.95,5.2,5.72,4.68,7856900,3943.0469,6877,4.97,140100,4.98,53700,4.96,139800,4.99,13700,4.95,204000,5.0,9500,4.94,57300,5.01,18400,4.93,43000,5.02,39300,4.92,117500,5.03,19400,4.91,37200,5.04,11900,4.9,206100,5.05,26800,4.89,10300,5.06,4300,4.88,51800,5.08,26600,1435000,1630000,15:35:23.339
000931.SZ,000931,20260420,20260420,09:45:45.000,94545000,79,4.98,5.19,5.19,4.95,5.2,5.72,4.68,7857900,3943.5449,6878,4.97,142100,4.98,53300,4.96,140300,4.99,13300,4.95,204000,5.0,9500,4.94,57300,5.01,18400,4.93,43000,5.02,39300,4.92,117500,5.03,19400,4.91,37200,5.04,11900,4.9,205100,5.05,26800,4.89,10300,5.06,4300,4.88,51800,5.08,26600,1437100,1624200,15:35:23.707
000931.SZ,000931,20260420,20260420,09:45:48.000,94548000,79,4.98,5.19,5.19,4.95,5.2,5.72,4.68,7857900,3943.5449,6878,4.97,142100,4.98,53500,4.96,151300,4.99,13300,4.95,204000,5.0,9500,4.94,57300,5.01,18400,4.93,43000,5.02,39300,4.92,117500,5.03,19400,4.91,37200,5.04,11900,4.9,205100,5.05,26800,4.89,10300,5.06,4300,4.88,51800,5.08,26600,1449100,1624400,15:35:24.097
000931.SZ,000931,20260420,20260420,09:45:51.000,94551000,79,4.98,5.19,5.19,4.95,5.2,5.72,4.68,7869600,3949.3715,6885,4.97,144500,4.98,42100,4.96,149300,4.99,13300,4.95,210300,5.0,9500,4.94,57300,5.01,18400,4.93,43000,5.02,39300,4.92,117500,5.03,19400,4.91,37200,5.04,11900,4.9,205100,5.05,26800,4.89,10300,5.06,4300,4.88,51800,5.08,26600,1455500,1613300,15:35:24.516
000931.SZ,000931,20260420,20260420,09:45:54.000,94554000,79,4.98,5.19,5.19,4.95,5.2,5.72,4.68,7875400,3952.2599,6902,4.97,145400,4.98,40800,4.96,145900,4.99,13300,4.95,210500,5.0,9500,4.94,57300,5.01,18400,4.93,43000,5.02,39300,4.92,117500,5.03,19400,4.91,37200,5.04,11900,4.9,205100,5.05,26800,4.89,10300,5.06,4300,4.88,51900,5.08,26600,1453300,1612000,15:35:24.944
000931.SZ,000931,20260420,20260420,09:45:57.000,94557000,79,4.98,5.19,5.19,4.95,5.2,5.72,4.68,7921200,3975.0645,6984,4.97,144600,4.98,600,4.96,147400,4.99,13400,4.95,220500,5.0,9500,4.94,57300,5.01,18400,4.93,43000,5.02,39300,4.92,117500,5.03,19400,4.91,37200,5.04,11900,4.9,205100,5.05,26800,4.89,10300,5.06,4300,4.88,51900,5.08,26600,1465000,1571900,15:35:25.253
000931.SZ,000931,20260420,20260420,09:46:00.000,94600000,79,4.98,5.19,5.19,4.95,5.2,5.72,4.68,7929100,3978.9986,7002,4.97,144500,4.98,26900,4.96,148100,4.99,14400,4.95,220700,5.0,9500,4.94,57000,5.01,18400,4.93,43000,5.02,39300,4.92,117500,5.03,19400,4.91,37200,5.04,11900,4.9,205100,5.05,26800,4.89,10300,5.06,4300,4.88,51900,5.08,26600,1465500,1604200,15:35:25.625
000931.SZ,000931,20260420,20260420,09:46:03.000,94603000,79,4.98,5.19,5.19,4.95,5.2,5.72,4.68,7931000,3979.9445,7010,4.97,145800,4.98,30100,4.96,169100,4.99,14400,4.95,220700,5.0,9500,4.94,57000,5.01,18400,4.93,43000,5.02,39300,4.92,117500,5.03,19400,4.91,37200,5.04,11900,4.9,205100,5.05,26800,4.89,10400,5.06,4300,4.88,51800,5.08,26600,1487800,1617400,15:35:26.235
000931.SZ,000931,20260420,20260420,09:46:06.000,94606000,79,4.98,5.19,5.19,4.95,5.2,5.72,4.68,8027300,4027.9019,7096,4.97,145800,4.98,30400,4.96,169400,4.99,31500,4.95,220700,5.0,9200,4.94,58000,5.01,17800,4.93,42800,5.02,39300,4.92,117500,5.03,19400,4.91,37200,5.04,11900,4.9,205100,5.05,26800,4.89,10400,5.06,4300,4.88,51800,5.08,26600,1489900,1636400,15:35:26.576
000931.SZ,000931,20260420,20260420,09:46:09.000,94609000,79,4.97,5.19,5.19,4.95,5.2,5.72,4.68,8031700,4030.0923,7106,4.97,146000,4.98,31500,4.96,169400,4.99,27600,4.95,220700,5.0,9200,4.94,58000,5.01,16800,4.93,42800,5.02,39300,4.92,117500,5.03,19400,4.91,37200,5.04,11900,4.9,205100,5.05,26800,4.89,10400,5.06,4300,4.88,51800,5.08,26600,1490100,1632600,15:35:27.081
000931.SZ,000931,20260420,20260420,09:46:12.000,94612000,79,4.98,5.19,5.19,4.95,5.2,5.72,4.68,8032900,4030.6898,7109,4.97,146500,4.98,30700,4.96,169700,4.99,27600,4.95,220700,5.0,9200,4.94,58000,5.01,16800,4.93,42800,5.02,39300,4.92,117500,5.03,19400,4.91,37200,5.04,11900,4.9,205100,5.05,26800,4.89,10400,5.06,4300,4.88,51800,5.08,26600,1491900,1631800,15:35:27.442
000931.SZ,000931,20260420,20260420,09:46:15.000,94615000,79,4.98,5.19,5.19,4.95,5.2,5.72,4.68,8033400,4030.9388,7110,4.97,145600,4.98,30500,4.96,170200,4.99,27600,4.95,220200,5.0,9200,4.94,58000,5.01,16800,4.93,42800,5.02,39300,4.92,117500,5.03,19400,4.91,37200,5.04,11900,4.9,205100,5.05,26800,4.89,10400,5.06,4300,4.88,51800,5.08,26600,1493000,1631600,15:35:27.798
000931.SZ,000931,20260420,20260420,09:46:18.000,94618000,79,4.97,5.19,5.19,4.95,5.2,5.72,4.68,8214100,4120.747,7170,4.97,200,4.98,18400,4.96,170200,4.99,27600,4.95,227600,5.0,9200,4.94,58000,5.01,16800,4.93,42800,5.02,39300,4.92,117500,5.03,19400,4.91,37200,5.04,11900,4.9,205100,5.05,26800,4.89,10400,5.06,4300,4.88,51800,5.08,26600,1356200,1621000,15:35:28.296
000931.SZ,000931,20260420,20260420,09:46:21.000,94621000,79,4.98,5.19,5.19,4.95,5.2,5.72,4.68,8219600,4123.4816,7179,4.97,23000,4.98,20300,4.96,145600,4.99,22200,4.95,227600,5.0,9200,4.94,60000,5.01,16800,4.93,42800,5.02,39300,4.92,117500,5.03,19400,4.91,37200,5.04,11900,4.9,205100,5.05,26800,4.89,10300,5.06,4300,4.88,51800,5.08,26600,1357300,1617500,15:35:28.667
000931.SZ,000931,20260420,20260420,09:46:24.000,94624000,79,4.97,5.19,5.19,4.95,5.2,5.72,4.68,8220000,4123.6807,7181,4.97,24600,4.98,20500,4.96,151900,4.99,21800,4.95,228600,5.0,9200,4.94,60000,5.01,16800,4.93,42800,5.02,39100,4.92,117500,5.03,19400,4.91,37200,5.04,11900,4.9,205100,5.05,26800,4.89,10300,5.06,4300,4.88,51800,5.08,26600,1367200,1617100,15:35:29.013
000931.SZ,000931,20260420,20260420,09:46:27.000,94627000,79,4.97,5.19,5.19,4.95,5.2,5.72,4.68,8220000,4123.6807,7181,4.97,28600,4.98,20800,4.96,151900,4.99,21800,4.95,228600,5.0,9200,4.94,60000,5.01,16800,4.93,42800,5.02,39100,4.92,117500,5.03,19400,4.91,37200,5.04,11900,4.9,205100,5.05,26800,4.89,10300,5.06,4300,4.88,51800,5.08,26600,1371200,1617400,15:35:29.389
000931.SZ,000931,20260420,20260420,09:46:30.000,94630000,79,4.98,5.19,5.19,4.95,5.2,5.72,4.68,8228400,4127.8639,7212,4.97,42100,4.98,12400,4.96,151900,4.99,21800,4.95,229600,5.0,9200,4.94,60000,5.01,16800,4.93,42800,5.02,39100,4.92,117500,5.03,19400,4.91,37200,5.04,11900,4.9,205100,5.05,26800,4.89,10300,5.06,4300,4.88,51800,5.08,26600,1385700,1609000,15:35:29.792
000931.SZ,000931,20260420,20260420,09:46:33.000,94633000,79,4.98,5.19,5.19,4.95,5.2,5.72,4.68,8228400,4127.8639,7212,4.97,42100,4.98,12700,4.96,161900,4.99,22200,4.95,230600,5.0,9200,4.94,60000,5.01,16800,4.93,42800,5.02,39100,4.92,117500,5.03,19400,4.91,37200,5.04,11900,4.9,205100,5.05,26800,4.89,10300,5.06,4300,4.88,51800,5.08,26600,1397700,1609700,15:35:30.095
000931.SZ,000931,20260420,20260420,09:46:36.000,94636000,79,4.98,5.19,5.19,4.95,5.2,5.72,4.68,8235900,4131.5989,7238,4.97,48100,4.98,7900,4.96,163200,4.99,22200,4.95,230600,5.0,9200,4.94,60000,5.01,16800,4.93,42800,5.02,39100,4.92,117500,5.03,19400,4.91,37200,5.04,11900,4.9,207100,5.05,26800,4.89,10300,5.06,4300,4.88,51800,5.08,26600,1407000,1604900,15:35:30.470
000931.SZ,000931,20260420,20260420,09:46:39.000,94639000,79,4.98,5.19,5.19,4.95,5.2,5.72,4.68,8244700,4135.9813,7255,4.98,35000,4.99,13900,4.97,50100,5.0,5000,4.96,163200,5.01,16500,4.95,223600,5.02,39100,4.94,60000,5.03,19400,4.93,43900,5.04,11900,4.92,117500,5.05,26800,4.91,37200,5.06,4300,4.9,206500,5.08,26600,4.89,10300,5.09,16700,1439200,1583200,15:35:30.790
000931.SZ,000931,20260420,20260420,09:46:42.000,94642000,79,4.98,5.19,5.19,4.95,5.2,5.72,4.68,8244700,4135.9813,7255,4.98,40100,4.99,14300,4.97,54100,5.0,5000,4.96,167600,5.01,16500,4.95,218400,5.02,39100,4.94,60000,5.03,19400,4.93,43900,5.04,11900,4.92,117500,5.05,26800,4.91,37200,5.06,4300,4.9,205000,5.08,26600,4.89,7000,5.09,16700,1445700,1584600,15:35:31.123
000931.SZ,000931,20260420,20260420,09:46:45.000,94645000,79,4.99,5.19,5.19,4.95,5.2,5.72,4.68,8251100,4139.1731,7260,4.98,40300,4.99,2300,4.97,76800,5.0,5000,4.96,168600,5.01,16500,4.95,223700,5.02,39100,4.94,60000,5.03,19400,4.93,43900,5.04,11900,4.92,117500,5.05,26800,4.91,37200,5.06,4300,4.9,205000,5.08,26600,4.89,7000,5.09,16700,1479900,1572600,15:35:31.546
000931.SZ,000931,20260420,20260420,09:46:48.000,94648000,79,4.99,5.19,5.19,4.95,5.2,5.72,4.68,8252300,4139.7719,7262,4.98,40500,4.99,1500,4.97,76800,5.0,5000,4.96,164500,5.01,16500,4.95,216300,5.02,39100,4.94,60000,5.03,19400,4.93,43900,5.04,11900,4.92,115500,5.05,26800,4.91,37200,5.06,4300,4.9,205000,5.08,26600,4.89,7000,5.09,16700,1466800,1573800,15:35:31.839
000931.SZ,000931,20260420,20260420,09:46:51.000,94651000,79,4.99,5.19,5.19,4.95,5.2,5.72,4.68,8262300,4144.7619,7274,4.98,41800,4.99,18100,4.97,78800,5.0,5000,4.96,164500,5.01,16500,4.95,217300,5.02,39100,4.94,60000,5.03,19400,4.93,43900,5.04,11900,4.92,115500,5.05,26800,4.91,37200,5.06,4300,4.9,205000,5.08,26600,4.89,7000,5.09,16700,1471100,1590400,15:35:32.167
000931.SZ,000931,20260420,20260420,09:46:54.000,94654000,79,4.99,5.19,5.19,4.95,5.2,5.72,4.68,8262300,4144.7619,7274,4.98,43500,4.99,26900,4.97,79600,5.0,5000,4.96,164500,5.01,16500,4.95,212500,5.02,39100,4.94,60000,5.03,19400,4.93,43900,5.04,11900,4.92,115500,5.05,27800,4.91,37200,5.06,4300,4.9,205000,5.08,26600,4.89,12000,5.09,16700,1473800,1600200,15:35:32.517
000931.SZ,000931,20260420,20260420,09:46:57.000,94657000,79,4.99,5.19,5.19,4.95,5.2,5.72,4.68,8263100,4145.1611,7275,4.98,43500,4.99,27900,4.97,79600,5.0,5000,4.96,164500,5.01,16500,4.95,212500,5.02,39100,4.94,60700,5.03,19400,4.93,43900,5.04,11900,4.92,115500,5.05,27800,4.91,37200,5.06,4300,4.9,205000,5.08,26600,4.89,12000,5.09,16700,1474500,1601200,15:35:32.877
000931.SZ,000931,20260420,20260420,09:47:00.000,94700000,79,4.99,5.19,5.19,4.95,5.2,5.72,4.68,8293200,4160.1808,7311,4.99,28500,5.0,12800,4.98,45500,5.01,17100,4.97,79500,5.02,39100,4.96,164500,5.03,19400,4.95,212900,5.04,11900,4.94,60700,5.05,27800,4.93,43900,5.06,4300,4.92,115500,5.08,26600,4.91,37200,5.09,16700,4.9,195000,5.1,10900,1495300,1581700,15:35:33.223
000931.SZ,000931,20260420,20260420,09:47:03.000,94703000,79,5.0,5.19,5.19,4.95,5.2,5.72,4.68,8323400,4175.2516,7327,4.99,7100,5.0,7000,4.98,45700,5.01,20900,4.97,79500,5.02,39100,4.96,159800,5.03,19400,4.95,212900,5.04,11900,4.94,60700,5.05,27800,4.93,43900,5.06,4300,4.92,115500,5.08,26600,4.91,37200,5.09,16700,4.9,195000,5.1,10900,1469400,1579700,15:35:33.937
000931.SZ,000931,20260420,20260420,09:47:06.000,94706000,79,4.99,5.19,5.19,4.95,5.2,5.72,4.68,8328900,4177.9965,7333,4.99,8400,5.0,9300,4.98,52700,5.01,25000,4.97,79500,5.02,39000,4.96,159800,5.03,15700,4.95,213900,5.04,11900,4.94,60700,5.05,27500,4.93,44000,5.06,4300,4.92,115500,5.08,26600,4.91,37200,5.09,16700,4.9,195000,5.1,10900,1478800,1582000,15:35:34.268
000931.SZ,000931,20260420,20260420,09:47:09.000,94709000,79,4.99,5.19,5.19,4.95,5.2,5.72,4.68,8329800,4178.446,7337,4.99,10800,5.0,10800,4.98,51600,5.01,26100,4.97,79500,5.02,39000,4.96,161200,5.03,15700,4.95,213300,5.04,11900,4.94,60700,5.05,27500,4.93,44000,5.06,4300,4.92,115500,5.08,26600,4.91,37200,5.09,16700,4.9,195000,5.1,10900,1480900,1582600,15:35:34.654
000931.SZ,000931,20260420,20260420,09:47:12.000,94712000,79,4.99,5.19,5.19,4.95,5.2,5.72,4.68,8385800,4206.346,7360,4.98,8400,5.0,12300,4.97,79500,5.01,27600,4.96,166500,5.02,39000,4.95,213300,5.03,15700,4.94,60700,5.04,11900,4.93,44000,5.05,27500,4.92,115500,5.06,4300,4.91,37200,5.08,26600,4.9,195000,5.09,16700,4.89,12000,5.1,10900,1432200,1585600,15:35:35.064
000931.SZ,000931,20260420,20260420,09:47:15.000,94715000,79,4.98,5.19,5.19,4.95,5.2,5.72,4.68,8388800,4207.8426,7371,4.98,17500,4.99,4900,4.97,79700,5.0,35500,4.96,166500,5.01,28200,4.95,213300,5.02,39000,4.94,60700,5.03,15700,4.93,44000,5.04,11900,4.92,115500,5.05,27500,4.91,37200,5.06,4300,4.9,195000,5.08,26600,4.89,12000,5.09,16700,1441500,1614300,15:35:35.472
000931.SZ,000931,20260420,20260420,09:47:18.000,94718000,79,4.99,5.19,5.19,4.95,5.2,5.72,4.68,8394600,4210.7368,7378,4.99,21800,5.0,40500,4.98,44200,5.01,28800,4.97,79700,5.02,39000,4.96,166500,5.03,15700,4.95,213300,5.04,11900,4.94,60700,5.05,27500,4.93,44000,5.06,4300,4.92,115500,5.08,28600,4.91,37200,5.09,16700,4.9,195000,5.1,10900,1490000,1618000,15:35:35.796
000931.SZ,000931,20260420,20260420,09:47:21.000,94721000,79,4.99,5.19,5.19,4.95,5.2,5.72,4.68,8397700,4212.2837,7385,4.99,20700,5.0,53800,4.98,48700,5.01,29700,4.97,80200,5.02,39000,4.96,166500,5.03,15700,4.95,223300,5.04,11900,4.94,60700,5.05,27500,4.93,44000,5.06,4300,4.92,115500,5.08,28600,4.91,42200,5.09,16700,4.9,198000,5.1,10900,1511900,1632200,15:35:36.293
000931.SZ,000931,20260420,20260420,09:47:24.000,94724000,79,4.99,5.19,5.19,4.95,5.2,5.72,4.68,8408400,4217.623,7390,4.99,15800,5.0,58100,4.98,50200,5.01,30500,4.97,86200,5.02,39000,4.96,166500,5.03,15700,4.95,223300,5.04,11900,4.94,60700,5.05,27500,4.93,44000,5.06,4300,4.92,115500,5.08,28600,4.91,42200,5.09,16700,4.9,198100,5.1,10900,1514600,1637400,15:35:36.713
000931.SZ,000931,20260420,20260420,09:47:27.000,94727000,79,4.99,5.19,5.19,4.95,5.2,5.72,4.68,8411600,4219.2228,7399,4.99,16700,5.0,58200,4.98,53200,5.01,31100,4.97,96200,5.02,39000,4.96,166500,5.03,15700,4.95,223300,5.04,11900,4.94,60700,5.05,47500,4.93,44000,5.06,4300,4.92,115500,5.08,28600,4.91,42200,5.09,16700,4.9,198100,5.1,10900,1529200,1659100,15:35:36.980
000931.SZ,000931,20260420,20260420,09:47:30.000,94730000,79,4.99,5.19,5.19,4.95,5.2,5.72,4.68,8411600,4219.2228,7399,4.99,61000,5.0,57800,4.98,53400,5.01,31600,4.97,98100,5.02,39000,4.96,166500,5.03,15700,4.95,223300,5.04,11900,4.94,60700,5.05,47500,4.93,44000,5.06,4300,4.92,115500,5.08,28600,4.91,42200,5.09,16700,4.9,210100,5.1,10900,1587600,1735700,15:35:37.370
000931.SZ,000931,20260420,20260420,09:47:33.000,94733000,79,4.99,5.19,5.19,4.95,5.2,5.72,4.68,8428300,4227.5561,7411,4.99,66000,5.0,59300,4.98,28400,5.01,32400,4.97,98100,5.02,39000,4.96,168500,5.03,15700,4.95,217900,5.04,11900,4.94,60700,5.05,47500,4.93,44300,5.06,4300,4.92,115500,5.08,28600,4.91,42200,5.09,16700,4.9,210100,5.1,10900,1562500,1739000,15:35:37.730
000931.SZ,000931,20260420,20260420,09:47:36.000,94736000,79,5.0,5.19,5.19,4.95,5.2,5.72,4.68,8445100,4235.9559,7459,4.99,67600,5.0,53500,4.98,28400,5.01,33200,4.97,98800,5.02,39000,4.96,168500,5.03,15700,4.95,217900,5.04,11900,4.94,60700,5.05,47500,4.93,44300,5.06,4300,4.92,115500,5.08,28600,4.91,42200,5.09,16700,4.9,209600,5.1,10900,1564300,1734000,15:35:38.075
000931.SZ,000931,20260420,20260420,09:47:39.000,94739000,79,5.0,5.19,5.19,4.95,5.2,5.72,4.68,8448100,4237.4536,7467,4.99,70700,5.0,53300,4.98,28400,5.01,33600,4.97,98800,5.02,39000,4.96,168500,5.03,15700,4.95,217900,5.04,11900,4.94,60700,5.05,42000,4.93,44300,5.06,4300,4.92,115500,5.08,28600,4.91,42200,5.09,16700,4.9,209600,5.1,10900,1567400,1728700,15:35:38.441
000931.SZ,000931,20260420,20260420,09:47:42.000,94742000,79,5.0,5.19,5.19,4.95,5.2,5.72,4.68,8454500,4240.6525,7473,4.99,71900,5.0,48500,4.98,29000,5.01,33600,4.97,101600,5.02,39000,4.96,168500,5.03,15700,4.95,217900,5.04,11900,4.94,60700,5.05,42000,4.93,44300,5.06,4300,4.92,115500,5.08,28600,4.91,42200,5.09,16700,4.9,209600,5.1,10900,1572000,1723900,15:35:38.746
000931.SZ,000931,20260420,20260420,09:47:45.000,94745000,79,5.0,5.19,5.19,4.95,5.2,5.72,4.68,8464900,4245.8521,7475,4.99,71500,5.0,38800,4.98,29000,5.01,34100,4.97,106900,5.02,39000,4.96,168500,5.03,15700,4.95,229700,5.04,11900,4.94,60700,5.05,42000,4.93,44300,5.06,4300,4.92,115500,5.08,28600,4.91,42200,5.09,16700,4.9,209600,5.1,10900,1588700,1744700,15:35:39.190
000931.SZ,000931,20260420,20260420,09:47:48.000,94748000,79,5.0,5.19,5.19,4.95,5.2,5.72,4.68,8466200,4246.5019,7477,4.99,71300,5.0,38000,4.98,29000,5.01,35100,4.97,114900,5.02,39000,4.96,164000,5.03,15700,4.95,249700,5.04,11900,4.94,60700,5.05,42000,4.93,44800,5.06,4300,4.92,115500,5.08,28600,4.91,42200,5.09,16700,4.9,209600,5.1,10900,1612500,1744900,15:35:39.466
000931.SZ,000931,20260420,20260420,09:47:51.000,94751000,79,5.0,5.19,5.19,4.95,5.2,5.72,4.68,8466200,4246.5019,7477,4.99,71300,5.0,52700,4.98,29700,5.01,35400,4.97,113900,5.02,39000,4.96,164000,5.03,15700,4.95,249800,5.04,11900,4.94,60700,5.05,42000,4.93,44800,5.06,4300,4.92,115500,5.08,38600,4.91,42200,5.09,16700,4.9,209600,5.1,10900,1613300,1769900,15:35:39.986
000931.SZ,000931,20260420,20260420,09:47:54.000,94754000,79,5.0,5.19,5.19,4.95,5.2,5.72,4.68,8467200,4247.0019,7478,4.99,72400,5.0,52500,4.98,33200,5.01,35400,4.97,116100,5.02,39000,4.96,164000,5.03,15700,4.95,252500,5.04,11900,4.94,60700,5.05,42000,4.93,44800,5.06,4300,4.92,115500,5.08,38600,4.91,42200,5.09,16700,4.9,209600,5.1,10900,1622800,1775200,15:35:40.132
000931.SZ,000931,20260420,20260420,09:47:57.000,94757000,79,5.0,5.19,5.19,4.95,5.2,5.72,4.68,8467200,4247.0019,7478,4.99,73500,5.0,52000,4.98,37000,5.01,35400,4.97,114100,5.02,39000,4.96,164000,5.03,15700,4.95,252500,5.04,11900,4.94,60700,5.05,42000,4.93,44800,5.06,4300,4.92,115500,5.08,38600,4.91,42200,5.09,16700,4.9,209600,5.1,10900,1625700,1774700,15:35:40.525
000931.SZ,000931,20260420,20260420,09:48:00.000,94800000,79,5.0,5.19,5.19,4.95,5.2,5.72,4.68,8486300,4256.5519,7497,4.99,74600,5.0,31900,4.98,37000,5.01,35400,4.97,109700,5.02,39000,4.96,164000,5.03,15700,4.95,252500,5.04,11900,4.94,60700,5.05,42000,4.93,45800,5.06,4300,4.92,115500,5.08,38600,4.91,42200,5.09,16700,4.9,209600,5.1,10900,1623400,1754600,15:35:40.772
000931.SZ,000931,20260420,20260420,09:48:03.000,94803000,79,5.0,5.19,5.19,4.95,5.2,5.72,4.68,8487800,4257.3019,7500,4.99,79900,5.0,32100,4.98,42500,5.01,35400,4.97,109700,5.02,39000,4.96,164000,5.03,15700,4.95,252500,5.04,11900,4.94,60700,5.05,42000,4.93,45800,5.06,4300,4.92,115500,5.08,38600,4.91,42200,5.09,16700,4.9,209600,5.1,10900,1634200,1754800,15:35:41.263
000931.SZ,000931,20260420,20260420,09:48:06.000,94806000,79,5.0,5.19,5.19,4.95,5.2,5.72,4.68,8493700,4260.2519,7517,4.99,80100,5.0,20700,4.98,42500,5.01,35400,4.97,109700,5.02,39000,4.96,164000,5.03,15700,4.95,252500,5.04,11900,4.94,60700,5.05,42000,4.93,45800,5.06,4300,4.92,115500,5.08,38600,4.91,42200,5.09,16700,4.9,209600,5.1,10900,1634400,1744400,15:35:41.656
000931.SZ,000931,20260420,20260420,09:48:09.000,94809000,79,5.0,5.19,5.19,4.95,5.2,5.72,4.68,8507200,4267.0019,7533,4.99,80200,5.0,16800,4.98,42500,5.01,35400,4.97,110700,5.02,39000,4.96,164000,5.03,15700,4.95,252500,5.04,11900,4.94,60700,5.05,42000,4.93,45800,5.06,4300,4.92,115500,5.08,38600,4.91,42200,5.09,16700,4.9,209600,5.1,10900,1635500,1740500,15:35:42.022
000931.SZ,000931,20260420,20260420,09:48:12.000,94812000,79,5.0,5.19,5.19,4.95,5.2,5.72,4.68,8507500,4267.1519,7534,4.99,81400,5.0,16100,4.98,42500,5.01,35400,4.97,110700,5.02,39000,4.96,159000,5.03,15700,4.95,252700,5.04,11900,4.94,60700,5.05,42000,4.93,45800,5.06,4300,4.92,115500,5.08,38600,4.91,42200,5.09,16700,4.9,209600,5.1,10900,1631900,1739800,15:35:42.447
000931.SZ,000931,20260420,20260420,09:48:15.000,94815000,79,5.0,5.19,5.19,4.95,5.2,5.72,4.68,8507500,4267.1519,7534,4.99,81400,5.0,18000,4.98,42500,5.01,35400,4.97,110700,5.02,39000,4.96,159000,5.03,15700,4.95,252600,5.04,11900,4.94,60700,5.05,42000,4.93,45800,5.06,4300,4.92,115500,5.08,38600,4.91,42200,5.09,16700,4.9,209600,5.1,10900,1631800,1741700,15:35:42.667
000931.SZ,000931,20260420,20260420,09:48:18.000,94818000,79,5.0,5.19,5.19,4.95,5.2,5.72,4.68,8509300,4268.0519,7541,4.99,108900,5.0,32100,4.98,42500,5.01,35400,4.97,105700,5.02,39000,4.96,159600,5.03,15700,4.95,252600,5.04,11900,4.94,60700,5.05,42000,4.93,45800,5.06,4300,4.92,115500,5.08,38600,4.91,42200,5.09,16700,4.9,209600,5.1,10900,1654900,1755800,15:35:42.991
000931.SZ,000931,20260420,20260420,09:48:21.000,94821000,79,5.0,5.19,5.19,4.95,5.2,5.72,4.68,8509300,4268.0519,7541,4.99,108900,5.0,34200,4.98,42500,5.01,35400,4.97,105700,5.02,39000,4.96,159600,5.03,15700,4.95,252600,5.04,11900,4.94,60700,5.05,42000,4.93,45800,5.06,4300,4.92,115500,5.08,38600,4.91,42200,5.09,16700,4.9,209600,5.1,10900,1654900,1757900,15:35:43.413
000931.SZ,000931,20260420,20260420,09:48:24.000,94824000,79,5.0,5.19,5.19,4.95,5.2,5.72,4.68,8509300,4268.0519,7541,4.99,109900,5.0,35800,4.98,42500,5.01,35400,4.97,105700,5.02,39000,4.96,159600,5.03,15700,4.95,252600,5.04,11900,4.94,61100,5.05,42000,4.93,45800,5.06,4300,4.92,115500,5.08,38600,4.91,42200,5.09,16700,4.9,209600,5.1,10900,1656300,1759500,15:35:43.756
000931.SZ,000931,20260420,20260420,09:48:27.000,94827000,79,4.99,5.19,5.19,4.95,5.2,5.72,4.68,8516400,4271.5998,7546,4.99,107800,5.0,31000,4.98,44000,5.01,35400,4.97,105700,5.02,39000,4.96,159600,5.03,15700,4.95,242900,5.04,11900,4.94,61100,5.05,42000,4.93,45800,5.06,4300,4.92,115500,5.08,38600,4.91,42200,5.09,16700,4.9,210000,5.1,10900,1641400,1754700,15:35:44.118
000931.SZ,000931,20260420,20260420,09:48:30.000,94830000,79,5.0,5.19,5.19,4.95,5.2,5.72,4.68,8517200,4271.9998,7551,4.99,163800,5.0,22000,4.98,44000,5.01,35400,4.97,105700,5.02,39000,4.96,161600,5.03,15700,4.95,242900,5.04,11900,4.94,61100,5.05,42000,4.93,45800,5.06,4300,4.92,115500,5.08,38600,4.91,42200,5.09,16700,4.9,210500,5.1,10900,1699900,1745700,15:35:44.383
000931.SZ,000931,20260420,20260420,09:48:33.000,94833000,79,5.0,5.19,5.19,4.95,5.2,5.72,4.68,8517700,4272.2495,7553,4.99,163500,5.0,30000,4.98,45000,5.01,35400,4.97,105700,5.02,39000,4.96,161600,5.03,15700,4.95,243400,5.04,11900,4.94,61100,5.05,42000,4.93,45800,5.06,4300,4.92,115500,5.08,38600,4.91,42200,5.09,16700,4.9,210500,5.1,10900,1701100,1753700,15:35:44.627
000931.SZ,000931,20260420,20260420,09:48:36.000,94836000,79,5.0,5.19,5.19,4.95,5.2,5.72,4.68,8525200,4275.9995,7565,4.99,163500,5.0,26500,4.98,45000,5.01,35400,4.97,105700,5.02,39000,4.96,161600,5.03,15700,4.95,243400,5.04,11900,4.94,61100,5.05,42000,4.93,45800,5.06,4300,4.92,115500,5.08,38600,4.91,42200,5.09,16700,4.9,210500,5.1,10900,1712100,1750200,15:35:44.721
000931.SZ,000931,20260420,20260420,09:48:39.000,94839000,79,5.0,5.19,5.19,4.95,5.2,5.72,4.68,8525200,4275.9995,7565,4.99,163500,5.0,26500,4.98,45000,5.01,35400,4.97,105700,5.02,39000,4.96,161600,5.03,15700,4.95,243500,5.04,11900,4.94,61100,5.05,42000,4.93,45800,5.06,4300,4.92,115500,5.08,38600,4.91,42200,5.09,16700,4.9,210500,5.1,10900,1712200,1750200,15:35:44.972
000931.SZ,000931,20260420,20260420,09:48:42.000,94842000,79,5.0,5.19,5.19,4.95,5.2,5.72,4.68,8528500,4277.6488,7576,4.99,176700,5.0,25800,4.98,45000,5.01,35400,4.97,105500,5.02,39000,4.96,161600,5.03,15700,4.95,243500,5.04,11900,4.94,61100,5.05,42000,4.93,45800,5.06,4300,4.92,115500,5.08,38600,4.91,42200,5.09,16700,4.9,208600,5.1,10900,1723800,1749500,15:35:45.497
000931.SZ,000931,20260420,20260420,09:48:45.000,94845000,79,5.0,5.19,5.19,4.95,5.2,5.72,4.68,8555100,4290.9484,7607,5.0,44900,5.01,34400,4.99,176300,5.02,39000,4.98,48000,5.03,15700,4.97,105500,5.04,11900,4.96,161600,5.05,42000,4.95,239900,5.06,4300,4.94,61100,5.08,38600,4.93,45800,5.09,16700,4.92,115500,5.1,10900,4.91,42200,5.11,28500,1767700,1722700,15:35:45.912
000931.SZ,000931,20260420,20260420,09:48:48.000,94848000,79,5.0,5.19,5.19,4.95,5.2,5.72,4.68,8555100,4290.9484,7607,5.0,51100,5.01,34600,4.99,176200,5.02,45800,4.98,48000,5.03,15700,4.97,102800,5.04,11900,4.96,161600,5.05,42000,4.95,239900,5.06,4300,4.94,61100,5.08,38600,4.93,45800,5.09,16700,4.92,115600,5.1,10900,4.91,42200,5.11,28500,1805900,1729700,15:35:46.149
000931.SZ,000931,20260420,20260420,09:48:51.000,94851000,79,5.0,5.19,5.19,4.95,5.2,5.72,4.68,8555100,4290.9484,7607,5.0,53700,5.01,38900,4.99,181900,5.02,46400,4.98,48000,5.03,15700,4.97,102800,5.04,11900,4.96,161600,5.05,62000,4.95,239900,5.06,4300,4.94,61100,5.08,38600,4.93,45800,5.09,16700,4.92,115600,5.1,10900,4.91,42200,5.11,28500,1814300,1754600,15:35:46.516
000931.SZ,000931,20260420,20260420,09:48:54.000,94854000,79,5.0,5.19,5.19,4.95,5.2,5.72,4.68,8555100,4290.9484,7607,5.0,127900,5.01,39900,4.99,125900,5.02,47300,4.98,48000,5.03,15700,4.97,98900,5.04,11900,4.96,164100,5.05,62000,4.95,241900,5.06,4300,4.94,61100,5.08,38600,4.93,45800,5.09,16700,4.92,115600,5.1,10900,4.91,42200,5.11,28500,1822900,1756500,15:35:46.843
000931.SZ,000931,20260420,20260420,09:48:57.000,94857000,79,5.01,5.19,5.19,4.95,5.2,5.72,4.68,8559100,4292.9514,7612,5.0,127100,5.01,37200,4.99,125900,5.02,47900,4.98,43700,5.03,15700,4.97,98900,5.04,11900,4.96,164100,5.05,62000,4.95,241900,5.06,4300,4.94,61100,5.08,38600,4.93,45800,5.09,16700,4.92,115600,5.1,10900,4.91,42200,5.11,28500,1817800,1754400,15:35:47.147
000931.SZ,000931,20260420,20260420,09:49:00.000,94900000,79,5.01,5.19,5.19,4.95,5.2,5.72,4.68,8559100,4292.9514,7612,5.0,127100,5.01,45500,4.99,125200,5.02,48900,4.98,43800,5.03,15700,4.97,98900,5.04,11900,4.96,164100,5.05,62000,4.95,242100,5.06,4300,4.94,61100,5.08,38600,4.93,45800,5.09,16700,4.92,115600,5.1,10900,4.91,42200,5.11,28500,1813400,1761700,15:35:47.587
000931.SZ,000931,20260420,20260420,09:49:03.000,94903000,79,5.01,5.19,5.19,4.95,5.2,5.72,4.68,8570700,4298.763,7619,5.0,127800,5.01,33900,4.99,125200,5.02,50900,4.98,42300,5.03,15700,4.97,98900,5.04,11900,4.96,164100,5.05,62000,4.95,242100,5.06,4300,4.94,61100,5.08,38600,4.93,45800,5.09,16700,4.92,115600,5.1,10900,4.91,42200,5.11,28500,1818900,1752100,15:35:47.957
000931.SZ,000931,20260420,20260420,09:49:06.000,94906000,79,5.01,5.19,5.19,4.95,5.2,5.72,4.68,8570800,4298.8131,7620,5.0,153500,5.01,38800,4.99,125200,5.02,51900,4.98,42300,5.03,15700,4.97,98900,5.04,11900,4.96,164100,5.05,62000,4.95,242100,5.06,4300,4.94,61100,5.08,38600,4.93,46800,5.09,16700,4.92,115600,5.1,10900,4.91,42200,5.11,28500,1848600,1759000,15:35:48.276
000931.SZ,000931,20260420,20260420,09:49:09.000,94909000,79,5.01,5.19,5.19,4.95,5.2,5.72,4.68,8571900,4299.3642,7621,5.0,157900,5.01,36300,4.99,125200,5.02,52500,4.98,42400,5.03,15700,4.97,102800,5.04,11900,4.96,164100,5.05,62000,4.95,242100,5.06,4300,4.94,61100,5.08,38600,4.93,46800,5.09,16700,4.92,115600,5.1,10900,4.91,42200,5.11,28500,1857000,1757100,15:35:48.677
000931.SZ,000931,20260420,20260420,09:49:12.000,94912000,79,5.01,5.19,5.19,4.95,5.2,5.72,4.68,8572600,4299.7149,7623,5.0,159000,5.01,38800,4.99,125200,5.02,52500,4.98,42400,5.03,15700,4.97,102800,5.04,11900,4.96,164100,5.05,62000,4.95,242100,5.06,4300,4.94,61100,5.08,38600,4.93,46800,5.09,16700,4.92,115600,5.1,10900,4.91,42200,5.11,28500,1860100,1759600,15:35:48.868
000931.SZ,000931,20260420,20260420,09:49:15.000,94915000,79,5.01,5.19,5.19,4.95,5.2,5.72,4.68,8572600,4299.7149,7623,5.0,162000,5.01,39700,4.99,124700,5.02,52500,4.98,42400,5.03,15700,4.97,112900,5.04,11900,4.96,166300,5.05,62000,4.95,240100,5.06,13300,4.94,56100,5.08,38600,4.93,46800,5.09,16700,4.92,115600,5.1,10900,4.91,42200,5.11,28500,1867900,1769500,15:35:49.234
000931.SZ,000931,20260420,20260420,09:49:18.000,94918000,79,5.01,5.19,5.19,4.95,5.2,5.72,4.68,8572600,4299.7149,7623,5.0,172400,5.01,40800,4.99,124700,5.02,53400,4.98,43400,5.03,15700,4.97,112900,5.04,11900,4.96,166300,5.05,62000,4.95,240100,5.06,13300,4.94,56100,5.08,38600,4.93,46800,5.09,16700,4.92,115600,5.1,11400,4.91,42700,5.11,28500,1879800,1772000,15:35:49.639
000931.SZ,000931,20260420,20260420,09:49:21.000,94921000,79,5.0,5.19,5.19,4.95,5.2,5.72,4.68,8747200,4387.0149,7672,4.99,124700,5.0,1400,4.98,43400,5.01,43800,4.97,112900,5.02,53400,4.96,166300,5.03,15700,4.95,240100,5.04,11900,4.94,56100,5.05,62000,4.93,46800,5.06,13300,4.92,115500,5.08,38600,4.91,42700,5.09,16700,4.9,205600,5.1,11400,1707300,1780400,15:35:49.995
000931.SZ,000931,20260420,20260420,09:49:24.000,94924000,79,5.0,5.19,5.19,4.95,5.2,5.72,4.68,8748600,4387.7149,7677,4.99,124700,5.0,11500,4.98,43400,5.01,59200,4.97,112900,5.02,53400,4.96,166300,5.03,15700,4.95,240100,5.04,11900,4.94,56100,5.05,62000,4.93,46800,5.06,13300,4.92,115500,5.08,38600,4.91,42700,5.09,16700,4.9,205700,5.1,11400,1707400,1805900,15:35:50.227
000931.SZ,000931,20260420,20260420,09:49:27.000,94927000,79,5.0,5.19,5.19,4.95,5.2,5.72,4.68,8753600,4390.2149,7682,4.99,126200,5.0,12200,4.98,43400,5.01,59800,4.97,112900,5.02,53100,4.96,166300,5.03,15700,4.95,240100,5.04,12200,4.94,56100,5.05,62000,4.93,46800,5.06,13300,4.92,115500,5.08,38600,4.91,42700,5.09,16700,4.9,205700,5.1,11400,1708900,1808200,15:35:50.604
000931.SZ,000931,20260420,20260420,09:49:30.000,94930000,79,5.0,5.19,5.19,4.95,5.2,5.72,4.68,8755100,4390.9649,7686,4.99,126300,5.0,11600,4.98,42900,5.01,60800,4.97,112900,5.02,53100,4.96,166300,5.03,15700,4.95,240100,5.04,12200,4.94,56100,5.05,62000,4.93,46800,5.06,18300,4.92,115500,5.08,38600,4.91,42700,5.09,16700,4.9,205700,5.1,11400,1708500,1813600,15:35:51.041
000931.SZ,000931,20260420,20260420,09:49:33.000,94933000,79,5.0,5.19,5.19,4.95,5.2,5.72,4.68,8755100,4390.9649,7686,4.99,126300,5.0,14200,4.98,42900,5.01,60900,4.97,112900,5.02,52800,4.96,166300,5.03,15700,4.95,240100,5.04,12200,4.94,56100,5.05,62000,4.93,46800,5.06,18300,4.92,115500,5.08,38600,4.91,42700,5.09,16700,4.9,205700,5.1,11400,1708500,1816000,15:35:51.321
000931.SZ,000931,20260420,20260420,09:49:36.000,94936000,79,5.0,5.19,5.19,4.95,5.2,5.72,4.68,8756100,4391.4649,7688,4.99,126300,5.0,19100,4.98,42900,5.01,60600,4.97,112900,5.02,52800,4.96,166300,5.03,15700,4.95,240100,5.04,12200,4.94,56100,5.05,62000,4.93,46800,5.06,18300,4.92,115500,5.08,38600,4.91,42700,5.09,16700,4.9,205700,5.1,11400,1708500,1820600,15:35:51.745
000931.SZ,000931,20260420,20260420,09:49:39.000,94939000,79,5.0,5.19,5.19,4.95,5.2,5.72,4.68,8757400,4392.1149,7692,4.99,132300,5.0,26300,4.98,42900,5.01,60500,4.97,112800,5.02,52800,4.96,166300,5.03,15700,4.95,240100,5.04,12200,4.94,56100,5.05,62000,4.93,46800,5.06,18300,4.92,115500,5.08,38600,4.91,42700,5.09,16700,4.9,203700,5.1,11400,1712400,1827700,15:35:52.151
000931.SZ,000931,20260420,20260420,09:49:42.000,94942000,79,5.0,5.19,5.19,4.95,5.2,5.72,4.68,8757400,4392.1149,7692,4.99,134400,5.0,27500,4.98,42900,5.01,60800,4.97,115800,5.02,52500,4.96,166500,5.03,15700,4.95,243100,5.04,12200,4.94,56100,5.05,62000,4.93,46800,5.06,18300,4.92,115500,5.08,38600,4.91,42700,5.09,16700,4.9,203700,5.1,11400,1720700,1828900,15:35:52.448
000931.SZ,000931,20260420,20260420,09:49:45.000,94945000,79,5.0,5.19,5.19,4.95,5.2,5.72,4.68,8757400,4392.1149,7692,4.99,134400,5.0,30200,4.98,42900,5.01,60800,4.97,115800,5.02,52500,4.96,166900,5.03,15700,4.95,244300,5.04,12200,4.94,56100,5.05,62000,4.93,46800,5.06,18300,4.92,115500,5.08,38600,4.91,42700,5.09,16700,4.9,203700,5.1,11400,1722300,1831600,15:35:52.825
000931.SZ,000931,20260420,20260420,09:49:48.000,94948000,79,4.99,5.19,5.19,4.95,5.2,5.72,4.68,8758800,4392.8135,7694,4.99,133000,5.0,33000,4.98,43900,5.01,60800,4.97,120800,5.02,52500,4.96,166900,5.03,15700,4.95,261700,5.04,12200,4.94,56100,5.05,62000,4.93,46800,5.06,18300,4.92,115500,5.08,38600,4.91,42700,5.09,16700,4.9,203700,5.1,11400,1744300,1834400,15:35:53.089
000931.SZ,000931,20260420,20260420,09:49:51.000,94951000,79,4.99,5.19,5.19,4.95,5.2,5.72,4.68,8758800,4392.8135,7694,4.99,133500,5.0,40200,4.98,44100,5.01,60800,4.97,120800,5.02,52300,4.96,166900,5.03,15700,4.95,261700,5.04,12200,4.94,56100,5.05,62000,4.93,46800,5.06,18300,4.92,115500,5.08,38600,4.91,42700,5.09,16700,4.9,203700,5.1,11400,1745000,1841400,15:35:53.339
000931.SZ,000931,20260420,20260420,09:49:54.000,94954000,79,4.99,5.19,5.19,4.95,5.2,5.72,4.68,8758800,4392.8135,7694,4.99,134400,5.0,51100,4.98,44100,5.01,58900,4.97,120800,5.02,52300,4.96,167900,5.03,15700,4.95,262700,5.04,12200,4.94,56100,5.05,62000,4.93,46800,5.06,18300,4.92,115500,5.08,38600,4.91,42700,5.09,16700,4.9,203700,5.1,11400,1747900,1850400,15:35:53.808
000931.SZ,000931,20260420,20260420,09:49:57.000,94957000,79,5.0,5.19,5.19,4.95,5.2,5.72,4.68,8762700,4394.7618,7706,4.99,136700,5.0,51400,4.98,81100,5.01,59200,4.97,120800,5.02,52300,4.96,172900,5.03,15700,4.95,262700,5.04,12200,4.94,56100,5.05,62000,4.93,46800,5.06,18300,4.92,115500,5.08,38600,4.91,42700,5.09,16700,4.9,203700,5.1,11400,1792200,1851000,15:35:54.028
000931.SZ,000931,20260420,20260420,09:50:00.000,95000000,79,5.0,5.19,5.19,4.95,5.2,5.72,4.68,8764900,4395.8618,7710,4.99,139500,5.0,53100,4.98,82100,5.01,59500,4.97,120800,5.02,52200,4.96,172900,5.03,15700,4.95,262700,5.04,12200,4.94,56100,5.05,62500,4.93,46800,5.06,18300,4.92,115500,5.08,38600,4.91,42800,5.09,16700,4.9,211200,5.1,11400,1803600,1853400,15:35:54.310
000931.SZ,000931,20260420,20260420,09:50:03.000,95003000,79,5.0,5.19,5.19,4.95,5.2,5.72,4.68,8764900,4395.8618,7710,4.99,140300,5.0,55500,4.98,82100,5.01,59500,4.97,120800,5.02,52200,4.96,172900,5.03,15700,4.95,262700,5.04,12200,4.94,56100,5.05,62500,4.93,46800,5.06,18300,4.92,115500,5.08,38600,4.91,42800,5.09,16700,4.9,211200,5.1,11400,1804400,1855800,15:35:55.064
000931.SZ,000931,20260420,20260420,09:50:06.000,95006000,79,5.0,5.19,5.19,4.95,5.2,5.72,4.68,8766900,4396.8618,7713,4.99,140300,5.0,54000,4.98,82100,5.01,61800,4.97,120800,5.02,52200,4.96,172900,5.03,17700,4.95,262700,5.04,12200,4.94,56100,5.05,62500,4.93,46800,5.06,18300,4.92,115500,5.08,38600,4.91,42800,5.09,16700,4.9,212200,5.1,11400,1804900,1858600,15:35:55.169
000931.SZ,000931,20260420,20260420,09:50:09.000,95009000,79,5.0,5.19,5.19,4.95,5.2,5.72,4.68,8778700,4402.7618,7735,4.99,140300,5.0,42800,4.98,82100,5.01,61100,4.97,120800,5.02,52200,4.96,172900,5.03,17700,4.95,264700,5.04,12200,4.94,56100,5.05,62500,4.93,46800,5.06,18300,4.92,115500,5.08,57600,4.91,42800,5.09,16700,4.9,212200,5.1,11400,1806900,1870700,15:35:55.564
000931.SZ,000931,20260420,20260420,09:50:12.000,95012000,79,5.0,5.19,5.19,4.95,5.2,5.72,4.68,8778700,4402.7618,7735,4.99,141900,5.0,43500,4.98,82100,5.01,61100,4.97,120800,5.02,52200,4.96,172900,5.03,17700,4.95,266000,5.04,12200,4.94,56100,5.05,62500,4.93,46800,5.06,18300,4.92,115500,5.08,57600,4.91,42800,5.09,16700,4.9,212100,5.1,11400,1810200,1871400,15:35:55.905
000931.SZ,000931,20260420,20260420,09:50:15.000,95015000,79,5.0,5.19,5.19,4.95,5.2,5.72,4.68,8778700,4402.7618,7735,4.99,141000,5.0,47000,4.98,82800,5.01,60700,4.97,121100,5.02,51900,4.96,173400,5.03,17700,4.95,266000,5.04,12200,4.94,56100,5.05,62500,4.93,46800,5.06,18300,4.92,115500,5.08,57600,4.91,42800,5.09,16700,4.9,212100,5.1,11400,1810800,1874200,15:35:56.170
000931.SZ,000931,20260420,20260420,09:50:18.000,95018000,79,5.0,5.19,5.19,4.95,5.2,5.72,4.68,8778800,4402.8118,7736,4.99,142000,5.0,70200,4.98,82800,5.01,60400,4.97,121100,5.02,51900,4.96,173400,5.03,17700,4.95,266100,5.04,12200,4.94,56100,5.05,62500,4.93,46800,5.06,18300,4.92,115500,5.08,57600,4.91,42800,5.09,16700,4.9,212100,5.1,11400,1811900,1897100,15:35:56.672
000931.SZ,000931,20260420,20260420,09:50:21.000,95021000,79,5.0,5.19,5.19,4.95,5.2,5.72,4.68,8789300,4408.053,7739,4.99,138900,5.0,69500,4.98,82800,5.01,60500,4.97,121100,5.02,51900,4.96,173400,5.03,17700,4.95,266100,5.04,12200,4.94,56100,5.05,62500,4.93,46800,5.06,18300,4.92,115500,5.08,57600,4.91,42800,5.09,16700,4.9,212100,5.1,11400,1808800,1896500,15:35:56.999
000931.SZ,000931,20260420,20260420,09:50:24.000,95024000,79,5.0,5.19,5.19,4.95,5.2,5.72,4.68,8793200,4410.0016,7745,4.99,137500,5.0,98300,4.98,84800,5.01,60200,4.97,121100,5.02,51900,4.96,173900,5.03,17700,4.95,266100,5.04,12200,4.94,56100,5.05,62500,4.93,46800,5.06,18300,4.92,115500,5.08,57600,4.91,42800,5.09,16700,4.9,212100,5.1,11400,1809900,1924600,15:35:57.382
000931.SZ,000931,20260420,20260420,09:50:27.000,95027000,79,4.99,5.19,5.19,4.95,5.2,5.72,4.68,8798700,4412.7471,7755,4.99,135000,5.0,104300,4.98,84800,5.01,60200,4.97,121100,5.02,51900,4.96,183900,5.03,17700,4.95,268100,5.04,12200,4.94,56100,5.05,62500,4.93,46800,5.06,18300,4.92,115500,5.08,57600,4.91,42800,5.09,16700,4.9,212100,5.1,11400,1819400,1930600,15:35:57.683
000931.SZ,000931,20260420,20260420,09:50:30.000,95030000,79,4.99,5.19,5.19,4.95,5.2,5.72,4.68,8810700,4418.7351,7761,4.99,123000,5.0,103900,4.98,84800,5.01,60300,4.97,121100,5.02,51800,4.96,196800,5.03,17700,4.95,268100,5.04,12200,4.94,56100,5.05,62500,4.93,46800,5.06,18300,4.92,115500,5.08,57600,4.91,42800,5.09,16700,4.9,212100,5.1,11400,1820300,1930200,15:35:58.031
000931.SZ,000931,20260420,20260420,09:50:33.000,95033000,79,4.99,5.19,5.19,4.95,5.2,5.72,4.68,8815700,4421.2301,7782,4.99,118000,5.0,107200,4.98,84800,5.01,60300,4.97,125100,5.02,51800,4.96,196800,5.03,17700,4.95,268100,5.04,12200,4.94,56100,5.05,62500,4.93,46800,5.06,18300,4.92,115500,5.08,57600,4.91,47800,5.09,16700,4.9,212100,5.1,11400,1824300,1933500,15:35:58.316
000931.SZ,000931,20260420,20260420,09:50:36.000,95036000,79,4.99,5.19,5.19,4.95,5.2,5.72,4.68,8817200,4421.9786,7784,4.99,116500,5.0,109000,4.98,84800,5.01,60300,4.97,125100,5.02,51800,4.96,196800,5.03,17700,4.95,268100,5.04,12200,4.94,56100,5.05,62500,4.93,46800,5.06,18300,4.92,115500,5.08,57600,4.91,47800,5.09,16700,4.9,212100,5.1,11400,1822800,1935300,15:35:58.730
000931.SZ,000931,20260420,20260420,09:50:39.000,95039000,79,4.99,5.19,5.19,4.95,5.2,5.72,4.68,8817800,4422.278,7786,4.99,123000,5.0,110100,4.98,85800,5.01,60300,4.97,125100,5.02,51800,4.96,196800,5.03,17700,4.95,268100,5.04,12200,4.94,56100,5.05,62500,4.93,46800,5.06,18300,4.92,117500,5.08,57600,4.91,47800,5.09,16700,4.9,212100,5.1,11400,1832300,1936400,15:35:58.937
000931.SZ,000931,20260420,20260420,09:50:42.000,95042000,79,4.99,5.19,5.19,4.95,5.2,5.72,4.68,8829100,4427.9275,7812,4.99,123000,5.0,100200,4.98,85800,5.01,58600,4.97,125100,5.02,51800,4.96,196800,5.03,17700,4.95,268100,5.04,12200,4.94,56100,5.05,62500,4.93,46800,5.06,18300,4.92,117500,5.08,57600,4.91,47800,5.09,16700,4.9,212100,5.1,11400,1832300,1924800,15:35:59.250
000931.SZ,000931,20260420,20260420,09:50:45.000,95045000,79,4.99,5.19,5.19,4.95,5.2,5.72,4.68,8829300,4428.0273,7813,4.99,124500,5.0,105900,4.98,85800,5.01,58600,4.97,125100,5.02,59800,4.96,198800,5.03,17700,4.95,268900,5.04,12200,4.94,56100,5.05,62500,4.93,46800,5.06,18300,4.92,117500,5.08,57600,4.91,47800,5.09,16700,4.9,212100,5.1,11400,1836600,1938500,15:35:59.645
000931.SZ,000931,20260420,20260420,09:50:48.000,95048000,79,4.99,5.19,5.19,4.95,5.2,5.72,4.68,8835100,4430.9215,7815,4.99,118800,5.0,105900,4.98,90200,5.01,58300,4.97,125100,5.02,59800,4.96,198800,5.03,17700,4.95,268900,5.04,12200,4.94,56100,5.05,62500,4.93,46800,5.06,18300,4.92,117500,5.08,57600,4.91,47800,5.09,16700,4.9,212100,5.1,11400,1835300,1938200,15:35:59.977
000931.SZ,000931,20260420,20260420,09:50:51.000,95051000,79,5.0,5.19,5.19,4.95,5.2,5.72,4.68,8836600,4431.6715,7817,4.99,236900,5.0,109400,4.98,90200,5.01,58300,4.97,125100,5.02,59800,4.96,198800,5.03,17700,4.95,268900,5.04,12200,4.94,56100,5.05,62500,4.93,46800,5.06,18300,4.92,117500,5.08,57600,4.91,47800,5.09,16700,4.9,212100,5.1,11400,1953400,1941700,15:36:00.320
000931.SZ,000931,20260420,20260420,09:50:54.000,95054000,79,5.0,5.19,5.19,4.95,5.2,5.72,4.68,8838200,4432.4704,7819,4.99,237000,5.0,108600,4.98,90700,5.01,58300,4.97,125100,5.02,59800,4.96,198800,5.03,17700,4.95,270900,5.04,12200,4.94,56100,5.05,62500,4.93,46800,5.06,18300,4.92,117500,5.08,57600,4.91,47800,5.09,16700,4.9,212100,5.1,11400,1956000,1940900,15:36:00.612
000931.SZ,000931,20260420,20260420,09:50:57.000,95057000,79,4.99,5.19,5.19,4.95,5.2,5.72,4.68,8841100,4433.9199,7822,4.99,239400,5.0,106200,4.98,90700,5.01,58300,4.97,125100,5.02,59800,4.96,198800,5.03,17700,4.95,262900,5.04,12200,4.94,56100,5.05,110100,4.93,46800,5.06,18300,4.92,117500,5.08,57600,4.91,47800,5.09,16700,4.9,212100,5.1,11400,1950400,1986100,15:36:00.742
000931.SZ,000931,20260420,20260420,09:51:00.000,95100000,79,5.0,5.19,5.19,4.95,5.2,5.72,4.68,8842100,4434.4199,7824,4.99,233300,5.0,107100,4.98,90700,5.01,58500,4.97,125100,5.02,59800,4.96,199400,5.03,17700,4.95,262900,5.04,12200,4.94,56100,5.05,110100,4.93,46900,5.06,18300,4.92,117500,5.08,57600,4.91,47700,5.09,16700,4.9,212100,5.1,11400,1944900,1987200,15:36:00.868
000931.SZ,000931,20260420,20260420,09:51:03.000,95103000,79,5.0,5.19,5.19,4.95,5.2,5.72,4.68,8842100,4434.4199,7824,4.99,233400,5.0,109900,4.98,90700,5.01,58500,4.97,125100,5.02,59800,4.96,186500,5.03,17700,4.95,262900,5.04,12200,4.94,56100,5.05,110100,4.93,46900,5.06,18300,4.92,117500,5.08,57600,4.91,47700,5.09,16700,4.9,212100,5.1,11400,1932100,1990000,15:36:01.035
000931.SZ,000931,20260420,20260420,09:51:06.000,95106000,79,5.0,5.19,5.19,4.95,5.2,5.72,4.68,8844100,4435.4199,7826,4.99,235000,5.0,110300,4.98,92700,5.01,58500,4.97,122400,5.02,59800,4.96,186500,5.03,17700,4.95,262900,5.04,12200,4.94,56100,5.05,110100,4.93,46900,5.06,18300,4.92,117500,5.08,57600,4.91,47700,5.09,16700,4.9,204500,5.1,11400,1925400,1990400,15:36:01.190
000931.SZ,000931,20260420,20260420,09:51:09.000,95109000,79,5.0,5.19,5.19,4.95,5.2,5.72,4.68,8846400,4436.5686,7832,4.99,231500,5.0,109100,4.98,93100,5.01,58500,4.97,116800,5.02,59800,4.96,186500,5.03,17700,4.95,262900,5.04,12200,4.94,56100,5.05,110100,4.93,46900,5.06,18300,4.92,117500,5.08,57600,4.91,47700,5.09,16700,4.9,204500,5.1,11400,1916700,1989200,15:36:01.279
000931.SZ,000931,20260420,20260420,09:51:12.000,95112000,79,5.01,5.19,5.19,4.95,5.2,5.72,4.68,9015400,4521.1096,8050,5.0,1400,5.01,36000,4.99,205000,5.02,59800,4.98,93100,5.03,17700,4.97,114200,5.04,12200,4.96,186500,5.05,110100,4.95,262900,5.06,18300,4.94,56100,5.08,57600,4.93,46800,5.09,16700,4.92,117500,5.1,11400,4.91,47700,5.11,28500,1889300,1857600,15:36:01.464
000931.SZ,000931,20260420,20260420,09:51:15.000,95115000,79,5.0,5.19,5.19,4.95,5.2,5.72,4.68,9020800,4523.8119,8055,5.0,4600,5.01,34900,4.99,199700,5.02,60200,4.98,93000,5.03,17700,4.97,114200,5.04,12200,4.96,186500,5.05,110100,4.95,262900,5.06,18300,4.94,56100,5.08,57600,4.93,46800,5.09,16700,4.92,117500,5.1,11400,4.91,47700,5.11,28500,1887100,1855900,15:36:01.533
000931.SZ,000931,20260420,20260420,09:51:18.000,95118000,79,5.0,5.19,5.19,4.95,5.2,5.72,4.68,9048800,4537.789,8074,5.0,100,5.01,37700,4.99,176800,5.02,61500,4.98,92800,5.03,17700,4.97,127100,5.04,12200,4.96,186500,5.05,110100,4.95,262900,5.06,18300,4.94,56100,5.08,57600,4.93,46800,5.09,16700,4.92,117500,5.1,11400,4.91,47700,5.11,28500,1872400,1860000,15:36:01.730
000931.SZ,000931,20260420,20260420,09:51:21.000,95121000,79,5.0,5.19,5.19,4.95,5.2,5.72,4.68,9053700,4540.239,8083,5.0,1000,5.01,38400,4.99,176800,5.02,61500,4.98,93800,5.03,17700,4.97,127100,5.04,12200,4.96,187000,5.05,110100,4.95,263400,5.06,18300,4.94,56100,5.08,57600,4.93,46800,5.09,16700,4.92,117500,5.1,11400,4.91,47700,5.11,28500,1875300,1875700,15:36:01.910
000931.SZ,000931,20260420,20260420,09:51:24.000,95124000,79,5.0,5.19,5.19,4.95,5.2,5.72,4.68,9056500,4541.6416,8087,5.0,4100,5.01,40100,4.99,170800,5.02,61800,4.98,93800,5.03,17700,4.97,127100,5.04,12200,4.96,187000,5.05,110100,4.95,263400,5.06,18300,4.94,56100,5.08,57600,4.93,46800,5.09,16700,4.92,117500,5.1,11400,4.91,47700,5.11,28500,1872400,1877800,15:36:02.315
000931.SZ,000931,20260420,20260420,09:51:27.000,95127000,79,5.01,5.19,5.19,4.95,5.2,5.72,4.68,9059700,4543.2445,8089,5.0,13300,5.01,41100,4.99,170300,5.02,61800,4.98,93800,5.03,17700,4.97,127100,5.04,12200,4.96,191000,5.05,110100,4.95,263700,5.06,18300,4.94,56100,5.08,57600,4.93,46800,5.09,16700,4.92,117500,5.1,11400,4.91,47700,5.11,28500,1885400,1879800,15:36:02.555
000931.SZ,000931,20260420,20260420,09:51:30.000,95130000,79,5.01,5.19,5.19,4.95,5.2,5.72,4.68,9059700,4543.2445,8089,5.0,16000,5.01,41800,4.99,170300,5.02,61800,4.98,93800,5.03,17700,4.97,127100,5.04,12200,4.96,191000,5.05,110100,4.95,264200,5.06,18300,4.94,56100,5.08,59600,4.93,46800,5.09,16700,4.92,117500,5.1,11400,4.91,47700,5.11,28500,1888600,1882500,15:36:02.819
000931.SZ,000931,20260420,20260420,09:51:33.000,95133000,79,5.0,5.19,5.19,4.95,5.2,5.72,4.68,9059800,4543.2945,8090,5.0,17400,5.01,42600,4.99,52200,5.02,61800,4.98,89800,5.03,17700,4.97,124700,5.04,12200,4.96,191000,5.05,110100,4.95,269200,5.06,18300,4.94,56100,5.08,59600,4.93,46800,5.09,16700,4.92,117500,5.1,11400,4.91,47700,5.11,28500,1770500,1883300,15:36:03.222
000931.SZ,000931,20260420,20260420,09:51:36.000,95136000,79,5.0,5.19,5.19,4.95,5.2,5.72,4.68,9083200,4554.9945,8103,4.99,51600,5.0,55800,4.98,89800,5.01,42900,4.97,124700,5.02,61800,4.96,190000,5.03,17700,4.95,269200,5.04,12200,4.94,56100,5.05,110100,4.93,46800,5.06,18300,4.92,117500,5.08,59600,4.91,47700,5.09,16700,4.9,204500,5.1,11400,1751500,1938300,15:36:03.616
000931.SZ,000931,20260420,20260420,09:51:39.000,95139000,79,5.0,5.19,5.19,4.95,5.2,5.72,4.68,9083200,4554.9945,8103,4.99,52800,5.0,59600,4.98,89300,5.01,43200,4.97,111800,5.02,61800,4.96,190000,5.03,17700,4.95,269200,5.04,12200,4.94,56100,5.05,110100,4.93,46800,5.06,18300,4.92,117500,5.08,60600,4.91,47700,5.09,16700,4.9,204500,5.1,11400,1739300,1943400,15:36:03.848
000931.SZ,000931,20260420,20260420,09:51:42.000,95142000,79,5.0,5.19,5.19,4.95,5.2,5.72,4.68,9084200,4555.4945,8105,4.99,52800,5.0,58900,4.98,89300,5.01,43200,4.97,111800,5.02,61800,4.96,190000,5.03,17700,4.95,270200,5.04,12200,4.94,56100,5.05,110100,4.93,46800,5.06,18300,4.92,117500,5.08,60600,4.91,47700,5.09,16700,4.9,204500,5.1,11400,1740300,1942700,15:36:04.143
000931.SZ,000931,20260420,20260420,09:51:45.000,95145000,79,4.99,5.19,5.19,4.95,5.2,5.72,4.68,9085700,4556.2432,8108,4.99,53500,5.0,59000,4.98,89300,5.01,43200,4.97,111800,5.02,61800,4.96,192000,5.03,17700,4.95,270200,5.04,12200,4.94,56100,5.05,110100,4.93,46800,5.06,18300,4.92,117500,5.08,60600,4.91,47700,5.09,16700,4.9,204500,5.1,11400,1743000,1942800,15:36:04.457
000931.SZ,000931,20260420,20260420,09:51:48.000,95148000,79,4.99,5.19,5.19,4.95,5.2,5.72,4.68,9085700,4556.2432,8108,4.99,56900,5.0,59000,4.98,89300,5.01,43200,4.97,111800,5.02,61800,4.96,192000,5.03,17700,4.95,270200,5.04,12200,4.94,56100,5.05,110100,4.93,46800,5.06,18300,4.92,117500,5.08,60600,4.91,47700,5.09,16700,4.9,204500,5.1,11400,1746400,1942800,15:36:04.680
000931.SZ,000931,20260420,20260420,09:51:51.000,95151000,79,5.0,5.19,5.19,4.95,5.2,5.72,4.68,9088100,4557.4432,8109,4.99,59900,5.0,56600,4.98,91500,5.01,43200,4.97,111800,5.02,61800,4.96,192000,5.03,17700,4.95,270200,5.04,12200,4.94,56100,5.05,110100,4.93,46800,5.06,18300,4.92,117500,5.08,60600,4.91,47700,5.09,16700,4.9,204500,5.1,11400,1751600,1940400,15:36:04.927
000931.SZ,000931,20260420,20260420,09:51:54.000,95154000,79,5.0,5.19,5.19,4.95,5.2,5.72,4.68,9089500,4558.1428,8111,4.99,59500,5.0,60600,4.98,91500,5.01,43500,4.97,111800,5.02,61800,4.96,192000,5.03,17700,4.95,273100,5.04,12200,4.94,56100,5.05,110100,4.93,46800,5.06,18300,4.92,117500,5.08,60600,4.91,47700,5.09,16700,4.9,204500,5.1,11400,1754100,1945700,15:36:05.317
000931.SZ,000931,20260420,20260420,09:51:57.000,95157000,79,5.0,5.19,5.19,4.95,5.2,5.72,4.68,9135000,4580.8779,8120,4.99,46000,5.0,30000,4.98,91500,5.01,43500,4.97,111800,5.02,61800,4.96,192000,5.03,17700,4.95,273100,5.04,12200,4.94,56100,5.05,110100,4.93,46800,5.06,18300,4.92,117500,5.08,60600,4.91,47700,5.09,16700,4.9,204500,5.1,11400,1740600,1915100,15:36:05.664
000931.SZ,000931,20260420,20260420,09:52:00.000,95200000,79,5.0,5.19,5.19,4.95,5.2,5.72,4.68,9135000,4580.8779,8120,4.99,50800,5.0,30700,4.98,92400,5.01,43500,4.97,111800,5.02,61800,4.96,192000,5.03,17700,4.95,273100,5.04,12200,4.94,56100,5.05,110100,4.93,46800,5.06,18300,4.92,117500,5.08,60600,4.91,47700,5.09,16700,4.9,204500,5.1,11400,1744000,1915800,15:36:06.005
000931.SZ,000931,20260420,20260420,09:52:03.000,95203000,79,4.99,5.19,5.19,4.95,5.2,5.72,4.68,9163100,4594.8998,8142,4.99,22700,5.0,31200,4.98,92400,5.01,43800,4.97,106500,5.02,61800,4.96,192000,5.03,17700,4.95,287400,5.04,12200,4.94,56100,5.05,110100,4.93,46800,5.06,18300,4.92,117500,5.08,60600,4.91,47700,5.09,16700,4.9,204500,5.1,11400,1724900,1916600,15:36:06.336
000931.SZ,000931,20260420,20260420,09:52:06.000,95206000,79,5.0,5.19,5.19,4.95,5.2,5.72,4.68,9164100,4595.3998,8143,4.99,23900,5.0,31200,4.98,92400,5.01,44700,4.97,106500,5.02,61800,4.96,192000,5.03,17700,4.95,287400,5.04,12200,4.94,56100,5.05,110100,4.93,46800,5.06,18300,4.92,117500,5.08,60600,4.91,47700,5.09,16700,4.9,204500,5.1,11400,1726100,1917500,15:36:06.753
000931.SZ,000931,20260420,20260420,09:52:09.000,95209000,79,5.0,5.19,5.19,4.95,5.2,5.72,4.68,9164100,4595.3998,8143,4.99,27000,5.0,31500,4.98,92400,5.01,45000,4.97,106500,5.02,61200,4.96,192000,5.03,17700,4.95,287400,5.04,12200,4.94,56100,5.05,110100,4.93,46800,5.06,18300,4.92,117500,5.08,60600,4.91,47700,5.09,16700,4.9,204500,5.1,11400,1729200,1917500,15:36:06.945
000931.SZ,000931,20260420,20260420,09:52:12.000,95212000,79,5.0,5.19,5.19,4.95,5.2,5.72,4.68,9164100,4595.3998,8143,4.99,27000,5.0,31800,4.98,92400,5.01,45600,4.97,106500,5.02,60600,4.96,192000,5.03,17700,4.95,287400,5.04,12200,4.94,56100,5.05,110100,4.93,46800,5.06,18300,4.92,117500,5.08,60600,4.91,47700,5.09,16700,4.9,204500,5.1,11400,1729200,1917800,15:36:07.225
000931.SZ,000931,20260420,20260420,09:52:15.000,95215000,79,5.0,5.19,5.19,4.95,5.2,5.72,4.68,9164100,4595.3998,8143,4.99,30800,5.0,32700,4.98,92300,5.01,46300,4.97,106500,5.02,60600,4.96,191300,5.03,17700,4.95,287400,5.04,12200,4.94,56100,5.05,110100,4.93,46800,5.06,18300,4.92,117500,5.08,60600,4.91,47700,5.09,16700,4.9,204500,5.1,11400,1732200,1919400,15:36:07.637
000931.SZ,000931,20260420,20260420,09:52:18.000,95218000,79,4.99,5.19,5.19,4.95,5.2,5.72,4.68,9186600,4606.6473,8162,4.99,69800,5.0,13000,4.98,87900,5.01,46600,4.97,106500,5.02,60600,4.96,191300,5.03,17700,4.95,287400,5.04,12200,4.94,56100,5.05,110100,4.93,46800,5.06,18300,4.92,117500,5.08,60600,4.91,47700,5.09,16700,4.9,204500,5.1,11400,1766800,1899100,15:36:07.974
000931.SZ,000931,20260420,20260420,09:52:21.000,95221000,79,5.0,5.19,5.19,4.95,5.2,5.72,4.68,9196400,4611.5473,8191,4.99,71000,5.01,46800,4.98,87200,5.02,60600,4.97,96400,5.03,17700,4.96,201300,5.04,12200,4.95,287400,5.05,110100,4.94,56100,5.06,18300,4.93,46800,5.08,60600,4.92,117500,5.09,16700,4.91,47700,5.1,11400,4.9,204500,5.11,28500,1767200,1886300,15:36:08.387
000931.SZ,000931,20260420,20260420,09:52:24.000,95224000,79,5.0,5.19,5.19,4.95,5.2,5.72,4.68,9197100,4611.8973,8192,5.0,9300,5.01,46800,4.99,71000,5.02,60600,4.98,87200,5.03,17700,4.97,97400,5.04,12200,4.96,201300,5.05,110100,4.95,287100,5.06,18300,4.94,56100,5.08,60600,4.93,46800,5.09,16700,4.92,117500,5.1,11400,4.91,47700,5.11,28500,1777200,1886300,15:36:08.711
000931.SZ,000931,20260420,20260420,09:52:27.000,95227000,79,5.0,5.19,5.19,4.95,5.2,5.72,4.68,9201500,4614.0973,8197,5.0,4900,5.01,47400,4.99,71000,5.02,60600,4.98,88300,5.03,17700,4.97,97400,5.04,12200,4.96,201300,5.05,110100,4.95,287100,5.06,18300,4.94,56100,5.08,60600,4.93,46800,5.09,16700,4.92,117500,5.1,11400,4.91,47700,5.11,28500,1773900,1886900,15:36:08.960
000931.SZ,000931,20260420,20260420,09:52:30.000,95230000,79,5.0,5.19,5.19,4.95,5.2,5.72,4.68,9210600,4618.6473,8209,4.99,71000,5.0,100,4.98,88300,5.01,48000,4.97,97400,5.02,60400,4.96,201300,5.03,17700,4.95,286600,5.04,12200,4.94,56100,5.05,110100,4.93,46800,5.06,18300,4.92,117500,5.08,60600,4.91,47700,5.09,16700,4.9,204500,5.1,11400,1768500,1888400,15:36:09.179
000931.SZ,000931,20260420,20260420,09:52:33.000,95233000,79,5.0,5.19,5.19,4.95,5.2,5.72,4.68,9212900,4619.7973,8218,4.99,71200,5.0,10100,4.98,88300,5.01,48000,4.97,97400,5.02,60400,4.96,201700,5.03,17700,4.95,286600,5.04,12200,4.94,56100,5.05,110100,4.93,46800,5.06,18300,4.92,117500,5.08,60600,4.91,47700,5.09,16700,4.9,204500,5.1,11400,1769100,1898400,15:36:09.567
000931.SZ,000931,20260420,20260420,09:52:36.000,95236000,79,4.99,5.19,5.19,4.95,5.2,5.72,4.68,9218200,4622.4472,8241,4.99,85900,5.0,5800,4.98,86300,5.01,48000,4.97,97400,5.02,60100,4.96,201700,5.03,17700,4.95,286600,5.04,12200,4.94,56100,5.05,110100,4.93,46800,5.06,18300,4.92,117500,5.08,60600,4.91,47700,5.09,16700,4.9,204500,5.1,11400,1781800,1893800,15:36:09.974
000931.SZ,000931,20260420,20260420,09:52:39.000,95239000,79,4.99,5.19,5.19,4.95,5.2,5.72,4.68,9218200,4622.4472,8241,4.99,95900,5.0,18200,4.98,90300,5.01,48000,4.97,112000,5.02,60100,4.96,201700,5.03,17700,4.95,286600,5.04,12200,4.94,56100,5.05,110100,4.93,46800,5.06,18300,4.92,117500,5.08,60600,4.91,47700,5.09,16700,4.9,204500,5.1,11400,1811400,1906200,15:36:10.164
000931.SZ,000931,20260420,20260420,09:52:42.000,95242000,79,5.0,5.19,5.19,4.95,5.2,5.72,4.68,9220200,4623.4472,8249,4.99,101100,5.0,18700,4.98,90300,5.01,48000,4.97,112000,5.02,60100,4.96,202200,5.03,17700,4.95,286600,5.04,12200,4.94,56100,5.05,110100,4.93,46800,5.06,18300,4.92,117500,5.08,60600,4.91,47700,5.09,16700,4.9,204500,5.1,11400,1817100,1906700,15:36:10.456
000931.SZ,000931,20260420,20260420,09:52:45.000,95245000,79,5.0,5.19,5.19,4.95,5.2,5.72,4.68,9220200,4623.4472,8249,4.99,169300,5.0,19000,4.98,94700,5.01,47700,4.97,112000,5.02,60100,4.96,202200,5.03,17700,4.95,286600,5.04,12200,4.94,56100,5.05,110100,4.93,46800,5.06,18300,4.92,117500,5.08,60600,4.91,47700,5.09,16700,4.9,204500,5.1,11400,1889100,1906700,15:36:10.899
000931.SZ,000931,20260420,20260420,09:52:48.000,95248000,79,5.0,5.19,5.19,4.95,5.2,5.72,4.68,9222000,4624.3465,8256,4.99,168600,5.0,18200,4.98,94700,5.01,47700,4.97,112000,5.02,60100,4.96,202200,5.03,17700,4.95,286600,5.04,12200,4.94,56100,5.05,110100,4.93,46800,5.06,18300,4.92,117500,5.08,60600,4.91,47700,5.09,16700,4.9,204500,5.1,11400,1889400,1905900,15:36:11.165
000931.SZ,000931,20260420,20260420,09:52:51.000,95251000,79,4.99,5.19,5.19,4.95,5.2,5.72,4.68,9227200,4626.9414,8262,4.99,165100,5.0,21600,4.98,100400,5.01,47700,4.97,112000,5.02,60100,4.96,202200,5.03,17700,4.95,286600,5.04,12200,4.94,56100,5.05,110100,4.93,46800,5.06,18300,4.92,117500,5.08,60600,4.91,47700,5.09,16700,4.9,204500,5.1,11400,1891600,1909300,15:36:11.479
000931.SZ,000931,20260420,20260420,09:52:54.000,95254000,79,5.0,5.19,5.19,4.95,5.2,5.72,4.68,9233600,4630.1403,8275,4.99,236500,5.0,17300,4.98,100400,5.01,47700,4.97,112000,5.02,60100,4.96,202200,5.03,17700,4.95,286600,5.04,12200,4.94,56100,5.05,110100,4.93,46800,5.06,18300,4.92,117500,5.08,60600,4.91,47700,5.09,16700,4.9,204500,5.1,10800,1964200,1904400,15:36:11.931
000931.SZ,000931,20260420,20260420,09:52:57.000,95257000,79,5.0,5.19,5.19,4.95,5.2,5.72,4.68,9242300,4634.4853,8281,4.99,232600,5.0,14200,4.98,100400,5.01,47100,4.97,112000,5.02,60100,4.96,200200,5.03,17700,4.95,286600,5.04,12200,4.94,56100,5.05,110100,4.93,46800,5.06,18300,4.92,117500,5.08,60600,4.91,47700,5.09,16700,4.9,204500,5.1,10800,1958300,1900700,15:36:12.301
000931.SZ,000931,20260420,20260420,09:53:00.000,95300000,79,5.0,5.19,5.19,4.95,5.2,5.72,4.68,9249200,4637.9353,8288,4.99,232600,5.0,7900,4.98,100400,5.01,47100,4.97,112000,5.02,60100,4.96,200200,5.03,17700,4.95,286600,5.04,12200,4.94,56100,5.05,110100,4.93,46800,5.06,18300,4.92,117500,5.08,60600,4.91,47700,5.09,16500,4.9,204500,5.1,10800,2008300,1894200,15:36:12.477
000931.SZ,000931,20260420,20260420,09:53:03.000,95303000,79,5.0,5.19,5.19,4.95,5.2,5.72,4.68,9250600,4638.6353,8292,4.99,232700,5.0,6500,4.98,102400,5.01,47200,4.97,112000,5.02,60000,4.96,190200,5.03,17700,4.95,289400,5.04,12200,4.94,56100,5.05,110100,4.93,46800,5.06,18300,4.92,117500,5.08,60600,4.91,47700,5.09,16500,4.9,204500,5.1,11200,2003200,1893200,15:36:12.996
000931.SZ,000931,20260420,20260420,09:53:06.000,95306000,79,5.0,5.19,5.19,4.95,5.2,5.72,4.68,9253900,4640.2853,8300,4.99,163200,5.0,5100,4.98,102400,5.01,47200,4.97,112000,5.02,60000,4.96,190200,5.03,17700,4.95,289400,5.04,12200,4.94,56100,5.05,110100,4.93,46800,5.06,18300,4.92,117500,5.08,60600,4.91,47700,5.09,16500,4.9,204500,5.1,11200,1933700,1891800,15:36:13.279
000931.SZ,000931,20260420,20260420,09:53:09.000,95309000,79,5.0,5.19,5.19,4.95,5.2,5.72,4.68,9253900,4640.2853,8300,4.99,173200,5.0,9700,4.98,102400,5.01,47200,4.97,112000,5.02,59900,4.96,190200,5.03,17700,4.95,294400,5.04,12200,4.94,56100,5.05,110100,4.93,46800,5.06,18300,4.92,117500,5.08,60600,4.91,47700,5.09,16500,4.9,204500,5.1,11200,1947700,1896300,15:36:13.637
000931.SZ,000931,20260420,20260420,09:53:12.000,95312000,79,5.0,5.19,5.19,4.95,5.2,5.72,4.68,9253900,4640.2853,8300,4.99,175100,5.0,13600,4.98,102400,5.01,48100,4.97,112000,5.02,59900,4.96,205600,5.03,17700,4.95,294400,5.04,12200,4.94,56100,5.05,110100,4.93,46800,5.06,18300,4.92,117500,5.08,60200,4.91,47700,5.09,16500,4.9,204500,5.1,11200,1965000,1901700,15:36:13.870
000931.SZ,000931,20260420,20260420,09:53:15.000,95315000,79,5.0,5.19,5.19,4.95,5.2,5.72,4.68,9297700,4662.1853,8379,5.0,56700,5.01,48100,4.99,175100,5.02,60200,4.98,102400,5.03,17700,4.97,112000,5.04,12200,4.96,205600,5.05,110100,4.95,295400,5.06,18300,4.94,56100,5.08,60200,4.93,46800,5.09,16500,4.92,117500,5.1,11200,4.91,47700,5.11,28500,2022700,1888400,15:36:14.241
000931.SZ,000931,20260420,20260420,09:53:18.000,95318000,79,5.0,5.19,5.19,4.95,5.2,5.72,4.68,9298600,4662.6353,8382,5.0,80000,5.01,48600,4.99,175500,5.02,60700,4.98,102400,5.03,17700,4.97,112000,5.04,12200,4.96,205600,5.05,110100,4.95,295400,5.06,18300,4.94,56100,5.08,60200,4.93,46800,5.09,16500,4.92,117500,5.1,11200,4.91,47700,5.11,28500,2028600,1889400,15:36:14.620
000931.SZ,000931,20260420,20260420,09:53:21.000,95321000,79,5.0,5.19,5.19,4.95,5.2,5.72,4.68,9302100,4664.3853,8383,5.0,78600,5.01,53500,4.99,175500,5.02,61200,4.98,102400,5.03,17700,4.97,112000,5.04,12200,4.96,205600,5.05,110100,4.95,295400,5.06,18300,4.94,56100,5.08,60200,4.93,46800,5.09,16500,4.92,117500,5.1,11200,4.91,47700,5.11,28500,2037200,1894800,15:36:14.869
000931.SZ,000931,20260420,20260420,09:53:24.000,95324000,79,5.01,5.19,5.19,4.95,5.2,5.72,4.68,9302800,4664.736,8384,5.0,81500,5.01,52800,4.99,175100,5.02,61200,4.98,102400,5.03,17700,4.97,112000,5.04,12200,4.96,205600,5.05,110100,4.95,296900,5.06,16100,4.94,56100,5.08,60200,4.93,46800,5.09,16500,4.92,117500,5.1,11200,4.91,47700,5.11,28500,2041100,1891900,15:36:15.307
000931.SZ,000931,20260420,20260420,09:53:27.000,95327000,79,5.01,5.19,5.19,4.95,5.2,5.72,4.68,9302800,4664.736,8384,5.0,81500,5.01,53600,4.99,175100,5.02,61500,4.98,102400,5.03,17700,4.97,112000,5.04,12200,4.96,205600,5.05,110100,4.95,296900,5.06,16100,4.94,56100,5.08,60200,4.93,46800,5.09,16500,4.92,117500,5.1,11200,4.91,47700,5.11,28500,2041100,1893000,15:36:15.713
000931.SZ,000931,20260420,20260420,09:53:30.000,95330000,79,5.0,5.19,5.19,4.95,5.2,5.72,4.68,9306600,4666.636,8386,5.0,88900,5.01,53800,4.99,175100,5.02,61500,4.98,102400,5.03,19900,4.97,112000,5.04,12200,4.96,205600,5.05,110100,4.95,295000,5.06,16100,4.94,56100,5.08,60200,4.93,46800,5.09,16500,4.92,117500,5.1,11200,4.91,47700,5.11,28500,2046600,1895400,15:36:15.944
000931.SZ,000931,20260420,20260420,09:53:33.000,95333000,79,5.01,5.19,5.19,4.95,5.2,5.72,4.68,9308400,4667.5365,8389,5.0,89900,5.01,54000,4.99,106900,5.02,61500,4.98,100400,5.03,19900,4.97,112000,5.04,12200,4.96,205600,5.05,110100,4.95,295000,5.06,16100,4.94,56100,5.08,60200,4.93,46800,5.09,16500,4.92,117500,5.1,11200,4.91,47700,5.11,28500,1977400,1895600,15:36:16.289
000931.SZ,000931,20260420,20260420,09:53:36.000,95336000,79,5.01,5.19,5.19,4.95,5.2,5.72,4.68,9318000,4672.3461,8408,5.0,89900,5.01,49400,4.99,106900,5.02,61500,4.98,100400,5.03,19900,4.97,112000,5.04,12200,4.96,205600,5.05,110100,4.95,295000,5.06,16100,4.94,56100,5.08,60200,4.93,46800,5.09,16500,4.92,117500,5.1,11200,4.91,47700,5.11,28500,1977400,1891000,15:36:16.664
000931.SZ,000931,20260420,20260420,09:53:39.000,95339000,79,5.01,5.19,5.19,4.95,5.2,5.72,4.68,9318000,4672.3461,8408,5.0,208500,5.01,49900,4.99,106900,5.02,61500,4.98,100400,5.03,19900,4.97,130100,5.04,12200,4.96,305600,5.05,110100,4.95,295000,5.06,16100,4.94,56100,5.08,60200,4.93,46800,5.09,16500,4.92,117500,5.1,11200,4.91,47700,5.11,28500,2214100,1893400,15:36:16.910
000931.SZ,000931,20260420,20260420,09:53:42.000,95342000,79,5.0,5.19,5.19,4.95,5.2,5.72,4.68,9318700,4672.6961,8409,5.0,207800,5.01,49900,4.99,106800,5.02,61500,4.98,100400,5.03,19900,4.97,130100,5.04,12200,4.96,305600,5.05,110100,4.95,295000,5.06,16100,4.94,56100,5.08,60200,4.93,46800,5.09,16500,4.92,117500,5.1,11200,4.91,47700,5.11,28500,2213300,1893400,15:36:17.225
000931.SZ,000931,20260420,20260420,09:53:45.000,95345000,79,5.0,5.19,5.19,4.95,5.2,5.72,4.68,9318700,4672.6961,8409,5.0,209500,5.01,49200,4.99,106800,5.02,61500,4.98,100400,5.03,19900,4.97,130100,5.04,12200,4.96,305600,5.05,110100,4.95,295000,5.06,16100,4.94,56100,5.08,60200,4.93,46800,5.09,16500,4.92,117500,5.1,11200,4.91,47700,5.11,28500,2215000,1892700,15:36:17.494
000931.SZ,000931,20260420,20260420,09:53:48.000,95348000,79,5.0,5.19,5.19,4.95,5.2,5.72,4.68,9325300,4675.9961,8410,5.0,202900,5.01,49200,4.99,113100,5.02,61500,4.98,100400,5.03,19900,4.97,130100,5.04,12200,4.96,305600,5.05,110100,4.95,295000,5.06,16100,4.94,56100,5.08,60200,4.93,46800,5.09,16500,4.92,117500,5.1,11200,4.91,47700,5.11,28500,2214700,1892700,15:36:17.830
000931.SZ,000931,20260420,20260420,09:53:51.000,95351000,79,5.0,5.19,5.19,4.95,5.2,5.72,4.68,9325300,4675.9961,8410,5.0,202900,5.01,49200,4.99,113100,5.02,61500,4.98,100400,5.03,19900,4.97,130100,5.04,12200,4.96,305600,5.05,110100,4.95,295000,5.06,16100,4.94,56100,5.08,60200,4.93,46800,5.09,16500,4.92,117500,5.1,11200,4.91,47700,5.11,28500,2218200,1892700,15:36:18.164
000931.SZ,000931,20260420,20260420,09:53:54.000,95354000,79,5.0,5.19,5.19,4.95,5.2,5.72,4.68,9325600,4676.1461,8411,5.0,204200,5.01,53700,4.99,113100,5.02,61500,4.98,100400,5.03,19900,4.97,130100,5.04,12200,4.96,305600,5.05,110100,4.95,295000,5.06,16100,4.94,56100,5.08,60200,4.93,46800,5.09,16500,4.92,117500,5.1,11200,4.91,47700,5.11,28500,2219500,1897200,15:36:18.508
000931.SZ,000931,20260420,20260420,09:53:57.000,95357000,79,5.0,5.19,5.19,4.95,5.2,5.72,4.68,9325700,4676.1961,8412,5.0,204100,5.01,53700,4.99,106800,5.02,61500,4.98,100400,5.03,19900,4.97,130100,5.04,12200,4.96,305600,5.05,110100,4.95,295000,5.06,16100,4.94,56100,5.08,60200,4.93,46800,5.09,16500,4.92,117500,5.1,11200,4.91,47700,5.11,28500,2213100,1897200,15:36:18.740
000931.SZ,000931,20260420,20260420,09:54:00.000,95400000,79,5.0,5.19,5.19,4.95,5.2,5.72,4.68,9325700,4676.1961,8412,5.0,204100,5.01,54000,4.99,106300,5.02,61500,4.98,100400,5.03,19900,4.97,130100,5.04,12200,4.96,307600,5.05,110100,4.95,295000,5.06,16100,4.94,56100,5.08,60200,4.93,46800,5.09,16500,4.92,117500,5.1,11200,4.91,47700,5.11,28500,2214600,1897500,15:36:18.990
000931.SZ,000931,20260420,20260420,09:54:03.000,95403000,79,5.0,5.19,5.19,4.95,5.2,5.72,4.68,9325700,4676.1961,8412,5.0,207300,5.01,54000,4.99,106300,5.02,61500,4.98,100400,5.03,19900,4.97,130100,5.04,11200,4.96,307600,5.05,110100,4.95,295000,5.06,16100,4.94,56100,5.08,60200,4.93,46800,5.09,16500,4.92,117500,5.1,11200,4.91,47700,5.11,28500,2218300,1896500,15:36:19.496
000931.SZ,000931,20260420,20260420,09:54:06.000,95406000,79,5.0,5.19,5.19,4.95,5.2,5.72,4.68,9325700,4676.1961,8412,5.0,207300,5.01,55200,4.99,113700,5.02,61500,4.98,100400,5.03,19900,4.97,130100,5.04,11200,4.96,307600,5.05,110100,4.95,297000,5.06,16100,4.94,56100,5.08,60200,4.93,46800,5.09,16500,4.92,117500,5.1,11200,4.91,63300,5.11,28500,2243300,1897700,15:36:19.822
000931.SZ,000931,20260420,20260420,09:54:09.000,95409000,79,5.0,5.19,5.19,4.95,5.2,5.72,4.68,9325700,4676.1961,8412,5.0,207300,5.01,55200,4.99,113700,5.02,61500,4.98,100400,5.03,19900,4.97,132100,5.04,11200,4.96,307600,5.05,110100,4.95,297000,5.06,16100,4.94,56100,5.08,60200,4.93,46800,5.09,16500,4.92,117500,5.1,11200,4.91,63300,5.11,28500,2245300,1897700,15:36:20.135
000931.SZ,000931,20260420,20260420,09:54:12.000,95412000,79,5.0,5.19,5.19,4.95,5.2,5.72,4.68,9325700,4676.1961,8412,5.0,216300,5.01,55200,4.99,113700,5.02,61500,4.98,100400,5.03,19900,4.97,132100,5.04,11200,4.96,307600,5.05,110100,4.95,298300,5.06,16100,4.94,56100,5.08,60200,4.93,46800,5.09,16500,4.92,117500,5.1,11200,4.91,63300,5.11,28500,2255600,1897700,15:36:20.492
000931.SZ,000931,20260420,20260420,09:54:15.000,95415000,79,5.01,5.19,5.19,4.95,5.2,5.72,4.68,9327400,4677.0478,8420,5.0,217800,5.01,53500,4.99,113700,5.02,61500,4.98,100400,5.03,19900,4.97,132100,5.04,11200,4.96,307600,5.05,110100,4.95,298300,5.06,16100,4.94,56100,5.08,60200,4.93,46800,5.09,16500,4.92,117500,5.1,11200,4.91,63300,5.11,28500,2257100,1896000,15:36:20.743
000931.SZ,000931,20260420,20260420,09:54:18.000,95418000,79,5.01,5.19,5.19,4.95,5.2,5.72,4.68,9327400,4677.0478,8420,5.0,217800,5.01,53500,4.99,113700,5.02,61500,4.98,100400,5.03,19900,4.97,132100,5.04,11200,4.96,307600,5.05,110100,4.95,298300,5.06,16100,4.94,56100,5.08,60200,4.93,46800,5.09,16500,4.92,117500,5.1,11200,4.91,63300,5.11,28500,2256000,1896000,15:36:20.996
000931.SZ,000931,20260420,20260420,09:54:21.000,95421000,79,5.01,5.19,5.19,4.95,5.2,5.72,4.68,9330400,4678.5508,8433,5.0,215000,5.01,55700,4.99,113700,5.02,61500,4.98,100400,5.03,19900,4.97,132100,5.04,11200,4.96,307600,5.05,110100,4.95,298300,5.06,16100,4.94,56100,5.08,60200,4.93,46800,5.09,16500,4.92,117500,5.1,11200,4.91,63300,5.11,28500,2253200,1898200,15:36:21.339
000931.SZ,000931,20260420,20260420,09:54:24.000,95424000,79,5.01,5.19,5.19,4.95,5.2,5.72,4.68,9337700,4682.202,8440,5.0,209000,5.01,59000,4.99,113700,5.02,61500,4.98,100400,5.03,19900,4.97,132100,5.04,11200,4.96,307600,5.05,110100,4.95,298300,5.06,22100,4.94,56100,5.08,60200,4.93,46800,5.09,16500,4.92,117500,5.1,11200,4.91,63300,5.11,28500,2248200,1907500,15:36:21.560
000931.SZ,000931,20260420,20260420,09:54:27.000,95427000,79,5.0,5.19,5.19,4.95,5.2,5.72,4.68,9382200,4704.472,8472,5.0,184500,5.01,216900,4.99,72200,5.02,61500,4.98,100400,5.03,19900,4.97,132100,5.04,11200,4.96,315600,5.05,110100,4.95,298300,5.06,22100,4.94,56100,5.08,60200,4.93,46800,5.09,16500,4.92,117500,5.1,11200,4.91,63300,5.11,28500,2190200,2065400,15:36:21.923
000931.SZ,000931,20260420,20260420,09:54:30.000,95430000,79,5.01,5.19,5.19,4.95,5.2,5.72,4.68,9468100,4747.4231,8527,5.0,99700,5.01,255400,4.99,72200,5.02,61500,4.98,100400,5.03,19900,4.97,132100,5.04,11200,4.96,315600,5.05,110100,4.95,298300,5.06,22100,4.94,57100,5.08,60200,4.93,46800,5.09,16500,4.92,117500,5.1,11200,4.91,63300,5.11,28500,2106400,2103900,15:36:22.200
000931.SZ,000931,20260420,20260420,09:54:33.000,95433000,79,4.99,5.19,5.19,4.95,5.2,5.72,4.68,9570900,4798.8227,8583,4.99,71800,5.0,56300,4.98,100400,5.01,268500,4.97,132100,5.02,60900,4.96,315600,5.03,19900,4.95,298300,5.04,11200,4.94,57100,5.05,110100,4.93,46800,5.06,22100,4.92,117500,5.08,60200,4.91,63300,5.09,16500,4.9,204500,5.1,11200,2006300,2172700,15:36:22.531
000931.SZ,000931,20260420,20260420,09:54:36.000,95436000,79,5.0,5.19,5.19,4.95,5.2,5.72,4.68,9572700,4799.721,8588,4.99,70500,5.0,71200,4.98,100400,5.01,270500,4.97,132100,5.02,59000,4.96,315600,5.03,19900,4.95,298300,5.04,11200,4.94,57100,5.05,110100,4.93,46800,5.06,22100,4.92,117500,5.08,60200,4.91,63300,5.09,16500,4.9,204500,5.1,11200,2005000,2188200,15:36:22.763
000931.SZ,000931,20260420,20260420,09:54:39.000,95439000,79,5.0,5.19,5.19,4.95,5.2,5.72,4.68,9573000,4799.8709,8591,4.99,77400,5.0,70900,4.98,100400,5.01,268600,4.97,132100,5.02,57800,4.96,315600,5.03,19900,4.95,298300,5.04,11200,4.94,57100,5.05,110100,4.93,46800,5.06,22100,4.92,117500,5.08,60200,4.91,63300,5.09,16500,4.9,204500,5.1,11200,2011900,2184800,15:36:23.077
000931.SZ,000931,20260420,20260420,09:54:42.000,95442000,79,5.0,5.19,5.19,4.95,5.2,5.72,4.68,9573100,4799.9209,8592,4.99,118800,5.0,67200,4.98,100400,5.01,268600,4.97,132100,5.02,57500,4.96,315600,5.03,19900,4.95,296300,5.04,11200,4.94,57100,5.05,110100,4.93,46800,5.06,22100,4.92,117500,5.08,60200,4.91,63300,5.09,16500,4.9,202500,5.1,11200,2049300,2180800,15:36:23.322
000931.SZ,000931,20260420,20260420,09:54:45.000,95445000,79,5.0,5.19,5.19,4.95,5.2,5.72,4.68,9575400,4801.0708,8595,4.99,118700,5.0,65900,4.98,100400,5.01,267900,4.97,132100,5.02,57500,4.96,315600,5.03,19900,4.95,296300,5.04,11200,4.94,57100,5.05,110100,4.93,46800,5.06,22100,4.92,117500,5.08,60200,4.91,63300,5.09,16500,4.9,202500,5.1,11200,2049200,2178800,15:36:23.605
000931.SZ,000931,20260420,20260420,09:54:48.000,95448000,79,5.0,5.19,5.19,4.95,5.2,5.72,4.68,9576500,4801.6204,8597,4.99,118300,5.0,66700,4.98,100400,5.01,267900,4.97,133100,5.02,57500,4.96,315600,5.03,19900,4.95,296300,5.04,11200,4.94,57100,5.05,110100,4.93,46800,5.06,22100,4.92,117500,5.08,60200,4.91,63300,5.09,16500,4.9,202500,5.1,11200,2049800,2179600,15:36:23.986
000931.SZ,000931,20260420,20260420,09:54:51.000,95451000,79,5.0,5.19,5.19,4.95,5.2,5.72,4.68,9649600,4838.1696,8656,5.0,24600,5.01,267900,4.99,76200,5.02,57900,4.98,100400,5.03,19900,4.97,133100,5.04,11200,4.96,315600,5.05,110100,4.95,296300,5.06,22100,4.94,57100,5.08,60200,4.93,46800,5.09,16500,4.92,117500,5.1,11200,4.91,63300,5.11,28500,2032800,2113300,15:36:24.260
000931.SZ,000931,20260420,20260420,09:54:54.000,95454000,79,5.0,5.19,5.19,4.95,5.2,5.72,4.68,9650700,4838.7196,8659,5.0,23500,5.01,268900,4.99,76200,5.02,57900,4.98,101400,5.03,19900,4.97,133100,5.04,11200,4.96,315600,5.05,110100,4.95,298700,5.06,22100,4.94,57100,5.08,60200,4.93,46800,5.09,16500,4.92,117500,5.1,11200,4.91,63300,5.11,28500,2035100,2114300,15:36:24.604
000931.SZ,000931,20260420,20260420,09:54:57.000,95457000,79,5.0,5.19,5.19,4.95,5.2,5.72,4.68,9653100,4839.9196,8661,5.0,21100,5.01,268900,4.99,76200,5.02,58200,4.98,101400,5.03,19900,4.97,132800,5.04,11200,4.96,315600,5.05,110100,4.95,298700,5.06,22100,4.94,57100,5.08,60200,4.93,46800,5.09,16500,4.92,117500,5.1,11200,4.91,63300,5.11,28500,2032400,2114600,15:36:25.090
000931.SZ,000931,20260420,20260420,09:55:00.000,95500000,79,5.0,5.19,5.19,4.95,5.2,5.72,4.68,9653100,4839.9196,8661,5.0,22100,5.01,268900,4.99,86200,5.02,58300,4.98,101400,5.03,19900,4.97,132800,5.04,11200,4.96,314000,5.05,110100,4.95,298700,5.06,22100,4.94,57100,5.08,60200,4.93,46800,5.09,16500,4.92,117500,5.1,11200,4.91,65300,5.11,28500,2043800,2114700,15:36:25.179
000931.SZ,000931,20260420,20260420,09:55:03.000,95503000,79,5.0,5.19,5.19,4.95,5.2,5.72,4.68,9653100,4839.9196,8661,5.0,22600,5.01,268900,4.99,86800,5.02,58300,4.98,103400,5.03,19900,4.97,132800,5.04,11200,4.96,314000,5.05,110100,4.95,298700,5.06,22100,4.94,57100,5.08,60200,4.93,46800,5.09,16500,4.92,117500,5.1,11200,4.91,65300,5.11,28500,2046900,2114700,15:36:25.603
000931.SZ,000931,20260420,20260420,09:55:06.000,95506000,79,5.0,5.19,5.19,4.95,5.2,5.72,4.68,9653100,4839.9196,8661,5.0,22600,5.01,268900,4.99,86700,5.02,58500,4.98,103400,5.03,19900,4.97,132800,5.04,11200,4.96,314000,5.05,110100,4.95,298700,5.06,22100,4.94,57100,5.08,60200,4.93,46800,5.09,16500,4.92,117500,5.1,11200,4.91,65300,5.11,28500,2048800,2114900,15:36:25.900
000931.SZ,000931,20260420,20260420,09:55:09.000,95509000,79,5.0,5.19,5.19,4.95,5.2,5.72,4.68,9653100,4839.9196,8661,5.0,26300,5.01,268900,4.99,81700,5.02,59500,4.98,103400,5.03,19900,4.97,132800,5.04,11200,4.96,314000,5.05,109600,4.95,298700,5.06,22100,4.94,57100,5.08,60200,4.93,46800,5.09,16500,4.92,117500,5.1,11200,4.91,65300,5.11,28500,2047500,2115400,15:36:26.100
000931.SZ,000931,20260420,20260420,09:55:12.000,95512000,79,5.0,5.19,5.19,4.95,5.2,5.72,4.68,9659300,4843.0196,8663,5.0,61700,5.01,268900,4.99,81200,5.02,59500,4.98,103400,5.03,19900,4.97,132800,5.04,11200,4.96,314000,5.05,109600,4.95,299200,5.06,22100,4.94,57100,5.08,60200,4.93,46800,5.09,16500,4.92,117500,5.1,11200,4.91,65300,5.11,28500,2082900,2115400,15:36:26.398
000931.SZ,000931,20260420,20260420,09:55:15.000,95515000,79,5.0,5.19,5.19,4.95,5.2,5.72,4.68,9659300,4843.0196,8663,5.0,61700,5.01,269000,4.99,81200,5.02,59600,4.98,103400,5.03,19900,4.97,132800,5.04,11200,4.96,314000,5.05,109600,4.95,299200,5.06,22100,4.94,57100,5.08,60200,4.93,46800,5.09,16500,4.92,117500,5.1,11200,4.91,65300,5.11,28500,2082900,2115700,15:36:26.776
000931.SZ,000931,20260420,20260420,09:55:18.000,95518000,79,5.01,5.19,5.19,4.95,5.2,5.72,4.68,9662200,4844.4725,8672,5.0,61700,5.01,267100,4.99,81000,5.02,59600,4.98,103400,5.03,19900,4.97,132800,5.04,11200,4.96,314000,5.05,109600,4.95,299200,5.06,22100,4.94,57100,5.08,60200,4.93,46800,5.09,16500,4.92,117500,5.1,11200,4.91,65300,5.11,28500,2082700,2113800,15:36:27.051
000931.SZ,000931,20260420,20260420,09:55:21.000,95521000,79,5.01,5.19,5.19,4.95,5.2,5.72,4.68,9662200,4844.4725,8672,5.0,66700,5.01,267100,4.99,81000,5.02,59600,4.98,103400,5.03,19900,4.97,132800,5.04,11200,4.96,314000,5.05,109600,4.95,299200,5.06,22100,4.94,57100,5.08,60200,4.93,46800,5.09,16500,4.92,117500,5.1,11200,4.91,65300,5.11,28500,2087700,2113800,15:36:27.585
000931.SZ,000931,20260420,20260420,09:55:24.000,95524000,79,5.01,5.19,5.19,4.95,5.2,5.72,4.68,9662600,4844.6729,8674,5.0,69800,5.01,266700,4.99,101000,5.02,59600,4.98,103400,5.03,19900,4.97,132800,5.04,11200,4.96,314000,5.05,109600,4.95,299200,5.06,22100,4.94,57100,5.08,60200,4.93,46800,5.09,16500,4.92,117500,5.1,11200,4.91,65300,5.11,28500,2110800,2113400,15:36:27.693
000931.SZ,000931,20260420,20260420,09:55:27.000,95527000,79,5.01,5.19,5.19,4.95,5.2,5.72,4.68,9662600,4844.6729,8674,5.0,89900,5.01,267000,4.99,101000,5.02,59600,4.98,103400,5.03,19900,4.97,132800,5.04,11200,4.96,314000,5.05,109600,4.95,299200,5.06,22100,4.94,57100,5.08,60200,4.93,46800,5.09,16500,4.92,117500,5.1,11300,4.91,65300,5.11,28500,2131000,2113800,15:36:28.037
000931.SZ,000931,20260420,20260420,09:55:30.000,95530000,79,5.01,5.19,5.19,4.95,5.2,5.72,4.68,9662600,4844.6729,8674,5.0,89900,5.01,267000,4.99,104000,5.02,59600,4.98,103400,5.03,19900,4.97,132800,5.04,11200,4.96,314000,5.05,109600,4.95,299200,5.06,22100,4.94,57100,5.08,60200,4.93,46800,5.09,16500,4.92,117500,5.1,11300,4.91,65300,5.11,28500,2134000,2113800,15:36:28.288
000931.SZ,000931,20260420,20260420,09:55:33.000,95533000,79,5.01,5.19,5.19,4.95,5.2,5.72,4.68,9662600,4844.6729,8674,5.0,105900,5.01,267000,4.99,104000,5.02,59600,4.98,103400,5.03,19900,4.97,133800,5.04,11200,4.96,314000,5.05,109600,4.95,299200,5.06,22100,4.94,57100,5.08,60200,4.93,46800,5.09,16500,4.92,117500,5.1,11300,4.91,65300,5.11,28500,2150000,2113800,15:36:28.709
000931.SZ,000931,20260420,20260420,09:55:36.000,95536000,79,5.01,5.19,5.19,4.95,5.2,5.72,4.68,9672600,4849.6829,8689,5.0,105900,5.01,270100,4.99,104000,5.02,59600,4.98,103400,5.03,19900,4.97,133800,5.04,11200,4.96,314000,5.05,109600,4.95,299200,5.06,22100,4.94,57100,5.08,60200,4.93,46800,5.09,16500,4.92,117500,5.1,11300,4.91,65300,5.11,28500,2150000,2116900,15:36:28.912
000931.SZ,000931,20260420,20260420,09:55:39.000,95539000,79,5.01,5.19,5.19,4.95,5.2,5.72,4.68,9672600,4849.6829,8689,5.0,110900,5.01,270200,4.99,104000,5.02,59600,4.98,103400,5.03,19900,4.97,115700,5.04,11200,4.96,313000,5.05,109600,4.95,309200,5.06,22100,4.94,57100,5.08,60200,4.93,46800,5.09,16500,4.92,117500,5.1,11300,4.91,65300,5.11,28500,2145900,2117000,15:36:29.347
000931.SZ,000931,20260420,20260420,09:55:42.000,95542000,79,5.01,5.19,5.19,4.95,5.2,5.72,4.68,9673100,4849.9334,8690,5.0,115500,5.01,269700,4.99,104000,5.02,59600,4.98,103400,5.03,19900,4.97,115700,5.04,11200,4.96,313000,5.05,109600,4.95,311200,5.06,22100,4.94,57100,5.08,60200,4.93,46800,5.09,16500,4.92,117500,5.1,11300,4.91,65300,5.11,28500,2152500,2116500,15:36:29.638
000931.SZ,000931,20260420,20260420,09:55:45.000,95545000,79,5.01,5.19,5.19,4.95,5.2,5.72,4.68,9673100,4849.9334,8690,5.0,118500,5.01,269700,4.99,104000,5.02,59600,4.98,103400,5.03,19900,4.97,115700,5.04,11200,4.96,314000,5.05,109600,4.95,311200,5.06,22100,4.94,57100,5.08,60200,4.93,46800,5.09,16500,4.92,117500,5.1,11300,4.91,65300,5.11,28500,2156500,2116500,15:36:29.881
000931.SZ,000931,20260420,20260420,09:55:48.000,95548000,79,5.01,5.19,5.19,4.95,5.2,5.72,4.68,9673100,4849.9334,8690,5.0,118500,5.01,269700,4.99,104000,5.02,59300,4.98,103400,5.03,19900,4.97,115700,5.04,11200,4.96,314000,5.05,109600,4.95,311200,5.06,22100,4.94,57100,5.08,60200,4.93,46800,5.09,16500,4.92,117500,5.1,11300,4.91,65300,5.11,28500,2158600,2116200,15:36:30.089
000931.SZ,000931,20260420,20260420,09:55:51.000,95551000,79,5.01,5.19,5.19,4.95,5.2,5.72,4.68,9673200,4849.9835,8691,5.0,77100,5.01,269600,4.99,104000,5.02,59300,4.98,101400,5.03,19900,4.97,115700,5.04,11200,4.96,314400,5.05,109600,4.95,306200,5.06,22100,4.94,57100,5.08,60200,4.93,46800,5.09,16500,4.92,117500,5.1,11300,4.91,65300,5.11,28500,2110600,2116100,15:36:30.499
000931.SZ,000931,20260420,20260420,09:55:54.000,95554000,79,5.0,5.19,5.19,4.95,5.2,5.72,4.68,9707300,4867.0335,8774,5.0,43000,5.01,296500,4.99,104000,5.02,59300,4.98,101400,5.03,19900,4.97,115700,5.04,11200,4.96,314400,5.05,109600,4.95,306200,5.06,22100,4.94,57100,5.08,60200,4.93,46800,5.09,16500,4.92,117500,5.1,11300,4.91,65300,5.11,28500,2076500,2143000,15:36:30.706
000931.SZ,000931,20260420,20260420,09:55:57.000,95557000,79,5.0,5.19,5.19,4.95,5.2,5.72,4.68,9751400,4889.0835,8815,4.99,179100,5.0,22800,4.98,106400,5.01,257900,4.97,115700,5.02,59300,4.96,314400,5.03,19900,4.95,306200,5.04,11200,4.94,57100,5.05,109600,4.93,46800,5.06,22100,4.92,117500,5.08,60200,4.91,65300,5.09,16500,4.9,202000,5.1,11300,2113600,2127200,15:36:30.917
000931.SZ,000931,20260420,20260420,09:56:00.000,95600000,79,5.0,5.19,5.19,4.95,5.2,5.72,4.68,9763800,4895.2835,8858,5.0,21400,5.01,255900,4.99,180300,5.02,58700,4.98,106400,5.03,19900,4.97,115700,5.04,11200,4.96,314400,5.05,109600,4.95,306200,5.06,22100,4.94,57100,5.08,60200,4.93,46800,5.09,16500,4.92,117500,5.1,11300,4.91,65300,5.11,28500,2136300,2101800,15:36:31.263
000931.SZ,000931,20260420,20260420,09:56:03.000,95603000,79,5.0,5.19,5.19,4.95,5.2,5.72,4.68,9764100,4895.4335,8859,5.0,31100,5.01,257700,4.99,186300,5.02,58900,4.98,106400,5.03,19900,4.97,115700,5.04,11200,4.96,314000,5.05,109600,4.95,306200,5.06,22100,4.94,57100,5.08,60200,4.93,46800,5.09,16500,4.92,117500,5.1,11300,4.91,65300,5.11,28500,2151600,2103800,15:36:31.665
000931.SZ,000931,20260420,20260420,09:56:06.000,95606000,79,5.01,5.19,5.19,4.95,5.2,5.72,4.68,9764200,4895.4836,8860,5.0,98200,5.01,253000,4.99,111100,5.02,58900,4.98,106400,5.03,19900,4.97,115700,5.04,11200,4.96,314000,5.05,109600,4.95,306200,5.06,22100,4.94,57100,5.08,60200,4.93,46800,5.09,16500,4.92,117500,5.1,11300,4.91,65300,5.11,28500,2143500,2099100,15:36:31.994
000931.SZ,000931,20260420,20260420,09:56:09.000,95609000,79,5.01,5.19,5.19,4.95,5.2,5.72,4.68,9764300,4895.5337,8861,5.0,73900,5.01,252900,4.99,111100,5.02,58900,4.98,106400,5.03,19900,4.97,115700,5.04,11200,4.96,314000,5.05,109600,4.95,306200,5.06,22100,4.94,57100,5.08,60200,4.93,46800,5.09,16500,4.92,117500,5.1,11300,4.91,65300,5.11,28500,2119200,2099000,15:36:32.237
000931.SZ,000931,20260420,20260420,09:56:12.000,95612000,79,5.01,5.19,5.19,4.95,5.2,5.72,4.68,9764300,4895.5337,8861,5.0,75900,5.01,252900,4.99,111100,5.02,58900,4.98,106400,5.03,19900,4.97,115700,5.04,11200,4.96,314000,5.05,109600,4.95,307000,5.06,22100,4.94,57100,5.08,60200,4.93,46800,5.09,16500,4.92,117500,5.1,11300,4.91,65300,5.11,28500,2122000,2100000,15:36:32.538
000931.SZ,000931,20260420,20260420,09:56:15.000,95615000,79,5.01,5.19,5.19,4.95,5.2,5.72,4.68,9764300,4895.5337,8861,5.0,80900,5.01,253300,4.99,111100,5.02,58900,4.98,106400,5.03,19900,4.97,115700,5.04,11200,4.96,314000,5.05,109600,4.95,307000,5.06,22100,4.94,57100,5.08,60200,4.93,46800,5.09,16500,4.92,117500,5.1,11300,4.91,65300,5.11,28500,2127000,2100400,15:36:32.806
000931.SZ,000931,20260420,20260420,09:56:18.000,95618000,79,5.0,5.19,5.19,4.95,5.2,5.72,4.68,9764700,4895.7337,8862,5.0,82500,5.01,253300,4.99,111100,5.02,59200,4.98,106400,5.03,19900,4.97,115700,5.04,11200,4.96,314000,5.05,109600,4.95,307000,5.06,22100,4.94,57100,5.08,60200,4.93,46800,5.09,16500,4.92,117500,5.1,11300,4.91,65300,5.11,28500,2128600,2100600,15:36:33.068
000931.SZ,000931,20260420,20260420,09:56:21.000,95621000,79,5.0,5.19,5.19,4.95,5.2,5.72,4.68,9764700,4895.7337,8862,5.0,86700,5.01,253300,4.99,111100,5.02,59200,4.98,106400,5.03,19900,4.97,115700,5.04,11200,4.96,314000,5.05,109600,4.95,307000,5.06,22100,4.94,57100,5.08,60200,4.93,46800,5.09,16500,4.92,117500,5.1,11300,4.91,65300,5.11,28500,2132800,2100600,15:36:33.334
000931.SZ,000931,20260420,20260420,09:56:24.000,95624000,79,5.0,5.19,5.19,4.95,5.2,5.72,4.68,9775700,4901.2337,8863,5.0,77800,5.01,257800,4.99,111100,5.02,59200,4.98,106400,5.03,19900,4.97,115700,5.04,11200,4.96,314000,5.05,109600,4.95,307000,5.06,22100,4.94,57100,5.08,60200,4.93,46800,5.09,16500,4.92,117500,5.1,11300,4.91,65300,5.11,28500,2123900,2110200,15:36:33.681
000931.SZ,000931,20260420,20260420,09:56:27.000,95627000,79,5.0,5.19,5.19,4.95,5.2,5.72,4.68,9777700,4902.2337,8864,5.0,76000,5.01,258100,4.99,111100,5.02,59200,4.98,106400,5.03,19900,4.97,115700,5.04,11200,4.96,314000,5.05,109600,4.95,307000,5.06,22100,4.94,57100,5.08,60200,4.93,46800,5.09,16500,4.92,117500,5.1,11300,4.91,65300,5.11,28500,2122100,2110500,15:36:33.934
000931.SZ,000931,20260420,20260420,09:56:30.000,95630000,79,5.0,5.19,5.19,4.95,5.2,5.72,4.68,9777700,4902.2337,8864,5.0,188800,5.01,259100,4.99,111100,5.02,59200,4.98,111400,5.03,19900,4.97,115700,5.04,11200,4.96,314000,5.05,109600,4.95,307100,5.06,22100,4.94,57100,5.08,60200,4.93,46800,5.09,16500,4.92,117500,5.1,11300,4.91,65300,5.11,28500,2240000,2111500,15:36:34.238
000931.SZ,000931,20260420,20260420,09:56:33.000,95633000,79,5.0,5.19,5.19,4.95,5.2,5.72,4.68,9778800,4902.7845,8867,5.0,188500,5.01,256400,4.99,111100,5.02,59200,4.98,111400,5.03,19900,4.97,115700,5.04,11200,4.96,314000,5.05,109600,4.95,308100,5.06,22100,4.94,57100,5.08,60200,4.93,46800,5.09,16500,4.92,117500,5.1,11300,4.91,65300,5.11,28500,2240700,2113700,15:36:34.542
000931.SZ,000931,20260420,20260420,09:56:36.000,95636000,79,5.0,5.19,5.19,4.95,5.2,5.72,4.68,9778800,4902.7845,8867,5.0,189200,5.01,257300,4.99,111100,5.02,59200,4.98,111400,5.03,19900,4.97,115700,5.04,11200,4.96,314000,5.05,109600,4.95,308100,5.06,16100,4.94,57100,5.08,60200,4.93,46800,5.09,16500,4.92,117500,5.1,11300,4.91,65300,5.11,28500,2241400,2108600,15:36:34.714
000931.SZ,000931,20260420,20260420,09:56:39.000,95639000,79,5.0,5.19,5.19,4.95,5.2,5.72,4.68,9778800,4902.7845,8867,5.0,189200,5.01,257600,4.99,111100,5.02,59200,4.98,111400,5.03,19900,4.97,115700,5.04,11200,4.96,314000,5.05,109600,4.95,308100,5.06,16100,4.94,57000,5.08,60200,4.93,46800,5.09,16500,4.92,117500,5.1,11300,4.91,65300,5.11,28500,2241300,2108900,15:36:35.084
000931.SZ,000931,20260420,20260420,09:56:42.000,95642000,79,5.01,5.19,5.19,4.95,5.2,5.72,4.68,9779300,4903.035,8868,5.0,189200,5.01,259500,4.99,111100,5.02,59200,4.98,111400,5.03,19900,4.97,115700,5.04,11200,4.96,314000,5.05,109600,4.95,308100,5.06,16100,4.94,57000,5.08,60200,4.93,46800,5.09,16500,4.92,117500,5.1,11300,4.91,65300,5.11,28500,2241300,2110800,15:36:35.350
000931.SZ,000931,20260420,20260420,09:56:45.000,95645000,79,5.01,5.19,5.19,4.95,5.2,5.72,4.68,9779300,4903.035,8868,5.0,189200,5.01,259800,4.99,111100,5.02,59200,4.98,111400,5.03,19900,4.97,115700,5.04,11200,4.96,314000,5.05,109600,4.95,308100,5.06,16100,4.94,57000,5.08,50200,4.93,46800,5.09,16500,4.92,117500,5.1,11300,4.91,65300,5.11,28500,2239300,2106200,15:36:35.623
000931.SZ,000931,20260420,20260420,09:56:48.000,95648000,79,5.0,5.19,5.19,4.95,5.2,5.72,4.68,9781600,4904.1856,8873,5.0,192500,5.01,259200,4.99,111100,5.02,59200,4.98,116400,5.03,24900,4.97,115700,5.04,11200,4.96,314000,5.05,109600,4.95,308100,5.06,16100,4.94,57000,5.08,50200,4.93,46800,5.09,16500,4.92,117500,5.1,11300,4.91,65300,5.11,28500,2247600,2111300,15:36:35.917
000931.SZ,000931,20260420,20260420,09:56:51.000,95651000,79,5.0,5.19,5.19,4.95,5.2,5.72,4.68,9781600,4904.1856,8873,5.0,196700,5.01,259200,4.99,111100,5.02,59200,4.98,116400,5.03,24900,4.97,122600,5.04,11200,4.96,314000,5.05,109600,4.95,308100,5.06,16100,4.94,57000,5.08,50200,4.93,46800,5.09,16500,4.92,117500,5.1,11300,4.91,65300,5.11,28500,2258700,2114300,15:36:36.185
000931.SZ,000931,20260420,20260420,09:56:54.000,95654000,79,5.0,5.19,5.19,4.95,5.2,5.72,4.68,9781600,4904.1856,8873,5.0,196700,5.01,263600,4.99,111100,5.02,59200,4.98,116400,5.03,24900,4.97,122600,5.04,11200,4.96,334000,5.05,109600,4.95,308100,5.06,16100,4.94,57000,5.08,50200,4.93,46800,5.09,16500,4.92,117500,5.1,11300,4.91,65300,5.11,28500,2278700,2123700,15:36:36.480
000931.SZ,000931,20260420,20260420,09:56:57.000,95657000,79,5.0,5.19,5.19,4.95,5.2,5.72,4.68,9781600,4904.1856,8873,5.0,221000,5.01,263600,4.99,111100,5.02,59200,4.98,116400,5.03,24900,4.97,122600,5.04,11200,4.96,334000,5.05,109600,4.95,308300,5.06,16100,4.94,57000,5.08,50200,4.93,46800,5.09,16500,4.92,117500,5.1,11300,4.91,65300,5.11,28500,2303200,2125500,15:36:36.829
000931.SZ,000931,20260420,20260420,09:57:00.000,95700000,79,5.0,5.19,5.19,4.95,5.2,5.72,4.68,9781600,4904.1856,8873,5.0,222000,5.01,263800,4.99,111100,5.02,59200,4.98,116400,5.03,24900,4.97,122600,5.04,11200,4.96,334000,5.05,109600,4.95,308300,5.06,16100,4.94,57000,5.08,50200,4.93,46800,5.09,16500,4.92,117500,5.1,11300,4.91,65300,5.11,28500,2304200,2125700,15:36:37.116
000931.SZ,000931,20260420,20260420,09:57:03.000,95703000,79,5.0,5.19,5.19,4.95,5.2,5.72,4.68,9781600,4904.1856,8873,5.0,222000,5.01,263800,4.99,124000,5.02,59200,4.98,116400,5.03,24900,4.97,122600,5.04,11200,4.96,334000,5.05,111100,4.95,308300,5.06,16100,4.94,57000,5.08,50200,4.93,46800,5.09,16500,4.92,117500,5.1,11300,4.91,65300,5.11,28500,2317100,2127200,15:36:37.411
000931.SZ,000931,20260420,20260420,09:57:06.000,95706000,79,5.01,5.19,5.19,4.95,5.2,5.72,4.68,9781700,4904.2357,8874,5.0,222000,5.01,263900,4.99,124000,5.02,59200,4.98,116400,5.03,24900,4.97,122600,5.04,11200,4.96,334100,5.05,111100,4.95,308300,5.06,16100,4.94,57000,5.08,50200,4.93,46800,5.09,16500,4.92,117500,5.1,11300,4.91,65300,5.11,28500,2317200,2127300,15:36:37.793
000931.SZ,000931,20260420,20260420,09:57:09.000,95709000,79,5.01,5.19,5.19,4.95,5.2,5.72,4.68,9781700,4904.2357,8874,5.0,222000,5.01,263900,4.99,124000,5.02,59200,4.98,116400,5.03,24900,4.97,122600,5.04,11200,4.96,334100,5.05,111100,4.95,308300,5.06,16100,4.94,57000,5.08,50200,4.93,46800,5.09,16500,4.92,117700,5.1,11300,4.91,65300,5.11,28500,2317400,2127300,15:36:38.050
000931.SZ,000931,20260420,20260420,09:57:12.000,95712000,79,5.01,5.19,5.19,4.95,5.2,5.72,4.68,9781700,4904.2357,8874,5.0,223000,5.01,263900,4.99,124000,5.02,59200,4.98,116400,5.03,24900,4.97,122600,5.04,11200,4.96,354100,5.05,111100,4.95,308300,5.06,16100,4.94,57000,5.08,50200,4.93,46800,5.09,16500,4.92,117700,5.1,11300,4.91,65300,5.11,28500,2338400,2127300,15:36:38.287
000931.SZ,000931,20260420,20260420,09:57:18.000,95718000,79,5.01,5.19,5.19,4.95,5.2,5.72,4.68,9782800,4904.7868,8875,5.0,112800,5.01,262800,4.99,124000,5.02,59200,4.98,116400,5.03,24900,4.97,122600,5.04,11200,4.96,354100,5.05,111100,4.95,308300,5.06,16100,4.94,57000,5.08,50200,4.93,46800,5.09,16500,4.92,117700,5.1,11300,4.91,65300,5.11,28500,2233200,2128200,15:36:38.960
000931.SZ,000931,20260420,20260420,09:57:21.000,95721000,79,5.01,5.19,5.19,4.95,5.2,5.72,4.68,9782800,4904.7868,8875,5.0,113900,5.01,263000,4.99,124000,5.02,59200,4.98,116400,5.03,24900,4.97,122600,5.04,11200,4.96,354100,5.05,111100,4.95,308300,5.06,16100,4.94,57000,5.08,50200,4.93,46800,5.09,16500,4.92,117700,5.1,11300,4.91,65300,5.11,28500,2234300,2128400,15:36:39.188
000931.SZ,000931,20260420,20260420,09:57:24.000,95724000,79,5.01,5.19,5.19,4.95,5.2,5.72,4.68,9782800,4904.7868,8875,5.0,113900,5.01,267500,4.99,124000,5.02,59200,4.98,116400,5.03,24900,4.97,122600,5.04,11200,4.96,354100,5.05,111100,4.95,308300,5.06,16100,4.94,57000,5.08,50200,4.93,46800,5.09,16500,4.92,117700,5.1,11300,4.91,65300,5.11,28500,2234300,2132900,15:36:39.622
000931.SZ,000931,20260420,20260420,09:57:27.000,95727000,79,5.0,5.19,5.19,4.95,5.2,5.72,4.68,9787600,4907.1868,8877,5.0,114100,5.01,267300,4.99,124000,5.02,59200,4.98,116400,5.03,24900,4.97,122600,5.04,11200,4.96,354100,5.05,111100,4.95,308300,5.06,16100,4.94,57000,5.08,50200,4.93,46800,5.09,16500,4.92,117700,5.1,11300,4.91,65300,5.11,28500,2234500,2134700,15:36:39.785
000931.SZ,000931,20260420,20260420,09:57:30.000,95730000,79,5.0,5.19,5.19,4.95,5.2,5.72,4.68,9787800,4907.2868,8878,5.0,116900,5.01,267300,4.99,124000,5.02,59200,4.98,116400,5.03,24900,4.97,122600,5.04,11200,4.96,354100,5.05,111100,4.95,308300,5.06,16100,4.94,57000,5.08,50200,4.93,46800,5.09,16500,4.92,117700,5.1,11300,4.91,65300,5.11,28500,2237300,2134700,15:36:40.170
000931.SZ,000931,20260420,20260420,09:57:33.000,95733000,79,5.01,5.19,5.19,4.95,5.2,5.72,4.68,9788800,4907.7878,8879,5.0,117200,5.01,266700,4.99,124000,5.02,59200,4.98,116400,5.03,24900,4.97,122600,5.04,11200,4.96,354100,5.05,111100,4.95,308300,5.06,16100,4.94,57000,5.08,50200,4.93,46800,5.09,16500,4.92,117700,5.1,11300,4.91,65300,5.11,28500,2237600,2134100,15:36:40.501
000931.SZ,000931,20260420,20260420,09:57:36.000,95736000,79,5.01,5.19,5.19,4.95,5.2,5.72,4.68,9788800,4907.7878,8879,5.0,117700,5.01,266700,4.99,124000,5.02,59200,4.98,116400,5.03,24900,4.97,125600,5.04,11200,4.96,354100,5.05,111100,4.95,308300,5.06,16100,4.94,57000,5.08,50200,4.93,46800,5.09,16500,4.92,117700,5.1,11300,4.91,65300,5.11,28500,2241100,2134100,15:36:40.766
000931.SZ,000931,20260420,20260420,09:57:39.000,95739000,79,5.01,5.19,5.19,4.95,5.2,5.72,4.68,9789300,4908.0383,8880,5.0,117700,5.01,266200,4.99,124000,5.02,59200,4.98,116400,5.03,24900,4.97,125600,5.04,11200,4.96,354100,5.05,111100,4.95,308300,5.06,16100,4.94,57000,5.08,50200,4.93,46800,5.09,16500,4.92,117700,5.1,11300,4.91,65300,5.11,28500,2241100,2133600,15:36:40.990
000931.SZ,000931,20260420,20260420,09:57:42.000,95742000,79,5.01,5.19,5.19,4.95,5.2,5.72,4.68,9789300,4908.0383,8880,5.0,118500,5.01,266200,4.99,124000,5.02,59200,4.98,122400,5.03,24900,4.97,125600,5.04,11200,4.96,354100,5.05,111100,4.95,308300,5.06,16100,4.94,57000,5.08,50200,4.93,46800,5.09,16500,4.92,117700,5.1,11300,4.91,65300,5.11,28500,2247900,2133600,15:36:41.234
000931.SZ,000931,20260420,20260420,09:57:45.000,95745000,79,5.01,5.19,5.19,4.95,5.2,5.72,4.68,9789300,4908.0383,8880,5.0,127000,5.01,266900,4.99,124000,5.02,59200,4.98,122400,5.03,24900,4.97,125600,5.04,11200,4.96,354100,5.05,112100,4.95,307000,5.06,16100,4.94,57000,5.08,50200,4.93,46800,5.09,16500,4.92,117700,5.1,11300,4.91,65300,5.11,28500,2255100,2135300,15:36:41.518
000931.SZ,000931,20260420,20260420,09:57:48.000,95748000,79,5.01,5.19,5.19,4.95,5.2,5.72,4.68,9789300,4908.0383,8880,5.0,127200,5.01,272600,4.99,124000,5.02,59200,4.98,122400,5.03,24900,4.97,125600,5.04,11200,4.96,354100,5.05,112100,4.95,307000,5.06,16100,4.94,57000,5.08,50200,4.93,46800,5.09,16500,4.92,117700,5.1,11300,4.91,65300,5.11,28500,2255300,2141000,15:36:41.800
000931.SZ,000931,20260420,20260420,09:57:51.000,95751000,79,5.01,5.19,5.19,4.95,5.2,5.72,4.68,9789300,4908.0383,8880,5.0,127200,5.01,272600,4.99,124000,5.02,59200,4.98,124400,5.03,24900,4.97,125600,5.04,11200,4.96,354100,5.05,112100,4.95,307000,5.06,16100,4.94,57000,5.08,50200,4.93,46800,5.09,16500,4.92,117700,5.1,11300,4.91,65300,5.11,28500,2257300,2141000,15:36:42.055
000931.SZ,000931,20260420,20260420,09:57:54.000,95754000,79,5.0,5.19,5.19,4.95,5.2,5.72,4.68,9791300,4909.0383,8882,5.0,125200,5.01,277300,4.99,124000,5.02,59200,4.98,124400,5.03,24900,4.97,125600,5.04,11200,4.96,354100,5.05,112100,4.95,307000,5.06,16100,4.94,57000,5.08,50200,4.93,46800,5.09,16500,4.92,117700,5.1,11300,4.91,65300,5.11,28500,2255300,2145700,15:36:42.392
000931.SZ,000931,20260420,20260420,09:57:57.000,95757000,79,5.01,5.19,5.19,4.95,5.2,5.72,4.68,9791400,4909.0884,8883,5.0,133800,5.01,277600,4.99,124000,5.02,59200,4.98,124400,5.03,24900,4.97,125600,5.04,11200,4.96,353600,5.05,112100,4.95,307000,5.06,16100,4.94,57000,5.08,50200,4.93,46800,5.09,16500,4.92,117700,5.1,11300,4.91,65300,5.11,28500,2263400,2146000,15:36:42.714
000931.SZ,000931,20260420,20260420,09:58:00.000,95800000,79,5.01,5.19,5.19,4.95,5.2,5.72,4.68,9806100,4916.4406,8891,5.0,121300,5.01,289700,4.99,124000,5.02,59200,4.98,124400,5.03,24900,4.97,125600,5.04,11200,4.96,373500,5.05,112100,4.95,307000,5.06,16100,4.94,57000,5.08,50200,4.93,46800,5.09,16500,4.92,117700,5.1,11300,4.91,65300,5.11,28500,2270800,2158100,15:36:42.878
000931.SZ,000931,20260420,20260420,09:58:03.000,95803000,79,5.01,5.19,5.19,4.95,5.2,5.72,4.68,9811100,4918.9456,8894,5.0,121300,5.01,284700,4.99,124000,5.02,59200,4.98,124400,5.03,24900,4.97,125600,5.04,11200,4.96,374000,5.05,112100,4.95,307000,5.06,16100,4.94,57000,5.08,50200,4.93,46800,5.09,16500,4.92,117700,5.1,11300,4.91,65300,5.11,28500,2271300,2153100,15:36:43.290
000931.SZ,000931,20260420,20260420,09:58:06.000,95806000,79,5.01,5.19,5.19,4.95,5.2,5.72,4.68,9811500,4919.146,8895,5.0,121300,5.01,284300,4.99,124000,5.02,59200,4.98,127800,5.03,24900,4.97,125600,5.04,11200,4.96,374000,5.05,112100,4.95,307000,5.06,16100,4.94,57000,5.08,50200,4.93,46800,5.09,16500,4.92,117700,5.1,11300,4.91,65300,5.11,28500,2274700,2154700,15:36:43.786
000931.SZ,000931,20260420,20260420,09:58:09.000,95809000,79,5.01,5.19,5.19,4.95,5.2,5.72,4.68,9811500,4919.146,8895,5.0,124200,5.01,284300,4.99,124000,5.02,59200,4.98,127800,5.03,24900,4.97,125600,5.04,11200,4.96,374700,5.05,112100,4.95,307000,5.06,16100,4.94,57000,5.08,50200,4.93,46800,5.09,16500,4.92,117700,5.1,11300,4.91,65300,5.11,28500,2278300,2154700,15:36:43.928
000931.SZ,000931,20260420,20260420,09:58:12.000,95812000,79,5.01,5.19,5.19,4.95,5.2,5.72,4.68,9811500,4919.146,8895,5.0,124200,5.01,284300,4.99,124000,5.02,59200,4.98,126800,5.03,24900,4.97,125600,5.04,11200,4.96,374700,5.05,112100,4.95,307000,5.06,16100,4.94,57000,5.08,50200,4.93,46800,5.09,16500,4.92,117700,5.1,11300,4.91,65300,5.11,28500,2277300,2154700,15:36:44.189
000931.SZ,000931,20260420,20260420,09:58:15.000,95815000,79,5.01,5.19,5.19,4.95,5.2,5.72,4.68,9811500,4919.146,8895,5.0,124200,5.01,284300,4.99,126000,5.02,59200,4.98,126800,5.03,24900,4.97,125600,5.04,11200,4.96,374700,5.05,112100,4.95,307000,5.06,16100,4.94,57000,5.08,50200,4.93,46800,5.09,16500,4.92,117700,5.1,11300,4.91,65300,5.11,28500,2279300,2154700,15:36:44.459
000931.SZ,000931,20260420,20260420,09:58:18.000,95818000,79,5.01,5.19,5.19,4.95,5.2,5.72,4.68,9811500,4919.146,8895,5.0,125200,5.01,284300,4.99,126000,5.02,59200,4.98,126800,5.03,24900,4.97,125600,5.04,11200,4.96,374700,5.05,112100,4.95,307000,5.06,16100,4.94,57000,5.08,50200,4.93,46800,5.09,16500,4.92,117700,5.1,11300,4.91,65300,5.11,28500,2280300,2154700,15:36:44.609
000931.SZ,000931,20260420,20260420,09:58:21.000,95821000,79,5.01,5.19,5.19,4.95,5.2,5.72,4.68,9814500,4920.649,8896,5.0,125200,5.01,285800,4.99,126000,5.02,59200,4.98,128100,5.03,24900,4.97,125600,5.04,11200,4.96,374700,5.05,112100,4.95,307000,5.06,16100,4.94,57000,5.08,50200,4.93,46800,5.09,16500,4.92,117700,5.1,11300,4.91,65300,5.11,28500,2281600,2156200,15:36:44.863
000931.SZ,000931,20260420,20260420,09:58:24.000,95824000,79,5.01,5.19,5.19,4.95,5.2,5.72,4.68,9814500,4920.649,8896,5.0,125300,5.01,305900,4.99,126000,5.02,59200,4.98,128100,5.03,26500,4.97,125600,5.04,11200,4.96,374000,5.05,112100,4.95,307000,5.06,16100,4.94,57000,5.07,100,4.93,46800,5.08,50200,4.92,117700,5.09,16500,4.91,65300,5.1,11300,2281000,2178000,15:36:45.169
000931.SZ,000931,20260420,20260420,09:58:27.000,95827000,79,5.0,5.19,5.19,4.95,5.2,5.72,4.68,9818000,4922.399,8898,5.0,121800,5.01,306200,4.99,126000,5.02,58900,4.98,132100,5.03,26500,4.97,125600,5.04,11200,4.96,374000,5.05,112100,4.95,307000,5.06,16100,4.94,57000,5.07,100,4.93,46800,5.08,50200,4.92,117700,5.09,16500,4.91,65300,5.1,11300,2281500,2178000,15:36:45.346
000931.SZ,000931,20260420,20260420,09:58:30.000,95830000,79,5.0,5.19,5.19,4.95,5.2,5.72,4.68,9818000,4922.399,8898,5.0,123800,5.01,307200,4.99,126000,5.02,58900,4.98,132100,5.03,26500,4.97,125600,5.04,11200,4.96,374000,5.05,112100,4.95,307100,5.06,16100,4.94,57000,5.07,100,4.93,46800,5.08,50200,4.92,117700,5.09,16500,4.91,65300,5.1,11300,2283600,2179000,15:36:45.485
000931.SZ,000931,20260420,20260420,09:58:33.000,95833000,79,5.0,5.19,5.19,4.95,5.2,5.72,4.68,9818000,4922.399,8898,5.0,124800,5.01,307200,4.99,126000,5.02,58900,4.98,132100,5.03,26500,4.97,125600,5.04,16200,4.96,374000,5.05,112100,4.95,307100,5.06,16100,4.94,57000,5.07,100,4.93,46800,5.08,50200,4.92,117700,5.09,16500,4.91,65300,5.1,11300,2284500,2184000,15:36:45.819
000931.SZ,000931,20260420,20260420,09:58:36.000,95836000,79,5.0,5.19,5.19,4.95,5.2,5.72,4.68,9819200,4922.999,8899,5.0,120600,5.01,307200,4.99,126000,5.02,58900,4.98,132100,5.03,26500,4.97,125600,5.04,16200,4.96,374000,5.05,112100,4.95,307100,5.06,16100,4.94,57000,5.07,100,4.93,46800,5.08,50200,4.92,117700,5.09,16500,4.91,65300,5.1,11300,2280300,2184000,15:36:46.100
000931.SZ,000931,20260420,20260420,09:58:39.000,95839000,79,5.01,5.19,5.19,4.95,5.2,5.72,4.68,9821300,4924.0497,8902,5.0,119700,5.01,306500,4.99,126000,5.02,58900,4.98,132100,5.03,26500,4.97,125600,5.04,16200,4.96,374000,5.05,112100,4.95,307100,5.06,16100,4.94,57000,5.07,100,4.93,46800,5.08,50200,4.92,117700,5.09,16500,4.91,65300,5.1,11300,2279400,2183300,15:36:46.388
000931.SZ,000931,20260420,20260420,09:58:42.000,95842000,79,5.0,5.19,5.19,4.95,5.2,5.72,4.68,9821400,4924.0997,8903,5.0,119600,5.01,306500,4.99,126900,5.02,58900,4.98,131100,5.03,26500,4.97,125600,5.04,16200,4.96,374000,5.05,112100,4.95,305100,5.06,16100,4.94,57000,5.07,100,4.93,46800,5.08,50200,4.92,117700,5.09,16500,4.91,65300,5.1,11300,2277200,2183300,15:36:46.679
000931.SZ,000931,20260420,20260420,09:58:45.000,95845000,79,5.0,5.19,5.19,4.95,5.2,5.72,4.68,9821400,4924.0997,8903,5.0,119700,5.01,310900,4.99,126900,5.02,58900,4.98,131100,5.03,26500,4.97,125600,5.04,16200,4.96,374000,5.05,112100,4.95,305100,5.06,16100,4.94,57000,5.07,100,4.93,46800,5.08,50200,4.92,117700,5.09,16500,4.91,65300,5.1,11300,2277300,2187700,15:36:46.947
000931.SZ,000931,20260420,20260420,09:58:48.000,95848000,79,5.0,5.19,5.19,4.95,5.2,5.72,4.68,9821400,4924.0997,8903,5.0,119700,5.01,310900,4.99,126900,5.02,58900,4.98,131100,5.03,26500,4.97,125600,5.04,16200,4.96,374000,5.05,112100,4.95,310100,5.06,16100,4.94,57000,5.07,100,4.93,46800,5.08,50200,4.92,117700,5.09,16500,4.91,65300,5.1,11300,2282300,2187700,15:36:47.174
000931.SZ,000931,20260420,20260420,09:58:51.000,95851000,79,5.01,5.19,5.19,4.95,5.2,5.72,4.68,9821600,4924.1999,8904,5.0,119700,5.01,315200,4.99,126900,5.02,58900,4.98,131100,5.03,26500,4.97,125600,5.04,16200,4.96,374000,5.05,112100,4.95,310100,5.06,16100,4.94,57000,5.07,100,4.93,46800,5.08,50200,4.92,117700,5.09,16500,4.91,65300,5.1,11300,2282300,2192000,15:36:47.404
000931.SZ,000931,20260420,20260420,09:58:54.000,95854000,79,5.01,5.19,5.19,4.95,5.2,5.72,4.68,9821600,4924.1999,8904,5.0,120700,5.01,315200,4.99,126900,5.02,58900,4.98,138500,5.03,26500,4.97,125600,5.04,16200,4.96,374000,5.05,112100,4.95,310100,5.06,16100,4.94,57000,5.07,100,4.93,46800,5.08,50200,4.92,117700,5.09,16500,4.91,65300,5.1,11300,2290700,2192000,15:36:47.657
000931.SZ,000931,20260420,20260420,09:58:57.000,95857000,79,5.01,5.19,5.19,4.95,5.2,5.72,4.68,9825400,4926.1024,8906,5.0,120400,5.01,312700,4.99,126900,5.02,58900,4.98,138500,5.03,26500,4.97,125600,5.04,16200,4.96,374000,5.05,112100,4.95,310100,5.06,16100,4.94,57000,5.07,100,4.93,46800,5.08,50200,4.92,117700,5.09,16500,4.91,65300,5.1,11300,2290400,2189500,15:36:47.911
000931.SZ,000931,20260420,20260420,09:59:00.000,95900000,79,5.01,5.19,5.19,4.95,5.2,5.72,4.68,9825400,4926.1024,8906,5.0,120400,5.01,312700,4.99,126900,5.02,58900,4.98,138500,5.03,26500,4.97,125600,5.04,16500,4.96,374000,5.05,112100,4.95,310100,5.06,16100,4.94,57000,5.07,100,4.93,46800,5.08,50200,4.92,117700,5.09,16500,4.91,65300,5.1,11300,2291400,2189800,15:36:48.173
000931.SZ,000931,20260420,20260420,09:59:03.000,95903000,79,5.0,5.19,5.19,4.95,5.2,5.72,4.68,9842200,4934.5024,8908,5.0,103600,5.01,312900,4.99,126900,5.02,58900,4.98,138500,5.03,26500,4.97,125600,5.04,16500,4.96,378200,5.05,112100,4.95,310100,5.06,16100,4.94,57000,5.07,100,4.93,46800,5.08,50200,4.92,117700,5.09,16500,4.91,65300,5.1,11300,2278800,2190000,15:36:48.610
000931.SZ,000931,20260420,20260420,09:59:06.000,95906000,79,5.0,5.19,5.19,4.95,5.2,5.72,4.68,9842400,4934.6024,8909,5.0,103400,5.01,313300,4.99,127400,5.02,58900,4.98,138500,5.03,26500,4.97,125600,5.04,16500,4.96,378200,5.05,112100,4.95,310100,5.06,16100,4.94,57000,5.07,100,4.93,46800,5.08,50200,4.92,117700,5.09,16500,4.91,65300,5.1,11300,2278100,2190400,15:36:48.826
000931.SZ,000931,20260420,20260420,09:59:09.000,95909000,79,5.01,5.19,5.19,4.95,5.2,5.72,4.68,9842500,4934.6525,8910,5.0,104100,5.01,313200,4.99,127400,5.02,58900,4.98,138500,5.03,26500,4.97,125600,5.04,16500,4.96,358300,5.05,112100,4.95,312100,5.06,16100,4.94,57000,5.07,100,4.93,46800,5.08,50200,4.92,117700,5.09,16500,4.91,65300,5.1,11300,2260900,2190300,15:36:49.159
000931.SZ,000931,20260420,20260420,09:59:12.000,95912000,79,5.01,5.19,5.19,4.95,5.2,5.72,4.68,9842500,4934.6525,8910,5.0,104100,5.01,313200,4.99,127400,5.02,58900,4.98,138500,5.03,26500,4.97,125600,5.04,16500,4.96,358300,5.05,118100,4.95,312100,5.06,16100,4.94,57000,5.07,100,4.93,46800,5.08,50200,4.92,117700,5.09,16500,4.91,65300,5.1,11300,2260900,2196300,15:36:49.371
000931.SZ,000931,20260420,20260420,09:59:15.000,95915000,79,5.01,5.19,5.19,4.95,5.2,5.72,4.68,9842500,4934.6525,8910,5.0,119800,5.01,313200,4.99,127400,5.02,58900,4.98,138500,5.03,26500,4.97,125600,5.04,16500,4.96,358300,5.05,118100,4.95,312600,5.06,16100,4.94,57000,5.07,100,4.93,46800,5.08,50200,4.92,117700,5.09,16500,4.91,65300,5.1,11300,2277100,2196300,15:36:49.684
000931.SZ,000931,20260420,20260420,09:59:18.000,95918000,79,5.01,5.19,5.19,4.95,5.2,5.72,4.68,9842500,4934.6525,8910,5.0,119800,5.01,313200,4.99,127400,5.02,58900,4.98,138500,5.03,26500,4.97,125600,5.04,16500,4.96,358300,5.05,118100,4.95,312600,5.06,16100,4.94,57000,5.07,100,4.93,46800,5.08,50200,4.92,117700,5.09,16500,4.91,65300,5.1,11300,2275100,2196300,15:36:49.911
000931.SZ,000931,20260420,20260420,09:59:21.000,95921000,79,5.01,5.19,5.19,4.95,5.2,5.72,4.68,9842500,4934.6525,8910,5.0,120900,5.01,313100,4.99,127400,5.02,58900,4.98,139500,5.03,26500,4.97,125600,5.04,16500,4.96,358300,5.05,118100,4.95,312600,5.06,16100,4.94,57000,5.07,100,4.93,46800,5.08,50200,4.92,117700,5.09,16500,4.91,65300,5.1,11300,2277200,2196200,15:36:50.253
000931.SZ,000931,20260420,20260420,09:59:24.000,95924000,79,5.0,5.19,5.19,4.95,5.2,5.72,4.68,9864900,4945.8525,8917,5.0,108500,5.01,317600,4.99,127400,5.02,58900,4.98,139500,5.03,26500,4.97,125600,5.04,16500,4.96,358300,5.05,118100,4.95,312600,5.06,16100,4.94,57000,5.07,100,4.93,46800,5.08,50200,4.92,117700,5.09,16500,4.91,65300,5.1,11300,2264800,2200700,15:36:50.510
000931.SZ,000931,20260420,20260420,09:59:27.000,95927000,79,5.0,5.19,5.19,4.95,5.2,5.72,4.68,9867400,4947.1025,8927,5.0,106100,5.01,317600,4.99,127400,5.02,58900,4.98,139500,5.03,26500,4.97,125600,5.04,16500,4.96,358300,5.05,118100,4.95,312600,5.06,16100,4.94,57000,5.07,100,4.93,46800,5.08,50200,4.92,117700,5.09,16500,4.91,65300,5.1,11300,2262400,2200700,15:36:50.650
000931.SZ,000931,20260420,20260420,09:59:30.000,95930000,79,5.0,5.19,5.19,4.95,5.2,5.72,4.68,9941700,4984.259,9021,5.0,38300,5.01,313200,4.99,127400,5.02,58900,4.98,139500,5.03,26500,4.97,125600,5.04,16500,4.96,358300,5.05,118100,4.95,312600,5.06,16100,4.94,57000,5.07,100,4.93,46800,5.08,49200,4.92,117700,5.09,16500,4.91,65300,5.1,11300,2194600,2195300,15:36:50.990
000931.SZ,000931,20260420,20260420,09:59:33.000,95933000,79,5.0,5.19,5.19,4.95,5.2,5.72,4.68,9956800,4991.8111,9079,5.0,26500,5.01,311100,4.99,127300,5.02,58800,4.98,139500,5.03,26500,4.97,125600,5.04,16500,4.96,358300,5.05,118000,4.95,312600,5.06,16100,4.94,57000,5.07,100,4.93,46800,5.08,49200,4.92,117700,5.09,16500,4.91,65300,5.1,11300,2182700,2198500,15:36:51.288
000931.SZ,000931,20260420,20260420,09:59:36.000,95936000,79,5.0,5.19,5.19,4.95,5.2,5.72,4.68,9960900,4993.8613,9085,5.0,25300,5.01,310900,4.99,127300,5.02,58800,4.98,139500,5.03,26500,4.97,125600,5.04,16500,4.96,358300,5.05,118000,4.95,312600,5.06,16100,4.94,57000,5.07,100,4.93,46800,5.08,49200,4.92,117700,5.09,16500,4.91,65300,5.1,11300,2181500,2198300,15:36:51.650
000931.SZ,000931,20260420,20260420,09:59:39.000,95939000,79,5.0,5.19,5.19,4.95,5.2,5.72,4.68,9969400,4998.1184,9088,5.0,23300,5.01,303400,4.99,127300,5.02,58800,4.98,139500,5.03,26500,4.97,123600,5.04,16500,4.96,357300,5.05,118000,4.95,311500,5.06,16100,4.94,57000,5.07,100,4.93,46800,5.08,50100,4.92,117700,5.09,16500,4.91,65300,5.1,11300,2175400,2191700,15:36:51.937
000931.SZ,000931,20260420,20260420,09:59:42.000,95942000,79,5.01,5.19,5.19,4.95,5.2,5.72,4.68,9971100,4998.9696,9094,5.0,22600,5.01,301300,4.99,127300,5.02,58800,4.98,139500,5.03,26500,4.97,123600,5.04,16500,4.96,357300,5.05,118000,4.95,311500,5.06,16100,4.94,57000,5.07,100,4.93,46800,5.08,50100,4.92,117700,5.09,16500,4.91,65300,5.1,11300,2174700,2189600,15:36:52.360
000931.SZ,000931,20260420,20260420,09:59:45.000,95945000,79,5.0,5.19,5.19,4.95,5.2,5.72,4.68,9972000,4999.4196,9096,5.0,21700,5.01,299600,4.99,127300,5.02,58800,4.98,140500,5.03,26500,4.97,123600,5.04,16500,4.96,357300,5.05,118000,4.95,311500,5.06,16100,4.94,57000,5.07,100,4.93,46800,5.08,50100,4.92,117700,5.09,16500,4.91,65300,5.1,11300,2174800,2187900,15:36:52.477
000931.SZ,000931,20260420,20260420,09:59:48.000,95948000,79,5.0,5.19,5.19,4.95,5.2,5.72,4.68,9983100,5004.9702,9115,5.0,11200,5.01,297800,4.99,127300,5.02,58800,4.98,140500,5.03,26500,4.97,123600,5.04,16500,4.96,357300,5.05,118000,4.95,311500,5.06,16100,4.94,57000,5.07,100,4.93,46800,5.08,50100,4.92,117700,5.09,16500,4.91,65300,5.1,11300,2164300,2186100,15:36:52.774
000931.SZ,000931,20260420,20260420,09:59:51.000,95951000,79,5.0,5.19,5.19,4.95,5.2,5.72,4.68,10007200,5017.0202,9149,5.0,10600,5.01,297800,4.99,127500,5.02,58800,4.98,140500,5.03,26500,4.97,123600,5.04,16500,4.96,357300,5.05,118000,4.95,311500,5.06,16100,4.94,57000,5.07,100,4.93,46800,5.08,50100,4.92,117700,5.09,16500,4.91,65300,5.1,11300,2163900,2186100,15:36:53.044
000931.SZ,000931,20260420,20260420,09:59:54.000,95954000,79,5.0,5.19,5.19,4.95,5.2,5.72,4.68,10013300,5020.0702,9170,5.0,5500,5.01,302100,4.99,127500,5.02,58800,4.98,140500,5.03,26500,4.97,123600,5.04,16500,4.96,367200,5.05,118000,4.95,313600,5.06,16100,4.94,57000,5.07,100,4.93,46800,5.08,50100,4.92,117700,5.09,16500,4.91,65300,5.1,11300,2170800,2190400,15:36:53.301
000931.SZ,000931,20260420,20260420,09:59:57.000,95957000,79,5.0,5.19,5.19,4.95,5.2,5.72,4.68,10021200,5024.0202,9192,5.0,4100,5.01,302200,4.99,127500,5.02,58800,4.98,140500,5.03,26500,4.97,123600,5.04,16500,4.96,367200,5.05,118000,4.95,313600,5.06,16100,4.94,57000,5.07,100,4.93,46800,5.08,50100,4.92,117700,5.09,16500,4.91,65300,5.1,11300,2169400,2190500,15:36:53.606
000931.SZ,000931,20260420,20260420,10:00:00.000,100000000,79,5.0,5.19,5.19,4.95,5.2,5.72,4.68,10023200,5025.0202,9197,5.0,3000,5.01,302200,4.99,127500,5.02,58800,4.98,144500,5.03,26500,4.97,123600,5.04,16500,4.96,367300,5.05,118000,4.95,313600,5.06,16100,4.94,57000,5.07,100,4.93,46800,5.08,50100,4.92,117700,5.09,16500,4.91,65300,5.1,11300,2173400,2190500,15:36:53.946
000931.SZ,000931,20260420,20260420,10:00:03.000,100003000,79,5.0,5.19,5.19,4.95,5.2,5.72,4.68,10024200,5025.5202,9202,5.0,2000,5.01,302200,4.99,127500,5.02,58800,4.98,144500,5.03,26500,4.97,123600,5.04,16500,4.96,367300,5.05,118000,4.95,313900,5.06,16100,4.94,57000,5.07,100,4.93,46800,5.08,50100,4.92,117700,5.09,16500,4.91,65300,5.1,11300,2172700,2190500,15:36:54.395
000931.SZ,000931,20260420,20260420,10:00:06.000,100006000,79,5.0,5.19,5.19,4.95,5.2,5.72,4.68,10026200,5026.5202,9205,4.99,128000,5.0,26600,4.98,144500,5.01,302000,4.97,123600,5.02,58700,4.96,367300,5.03,26500,4.95,313900,5.04,16500,4.94,57000,5.05,118000,4.93,46800,5.06,16100,4.92,117700,5.07,100,4.91,65300,5.08,50100,4.9,200000,5.09,16500,2171200,2216800,15:36:54.669
000931.SZ,000931,20260420,20260420,10:00:09.000,100009000,79,5.0,5.19,5.19,4.95,5.2,5.72,4.68,10028200,5027.5202,9207,4.99,128000,5.0,53500,4.98,144500,5.01,297100,4.97,123600,5.02,57700,4.96,367300,5.03,26500,4.95,315900,5.04,16500,4.94,57000,5.05,118000,4.93,46800,5.06,16100,4.92,117700,5.07,100,4.91,65300,5.08,50100,4.9,200000,5.09,16500,2174200,2237800,15:36:55.194
000931.SZ,000931,20260420,20260420,10:00:12.000,100012000,79,5.0,5.19,5.19,4.95,5.2,5.72,4.68,10029600,5028.2202,9209,4.99,128000,5.0,54000,4.98,144500,5.01,297200,4.97,123600,5.02,57300,4.96,367300,5.03,26500,4.95,295900,5.04,16500,4.94,57000,5.05,118000,4.93,46800,5.06,16100,4.92,117700,5.07,100,4.91,65300,5.08,50100,4.9,200000,5.09,16500,2154200,2240000,15:36:55.283
000931.SZ,000931,20260420,20260420,10:00:15.000,100015000,79,4.99,5.19,5.19,4.95,5.2,5.72,4.68,10031700,5029.2681,9211,4.99,125900,5.0,57100,4.98,144500,5.01,296600,4.97,123600,5.02,57300,4.96,367300,5.03,26500,4.95,295900,5.04,16500,4.94,57000,5.05,118000,4.93,46800,5.06,16100,4.92,117700,5.07,100,4.91,65300,5.08,50100,4.9,200000,5.09,16500,2152100,2242500,15:36:55.697
000931.SZ,000931,20260420,20260420,10:00:18.000,100018000,79,4.99,5.19,5.19,4.95,5.2,5.72,4.68,10031700,5029.2681,9211,4.99,125000,5.0,62800,4.98,145500,5.01,296700,4.97,123600,5.02,57200,4.96,367300,5.03,26500,4.95,295900,5.04,16500,4.94,57000,5.05,118000,4.93,46800,5.06,16100,4.92,117700,5.07,100,4.91,65300,5.08,50100,4.9,200000,5.09,16500,2152200,2248200,15:36:55.858
000931.SZ,000931,20260420,20260420,10:00:21.000,100021000,79,5.0,5.19,5.19,4.95,5.2,5.72,4.68,10041700,5034.2588,9217,4.99,118000,5.0,101100,4.98,145500,5.01,296500,4.97,123600,5.02,56800,4.96,367300,5.03,26500,4.95,295900,5.04,16500,4.94,57100,5.05,118000,4.93,46800,5.06,16100,4.92,117700,5.07,100,4.91,65300,5.08,50100,4.9,200000,5.09,16500,2145300,2285900,15:36:56.277
000931.SZ,000931,20260420,20260420,10:00:24.000,100024000,79,4.99,5.19,5.19,4.95,5.2,5.72,4.68,10058300,5042.5422,9252,4.99,102500,5.0,123800,4.98,148200,5.01,294100,4.97,123600,5.02,56500,4.96,367300,5.03,26500,4.95,295900,5.04,16500,4.94,57100,5.05,118000,4.93,46800,5.06,16100,4.92,117700,5.07,100,4.91,65300,5.08,50100,4.9,200000,5.09,16500,2132500,2305900,15:36:56.603
000931.SZ,000931,20260420,20260420,10:00:27.000,100027000,79,4.99,5.19,5.19,4.95,5.2,5.72,4.68,10065700,5046.2348,9284,4.99,97300,5.0,124600,4.98,148200,5.01,293700,4.97,123600,5.02,56500,4.96,367300,5.03,26500,4.95,295900,5.04,16500,4.94,57100,5.05,116500,4.93,46800,5.06,16100,4.92,117700,5.07,100,4.91,65300,5.08,50100,4.9,200000,5.09,16500,2127300,2304800,15:36:56.939
000931.SZ,000931,20260420,20260420,10:00:30.000,100030000,79,4.99,5.19,5.19,4.95,5.2,5.72,4.68,10069500,5048.131,9297,4.99,203900,5.0,129100,4.98,150700,5.01,293700,4.97,123600,5.02,56500,4.96,367300,5.03,26500,4.95,295900,5.04,16500,4.94,57100,5.05,116500,4.93,46800,5.06,16100,4.92,117700,5.07,100,4.91,65300,5.08,50100,4.9,200000,5.09,16500,2236400,2309300,15:36:57.290
000931.SZ,000931,20260420,20260420,10:00:33.000,100033000,79,4.99,5.19,5.19,4.95,5.2,5.72,4.68,10069600,5048.1809,9298,4.99,203800,5.0,129900,4.98,150700,5.01,290300,4.97,123600,5.02,56500,4.96,367300,5.03,26500,4.95,295900,5.04,16500,4.94,57100,5.05,116500,4.93,46800,5.06,16100,4.92,117700,5.07,100,4.91,65300,5.08,50100,4.9,200000,5.09,16500,2236300,2306700,15:36:57.522
000931.SZ,000931,20260420,20260420,10:00:36.000,100036000,79,4.99,5.19,5.19,4.95,5.2,5.72,4.68,10071200,5048.9793,9301,4.99,203700,5.0,132800,4.98,151700,5.01,276800,4.97,123600,5.02,56200,4.96,367300,5.03,26500,4.95,295900,5.04,16500,4.94,57100,5.05,116500,4.93,46800,5.06,16100,4.92,117700,5.07,100,4.91,65300,5.08,50100,4.9,200000,5.09,16500,2237200,2295800,15:36:57.913
000931.SZ,000931,20260420,20260420,10:00:39.000,100039000,79,5.0,5.19,5.19,4.95,5.2,5.72,4.68,10071700,5049.2289,9303,4.99,203300,5.0,133500,4.98,151900,5.01,276800,4.97,123600,5.02,56200,4.96,367300,5.03,26500,4.95,295900,5.04,16500,4.94,57100,5.05,116500,4.93,46800,5.06,16100,4.92,117700,5.07,100,4.91,65300,5.08,50100,4.9,200000,5.09,16500,2237000,2296500,15:36:58.165
000931.SZ,000931,20260420,20260420,10:00:42.000,100042000,79,5.0,5.19,5.19,4.95,5.2,5.72,4.68,10071700,5049.2289,9303,4.99,205200,5.0,133600,4.98,151900,5.01,276800,4.97,123600,5.02,56200,4.96,367300,5.03,26500,4.95,295900,5.04,16500,4.94,57100,5.05,116500,4.93,46800,5.06,16100,4.92,117700,5.07,100,4.91,65300,5.08,50100,4.9,200000,5.09,16500,2238900,2296600,15:36:58.535
000931.SZ,000931,20260420,20260420,10:00:48.000,100048000,79,5.0,5.19,5.19,4.95,5.2,5.72,4.68,10071700,5049.2289,9303,4.99,205300,5.0,137200,4.98,151900,5.01,276800,4.97,123600,5.02,56200,4.96,367300,5.03,26500,4.95,292900,5.04,16500,4.94,57100,5.05,116500,4.93,46800,5.06,16100,4.92,117700,5.07,100,4.91,65300,5.08,50100,4.9,200000,5.09,16500,2236000,2300200,15:36:59.090
000931.SZ,000931,20260420,20260420,10:00:51.000,100051000,79,5.0,5.19,5.19,4.95,5.2,5.72,4.68,10071700,5049.2289,9303,4.99,206700,5.0,151700,4.98,152400,5.01,276800,4.97,123600,5.02,56200,4.96,367300,5.03,26500,4.95,290900,5.04,16500,4.94,57100,5.05,116500,4.93,46800,5.06,16100,4.92,117700,5.07,100,4.91,65300,5.08,50100,4.9,200000,5.09,16500,2235900,2314700,15:36:59.456
000931.SZ,000931,20260420,20260420,10:00:54.000,100054000,79,5.0,5.19,5.19,4.95,5.2,5.72,4.68,10072300,5049.5289,9304,4.99,206700,5.0,160900,4.98,152400,5.01,276800,4.97,123600,5.02,56200,4.96,367300,5.03,26500,4.95,290700,5.04,16500,4.94,57100,5.05,116500,4.93,46800,5.06,16100,4.92,117700,5.07,100,4.91,65300,5.08,50100,4.9,200000,5.09,16500,2235700,2323900,15:36:59.708
000931.SZ,000931,20260420,20260420,10:00:57.000,100057000,79,4.98,5.19,5.19,4.95,5.2,5.72,4.68,10291900,5159.0979,9367,4.98,131500,4.99,68900,4.97,123600,5.0,161500,4.96,367300,5.01,275400,4.95,290700,5.02,52000,4.94,57100,5.03,26500,4.93,46800,5.04,16500,4.92,117700,5.05,116500,4.91,65300,5.06,16100,4.9,200000,5.07,100,4.89,47500,5.08,50100,2008100,2387800,15:36:59.989
000931.SZ,000931,20260420,20260420,10:01:00.000,100100000,79,4.98,5.19,5.19,4.95,5.2,5.72,4.68,10295500,5160.8907,9374,4.98,127600,4.99,63200,4.97,125400,5.0,160400,4.96,367300,5.01,274400,4.95,290700,5.02,51500,4.94,57100,5.03,26500,4.93,46800,5.04,16500,4.92,117700,5.05,116500,4.91,65300,5.06,16100,4.9,200000,5.07,100,4.89,47500,5.08,50100,2006000,2379500,15:37:00.285
000931.SZ,000931,20260420,20260420,10:01:03.000,100103000,79,4.98,5.19,5.19,4.95,5.2,5.72,4.68,10295600,5160.9405,9375,4.98,124300,4.99,66400,4.97,110800,5.0,161000,4.96,367300,5.01,270000,4.95,290700,5.02,51300,4.94,57100,5.03,26500,4.93,46800,5.04,16500,4.92,117700,5.05,116500,4.91,65300,5.06,16100,4.9,200000,5.07,100,4.89,47500,5.08,50100,1988100,2378700,15:37:00.488
000931.SZ,000931,20260420,20260420,10:01:06.000,100106000,79,4.99,5.19,5.19,4.95,5.2,5.72,4.68,10296900,5161.5889,9378,4.98,125200,4.99,82600,4.97,110800,5.0,157100,4.96,369300,5.01,268800,4.95,290700,5.02,50700,4.94,57100,5.03,26500,4.93,46900,5.04,16500,4.92,117700,5.05,116500,4.91,65300,5.06,16100,4.9,200000,5.07,100,4.89,47500,5.08,50100,1991100,2389200,15:37:00.616
000931.SZ,000931,20260420,20260420,10:01:09.000,100109000,79,4.99,5.19,5.19,4.95,5.2,5.72,4.68,10297400,5161.8384,9380,4.98,126300,4.99,84000,4.97,110800,5.0,156600,4.96,369300,5.01,268300,4.95,290700,5.02,50700,4.94,57100,5.03,26500,4.93,46900,5.04,16500,4.92,117700,5.05,116500,4.91,65300,5.06,16100,4.9,200000,5.07,100,4.89,47500,5.08,50100,1992200,2389600,15:37:00.709
000931.SZ,000931,20260420,20260420,10:01:12.000,100112000,79,4.98,5.19,5.19,4.95,5.2,5.72,4.68,10299500,5162.8842,9384,4.98,125400,4.99,97600,4.97,110800,5.0,157000,4.96,369300,5.01,268000,4.95,290700,5.02,50700,4.94,57100,5.03,26500,4.93,46900,5.04,16500,4.92,117700,5.05,116500,4.91,65300,5.06,16100,4.9,200000,5.07,100,4.89,47500,5.08,50100,1992100,2403300,15:37:00.789
000931.SZ,000931,20260420,20260420,10:01:15.000,100115000,79,4.98,5.19,5.19,4.95,5.2,5.72,4.68,10301700,5163.9798,9388,4.98,124200,4.99,102900,4.97,110800,5.0,156700,4.96,369500,5.01,267700,4.95,292600,5.02,50700,4.94,57100,5.03,26500,4.93,46900,5.04,16500,4.92,117700,5.05,116500,4.91,65300,5.06,16100,4.9,200000,5.07,100,4.89,47500,5.08,50100,1993000,2408000,15:37:00.929
000931.SZ,000931,20260420,20260420,10:01:18.000,100118000,79,4.99,5.19,5.19,4.95,5.2,5.72,4.68,10327000,5176.6042,9393,4.98,123900,4.99,78000,4.97,110800,5.0,156600,4.96,369500,5.01,267700,4.95,292600,5.02,50700,4.94,57100,5.03,26500,4.93,46900,5.04,16500,4.92,117700,5.05,116500,4.91,65300,5.06,16100,4.9,200000,5.07,100,4.89,47500,5.08,31100,1992700,2364000,15:37:01.291
000931.SZ,000931,20260420,20260420,10:01:21.000,100121000,79,4.99,5.19,5.19,4.95,5.2,5.72,4.68,10328700,5177.4523,9395,4.98,123700,4.99,99000,4.97,110800,5.0,156000,4.96,369500,5.01,267700,4.95,292600,5.02,50700,4.94,57100,5.03,26500,4.93,46900,5.04,16500,4.92,117700,5.05,116500,4.91,65300,5.06,16100,4.9,200000,5.07,100,4.89,47500,5.08,31100,1992500,2384400,15:37:01.555
000931.SZ,000931,20260420,20260420,10:01:24.000,100124000,79,4.98,5.19,5.19,4.95,5.2,5.72,4.68,10336700,5181.4363,9404,4.98,140300,4.99,104000,4.97,110800,5.0,156000,4.96,379500,5.01,267300,4.95,291600,5.02,50700,4.94,61100,5.03,26500,4.93,46900,5.04,16500,4.92,117700,5.05,116500,4.91,65300,5.06,16100,4.9,200000,5.07,100,4.89,47500,5.08,31100,2022100,2389000,15:37:01.855
000931.SZ,000931,20260420,20260420,10:01:27.000,100127000,79,4.98,5.19,5.19,4.95,5.2,5.72,4.68,10336900,5181.5359,9406,4.98,141100,4.99,103900,4.97,110800,5.0,155700,4.96,379500,5.01,267300,4.95,291600,5.02,50700,4.94,61100,5.03,26500,4.93,46900,5.04,16500,4.92,117700,5.05,116500,4.91,65300,5.06,16100,4.9,200000,5.07,100,4.89,47500,5.08,31100,2022900,2388600,15:37:02.179
000931.SZ,000931,20260420,20260420,10:01:30.000,100130000,79,4.99,5.19,5.19,4.95,5.2,5.72,4.68,10337900,5182.0349,9408,4.98,141500,4.99,103700,4.97,110800,5.0,174300,4.96,379500,5.01,267300,4.95,291600,5.02,50700,4.94,61100,5.03,26500,4.93,46900,5.04,16500,4.92,117700,5.05,116500,4.91,65300,5.06,16100,4.9,200000,5.07,100,4.89,47500,5.08,31100,2024300,2407000,15:37:02.442
000931.SZ,000931,20260420,20260420,10:01:33.000,100133000,79,4.98,5.19,5.19,4.95,5.2,5.72,4.68,10339300,5182.7321,9410,4.98,142100,4.99,105100,4.97,110800,5.0,170100,4.96,379500,5.01,267300,4.95,291600,5.02,50700,4.94,61100,5.03,26500,4.93,46900,5.04,16500,4.92,117700,5.05,116500,4.91,65300,5.06,16100,4.9,203000,5.07,100,4.89,47500,5.08,31100,2027900,2404200,15:37:02.740
000931.SZ,000931,20260420,20260420,10:01:36.000,100136000,79,4.98,5.19,5.19,4.95,5.2,5.72,4.68,10345700,5185.9193,9415,4.98,135700,4.99,107200,4.97,110500,5.0,170200,4.96,379500,5.01,267300,4.95,291600,5.02,50700,4.94,61100,5.03,26500,4.93,46900,5.04,16500,4.92,117700,5.05,116500,4.91,65300,5.06,16100,4.9,203000,5.07,100,4.89,47500,5.08,31100,2021200,2406400,15:37:03.054
000931.SZ,000931,20260420,20260420,10:01:39.000,100139000,79,4.98,5.19,5.19,4.95,5.2,5.72,4.68,10351000,5188.5587,9419,4.98,130400,4.99,92600,4.97,110500,5.0,144800,4.96,379500,5.01,232900,4.95,291600,5.02,47600,4.94,61100,5.03,26500,4.93,46900,5.04,16500,4.92,117700,5.05,116500,4.91,65300,5.06,16100,4.9,203000,5.07,100,4.89,47500,5.08,31100,2015900,2328900,15:37:03.412
000931.SZ,000931,20260420,20260420,10:01:42.000,100142000,79,4.98,5.19,5.19,4.95,5.2,5.72,4.68,10359500,5192.7917,9422,4.98,121900,4.99,92600,4.97,110500,5.0,144800,4.96,379500,5.01,232900,4.95,293600,5.02,47600,4.94,61100,5.03,26500,4.93,46900,5.04,16500,4.92,117700,5.05,116500,4.91,65300,5.06,16100,4.9,203000,5.07,100,4.89,47500,5.08,31100,2009400,2328900,15:37:03.695
000931.SZ,000931,20260420,20260420,10:01:45.000,100145000,79,4.98,5.19,5.19,4.95,5.2,5.72,4.68,10359600,5192.8415,9423,4.98,121800,4.99,93700,4.97,110500,5.0,147700,4.96,379500,5.01,232900,4.95,293600,5.02,47600,4.94,61100,5.03,26500,4.93,46900,5.04,16500,4.92,117700,5.05,116500,4.91,65300,5.06,16100,4.9,203000,5.07,100,4.89,47500,5.08,31100,2009300,2332900,15:37:03.923
000931.SZ,000931,20260420,20260420,10:01:48.000,100148000,79,4.98,5.19,5.19,4.95,5.2,5.72,4.68,10359600,5192.8415,9423,4.98,122000,4.99,108100,4.97,110500,5.0,169800,4.96,379500,5.01,232900,4.95,309600,5.02,47600,4.94,61100,5.03,26500,4.93,46900,5.04,16500,4.92,117700,5.05,116500,4.91,66300,5.06,16100,4.9,203000,5.07,100,4.89,47500,5.08,31100,2026500,2369400,15:37:04.164
000931.SZ,000931,20260420,20260420,10:01:51.000,100151000,79,4.99,5.19,5.19,4.95,5.2,5.72,4.68,10376200,5201.1152,9462,4.98,113600,4.99,111500,4.97,110500,5.0,181600,4.96,379500,5.01,232900,4.95,309100,5.02,47600,4.94,61400,5.03,26500,4.93,46900,5.04,16500,4.92,117700,5.05,116500,4.91,66300,5.06,16100,4.9,203500,5.07,100,4.89,47500,5.08,31100,2018400,2384600,15:37:04.490
000931.SZ,000931,20260420,20260420,10:01:54.000,100154000,79,4.98,5.19,5.19,4.95,5.2,5.72,4.68,10382800,5204.402,9469,4.98,108200,4.99,116500,4.97,110500,5.0,188200,4.96,379600,5.01,232900,4.95,309100,5.02,47600,4.94,61400,5.03,26500,4.93,46900,5.04,16500,4.92,117700,5.05,116500,4.91,66300,5.06,16100,4.9,203500,5.07,100,4.89,47500,5.08,31100,2013500,2396200,15:37:04.864
000931.SZ,000931,20260420,20260420,10:01:57.000,100157000,79,4.98,5.19,5.19,4.95,5.2,5.72,4.68,10521400,5273.4245,9617,4.98,2100,4.99,129100,4.97,110200,5.0,179600,4.96,379600,5.01,232900,4.95,310100,5.02,47600,4.94,61400,5.03,26500,4.93,46900,5.04,16500,4.92,117700,5.05,116500,4.91,66300,5.06,16100,4.9,203500,5.07,100,4.89,47500,5.08,31100,1908100,2400200,15:37:05.231
000931.SZ,000931,20260420,20260420,10:02:00.000,100200000,79,4.97,5.19,5.19,4.95,5.2,5.72,4.68,10533300,5279.3504,9653,4.97,114400,4.98,17300,4.96,379600,4.99,132000,4.95,311100,5.0,174400,4.94,61400,5.01,227100,4.93,46900,5.02,47600,4.92,117700,5.03,26500,4.91,66300,5.04,16500,4.9,203500,5.05,116500,4.89,47500,5.06,16100,4.88,104700,5.07,100,1911200,2409400,15:37:05.535
000931.SZ,000931,20260420,20260420,10:02:03.000,100203000,79,4.97,5.19,5.19,4.95,5.2,5.72,4.68,10537300,5281.3384,9677,4.97,114800,4.98,35800,4.96,379600,4.99,129500,4.95,311100,5.0,173100,4.94,61400,5.01,222600,4.93,46900,5.02,47600,4.92,117700,5.03,26500,4.91,66300,5.04,16500,4.9,203500,5.05,116500,4.89,47500,5.06,16100,4.88,104700,5.07,100,1911600,2419600,15:37:05.911
000931.SZ,000931,20260420,20260420,10:02:06.000,100206000,79,4.97,5.19,5.19,4.95,5.2,5.72,4.68,10538900,5282.1336,9693,4.97,114300,4.98,62100,4.96,379200,4.99,127800,4.95,311200,5.0,171000,4.94,61600,5.01,221700,4.93,46900,5.02,47600,4.92,117800,5.03,26500,4.91,66300,5.04,16500,4.9,203500,5.05,109600,4.89,47500,5.06,16100,4.88,104700,5.07,100,1911100,2434300,15:37:06.316
000931.SZ,000931,20260420,20260420,10:02:09.000,100209000,79,4.97,5.19,5.19,4.95,5.2,5.72,4.68,10543600,5284.4732,9726,4.97,124700,4.98,62500,4.96,381000,4.99,126300,4.95,311200,5.0,169800,4.94,61600,5.01,221700,4.93,46900,5.02,47600,4.92,117800,5.03,26500,4.91,66300,5.04,16500,4.9,203500,5.05,109600,4.89,47500,5.06,16100,4.88,104700,5.07,100,1923300,2432000,15:37:06.549
000931.SZ,000931,20260420,20260420,10:02:12.000,100212000,79,4.97,5.19,5.19,4.95,5.2,5.72,4.68,10554000,5289.642,9738,4.97,114300,4.98,72000,4.96,381000,4.99,124100,4.95,311200,5.0,169700,4.94,61600,5.01,221700,4.93,46900,5.02,47600,4.92,117800,5.03,26500,4.91,66300,5.04,16500,4.9,203500,5.05,109600,4.89,47500,5.06,16100,4.88,104700,5.07,100,1912900,2439200,15:37:06.954
000931.SZ,000931,20260420,20260420,10:02:15.000,100215000,79,4.97,5.19,5.19,4.95,5.2,5.72,4.68,10555400,5290.3383,9749,4.97,113400,4.98,77000,4.96,381000,4.99,123700,4.95,311200,5.0,169700,4.94,62600,5.01,221700,4.93,46900,5.02,47600,4.92,117800,5.03,26500,4.91,66300,5.04,16500,4.9,203500,5.05,109600,4.89,47500,5.06,16100,4.88,104700,5.07,100,1913000,2443800,15:37:07.192
000931.SZ,000931,20260420,20260420,10:02:18.000,100218000,79,4.97,5.19,5.19,4.95,5.2,5.72,4.68,10559600,5292.4261,9761,4.97,109700,4.98,79900,4.96,381000,4.99,123700,4.95,311200,5.0,168800,4.94,62600,5.01,221700,4.93,46900,5.02,47600,4.92,117800,5.03,26500,4.91,66300,5.04,16500,4.9,203500,5.05,109600,4.89,47500,5.06,16100,4.88,104700,5.07,100,1909300,2445800,15:37:07.475
000931.SZ,000931,20260420,20260420,10:02:21.000,100221000,79,4.97,5.19,5.19,4.95,5.2,5.72,4.68,10576300,5300.7343,9795,4.97,101300,4.98,75000,4.96,380900,4.99,121500,4.95,311200,5.0,167900,4.94,62600,5.01,217200,4.93,46900,5.02,47600,4.92,117800,5.03,24100,4.91,66300,5.04,7500,4.9,203500,5.05,109600,4.89,47500,5.06,16100,4.88,104700,5.07,100,1900800,2421900,15:37:07.689
000931.SZ,000931,20260420,20260420,10:02:24.000,100224000,79,4.97,5.19,5.19,4.95,5.2,5.72,4.68,10583300,5304.2133,9805,4.97,94700,4.98,98500,4.96,380900,4.99,119800,4.95,311200,5.0,167900,4.94,62600,5.01,212200,4.93,46900,5.02,47600,4.92,117800,5.03,24100,4.91,66300,5.04,7500,4.9,203500,5.05,111600,4.89,47500,5.06,16100,4.88,104700,5.07,100,1894200,2440700,15:37:07.983
000931.SZ,000931,20260420,20260420,10:02:27.000,100227000,79,4.97,5.19,5.19,4.95,5.2,5.72,4.68,10607800,5316.3898,9841,4.97,70200,4.98,98600,4.96,380900,4.99,115900,4.95,309800,5.0,167400,4.94,62600,5.01,211000,4.93,46900,5.02,47600,4.92,117800,5.03,24100,4.91,66300,5.04,7500,4.9,203500,5.05,111600,4.89,47500,5.06,16100,4.88,104700,5.07,100,1868300,2435200,15:37:08.285
000931.SZ,000931,20260420,20260420,10:02:30.000,100230000,79,4.97,5.19,5.19,4.95,5.2,5.72,4.68,10646500,5335.6304,9891,4.97,38300,4.98,102800,4.96,380900,4.99,116200,4.95,309800,5.0,167200,4.94,62600,5.01,209400,4.93,46900,5.02,47600,4.92,117800,5.03,24100,4.91,66300,5.04,7500,4.9,203500,5.05,111600,4.89,47500,5.06,16100,4.88,104700,5.07,100,1836400,2437900,15:37:08.537
000931.SZ,000931,20260420,20260420,10:02:33.000,100233000,79,4.97,5.19,5.19,4.95,5.2,5.72,4.68,10660200,5342.4393,9913,4.97,20200,4.98,108900,4.96,384300,4.99,115900,4.95,311300,5.0,166800,4.94,62600,5.01,209400,4.93,46900,5.02,47600,4.92,117800,5.03,24100,4.91,66300,5.04,7500,4.9,203500,5.05,111600,4.89,47500,5.06,16100,4.88,104700,5.07,100,1823200,2443800,15:37:08.832
000931.SZ,000931,20260420,20260420,10:02:36.000,100236000,79,4.97,5.19,5.19,4.95,5.2,5.72,4.68,10689800,5357.1508,9944,4.96,385300,4.98,112300,4.95,311300,4.99,115500,4.94,62600,5.0,165000,4.93,46900,5.01,209400,4.92,117800,5.02,47600,4.91,66300,5.03,24100,4.9,204500,5.04,7500,4.89,47500,5.05,111600,4.88,104700,5.06,16100,4.87,49800,5.07,100,1805000,2445000,15:37:09.159
000931.SZ,000931,20260420,20260420,10:02:39.000,100239000,79,4.97,5.19,5.19,4.95,5.2,5.72,4.68,10691700,5358.0943,9954,4.97,5000,4.98,115700,4.96,385200,4.99,115400,4.95,311300,5.0,164700,4.94,62600,5.01,209400,4.93,46900,5.02,45200,4.92,117800,5.03,24100,4.91,66300,5.04,7500,4.9,204500,5.05,111600,4.89,47500,5.06,16100,4.88,104700,5.07,100,1809900,2445600,15:37:09.456
000931.SZ,000931,20260420,20260420,10:02:42.000,100242000,79,4.97,5.19,5.19,4.95,5.2,5.72,4.68,10692900,5358.6907,9960,4.97,12700,4.98,118800,4.96,387000,4.99,115400,4.95,311300,5.0,164700,4.94,62600,5.01,209400,4.93,46900,5.02,45200,4.92,117800,5.03,24100,4.91,66300,5.04,7500,4.9,204500,5.05,111600,4.89,47500,5.06,16100,4.88,104700,5.07,100,1819400,2448700,15:37:09.748
000931.SZ,000931,20260420,20260420,10:02:45.000,100245000,79,4.97,5.19,5.19,4.95,5.2,5.72,4.68,10693100,5358.7901,9962,4.97,12500,4.98,119600,4.96,387500,4.99,115200,4.95,311400,5.0,164100,4.94,62600,5.01,209400,4.93,46900,5.02,45200,4.92,117800,5.03,24100,4.91,66300,5.04,7500,4.9,204500,5.05,111600,4.89,47500,5.06,16100,4.88,104700,5.07,100,1819800,2448700,15:37:10.293
000931.SZ,000931,20260420,20260420,10:02:48.000,100248000,79,4.97,5.19,5.19,4.95,5.2,5.72,4.68,10693100,5358.7901,9962,4.97,12600,4.98,120400,4.96,387500,4.99,115200,4.95,311500,5.0,164100,4.94,62600,5.01,209400,4.93,49100,5.02,45200,4.92,117800,5.03,24100,4.91,66300,5.04,7500,4.9,204500,5.05,111600,4.89,47500,5.06,16100,4.88,104700,5.07,100,1822200,2449500,15:37:10.339
000931.SZ,000931,20260420,20260420,10:02:51.000,100251000,79,4.97,5.19,5.19,4.95,5.2,5.72,4.68,10722100,5373.2031,9970,4.96,392500,4.98,121600,4.95,311500,4.99,115200,4.94,62600,5.0,164100,4.93,49100,5.01,209400,4.92,117800,5.02,45200,4.91,66300,5.03,24100,4.9,204500,5.04,7500,4.89,47500,5.05,111600,4.88,104700,5.06,16100,4.87,49800,5.07,100,1814600,2450700,15:37:10.682
000931.SZ,000931,20260420,20260420,10:02:54.000,100254000,79,4.96,5.19,5.19,4.95,5.2,5.72,4.68,10723000,5373.6495,9975,4.97,11600,4.98,127100,4.96,391600,4.99,115200,4.95,312400,5.0,164100,4.94,62500,5.01,209400,4.93,49100,5.02,45200,4.92,117800,5.03,24100,4.91,66300,5.04,7500,4.9,204500,5.05,111600,4.89,47500,5.06,16100,4.88,104700,5.07,100,1826600,2456200,15:37:10.946
000931.SZ,000931,20260420,20260420,10:02:57.000,100257000,79,4.97,5.19,5.19,4.95,5.2,5.72,4.68,10723100,5373.6992,9976,4.97,11500,4.98,128200,4.96,391600,4.99,115200,4.95,312400,5.0,164100,4.94,62500,5.01,209400,4.93,49100,5.02,45200,4.92,117800,5.03,24100,4.91,66300,5.04,7500,4.9,204500,5.05,111600,4.89,47500,5.06,16100,4.88,104700,5.07,100,1826500,2457300,15:37:11.182
000931.SZ,000931,20260420,20260420,10:03:00.000,100300000,79,4.97,5.19,5.19,4.95,5.2,5.72,4.68,10726100,5375.1907,9981,4.97,9000,4.98,127700,4.96,391600,4.99,114300,4.95,312400,5.0,164100,4.94,62500,5.01,209400,4.93,49100,5.02,45200,4.92,117800,5.03,24100,4.91,66300,5.04,7500,4.9,204500,5.05,111600,4.89,47500,5.06,16100,4.88,104700,5.07,100,1824000,2455900,15:37:11.677
000931.SZ,000931,20260420,20260420,10:03:03.000,100303000,79,4.97,5.19,5.19,4.95,5.2,5.72,4.68,10726200,5375.2404,9982,4.97,9500,4.98,128500,4.96,392600,4.99,115100,4.95,312400,5.0,164800,4.94,62500,5.01,209400,4.93,49100,5.02,45200,4.92,117800,5.03,24100,4.91,66300,5.04,7500,4.9,204500,5.05,111600,4.89,47500,5.06,16100,4.88,104700,5.07,100,1825500,2458200,15:37:11.993
000931.SZ,000931,20260420,20260420,10:03:06.000,100306000,79,4.97,5.19,5.19,4.95,5.2,5.72,4.68,10726700,5375.4889,9983,4.97,9400,4.98,128600,4.96,392600,4.99,115100,4.95,312400,5.0,164800,4.94,62500,5.01,209400,4.93,49100,5.02,45200,4.92,117800,5.03,24100,4.91,66300,5.04,7500,4.9,208600,5.05,111600,4.89,47500,5.06,16100,4.88,104700,5.07,100,1829500,2458300,15:37:12.261
000931.SZ,000931,20260420,20260420,10:03:09.000,100309000,79,4.97,5.19,5.19,4.95,5.2,5.72,4.68,10726800,5375.5386,9984,4.97,12200,4.98,129700,4.96,393100,4.99,113800,4.95,312400,5.0,164800,4.94,62500,5.01,209400,4.93,49600,5.02,45200,4.92,117800,5.03,24100,4.91,66300,5.04,7500,4.9,209600,5.05,111600,4.89,47500,5.06,16100,4.88,104700,5.07,100,1834300,2458100,15:37:12.527
000931.SZ,000931,20260420,20260420,10:03:12.000,100312000,79,4.98,5.19,5.19,4.95,5.2,5.72,4.68,10790300,5407.1566,10030,4.97,31700,4.98,71200,4.96,393100,4.99,113800,4.95,312400,5.0,164800,4.94,62500,5.01,209400,4.93,49600,5.02,45200,4.92,117800,5.03,24100,4.91,66300,5.04,7500,4.9,209600,5.05,111600,4.89,47500,5.06,16100,4.88,104700,5.07,100,1853800,2399600,15:37:12.928
000931.SZ,000931,20260420,20260420,10:03:15.000,100315000,79,4.97,5.19,5.19,4.95,5.2,5.72,4.68,10791500,5407.753,10033,4.97,32900,4.98,75800,4.96,393100,4.99,112800,4.95,312400,5.0,164500,4.94,62500,5.01,209400,4.93,49600,5.02,45200,4.92,117800,5.03,24100,4.91,71300,5.04,7500,4.9,259600,5.05,111600,4.89,47500,5.06,16100,4.88,104700,5.07,100,1910000,2402900,15:37:13.108
000931.SZ,000931,20260420,20260420,10:03:18.000,100318000,79,4.97,5.19,5.19,4.95,5.2,5.72,4.68,10791500,5407.753,10033,4.97,38500,4.98,76600,4.96,393100,4.99,112100,4.95,312400,5.0,164200,4.94,62500,5.01,209400,4.93,49600,5.02,45200,4.92,117800,5.03,24100,4.91,71300,5.04,7500,4.9,263700,5.05,111600,4.89,47500,5.06,16100,4.88,104700,5.07,100,1919700,2401700,15:37:13.293
000931.SZ,000931,20260420,20260420,10:03:21.000,100321000,79,4.97,5.19,5.19,4.95,5.2,5.72,4.68,10791600,5407.8027,10034,4.97,46800,4.98,77900,4.96,393100,4.99,112100,4.95,312500,5.0,164200,4.94,62500,5.01,209400,4.93,49600,5.02,45200,4.92,117800,5.03,24100,4.91,71300,5.04,7500,4.9,263700,5.05,111600,4.89,47500,5.06,16100,4.88,104700,5.07,100,1928100,2403000,15:37:13.634
000931.SZ,000931,20260420,20260420,10:03:24.000,100324000,79,4.97,5.19,5.19,4.95,5.2,5.72,4.68,10792200,5408.1009,10035,4.97,52600,4.98,83800,4.96,393100,4.99,111100,4.95,312500,5.0,164200,4.94,62500,5.01,209400,4.93,49600,5.02,45200,4.92,117800,5.03,24100,4.91,71300,5.04,7500,4.9,263700,5.05,111600,4.89,47500,5.06,16100,4.88,104700,5.07,100,1933900,2407900,15:37:13.875
000931.SZ,000931,20260420,20260420,10:03:27.000,100327000,79,4.97,5.19,5.19,4.95,5.2,5.72,4.68,10795200,5409.5919,10043,4.97,81100,4.98,85300,4.96,393100,4.99,109700,4.95,312500,5.0,164200,4.94,62500,5.01,209400,4.93,49600,5.02,45200,4.92,117800,5.03,24100,4.91,71300,5.04,7500,4.9,263700,5.05,111600,4.89,47500,5.06,16100,4.88,104700,5.07,100,1962900,2408000,15:37:14.117
000931.SZ,000931,20260420,20260420,10:03:30.000,100330000,79,4.97,5.19,5.19,4.95,5.2,5.72,4.68,10795200,5409.5919,10043,4.97,83500,4.98,85300,4.96,396600,4.99,109700,4.95,312500,5.0,164200,4.94,62500,5.01,209400,4.93,49600,5.02,45200,4.92,117800,5.03,24100,4.91,71300,5.04,7500,4.9,263700,5.05,111600,4.89,47500,5.06,16100,4.88,104700,5.07,100,1968800,2408000,15:37:14.433
000931.SZ,000931,20260420,20260420,10:03:33.000,100333000,79,4.97,5.19,5.19,4.95,5.2,5.72,4.68,10826400,5425.1276,10063,4.97,93300,4.98,56000,4.96,418200,4.99,109700,4.95,313200,5.0,163900,4.94,62500,5.01,209400,4.93,49600,5.02,45200,4.92,117800,5.03,24100,4.91,71300,5.04,7500,4.9,263700,5.05,111600,4.89,47500,5.06,16100,4.88,104700,5.07,100,2000900,2378400,15:37:14.652
000931.SZ,000931,20260420,20260420,10:03:36.000,100336000,79,4.98,5.19,5.19,4.95,5.2,5.72,4.68,10826800,5425.3268,10064,4.97,107100,4.98,58200,4.96,423000,4.99,109700,4.95,313200,5.0,163600,4.94,62500,5.01,209400,4.93,54100,5.02,45200,4.92,122800,5.03,24100,4.91,71300,5.04,7500,4.9,263700,5.05,111600,4.89,47500,5.06,16100,4.88,104700,5.07,100,2029000,2380300,15:37:14.976
000931.SZ,000931,20260420,20260420,10:03:39.000,100339000,79,4.98,5.19,5.19,4.95,5.2,5.72,4.68,10829300,5426.5717,10070,4.97,107600,4.98,55800,4.96,423000,4.99,109700,4.95,319700,5.0,163600,4.94,62500,5.01,209400,4.93,55300,5.02,45500,4.92,122800,5.03,24100,4.91,71300,5.04,7500,4.9,263700,5.05,111600,4.89,47500,5.06,16100,4.88,104700,5.07,100,2037200,2378200,15:37:15.200
000931.SZ,000931,20260420,20260420,10:03:42.000,100342000,79,4.98,5.19,5.19,4.95,5.2,5.72,4.68,10829300,5426.5717,10070,4.97,108000,4.98,57200,4.96,423000,4.99,109700,4.95,319700,5.0,163600,4.94,62500,5.01,209400,4.93,55300,5.02,45500,4.92,122800,5.03,24100,4.91,71300,5.04,7500,4.9,263700,5.05,111600,4.89,47500,5.06,16100,4.88,104700,5.07,100,2037600,2379600,15:37:15.509
000931.SZ,000931,20260420,20260420,10:03:45.000,100345000,79,4.98,5.19,5.19,4.95,5.2,5.72,4.68,10829300,5426.5717,10070,4.97,109400,4.98,57200,4.96,432200,4.99,110400,4.95,321000,5.0,163600,4.94,62500,5.01,209400,4.93,55300,5.02,45500,4.92,122800,5.03,24100,4.91,71300,5.04,7500,4.9,263700,5.05,111600,4.89,47500,5.06,16100,4.88,104700,5.07,100,2049500,2380300,15:37:15.741
000931.SZ,000931,20260420,20260420,10:03:48.000,100348000,79,4.98,5.19,5.19,4.95,5.2,5.72,4.68,10829900,5426.8705,10072,4.97,119900,4.98,56600,4.96,432200,4.99,110400,4.95,326000,5.0,163600,4.94,62500,5.01,209400,4.93,54900,5.02,45500,4.92,122800,5.03,24100,4.91,71300,5.04,7500,4.9,263700,5.05,111600,4.89,47500,5.06,16100,4.88,104700,5.07,100,2064600,2379700,15:37:16.021
000931.SZ,000931,20260420,20260420,10:03:51.000,100351000,79,4.97,5.19,5.19,4.95,5.2,5.72,4.68,10830000,5426.9202,10073,4.97,123000,4.98,57200,4.96,434200,4.99,110400,4.95,326000,5.0,163600,4.94,62500,5.01,209400,4.93,54900,5.02,45500,4.92,122800,5.03,24100,4.91,71300,5.04,7500,4.9,263700,5.05,111600,4.89,47500,5.06,16100,4.88,104700,5.07,100,2069800,2380300,15:37:16.257
000931.SZ,000931,20260420,20260420,10:03:54.000,100354000,79,4.97,5.19,5.19,4.95,5.2,5.72,4.68,10832000,5427.9142,10076,4.97,121000,4.98,95800,4.96,433700,4.99,110000,4.95,327200,5.0,163600,4.94,62500,5.01,209400,4.93,54900,5.02,45500,4.92,122800,5.03,24100,4.91,71300,5.04,7500,4.9,263700,5.05,111600,4.89,47500,5.06,16100,4.88,104700,5.07,100,2068500,2419500,15:37:16.569
000931.SZ,000931,20260420,20260420,10:03:57.000,100357000,79,4.98,5.19,5.19,4.95,5.2,5.72,4.68,10842000,5432.8942,10091,4.97,122600,4.98,86600,4.96,433700,4.99,110000,4.95,327200,5.0,163600,4.94,62500,5.01,209400,4.93,54900,5.02,45500,4.92,122800,5.03,24100,4.91,71300,5.04,7500,4.9,313700,5.05,111600,4.89,47500,5.06,16100,4.88,104700,5.07,100,2120100,2410300,15:37:16.877
000931.SZ,000931,20260420,20260420,10:04:00.000,100400000,79,4.97,5.19,5.19,4.95,5.2,5.72,4.68,10850700,5437.2181,10111,4.97,112800,4.98,86900,4.96,433700,4.99,110000,4.95,327200,5.0,163600,4.94,62500,5.01,209400,4.93,54900,5.02,45500,4.92,122800,5.03,24100,4.91,71300,5.04,7500,4.9,313700,5.05,111600,4.89,47500,5.06,16100,4.88,104700,5.07,100,2110300,2410600,15:37:17.145
000931.SZ,000931,20260420,20260420,10:04:03.000,100403000,79,4.97,5.19,5.19,4.95,5.2,5.72,4.68,10853200,5438.463,10116,4.97,112700,4.98,92600,4.96,433700,4.99,110000,4.95,322200,5.0,163600,4.94,62500,5.01,209400,4.93,54900,5.02,14000,4.92,122800,5.03,24100,4.91,71700,5.04,7500,4.9,313700,5.05,111600,4.89,47500,5.06,16100,4.88,104700,5.07,100,2105600,2384800,15:37:17.578
000931.SZ,000931,20260420,20260420,10:04:06.000,100406000,79,4.98,5.19,5.19,4.95,5.2,5.72,4.68,10866500,5445.0824,10135,4.97,108700,4.98,83300,4.96,433700,4.99,110000,4.95,322200,5.0,163600,4.94,62500,5.01,209400,4.93,54900,5.02,14000,4.92,122800,5.03,24100,4.91,71700,5.04,7500,4.9,313700,5.05,111600,4.89,47500,5.06,16100,4.88,104700,5.07,100,2101600,2376500,15:37:17.991
000931.SZ,000931,20260420,20260420,10:04:09.000,100409000,79,4.97,5.19,5.19,4.95,5.2,5.72,4.68,10867000,5445.3309,10140,4.97,109200,4.98,86700,4.96,433700,4.99,108300,4.95,322200,5.0,163600,4.94,62500,5.01,209400,4.93,54900,5.02,14000,4.92,122800,5.03,24100,4.91,71700,5.04,7500,4.9,313700,5.05,111600,4.89,47500,5.06,16100,4.88,104700,5.07,100,2102100,2378200,15:37:18.348
000931.SZ,000931,20260420,20260420,10:04:12.000,100412000,79,4.97,5.19,5.19,4.95,5.2,5.72,4.68,10867300,5445.48,10143,4.97,108900,4.98,87800,4.96,433700,4.99,106500,4.95,322200,5.0,163300,4.94,62500,5.01,209400,4.93,54900,5.02,14000,4.92,122800,5.03,24100,4.91,71700,5.04,7500,4.9,313700,5.05,111600,4.89,47500,5.06,16100,4.88,104700,5.07,100,2102000,2377200,15:37:18.619
000931.SZ,000931,20260420,20260420,10:04:15.000,100415000,79,4.97,5.19,5.19,4.95,5.2,5.72,4.68,10867800,5445.7286,10148,4.97,108500,4.98,88000,4.96,449700,4.99,106200,4.95,322200,5.0,163000,4.94,62500,5.01,209400,4.93,54900,5.02,14000,4.92,122800,5.03,24100,4.91,71700,5.04,7500,4.9,313700,5.05,111600,4.89,47500,5.06,16100,4.88,104700,5.07,100,2117600,2376800,15:37:18.893
000931.SZ,000931,20260420,20260420,10:04:18.000,100418000,79,4.97,5.19,5.19,4.95,5.2,5.72,4.68,10869700,5446.6745,10155,4.97,113200,4.98,86400,4.96,449700,4.99,110600,4.95,322200,5.0,162700,4.94,62500,5.01,209400,4.93,55900,5.02,14000,4.92,122800,5.03,24100,4.91,71700,5.04,7500,4.9,313700,5.05,111600,4.89,47500,5.06,16100,4.88,104700,5.07,100,2123300,2379300,15:37:19.174
000931.SZ,000931,20260420,20260420,10:04:21.000,100421000,79,4.97,5.19,5.19,4.95,5.2,5.72,4.68,10871600,5447.6205,10160,4.97,123500,4.98,90200,4.96,440700,4.99,111100,4.95,322200,5.0,162400,4.94,62500,5.01,209400,4.93,55900,5.02,14000,4.92,122800,5.03,24100,4.91,71700,5.04,7500,4.9,313700,5.05,111600,4.89,47500,5.06,16100,4.88,104700,5.07,100,2124600,2383300,15:37:19.441
000931.SZ,000931,20260420,20260420,10:04:24.000,100424000,79,4.97,5.19,5.19,4.95,5.2,5.72,4.68,10871700,5447.6702,10161,4.97,124600,4.98,90400,4.96,440700,4.99,111500,4.95,322200,5.0,163600,4.94,62500,5.01,209400,4.93,55900,5.02,14000,4.92,122800,5.03,24100,4.91,71700,5.04,7500,4.9,314700,5.05,111600,4.89,47500,5.06,16100,4.88,104700,5.07,100,2126700,2385100,15:37:19.657
000931.SZ,000931,20260420,20260420,10:04:27.000,100427000,79,4.97,5.19,5.19,4.95,5.2,5.72,4.68,10877200,5450.404,10167,4.97,119400,4.98,90100,4.96,440700,4.99,111200,4.95,323200,5.0,163600,4.94,62500,5.01,209400,4.93,55900,5.02,14000,4.92,122800,5.03,24100,4.91,71700,5.04,7500,4.9,314700,5.05,111600,4.89,47500,5.06,16100,4.88,105200,5.07,100,2123000,2384500,15:37:19.913
000931.SZ,000931,20260420,20260420,10:04:30.000,100430000,79,4.97,5.19,5.19,4.95,5.2,5.72,4.68,10879500,5451.5471,10168,4.97,117200,4.98,90800,4.96,440700,4.99,111100,4.95,323200,5.0,163300,4.94,62500,5.01,209400,4.93,55900,5.02,14000,4.92,122800,5.03,24100,4.91,71700,5.04,7500,4.9,314700,5.05,111600,4.89,47500,5.06,16100,4.88,105200,5.07,100,2120800,2386500,15:37:20.164
000931.SZ,000931,20260420,20260420,10:04:33.000,100433000,79,4.97,5.19,5.19,4.95,5.2,5.72,4.68,10879700,5451.6465,10170,4.97,117000,4.98,90500,4.96,440700,4.99,110800,4.95,323200,5.0,163300,4.94,62500,5.01,209400,4.93,55900,5.02,14000,4.92,122800,5.03,24100,4.91,81700,5.04,7500,4.9,314700,5.05,111600,4.89,47500,5.06,16100,4.88,105200,5.07,100,2130600,2385900,15:37:20.458
000931.SZ,000931,20260420,20260420,10:04:36.000,100436000,79,4.98,5.19,5.19,4.95,5.2,5.72,4.68,10881200,5452.3921,10175,4.97,116600,4.98,90500,4.96,440700,4.99,112700,4.95,323000,5.0,163300,4.94,62500,5.01,209400,4.93,55100,5.02,14000,4.92,122800,5.03,24100,4.91,81700,5.04,7500,4.9,314700,5.05,111600,4.89,47500,5.06,16100,4.88,105200,5.07,100,2129200,2387800,15:37:20.749
000931.SZ,000931,20260420,20260420,10:04:39.000,100439000,79,4.97,5.19,5.19,4.95,5.2,5.72,4.68,10881500,5452.5413,10178,4.97,116400,4.98,92800,4.96,440700,4.99,111900,4.95,323000,5.0,163300,4.94,62500,5.01,209400,4.93,55100,5.02,14000,4.92,122800,5.03,24100,4.91,81700,5.04,7500,4.9,314700,5.05,111600,4.89,47500,5.06,16100,4.88,105200,5.08,31100,2129000,2390200,15:37:21.068
000931.SZ,000931,20260420,20260420,10:04:42.000,100442000,79,4.97,5.19,5.19,4.95,5.2,5.72,4.68,10881600,5452.591,10179,4.97,116700,4.98,92600,4.96,440700,4.99,111900,4.95,325000,5.0,163300,4.94,62500,5.01,209400,4.93,57200,5.02,14000,4.92,122800,5.03,24100,4.91,81700,5.04,7500,4.9,264700,5.05,111600,4.89,47500,5.06,16100,4.88,105200,5.08,31100,2083400,2390000,15:37:21.363
000931.SZ,000931,20260420,20260420,10:04:45.000,100445000,79,4.98,5.19,5.19,4.95,5.2,5.72,4.68,10887000,5455.28,10190,4.97,116500,4.98,87100,4.96,440700,4.99,112100,4.95,325000,5.0,163300,4.94,62500,5.01,209400,4.93,57200,5.02,14000,4.92,122800,5.03,24100,4.91,81700,5.04,7500,4.9,264700,5.05,111600,4.89,47500,5.06,16100,4.88,105200,5.08,31100,2083200,2384700,15:37:21.551
000931.SZ,000931,20260420,20260420,10:04:48.000,100448000,79,4.97,5.19,5.19,4.95,5.2,5.72,4.68,10889200,5456.3744,10195,4.97,115300,4.98,86500,4.96,440700,4.99,111800,4.95,325000,5.0,163300,4.94,62500,5.01,209400,4.93,58200,5.02,14000,4.92,122800,5.03,24100,4.91,81700,5.04,7500,4.9,264700,5.05,111600,4.89,47500,5.06,16100,4.88,105200,5.08,31100,2083000,2383800,15:37:21.872
000931.SZ,000931,20260420,20260420,10:04:51.000,100451000,79,4.97,5.19,5.19,4.95,5.2,5.72,4.68,10889200,5456.3744,10195,4.97,115300,4.98,86400,4.96,440700,4.99,112200,4.95,325000,5.0,163300,4.94,62500,5.01,209400,4.93,58200,5.02,14000,4.92,122800,5.03,24100,4.91,81300,5.04,7500,4.9,264700,5.05,111600,4.89,47500,5.06,16100,4.88,105200,5.08,31100,2083200,2384100,15:37:22.079
000931.SZ,000931,20260420,20260420,10:04:54.000,100454000,79,4.97,5.19,5.19,4.95,5.2,5.72,4.68,10894900,5459.2073,10203,4.97,111400,4.98,92400,4.96,439300,4.99,112600,4.95,325000,5.0,163300,4.94,62500,5.01,209400,4.93,58200,5.02,14000,4.92,122800,5.03,24100,4.91,81300,5.04,7500,4.9,264700,5.05,111600,4.89,47500,5.06,16100,4.88,105200,5.08,31100,2077900,2390500,15:37:22.472
000931.SZ,000931,20260420,20260420,10:04:57.000,100457000,79,4.97,5.19,5.19,4.95,5.2,5.72,4.68,10894900,5459.2073,10203,4.97,112900,4.98,92600,4.96,439300,4.99,112200,4.95,309000,5.0,163300,4.94,62500,5.01,209400,4.93,58200,5.02,14000,4.92,122800,5.03,24100,4.91,81300,5.04,7500,4.9,265700,5.05,111600,4.89,47500,5.06,16100,4.88,105200,5.08,31100,2064400,2390300,15:37:22.692
000931.SZ,000931,20260420,20260420,10:05:00.000,100500000,79,4.98,5.19,5.19,4.95,5.2,5.72,4.68,10895200,5459.3567,10204,4.97,114100,4.98,92300,4.96,439300,4.99,112600,4.95,309000,5.0,165300,4.94,62500,5.01,209400,4.93,58200,5.02,14000,4.92,122800,5.03,24100,4.91,81300,5.04,7500,4.9,275700,5.05,111600,4.89,47500,5.06,16100,4.88,105200,5.08,31100,2125600,2392400,15:37:22.952
000931.SZ,000931,20260420,20260420,10:05:03.000,100503000,79,4.98,5.19,5.19,4.95,5.2,5.72,4.68,10895900,5459.7053,10205,4.97,115500,4.98,91600,4.96,439300,4.99,112600,4.95,309000,5.0,165300,4.94,62500,5.01,209400,4.93,58200,5.02,14000,4.92,122800,5.03,24100,4.91,81300,5.04,7500,4.9,275700,5.05,111600,4.89,47500,5.06,16100,4.88,107200,5.08,31100,2129000,2391700,15:37:23.424
000931.SZ,000931,20260420,20260420,10:05:06.000,100506000,79,4.98,5.19,5.19,4.95,5.2,5.72,4.68,10899000,5461.2491,10212,4.97,115500,4.98,88700,4.96,439300,4.99,112200,4.95,309000,5.0,164700,4.94,62500,5.01,209400,4.93,58200,5.02,14000,4.92,122800,5.03,24100,4.91,81300,5.04,7500,4.9,275700,5.05,111600,4.89,47500,5.06,16100,4.88,107200,5.08,31100,2130100,2388800,15:37:23.658
000931.SZ,000931,20260420,20260420,10:05:09.000,100509000,79,4.98,5.19,5.19,4.95,5.2,5.72,4.68,10899000,5461.2491,10212,4.97,115500,4.98,89800,4.96,451800,4.99,112200,4.95,309000,5.0,164700,4.94,62500,5.01,209400,4.93,58200,5.02,14000,4.92,122800,5.03,24100,4.91,81300,5.04,7500,4.9,225700,5.05,111600,4.89,47500,5.06,16100,4.88,107200,5.08,31100,2092600,2389900,15:37:24.033
000931.SZ,000931,20260420,20260420,10:05:12.000,100512000,79,4.98,5.19,5.19,4.95,5.2,5.72,4.68,10899000,5461.2491,10212,4.97,119300,4.98,89600,4.96,452300,4.99,112300,4.95,309000,5.0,164700,4.94,62500,5.01,209400,4.93,58200,5.02,14000,4.92,122800,5.03,24100,4.91,81300,5.04,7500,4.9,225700,5.05,111600,4.89,47500,5.06,16100,4.88,107200,5.08,31100,2096900,2389800,15:37:24.296
000931.SZ,000931,20260420,20260420,10:05:15.000,100515000,79,4.98,5.19,5.19,4.95,5.2,5.72,4.68,10899000,5461.2491,10212,4.97,120900,4.98,89600,4.96,452300,4.99,112300,4.95,309000,5.0,164300,4.94,62500,5.01,209400,4.93,58200,5.02,14000,4.92,122800,5.03,24100,4.91,81300,5.04,7500,4.9,225700,5.05,111600,4.89,47500,5.06,16100,4.88,107200,5.08,31100,2109500,2389400,15:37:24.549
000931.SZ,000931,20260420,20260420,10:05:18.000,100518000,79,4.98,5.19,5.19,4.95,5.2,5.72,4.68,10899000,5461.2491,10212,4.97,122800,4.98,90500,4.96,452300,4.99,112000,4.95,309000,5.0,164100,4.94,62500,5.01,209400,4.93,58200,5.02,14000,4.92,122800,5.03,24100,4.91,81300,5.04,7500,4.9,225700,5.05,111600,4.89,47500,5.06,16100,4.88,107200,5.08,31100,2111400,2389800,15:37:24.887
000931.SZ,000931,20260420,20260420,10:05:21.000,100521000,79,4.98,5.19,5.19,4.95,5.2,5.72,4.68,10899000,5461.2491,10212,4.97,124400,4.98,90500,4.96,452600,4.99,112000,4.95,309000,5.0,164100,4.94,62500,5.01,209400,4.93,58200,5.02,14000,4.92,122800,5.03,24100,4.91,81300,5.04,7500,4.9,225700,5.05,111600,4.89,47500,5.06,16100,4.88,107200,5.08,31100,2114300,2389800,15:37:25.358
000931.SZ,000931,20260420,20260420,10:05:24.000,100524000,79,4.98,5.19,5.19,4.95,5.2,5.72,4.68,10899000,5461.2491,10212,4.97,125400,4.98,95400,4.96,452600,4.99,112000,4.95,309000,5.0,164100,4.94,62500,5.01,209400,4.93,58200,5.02,14000,4.92,122800,5.03,24100,4.91,81300,5.04,7500,4.9,225700,5.05,111600,4.89,47500,5.06,16100,4.88,107200,5.08,31100,2115300,2394700,15:37:25.609
000931.SZ,000931,20260420,20260420,10:05:27.000,100527000,79,4.98,5.19,5.19,4.95,5.2,5.72,4.68,10899500,5461.4981,10213,4.97,119900,4.98,98500,4.96,455600,4.99,112000,4.95,309000,5.0,164100,4.94,62500,5.01,209400,4.93,58200,5.02,14000,4.92,122800,5.03,24100,4.91,81300,5.04,7500,4.9,226700,5.05,111600,4.89,47500,5.06,16100,4.88,107200,5.08,31100,2163800,2397800,15:37:25.885
000931.SZ,000931,20260420,20260420,10:05:30.000,100530000,79,4.98,5.19,5.19,4.95,5.2,5.72,4.68,10899600,5461.5479,10214,4.97,119900,4.98,98400,4.96,455600,4.99,112000,4.95,309000,5.0,164100,4.94,62500,5.01,209400,4.93,58200,5.02,14000,4.92,122800,5.03,21900,4.91,81300,5.04,7500,4.9,226800,5.05,111600,4.89,47500,5.06,16100,4.88,107200,5.08,31100,2163900,2395500,15:37:26.262
000931.SZ,000931,20260420,20260420,10:05:33.000,100533000,79,4.98,5.19,5.19,4.95,5.2,5.72,4.68,10901600,5462.5439,10218,4.97,119900,4.98,96400,4.96,454600,4.99,112000,4.95,309000,5.0,164100,4.94,62500,5.01,209400,4.93,58200,5.02,14000,4.92,122800,5.03,21900,4.91,91300,5.04,7500,4.9,226800,5.05,111600,4.89,47500,5.06,16100,4.88,107200,5.08,31100,2173900,2393500,15:37:26.483
000931.SZ,000931,20260420,20260420,10:05:36.000,100536000,79,4.98,5.19,5.19,4.95,5.2,5.72,4.68,10902100,5462.7929,10220,4.97,121000,4.98,95900,4.96,455100,4.99,112000,4.95,309000,5.0,164100,4.94,62500,5.01,209400,4.93,58200,5.02,14000,4.92,122800,5.03,21900,4.91,91300,5.04,7500,4.9,226800,5.05,111600,4.89,47500,5.06,16100,4.88,107200,5.08,31100,2175500,2393000,15:37:26.774
000931.SZ,000931,20260420,20260420,10:05:39.000,100539000,79,4.98,5.19,5.19,4.95,5.2,5.72,4.68,10902100,5462.7929,10220,4.97,121000,4.98,98800,4.96,455100,4.99,112000,4.95,309600,5.0,164100,4.94,62500,5.01,209400,4.93,58200,5.02,14000,4.92,122800,5.03,21900,4.91,91300,5.04,7500,4.9,226800,5.05,111600,4.89,47500,5.06,16100,4.88,106200,5.08,31100,2175100,2395900,15:37:27.087
000931.SZ,000931,20260420,20260420,10:05:42.000,100542000,79,4.98,5.19,5.19,4.95,5.2,5.72,4.68,10902100,5462.7929,10220,4.97,124700,4.98,99200,4.96,455100,4.99,112000,4.95,310600,5.0,164100,4.94,62500,5.01,209400,4.93,58200,5.02,14000,4.92,122800,5.03,21900,4.91,91300,5.04,7500,4.9,226800,5.05,111600,4.89,47500,5.06,16100,4.88,106200,5.08,31100,2181500,2396300,15:37:27.372
000931.SZ,000931,20260420,20260420,10:05:45.000,100545000,79,4.98,5.19,5.19,4.95,5.2,5.72,4.68,10905100,5464.2869,10226,4.97,126300,4.98,96300,4.96,454100,4.99,112000,4.95,310600,5.0,164100,4.94,62500,5.01,209400,4.93,58200,5.02,14000,4.92,122800,5.03,21900,4.91,91300,5.04,7500,4.9,226800,5.05,111600,4.89,47500,5.06,16100,4.88,106200,5.08,31100,2182100,2393400,15:37:27.623
000931.SZ,000931,20260420,20260420,10:05:48.000,100548000,79,4.98,5.19,5.19,4.95,5.2,5.72,4.68,10905100,5464.2869,10226,4.97,127300,4.98,97500,4.96,454100,4.99,112000,4.95,310600,5.0,164100,4.94,62500,5.01,209400,4.93,58200,5.02,14000,4.92,122800,5.03,21900,4.91,91300,5.04,7500,4.9,226800,5.05,111600,4.89,47500,5.06,16100,4.88,106200,5.08,31100,2183100,2394600,15:37:28.097
000931.SZ,000931,20260420,20260420,10:05:51.000,100551000,79,4.97,5.19,5.19,4.95,5.2,5.72,4.68,10914000,5468.7172,10235,4.97,118400,4.98,95100,4.96,454100,4.99,112000,4.95,310600,5.0,164100,4.94,62500,5.01,209400,4.93,58200,5.02,14000,4.92,122800,5.03,21900,4.91,91300,5.04,7500,4.9,226800,5.05,111600,4.89,47500,5.06,16100,4.88,106200,5.08,31100,2174200,2392200,15:37:28.159
000931.SZ,000931,20260420,20260420,10:05:54.000,100554000,79,4.98,5.19,5.19,4.95,5.2,5.72,4.68,10919300,5471.3566,10242,4.97,119100,4.98,89900,4.96,454100,4.99,112000,4.95,310600,5.0,164100,4.94,62500,5.01,209400,4.93,58200,5.02,14000,4.92,122800,5.03,21900,4.91,91300,5.04,7500,4.9,226800,5.05,111600,4.89,47500,5.06,16100,4.88,106200,5.08,31100,2174900,2387000,15:37:28.417
000931.SZ,000931,20260420,20260420,10:05:57.000,100557000,79,4.98,5.19,5.19,4.95,5.2,5.72,4.68,10919300,5471.3566,10242,4.97,119100,4.98,89900,4.96,454100,4.99,111000,4.95,310600,5.0,164100,4.94,62500,5.01,209400,4.93,58200,5.02,14000,4.92,122800,5.03,12900,4.91,91300,5.04,7500,4.9,226800,5.05,111600,4.89,47500,5.06,16100,4.88,106200,5.08,31100,2174900,2377000,15:37:28.818
000931.SZ,000931,20260420,20260420,10:06:00.000,100600000,79,4.97,5.19,5.19,4.95,5.2,5.72,4.68,10919600,5471.5057,10243,4.97,118800,4.98,89900,4.96,454100,4.99,111000,4.95,310600,5.0,129600,4.94,62500,5.01,209400,4.93,58200,5.02,14000,4.92,122800,5.03,12900,4.91,91300,5.04,7500,4.9,226800,5.05,111600,4.89,47500,5.06,16100,4.88,106200,5.08,31100,2174600,2343100,15:37:29.133
000931.SZ,000931,20260420,20260420,10:06:03.000,100603000,79,4.98,5.19,5.19,4.95,5.2,5.72,4.68,11019600,5521.3057,10317,4.97,117200,4.98,33400,4.96,454100,4.99,110800,4.95,310600,5.0,129600,4.94,62500,5.01,209400,4.93,58200,5.02,14000,4.92,122800,5.03,12900,4.91,91300,5.04,7500,4.9,226800,5.05,111600,4.89,47500,5.06,16100,4.88,106200,5.08,31100,2173300,2286400,15:37:29.447
000931.SZ,000931,20260420,20260420,10:06:06.000,100606000,79,4.98,5.19,5.19,4.95,5.2,5.72,4.68,11024600,5523.7957,10328,4.97,117700,4.98,28200,4.96,454100,4.99,110800,4.95,310600,5.0,129200,4.94,62500,5.01,209400,4.93,58200,5.02,14000,4.92,122800,5.03,12900,4.91,91300,5.04,7500,4.9,226800,5.05,111600,4.89,47500,5.06,16100,4.88,106200,5.08,31100,2174300,2280800,15:37:29.776
000931.SZ,000931,20260420,20260420,10:06:09.000,100609000,79,4.98,5.19,5.19,4.95,5.2,5.72,4.68,11024700,5523.8455,10329,4.97,122600,4.98,31400,4.96,454100,4.99,109600,4.95,310600,5.0,128900,4.94,62500,5.01,209300,4.93,58200,5.02,14000,4.92,122800,5.03,12900,4.91,91300,5.04,7500,4.9,226800,5.05,111600,4.89,47500,5.06,16100,4.88,106200,5.08,31100,2179200,2282400,15:37:30.036
000931.SZ,000931,20260420,20260420,10:06:12.000,100612000,79,4.98,5.19,5.19,4.95,5.2,5.72,4.68,11025200,5524.0945,10331,4.97,124600,4.98,39500,4.96,454100,4.99,109600,4.95,309600,5.0,128900,4.94,62500,5.01,209300,4.93,58200,5.02,14000,4.92,122800,5.03,12900,4.91,91300,5.04,7500,4.9,227800,5.05,111600,4.89,47500,5.06,16100,4.88,106200,5.08,31100,2181200,2290500,15:37:30.384
000931.SZ,000931,20260420,20260420,10:06:15.000,100615000,79,4.98,5.19,5.19,4.95,5.2,5.72,4.68,11045200,5534.0545,10397,4.97,124700,4.98,38000,4.96,454100,4.99,109800,4.95,309600,5.0,138900,4.94,62500,5.01,209300,4.93,58200,5.02,14000,4.92,122800,5.03,12900,4.91,91300,5.04,7500,4.9,228800,5.05,111600,4.89,47500,5.06,16100,4.88,106200,5.08,31100,2182300,2299200,15:37:30.575
000931.SZ,000931,20260420,20260420,10:06:18.000,100618000,79,4.98,5.19,5.19,4.95,5.2,5.72,4.68,11047200,5535.0505,10398,4.97,124700,4.98,37500,4.96,454500,4.99,109200,4.95,309600,5.0,138700,4.94,62500,5.01,209000,4.93,58200,5.02,14000,4.92,122800,5.03,12900,4.91,91300,5.04,7500,4.9,228800,5.05,111600,4.89,47500,5.06,16100,4.88,106200,5.08,31100,2182700,2297600,15:37:30.785
000931.SZ,000931,20260420,20260420,10:06:21.000,100621000,79,4.98,5.19,5.19,4.95,5.2,5.72,4.68,11047200,5535.0505,10398,4.97,124700,4.98,39700,4.96,454500,4.99,109200,4.95,309600,5.0,138700,4.94,62500,5.01,209000,4.93,58200,5.02,14000,4.92,122800,5.03,12900,4.91,91300,5.04,7500,4.9,228800,5.05,111600,4.89,47500,5.06,16100,4.88,106200,5.08,31100,2182700,2299800,15:37:30.961
000931.SZ,000931,20260420,20260420,10:06:24.000,100624000,79,4.98,5.19,5.19,4.95,5.2,5.72,4.68,11047200,5535.0505,10398,4.97,124700,4.98,47400,4.96,454500,4.99,109200,4.95,309600,5.0,138300,4.94,62500,5.01,209000,4.93,58200,5.02,14000,4.92,122800,5.03,12900,4.91,91300,5.04,7500,4.9,228800,5.05,111600,4.89,47500,5.06,16100,4.88,106200,5.08,31100,2182700,2307100,15:37:31.242
000931.SZ,000931,20260420,20260420,10:06:27.000,100627000,79,4.98,5.19,5.19,4.95,5.2,5.72,4.68,11052200,5537.5405,10409,4.97,124900,4.98,44100,4.96,454500,4.99,109800,4.95,309600,5.0,138300,4.94,62500,5.01,209000,4.93,58200,5.02,14000,4.92,122800,5.03,12900,4.91,91300,5.04,7500,4.9,228800,5.05,111600,4.89,47500,5.06,16100,4.88,106200,5.08,31100,2182900,2304400,15:37:31.608
000931.SZ,000931,20260420,20260420,10:06:30.000,100630000,79,4.98,5.19,5.19,4.95,5.2,5.72,4.68,11052800,5537.8393,10411,4.97,134700,4.98,46600,4.96,454000,4.99,110200,4.95,309600,5.0,138300,4.94,62500,5.01,209000,4.93,58200,5.02,14000,4.92,122800,5.03,12900,4.91,91300,5.04,7500,4.9,228800,5.05,111600,4.89,47500,5.06,16100,4.88,106200,5.08,31100,2192200,2307300,15:37:31.829
000931.SZ,000931,20260420,20260420,10:06:33.000,100633000,79,4.98,5.19,5.19,4.95,5.2,5.72,4.68,11052800,5537.8393,10411,4.97,134700,4.98,51000,4.96,454000,4.99,110500,4.95,309600,5.0,138300,4.94,62500,5.01,209000,4.93,58200,5.02,14000,4.92,122800,5.03,12900,4.91,91300,5.04,7500,4.9,228800,5.05,111600,4.89,47500,5.06,16100,4.88,106200,5.08,31100,2192700,2312000,15:37:32.085
000931.SZ,000931,20260420,20260420,10:06:36.000,100636000,79,4.98,5.19,5.19,4.95,5.2,5.72,4.68,11053600,5538.2377,10412,4.97,135700,4.98,53600,4.96,454000,4.99,109700,4.95,309600,5.0,138300,4.94,62500,5.01,209000,4.93,58200,5.02,14000,4.92,122800,5.03,12900,4.91,91300,5.04,7500,4.9,228800,5.05,111600,4.89,47500,5.06,16100,4.88,106200,5.08,31100,2193700,2313800,15:37:32.399
000931.SZ,000931,20260420,20260420,10:06:39.000,100639000,79,4.98,5.19,5.19,4.95,5.2,5.72,4.68,11055600,5539.2337,10417,4.97,135700,4.98,59300,4.96,454000,4.99,110100,4.95,309600,5.0,138000,4.94,77200,5.01,209000,4.93,58200,5.02,14000,4.92,122800,5.03,12900,4.91,91300,5.04,7500,4.9,228800,5.05,111600,4.89,47500,5.06,16100,4.88,106200,5.08,31100,2208400,2319600,15:37:32.681
000931.SZ,000931,20260420,20260420,10:06:42.000,100642000,79,4.98,5.19,5.19,4.95,5.2,5.72,4.68,11067900,5545.3591,10438,4.97,135700,4.98,46900,4.96,454000,4.99,110100,4.95,309600,5.0,138000,4.94,77200,5.01,209000,4.93,58200,5.02,14000,4.92,122800,5.03,12900,4.91,91300,5.04,7500,4.9,228800,5.05,111600,4.89,47500,5.06,16100,4.88,106200,5.08,31100,2208400,2307200,15:37:32.912
000931.SZ,000931,20260420,20260420,10:06:45.000,100645000,79,4.98,5.19,5.19,4.95,5.2,5.72,4.68,11067900,5545.3591,10438,4.97,135700,4.98,47300,4.96,457000,4.99,110500,4.95,309600,5.0,137700,4.94,77200,5.01,209000,4.93,58200,5.02,14000,4.92,122800,5.03,12900,4.91,91300,5.04,7500,4.9,228800,5.05,111600,4.89,47500,5.06,16100,4.88,106200,5.08,31100,2211400,2307700,15:37:33.199
000931.SZ,000931,20260420,20260420,10:06:48.000,100648000,79,4.98,5.19,5.19,4.95,5.2,5.72,4.68,11075600,5549.1931,10444,4.97,131000,4.98,41700,4.96,457000,4.99,110900,4.95,309600,5.0,137700,4.94,77200,5.01,209000,4.93,58200,5.02,14000,4.92,122800,5.03,12900,4.91,91300,5.04,7500,4.9,230800,5.05,111600,4.89,47500,5.06,16100,4.88,106200,5.08,31100,2208700,2302500,15:37:33.335
000931.SZ,000931,20260420,20260420,10:06:51.000,100651000,79,4.98,5.19,5.19,4.95,5.2,5.72,4.68,11110900,5566.7725,10484,4.97,129500,4.98,20000,4.96,457000,4.99,110900,4.95,309600,5.0,137700,4.94,77200,5.01,209000,4.93,58200,5.02,14000,4.92,122800,5.03,12900,4.91,91300,5.04,7500,4.9,230800,5.05,111600,4.89,47500,5.06,16100,4.88,106200,5.08,31100,2207200,2280800,15:37:33.673
000931.SZ,000931,20260420,20260420,10:06:54.000,100654000,79,4.98,5.19,5.19,4.95,5.2,5.72,4.68,11111900,5567.2705,10487,4.97,131500,4.98,20600,4.96,457000,4.99,110900,4.95,309600,5.0,137700,4.94,77200,5.01,208500,4.93,58200,5.02,14000,4.92,122800,5.03,12900,4.91,91300,5.04,7500,4.9,230800,5.05,111600,4.89,47500,5.06,16100,4.88,106200,5.08,31100,2209200,2280900,15:37:33.903
000931.SZ,000931,20260420,20260420,10:06:57.000,100657000,79,4.98,5.19,5.19,4.95,5.2,5.72,4.68,11111900,5567.2705,10487,4.97,131500,4.98,24400,4.96,457000,4.99,110900,4.95,309600,5.0,137700,4.94,77200,5.01,208500,4.93,58200,5.02,14000,4.92,122800,5.03,12900,4.91,91300,5.04,7500,4.9,230800,5.05,111600,4.89,47500,5.06,16100,4.88,106200,5.08,31100,2209200,2284700,15:37:34.077
000931.SZ,000931,20260420,20260420,10:07:00.000,100700000,79,4.98,5.19,5.19,4.95,5.2,5.72,4.68,11152000,5587.2403,10571,4.97,141700,4.98,12600,4.96,457000,4.99,110900,4.95,309600,5.0,137700,4.94,77200,5.01,208500,4.93,58200,5.02,14000,4.92,122800,5.03,12900,4.91,91300,5.04,7500,4.9,230800,5.05,111600,4.89,47500,5.06,16100,4.88,106200,5.08,31100,2219400,2272900,15:37:34.484
000931.SZ,000931,20260420,20260420,10:07:03.000,100703000,79,4.98,5.19,5.19,4.95,5.2,5.72,4.68,11153200,5587.8379,10577,4.97,141700,4.98,19300,4.96,457000,4.99,110800,4.95,309600,5.0,136600,4.94,77200,5.01,208500,4.93,58200,5.02,14000,4.92,122800,5.03,12900,4.91,91300,5.04,7500,4.9,230800,5.05,111600,4.89,47500,5.06,16100,4.88,106200,5.08,31100,2219400,2278400,15:37:34.750
000931.SZ,000931,20260420,20260420,10:07:06.000,100706000,79,4.98,5.19,5.19,4.95,5.2,5.72,4.68,11159500,5590.9753,10609,4.97,141700,4.98,21800,4.96,456500,4.99,112200,4.95,309300,5.0,136600,4.94,77200,5.01,208500,4.93,58200,5.02,14000,4.92,122800,5.03,12900,4.91,91300,5.04,7500,4.9,227800,5.05,111600,4.89,47500,5.06,16100,4.88,106200,5.08,31100,2215600,2282300,15:37:35.076
000931.SZ,000931,20260420,20260420,10:07:09.000,100709000,79,4.98,5.19,5.19,4.95,5.2,5.72,4.68,11160400,5591.4235,10611,4.97,142700,4.98,33800,4.96,456500,4.99,112200,4.95,309300,5.0,136600,4.94,73200,5.01,207300,4.93,58200,5.02,14000,4.92,122800,5.03,12900,4.91,91300,5.04,7500,4.9,227800,5.05,111600,4.89,47500,5.06,16100,4.88,106200,5.08,31100,2212900,2293100,15:37:35.266
000931.SZ,000931,20260420,20260420,10:07:12.000,100712000,79,4.98,5.19,5.19,4.95,5.2,5.72,4.68,11164100,5593.2661,10623,4.97,144300,4.98,32700,4.96,456500,4.99,112200,4.95,309300,5.0,136200,4.94,73200,5.01,207300,4.93,58200,5.02,14000,4.92,122800,5.03,12900,4.91,91300,5.04,7500,4.9,227800,5.05,111600,4.89,47500,5.06,16100,4.88,106200,5.08,31100,2214500,2291600,15:37:35.551
000931.SZ,000931,20260420,20260420,10:07:15.000,100715000,79,4.98,5.19,5.19,4.95,5.2,5.72,4.68,11164100,5593.2661,10623,4.97,144800,4.98,33100,4.96,456500,4.99,111800,4.95,309300,5.0,136200,4.94,73200,5.01,207300,4.93,58200,5.02,14000,4.92,122800,5.03,12900,4.91,91300,5.04,7500,4.9,227800,5.05,111600,4.89,47500,5.06,16100,4.88,106200,5.08,31100,2215000,2281700,15:37:35.833
000931.SZ,000931,20260420,20260420,10:07:18.000,100718000,79,4.98,5.19,5.19,4.95,5.2,5.72,4.68,11177100,5599.7401,10649,4.97,145500,4.98,21900,4.96,456500,4.99,111800,4.95,312300,5.0,136200,4.94,73200,5.01,207300,4.93,58200,5.02,14000,4.92,122800,5.03,12900,4.91,91300,5.04,7500,4.9,227800,5.05,111600,4.89,47500,5.06,16100,4.88,106200,5.08,31100,2218700,2270500,15:37:35.964
000931.SZ,000931,20260420,20260420,10:07:21.000,100721000,79,4.98,5.19,5.19,4.95,5.2,5.72,4.68,11209900,5616.0746,10691,4.98,50800,4.99,111700,4.97,145900,5.0,136200,4.96,456500,5.01,207300,4.95,312300,5.02,14000,4.94,73200,5.03,12900,4.93,58200,5.04,7500,4.92,122800,5.05,111600,4.91,91300,5.06,16100,4.9,227800,5.08,31100,4.89,47500,5.09,16500,2269900,2248500,15:37:36.248
000931.SZ,000931,20260420,20260420,10:07:24.000,100724000,79,4.98,5.19,5.19,4.95,5.2,5.72,4.68,11209900,5616.0746,10691,4.98,55300,4.99,111700,4.97,145600,5.0,136800,4.96,453500,5.01,207300,4.95,312300,5.02,14000,4.94,73200,5.03,12900,4.93,58200,5.04,7500,4.92,122800,5.05,111600,4.91,92300,5.06,16100,4.9,227800,5.08,31100,4.89,47500,5.09,16500,2272100,2249100,15:37:36.560
000931.SZ,000931,20260420,20260420,10:07:27.000,100727000,79,4.98,5.19,5.19,4.95,5.2,5.72,4.68,11209900,5616.0746,10691,4.98,56500,4.99,146400,4.97,141000,5.0,136900,4.96,454900,5.01,207300,4.95,312800,5.02,14000,4.94,83200,5.03,12900,4.93,58200,5.04,7500,4.92,122800,5.05,111600,4.91,92300,5.06,16100,4.9,227800,5.08,31100,4.89,47500,5.09,16500,2280700,2283900,15:37:36.853
000931.SZ,000931,20260420,20260420,10:07:30.000,100730000,79,4.98,5.19,5.19,4.95,5.2,5.72,4.68,11209900,5616.0746,10691,4.98,56500,4.99,146600,4.97,141000,5.0,136900,4.96,456600,5.01,207300,4.95,311700,5.02,14000,4.94,83200,5.03,12900,4.93,58200,5.04,7500,4.92,122800,5.05,111600,4.91,92300,5.06,16100,4.9,227800,5.08,31100,4.89,47500,5.09,16500,2281300,2284100,15:37:37.123
000931.SZ,000931,20260420,20260420,10:07:33.000,100733000,79,4.98,5.19,5.19,4.95,5.2,5.72,4.68,11209900,5616.0746,10691,4.98,62500,4.99,146600,4.97,141000,5.0,136900,4.96,456600,5.01,207300,4.95,311700,5.02,14000,4.94,83200,5.03,12900,4.93,58200,5.04,7500,4.92,122800,5.05,111600,4.91,92300,5.06,16100,4.9,227800,5.08,31100,4.89,47500,5.09,16500,2287300,2284100,15:37:37.261
000931.SZ,000931,20260420,20260420,10:07:36.000,100736000,79,4.98,5.19,5.19,4.95,5.2,5.72,4.68,11209900,5616.0746,10691,4.98,62500,4.99,146600,4.97,141000,5.0,138200,4.96,456600,5.01,207300,4.95,315700,5.02,14000,4.94,83200,5.03,12900,4.93,58200,5.04,7200,4.92,122800,5.05,111600,4.91,92300,5.06,16100,4.9,230800,5.08,31100,4.89,47500,5.09,16500,2294300,2285100,15:37:37.512
000931.SZ,000931,20260420,20260420,10:07:39.000,100739000,79,4.98,5.19,5.19,4.95,5.2,5.72,4.68,11209900,5616.0746,10691,4.98,62500,4.99,146600,4.97,173800,5.0,138200,4.96,446600,5.01,207300,4.95,315700,5.02,14000,4.94,83200,5.03,12900,4.93,58200,5.04,7200,4.92,122800,5.05,111600,4.91,92300,5.06,16100,4.9,230800,5.08,31100,4.89,47500,5.09,16500,2317100,2285100,15:37:37.888
000931.SZ,000931,20260420,20260420,10:07:42.000,100742000,79,4.99,5.19,5.19,4.95,5.2,5.72,4.68,11210500,5616.374,10693,4.98,62500,4.99,146000,4.97,175800,5.0,138200,4.96,437100,5.01,207300,4.95,315700,5.02,14000,4.94,83200,5.03,12900,4.93,58200,5.04,7200,4.92,122800,5.05,111600,4.91,92300,5.06,16100,4.9,224800,5.08,31100,4.89,47500,5.09,16500,2303600,2284500,15:37:38.113
000931.SZ,000931,20260420,20260420,10:07:45.000,100745000,79,4.99,5.19,5.19,4.95,5.2,5.72,4.68,11210500,5616.374,10693,4.98,65500,4.99,146000,4.97,175800,5.0,138200,4.96,437100,5.01,207300,4.95,315700,5.02,14000,4.94,83200,5.03,12900,4.93,58200,5.04,7200,4.92,122800,5.05,111600,4.91,92300,5.06,16100,4.9,224800,5.08,31100,4.89,47500,5.09,16500,2306600,2284500,15:37:38.519
000931.SZ,000931,20260420,20260420,10:07:48.000,100748000,79,4.99,5.19,5.19,4.95,5.2,5.72,4.68,11210500,5616.374,10693,4.98,65500,4.99,146000,4.97,180800,5.0,138200,4.96,437100,5.01,207300,4.95,315700,5.02,14000,4.94,83200,5.03,12900,4.93,59200,5.04,7200,4.92,122800,5.05,111600,4.91,92300,5.06,16100,4.9,224800,5.08,31100,4.89,47500,5.09,16500,2312600,2284500,15:37:38.653
000931.SZ,000931,20260420,20260420,10:07:51.000,100751000,79,4.98,5.19,5.19,4.95,5.2,5.72,4.68,11212300,5617.2704,10694,4.98,63700,4.99,146000,4.97,180800,5.0,138700,4.96,437100,5.01,207300,4.95,315700,5.02,14000,4.94,83200,5.03,12900,4.93,59200,5.04,7200,4.92,122800,5.05,111600,4.91,92300,5.06,16100,4.9,224800,5.08,31100,4.89,47500,5.09,16500,2310800,2285000,15:37:39.023
000931.SZ,000931,20260420,20260420,10:07:54.000,100754000,79,4.98,5.19,5.19,4.95,5.2,5.72,4.68,11212300,5617.2704,10694,4.98,63700,4.99,147000,4.97,180800,5.0,138700,4.96,437100,5.01,207300,4.95,315900,5.02,14000,4.94,83200,5.03,12900,4.93,58100,5.04,7200,4.92,122800,5.05,111600,4.91,92300,5.06,16100,4.9,224800,5.08,31100,4.89,47500,5.09,16500,2309900,2286000,15:37:39.354
000931.SZ,000931,20260420,20260420,10:07:57.000,100757000,79,4.98,5.19,5.19,4.95,5.2,5.72,4.68,11212300,5617.2704,10694,4.98,63700,4.99,147200,4.97,180800,5.0,138700,4.96,437100,5.01,207300,4.95,316200,5.02,14000,4.94,83200,5.03,12900,4.93,58100,5.04,7200,4.92,122800,5.05,111600,4.91,92300,5.06,16100,4.9,224800,5.08,31100,4.89,47500,5.09,16500,2310800,2286200,15:37:39.496
000931.SZ,000931,20260420,20260420,10:08:00.000,100800000,79,4.98,5.19,5.19,4.95,5.2,5.72,4.68,11212500,5617.37,10695,4.98,63500,4.99,147200,4.97,186800,5.0,138700,4.96,437100,5.01,207300,4.95,316200,5.02,14000,4.94,83200,5.03,12900,4.93,58100,5.04,7200,4.92,122800,5.05,111600,4.91,92300,5.06,16100,4.9,224800,5.08,31100,4.89,47500,5.09,16500,2316600,2286200,15:37:39.930
000931.SZ,000931,20260420,20260420,10:08:03.000,100803000,79,4.98,5.19,5.19,4.95,5.2,5.72,4.68,11212500,5617.37,10695,4.98,68500,4.99,147600,4.97,186800,5.0,138700,4.96,437100,5.01,207300,4.95,316200,5.02,14000,4.94,83200,5.03,12900,4.93,58100,5.04,7200,4.92,122800,5.05,111600,4.91,92300,5.06,16100,4.9,224800,5.08,31100,4.89,47500,5.09,16500,2321600,2286600,15:37:40.330
000931.SZ,000931,20260420,20260420,10:08:06.000,100806000,79,4.98,5.19,5.19,4.95,5.2,5.72,4.68,11212500,5617.37,10695,4.98,69600,4.99,147600,4.97,186800,5.0,137400,4.96,431100,5.01,207300,4.95,316200,5.02,14000,4.94,83200,5.03,12900,4.93,58100,5.04,7200,4.92,122800,5.05,111600,4.91,92300,5.06,16100,4.9,224800,5.08,31100,4.89,47500,5.09,16500,2316700,2285300,15:37:40.476
000931.SZ,000931,20260420,20260420,10:08:09.000,100809000,79,4.98,5.19,5.19,4.95,5.2,5.72,4.68,11212500,5617.37,10695,4.98,70100,4.99,149000,4.97,188900,5.0,137400,4.96,431100,5.01,207300,4.95,316200,5.02,14000,4.94,83200,5.03,12900,4.93,58100,5.04,7200,4.92,122800,5.05,111600,4.91,92300,5.06,16100,4.9,224800,5.08,31100,4.89,47500,5.09,16500,2319300,2287700,15:37:40.905
000931.SZ,000931,20260420,20260420,10:08:12.000,100812000,79,4.98,5.19,5.19,4.95,5.2,5.72,4.68,11212500,5617.37,10695,4.98,76600,4.99,149000,4.97,188900,5.0,137400,4.96,433100,5.01,207300,4.95,316200,5.02,14000,4.94,83200,5.03,12900,4.93,58100,5.04,7200,4.92,122800,5.05,111600,4.91,92300,5.06,16100,4.9,224800,5.08,31500,4.89,47500,5.09,16500,2327800,2288100,15:37:41.192
000931.SZ,000931,20260420,20260420,10:08:15.000,100815000,79,4.98,5.19,5.19,4.95,5.2,5.72,4.68,11212500,5617.37,10695,4.98,81200,4.99,149200,4.97,205400,5.0,137400,4.96,433100,5.01,207300,4.95,316200,5.02,14000,4.94,83200,5.03,12900,4.93,58100,5.04,7200,4.92,122800,5.05,111600,4.91,92300,5.06,16100,4.9,224800,5.08,31500,4.89,47500,5.09,16500,2348900,2288300,15:37:41.308
000931.SZ,000931,20260420,20260420,10:08:18.000,100818000,79,4.99,5.19,5.19,4.95,5.2,5.72,4.68,11212600,5617.4199,10696,4.98,83000,4.99,149100,4.97,206400,5.0,137400,4.96,431900,5.01,207300,4.95,316200,5.02,14000,4.94,84300,5.03,12900,4.93,58100,5.04,7200,4.92,122800,5.05,111600,4.91,92300,5.06,16100,4.9,224800,5.08,31500,4.89,47500,5.09,16500,2351600,2288200,15:37:41.557
000931.SZ,000931,20260420,20260420,10:08:21.000,100821000,79,4.99,5.19,5.19,4.95,5.2,5.72,4.68,11212600,5617.4199,10696,4.98,83000,4.99,149100,4.97,206400,5.0,137400,4.96,431900,5.01,207300,4.95,316600,5.02,14000,4.94,84300,5.03,12900,4.93,58100,5.04,7200,4.92,122800,5.05,111600,4.91,92300,5.06,16100,4.9,224800,5.08,31500,4.89,47500,5.09,16500,2352000,2288200,15:37:41.903
000931.SZ,000931,20260420,20260420,10:08:24.000,100824000,79,4.99,5.19,5.19,4.95,5.2,5.72,4.68,11212600,5617.4199,10696,4.98,84000,4.99,149100,4.97,206400,5.0,137400,4.96,411900,5.01,207300,4.95,316600,5.02,14000,4.94,84300,5.03,12900,4.93,58100,5.04,7200,4.92,122800,5.05,111600,4.91,92300,5.06,16100,4.9,224800,5.08,31500,4.89,47500,5.09,16500,2333000,2288200,15:37:42.130
000931.SZ,000931,20260420,20260420,10:08:27.000,100827000,79,4.99,5.19,5.19,4.95,5.2,5.72,4.68,11212600,5617.4199,10696,4.98,85500,4.99,149100,4.97,209400,5.0,137400,4.96,411900,5.01,207300,4.95,316600,5.02,14000,4.94,84300,5.03,12900,4.93,60100,5.04,7200,4.92,122800,5.05,111600,4.91,92300,5.06,16100,4.9,224800,5.08,31500,4.89,47500,5.09,16500,2339500,2288200,15:37:42.352
000931.SZ,000931,20260420,20260420,10:08:30.000,100830000,79,4.99,5.19,5.19,4.95,5.2,5.72,4.68,11212600,5617.4199,10696,4.98,85500,4.99,149100,4.97,204400,5.0,137400,4.96,411900,5.01,207300,4.95,316600,5.02,14000,4.94,83900,5.03,12900,4.93,60100,5.04,7200,4.92,122800,5.05,111600,4.91,92300,5.06,16100,4.9,224800,5.08,31500,4.89,47500,5.09,16500,2334100,2288200,15:37:42.649
000931.SZ,000931,20260420,20260420,10:08:33.000,100833000,79,4.99,5.19,5.19,4.95,5.2,5.72,4.68,11212600,5617.4199,10696,4.98,91800,4.99,149100,4.97,205300,5.0,137400,4.96,411900,5.01,207300,4.95,316600,5.02,14000,4.94,83900,5.03,12900,4.93,60100,5.04,7200,4.92,122800,5.05,111600,4.91,92300,5.06,16100,4.9,224800,5.08,31500,4.89,47500,5.09,16500,2341300,2288200,15:37:43.130
000931.SZ,000931,20260420,20260420,10:08:36.000,100836000,79,4.99,5.19,5.19,4.95,5.2,5.72,4.68,11213700,5617.9688,10697,4.98,92700,4.99,148000,4.97,205200,5.0,137400,4.96,411300,5.01,207300,4.95,316600,5.02,14000,4.94,83900,5.03,12900,4.93,60100,5.04,7200,4.92,122800,5.05,111600,4.91,92300,5.06,16100,4.9,224800,5.08,31500,4.89,47500,5.09,16500,2341500,2287100,15:37:43.304
000931.SZ,000931,20260420,20260420,10:08:39.000,100839000,79,4.99,5.19,5.19,4.95,5.2,5.72,4.68,11214800,5618.5177,10698,4.98,94100,4.99,147000,4.97,205200,5.0,137400,4.96,411300,5.01,207300,4.95,316600,5.02,14000,4.94,83900,5.03,12900,4.93,60100,5.04,7200,4.92,122800,5.05,111600,4.91,92300,5.06,16100,4.9,224800,5.08,31500,4.89,47500,5.09,16500,2342900,2286100,15:37:43.558
000931.SZ,000931,20260420,20260420,10:08:42.000,100842000,79,4.99,5.19,5.19,4.95,5.2,5.72,4.68,11215900,5619.0666,10699,4.98,94100,4.99,145900,4.97,206200,5.0,137400,4.96,411300,5.01,207300,4.95,316600,5.02,14000,4.94,83900,5.03,12900,4.93,60100,5.04,7200,4.92,122800,5.05,111600,4.91,92300,5.06,16100,4.9,223800,5.08,31500,4.89,47500,5.09,16500,2342900,2285000,15:37:43.825
000931.SZ,000931,20260420,20260420,10:08:45.000,100845000,79,4.98,5.19,5.19,4.95,5.2,5.72,4.68,11216100,5619.1662,10700,4.98,106900,4.99,145900,4.97,207200,5.0,137400,4.96,411300,5.01,207300,4.95,315600,5.02,14000,4.94,83900,5.03,12900,4.93,60100,5.04,7200,4.92,122800,5.05,111600,4.91,92300,5.06,16100,4.9,223800,5.08,31500,4.89,47500,5.09,16500,2355700,2285000,15:37:44.166
000931.SZ,000931,20260420,20260420,10:08:48.000,100848000,79,4.99,5.19,5.19,4.95,5.2,5.72,4.68,11226100,5624.1562,10705,4.98,108200,4.99,137400,4.97,205600,5.0,137400,4.96,411300,5.01,207300,4.95,315600,5.02,14000,4.94,83900,5.03,12900,4.93,60100,5.04,7200,4.92,122800,5.05,111600,4.91,92300,5.06,16100,4.9,223800,5.08,31500,4.89,47500,5.09,16500,2357400,2276500,15:37:44.388
000931.SZ,000931,20260420,20260420,10:08:51.000,100851000,79,4.99,5.19,5.19,4.95,5.2,5.72,4.68,11226100,5624.1562,10705,4.98,130500,4.99,139900,4.97,205600,5.0,137400,4.96,411300,5.01,207300,4.95,315600,5.02,14000,4.94,83900,5.03,12900,4.93,60100,5.04,7200,4.92,122800,5.05,111600,4.91,92300,5.06,16100,4.9,223800,5.08,31500,4.89,47500,5.09,16500,2379700,2279000,15:37:44.700
000931.SZ,000931,20260420,20260420,10:08:54.000,100854000,79,4.99,5.19,5.19,4.95,5.2,5.72,4.68,11226200,5624.2061,10706,4.98,176500,4.99,140900,4.97,205600,5.0,137400,4.96,411300,5.01,207300,4.95,315600,5.02,14000,4.94,83900,5.03,12900,4.93,60100,5.04,7200,4.92,122800,5.05,111600,4.91,92300,5.06,16100,4.9,223800,5.08,31500,4.89,47500,5.09,16500,2425700,2280000,15:37:44.930
000931.SZ,000931,20260420,20260420,10:08:57.000,100857000,79,4.99,5.19,5.19,4.95,5.2,5.72,4.68,11235800,5628.9965,10707,4.98,178200,4.99,131300,4.97,206500,5.0,137400,4.96,411300,5.01,207300,4.95,315600,5.02,14000,4.94,83900,5.03,12900,4.93,60100,5.04,7200,4.92,122800,5.05,111600,4.91,92300,5.06,16100,4.9,223800,5.08,31500,4.89,47500,5.09,16500,2428300,2270400,15:37:45.180
000931.SZ,000931,20260420,20260420,10:09:00.000,100900000,79,4.99,5.19,5.19,4.95,5.2,5.72,4.68,11236800,5629.4955,10708,4.98,186200,4.99,130300,4.97,205500,5.0,137700,4.96,411400,5.01,207300,4.95,315600,5.02,14000,4.94,83900,5.03,12900,4.93,60100,5.04,7200,4.92,122800,5.05,111600,4.91,92300,5.06,16100,4.9,223800,5.08,31500,4.89,47500,5.09,16500,2435400,2269700,15:37:45.384
000931.SZ,000931,20260420,20260420,10:09:03.000,100903000,79,4.99,5.19,5.19,4.95,5.2,5.72,4.68,11237700,5629.9446,10710,4.98,186700,4.99,129600,4.97,205500,5.0,137700,4.96,411400,5.01,207300,4.95,315600,5.02,14000,4.94,83900,5.03,12900,4.93,60100,5.04,7200,4.92,122800,5.05,111600,4.91,92300,5.06,16100,4.9,223800,5.08,31500,4.89,47500,5.09,16500,2435900,2269000,15:37:45.674
000931.SZ,000931,20260420,20260420,10:09:06.000,100906000,79,4.99,5.19,5.19,4.95,5.2,5.72,4.68,11240200,5631.1921,10711,4.98,188700,4.99,127100,4.97,205500,5.0,137700,4.96,411400,5.01,207300,4.95,315600,5.02,14000,4.94,83900,5.03,12900,4.93,60100,5.04,7200,4.92,122800,5.05,111600,4.91,92300,5.06,16100,4.9,223800,5.08,31500,4.89,47500,5.09,16500,2437900,2266500,15:37:45.958
000931.SZ,000931,20260420,20260420,10:09:09.000,100909000,79,4.99,5.19,5.19,4.95,5.2,5.72,4.68,11240600,5631.3917,10712,4.98,201500,4.99,126700,4.97,205500,5.0,137700,4.96,411400,5.01,207300,4.95,315600,5.02,14000,4.94,83900,5.03,12900,4.93,60100,5.04,7200,4.92,122800,5.05,111600,4.91,92300,5.06,16100,4.9,223800,5.08,31500,4.89,47500,5.09,16500,2450700,2266100,15:37:46.366
000931.SZ,000931,20260420,20260420,10:09:12.000,100912000,79,4.98,5.19,5.19,4.95,5.2,5.72,4.68,11243000,5632.5869,10714,4.98,203100,4.99,125300,4.97,205500,5.0,137700,4.96,411400,5.01,207300,4.95,315600,5.02,14000,4.94,83900,5.03,12900,4.93,60100,5.04,7200,4.92,122800,5.05,111600,4.91,92300,5.06,16100,4.9,223800,5.08,31500,4.89,47500,5.09,16500,2452300,2264700,15:37:46.665
000931.SZ,000931,20260420,20260420,10:09:18.000,100918000,79,4.98,5.19,5.19,4.95,5.2,5.72,4.68,11243000,5632.5869,10714,4.98,216700,4.99,125300,4.97,205100,5.0,137700,4.96,411400,5.01,207300,4.95,315600,5.02,14000,4.94,83900,5.03,12900,4.93,60100,5.04,7200,4.92,122800,5.05,111600,4.91,92300,5.06,16100,4.9,223800,5.08,31500,4.89,47500,5.09,16500,2465500,2264700,15:37:47.261
000931.SZ,000931,20260420,20260420,10:09:21.000,100921000,79,4.99,5.19,5.19,4.95,5.2,5.72,4.68,11243300,5632.7366,10715,4.98,217700,4.99,125000,4.97,205100,5.0,139100,4.96,411400,5.01,207300,4.95,315600,5.02,11500,4.94,83900,5.03,12900,4.93,60100,5.04,7200,4.92,122800,5.05,111600,4.91,92300,5.06,16100,4.9,223800,5.08,31500,4.89,47500,5.09,16500,2466500,2263300,15:37:47.536
000931.SZ,000931,20260420,20260420,10:09:24.000,100924000,79,4.99,5.19,5.19,4.95,5.2,5.72,4.68,11246200,5634.1809,10717,4.98,214800,4.99,125100,4.97,205100,5.0,139100,4.96,411400,5.01,207300,4.95,315600,5.02,11500,4.94,83900,5.03,12900,4.93,60100,5.04,7200,4.92,122800,5.05,111600,4.91,92300,5.06,16100,4.9,223800,5.08,31500,4.89,47500,5.09,16500,2463600,2263400,15:37:47.790
000931.SZ,000931,20260420,20260420,10:09:27.000,100927000,79,4.98,5.19,5.19,4.95,5.2,5.72,4.68,11246800,5634.4797,10718,4.98,208700,4.99,127600,4.97,205100,5.0,139100,4.96,411400,5.01,207300,4.95,315400,5.02,11500,4.94,83900,5.03,12900,4.93,60100,5.04,7200,4.92,122800,5.05,111600,4.91,92300,5.06,16100,4.9,223800,5.08,31500,4.89,47500,5.09,16500,2457300,2265900,15:37:48.064
000931.SZ,000931,20260420,20260420,10:09:30.000,100930000,79,4.98,5.19,5.19,4.95,5.2,5.72,4.68,11246800,5634.4797,10718,4.98,209700,4.99,127600,4.97,215100,5.0,139100,4.96,411400,5.01,207300,4.95,315400,5.02,11500,4.94,83900,5.03,12900,4.93,60100,5.04,7200,4.92,122800,5.05,111600,4.91,92300,5.06,16100,4.9,223800,5.08,31500,4.89,47500,5.09,16500,2468300,2265900,15:37:48.394
000931.SZ,000931,20260420,20260420,10:09:33.000,100933000,79,4.99,5.19,5.19,4.95,5.2,5.72,4.68,11249000,5635.5775,10720,4.98,210700,4.99,125400,4.97,214900,5.0,139100,4.96,411400,5.01,207300,4.95,317000,5.02,11500,4.94,85300,5.03,12900,4.93,60100,5.04,7200,4.92,122800,5.05,111600,4.91,92300,5.06,16100,4.9,223800,5.08,31500,4.89,47500,5.09,16500,2472100,2263700,15:37:48.677
000931.SZ,000931,20260420,20260420,10:09:36.000,100936000,79,4.99,5.19,5.19,4.95,5.2,5.72,4.68,11249000,5635.5775,10720,4.98,210800,4.99,125400,4.97,214900,5.0,139100,4.96,411400,5.01,207300,4.95,317000,5.02,11500,4.94,85300,5.03,12900,4.93,60100,5.04,7200,4.92,122800,5.05,111600,4.91,92300,5.06,16100,4.9,223800,5.08,31500,4.89,47500,5.09,16500,2472200,2263700,15:37:48.948
000931.SZ,000931,20260420,20260420,10:09:39.000,100939000,79,4.99,5.19,5.19,4.95,5.2,5.72,4.68,11249000,5635.5775,10720,4.98,211100,4.99,126200,4.97,214900,5.0,139100,4.96,411400,5.01,207300,4.95,317000,5.02,11500,4.94,85300,5.03,12900,4.93,60100,5.04,7200,4.92,122800,5.05,111600,4.91,92300,5.06,16100,4.9,223800,5.08,31500,4.89,47500,5.09,16500,2472500,2264500,15:37:49.224
000931.SZ,000931,20260420,20260420,10:09:42.000,100942000,79,4.99,5.19,5.19,4.95,5.2,5.72,4.68,11249900,5636.0266,10723,4.98,163600,4.99,126400,4.97,214900,5.0,139100,4.96,411400,5.01,187500,4.95,317000,5.02,11500,4.94,85300,5.03,12900,4.93,60100,5.04,7200,4.92,122800,5.05,111600,4.91,92300,5.06,16100,4.9,223800,5.08,31500,4.89,47500,5.09,16500,2425000,2244900,15:37:49.424
000931.SZ,000931,20260420,20260420,10:09:45.000,100945000,79,4.99,5.19,5.19,4.95,5.2,5.72,4.68,11252700,5637.4223,10727,4.98,163100,4.99,125100,4.97,214900,5.0,139100,4.96,411400,5.01,187500,4.95,317000,5.02,11500,4.94,85900,5.03,12900,4.93,60100,5.04,7200,4.92,122800,5.05,111600,4.91,92300,5.06,16100,4.9,223800,5.08,31500,4.89,47500,5.09,16500,2425100,2243600,15:37:49.678
000931.SZ,000931,20260420,20260420,10:09:48.000,100948000,79,4.99,5.19,5.19,4.95,5.2,5.72,4.68,11253700,5637.9213,10729,4.98,167800,4.99,143900,4.97,214900,5.0,139100,4.96,411400,5.01,187500,4.95,317000,5.02,11500,4.94,85900,5.03,12900,4.93,60100,5.04,7200,4.92,122800,5.05,111600,4.91,92300,5.06,16100,4.9,223800,5.08,31500,4.89,47500,5.09,16500,2429800,2262400,15:37:49.974
000931.SZ,000931,20260420,20260420,10:09:51.000,100951000,79,4.99,5.19,5.19,4.95,5.2,5.72,4.68,11259200,5640.6658,10733,4.98,167800,4.99,138400,4.97,214200,5.0,139100,4.96,411400,5.01,187500,4.95,317000,5.02,11500,4.94,85900,5.03,12900,4.93,60100,5.04,7200,4.92,122800,5.05,111600,4.91,92300,5.06,16100,4.9,223800,5.08,31500,4.89,47500,5.09,16500,2429100,2256900,15:37:50.250
000931.SZ,000931,20260420,20260420,10:09:54.000,100954000,79,4.98,5.19,5.19,4.95,5.2,5.72,4.68,11259600,5640.865,10734,4.98,167400,4.99,139500,4.97,214200,5.0,139300,4.96,412900,5.01,187500,4.95,317000,5.02,11500,4.94,85900,5.03,12900,4.93,60100,5.04,7200,4.92,122800,5.05,111600,4.91,92300,5.06,16100,4.9,223800,5.08,31500,4.89,47500,5.09,16500,2430200,2258200,15:37:50.471
000931.SZ,000931,20260420,20260420,10:09:57.000,100957000,79,4.99,5.19,5.19,4.95,5.2,5.72,4.68,11262700,5642.4108,10737,4.98,166300,4.99,138100,4.97,214200,5.0,139300,4.96,412900,5.01,187500,4.95,317000,5.02,11500,4.94,85900,5.03,12900,4.93,60100,5.04,7200,4.92,122800,5.05,111600,4.91,92300,5.06,16100,4.9,223800,5.08,31500,4.89,47500,5.09,16500,2429100,2256800,15:37:50.769
000931.SZ,000931,20260420,20260420,10:10:00.000,101000000,79,4.99,5.19,5.19,4.95,5.2,5.72,4.68,11262700,5642.4108,10737,4.98,164600,4.99,138100,4.97,214200,5.0,139300,4.96,412900,5.01,187500,4.95,317000,5.02,11500,4.94,85900,5.03,12900,4.93,60100,5.04,7200,4.92,122800,5.05,111600,4.91,92300,5.06,16100,4.9,223800,5.08,31500,4.89,47500,5.09,16500,2427400,2256800,15:37:51.014
000931.SZ,000931,20260420,20260420,10:10:03.000,101003000,79,4.99,5.19,5.19,4.95,5.2,5.72,4.68,11264000,5643.0585,10740,4.98,163600,4.99,137900,4.97,214200,5.0,139300,4.96,412900,5.01,187500,4.95,337000,5.02,11500,4.94,85900,5.03,12900,4.93,60100,5.04,7200,4.92,122800,5.05,111600,4.91,92300,5.06,16100,4.9,223800,5.08,31500,4.89,47500,5.09,16500,2446400,2256600,15:37:51.452
000931.SZ,000931,20260420,20260420,10:10:06.000,101006000,79,4.99,5.19,5.19,4.95,5.2,5.72,4.68,11265300,5643.7072,10741,4.98,168400,4.99,147200,4.97,212100,5.0,139300,4.96,412900,5.01,187500,4.95,337000,5.02,11500,4.94,85900,5.03,12900,4.93,60100,5.04,7200,4.92,122800,5.05,111600,4.91,92300,5.06,16100,4.9,223800,5.08,31500,4.89,47500,5.09,16500,2450000,2265900,15:37:51.799
000931.SZ,000931,20260420,20260420,10:10:09.000,101009000,79,4.99,5.19,5.19,4.95,5.2,5.72,4.68,11265300,5643.7072,10741,4.98,168400,4.99,147100,4.97,212100,5.0,139300,4.96,412900,5.01,187500,4.95,337000,5.02,11500,4.94,85900,5.03,12900,4.93,60100,5.04,7200,4.92,122800,5.05,111600,4.91,92300,5.06,16100,4.9,223800,5.08,31500,4.89,47500,5.09,16500,2450000,2265800,15:37:51.941
000931.SZ,000931,20260420,20260420,10:10:12.000,101012000,79,4.99,5.19,5.19,4.95,5.2,5.72,4.68,11265300,5643.7072,10741,4.98,168400,4.99,147200,4.97,209100,5.0,139300,4.96,412900,5.01,187500,4.95,337000,5.02,11500,4.94,85900,5.03,12900,4.93,60100,5.04,7200,4.92,122800,5.05,111600,4.91,92300,5.06,16100,4.9,223800,5.08,31500,4.89,47500,5.09,16500,2447000,2265900,15:37:52.277
000931.SZ,000931,20260420,20260420,10:10:15.000,101015000,79,4.99,5.19,5.19,4.95,5.2,5.72,4.68,11265300,5643.7072,10741,4.98,168400,4.99,147400,4.97,209100,5.0,139300,4.96,412900,5.01,187500,4.95,337000,5.02,11500,4.94,85900,5.03,12900,4.93,60100,5.04,7200,4.92,122800,5.05,111600,4.91,92300,5.06,16100,4.9,223800,5.08,31500,4.89,47500,5.09,16500,2447000,2266100,15:37:52.577
000931.SZ,000931,20260420,20260420,10:10:18.000,101018000,79,4.98,5.19,5.19,4.95,5.2,5.72,4.68,11265400,5643.757,10742,4.98,168300,4.99,150100,4.97,209100,5.0,139300,4.96,413900,5.01,187500,4.95,337000,5.02,11500,4.94,85900,5.03,12900,4.93,60100,5.04,7200,4.92,122800,5.05,111600,4.91,92300,5.06,16100,4.9,223800,5.08,31500,4.89,47500,5.09,16500,2447900,2268800,15:37:52.891
000931.SZ,000931,20260420,20260420,10:10:21.000,101021000,79,4.98,5.19,5.19,4.95,5.2,5.72,4.68,11265400,5643.757,10742,4.98,174400,4.99,150100,4.97,209100,5.0,139300,4.96,413900,5.01,187500,4.95,337000,5.02,11500,4.94,85900,5.03,12900,4.93,60100,5.04,7200,4.92,122800,5.05,111600,4.91,92300,5.06,16100,4.9,223800,5.08,31500,4.89,47500,5.09,16500,2454000,2268800,15:37:53.231
000931.SZ,000931,20260420,20260420,10:10:24.000,101024000,79,4.98,5.19,5.19,4.95,5.2,5.72,4.68,11265400,5643.757,10742,4.98,174400,4.99,150400,4.97,209100,5.0,139300,4.96,413900,5.01,187500,4.95,337000,5.02,11500,4.94,85900,5.03,11300,4.93,60100,5.04,7200,4.92,122800,5.05,111600,4.91,92300,5.06,16100,4.9,223800,5.08,31500,4.89,47500,5.09,16500,2454000,2267500,15:37:53.486
000931.SZ,000931,20260420,20260420,10:10:27.000,101027000,79,4.98,5.19,5.19,4.95,5.2,5.72,4.68,11265400,5643.757,10742,4.98,174400,4.99,150400,4.97,209100,5.0,139300,4.96,413900,5.01,187500,4.95,337300,5.02,11500,4.94,85900,5.03,11300,4.93,60100,5.04,7200,4.92,122800,5.05,111600,4.91,92300,5.06,16100,4.9,223800,5.08,31500,4.89,47500,5.09,16500,2456300,2267500,15:37:53.817
000931.SZ,000931,20260420,20260420,10:10:30.000,101030000,79,4.99,5.19,5.19,4.95,5.2,5.72,4.68,11265563,5643.8383,10744,4.98,174437,4.99,150300,4.97,210100,5.0,137900,4.96,413900,5.01,187500,4.95,337300,5.02,11500,4.94,85900,5.03,11300,4.93,60100,5.04,7200,4.92,122800,5.05,111600,4.91,92300,5.06,16100,4.9,223800,5.08,31500,4.89,47500,5.09,16500,2457337,2266000,15:37:54.040
000931.SZ,000931,20260420,20260420,10:10:39.000,101039000,79,4.99,5.19,5.19,4.95,5.2,5.72,4.68,11265563,5643.8383,10744,4.98,174437,4.99,150300,4.97,210100,5.0,137900,4.96,413900,5.01,187500,4.95,337300,5.02,11200,4.94,85900,5.03,11300,4.93,60100,5.04,7200,4.92,122800,5.05,111600,4.91,92300,5.06,16100,4.9,223800,5.08,31500,4.89,47500,5.09,16500,2457337,2265700,15:37:54.919
000931.SZ,000931,20260420,20260420,10:10:42.000,101042000,79,4.99,5.19,5.19,4.95,5.2,5.72,4.68,11267563,5644.8363,10745,4.98,174437,4.99,148300,4.97,210100,5.0,137900,4.96,413900,5.01,187500,4.95,337300,5.02,11200,4.94,85900,5.03,11300,4.93,60100,5.04,7200,4.92,122800,5.05,111600,4.91,92300,5.06,16100,4.9,223800,5.08,31500,4.89,47500,5.09,16500,2457337,2263700,15:37:55.238
000931.SZ,000931,20260420,20260420,10:10:48.000,101048000,79,4.99,5.19,5.19,4.95,5.2,5.72,4.68,11267563,5644.8363,10745,4.98,174437,4.99,148300,4.97,210100,5.0,137900,4.96,413900,5.01,187500,4.95,337300,5.02,11200,4.94,85900,5.03,11300,4.93,60100,5.04,7200,4.92,122800,5.05,111600,4.91,92300,5.06,16100,4.9,223800,5.08,31500,4.89,47500,5.09,16500,2457337,2341500,15:37:55.505
000931.SZ,000931,20260420,20260420,10:10:54.000,101054000,79,4.99,5.19,5.19,4.95,5.2,5.72,4.68,11267563,5644.8363,10745,4.98,174437,4.99,148300,4.97,220100,5.0,137900,4.96,413900,5.01,187500,4.95,337300,5.02,11200,4.94,85900,5.03,11300,4.93,60100,5.04,7200,4.92,122800,5.05,111600,4.91,92300,5.06,16100,4.9,223800,5.08,31500,4.89,47500,5.09,16500,2467337,2341800,15:37:56.043
000931.SZ,000931,20260420,20260420,10:10:57.000,101057000,79,4.98,5.19,5.19,4.95,5.2,5.72,4.68,11267663,5644.8861,10746,4.98,174337,4.99,148700,4.97,220100,5.0,137900,4.96,413900,5.01,187500,4.95,337300,5.02,11200,4.94,85900,5.03,11300,4.93,60100,5.04,7200,4.92,122800,5.05,111600,4.91,92300,5.06,16100,4.9,223800,5.08,31500,4.89,47500,5.09,16500,2467237,2342200,15:37:56.329
000931.SZ,000931,20260420,20260420,10:11:03.000,101103000,79,4.98,5.19,5.19,4.95,5.2,5.72,4.68,11267663,5644.8861,10746,4.98,174337,4.99,151100,4.97,220100,5.0,137900,4.96,413900,5.01,187500,4.95,337300,5.02,11200,4.94,85900,5.03,11300,4.93,60100,5.04,7200,4.92,122800,5.05,111600,4.91,92300,5.06,16100,4.9,223800,5.08,31500,4.89,47500,5.09,16500,2467237,2344600,15:37:56.912
000931.SZ,000931,20260420,20260420,10:11:06.000,101106000,79,4.98,5.19,5.19,4.95,5.2,5.72,4.68,11267763,5644.9359,10747,4.98,174237,4.99,154700,4.97,220100,5.0,137900,4.96,433900,5.01,184500,4.95,337300,5.02,11200,4.94,85900,5.03,11300,4.93,60100,5.04,7200,4.92,122800,5.05,111600,4.91,92300,5.06,16100,4.9,223800,5.08,31500,4.89,47500,5.09,16500,2487137,2345200,15:37:57.204
000931.SZ,000931,20260420,20260420,10:11:09.000,101109000,79,4.98,5.19,5.19,4.95,5.2,5.72,4.68,11267763,5644.9359,10747,4.98,176037,4.99,155300,4.97,220100,5.0,137900,4.96,433900,5.01,184500,4.95,337300,5.02,11200,4.94,85900,5.03,11300,4.93,60100,5.04,7200,4.92,122800,5.05,111600,4.91,92300,5.06,16100,4.9,223800,5.08,31500,4.89,47500,5.09,16500,2488937,2345800,15:37:57.500
000931.SZ,000931,20260420,20260420,10:11:12.000,101112000,79,4.98,5.19,5.19,4.95,5.2,5.72,4.68,11267763,5644.9359,10747,4.98,177737,4.99,155300,4.97,220100,5.0,137900,4.96,433900,5.01,184500,4.95,337300,5.02,11200,4.94,85900,5.03,11300,4.93,60100,5.04,7200,4.92,122800,5.05,111600,4.91,92300,5.06,16100,4.9,223800,5.08,29500,4.89,47500,5.09,16500,2490637,2343800,15:37:57.753
000931.SZ,000931,20260420,20260420,10:11:15.000,101115000,79,4.98,5.19,5.19,4.95,5.2,5.72,4.68,11267763,5644.9359,10747,4.98,177737,4.99,155300,4.97,220100,5.0,118900,4.96,433900,5.01,184500,4.95,337300,5.02,11200,4.94,85900,5.03,13100,4.93,60100,5.04,7200,4.92,122800,5.05,111600,4.91,92300,5.06,16100,4.9,223800,5.08,29500,4.89,47500,5.09,16500,2490637,2326600,15:37:58.162
000931.SZ,000931,20260420,20260420,10:11:18.000,101118000,79,4.98,5.19,5.19,4.95,5.2,5.72,4.68,11267763,5644.9359,10747,4.98,177737,4.99,155300,4.97,220000,5.0,118900,4.96,433900,5.01,184500,4.95,337300,5.02,11200,4.94,90900,5.03,13100,4.93,60100,5.04,7200,4.92,122800,5.05,111600,4.91,92300,5.06,16100,4.9,223800,5.08,29500,4.89,47500,5.09,16500,2495537,2326600,15:37:58.233
000931.SZ,000931,20260420,20260420,10:11:21.000,101121000,79,4.99,5.19,5.19,4.95,5.2,5.72,4.68,11278763,5650.4249,10748,4.98,177737,4.99,144300,4.97,220000,5.0,118900,4.96,433900,5.01,186500,4.95,337300,5.02,11200,4.94,90900,5.03,13100,4.93,60100,5.04,7200,4.92,123300,5.05,111600,4.91,92300,5.06,16100,4.9,223800,5.08,29500,4.89,47500,5.09,16500,2496037,2317600,15:37:58.501
000931.SZ,000931,20260420,20260420,10:11:24.000,101124000,79,4.98,5.19,5.19,4.95,5.2,5.72,4.68,11282363,5652.2189,10750,4.98,175437,4.99,145300,4.97,220000,5.0,118900,4.96,433900,5.01,186500,4.95,337300,5.02,11200,4.94,90900,5.03,13100,4.93,60100,5.04,7200,4.92,123300,5.05,111600,4.91,92300,5.06,16100,4.9,223800,5.08,29500,4.89,47500,5.09,16500,2493737,2318600,15:37:58.721
000931.SZ,000931,20260420,20260420,10:11:27.000,101127000,79,4.99,5.19,5.19,4.95,5.2,5.72,4.68,11286663,5654.3646,10751,4.98,175437,4.99,160000,4.97,220000,5.0,118900,4.96,433900,5.01,186500,4.95,337300,5.02,11200,4.94,90900,5.03,13100,4.93,60100,5.04,7200,4.92,123300,5.05,111600,4.91,92300,5.06,16100,4.9,223800,5.08,29500,4.89,47500,5.09,16500,2493737,2333300,15:37:59.002
000931.SZ,000931,20260420,20260420,10:11:30.000,101130000,79,4.99,5.19,5.19,4.95,5.2,5.72,4.68,11286663,5654.3646,10751,4.98,175437,4.99,160000,4.97,220000,5.0,118900,4.96,433900,5.01,186500,4.95,337300,5.02,11200,4.94,90900,5.03,13100,4.93,60100,5.04,7200,4.92,123300,5.05,111600,4.91,92300,5.06,16100,4.9,223800,5.08,29500,4.89,47500,5.09,16500,2493737,2391400,15:37:59.214
000931.SZ,000931,20260420,20260420,10:11:33.000,101133000,79,4.99,5.19,5.19,4.95,5.2,5.72,4.68,11287863,5654.9634,10753,4.98,175637,4.99,158800,4.97,220000,5.0,118900,4.96,433900,5.01,186500,4.95,337600,5.02,11200,4.94,90900,5.03,13100,4.93,60100,5.04,7200,4.92,123300,5.05,111600,4.91,92300,5.06,16100,4.9,223800,5.08,29500,4.89,47500,5.09,16500,2494237,2390200,15:37:59.446
000931.SZ,000931,20260420,20260420,10:11:36.000,101136000,79,4.98,5.19,5.19,4.95,5.2,5.72,4.68,11289663,5655.8605,10755,4.98,174537,4.99,158100,4.97,210000,5.0,118900,4.96,433900,5.01,186500,4.95,337600,5.02,11200,4.94,90900,5.03,13100,4.93,60100,5.04,7200,4.92,123300,5.05,111600,4.91,92300,5.06,16100,4.9,223800,5.08,29500,4.89,47500,5.09,16500,2483137,2389500,15:37:59.755
000931.SZ,000931,20260420,20260420,10:11:39.000,101139000,79,4.98,5.19,5.19,4.95,5.2,5.72,4.68,11289663,5655.8605,10755,4.98,177537,4.99,159100,4.97,210000,5.0,118900,4.96,433900,5.01,184500,4.95,337600,5.02,11200,4.94,90900,5.03,13100,4.93,60100,5.04,7200,4.92,123300,5.05,111600,4.91,92300,5.06,16100,4.9,223800,5.08,29500,4.89,47500,5.09,16500,2486137,2388500,15:37:59.989
000931.SZ,000931,20260420,20260420,10:11:42.000,101142000,79,4.98,5.19,5.19,4.95,5.2,5.72,4.68,11289663,5655.8605,10755,4.98,187537,4.99,162100,4.97,210000,5.0,118900,4.96,433900,5.01,184500,4.95,337600,5.02,11200,4.94,90900,5.03,13100,4.93,60100,5.04,7200,4.92,123300,5.05,111600,4.91,92300,5.06,16100,4.9,223800,5.08,29500,4.89,47500,5.09,16500,2496137,2391500,15:38:00.232
000931.SZ,000931,20260420,20260420,10:11:45.000,101145000,79,4.98,5.19,5.19,4.95,5.2,5.72,4.68,11289663,5655.8605,10755,4.98,197037,4.99,162100,4.97,210000,5.0,118900,4.96,433900,5.01,184500,4.95,337600,5.02,13200,4.94,90900,5.03,13100,4.93,60100,5.04,7200,4.92,123300,5.05,111600,4.91,92300,5.06,16100,4.9,223800,5.08,29500,4.89,47500,5.09,16500,2505637,2397100,15:38:00.483
000931.SZ,000931,20260420,20260420,10:11:48.000,101148000,79,4.98,5.19,5.19,4.95,5.2,5.72,4.68,11289663,5655.8605,10755,4.98,197037,4.99,162100,4.97,210000,5.0,118900,4.96,433900,5.01,184500,4.95,337600,5.02,13200,4.94,76200,5.03,13100,4.93,60100,5.04,7200,4.92,123300,5.05,111600,4.91,92300,5.06,16100,4.9,223800,5.08,29500,4.89,47500,5.09,16500,2493437,2397100,15:38:00.735
000931.SZ,000931,20260420,20260420,10:11:51.000,101151000,79,4.98,5.19,5.19,4.95,5.2,5.72,4.68,11314463,5668.2109,10758,4.98,172237,4.99,162100,4.97,210000,5.0,118900,4.96,433900,5.01,184500,4.95,337600,5.02,13200,4.94,76200,5.03,13100,4.93,60100,5.04,7200,4.92,123300,5.05,111600,4.91,92300,5.06,16100,4.9,223800,5.08,29500,4.89,47500,5.09,16500,2468637,2397100,15:38:01.009
000931.SZ,000931,20260420,20260420,10:11:54.000,101154000,79,4.98,5.19,5.19,4.95,5.2,5.72,4.68,11324763,5673.3403,10791,4.98,168337,4.99,165100,4.97,210000,5.0,119500,4.96,433900,5.01,184500,4.95,337600,5.02,13200,4.94,76200,5.03,13100,4.93,60100,5.04,7200,4.92,123300,5.05,111600,4.91,92300,5.06,16100,4.9,223500,5.08,29500,4.89,47500,5.09,16500,2464437,2401100,15:38:01.185
000931.SZ,000931,20260420,20260420,10:11:57.000,101157000,79,4.98,5.19,5.19,4.95,5.2,5.72,4.68,11331563,5676.7267,10806,4.98,172337,4.99,165100,4.97,210000,5.0,119500,4.96,433900,5.01,184500,4.95,337600,5.02,13200,4.94,76200,5.03,13100,4.93,60100,5.04,7200,4.92,123300,5.05,111600,4.91,92300,5.06,16100,4.9,223500,5.08,29500,4.89,47500,5.09,16500,2468437,2402100,15:38:01.244
000931.SZ,000931,20260420,20260420,10:12:00.000,101200000,79,4.98,5.19,5.19,4.95,5.2,5.72,4.68,11331863,5676.8761,10808,4.98,172037,4.99,165100,4.97,210000,5.0,119500,4.96,434400,5.01,184500,4.95,337600,5.02,13200,4.94,76200,5.03,13100,4.93,60100,5.04,7200,4.92,143300,5.05,111600,4.91,92300,5.06,16100,4.9,223500,5.08,29500,4.89,47500,5.09,16500,2488637,2402100,15:38:01.315
000931.SZ,000931,20260420,20260420,10:12:03.000,101203000,79,4.98,5.19,5.19,4.95,5.2,5.72,4.68,11336363,5679.1171,10810,4.98,205537,4.99,166200,4.97,210000,5.0,121500,4.96,434400,5.01,184500,4.95,337300,5.02,12200,4.94,76200,5.03,13100,4.93,60100,5.04,7200,4.92,143300,5.05,110600,4.91,92300,5.06,16100,4.9,223500,5.08,29500,4.89,47500,5.09,16500,2521837,2403200,15:38:01.458
000931.SZ,000931,20260420,20260420,10:12:06.000,101206000,79,4.98,5.19,5.19,4.95,5.2,5.72,4.68,11336363,5679.1171,10810,4.98,205537,4.99,166200,4.97,227100,5.0,121500,4.96,434400,5.01,184500,4.95,337300,5.02,12200,4.94,76200,5.03,13100,4.93,60100,5.04,7200,4.92,143300,5.05,110600,4.91,92300,5.06,16100,4.9,223500,5.08,29500,4.89,47500,5.09,16500,2538937,2403200,15:38:01.588
000931.SZ,000931,20260420,20260420,10:12:09.000,101209000,79,4.98,5.19,5.19,4.95,5.2,5.72,4.68,11337363,5679.6151,10812,4.98,207637,4.99,166200,4.97,227100,5.0,121600,4.96,434400,5.01,184500,4.95,337300,5.02,12200,4.94,76200,5.03,13100,4.93,60100,5.04,7200,4.92,143300,5.05,110600,4.91,92300,5.06,16100,4.9,223500,5.08,29500,4.89,47500,5.09,16500,2541037,2403300,15:38:01.704
000931.SZ,000931,20260420,20260420,10:12:12.000,101212000,79,4.98,5.19,5.19,4.95,5.2,5.72,4.68,11338363,5680.1131,10813,4.98,206637,4.99,166500,4.97,227100,5.0,121600,4.96,434400,5.01,184500,4.95,337300,5.02,12200,4.94,76200,5.03,13100,4.93,60100,5.04,7200,4.92,143300,5.05,110600,4.91,92300,5.06,16100,4.9,223500,5.08,29500,4.89,47500,5.09,16500,2540037,2403600,15:38:01.809
000931.SZ,000931,20260420,20260420,10:12:15.000,101215000,79,4.98,5.19,5.19,4.95,5.2,5.72,4.68,11338363,5680.1131,10813,4.98,206537,4.99,166500,4.97,227100,5.0,121600,4.96,439400,5.01,184500,4.95,337300,5.02,12200,4.94,76200,5.03,13100,4.93,60100,5.04,7200,4.92,173300,5.05,110600,4.91,92300,5.06,16100,4.9,224500,5.08,29500,4.89,47500,5.09,16500,2575937,2403600,15:38:01.925
000931.SZ,000931,20260420,20260420,10:12:18.000,101218000,79,4.98,5.19,5.19,4.95,5.2,5.72,4.68,11338363,5680.1131,10813,4.98,206537,4.99,166500,4.97,226800,5.0,121600,4.96,439400,5.01,184500,4.95,337300,5.02,12200,4.94,76200,5.03,13100,4.93,60100,5.04,7200,4.92,173300,5.05,110600,4.91,92300,5.06,16100,4.9,224500,5.08,29500,4.89,47500,5.09,16500,2575637,2403600,15:38:01.984
000931.SZ,000931,20260420,20260420,10:12:21.000,101221000,79,4.98,5.19,5.19,4.95,5.2,5.72,4.68,11338363,5680.1131,10813,4.98,206537,4.99,171000,4.97,226800,5.0,122200,4.96,439400,5.01,184500,4.95,337300,5.02,12200,4.94,76200,5.03,13100,4.93,60100,5.04,7200,4.92,173300,5.05,110600,4.91,92300,5.06,16100,4.9,224500,5.08,29500,4.89,47500,5.09,16500,2575637,2408700,15:38:02.096
000931.SZ,000931,20260420,20260420,10:12:24.000,101224000,79,4.98,5.19,5.19,4.95,5.2,5.72,4.68,11338363,5680.1131,10813,4.98,208837,4.99,171000,4.97,226800,5.0,122200,4.96,439400,5.01,184500,4.95,337300,5.02,12200,4.94,76200,5.03,13100,4.93,60100,5.04,7200,4.92,173300,5.05,110600,4.91,92300,5.06,16100,4.9,224500,5.08,29500,4.89,47500,5.09,16500,2577937,2408700,15:38:02.183
000931.SZ,000931,20260420,20260420,10:12:27.000,101227000,79,4.98,5.19,5.19,4.95,5.2,5.72,4.68,11338863,5680.3621,10814,4.98,208337,4.99,171000,4.97,226800,5.0,122200,4.96,439400,5.01,184500,4.95,337300,5.02,12200,4.94,76200,5.03,13100,4.93,60100,5.04,7200,4.92,173300,5.05,110600,4.91,92300,5.06,16100,4.9,224500,5.08,29500,4.89,47500,5.09,16500,2577437,2408700,15:38:02.368
000931.SZ,000931,20260420,20260420,10:12:30.000,101230000,79,4.99,5.19,5.19,4.95,5.2,5.72,4.68,11340563,5681.2092,10817,4.98,217237,4.99,171500,4.97,226800,5.0,122200,4.96,439400,5.01,184500,4.95,337300,5.02,12200,4.94,76200,5.03,13100,4.93,60100,5.04,7200,4.92,173500,5.05,110600,4.91,92300,5.06,16100,4.9,224500,5.08,29500,4.89,47500,5.09,16500,2586537,2409200,15:38:02.692
000931.SZ,000931,20260420,20260420,10:12:33.000,101233000,79,4.99,5.19,5.19,4.95,5.2,5.72,4.68,11340563,5681.2092,10817,4.98,217237,4.99,171500,4.97,226800,5.0,122200,4.96,439400,5.01,184500,4.95,338300,5.02,12200,4.94,77200,5.03,13100,4.93,60100,5.04,7200,4.92,173500,5.05,110600,4.91,92300,5.06,16100,4.9,224500,5.08,29500,4.89,47500,5.09,16500,2588537,2409200,15:38:02.958
000931.SZ,000931,20260420,20260420,10:12:36.000,101236000,79,4.98,5.19,5.19,4.95,5.2,5.72,4.68,11347163,5684.5006,10825,4.98,215237,4.99,171300,4.97,226800,5.0,122200,4.96,438800,5.01,184500,4.95,338300,5.02,12200,4.94,76200,5.03,13100,4.93,60100,5.04,7200,4.92,173500,5.05,110600,4.91,92300,5.06,16100,4.9,224500,5.08,29500,4.89,47500,5.09,16500,2584937,2409000,15:38:03.204
000931.SZ,000931,20260420,20260420,10:12:42.000,101242000,79,4.99,5.19,5.19,4.95,5.2,5.72,4.68,11347263,5684.5505,10826,4.98,204237,4.99,175600,4.97,227800,5.0,122200,4.96,439600,5.01,33500,4.95,338300,5.02,12200,4.94,76200,5.03,13100,4.93,60100,5.04,7200,4.92,173500,5.05,110600,4.91,92300,5.06,16100,4.9,224500,5.08,29500,4.89,47500,5.09,16500,2575737,2262300,15:38:03.753
000931.SZ,000931,20260420,20260420,10:12:45.000,101245000,79,4.99,5.19,5.19,4.95,5.2,5.72,4.68,11347263,5684.5505,10826,4.98,204737,4.99,175600,4.97,227800,5.0,122200,4.96,439600,5.01,33500,4.95,338300,5.02,12200,4.94,76200,5.03,13100,4.93,60100,5.04,7200,4.92,173500,5.05,110600,4.91,92300,5.06,16100,4.9,224500,5.08,29500,4.89,47500,5.09,16500,2576237,2262300,15:38:03.941
000931.SZ,000931,20260420,20260420,10:12:48.000,101248000,79,4.99,5.19,5.19,4.95,5.2,5.72,4.68,11347263,5684.5505,10826,4.98,204737,4.99,174200,4.97,227800,5.0,122200,4.96,439600,5.01,33500,4.95,338300,5.02,12200,4.94,76200,5.03,13100,4.93,60100,5.04,7200,4.92,173500,5.05,110600,4.91,92300,5.06,16100,4.9,224500,5.08,29500,4.89,47500,5.09,16500,2582437,2260900,15:38:04.202
000931.SZ,000931,20260420,20260420,10:12:51.000,101251000,79,4.99,5.19,5.19,4.95,5.2,5.72,4.68,11347263,5684.5505,10826,4.98,209437,4.99,178700,4.97,227800,5.0,122200,4.96,439600,5.01,33500,4.95,338300,5.02,12200,4.94,76200,5.03,13100,4.93,60100,5.04,7200,4.92,173500,5.05,110600,4.91,92300,5.06,16100,4.9,224500,5.08,29500,4.89,47500,5.09,16500,2587137,2265400,15:38:04.483
000931.SZ,000931,20260420,20260420,10:12:54.000,101254000,79,4.98,5.19,5.19,4.95,5.2,5.72,4.68,11349063,5685.4469,10834,4.98,207637,4.99,178700,4.97,227800,5.0,122200,4.96,439600,5.01,33500,4.95,338300,5.02,12200,4.94,76200,5.03,13100,4.93,60100,5.04,7200,4.92,173500,5.05,110600,4.91,92300,5.06,16100,4.9,224500,5.08,29500,4.89,47500,5.09,16500,2585337,2265400,15:38:04.658
000931.SZ,000931,20260420,20260420,10:12:57.000,101257000,79,4.98,5.19,5.19,4.95,5.2,5.72,4.68,11349063,5685.4469,10834,4.98,207637,4.99,178400,4.97,227800,5.0,122200,4.96,439600,5.01,33500,4.95,338300,5.02,12200,4.94,76200,5.03,13100,4.93,60100,5.04,7200,4.92,173500,5.05,110800,4.91,92300,5.06,16100,4.9,224500,5.08,29500,4.89,47500,5.09,16500,2585337,2265300,15:38:04.926
000931.SZ,000931,20260420,20260420,10:13:00.000,101300000,79,4.98,5.19,5.19,4.95,5.2,5.72,4.68,11349063,5685.4469,10834,4.98,209937,4.99,178900,4.97,227800,5.0,122200,4.96,439600,5.01,33500,4.95,338300,5.02,12200,4.94,76200,5.03,13100,4.93,60100,5.04,7200,4.92,173500,5.05,110800,4.91,92300,5.06,16100,4.9,224500,5.08,29500,4.89,47500,5.09,16500,2587637,2265800,15:38:05.160
000931.SZ,000931,20260420,20260420,10:13:03.000,101303000,79,4.98,5.19,5.19,4.95,5.2,5.72,4.68,11349063,5685.4469,10834,4.98,209937,4.99,179700,4.97,227800,5.0,122200,4.96,439600,5.01,33500,4.95,338300,5.02,12200,4.94,76200,5.03,13100,4.93,60100,5.04,7200,4.92,173500,5.05,110800,4.91,92300,5.06,16100,4.9,224500,5.08,29500,4.89,47500,5.09,16500,2587637,2266600,15:38:05.563
000931.SZ,000931,20260420,20260420,10:13:06.000,101306000,79,4.98,5.19,5.19,4.95,5.2,5.72,4.68,11349063,5685.4469,10834,4.98,209937,4.99,180700,4.97,227800,5.0,122200,4.96,439600,5.01,33500,4.95,338300,5.02,12200,4.94,76200,5.03,13100,4.93,60100,5.04,7200,4.92,173500,5.05,110800,4.91,92300,5.06,16100,4.9,224500,5.08,29500,4.89,47500,5.09,16500,2587637,2267600,15:38:05.828
000931.SZ,000931,20260420,20260420,10:13:09.000,101309000,79,4.98,5.19,5.19,4.95,5.2,5.72,4.68,11349063,5685.4469,10834,4.98,210437,4.99,180900,4.97,227800,5.0,122200,4.96,439600,5.01,33500,4.95,338300,5.02,12200,4.94,76200,5.03,13100,4.93,60100,5.04,7200,4.92,173500,5.05,110800,4.91,92300,5.06,16100,4.9,224500,5.08,29500,4.89,47500,5.09,16500,2588137,2267800,15:38:06.095
000931.SZ,000931,20260420,20260420,10:13:15.000,101315000,79,4.98,5.19,5.19,4.95,5.2,5.72,4.68,11588763,5804.8175,10996,4.98,18437,4.99,193000,4.97,227800,5.0,122200,4.96,439600,5.01,33500,4.95,338300,5.02,12200,4.94,76200,5.03,13100,4.93,60100,5.04,7200,4.92,173500,5.05,110800,4.91,92300,5.06,16100,4.9,224500,5.08,29500,4.89,47500,5.09,16500,2396137,2279900,15:38:06.558
000931.SZ,000931,20260420,20260420,10:13:18.000,101318000,79,4.98,5.19,5.19,4.95,5.2,5.72,4.68,11596263,5808.5525,11005,4.98,10837,4.99,196200,4.97,227800,5.0,122500,4.96,439600,5.01,33500,4.95,338300,5.02,12200,4.94,76200,5.03,13100,4.93,60100,5.04,7200,4.92,173500,5.05,110800,4.91,92300,5.06,16100,4.9,224500,5.08,29500,4.89,47500,5.09,16500,2388537,2283400,15:38:06.883
000931.SZ,000931,20260420,20260420,10:13:21.000,101321000,79,4.98,5.19,5.19,4.95,5.2,5.72,4.68,11700663,5860.5437,11048,4.98,53800,4.99,182600,4.97,227800,5.0,122700,4.96,439600,5.01,33200,4.95,338300,5.02,12200,4.94,76200,5.03,13100,4.93,60100,5.04,7200,4.92,173500,5.05,110800,4.91,92300,5.06,16100,4.9,224500,5.08,29500,4.89,47500,5.09,16500,2431500,2269700,15:38:07.151
000931.SZ,000931,20260420,20260420,10:13:24.000,101324000,79,4.98,5.19,5.19,4.95,5.2,5.72,4.68,11700663,5860.5437,11048,4.98,54400,4.99,188100,4.97,227800,5.0,119500,4.96,439600,5.01,32500,4.95,338300,5.02,12200,4.94,76200,5.03,13100,4.93,60100,5.04,7200,4.92,173500,5.05,110800,4.91,92300,5.06,16100,4.9,224500,5.08,29500,4.89,47500,5.09,16500,2432100,2271300,15:38:07.370
000931.SZ,000931,20260420,20260420,10:13:27.000,101327000,79,4.98,5.19,5.19,4.95,5.2,5.72,4.68,11702663,5861.5397,11049,4.98,73200,4.99,171100,4.97,227800,5.0,119500,4.96,439600,5.01,32500,4.95,338300,5.02,12200,4.94,76200,5.03,13100,4.93,60100,5.04,7200,4.92,173500,5.05,110800,4.91,92300,5.06,16100,4.9,224500,5.08,29500,4.89,47500,5.09,16500,2450900,2254300,15:38:07.605
000931.SZ,000931,20260420,20260420,10:13:30.000,101330000,79,4.98,5.19,5.19,4.95,5.2,5.72,4.68,11702663,5861.5397,11049,4.98,96300,4.99,171100,4.97,227800,5.0,119500,4.96,439600,5.01,32500,4.95,338800,5.02,12200,4.94,76200,5.03,13100,4.93,60100,5.04,7200,4.92,173500,5.05,110800,4.91,92300,5.06,16100,4.9,224500,5.08,29500,4.89,47500,5.09,16500,2474500,2254300,15:38:07.810
000931.SZ,000931,20260420,20260420,10:13:33.000,101333000,79,4.98,5.19,5.19,4.95,5.2,5.72,4.68,11702663,5861.5397,11049,4.98,104000,4.99,171100,4.97,227800,5.0,119500,4.96,439600,5.01,32500,4.95,338800,5.02,12200,4.94,76200,5.03,13100,4.93,60100,5.04,7200,4.92,173500,5.05,110800,4.91,92300,5.06,16100,4.9,224500,5.08,29500,4.89,47500,5.09,16500,2482200,2254300,15:38:08.029
000931.SZ,000931,20260420,20260420,10:13:36.000,101336000,79,4.98,5.19,5.19,4.95,5.2,5.72,4.68,11721663,5871.0017,11050,4.98,85000,4.99,171100,4.97,227800,5.0,119500,4.96,439600,5.01,32500,4.95,338800,5.02,12200,4.94,76200,5.03,13100,4.93,60100,5.04,7200,4.92,173500,5.05,110800,4.91,92300,5.06,16100,4.9,225500,5.08,29500,4.89,47500,5.09,16500,2464200,2254300,15:38:08.258
000931.SZ,000931,20260420,20260420,10:13:39.000,101339000,79,4.98,5.19,5.19,4.95,5.2,5.72,4.68,11721663,5871.0017,11050,4.98,78400,4.99,171600,4.97,227800,5.0,119500,4.96,439600,5.01,32500,4.95,338800,5.02,12200,4.94,76200,5.03,13100,4.93,60100,5.04,7200,4.92,173500,5.05,110800,4.91,92300,5.06,16100,4.9,225500,5.08,29500,4.89,47500,5.09,16500,2457600,2254800,15:38:08.517
000931.SZ,000931,20260420,20260420,10:13:42.000,101342000,79,4.98,5.19,5.19,4.95,5.2,5.72,4.68,11721663,5871.0017,11050,4.98,44200,4.99,171600,4.97,227800,5.0,119500,4.96,439600,5.01,32500,4.95,338800,5.02,12200,4.94,76200,5.03,13100,4.93,60100,5.04,7200,4.92,173500,5.05,110800,4.91,92300,5.06,16100,4.9,225500,5.08,29500,4.89,47500,5.09,16500,2423400,2254800,15:38:08.765
000931.SZ,000931,20260420,20260420,10:13:45.000,101345000,79,4.98,5.19,5.19,4.95,5.2,5.72,4.68,11721663,5871.0017,11050,4.98,56500,4.99,164800,4.97,227800,5.0,119900,4.96,439600,5.01,32500,4.95,338800,5.02,12200,4.94,76200,5.03,13100,4.93,60100,5.04,7200,4.92,173500,5.05,110800,4.91,92300,5.06,16100,4.9,225500,5.08,29500,4.89,47500,5.09,16500,2435700,2282700,15:38:09.013
000931.SZ,000931,20260420,20260420,10:13:48.000,101348000,79,4.99,5.19,5.19,4.95,5.2,5.72,4.68,11734063,5877.1876,11069,4.98,66200,4.99,154100,4.97,227800,5.0,119900,4.96,439600,5.01,32500,4.95,338800,5.02,12200,4.94,76200,5.03,13100,4.93,60100,5.04,7200,4.92,173500,5.05,110800,4.91,92300,5.06,16100,4.9,225500,5.08,29500,4.89,47500,5.09,16500,2445400,2272000,15:38:09.239
000931.SZ,000931,20260420,20260420,10:13:51.000,101351000,79,4.99,5.19,5.19,4.95,5.2,5.72,4.68,11894063,5957.0276,11232,4.99,4300,5.0,112200,4.98,75100,5.01,34800,4.97,227200,5.02,12200,4.96,439600,5.03,13100,4.95,338800,5.04,7200,4.94,76200,5.05,110800,4.93,60100,5.06,16100,4.92,173500,5.08,29500,4.91,92300,5.09,16500,4.9,225500,5.1,11600,2458000,2108000,15:38:09.525
000931.SZ,000931,20260420,20260420,10:13:54.000,101354000,79,4.99,5.19,5.19,4.95,5.2,5.72,4.68,11894563,5957.2771,11233,4.99,20500,5.0,119300,4.98,85000,5.01,35800,4.97,227000,5.02,12200,4.96,438400,5.03,13100,4.95,338800,5.04,7200,4.94,76200,5.05,110800,4.93,60100,5.06,16100,4.92,173400,5.08,29500,4.91,92300,5.09,16500,4.9,225500,5.1,11600,2482600,2116100,15:38:09.964
000931.SZ,000931,20260420,20260420,10:13:57.000,101357000,79,4.99,5.19,5.19,4.95,5.2,5.72,4.68,11894563,5957.2771,11233,4.99,53900,5.0,119200,4.98,85200,5.01,36000,4.97,227000,5.02,12200,4.96,438400,5.03,13100,4.95,337800,5.04,7200,4.94,76200,5.05,110800,4.93,60100,5.06,16100,4.92,173400,5.08,29500,4.91,92300,5.09,16500,4.9,225500,5.1,11600,2515200,2116200,15:38:10.454
000931.SZ,000931,20260420,20260420,10:14:00.000,101400000,79,4.99,5.19,5.19,4.95,5.2,5.72,4.68,11894563,5957.2771,11233,4.99,60800,5.0,119200,4.98,85200,5.01,36200,4.97,226900,5.02,12200,4.96,438400,5.03,13100,4.95,337800,5.04,7200,4.94,76200,5.05,110800,4.93,60100,5.06,16100,4.92,173400,5.08,29500,4.91,92300,5.09,16500,4.9,225500,5.1,11600,2522000,2116400,15:38:10.468
000931.SZ,000931,20260420,20260420,10:14:03.000,101403000,79,5.0,5.19,5.19,4.95,5.2,5.72,4.68,11925863,5972.9271,11248,4.99,69600,5.0,87900,4.98,85200,5.01,36200,4.97,226900,5.02,12200,4.96,438400,5.03,13100,4.95,340800,5.04,7200,4.94,76200,5.05,110800,4.93,60100,5.06,16100,4.92,173400,5.08,29500,4.91,92300,5.09,16500,4.9,225500,5.1,11600,2533800,2085100,15:38:10.866
000931.SZ,000931,20260420,20260420,10:14:06.000,101406000,79,5.0,5.19,5.19,4.95,5.2,5.72,4.68,11933363,5976.6768,11259,4.99,70400,5.0,81100,4.98,85800,5.01,36200,4.97,230200,5.02,12200,4.96,438400,5.03,13100,4.95,340800,5.04,7200,4.94,76200,5.05,110800,4.93,60100,5.06,16100,4.92,173400,5.08,29500,4.91,92300,5.09,16500,4.9,225500,5.1,11600,2538500,2078300,15:38:11.180
000931.SZ,000931,20260420,20260420,10:14:09.000,101409000,79,5.0,5.19,5.19,4.95,5.2,5.72,4.68,11934563,5977.2768,11260,4.99,72500,5.0,79900,4.98,86800,5.01,36200,4.97,230200,5.02,12200,4.96,438400,5.03,13100,4.95,340800,5.04,7200,4.94,76200,5.05,110800,4.93,60100,5.06,16100,4.92,173400,5.08,29500,4.91,92300,5.09,16500,4.9,225500,5.1,11600,2541600,2077100,15:38:11.363
000931.SZ,000931,20260420,20260420,10:14:12.000,101412000,79,5.0,5.19,5.19,4.95,5.2,5.72,4.68,11935663,5977.8268,11261,4.99,72600,5.0,78800,4.98,86800,5.01,36200,4.97,230200,5.02,12200,4.96,438400,5.03,13100,4.95,340800,5.04,7200,4.94,76200,5.05,110800,4.93,60100,5.06,16100,4.92,173400,5.08,29500,4.91,92300,5.09,16500,4.9,225500,5.1,11600,2541700,2082500,15:38:11.660
000931.SZ,000931,20260420,20260420,10:14:15.000,101415000,79,5.0,5.19,5.19,4.95,5.2,5.72,4.68,11936863,5978.4268,11262,4.99,77600,5.0,77600,4.98,86800,5.01,36200,4.97,230200,5.02,12200,4.96,438400,5.03,13100,4.95,340800,5.04,7200,4.94,76200,5.05,110800,4.93,60100,5.06,16100,4.92,173400,5.08,29500,4.91,92300,5.09,16500,4.9,225500,5.1,11600,2546700,2081300,15:38:11.866
000931.SZ,000931,20260420,20260420,10:14:18.000,101418000,79,5.0,5.19,5.19,4.95,5.2,5.72,4.68,11948063,5984.0268,11269,4.99,77600,5.0,66600,4.98,88800,5.01,36200,4.97,230200,5.02,12200,4.96,438400,5.03,13100,4.95,340800,5.04,7200,4.94,76200,5.05,110800,4.93,60100,5.06,16100,4.92,173400,5.08,29500,4.91,92300,5.09,16500,4.9,225500,5.1,11600,2548700,2070300,15:38:12.116
000931.SZ,000931,20260420,20260420,10:14:21.000,101421000,79,5.0,5.19,5.19,4.95,5.2,5.72,4.68,11949163,5984.5768,11270,4.99,77600,5.0,65800,4.98,88800,5.01,36200,4.97,230200,5.02,12200,4.96,438400,5.03,13100,4.95,340800,5.04,7200,4.94,76200,5.05,110800,4.93,60100,5.06,16100,4.92,173400,5.08,29500,4.91,92300,5.09,16500,4.9,225500,5.1,11600,2548700,2069500,15:38:12.376
000931.SZ,000931,20260420,20260420,10:14:24.000,101424000,79,5.0,5.19,5.19,4.95,5.2,5.72,4.68,11950363,5985.1768,11271,4.99,77600,5.0,64600,4.98,88800,5.01,37400,4.97,230200,5.02,12200,4.96,438400,5.03,13100,4.95,340800,5.04,7200,4.94,76200,5.05,110800,4.93,60100,5.06,16100,4.92,173400,5.08,29500,4.91,92300,5.09,16500,4.9,225500,5.1,11600,2548700,2069500,15:38:12.660
000931.SZ,000931,20260420,20260420,10:14:27.000,101427000,79,5.0,5.19,5.19,4.95,5.2,5.72,4.68,11950863,5985.4268,11273,4.99,54300,5.0,64100,4.98,89100,5.01,37400,4.97,230200,5.02,12200,4.96,438400,5.03,13100,4.95,340800,5.04,7200,4.94,76200,5.05,110800,4.93,60100,5.06,16100,4.92,173400,5.08,29500,4.91,92300,5.09,16500,4.9,225500,5.1,11600,2525700,2069000,15:38:12.813
000931.SZ,000931,20260420,20260420,10:14:30.000,101430000,79,5.0,5.19,5.19,4.95,5.2,5.72,4.68,11950863,5985.4268,11273,4.99,54300,5.0,64100,4.98,89100,5.01,37400,4.97,232200,5.02,12200,4.96,438400,5.03,13100,4.95,340800,5.04,7200,4.94,76200,5.05,110800,4.93,60100,5.06,16100,4.92,173400,5.08,29500,4.91,92300,5.09,16500,4.9,225600,5.1,11600,2527800,2069000,15:38:13.309
000931.SZ,000931,20260420,20260420,10:14:33.000,101433000,79,4.99,5.19,5.19,4.95,5.2,5.72,4.68,11950963,5985.4767,11274,4.99,54200,5.0,64100,4.98,89100,5.01,37400,4.97,232200,5.02,12200,4.96,438400,5.03,13100,4.95,340800,5.04,7200,4.94,76200,5.05,110800,4.93,60100,5.06,16100,4.92,173400,5.08,29500,4.91,92300,5.09,16500,4.9,225600,5.1,11600,2528700,2069000,15:38:13.355
000931.SZ,000931,20260420,20260420,10:14:36.000,101436000,79,5.0,5.19,5.19,4.95,5.2,5.72,4.68,11951163,5985.5767,11276,4.99,56200,5.0,63900,4.98,89100,5.01,37400,4.97,232100,5.02,12200,4.96,438400,5.03,13100,4.95,340800,5.04,7200,4.94,76200,5.05,110800,4.93,60100,5.06,16100,4.92,173400,5.08,29500,4.91,92300,5.09,16500,4.9,225600,5.1,11600,2529600,2068800,15:38:13.620
000931.SZ,000931,20260420,20260420,10:14:39.000,101439000,79,5.0,5.19,5.19,4.95,5.2,5.72,4.68,11951163,5985.5767,11276,4.99,56200,5.0,63900,4.98,89100,5.01,37400,4.97,233700,5.02,12200,4.96,438400,5.03,13100,4.95,340800,5.04,7200,4.94,76200,5.05,110800,4.93,60100,5.06,16100,4.92,173400,5.08,29500,4.91,92300,5.09,16500,4.9,225600,5.1,11600,2531200,2068800,15:38:13.832
000931.SZ,000931,20260420,20260420,10:14:42.000,101442000,79,5.0,5.19,5.19,4.95,5.2,5.72,4.68,11951163,5985.5767,11276,4.99,59500,5.0,63900,4.98,89100,5.01,37400,4.97,233700,5.02,12200,4.96,440400,5.03,13100,4.95,343100,5.04,7200,4.94,76200,5.05,110800,4.93,60100,5.06,16100,4.92,173400,5.08,29500,4.91,92300,5.09,16500,4.9,225600,5.1,11600,2538800,2068800,15:38:14.078
000931.SZ,000931,20260420,20260420,10:14:45.000,101445000,79,5.0,5.19,5.19,4.95,5.2,5.72,4.68,11951163,5985.5767,11276,4.99,59500,5.0,69900,4.98,91300,5.01,37400,4.97,233700,5.02,12200,4.96,440400,5.03,13100,4.95,343100,5.04,7200,4.94,76200,5.05,110800,4.93,60100,5.06,16100,4.92,173400,5.08,29500,4.91,92300,5.09,16500,4.9,225600,5.1,11600,2541000,2074800,15:38:14.355
000931.SZ,000931,20260420,20260420,10:14:48.000,101448000,79,5.0,5.19,5.19,4.95,5.2,5.72,4.68,11951163,5985.5767,11276,4.99,59000,5.0,69900,4.98,91300,5.01,37400,4.97,233700,5.02,12200,4.96,439900,5.03,13100,4.95,343100,5.04,7200,4.94,76200,5.05,110800,4.93,60100,5.06,16100,4.92,173400,5.08,29500,4.91,92300,5.09,16500,4.9,225600,5.1,11600,2540000,2074800,15:38:14.618
000931.SZ,000931,20260420,20260420,10:14:51.000,101451000,79,5.0,5.19,5.19,4.95,5.2,5.72,4.68,11960863,5990.4267,11281,4.99,59000,5.0,60200,4.98,94900,5.01,37400,4.97,234200,5.02,12200,4.96,439900,5.03,13100,4.95,345100,5.04,7200,4.94,76200,5.05,110800,4.93,60100,5.06,16100,4.92,173400,5.08,29500,4.91,92300,5.09,16500,4.9,225600,5.1,11600,2548200,2065100,15:38:14.965
000931.SZ,000931,20260420,20260420,10:14:57.000,101457000,79,5.0,5.19,5.19,4.95,5.2,5.72,4.68,11960863,5990.4267,11281,4.99,59000,5.0,60200,4.98,94100,5.01,37400,4.97,234200,5.02,12200,4.96,439900,5.03,13100,4.95,345100,5.04,7200,4.94,76200,5.05,110800,4.93,60100,5.06,16100,4.92,173400,5.08,29500,4.91,92300,5.09,16500,4.9,225600,5.1,11600,2547400,2065100,15:38:15.338
000931.SZ,000931,20260420,20260420,10:15:00.000,101500000,79,4.99,5.19,5.19,4.95,5.2,5.72,4.68,11961963,5990.9756,11282,4.99,57900,5.0,65200,4.98,97000,5.01,37400,4.97,240100,5.02,4200,4.96,439900,5.03,13100,4.95,345100,5.04,7200,4.94,76200,5.05,110800,4.93,60100,5.06,16100,4.92,173400,5.08,29500,4.91,92300,5.09,16500,4.9,225600,5.1,11600,2555100,2062100,15:38:15.618
000931.SZ,000931,20260420,20260420,10:15:03.000,101503000,79,5.0,5.19,5.19,4.95,5.2,5.72,4.68,11962063,5991.0256,11283,4.99,57900,5.0,66000,4.98,97000,5.01,57400,4.97,240100,5.02,4200,4.96,439900,5.03,13100,4.95,345100,5.04,7200,4.94,77200,5.05,110800,4.93,60100,5.06,16100,4.92,173400,5.08,29500,4.91,92300,5.09,16500,4.9,225600,5.1,11600,2556100,2082900,15:38:16.043
000931.SZ,000931,20260420,20260420,10:15:06.000,101506000,79,5.0,5.19,5.19,4.95,5.2,5.72,4.68,11962063,5991.0256,11283,4.99,58000,5.0,66100,4.98,97000,5.01,57400,4.97,240100,5.02,4200,4.96,439900,5.03,13100,4.95,345100,5.04,7200,4.94,77200,5.05,110800,4.93,60100,5.06,16100,4.92,173400,5.08,29500,4.91,92300,5.09,16500,4.9,225600,5.1,11600,2556200,2083000,15:38:16.315
000931.SZ,000931,20260420,20260420,10:15:09.000,101509000,79,4.99,5.19,5.19,4.95,5.2,5.72,4.68,11962163,5991.0755,11284,4.99,57100,5.0,66900,4.98,97500,5.01,57400,4.97,240100,5.02,4200,4.96,439900,5.03,13100,4.95,494100,5.04,7200,4.94,77200,5.05,110800,4.93,60100,5.06,16100,4.92,173400,5.08,29500,4.91,92300,5.09,16500,4.9,225600,5.1,11600,2704800,2083800,15:38:16.553
000931.SZ,000931,20260420,20260420,10:15:12.000,101512000,79,4.99,5.19,5.19,4.95,5.2,5.72,4.68,11962163,5991.0755,11284,4.99,57200,5.0,66900,4.98,97800,5.01,57400,4.97,241600,5.02,4200,4.96,439900,5.03,13100,4.95,494100,5.04,7200,4.94,77200,5.05,110800,4.93,60100,5.06,16100,4.92,173400,5.08,29500,4.91,92300,5.09,16500,4.9,225600,5.1,11600,2706700,2083800,15:38:16.740
000931.SZ,000931,20260420,20260420,10:15:15.000,101515000,79,4.99,5.19,5.19,4.95,5.2,5.72,4.68,11962163,5991.0755,11284,4.99,57200,5.0,68900,4.98,97800,5.01,57400,4.97,241100,5.02,4200,4.96,439900,5.03,13100,4.95,494100,5.04,7200,4.94,77200,5.05,110800,4.93,60100,5.06,16100,4.92,173400,5.08,29500,4.91,92300,5.09,16500,4.9,225600,5.1,11600,2705600,2085800,15:38:17.027
000931.SZ,000931,20260420,20260420,10:15:18.000,101518000,79,4.99,5.19,5.19,4.95,5.2,5.72,4.68,11962363,5991.1753,11285,4.99,175400,5.0,70000,4.98,97800,5.01,57400,4.97,241100,5.02,4200,4.96,439900,5.03,13100,4.95,494100,5.04,7200,4.94,77200,5.05,110800,4.93,60100,5.06,16100,4.92,173400,5.08,29500,4.91,92300,5.09,16500,4.9,225600,5.1,11600,2823800,2088500,15:38:17.395
000931.SZ,000931,20260420,20260420,10:15:21.000,101521000,79,4.99,5.19,5.19,4.95,5.2,5.72,4.68,11964463,5992.2232,11290,4.99,192600,5.0,67600,4.98,97800,5.01,57400,4.97,235200,5.02,4200,4.96,439900,5.03,13100,4.95,494100,5.04,7200,4.94,77200,5.05,110800,4.93,60100,5.06,16100,4.92,173400,5.08,29500,4.91,92300,5.09,16500,4.9,225600,5.1,11600,2835100,2086100,15:38:17.665
000931.SZ,000931,20260420,20260420,10:15:24.000,101524000,79,4.99,5.19,5.19,4.95,5.2,5.72,4.68,11964463,5992.2232,11290,4.99,192600,5.0,70200,4.98,97800,5.01,57400,4.97,230800,5.02,4200,4.96,439900,5.03,13100,4.95,494100,5.04,7200,4.94,77700,5.05,110800,4.93,60100,5.06,16100,4.92,173400,5.08,29500,4.91,92300,5.09,16500,4.9,225600,5.1,11600,2831200,2088700,15:38:17.918
000931.SZ,000931,20260420,20260420,10:15:27.000,101527000,79,5.0,5.19,5.19,4.95,5.2,5.72,4.68,11965563,5992.7732,11291,4.99,192800,5.0,69100,4.98,97800,5.01,57400,4.97,230800,5.02,4200,4.96,439900,5.03,13100,4.95,496500,5.04,7200,4.94,77700,5.05,110800,4.93,60100,5.06,16100,4.92,173400,5.08,29500,4.91,92300,5.09,16500,4.9,225600,5.1,11600,2833800,2087600,15:38:18.140
000931.SZ,000931,20260420,20260420,10:15:30.000,101530000,79,5.0,5.19,5.19,4.95,5.2,5.72,4.68,12034663,6027.3232,11349,5.0,206400,5.01,57400,4.99,190000,5.02,4200,4.98,97400,5.03,13100,4.97,230800,5.04,7200,4.96,439900,5.05,110800,4.95,496500,5.06,16100,4.94,77700,5.08,29500,4.93,60100,5.09,16500,4.92,173400,5.1,11600,4.91,92300,5.11,28500,3037000,2018500,15:38:18.377
000931.SZ,000931,20260420,20260420,10:15:33.000,101533000,79,5.0,5.19,5.19,4.95,5.2,5.72,4.68,12036763,6028.3732,11351,5.0,151000,5.01,57400,4.99,174000,5.02,6100,4.98,98200,5.03,13100,4.97,222900,5.04,7200,4.96,439900,5.05,110800,4.95,498500,5.06,16100,4.94,77700,5.08,29500,4.93,60100,5.09,16500,4.92,173400,5.1,11600,4.91,92300,5.11,28500,2960500,2020400,15:38:18.602
000931.SZ,000931,20260420,20260420,10:15:36.000,101536000,79,5.0,5.19,5.19,4.95,5.2,5.72,4.68,12057663,6038.8298,11361,5.0,137100,5.01,31400,4.99,174000,5.02,6100,4.98,98200,5.03,13100,4.97,222900,5.04,7200,4.96,439900,5.05,110800,4.95,498500,5.06,16100,4.94,77700,5.08,29500,4.93,60000,5.09,16500,4.92,173400,5.1,11600,4.91,92300,5.11,28500,2946500,1994400,15:38:18.807
000931.SZ,000931,20260420,20260420,10:15:39.000,101539000,79,5.0,5.19,5.19,4.95,5.2,5.72,4.68,12057663,6038.8298,11361,5.0,138700,5.01,31900,4.99,174000,5.02,6100,4.98,194200,5.03,13100,4.97,222900,5.04,7200,4.96,439900,5.05,110800,4.95,498500,5.06,16100,4.94,77700,5.08,29500,4.93,60000,5.09,16500,4.92,173400,5.1,11600,4.91,92300,5.11,28500,3045100,1994900,15:38:19.154
000931.SZ,000931,20260420,20260420,10:15:42.000,101542000,79,5.0,5.19,5.19,4.95,5.2,5.72,4.68,12057663,6038.8298,11361,5.0,139900,5.01,31900,4.99,184000,5.02,6100,4.98,194200,5.03,13100,4.97,222900,5.04,7200,4.96,439900,5.05,110800,4.95,498500,5.06,16100,4.94,77700,5.08,29500,4.93,60000,5.09,16500,4.92,173400,5.1,11600,4.91,92300,5.11,28500,3057300,1994900,15:38:19.366
000931.SZ,000931,20260420,20260420,10:15:45.000,101545000,79,5.02,5.19,5.19,4.95,5.2,5.72,4.68,12137063,6078.6567,11438,5.02,31300,5.03,19100,5.01,76700,5.04,17200,5.0,136400,5.05,110800,4.99,177700,5.06,16100,4.98,192200,5.08,29500,4.97,222900,5.09,16500,4.96,439100,5.1,11600,4.95,498500,5.11,28500,4.94,77700,5.12,10000,4.93,60000,5.13,36700,3152700,1973100,15:38:19.562
000931.SZ,000931,20260420,20260420,10:15:48.000,101548000,79,5.03,5.19,5.19,4.95,5.2,5.72,4.68,12144163,6082.2221,11441,5.02,32100,5.03,27600,5.01,76700,5.04,18100,5.0,137000,5.05,110800,4.99,175400,5.06,16100,4.98,192200,5.08,29500,4.97,216900,5.09,16500,4.96,439100,5.1,11600,4.95,498500,5.11,28500,4.94,77700,5.12,10000,4.93,60000,5.13,36700,3145800,1982500,15:38:19.871
000931.SZ,000931,20260420,20260420,10:15:51.000,101551000,79,5.02,5.19,5.19,4.95,5.2,5.72,4.68,12148363,6084.3305,11446,5.02,27900,5.03,43300,5.01,37600,5.04,18100,5.0,139700,5.05,110800,4.99,177400,5.06,16100,4.98,192200,5.08,29500,4.97,216900,5.09,16500,4.96,439100,5.1,11600,4.95,498500,5.11,28500,4.94,77700,5.12,10000,4.93,60000,5.13,36700,3107200,1998200,15:38:20.107
000931.SZ,000931,20260420,20260420,10:15:54.000,101554000,79,5.02,5.19,5.19,4.95,5.2,5.72,4.68,12148863,6084.5815,11450,5.02,9900,5.03,43400,5.01,37600,5.04,18100,5.0,73500,5.05,110800,4.99,121200,5.06,16100,4.98,192200,5.08,29500,4.97,216900,5.09,16500,4.96,439100,5.1,11600,4.95,498500,5.11,28500,4.94,77700,5.12,10000,4.93,60000,5.13,36700,2951600,1998300,15:38:20.430
000931.SZ,000931,20260420,20260420,10:15:57.000,101557000,79,5.02,5.19,5.19,4.95,5.2,5.72,4.68,12161063,6090.7059,11469,5.01,37600,5.02,4100,5.0,14400,5.03,43400,4.99,62000,5.04,18100,4.98,192200,5.05,110800,4.97,216400,5.06,16100,4.96,439100,5.08,29500,4.95,498500,5.09,16500,4.94,77700,5.1,11600,4.93,60000,5.11,28500,4.92,173200,5.12,10000,2822700,2003400,15:38:20.631
000931.SZ,000931,20260420,20260420,10:16:00.000,101600000,79,5.02,5.19,5.19,4.95,5.2,5.72,4.68,12161163,6090.7561,11470,5.01,39700,5.02,10100,5.0,14400,5.03,37300,4.99,62000,5.04,18100,4.98,192200,5.05,110800,4.97,216400,5.06,16100,4.96,439100,5.08,29500,4.95,497500,5.09,16500,4.94,77700,5.1,11600,4.93,60000,5.11,28500,4.92,173200,5.12,10000,2823800,2003300,15:38:20.964
000931.SZ,000931,20260420,20260420,10:16:03.000,101603000,79,5.02,5.19,5.19,4.95,5.2,5.72,4.68,12161163,6090.7561,11470,5.01,41200,5.02,16500,5.0,14400,5.03,37300,4.99,62000,5.04,18100,4.98,192700,5.05,110800,4.97,216400,5.06,16100,4.96,439100,5.08,29500,4.95,497500,5.09,16500,4.94,77700,5.1,11600,4.93,60000,5.11,28500,4.92,173200,5.12,10000,2825800,2009700,15:38:21.249
000931.SZ,000931,20260420,20260420,10:16:06.000,101606000,79,5.01,5.19,5.19,4.95,5.2,5.72,4.68,12165063,6092.71,11476,5.01,37200,5.02,40800,5.0,14400,5.03,37100,4.99,62000,5.04,67700,4.98,192700,5.05,110800,4.97,216400,5.06,16100,4.96,439100,5.08,29500,4.95,497500,5.09,16500,4.94,77700,5.1,11600,4.93,60000,5.11,28500,4.92,173200,5.12,10000,2821800,2083400,15:38:21.537
000931.SZ,000931,20260420,20260420,10:16:09.000,101609000,79,5.01,5.19,5.19,4.95,5.2,5.72,4.68,12165063,6092.71,11476,5.01,37200,5.02,43600,5.0,14400,5.03,37300,4.99,62000,5.04,67700,4.98,192700,5.05,110800,4.97,216400,5.06,16100,4.96,439100,5.08,29500,4.95,497500,5.09,16500,4.94,77700,5.1,11600,4.93,60000,5.11,28500,4.92,173200,5.12,10000,2822800,2087400,15:38:21.835
000931.SZ,000931,20260420,20260420,10:16:12.000,101612000,79,5.01,5.19,5.19,4.95,5.2,5.72,4.68,12165063,6092.71,11476,5.01,37700,5.02,43600,5.0,24400,5.03,37300,4.99,60800,5.04,67700,4.98,192700,5.05,110800,4.97,216400,5.06,16100,4.96,439100,5.08,29500,4.95,497500,5.09,16500,4.94,77700,5.1,11600,4.93,60000,5.11,28500,4.92,173200,5.12,10000,2832100,2087400,15:38:22.031
000931.SZ,000931,20260420,20260420,10:16:15.000,101615000,79,5.01,5.19,5.19,4.95,5.2,5.72,4.68,12165063,6092.71,11476,5.01,37700,5.02,43600,5.0,24400,5.03,37800,4.99,60800,5.04,67700,4.98,191700,5.05,110800,4.97,216400,5.06,16100,4.96,439100,5.08,29500,4.95,497500,5.09,16500,4.94,77700,5.1,11600,4.93,60000,5.11,28500,4.92,173200,5.12,10000,2844700,2087900,15:38:22.261
000931.SZ,000931,20260420,20260420,10:16:18.000,101618000,79,5.02,5.19,5.19,4.95,5.2,5.72,4.68,12208263,6114.3964,11538,5.01,37700,5.02,600,5.0,26400,5.03,37800,4.99,60800,5.04,67700,4.98,191700,5.05,110800,4.97,216400,5.06,16100,4.96,439100,5.08,29500,4.95,497500,5.09,16500,4.94,77700,5.1,11600,4.93,60000,5.11,28500,4.92,173200,5.12,10000,2846700,2044900,15:38:22.463
000931.SZ,000931,20260420,20260420,10:16:21.000,101621000,79,5.02,5.19,5.19,4.95,5.2,5.72,4.68,12209263,6114.8984,11543,5.01,37700,5.02,800,5.0,27400,5.03,37800,4.99,61900,5.04,67700,4.98,191700,5.05,110800,4.97,216400,5.06,16100,4.96,439100,5.07,500,4.95,500500,5.08,29500,4.94,72700,5.09,16500,4.93,60000,5.1,11600,4.92,173200,5.11,28500,2846800,2046600,15:38:22.751
000931.SZ,000931,20260420,20260420,10:16:24.000,101624000,79,5.02,5.19,5.19,4.95,5.2,5.72,4.68,12210463,6115.5008,11545,5.01,37700,5.02,5900,5.0,27400,5.03,37800,4.99,61900,5.04,67700,4.98,206800,5.05,110800,4.97,216400,5.06,16100,4.96,439100,5.07,500,4.95,500500,5.08,29500,4.94,72700,5.09,16500,4.93,60000,5.1,11600,4.92,173200,5.11,28500,2861900,2051700,15:38:23.016
000931.SZ,000931,20260420,20260420,10:16:27.000,101627000,79,5.02,5.19,5.19,4.95,5.2,5.72,4.68,12217563,6119.065,11553,5.01,37700,5.02,8900,5.0,27400,5.03,40800,4.99,61900,5.04,67700,4.98,206800,5.05,110800,4.97,216400,5.06,16100,4.96,439100,5.07,500,4.95,500400,5.08,29500,4.94,72600,5.09,16500,4.93,60000,5.1,11600,4.92,173200,5.11,28500,2861700,2057700,15:38:23.215
000931.SZ,000931,20260420,20260420,10:16:30.000,101630000,79,5.02,5.19,5.19,4.95,5.2,5.72,4.68,12229763,6125.1894,11558,5.01,37700,5.02,28300,5.0,27400,5.03,40800,4.99,61900,5.04,67700,4.98,206800,5.05,110800,4.97,216400,5.06,16100,4.96,440100,5.07,500,4.95,500400,5.08,29500,4.94,72600,5.09,16500,4.93,60000,5.1,11600,4.92,173200,5.11,28500,2862700,2077100,15:38:23.432
000931.SZ,000931,20260420,20260420,10:16:33.000,101633000,79,5.02,5.19,5.19,4.95,5.2,5.72,4.68,12229763,6125.1894,11558,5.01,39300,5.02,52400,5.0,27400,5.03,40800,4.99,61900,5.04,67700,4.98,206800,5.05,110800,4.97,216400,5.06,16100,4.96,440100,5.07,500,4.95,502400,5.08,29500,4.94,72600,5.09,16500,4.93,60000,5.1,11600,4.92,173200,5.11,28500,2866300,2101200,15:38:23.723
000931.SZ,000931,20260420,20260420,10:16:36.000,101636000,79,5.02,5.19,5.19,4.95,5.2,5.72,4.68,12229763,6125.1894,11558,5.01,39300,5.02,53100,5.0,27400,5.03,40600,4.99,61900,5.04,67700,4.98,206800,5.05,110800,4.97,212700,5.06,16100,4.96,435900,5.07,500,4.95,502400,5.08,29500,4.94,72600,5.09,16500,4.93,60000,5.1,11600,4.92,173200,5.11,28500,2858400,2101700,15:38:23.895
000931.SZ,000931,20260420,20260420,10:16:39.000,101639000,79,5.02,5.19,5.19,4.95,5.2,5.72,4.68,12230763,6125.6914,11559,5.01,39600,5.02,52100,5.0,27400,5.03,40600,4.99,61900,5.04,67700,4.98,206800,5.05,110800,4.97,212700,5.06,16100,4.96,435900,5.07,500,4.95,502400,5.08,29500,4.94,72600,5.09,16500,4.93,60000,5.1,11300,4.92,173200,5.11,28500,2858700,2100400,15:38:24.118
000931.SZ,000931,20260420,20260420,10:16:42.000,101642000,79,5.02,5.19,5.19,4.95,5.2,5.72,4.68,12230763,6125.6914,11559,5.01,49600,5.02,52100,5.0,27400,5.03,40600,4.99,81900,5.04,67700,4.98,206800,5.05,110800,4.97,230800,5.06,16100,4.96,435900,5.07,500,4.95,502400,5.08,29500,4.94,72600,5.09,16500,4.93,60000,5.1,11300,4.92,174200,5.11,28500,2907800,2100400,15:38:24.399
000931.SZ,000931,20260420,20260420,10:16:45.000,101645000,79,5.02,5.19,5.19,4.95,5.2,5.72,4.68,12285263,6153.0504,11580,5.01,49600,5.02,100,5.0,27400,5.03,41400,4.99,81900,5.04,67700,4.98,206800,5.05,110800,4.97,230800,5.06,16100,4.96,435900,5.07,500,4.95,502400,5.08,29500,4.94,72600,5.09,16500,4.93,60000,5.1,12300,4.92,174200,5.11,28500,2907800,2050200,15:38:24.628
000931.SZ,000931,20260420,20260420,10:16:48.000,101648000,79,5.02,5.19,5.19,4.95,5.2,5.72,4.68,12301563,6161.233,11636,5.01,53800,5.03,65200,5.0,27400,5.04,67700,4.99,82900,5.05,110800,4.98,207800,5.06,16100,4.97,230800,5.07,500,4.96,435900,5.08,29500,4.95,502400,5.09,16500,4.94,72600,5.1,12300,4.93,60000,5.11,28500,4.92,174200,5.12,10000,2914000,2074200,15:38:24.827
000931.SZ,000931,20260420,20260420,10:16:51.000,101651000,79,5.02,5.19,5.19,4.95,5.2,5.72,4.68,12301563,6161.233,11636,5.01,53900,5.02,500,5.0,49600,5.03,65200,4.99,80900,5.04,67700,4.98,207800,5.05,110800,4.97,230800,5.06,16100,4.96,435900,5.07,500,4.95,502400,5.08,29500,4.94,72600,5.09,16500,4.93,60000,5.1,12300,4.92,174200,5.11,28500,2935300,2072700,15:38:25.188
000931.SZ,000931,20260420,20260420,10:16:54.000,101654000,79,5.02,5.19,5.19,4.95,5.2,5.72,4.68,12303663,6162.2872,11639,5.02,1000,5.03,65700,5.01,53900,5.04,67700,5.0,45900,5.05,110800,4.99,80900,5.06,16100,4.98,207800,5.07,500,4.97,230800,5.08,29500,4.96,445900,5.09,16500,4.95,502400,5.1,7300,4.94,72600,5.11,28500,4.93,60000,5.12,10000,2942600,2067700,15:38:25.491
000931.SZ,000931,20260420,20260420,10:16:57.000,101657000,79,5.03,5.19,5.19,4.95,5.2,5.72,4.68,12305763,6163.3418,11643,5.01,52800,5.03,65900,5.0,45900,5.04,67700,4.99,80900,5.05,110800,4.98,207800,5.06,16100,4.97,230800,5.07,500,4.96,445900,5.08,29500,4.95,502400,5.09,16500,4.94,72600,5.1,7300,4.93,60000,5.11,28500,4.92,174200,5.12,10000,2940500,2067900,15:38:25.642
000931.SZ,000931,20260420,20260420,10:17:00.000,101700000,79,5.02,5.19,5.19,4.95,5.2,5.72,4.68,12308063,6164.4964,11645,5.02,7800,5.03,65900,5.01,52800,5.04,67900,5.0,45900,5.05,110800,4.99,80900,5.06,16100,4.98,207800,5.07,500,4.97,230800,5.08,29500,4.96,445900,5.09,16500,4.95,502400,5.1,7300,4.94,72600,5.11,28500,4.93,60000,5.12,10000,2949300,2068100,15:38:25.876
000931.SZ,000931,20260420,20260420,10:17:03.000,101703000,79,5.03,5.19,5.19,4.95,5.2,5.72,4.68,12342263,6181.699,11675,5.02,11800,5.03,32300,5.01,49000,5.04,67900,5.0,50800,5.05,107800,4.99,80900,5.06,16100,4.98,207800,5.07,500,4.97,230800,5.08,29500,4.96,445900,5.09,16500,4.95,502400,5.1,7300,4.94,72600,5.11,28500,4.93,60000,5.12,10000,2954400,2036500,15:38:26.318
000931.SZ,000931,20260420,20260420,10:17:06.000,101706000,79,5.03,5.19,5.19,4.95,5.2,5.72,4.68,12343063,6182.1013,11677,5.02,23000,5.03,54400,5.01,49100,5.04,67900,5.0,50800,5.05,107800,4.99,80900,5.06,16100,4.98,207800,5.07,10500,4.97,214900,5.08,29500,4.96,445900,5.09,16500,4.95,502400,5.1,7300,4.94,72600,5.11,28500,4.93,60000,5.12,10000,2949800,2068600,15:38:26.534
000931.SZ,000931,20260420,20260420,10:17:09.000,101709000,79,5.03,5.19,5.19,4.95,5.2,5.72,4.68,12343063,6182.1013,11677,5.02,23000,5.03,54300,5.01,49100,5.04,67700,5.0,50800,5.05,105800,4.99,80900,5.06,16100,4.98,207800,5.07,10500,4.97,214900,5.08,29500,4.96,445900,5.09,16500,4.95,503400,5.1,7300,4.94,72600,5.11,28500,4.93,60000,5.12,10000,2951800,2066300,15:38:26.877
000931.SZ,000931,20260420,20260420,10:17:12.000,101712000,79,5.03,5.19,5.19,4.95,5.2,5.72,4.68,12344163,6182.6546,11679,5.02,25100,5.03,53200,5.01,49600,5.04,67700,5.0,50800,5.05,105800,4.99,80900,5.06,16100,4.98,207800,5.07,16500,4.97,214900,5.08,29500,4.96,445900,5.09,16500,4.95,503400,5.1,7300,4.94,72600,5.11,28500,4.93,60000,5.12,10000,2954400,2071200,15:38:27.022
000931.SZ,000931,20260420,20260420,10:17:15.000,101715000,79,5.03,5.19,5.19,4.95,5.2,5.72,4.68,12344163,6182.6546,11679,5.02,41400,5.03,53200,5.01,49600,5.04,67700,5.0,50800,5.05,105800,4.99,80900,5.06,16100,4.98,207600,5.07,16500,4.97,214900,5.08,29500,4.96,445900,5.09,16500,4.95,503400,5.1,7300,4.94,72600,5.11,28500,4.93,60000,5.12,10000,2970500,2081200,15:38:27.303
000931.SZ,000931,20260420,20260420,10:17:18.000,101718000,79,5.03,5.19,5.19,4.95,5.2,5.72,4.68,12344163,6182.6546,11679,5.02,42000,5.03,55400,5.01,49500,5.04,67700,5.0,50800,5.05,105800,4.99,80900,5.06,16100,4.98,207600,5.07,16500,4.97,214900,5.08,31200,4.96,445900,5.09,16500,4.95,503400,5.1,7300,4.94,72600,5.11,28500,4.93,60000,5.12,10000,2972000,2085100,15:38:27.687
000931.SZ,000931,20260420,20260420,10:17:21.000,101721000,79,5.03,5.19,5.19,4.95,5.2,5.72,4.68,12344163,6182.6546,11679,5.02,42100,5.03,55400,5.01,49400,5.04,67700,5.0,50800,5.05,105800,4.99,80900,5.06,21100,4.98,207600,5.07,16500,4.97,214900,5.08,31200,4.96,445900,5.09,16500,4.95,503400,5.1,7300,4.94,72600,5.11,28500,4.93,60000,5.12,10000,2972000,2090100,15:38:27.925
000931.SZ,000931,20260420,20260420,10:17:24.000,101724000,79,5.03,5.19,5.19,4.95,5.2,5.72,4.68,12347163,6184.1636,11683,5.02,42100,5.03,52400,5.01,49500,5.04,67700,5.0,50800,5.05,105800,4.99,80900,5.06,21100,4.98,207600,5.07,16500,4.97,214900,5.08,31200,4.96,445900,5.09,16500,4.95,503400,5.1,7300,4.94,72600,5.11,28500,4.93,60000,5.12,10000,2972100,2087100,15:38:28.288
000931.SZ,000931,20260420,20260420,10:17:27.000,101727000,79,5.03,5.19,5.19,4.95,5.2,5.72,4.68,12347263,6184.2139,11684,5.02,47100,5.03,52300,5.01,49500,5.04,67700,5.0,50800,5.05,105800,4.99,80300,5.06,21100,4.98,207600,5.07,16500,4.97,214900,5.08,31200,4.96,445900,5.09,16500,4.95,503400,5.1,7300,4.94,72600,5.11,28500,4.93,60000,5.12,10000,2976500,2087000,15:38:28.529
000931.SZ,000931,20260420,20260420,10:17:30.000,101730000,79,5.03,5.19,5.19,4.95,5.2,5.72,4.68,12347263,6184.2139,11684,5.02,47100,5.03,52300,5.01,49500,5.04,67700,5.0,50800,5.05,105800,4.99,80300,5.06,21100,4.98,207600,5.07,16500,4.97,214900,5.08,31200,4.96,447900,5.09,16500,4.95,503400,5.1,7300,4.94,72600,5.11,28500,4.93,60000,5.12,10000,2979500,2087000,15:38:28.670
000931.SZ,000931,20260420,20260420,10:17:33.000,101733000,79,5.03,5.19,5.19,4.95,5.2,5.72,4.68,12347263,6184.2139,11684,5.02,49500,5.03,52300,5.01,49500,5.04,67700,5.0,50800,5.05,105800,4.99,80300,5.06,21100,4.98,207600,5.07,16500,4.97,214900,5.08,31200,4.96,447900,5.09,16500,4.95,503400,5.1,7300,4.94,72600,5.11,28500,4.93,60000,5.12,10000,2986900,2087000,15:38:28.986
000931.SZ,000931,20260420,20260420,10:17:36.000,101736000,79,5.02,5.19,5.19,4.95,5.2,5.72,4.68,12352263,6186.7239,11688,5.02,45000,5.03,52600,5.01,49000,5.04,68200,5.0,52800,5.05,105800,4.99,80300,5.06,21100,4.98,207600,5.07,16500,4.97,212900,5.08,31200,4.96,447900,5.09,16500,4.95,503400,5.1,7300,4.94,72600,5.11,28500,4.93,60000,5.12,10000,2981900,2087800,15:38:29.223
000931.SZ,000931,20260420,20260420,10:17:39.000,101739000,79,5.02,5.19,5.19,4.95,5.2,5.72,4.68,12352263,6186.7239,11688,5.02,45000,5.03,52600,5.01,49000,5.04,68600,5.0,52800,5.05,105800,4.99,80300,5.06,21100,4.98,207600,5.07,16500,4.97,212900,5.08,31200,4.96,447900,5.09,16500,4.95,503400,5.1,7300,4.94,72600,5.11,28500,4.93,60000,5.12,10000,2981900,2088200,15:38:29.394
000931.SZ,000931,20260420,20260420,10:17:42.000,101742000,79,5.02,5.19,5.19,4.95,5.2,5.72,4.68,12352263,6186.7239,11688,5.02,45000,5.03,52600,5.01,49000,5.04,68600,5.0,53100,5.05,105800,4.99,80300,5.06,21100,4.98,207600,5.07,16500,4.97,212900,5.08,31200,4.96,447900,5.09,16500,4.95,503400,5.1,7300,4.94,72600,5.11,28500,4.93,60000,5.12,10000,2982200,2088200,15:38:29.701
000931.SZ,000931,20260420,20260420,10:17:45.000,101745000,79,5.02,5.19,5.19,4.95,5.2,5.72,4.68,12352263,6186.7239,11688,5.02,45100,5.03,53600,5.01,48900,5.04,68600,5.0,53100,5.05,105800,4.99,80300,5.06,21100,4.98,207600,5.07,16500,4.97,212900,5.08,31200,4.96,447900,5.09,16500,4.95,503900,5.1,7300,4.94,72600,5.11,28500,4.93,60000,5.12,10000,2982900,2088200,15:38:29.866
000931.SZ,000931,20260420,20260420,10:17:48.000,101748000,79,5.02,5.19,5.19,4.95,5.2,5.72,4.68,12352263,6186.7239,11688,5.02,45100,5.03,53600,5.01,48900,5.04,68600,5.0,53100,5.05,105800,4.99,80300,5.06,21100,4.98,207600,5.07,16500,4.97,212900,5.08,31200,4.96,447900,5.09,16500,4.95,503900,5.1,7300,4.94,72600,5.11,28500,4.93,60000,5.12,10000,2984900,2088200,15:38:30.182
000931.SZ,000931,20260420,20260420,10:17:51.000,101751000,79,5.02,5.19,5.19,4.95,5.2,5.72,4.68,12352263,6186.7239,11688,5.02,55100,5.03,53600,5.01,48900,5.04,68600,5.0,51100,5.05,105800,4.99,80300,5.06,21100,4.98,207600,5.07,16500,4.97,212900,5.08,31200,4.96,447900,5.09,16500,4.95,504400,5.1,7300,4.94,72600,5.11,28500,4.93,60000,5.12,10000,2993400,2088200,15:38:30.417
000931.SZ,000931,20260420,20260420,10:17:54.000,101754000,79,5.02,5.19,5.19,4.95,5.2,5.72,4.68,12352263,6186.7239,11688,5.02,55000,5.03,53600,5.01,48900,5.04,68600,5.0,51100,5.05,105800,4.99,80300,5.06,21100,4.98,207600,5.07,16500,4.97,212700,5.08,31200,4.96,447900,5.09,16500,4.95,504400,5.1,7300,4.94,72600,5.11,28500,4.93,60000,5.12,10000,2990100,2088200,15:38:30.668
000931.SZ,000931,20260420,20260420,10:17:57.000,101757000,79,5.02,5.19,5.19,4.95,5.2,5.72,4.68,12356363,6188.7821,11691,5.02,46100,5.03,54600,5.01,49000,5.04,68600,5.0,51100,5.05,105800,4.99,80300,5.06,21100,4.98,207600,5.07,16500,4.97,212700,5.08,31200,4.96,447900,5.09,16500,4.95,499400,5.1,7300,4.94,72600,5.11,28500,4.93,60000,5.12,10000,2976300,2089200,15:38:30.941
000931.SZ,000931,20260420,20260420,10:18:00.000,101800000,79,5.02,5.19,5.19,4.95,5.2,5.72,4.68,12362063,6191.6435,11698,5.02,40400,5.03,58000,5.01,49000,5.04,68600,5.0,51100,5.05,105800,4.99,80300,5.06,21100,4.98,207600,5.07,16500,4.97,212700,5.08,31200,4.96,447900,5.09,16500,4.95,499400,5.1,7300,4.94,72600,5.11,28500,4.93,60000,5.12,10000,2970600,2092600,15:38:31.341
000931.SZ,000931,20260420,20260420,10:18:03.000,101803000,79,5.03,5.19,5.19,4.95,5.2,5.72,4.68,12366663,6193.9573,11702,5.02,39300,5.03,57600,5.01,48900,5.04,68600,5.0,52100,5.05,105800,4.99,77800,5.06,21100,4.98,207600,5.07,16500,4.97,212700,5.08,31200,4.96,447900,5.09,16500,4.95,499400,5.1,7300,4.94,72600,5.11,28500,4.93,60000,5.12,10000,2972900,2092200,15:38:31.577
000931.SZ,000931,20260420,20260420,10:18:06.000,101806000,79,5.03,5.19,5.19,4.95,5.2,5.72,4.68,12366863,6194.0579,11703,5.02,101000,5.03,59400,5.01,49000,5.04,68600,5.0,52100,5.05,105800,4.99,77800,5.06,21100,4.98,207600,5.07,16500,4.97,212700,5.08,31200,4.96,447900,5.09,16500,4.95,498400,5.1,7300,4.94,72600,5.11,28500,4.93,60000,5.12,10000,3033700,2094000,15:38:31.868
000931.SZ,000931,20260420,20260420,10:18:09.000,101809000,79,5.03,5.19,5.19,4.95,5.2,5.72,4.68,12368663,6194.9633,11707,5.02,103200,5.03,57600,5.01,48700,5.04,68600,5.0,52100,5.05,105800,4.99,77800,5.06,21100,4.98,208600,5.07,16500,4.97,212700,5.08,31200,4.96,447900,5.09,16500,4.95,498400,5.1,7300,4.94,72600,5.11,28500,4.93,60000,5.12,10000,3036600,2092200,15:38:32.039
000931.SZ,000931,20260420,20260420,10:18:12.000,101812000,79,5.03,5.19,5.19,4.95,5.2,5.72,4.68,12369863,6195.5669,11709,5.02,103300,5.03,56400,5.01,48700,5.04,68600,5.0,52100,5.05,105800,4.99,77700,5.06,21100,4.98,208600,5.07,16500,4.97,212700,5.08,31200,4.96,447900,5.09,16500,4.95,498400,5.1,7300,4.94,72600,5.11,28500,4.93,60000,5.12,10000,3044600,2091000,15:38:32.252
000931.SZ,000931,20260420,20260420,10:18:15.000,101815000,79,5.03,5.19,5.19,4.95,5.2,5.72,4.68,12372163,6196.7238,11712,5.02,103300,5.03,54100,5.01,48600,5.04,68600,5.0,52100,5.05,105800,4.99,77700,5.06,21100,4.98,209100,5.07,16500,4.97,212700,5.08,31200,4.96,447900,5.09,11500,4.95,498400,5.1,7300,4.94,72600,5.11,28500,4.93,60000,5.12,10000,3045000,2083700,15:38:32.555
000931.SZ,000931,20260420,20260420,10:18:18.000,101818000,79,5.03,5.19,5.19,4.95,5.2,5.72,4.68,12425263,6223.4331,11749,5.03,80400,5.04,68600,5.02,135100,5.05,105800,5.01,15000,5.06,21100,5.0,51100,5.07,16500,4.99,77700,5.08,31200,4.98,209100,5.09,11500,4.97,212700,5.1,7300,4.96,447900,5.11,28500,4.95,498400,5.12,10000,4.94,72600,5.13,36700,3122600,2029600,15:38:32.823
000931.SZ,000931,20260420,20260420,10:18:21.000,101821000,79,5.04,5.19,5.19,4.95,5.2,5.72,4.68,12426463,6224.0379,11752,5.03,89700,5.04,71800,5.02,125900,5.05,105800,5.01,14800,5.06,21100,5.0,43100,5.07,16500,4.99,77700,5.08,31200,4.98,209100,5.09,11500,4.97,212700,5.1,7300,4.96,447900,5.11,28500,4.95,498400,5.12,10000,4.94,72600,5.13,36700,3114500,2032800,15:38:33.025
000931.SZ,000931,20260420,20260420,10:18:24.000,101824000,79,5.04,5.19,5.19,4.95,5.2,5.72,4.68,12428063,6224.8443,11756,5.03,93900,5.04,70200,5.02,125900,5.05,105800,5.01,14800,5.06,21100,5.0,44100,5.07,16500,4.99,77700,5.08,31200,4.98,205500,5.09,11500,4.97,212700,5.1,7300,4.96,447900,5.11,28500,4.95,349400,5.12,10000,4.94,72600,5.13,36700,2967100,2031400,15:38:33.330
000931.SZ,000931,20260420,20260420,10:18:27.000,101827000,79,5.04,5.19,5.19,4.95,5.2,5.72,4.68,12428063,6224.8443,11756,5.03,97700,5.04,72600,5.02,125900,5.05,105800,5.01,14800,5.06,21100,5.0,192200,5.07,16500,4.99,77700,5.08,31200,4.98,205500,5.09,11500,4.97,212700,5.1,7300,4.96,447900,5.11,28500,4.95,349400,5.12,10000,4.94,72600,5.13,36700,3119000,2033800,15:38:33.513
000931.SZ,000931,20260420,20260420,10:18:30.000,101830000,79,5.04,5.19,5.19,4.95,5.2,5.72,4.68,12514663,6268.501,11782,5.04,8100,5.05,95500,5.03,174100,5.06,21100,5.02,113900,5.07,16500,5.01,14800,5.08,31200,5.0,192200,5.09,11500,4.99,77700,5.1,7300,4.98,205500,5.11,28500,4.97,212700,5.12,10000,4.96,447900,5.13,36700,4.95,348400,5.14,25800,3190500,1950900,15:38:33.698
000931.SZ,000931,20260420,20260420,10:18:33.000,101833000,79,5.05,5.19,5.19,4.95,5.2,5.72,4.68,12515663,6269.006,11783,5.04,17100,5.05,94500,5.03,170000,5.06,21100,5.02,103900,5.07,16500,5.01,10500,5.08,31200,5.0,192200,5.09,11500,4.99,77700,5.1,7300,4.98,205500,5.11,28500,4.97,212700,5.12,10000,4.96,447900,5.13,36700,4.95,348400,5.14,25800,3181100,1949900,15:38:33.942
000931.SZ,000931,20260420,20260420,10:18:36.000,101836000,79,5.05,5.19,5.19,4.95,5.2,5.72,4.68,12516263,6269.309,11784,5.04,21000,5.05,93900,5.03,169800,5.06,21100,5.02,103900,5.07,16500,5.01,10500,5.08,31200,5.0,192200,5.09,11500,4.99,77700,5.1,7300,4.98,205500,5.11,28500,4.97,212700,5.12,10000,4.96,447900,5.13,36700,4.95,348400,5.14,25800,3184800,1949300,15:38:34.161
000931.SZ,000931,20260420,20260420,10:18:42.000,101842000,79,5.05,5.19,5.19,4.95,5.2,5.72,4.68,12516263,6269.309,11784,5.04,21000,5.05,93900,5.03,169800,5.06,21100,5.02,103900,5.07,16500,5.01,10500,5.08,31200,5.0,192200,5.09,11500,4.99,77700,5.1,7300,4.98,205500,5.11,28500,4.97,212700,5.12,10000,4.96,447900,5.13,36700,4.95,348400,5.14,25800,3184800,1950300,15:38:34.570
000931.SZ,000931,20260420,20260420,10:18:45.000,101845000,79,5.04,5.19,5.19,4.95,5.2,5.72,4.68,12524663,6273.5506,11789,5.04,20600,5.05,85900,5.03,169800,5.06,21100,5.02,103900,5.07,16500,5.01,10500,5.08,31200,5.0,194200,5.09,11500,4.99,77700,5.1,7300,4.98,205500,5.11,28500,4.97,212700,5.12,10000,4.96,449900,5.13,36700,4.95,348400,5.14,25800,3187500,1942300,15:38:34.834
000931.SZ,000931,20260420,20260420,10:18:48.000,101848000,79,5.05,5.19,5.19,4.95,5.2,5.72,4.68,12526663,6274.5606,11790,5.04,28000,5.05,83900,5.03,169800,5.06,21100,5.02,102600,5.07,16500,5.01,32300,5.08,31200,5.0,194200,5.09,11500,4.99,77700,5.1,7300,4.98,205500,5.11,28500,4.97,179900,5.12,10000,4.96,449900,5.13,36700,4.95,348400,5.14,25800,3182600,1941300,15:38:34.936
000931.SZ,000931,20260420,20260420,10:18:51.000,101851000,79,5.04,5.19,5.19,4.95,5.2,5.72,4.68,12559763,6291.244,11823,5.03,169800,5.04,17900,5.02,102600,5.05,83900,5.01,32300,5.06,22100,5.0,194200,5.07,16500,4.99,77700,5.08,31200,4.98,205500,5.09,11500,4.97,179900,5.1,7300,4.96,449900,5.11,28500,4.95,348400,5.12,10000,4.94,71700,5.13,36700,3154600,1960200,15:38:35.249
000931.SZ,000931,20260420,20260420,10:18:54.000,101854000,79,5.04,5.19,5.19,4.95,5.2,5.72,4.68,12562363,6292.5544,11827,5.03,169900,5.04,15300,5.02,102600,5.05,85400,5.01,47000,5.06,22100,5.0,194200,5.07,16500,4.99,77700,5.08,31200,4.98,205500,5.09,11500,4.97,179900,5.1,7300,4.96,449900,5.11,28500,4.95,348400,5.12,10000,4.94,71700,5.13,36700,3169400,1959100,15:38:35.434
000931.SZ,000931,20260420,20260420,10:18:57.000,101857000,79,5.04,5.19,5.19,4.95,5.2,5.72,4.68,12562663,6292.7056,11829,5.03,161000,5.04,16100,5.02,102500,5.05,85400,5.01,47000,5.06,22100,5.0,194200,5.07,16500,4.99,77700,5.08,31200,4.98,205200,5.09,11500,4.97,179900,5.1,7300,4.96,449900,5.11,28500,4.95,352400,5.12,10000,4.94,71700,5.13,36700,3164100,1959900,15:38:35.622
000931.SZ,000931,20260420,20260420,10:19:00.000,101900000,79,5.04,5.19,5.19,4.95,5.2,5.72,4.68,12563663,6293.2096,11830,5.03,161000,5.04,18800,5.02,102500,5.05,85400,5.01,47000,5.06,22100,5.0,194200,5.07,16500,4.99,77700,5.08,31200,4.98,205200,5.09,11500,4.97,179900,5.1,7300,4.96,449900,5.11,28500,4.95,352400,5.12,10000,4.94,71700,5.13,36700,3164100,1962600,15:38:35.868
000931.SZ,000931,20260420,20260420,10:19:03.000,101903000,79,5.04,5.19,5.19,4.95,5.2,5.72,4.68,12567663,6295.2256,11833,5.03,161000,5.04,15000,5.02,102500,5.05,86400,5.01,47000,5.06,22400,5.0,194200,5.07,16500,4.99,77700,5.08,31200,4.98,205200,5.09,11500,4.97,179900,5.1,7300,4.96,449900,5.11,28500,4.95,353300,5.12,10000,4.94,71700,5.13,36700,3165000,1960100,15:38:36.297
000931.SZ,000931,20260420,20260420,10:19:06.000,101906000,79,5.04,5.19,5.19,4.95,5.2,5.72,4.68,12568563,6295.6792,11838,5.03,160800,5.04,19100,5.02,102500,5.05,86400,5.01,47400,5.06,22400,5.0,194200,5.07,16500,4.99,110400,5.08,31200,4.98,205200,5.09,11500,4.97,179900,5.1,7300,4.96,449900,5.11,28500,4.95,354300,5.12,10000,4.94,71700,5.13,36700,3198900,1964200,15:38:36.480
000931.SZ,000931,20260420,20260420,10:19:09.000,101909000,79,5.04,5.19,5.19,4.95,5.2,5.72,4.68,12570263,6296.536,11841,5.03,160800,5.04,22500,5.02,102500,5.05,86400,5.01,47400,5.06,22400,5.0,194700,5.07,16500,4.99,110400,5.08,31200,4.98,205200,5.09,11500,4.97,179900,5.1,7300,4.96,449900,5.11,28500,4.95,354300,5.12,10000,4.94,71700,5.13,36700,3198400,1967600,15:38:36.748
000931.SZ,000931,20260420,20260420,10:19:12.000,101912000,79,5.04,5.19,5.19,4.95,5.2,5.72,4.68,12579863,6301.3744,11845,5.03,160800,5.04,12900,5.02,102500,5.05,87400,5.01,47400,5.06,22400,5.0,194700,5.07,16500,4.99,110400,5.08,31200,4.98,205200,5.09,11500,4.97,179900,5.1,7300,4.96,449900,5.11,28500,4.95,354300,5.12,10000,4.94,71700,5.13,36700,3198400,1959000,15:38:37.059
000931.SZ,000931,20260420,20260420,10:19:15.000,101915000,79,5.03,5.19,5.19,4.95,5.2,5.72,4.68,12580363,6301.6259,11846,5.03,160800,5.04,12900,5.02,102500,5.05,87400,5.01,47400,5.06,22400,5.0,194700,5.07,16500,4.99,110400,5.08,28200,4.98,205200,5.09,11500,4.97,179900,5.1,7300,4.96,449900,5.11,28500,4.95,354300,5.12,10000,4.94,71700,5.13,36700,3198400,1956000,15:38:37.215
000931.SZ,000931,20260420,20260420,10:19:18.000,101918000,79,5.04,5.19,5.19,4.95,5.2,5.72,4.68,12586663,6304.8011,11854,5.03,163200,5.04,6600,5.02,102500,5.05,87400,5.01,47400,5.06,24900,5.0,194700,5.07,16500,4.99,110400,5.08,28200,4.98,205200,5.09,11500,4.97,179900,5.1,7300,4.96,449900,5.11,28500,4.95,354300,5.12,10000,4.94,71700,5.13,36700,3200800,1952200,15:38:37.507
000931.SZ,000931,20260420,20260420,10:19:21.000,101921000,79,5.04,5.19,5.19,4.95,5.2,5.72,4.68,12586663,6304.8011,11854,5.03,163300,5.04,11700,5.02,102500,5.05,87400,5.01,47400,5.06,24900,5.0,194700,5.07,16500,4.99,110400,5.08,28200,4.98,205200,5.09,11500,4.97,179900,5.1,7300,4.96,449900,5.11,28500,4.95,354300,5.12,10000,4.94,71700,5.13,36700,3200900,1957300,15:38:37.640
000931.SZ,000931,20260420,20260420,10:19:24.000,101924000,79,5.04,5.19,5.19,4.95,5.2,5.72,4.68,12596563,6309.7907,11863,5.03,163300,5.04,4900,5.02,102700,5.05,87400,5.01,47400,5.06,24900,5.0,194700,5.07,16500,4.99,110400,5.08,28200,4.98,205200,5.09,11500,4.97,179900,5.1,7300,4.96,499900,5.11,28500,4.95,354300,5.12,10000,4.94,71700,5.13,36700,3251100,1950500,15:38:37.993
000931.SZ,000931,20260420,20260420,10:19:27.000,101927000,79,5.04,5.19,5.19,4.95,5.2,5.72,4.68,12596563,6309.7907,11863,5.03,162800,5.04,4900,5.02,102700,5.05,87400,5.01,47400,5.06,24900,5.0,194700,5.07,16500,4.99,110400,5.08,28200,4.98,205200,5.09,11500,4.97,179900,5.1,7300,4.96,499900,5.11,28500,4.95,354300,5.12,10000,4.94,71700,5.13,36700,3250600,1950500,15:38:38.294
000931.SZ,000931,20260420,20260420,10:19:30.000,101930000,79,5.04,5.19,5.19,4.95,5.2,5.72,4.68,12596663,6309.8411,11864,5.03,162800,5.04,4800,5.02,102700,5.05,87400,5.01,47400,5.06,24900,5.0,194700,5.07,16500,4.99,110400,5.08,28200,4.98,205200,5.09,11500,4.97,179900,5.1,7300,4.96,499900,5.11,28500,4.95,354300,5.12,10000,4.94,71700,5.13,36700,3250600,1950400,15:38:38.406
000931.SZ,000931,20260420,20260420,10:19:33.000,101933000,79,5.04,5.19,5.19,4.95,5.2,5.72,4.68,12598363,6310.6979,11866,5.03,162800,5.04,3100,5.02,102700,5.05,87400,5.01,47400,5.06,24900,5.0,194700,5.07,16500,4.99,110400,5.08,28200,4.98,205200,5.09,11500,4.97,179100,5.1,7300,4.96,497700,5.11,28500,4.95,354300,5.12,10000,4.94,71500,5.13,36700,3247400,1948700,15:38:38.711
000931.SZ,000931,20260420,20260420,10:19:36.000,101936000,79,5.04,5.19,5.19,4.95,5.2,5.72,4.68,12598363,6310.6979,11866,5.03,162800,5.04,3100,5.02,102700,5.05,87400,5.01,47400,5.06,24900,5.0,194700,5.07,16500,4.99,110400,5.08,28200,4.98,205200,5.09,11500,4.97,178400,5.1,7300,4.96,497700,5.11,28500,4.95,354300,5.12,10000,4.94,71500,5.13,36700,3245700,1948700,15:38:39.119
000931.SZ,000931,20260420,20260420,10:19:39.000,101939000,79,5.03,5.19,5.19,4.95,5.2,5.72,4.68,12598463,6310.7482,11867,5.03,165700,5.04,3100,5.02,102700,5.05,87400,5.01,47400,5.06,24900,5.0,194700,5.07,16500,4.99,110400,5.08,28200,4.98,205200,5.09,11500,4.97,178400,5.1,7300,4.96,497700,5.11,28500,4.95,354300,5.12,10000,4.94,71500,5.13,36700,3248600,1948700,15:38:39.339
000931.SZ,000931,20260420,20260420,10:19:42.000,101942000,79,5.04,5.19,5.19,4.95,5.2,5.72,4.68,12601763,6312.4114,11873,5.04,4500,5.05,87700,5.03,165700,5.06,19900,5.02,102700,5.07,16500,5.01,47400,5.08,28200,5.0,194700,5.09,11500,4.99,110400,5.1,7300,4.98,204700,5.11,28500,4.97,178400,5.12,10000,4.96,497700,5.13,36700,4.95,353100,5.14,25800,3251400,1940900,15:38:39.590
000931.SZ,000931,20260420,20260420,10:19:45.000,101945000,79,5.04,5.19,5.19,4.95,5.2,5.72,4.68,12602863,6312.9658,11875,5.04,5400,5.05,89800,5.03,165600,5.06,19900,5.02,102700,5.07,16500,5.01,47400,5.08,28200,5.0,194700,5.09,11500,4.99,110400,5.1,7300,4.98,204700,5.11,30500,4.97,178400,5.12,10000,4.96,497700,5.13,36700,4.95,353100,5.14,25800,3252200,1935000,15:38:39.806
000931.SZ,000931,20260420,20260420,10:19:48.000,101948000,79,5.04,5.19,5.19,4.95,5.2,5.72,4.68,12602863,6312.9658,11875,5.04,10500,5.05,89800,5.03,185600,5.06,19900,5.02,102700,5.07,16500,5.01,47400,5.08,28200,5.0,194700,5.09,11500,4.99,110400,5.1,7300,4.98,204700,5.11,30500,4.97,178400,5.12,10000,4.96,497700,5.13,36700,4.95,353100,5.14,25800,3277300,1935000,15:38:40.144
000931.SZ,000931,20260420,20260420,10:19:51.000,101951000,79,5.04,5.19,5.19,4.95,5.2,5.72,4.68,12602863,6312.9658,11875,5.04,11400,5.05,94800,5.03,185600,5.06,19900,5.02,102700,5.07,16500,5.01,47400,5.08,28200,5.0,194700,5.09,11500,4.99,111400,5.1,7300,4.98,204700,5.11,30500,4.97,178400,5.12,10000,4.96,547700,5.13,36700,4.95,353100,5.14,25800,3329200,1942000,15:38:40.515
000931.SZ,000931,20260420,20260420,10:19:54.000,101954000,79,5.04,5.19,5.19,4.95,5.2,5.72,4.68,12602863,6312.9658,11875,5.04,28200,5.05,94800,5.03,185600,5.06,19900,5.02,102700,5.07,16500,5.01,47400,5.08,28200,5.0,194700,5.09,11500,4.99,129500,5.1,7300,4.98,204700,5.11,30500,4.97,168400,5.12,10000,4.96,546700,5.13,36700,4.95,353100,5.14,25800,3353100,1942000,15:38:40.604
000931.SZ,000931,20260420,20260420,10:19:57.000,101957000,79,5.05,5.19,5.19,4.95,5.2,5.72,4.68,12604863,6313.9758,11876,5.04,28700,5.05,92800,5.03,185600,5.06,19900,5.02,102700,5.07,16500,5.01,47400,5.08,28200,5.0,194700,5.09,11500,4.99,129500,5.1,7300,4.98,204700,5.11,30500,4.97,168400,5.12,10000,4.96,546700,5.13,36700,4.95,353100,5.14,25800,3353600,1940000,15:38:40.881
000931.SZ,000931,20260420,20260420,10:20:03.000,102003000,79,5.05,5.19,5.19,4.95,5.2,5.72,4.68,12604963,6314.0263,11877,5.04,28800,5.05,96800,5.03,185600,5.06,19900,5.02,102700,5.07,16500,5.01,47400,5.08,28200,5.0,194700,5.09,11500,4.99,129500,5.1,7300,4.98,204700,5.11,30500,4.97,168400,5.12,10000,4.96,546700,5.13,36700,4.95,353100,5.14,25800,3353700,1944000,15:38:41.481
000931.SZ,000931,20260420,20260420,10:20:06.000,102006000,79,5.05,5.19,5.19,4.95,5.2,5.72,4.68,12605463,6314.2788,11882,5.04,28900,5.05,96300,5.03,185600,5.06,19900,5.02,102700,5.07,16500,5.01,47400,5.08,26500,5.0,194700,5.09,11500,4.99,129500,5.1,7300,4.98,204700,5.11,30500,4.97,168400,5.12,10000,4.96,546700,5.13,36700,4.95,353100,5.14,25800,3353800,1941800,15:38:41.697
000931.SZ,000931,20260420,20260420,10:20:09.000,102009000,79,5.05,5.19,5.19,4.95,5.2,5.72,4.68,12605663,6314.3798,11883,5.04,30700,5.05,96000,5.03,185600,5.06,19900,5.02,102700,5.07,16500,5.01,47400,5.08,26500,5.0,195200,5.09,11500,4.99,129500,5.1,7300,4.98,204700,5.11,30500,4.97,168400,5.12,10000,4.96,546700,5.13,36700,4.95,353100,5.14,25800,3356100,1941500,15:38:41.934
000931.SZ,000931,20260420,20260420,10:20:12.000,102012000,79,5.05,5.19,5.19,4.95,5.2,5.72,4.68,12605663,6314.3798,11883,5.04,24000,5.05,96100,5.03,185600,5.06,19900,5.02,102700,5.07,16500,5.01,47400,5.08,26500,5.0,195200,5.09,11500,4.99,129500,5.1,7300,4.98,204700,5.11,30500,4.97,168400,5.12,10000,4.96,546700,5.13,36700,4.95,353100,5.14,25800,3349400,1941600,15:38:42.144
000931.SZ,000931,20260420,20260420,10:20:15.000,102015000,79,5.04,5.19,5.19,4.95,5.2,5.72,4.68,12617463,6320.3308,11889,5.04,27300,5.05,93100,5.03,185600,5.06,19900,5.02,102700,5.07,16500,5.01,47400,5.08,26500,5.0,195200,5.09,11500,4.99,129500,5.1,7300,4.98,204700,5.11,30500,4.97,168400,5.12,10000,4.96,546700,5.13,36700,4.95,353100,5.14,25800,3353700,1936600,15:38:42.384
000931.SZ,000931,20260420,20260420,10:20:18.000,102018000,79,5.04,5.19,5.19,4.95,5.2,5.72,4.68,12617463,6320.3308,11889,5.04,39200,5.05,96700,5.03,185600,5.06,19900,5.02,102700,5.07,16500,5.01,47400,5.08,26500,5.0,195200,5.09,11500,4.99,129500,5.1,7300,4.98,203700,5.11,30500,4.97,168400,5.12,10000,4.96,546700,5.13,36700,4.95,353100,5.14,25800,3364600,1940200,15:38:42.707
000931.SZ,000931,20260420,20260420,10:20:21.000,102021000,79,5.05,5.19,5.19,4.95,5.2,5.72,4.68,12617763,6320.4821,11891,5.04,42500,5.05,98500,5.03,185600,5.06,19900,5.02,102700,5.07,16500,5.01,47400,5.08,26500,5.0,195200,5.09,11500,4.99,129500,5.1,7300,4.98,200800,5.11,30500,4.97,168400,5.12,10000,4.96,546700,5.13,36700,4.95,353100,5.14,25800,3365000,1942000,15:38:43.004
000931.SZ,000931,20260420,20260420,10:20:24.000,102024000,79,5.05,5.19,5.19,4.95,5.2,5.72,4.68,12617763,6320.4821,11891,5.04,42500,5.05,98500,5.03,185600,5.06,19900,5.02,102700,5.07,16500,5.01,47400,5.08,26500,5.0,195200,5.09,11500,4.99,129500,5.1,8300,4.98,200800,5.11,30500,4.97,167900,5.12,10000,4.96,546700,5.13,36700,4.95,353100,5.14,25800,3364500,1943000,15:38:43.306
000931.SZ,000931,20260420,20260420,10:20:27.000,102027000,79,5.05,5.19,5.19,4.95,5.2,5.72,4.68,12617763,6320.4821,11891,5.04,42500,5.05,99100,5.03,186300,5.06,19900,5.02,102700,5.07,16500,5.01,47400,5.08,26500,5.0,195700,5.09,11500,4.99,129500,5.1,8300,4.98,200800,5.11,30500,4.97,167900,5.12,10000,4.96,546700,5.13,36700,4.95,353100,5.14,25800,3365700,1945600,15:38:43.332
000931.SZ,000931,20260420,20260420,10:20:30.000,102030000,79,5.05,5.19,5.19,4.95,5.2,5.72,4.68,12619763,6321.4921,11892,5.04,42500,5.05,97800,5.03,186300,5.06,19900,5.02,102700,5.07,16500,5.01,47400,5.08,26500,5.0,195700,5.09,11500,4.99,129500,5.1,8300,4.98,200800,5.11,30500,4.97,167900,5.12,10000,4.96,546700,5.13,36700,4.95,353100,5.14,25800,3365700,1944300,15:38:43.691
000931.SZ,000931,20260420,20260420,10:20:33.000,102033000,79,5.04,5.19,5.19,4.95,5.2,5.72,4.68,12621863,6322.5505,11893,5.04,40400,5.05,98400,5.03,186300,5.06,19900,5.02,102700,5.07,16500,5.01,47400,5.08,26500,5.0,195400,5.09,11500,4.99,129500,5.1,8300,4.98,200800,5.11,30500,4.97,167900,5.12,10000,4.96,546700,5.13,36700,4.95,353100,5.14,25800,3363300,1945900,15:38:43.849
000931.SZ,000931,20260420,20260420,10:20:36.000,102036000,79,5.04,5.19,5.19,4.95,5.2,5.72,4.68,12623063,6323.1553,11896,5.04,53100,5.05,98400,5.03,186300,5.06,19900,5.02,102700,5.07,16500,5.01,47400,5.08,29500,5.0,195400,5.09,11500,4.99,129500,5.1,8300,4.98,200800,5.11,30500,4.97,167900,5.12,10000,4.96,546700,5.13,36700,4.95,353100,5.14,25800,3376000,1948900,15:38:44.127
000931.SZ,000931,20260420,20260420,10:20:39.000,102039000,79,5.04,5.19,5.19,4.95,5.2,5.72,4.68,12623063,6323.1553,11896,5.04,53100,5.05,98400,5.03,186300,5.06,19900,5.02,102700,5.07,16500,5.01,47400,5.08,29500,5.0,195400,5.09,11500,4.99,129500,5.1,8300,4.98,190500,5.11,30500,4.97,167900,5.12,10000,4.96,546700,5.13,36700,4.95,353100,5.14,25800,3365700,1948900,15:38:44.324
000931.SZ,000931,20260420,20260420,10:20:42.000,102042000,79,5.04,5.19,5.19,4.95,5.2,5.72,4.68,12623063,6323.1553,11896,5.04,61000,5.05,98400,5.03,186300,5.06,35800,5.02,102700,5.07,16500,5.01,47400,5.08,29500,5.0,195400,5.09,11500,4.99,129500,5.1,8300,4.98,190500,5.11,30500,4.97,167900,5.12,10000,4.96,546700,5.13,36700,4.95,353100,5.14,25800,3373600,1964800,15:38:44.631
000931.SZ,000931,20260420,20260420,10:20:45.000,102045000,79,5.04,5.19,5.19,4.95,5.2,5.72,4.68,12623063,6323.1553,11896,5.04,61000,5.05,98400,5.03,186300,5.06,35800,5.02,102700,5.07,16500,5.01,47400,5.08,29500,5.0,195700,5.09,11500,4.99,129500,5.1,8300,4.98,190500,5.11,30500,4.97,167900,5.12,10000,4.96,546700,5.13,36700,4.95,353100,5.14,25800,3373900,1964800,15:38:44.856
000931.SZ,000931,20260420,20260420,10:20:48.000,102048000,79,5.04,5.19,5.19,4.95,5.2,5.72,4.68,12623063,6323.1553,11896,5.04,71000,5.05,100800,5.03,186100,5.06,35800,5.02,102700,5.07,16500,5.01,47400,5.08,29500,5.0,195700,5.09,11500,4.99,129500,5.1,8300,4.98,190500,5.11,30500,4.97,167900,5.12,10000,4.96,546700,5.13,36700,4.95,353100,5.14,25800,3383700,1967200,15:38:45.100
000931.SZ,000931,20260420,20260420,10:20:51.000,102051000,79,5.04,5.19,5.19,4.95,5.2,5.72,4.68,12623063,6323.1553,11896,5.04,71000,5.05,100800,5.03,186100,5.06,47800,5.02,102400,5.07,16500,5.01,48700,5.08,29500,5.0,195700,5.09,11500,4.99,129500,5.1,8300,4.98,190500,5.11,30500,4.97,167900,5.12,10000,4.96,546700,5.13,36700,4.95,353100,5.14,25800,3384700,1980200,15:38:45.137
000931.SZ,000931,20260420,20260420,10:20:54.000,102054000,79,5.04,5.19,5.19,4.95,5.2,5.72,4.68,12623063,6323.1553,11896,5.04,79300,5.05,103600,5.03,186100,5.06,47800,5.02,102400,5.07,16500,5.01,48700,5.08,29500,5.0,195700,5.09,11500,4.99,129500,5.1,8300,4.98,190500,5.11,30500,4.97,162900,5.12,10000,4.96,546700,5.13,36700,4.95,353100,5.14,25800,3392000,1983000,15:38:45.272
000931.SZ,000931,20260420,20260420,10:20:57.000,102057000,79,5.04,5.19,5.19,4.95,5.2,5.72,4.68,12677863,6350.7745,11921,5.04,35000,5.05,103600,5.03,186100,5.06,47800,5.02,102400,5.07,16500,5.01,48700,5.08,29500,5.0,195700,5.09,11500,4.99,129500,5.1,8300,4.98,190500,5.11,30500,4.97,162900,5.12,10000,4.96,546700,5.13,36700,4.95,353100,5.14,25800,3347700,1983000,15:38:45.367
000931.SZ,000931,20260420,20260420,10:21:00.000,102100000,79,5.04,5.19,5.19,4.95,5.2,5.72,4.68,12684363,6354.0505,11923,5.04,28700,5.05,103600,5.03,186100,5.06,47800,5.02,102400,5.07,16500,5.01,48700,5.08,29500,5.0,195700,5.09,11500,4.99,129500,5.1,8300,4.98,190500,5.11,30500,4.97,162900,5.12,10000,4.96,546700,5.13,36700,4.95,353100,5.14,25800,3341400,1983000,15:38:45.640
000931.SZ,000931,20260420,20260420,10:21:03.000,102103000,79,5.04,5.19,5.19,4.95,5.2,5.72,4.68,12684363,6354.0505,11923,5.04,28700,5.05,104200,5.03,188100,5.06,47800,5.02,102400,5.07,16500,5.01,48700,5.08,29500,5.0,228200,5.09,11500,4.99,129500,5.1,8300,4.98,190500,5.11,30500,4.97,162900,5.12,10000,4.96,546700,5.13,36700,4.95,353200,5.14,25800,3376000,1983600,15:38:45.954
000931.SZ,000931,20260420,20260420,10:21:06.000,102106000,79,5.05,5.19,5.19,4.95,5.2,5.72,4.68,12687463,6355.613,11925,5.04,25700,5.05,104600,5.03,188100,5.06,47800,5.02,102400,5.07,16500,5.01,48700,5.08,32500,5.0,228200,5.09,11500,4.99,129500,5.1,8300,4.98,190500,5.11,30500,4.97,162900,5.12,10000,4.96,546700,5.13,36700,4.95,353200,5.14,25800,3373000,1987000,15:38:46.376
000931.SZ,000931,20260420,20260420,10:21:09.000,102109000,79,5.05,5.19,5.19,4.95,5.2,5.72,4.68,12687463,6355.613,11925,5.04,26900,5.05,105000,5.03,189800,5.06,47800,5.02,102400,5.07,10500,5.01,48700,5.08,32500,5.0,228200,5.09,11500,4.99,129500,5.1,8300,4.98,190500,5.11,30500,4.97,162900,5.12,10000,4.96,546700,5.13,36700,4.95,353200,5.14,25800,3375900,1981400,15:38:46.515
000931.SZ,000931,20260420,20260420,10:21:12.000,102112000,79,5.05,5.19,5.19,4.95,5.2,5.72,4.68,12687463,6355.613,11925,5.04,40400,5.05,105000,5.03,189800,5.06,47800,5.02,102400,5.07,18600,5.01,48700,5.08,32500,5.0,228200,5.09,11500,4.99,129500,5.1,10300,4.98,190500,5.11,30500,4.97,162900,5.12,10000,4.96,546700,5.13,36700,4.95,353200,5.14,25800,3389400,1991500,15:38:46.793
000931.SZ,000931,20260420,20260420,10:21:15.000,102115000,79,5.05,5.19,5.19,4.95,5.2,5.72,4.68,12687463,6355.613,11925,5.04,40400,5.05,111000,5.03,189800,5.06,47800,5.02,102400,5.07,18600,5.01,48700,5.08,32500,5.0,228200,5.09,11500,4.99,129500,5.1,10300,4.98,191500,5.11,30500,4.97,162900,5.12,10000,4.96,546700,5.13,36700,4.95,353200,5.14,25800,3390400,1997500,15:38:46.944
000931.SZ,000931,20260420,20260420,10:21:24.000,102124000,79,5.05,5.19,5.19,4.95,5.2,5.72,4.68,12687463,6355.613,11925,5.04,40900,5.05,113700,5.03,189800,5.06,47800,5.02,102400,5.07,18600,5.01,48700,5.08,32500,5.0,228200,5.09,11500,4.99,129500,5.1,10300,4.98,191500,5.11,30500,4.97,162900,5.12,10000,4.96,546700,5.13,36700,4.95,353200,5.14,25400,3390900,1997800,15:38:47.657
000931.SZ,000931,20260420,20260420,10:21:27.000,102127000,79,5.05,5.19,5.19,4.95,5.2,5.72,4.68,12687963,6355.8655,11926,5.04,40900,5.05,113200,5.03,189800,5.06,47800,5.02,102400,5.07,18600,5.01,48700,5.08,32500,5.0,228200,5.09,11500,4.99,129500,5.1,10300,4.98,193000,5.11,30500,4.97,162900,5.12,10000,4.96,546700,5.13,36700,4.95,353200,5.14,25400,3392400,1997300,15:38:47.919
000931.SZ,000931,20260420,20260420,10:21:30.000,102130000,79,5.04,5.19,5.19,4.95,5.2,5.72,4.68,12724163,6374.1103,11936,5.04,17100,5.05,113200,5.03,189800,5.06,47800,5.02,102400,5.07,18600,5.01,48700,5.08,32500,5.0,228200,5.09,11500,4.99,129500,5.1,10300,4.98,192600,5.11,30500,4.97,162900,5.12,10000,4.96,546700,5.13,36700,4.95,353200,5.14,25400,3368200,1997300,15:38:48.150
000931.SZ,000931,20260420,20260420,10:21:33.000,102133000,79,5.04,5.19,5.19,4.95,5.2,5.72,4.68,12726163,6375.1183,11937,5.04,15400,5.05,113200,5.03,189800,5.06,47800,5.02,102400,5.07,18600,5.01,48700,5.08,32500,5.0,228200,5.09,11500,4.99,129500,5.1,10300,4.98,192600,5.11,30500,4.97,162900,5.12,10000,4.96,546700,5.13,36700,4.95,353200,5.14,25400,3366500,1997700,15:38:48.420
000931.SZ,000931,20260420,20260420,10:21:36.000,102136000,79,5.04,5.19,5.19,4.95,5.2,5.72,4.68,12726163,6375.1183,11937,5.04,15400,5.05,113200,5.03,194800,5.06,47800,5.02,102400,5.07,18600,5.01,48700,5.08,32500,5.0,228200,5.09,11500,4.99,129500,5.1,10300,4.98,192600,5.11,30500,4.97,162900,5.12,10000,4.96,546700,5.13,36700,4.95,353200,5.14,25400,3371500,1997700,15:38:48.578
000931.SZ,000931,20260420,20260420,10:21:39.000,102139000,79,5.04,5.19,5.19,4.95,5.2,5.72,4.68,12728163,6376.1274,11939,5.04,14500,5.05,113900,5.03,194800,5.06,47800,5.02,102400,5.07,18600,5.01,48700,5.08,32500,5.0,228200,5.09,11500,4.99,129500,5.1,10300,4.98,192600,5.11,30500,4.97,162900,5.12,10000,4.96,542600,5.13,36700,4.95,353200,5.14,25400,3366500,1998400,15:38:48.813
000931.SZ,000931,20260420,20260420,10:21:42.000,102142000,79,5.04,5.19,5.19,4.95,5.2,5.72,4.68,12728163,6376.1274,11939,5.04,16500,5.05,113900,5.03,194800,5.06,47800,5.02,102400,5.07,18600,5.01,48700,5.08,32500,5.0,228200,5.09,11500,4.99,129500,5.1,10300,4.98,192600,5.11,30500,4.97,162900,5.12,10000,4.96,542600,5.13,36700,4.95,353200,5.14,25400,3368500,1998400,15:38:49.075
000931.SZ,000931,20260420,20260420,10:21:48.000,102148000,79,5.04,5.19,5.19,4.95,5.2,5.72,4.68,12728163,6376.1274,11939,5.04,21100,5.05,113900,5.03,194800,5.06,47800,5.02,102400,5.07,18600,5.01,48700,5.08,32500,5.0,228200,5.09,11500,4.99,129500,5.1,10300,4.98,192600,5.11,30500,4.97,162900,5.12,10000,4.96,542600,5.13,36700,4.95,353200,5.14,25400,3373100,1998400,15:38:49.594
000931.SZ,000931,20260420,20260420,10:21:51.000,102151000,79,5.04,5.19,5.19,4.95,5.2,5.72,4.68,12733063,6378.597,11942,5.04,21200,5.05,118300,5.03,194800,5.06,47800,5.02,102400,5.07,18600,5.01,48700,5.08,32500,5.0,228200,5.09,12500,4.99,129500,5.1,10300,4.98,192600,5.11,30500,4.97,162900,5.12,10000,4.96,542600,5.13,36700,4.95,353200,5.14,25400,3373200,2003800,15:38:49.782
000931.SZ,000931,20260420,20260420,10:21:54.000,102154000,79,5.04,5.19,5.19,4.95,5.2,5.72,4.68,12733063,6378.597,11942,5.04,22000,5.05,118300,5.03,235300,5.06,47800,5.02,102400,5.07,18600,5.01,48700,5.08,32500,5.0,228200,5.09,12500,4.99,129500,5.1,10300,4.98,192600,5.11,30500,4.97,162900,5.12,10000,4.96,542600,5.13,36700,4.95,353200,5.14,25400,3414500,2003800,15:38:50.058
000931.SZ,000931,20260420,20260420,10:21:57.000,102157000,79,5.04,5.19,5.19,4.95,5.2,5.72,4.68,12733063,6378.597,11942,5.04,22800,5.05,118300,5.03,235300,5.06,47800,5.02,102400,5.07,18600,5.01,48700,5.08,32500,5.0,228200,5.09,12500,4.99,129500,5.1,10300,4.98,192600,5.11,30500,4.97,162900,5.12,10000,4.96,542600,5.13,36700,4.95,353200,5.14,25400,3415300,2003800,15:38:50.197
000931.SZ,000931,20260420,20260420,10:22:00.000,102200000,79,5.04,5.19,5.19,4.95,5.2,5.72,4.68,12733063,6378.597,11942,5.04,22800,5.05,118300,5.03,235300,5.06,47800,5.02,102400,5.07,18600,5.01,48700,5.08,32500,5.0,228200,5.09,11500,4.99,129500,5.1,10300,4.98,192600,5.11,30500,4.97,162900,5.12,10000,4.96,542600,5.13,36700,4.95,353200,5.14,25400,3415300,2002800,15:38:50.422
000931.SZ,000931,20260420,20260420,10:22:03.000,102203000,79,5.04,5.19,5.19,4.95,5.2,5.72,4.68,12733063,6378.597,11942,5.04,25600,5.05,118300,5.03,235300,5.06,47800,5.02,102400,5.07,18600,5.01,49000,5.08,32500,5.0,228200,5.09,11500,4.99,129500,5.1,10300,4.98,192600,5.11,30500,4.97,162900,5.12,10000,4.96,542600,5.13,36700,4.95,353200,5.14,25400,3418400,2002800,15:38:50.883
000931.SZ,000931,20260420,20260420,10:22:06.000,102206000,79,5.05,5.19,5.19,4.95,5.2,5.72,4.68,12737263,6380.718,11954,5.04,59300,5.05,114100,5.03,234900,5.06,47800,5.02,102400,5.07,18600,5.01,49000,5.08,32500,5.0,228600,5.09,11500,4.99,129300,5.1,10300,4.98,192600,5.11,30500,4.97,162900,5.12,10000,4.96,542600,5.13,36700,4.95,353200,5.14,25400,3451900,1998600,15:38:51.011
000931.SZ,000931,20260420,20260420,10:22:09.000,102209000,79,5.06,5.19,5.19,4.95,5.2,5.72,4.68,12859363,6442.3867,12023,5.05,28600,5.06,39600,5.04,75400,5.07,18600,5.03,234900,5.08,32500,5.02,102400,5.09,11500,5.01,49000,5.1,10300,5.0,228700,5.11,30500,4.99,129300,5.12,10000,4.98,192600,5.13,36700,4.97,162900,5.14,25400,4.96,542600,5.15,26700,3496700,1876500,15:38:51.257
000931.SZ,000931,20260420,20260420,10:22:12.000,102212000,79,5.05,5.19,5.19,4.95,5.2,5.72,4.68,12862663,6444.056,12026,5.05,35900,5.06,37000,5.04,75400,5.07,18600,5.03,234900,5.08,32500,5.02,102400,5.09,11500,5.01,49000,5.1,10300,5.0,228700,5.11,30500,4.99,129300,5.12,10000,4.98,192600,5.13,36700,4.97,162900,5.14,25400,4.96,542600,5.15,26700,3504000,1873900,15:38:51.577
000931.SZ,000931,20260420,20260420,10:22:15.000,102215000,79,5.05,5.19,5.19,4.95,5.2,5.72,4.68,12862663,6444.056,12026,5.05,37100,5.06,37000,5.04,75400,5.07,18600,5.03,234900,5.08,32500,5.02,102400,5.09,11500,5.01,49000,5.1,10300,5.0,228700,5.11,30500,4.99,129300,5.12,10000,4.98,192600,5.13,36700,4.97,162900,5.14,25400,4.96,542600,5.15,26700,3505200,1873900,15:38:51.713
000931.SZ,000931,20260420,20260420,10:22:18.000,102218000,79,5.05,5.19,5.19,4.95,5.2,5.72,4.68,12867463,6446.4843,12029,5.05,38100,5.06,25800,5.04,75400,5.07,18600,5.03,234900,5.08,32500,5.02,102400,5.09,11500,5.01,49000,5.1,10300,5.0,228700,5.11,30500,4.99,129300,5.12,10000,4.98,192600,5.13,36700,4.97,162900,5.14,25400,4.96,542600,5.15,26700,3506200,1862700,15:38:51.928
000931.SZ,000931,20260420,20260420,10:22:21.000,102221000,79,5.05,5.19,5.19,4.95,5.2,5.72,4.68,12867463,6446.4843,12029,5.05,38100,5.06,29700,5.04,76400,5.07,18600,5.03,234900,5.08,32500,5.02,102400,5.09,11500,5.01,49000,5.1,10300,5.0,228700,5.11,30500,4.99,129300,5.12,10000,4.98,192600,5.13,36700,4.97,162900,5.14,25400,4.96,542600,5.15,26700,3507200,1866600,15:38:52.194
000931.SZ,000931,20260420,20260420,10:22:24.000,102224000,79,5.05,5.19,5.19,4.95,5.2,5.72,4.68,12867463,6446.4843,12029,5.05,36200,5.06,29700,5.04,76400,5.07,18600,5.03,234900,5.08,32500,5.02,102400,5.09,11500,5.01,49000,5.1,10300,5.0,228700,5.11,30500,4.99,129300,5.12,10000,4.98,192600,5.13,36700,4.97,162900,5.14,25400,4.96,547600,5.15,26700,3508100,1866600,15:38:52.469
000931.SZ,000931,20260420,20260420,10:22:27.000,102227000,79,5.05,5.19,5.19,4.95,5.2,5.72,4.68,12867463,6446.4843,12029,5.05,33200,5.06,29700,5.04,76400,5.07,18600,5.03,231900,5.08,34900,5.02,102400,5.09,11500,5.01,49000,5.1,10300,5.0,228700,5.11,30500,4.99,129300,5.12,10000,4.98,192600,5.13,36700,4.97,162900,5.14,25400,4.96,547600,5.15,26700,3502100,1869000,15:38:52.590
000931.SZ,000931,20260420,20260420,10:22:30.000,102230000,79,5.05,5.19,5.19,4.95,5.2,5.72,4.68,12867463,6446.4843,12029,5.05,33200,5.06,30400,5.04,76100,5.07,28600,5.03,231900,5.08,34900,5.02,102400,5.09,11500,5.01,49000,5.1,10300,5.0,230700,5.11,30500,4.99,129300,5.12,10000,4.98,192600,5.13,36700,4.97,162900,5.14,25400,4.96,547600,5.15,26700,3503800,1879700,15:38:52.894
000931.SZ,000931,20260420,20260420,10:22:33.000,102233000,79,5.05,5.19,5.19,4.95,5.2,5.72,4.68,12867463,6446.4843,12029,5.05,33200,5.06,30400,5.04,76100,5.07,29100,5.03,231900,5.08,34900,5.02,102400,5.09,11500,5.01,49000,5.1,10300,5.0,230700,5.11,30500,4.99,129300,5.12,10000,4.98,192600,5.13,36700,4.97,162900,5.14,25400,4.96,547600,5.15,26700,3503800,1880200,15:38:53.175
000931.SZ,000931,20260420,20260420,10:22:36.000,102236000,79,5.05,5.19,5.19,4.95,5.2,5.72,4.68,12867463,6446.4843,12029,5.05,33200,5.06,32600,5.04,76100,5.07,29100,5.03,231900,5.08,34900,5.02,102400,5.09,11500,5.01,49000,5.1,10300,5.0,230700,5.11,30500,4.99,129300,5.12,10000,4.98,192600,5.13,36700,4.97,162900,5.14,25400,4.96,547600,5.15,26700,3503800,1882400,15:38:53.342
000931.SZ,000931,20260420,20260420,10:22:39.000,102239000,79,5.06,5.19,5.19,4.95,5.2,5.72,4.68,12877463,6451.5443,12034,5.05,32900,5.06,27800,5.04,76100,5.07,29100,5.03,231900,5.08,34900,5.02,102400,5.09,11500,5.01,49000,5.1,10300,5.0,230700,5.11,30500,4.99,129300,5.12,10000,4.98,192600,5.13,36700,4.97,162900,5.14,25400,4.96,547600,5.15,26700,3495500,1877600,15:38:53.500
000931.SZ,000931,20260420,20260420,10:22:42.000,102242000,79,5.06,5.19,5.19,4.95,5.2,5.72,4.68,12877463,6451.5443,12034,5.05,33200,5.06,27800,5.04,76000,5.07,29100,5.03,231900,5.08,34900,5.02,102400,5.09,11500,5.01,49000,5.1,10300,5.0,231200,5.11,30500,4.99,129300,5.12,10000,4.98,192600,5.13,36700,4.97,167900,5.14,25400,4.96,547600,5.15,26700,3501200,1877600,15:38:53.803
000931.SZ,000931,20260420,20260420,10:22:45.000,102245000,79,5.06,5.19,5.19,4.95,5.2,5.72,4.68,12877463,6451.5443,12034,5.05,33200,5.06,27800,5.04,112000,5.07,29100,5.03,231900,5.08,34900,5.02,102400,5.09,11500,5.01,49000,5.1,10300,5.0,231200,5.11,30500,4.99,129300,5.12,10000,4.98,192600,5.13,36700,4.97,167900,5.14,25400,4.96,547600,5.15,26700,3537200,1877600,15:38:53.955
000931.SZ,000931,20260420,20260420,10:22:51.000,102251000,79,5.06,5.19,5.19,4.95,5.2,5.72,4.68,12877463,6451.5443,12034,5.05,33200,5.06,28000,5.04,112000,5.07,29100,5.03,231900,5.08,34900,5.02,102400,5.09,11500,5.01,49000,5.1,10300,5.0,231200,5.11,30500,4.99,129300,5.12,10000,4.98,192600,5.13,36700,4.97,167900,5.14,25400,4.96,547600,5.15,26700,3537200,1877800,15:38:54.461
000931.SZ,000931,20260420,20260420,10:22:54.000,102254000,79,5.06,5.19,5.19,4.95,5.2,5.72,4.68,12887863,6456.7979,12036,5.05,32400,5.06,30800,5.04,112000,5.07,29100,5.03,201600,5.08,34900,5.02,70600,5.09,11500,5.01,49000,5.1,10300,5.0,231200,5.11,30500,4.99,129300,5.12,10000,4.98,192600,5.13,36700,4.97,167900,5.14,25400,4.96,547600,5.15,26700,3474300,1880600,15:38:54.574
000931.SZ,000931,20260420,20260420,10:22:57.000,102257000,79,5.06,5.19,5.19,4.95,5.2,5.72,4.68,12887863,6456.7979,12036,5.05,32400,5.06,32000,5.04,112000,5.07,29100,5.03,201600,5.08,34900,5.02,70600,5.09,11500,5.01,54000,5.1,10300,5.0,231200,5.11,30500,4.99,129300,5.12,10000,4.98,192600,5.13,36700,4.97,167900,5.14,25400,4.96,547600,5.15,26700,3479300,1881000,15:38:54.805
000931.SZ,000931,20260420,20260420,10:23:00.000,102300000,79,5.06,5.19,5.19,4.95,5.2,5.72,4.68,12888463,6457.1015,12037,5.05,39400,5.06,41800,5.04,112000,5.07,29100,5.03,201600,5.08,34900,5.02,70600,5.09,11500,5.01,54000,5.1,10300,5.0,231200,5.11,30500,4.99,129300,5.12,10000,4.98,192600,5.13,36700,4.97,167900,5.14,25400,4.96,547600,5.15,26700,3486300,1890800,15:38:55.134
000931.SZ,000931,20260420,20260420,10:23:03.000,102303000,79,5.06,5.19,5.19,4.95,5.2,5.72,4.68,12891863,6458.8219,12044,5.05,39600,5.06,39100,5.04,112000,5.07,29100,5.03,201600,5.08,34900,5.02,70600,5.09,11500,5.01,54000,5.1,10300,5.0,231200,5.11,30500,4.99,129300,5.12,10000,4.98,192600,5.13,36700,4.97,167900,5.14,25400,4.96,547600,5.15,26700,3486500,1888100,15:38:55.627
000931.SZ,000931,20260420,20260420,10:23:06.000,102306000,79,5.06,5.19,5.19,4.95,5.2,5.72,4.68,12891863,6458.8219,12044,5.05,37000,5.06,39200,5.04,105000,5.07,29100,5.03,199200,5.08,34900,5.02,70600,5.09,15500,5.01,54000,5.1,10300,5.0,231200,5.11,30500,4.99,129300,5.12,10000,4.98,192600,5.13,36700,4.97,167900,5.14,25400,4.96,547600,5.15,26700,3474500,1892200,15:38:55.698
000931.SZ,000931,20260420,20260420,10:23:09.000,102309000,79,5.06,5.19,5.19,4.95,5.2,5.72,4.68,12893463,6459.6315,12045,5.05,37000,5.06,37600,5.04,105000,5.07,29100,5.03,199200,5.08,34900,5.02,70600,5.09,15500,5.01,54000,5.1,13300,5.0,231200,5.11,30500,4.99,129300,5.12,10000,4.98,197600,5.13,36700,4.97,167900,5.14,25400,4.96,547600,5.15,26700,3479500,1893600,15:38:55.820
000931.SZ,000931,20260420,20260420,10:23:12.000,102312000,79,5.06,5.19,5.19,4.95,5.2,5.72,4.68,12893463,6459.6315,12045,5.05,37000,5.06,37800,5.04,105000,5.07,29100,5.03,199200,5.08,34900,5.02,70600,5.09,15500,5.01,54000,5.1,13300,5.0,231200,5.11,30500,4.99,129300,5.12,10000,4.98,197600,5.13,36700,4.97,167900,5.14,25400,4.96,547600,5.15,26700,3479500,1893800,15:38:56.037
000931.SZ,000931,20260420,20260420,10:23:15.000,102315000,79,5.06,5.19,5.19,4.95,5.2,5.72,4.68,12893463,6459.6315,12045,5.05,37000,5.06,37800,5.04,105000,5.07,29100,5.03,199200,5.08,34900,5.02,70600,5.09,15500,5.01,54000,5.1,13300,5.0,231200,5.11,30500,4.99,129300,5.12,10000,4.98,197600,5.13,36700,4.97,167900,5.14,25400,4.96,541600,5.15,26700,3473500,1893800,15:38:56.352
000931.SZ,000931,20260420,20260420,10:23:18.000,102318000,79,5.06,5.19,5.19,4.95,5.2,5.72,4.68,12893463,6459.6315,12045,5.05,37000,5.06,37800,5.04,105000,5.07,29100,5.03,199200,5.08,34900,5.02,70600,5.09,15500,5.01,54000,5.1,13300,5.0,231200,5.11,30500,4.99,129300,5.12,10000,4.98,197600,5.13,36700,4.97,167900,5.14,25400,4.96,531600,5.15,26700,3463500,1894200,15:38:56.525
000931.SZ,000931,20260420,20260420,10:23:21.000,102321000,79,5.06,5.19,5.19,4.95,5.2,5.72,4.68,12893463,6459.6315,12045,5.05,37000,5.06,52300,5.04,105000,5.07,29100,5.03,199200,5.08,34900,5.02,70600,5.09,15500,5.01,54000,5.1,13300,5.0,231200,5.11,30500,4.99,129300,5.12,10000,4.98,197600,5.13,36700,4.97,167900,5.14,25400,4.96,531600,5.15,26700,3463500,1909700,15:38:56.801
000931.SZ,000931,20260420,20260420,10:23:24.000,102324000,79,5.06,5.19,5.19,4.95,5.2,5.72,4.68,12893663,6459.7327,12046,5.05,37000,5.06,52500,5.04,105000,5.07,29100,5.03,199200,5.08,34900,5.02,70600,5.09,15500,5.01,54000,5.1,14600,5.0,230700,5.11,30500,4.99,129300,5.12,10000,4.98,197600,5.13,36700,4.97,166900,5.14,25400,4.96,531100,5.15,26700,3461500,1911200,15:38:56.927
000931.SZ,000931,20260420,20260420,10:23:27.000,102327000,79,5.06,5.19,5.19,4.95,5.2,5.72,4.68,12893663,6459.7327,12046,5.05,37000,5.06,52500,5.04,105000,5.07,29100,5.03,199200,5.08,34900,5.02,70600,5.09,15500,5.01,54000,5.1,14100,5.0,230700,5.11,30500,4.99,129300,5.12,10000,4.98,197600,5.13,36700,4.97,166900,5.14,25400,4.96,531100,5.15,26700,3462300,1910700,15:38:57.146
000931.SZ,000931,20260420,20260420,10:23:30.000,102330000,79,5.05,5.19,5.19,4.95,5.2,5.72,4.68,12894863,6460.3391,12048,5.05,39200,5.06,52800,5.04,105000,5.07,29100,5.03,199200,5.08,34900,5.02,70500,5.09,15500,5.01,54000,5.1,14100,5.0,230700,5.11,30500,4.99,129300,5.12,22200,4.98,197600,5.13,36700,4.97,166900,5.14,25400,4.96,531100,5.15,26700,3466400,1923200,15:38:57.413
000931.SZ,000931,20260420,20260420,10:23:33.000,102333000,79,5.05,5.19,5.19,4.95,5.2,5.72,4.68,12894863,6460.3391,12048,5.05,39200,5.06,55100,5.04,105000,5.07,29100,5.03,199200,5.08,34900,5.02,70500,5.09,15500,5.01,54000,5.1,15100,5.0,230700,5.11,30500,4.99,129300,5.12,22200,4.98,197600,5.13,36700,4.97,166900,5.14,25400,4.96,531100,5.15,26700,3466400,1926500,15:38:57.555
000931.SZ,000931,20260420,20260420,10:23:39.000,102339000,79,5.05,5.19,5.19,4.95,5.2,5.72,4.68,12894863,6460.3391,12048,5.05,39200,5.06,55100,5.04,105000,5.07,29100,5.03,199200,5.08,34900,5.02,70500,5.09,15500,5.01,54000,5.1,25100,5.0,230700,5.11,30500,4.99,129300,5.12,22200,4.98,197600,5.13,36700,4.97,166900,5.14,25400,4.96,531100,5.15,26700,3466400,1936500,15:38:58.097
000931.SZ,000931,20260420,20260420,10:23:42.000,102342000,79,5.05,5.19,5.19,4.95,5.2,5.72,4.68,12934263,6480.2361,12085,5.04,85200,5.05,62700,5.03,199200,5.06,49100,5.02,70500,5.07,29100,5.01,54000,5.08,34900,5.0,230700,5.09,15500,4.99,129300,5.1,25100,4.98,197600,5.11,30500,4.97,166900,5.12,22200,4.96,531100,5.13,36700,4.95,352000,5.14,25400,3407400,1993200,15:38:58.177
000931.SZ,000931,20260420,20260420,10:23:45.000,102345000,79,5.05,5.19,5.19,4.95,5.2,5.72,4.68,12934263,6480.2361,12085,5.04,85200,5.05,7400,5.03,199200,5.06,48300,5.02,70500,5.07,29100,5.01,54000,5.08,34900,5.0,230700,5.09,15500,4.99,129300,5.1,25100,4.98,197600,5.11,30500,4.97,166900,5.12,22200,4.96,531100,5.13,36700,4.95,352000,5.14,25400,3407400,1937100,15:38:58.411
000931.SZ,000931,20260420,20260420,10:23:48.000,102348000,79,5.04,5.19,5.19,4.95,5.2,5.72,4.68,12938963,6482.6049,12111,5.04,75400,5.05,25500,5.03,157900,5.06,43600,5.02,70500,5.07,29100,5.01,54000,5.08,34900,5.0,230700,5.09,15500,4.99,129300,5.1,25100,4.98,197600,5.11,30500,4.97,166900,5.12,22200,4.96,530900,5.13,36700,4.95,352000,5.14,25400,3346100,1950500,15:38:58.681
000931.SZ,000931,20260420,20260420,10:23:51.000,102351000,79,5.05,5.19,5.19,4.95,5.2,5.72,4.68,12940963,6483.6149,12112,5.04,75400,5.05,26000,5.03,157900,5.06,43400,5.02,70500,5.07,29100,5.01,54000,5.08,34900,5.0,232200,5.09,15500,4.99,129300,5.1,30100,4.98,197600,5.11,30500,4.97,166900,5.12,22200,4.96,530900,5.13,36700,4.95,351800,5.14,25400,3345400,1955800,15:38:59.019
000931.SZ,000931,20260420,20260420,10:23:54.000,102354000,79,5.04,5.19,5.19,4.95,5.2,5.72,4.68,12941563,6483.9177,12114,5.04,75200,5.05,33700,5.03,157900,5.06,43700,5.02,70500,5.07,29100,5.01,54000,5.08,34900,5.0,232200,5.09,15500,4.99,129300,5.1,30100,4.98,197600,5.11,30500,4.97,166900,5.12,22200,4.96,530900,5.13,36700,4.95,351800,5.14,25400,3345200,1963800,15:38:59.085
000931.SZ,000931,20260420,20260420,10:23:57.000,102357000,79,5.04,5.19,5.19,4.95,5.2,5.72,4.68,12941563,6483.9177,12114,5.04,78200,5.05,34100,5.03,157900,5.06,43700,5.02,70500,5.07,29100,5.01,54000,5.08,34900,5.0,232200,5.09,15500,4.99,129300,5.1,30800,4.98,197600,5.11,30500,4.97,166900,5.12,22200,4.96,530900,5.13,36700,4.95,351800,5.14,25400,3348200,1964900,15:38:59.237
000931.SZ,000931,20260420,20260420,10:24:00.000,102400000,79,5.04,5.19,5.19,4.95,5.2,5.72,4.68,12941563,6483.9177,12114,5.04,78200,5.05,34100,5.03,157900,5.06,43700,5.02,70500,5.07,29100,5.01,54000,5.08,34900,5.0,232200,5.09,15500,4.99,129300,5.1,30800,4.98,197600,5.11,30500,4.97,166900,5.12,22200,4.96,530900,5.13,36700,4.95,351800,5.14,25400,3348200,1972900,15:38:59.621
000931.SZ,000931,20260420,20260420,10:24:03.000,102403000,79,5.04,5.19,5.19,4.95,5.2,5.72,4.68,12942063,6484.1697,12117,5.04,78700,5.05,34100,5.03,158400,5.06,43200,5.02,70500,5.07,29100,5.01,54000,5.08,34900,5.0,232200,5.09,15500,4.99,129300,5.1,30800,4.98,197600,5.11,30500,4.97,166900,5.12,22200,4.96,530900,5.13,36700,4.95,351800,5.14,25400,3349200,1972400,15:38:59.908
000931.SZ,000931,20260420,20260420,10:24:06.000,102406000,79,5.04,5.19,5.19,4.95,5.2,5.72,4.68,12946663,6486.4881,12119,5.04,74100,5.05,34100,5.03,158400,5.06,43200,5.02,70500,5.07,29100,5.01,54000,5.08,34900,5.0,234800,5.09,15500,4.99,129300,5.1,30800,4.98,197600,5.11,30500,4.97,166900,5.12,22200,4.96,530500,5.13,36700,4.95,351800,5.14,25400,3346800,1967900,15:39:00.067
000931.SZ,000931,20260420,20260420,10:24:09.000,102409000,79,5.04,5.19,5.19,4.95,5.2,5.72,4.68,12952263,6489.3159,12141,5.04,73900,5.05,38600,5.03,158400,5.06,43000,5.02,70500,5.07,29100,5.01,54000,5.08,34900,5.0,234800,5.09,15500,4.99,129300,5.1,30800,4.98,197600,5.11,30500,4.97,166900,5.12,22200,4.96,530500,5.13,36700,4.95,351800,5.14,25400,3346600,1972200,15:39:00.330
000931.SZ,000931,20260420,20260420,10:24:12.000,102412000,79,5.04,5.19,5.19,4.95,5.2,5.72,4.68,12952263,6489.3159,12141,5.04,73900,5.05,38600,5.03,158400,5.06,43000,5.02,72400,5.07,29100,5.01,54000,5.08,34900,5.0,234300,5.09,15500,4.99,129300,5.1,30800,4.98,197600,5.11,30500,4.97,166900,5.12,22200,4.96,530500,5.13,36700,4.95,351800,5.14,25400,3348000,1972200,15:39:00.630
000931.SZ,000931,20260420,20260420,10:24:15.000,102415000,79,5.04,5.19,5.19,4.95,5.2,5.72,4.68,12952263,6489.3159,12141,5.04,73900,5.05,39700,5.03,158400,5.06,42900,5.02,72400,5.07,29100,5.01,54000,5.08,34900,5.0,234300,5.09,15500,4.99,129300,5.1,30800,4.98,197600,5.11,30500,4.97,166900,5.12,22200,4.96,530500,5.13,36700,4.95,351800,5.14,25400,3348000,1973200,15:39:00.851
000931.SZ,000931,20260420,20260420,10:24:18.000,102418000,79,5.04,5.19,5.19,4.95,5.2,5.72,4.68,12952263,6489.3159,12141,5.04,74000,5.05,39900,5.03,158400,5.06,42900,5.02,72400,5.07,29100,5.01,59000,5.08,34900,5.0,234300,5.09,15500,4.99,129300,5.1,30800,4.98,197600,5.11,30500,4.97,166900,5.12,22200,4.96,530500,5.13,36700,4.95,351800,5.14,25400,3353100,1973400,15:39:00.892
000931.SZ,000931,20260420,20260420,10:24:24.000,102424000,79,5.04,5.19,5.19,4.95,5.2,5.72,4.68,12952263,6489.3159,12141,5.04,75000,5.05,44300,5.03,158400,5.06,42900,5.02,72400,5.07,29100,5.01,59000,5.08,34900,5.0,234300,5.09,15500,4.99,129300,5.1,30800,4.98,197600,5.11,30500,4.97,166900,5.12,22200,4.96,530500,5.13,36700,4.95,351800,5.14,25400,3354100,1977800,15:39:01.180
000931.SZ,000931,20260420,20260420,10:24:27.000,102427000,79,5.05,5.19,5.19,4.95,5.2,5.72,4.68,12954263,6490.3259,12151,5.04,75000,5.05,42300,5.03,158400,5.06,42900,5.02,72400,5.07,29100,5.01,59000,5.08,34900,5.0,234300,5.09,15500,4.99,129300,5.1,30800,4.98,197600,5.11,30500,4.97,166900,5.12,22200,4.96,530500,5.13,36700,4.95,351800,5.14,25400,3354100,1975800,15:39:01.259
000931.SZ,000931,20260420,20260420,10:24:30.000,102430000,79,5.04,5.19,5.19,4.95,5.2,5.72,4.68,12954363,6490.3763,12152,5.04,74900,5.05,42300,5.03,158400,5.06,42900,5.02,72400,5.07,29100,5.01,59000,5.08,34900,5.0,234300,5.09,15500,4.99,129300,5.1,30800,4.98,197600,5.11,30500,4.97,166900,5.12,22200,4.96,531000,5.13,36700,4.95,351800,5.14,25400,3354500,1975800,15:39:01.299
000931.SZ,000931,20260420,20260420,10:24:33.000,102433000,79,5.04,5.19,5.19,4.95,5.2,5.72,4.68,12954363,6490.3763,12152,5.04,74900,5.05,42500,5.03,158400,5.06,42900,5.02,72400,5.07,29100,5.01,59000,5.08,34900,5.0,234300,5.09,15500,4.99,129300,5.1,30800,4.98,197600,5.11,30500,4.97,166900,5.12,22200,4.96,531000,5.13,36700,4.95,351800,5.14,25400,3354500,1976000,15:39:01.336
000931.SZ,000931,20260420,20260420,10:24:36.000,102436000,79,5.05,5.19,5.19,4.95,5.2,5.72,4.68,12955463,6490.9318,12157,5.04,74900,5.05,44700,5.03,158400,5.06,42900,5.02,72400,5.07,29100,5.01,59000,5.08,34900,5.0,234300,5.09,15500,4.99,129300,5.1,30800,4.98,197600,5.11,30500,4.97,166900,5.12,22200,4.96,531000,5.13,36700,4.95,351800,5.14,25400,3354500,1978200,15:39:01.372
000931.SZ,000931,20260420,20260420,10:24:39.000,102439000,79,5.05,5.19,5.19,4.95,5.2,5.72,4.68,12955463,6490.9318,12157,5.04,74900,5.05,45600,5.03,158400,5.06,42900,5.02,72600,5.07,29100,5.01,59000,5.08,37900,5.0,234300,5.09,15500,4.99,129300,5.1,30800,4.98,197600,5.11,30500,4.97,166900,5.12,22200,4.96,531000,5.13,36700,4.95,352800,5.14,25400,3355700,1982100,15:39:01.467
000931.SZ,000931,20260420,20260420,10:24:42.000,102442000,79,5.05,5.19,5.19,4.95,5.2,5.72,4.68,12955463,6490.9318,12157,5.04,74900,5.05,45600,5.03,158400,5.06,42900,5.02,72600,5.07,29100,5.01,59000,5.08,37900,5.0,234300,5.09,15500,4.99,129300,5.1,30800,4.98,197600,5.11,30500,4.97,166900,5.12,22200,4.96,531000,5.13,36700,4.95,352800,5.14,25400,3355700,1987100,15:39:01.642
000931.SZ,000931,20260420,20260420,10:24:45.000,102445000,79,5.05,5.19,5.19,4.95,5.2,5.72,4.68,12955463,6490.9318,12157,5.04,76500,5.05,46100,5.03,158400,5.06,42900,5.02,72600,5.07,29100,5.01,59000,5.08,37900,5.0,234300,5.09,15500,4.99,129300,5.1,30800,4.98,197600,5.11,30500,4.97,166900,5.12,22200,4.96,531000,5.13,36700,4.95,352800,5.14,25400,3357300,1987600,15:39:01.750
000931.SZ,000931,20260420,20260420,10:24:51.000,102451000,79,5.05,5.19,5.19,4.95,5.2,5.72,4.68,12955463,6490.9318,12157,5.04,76500,5.05,46100,5.03,158400,5.06,42900,5.02,72600,5.07,29100,5.01,59000,5.08,37900,5.0,234300,5.09,15500,4.99,129300,5.1,30800,4.98,198600,5.11,30500,4.97,166900,5.12,22200,4.96,531000,5.13,36700,4.95,351800,5.14,25400,3357300,1987600,15:39:02.144
000931.SZ,000931,20260420,20260420,10:24:54.000,102454000,79,5.04,5.19,5.19,4.95,5.2,5.72,4.68,13031963,6529.4878,12210,5.03,158400,5.04,56500,5.02,72600,5.05,50800,5.01,59000,5.06,41900,5.0,234300,5.07,29100,4.99,129300,5.08,37900,4.98,198600,5.09,15500,4.97,166900,5.1,30800,4.96,531000,5.11,30500,4.95,351800,5.12,22200,4.94,63300,5.13,36700,3280800,2047800,15:39:02.379
000931.SZ,000931,20260420,20260420,10:24:57.000,102457000,79,5.04,5.19,5.19,4.95,5.2,5.72,4.68,13032463,6529.7398,12211,5.03,159500,5.04,37200,5.02,72600,5.05,59200,5.01,60000,5.06,40100,5.0,234300,5.07,29100,4.99,129300,5.08,37900,4.98,198600,5.09,15500,4.97,166900,5.1,30800,4.96,531000,5.11,30500,4.95,351800,5.12,22200,4.94,63300,5.13,36700,3282900,2035100,15:39:02.512
000931.SZ,000931,20260420,20260420,10:25:00.000,102500000,79,5.04,5.19,5.19,4.95,5.2,5.72,4.68,13037463,6532.2598,12213,5.03,159500,5.04,26100,5.02,72600,5.05,59200,5.01,60000,5.06,40100,5.0,234300,5.07,29100,4.99,129300,5.08,37900,4.98,198600,5.09,15500,4.97,166900,5.1,30800,4.96,531000,5.11,30500,4.95,351800,5.12,22200,4.94,63300,5.13,36700,3282900,2024000,15:39:02.860
000931.SZ,000931,20260420,20260420,10:25:03.000,102503000,79,5.04,5.19,5.19,4.95,5.2,5.72,4.68,13037463,6532.2598,12213,5.03,122000,5.04,29600,5.02,72600,5.05,64200,5.01,60000,5.06,40100,5.0,234300,5.07,29100,4.99,129300,5.08,37900,4.98,198600,5.09,15500,4.97,166900,5.1,30800,4.96,531000,5.11,30500,4.95,351800,5.12,22200,4.94,63300,5.13,36700,3245800,2032500,15:39:03.125
000931.SZ,000931,20260420,20260420,10:25:06.000,102506000,79,5.04,5.19,5.19,4.95,5.2,5.72,4.68,13037463,6532.2598,12213,5.03,122900,5.04,30600,5.02,72600,5.05,64100,5.01,60000,5.06,40100,5.0,234300,5.07,29100,4.99,129300,5.08,37900,4.98,198600,5.09,15500,4.97,166900,5.1,30800,4.96,531000,5.11,30500,4.95,351800,5.12,22200,4.94,63300,5.13,36700,3246700,2033400,15:39:03.277
000931.SZ,000931,20260420,20260420,10:25:09.000,102509000,79,5.04,5.19,5.19,4.95,5.2,5.72,4.68,13037463,6532.2598,12213,5.03,123400,5.04,46200,5.02,72600,5.05,53700,5.01,60000,5.06,40100,5.0,234300,5.07,29100,4.99,129300,5.08,38400,4.98,198600,5.09,15500,4.97,166900,5.1,30800,4.96,531000,5.11,30500,4.95,351800,5.12,22200,4.94,63300,5.13,36700,3247200,2039100,15:39:03.608
000931.SZ,000931,20260420,20260420,10:25:12.000,102512000,79,5.04,5.19,5.19,4.95,5.2,5.72,4.68,13037463,6532.2598,12213,5.03,123400,5.04,46200,5.02,72600,5.05,53200,5.01,60000,5.06,40100,5.0,234300,5.07,31100,4.99,129300,5.08,38400,4.98,198600,5.09,15500,4.97,166900,5.1,30800,4.96,531000,5.11,30500,4.95,351800,5.12,22200,4.94,63300,5.13,36700,3247200,2040600,15:39:03.758
000931.SZ,000931,20260420,20260420,10:25:15.000,102515000,79,5.04,5.19,5.19,4.95,5.2,5.72,4.68,13037463,6532.2598,12213,5.03,123400,5.04,46200,5.02,72600,5.05,53200,5.01,60000,5.06,40100,5.0,234300,5.07,31100,4.99,129300,5.08,38400,4.98,198600,5.09,15500,4.97,167500,5.1,30800,4.96,531000,5.11,30500,4.95,351800,5.12,22200,4.94,63300,5.13,36700,3247800,2040600,15:39:03.978
000931.SZ,000931,20260420,20260420,10:25:18.000,102518000,79,5.04,5.19,5.19,4.95,5.2,5.72,4.68,13037463,6532.2598,12213,5.03,145700,5.04,46200,5.02,72600,5.05,53200,5.01,60000,5.06,39400,5.0,234300,5.07,31100,4.99,129300,5.08,38400,4.98,198600,5.09,19400,4.97,167500,5.1,30800,4.96,531000,5.11,30500,4.95,351800,5.12,22200,4.94,63300,5.13,36700,3270100,2043800,15:39:04.319
000931.SZ,000931,20260420,20260420,10:25:21.000,102521000,79,5.04,5.19,5.19,4.95,5.2,5.72,4.68,13037463,6532.2598,12213,5.03,145700,5.04,46200,5.02,72600,5.05,53200,5.01,60000,5.06,39400,5.0,234300,5.07,31100,4.99,129300,5.08,38400,4.98,198600,5.09,19400,4.97,167500,5.1,30800,4.96,531000,5.11,30500,4.95,351800,5.12,22200,4.94,63300,5.13,36700,3270100,2042800,15:39:04.419
000931.SZ,000931,20260420,20260420,10:25:24.000,102524000,79,5.04,5.19,5.19,4.95,5.2,5.72,4.68,13037463,6532.2598,12213,5.03,145700,5.04,61800,5.02,72600,5.05,53200,5.01,60000,5.06,39400,5.0,234300,5.07,31100,4.99,129300,5.08,38400,4.98,198600,5.09,19400,4.97,167500,5.1,30800,4.96,531000,5.11,30500,4.95,351800,5.12,22200,4.94,63300,5.13,36700,3270100,2058400,15:39:04.639
000931.SZ,000931,20260420,20260420,10:25:30.000,102530000,79,5.04,5.19,5.19,4.95,5.2,5.72,4.68,13042463,6534.7798,12217,5.03,146800,5.04,57700,5.02,72600,5.05,52300,5.01,60000,5.06,39400,5.0,234300,5.07,31100,4.99,129300,5.08,38400,4.98,198600,5.09,19400,4.97,167500,5.1,30800,4.96,531000,5.11,30500,4.95,351800,5.12,22200,4.94,63300,5.13,36700,3271200,2053400,15:39:05.116
000931.SZ,000931,20260420,20260420,10:25:33.000,102533000,79,5.04,5.19,5.19,4.95,5.2,5.72,4.68,13043863,6535.4854,12218,5.03,146800,5.04,57300,5.02,72600,5.05,52300,5.01,60000,5.06,39400,5.0,234300,5.07,31100,4.99,129300,5.08,38400,4.98,198600,5.09,19400,4.97,167500,5.1,30800,4.96,531000,5.11,30500,4.95,351800,5.12,22200,4.94,63300,5.13,36700,3270200,2053000,15:39:05.274
000931.SZ,000931,20260420,20260420,10:25:36.000,102536000,79,5.04,5.19,5.19,4.95,5.2,5.72,4.68,13043863,6535.4854,12218,5.03,148400,5.04,57300,5.02,72600,5.05,61600,5.01,60000,5.06,39400,5.0,275100,5.07,31100,4.99,129300,5.08,38400,4.98,198600,5.09,19400,4.97,167500,5.1,30800,4.96,531000,5.11,30500,4.95,351800,5.12,22200,4.94,63300,5.13,36700,3312600,2066300,15:39:05.514
000931.SZ,000931,20260420,20260420,10:25:39.000,102539000,79,5.04,5.19,5.19,4.95,5.2,5.72,4.68,13043863,6535.4854,12218,5.03,148400,5.04,59500,5.02,72600,5.05,61600,5.01,62000,5.06,39400,5.0,275100,5.07,31100,4.99,129300,5.08,38400,4.98,198600,5.09,19400,4.97,167500,5.1,30800,4.96,531000,5.11,30500,4.95,351800,5.12,22200,4.94,63300,5.13,36700,3314600,2068500,15:39:05.672
000931.SZ,000931,20260420,20260420,10:25:42.000,102542000,79,5.04,5.19,5.19,4.95,5.2,5.72,4.68,13043863,6535.4854,12218,5.03,183800,5.04,59500,5.02,72600,5.05,61600,5.01,62000,5.06,39400,5.0,275100,5.07,31100,4.99,129300,5.08,38400,4.98,198600,5.09,19400,4.97,167500,5.1,30800,4.96,531000,5.11,30500,4.95,351800,5.12,22200,4.94,63300,5.13,36700,3350000,2068500,15:39:05.941
000931.SZ,000931,20260420,20260420,10:25:45.000,102545000,79,5.04,5.19,5.19,4.95,5.2,5.72,4.68,13046363,6536.7454,12220,5.03,183800,5.04,194600,5.02,72600,5.05,60600,5.01,62000,5.06,38400,5.0,275100,5.07,33300,4.99,129300,5.08,38400,4.98,198600,5.09,19400,4.97,167500,5.1,30800,4.96,531000,5.11,30500,4.95,351800,5.12,22200,4.94,63300,5.13,36700,3350000,2203800,15:39:06.167
000931.SZ,000931,20260420,20260420,10:25:48.000,102548000,79,5.04,5.19,5.19,4.95,5.2,5.72,4.68,13046363,6536.7454,12220,5.03,183800,5.04,195700,5.02,72600,5.05,60600,5.01,62000,5.06,38400,5.0,275100,5.07,33300,4.99,129300,5.08,38400,4.98,198600,5.09,19400,4.97,167500,5.1,30800,4.96,531000,5.11,30500,4.95,351800,5.12,22200,4.94,63300,5.13,36700,3350000,2204900,15:39:06.320
000931.SZ,000931,20260420,20260420,10:25:51.000,102551000,79,5.04,5.19,5.19,4.95,5.2,5.72,4.68,13046363,6536.7454,12220,5.03,183800,5.04,195700,5.02,72600,5.05,60600,5.01,62000,5.06,38400,5.0,275100,5.07,33300,4.99,129300,5.08,38400,4.98,199600,5.09,19400,4.97,167800,5.1,30800,4.96,531000,5.11,30500,4.95,352700,5.12,22200,4.94,63300,5.13,36700,3352200,2204900,15:39:06.463
000931.SZ,000931,20260420,20260420,10:25:54.000,102554000,79,5.04,5.19,5.19,4.95,5.2,5.72,4.68,13047163,6537.1486,12221,5.03,183800,5.04,198300,5.02,72600,5.05,60600,5.01,62000,5.06,38400,5.0,275100,5.07,33300,4.99,129300,5.08,38400,4.98,199600,5.09,19400,4.97,167800,5.1,30800,4.96,531000,5.11,30500,4.95,352700,5.12,22200,4.94,63300,5.13,36700,3352200,2207500,15:39:06.715
000931.SZ,000931,20260420,20260420,10:25:57.000,102557000,79,5.04,5.19,5.19,4.95,5.2,5.72,4.68,13049563,6538.3582,12224,5.03,184600,5.04,196100,5.02,72600,5.05,60600,5.01,62000,5.06,38400,5.0,275100,5.07,33300,4.99,129300,5.08,38400,4.98,194600,5.09,19400,4.97,167800,5.1,30800,4.96,531000,5.11,30500,4.95,352700,5.12,22200,4.94,63300,5.13,36700,3348000,2205300,15:39:06.889
000931.SZ,000931,20260420,20260420,10:26:00.000,102600000,79,5.04,5.19,5.19,4.95,5.2,5.72,4.68,13049563,6538.3582,12224,5.03,184600,5.04,195100,5.02,72600,5.05,60600,5.01,62000,5.06,38400,5.0,275100,5.07,33300,4.99,129300,5.08,38400,4.98,194600,5.09,19400,4.97,167800,5.1,30800,4.96,531000,5.11,30500,4.95,352700,5.12,22200,4.94,63300,5.13,36700,3348000,2204300,15:39:07.289
000931.SZ,000931,20260420,20260420,10:26:03.000,102603000,79,5.04,5.19,5.19,4.95,5.2,5.72,4.68,13049563,6538.3582,12224,5.03,184600,5.04,195100,5.02,72600,5.05,60600,5.01,62000,5.06,38400,5.0,275100,5.07,33300,4.99,129300,5.08,38400,4.98,194600,5.09,19400,4.97,167800,5.1,30800,4.96,531000,5.11,30500,4.95,350300,5.12,22200,4.94,63300,5.13,36700,3345600,2204300,15:39:07.445
000931.SZ,000931,20260420,20260420,10:26:06.000,102606000,79,5.04,5.19,5.19,4.95,5.2,5.72,4.68,13049563,6538.3582,12224,5.03,184600,5.04,197100,5.02,72600,5.05,60600,5.01,62000,5.06,38400,5.0,275100,5.07,33300,4.99,129300,5.08,38400,4.98,194600,5.09,19400,4.97,167800,5.1,35800,4.96,531000,5.11,30500,4.95,350300,5.12,22200,4.94,63300,5.13,36700,3345600,2211300,15:39:07.762
000931.SZ,000931,20260420,20260420,10:26:09.000,102609000,79,5.04,5.19,5.19,4.95,5.2,5.72,4.68,13075063,6551.1898,12237,5.03,164200,5.04,192000,5.02,72600,5.05,60400,5.01,62000,5.06,38400,5.0,275100,5.07,33300,4.99,129300,5.08,38400,4.98,194600,5.09,19400,4.97,167800,5.1,35800,4.96,531000,5.11,30500,4.95,350300,5.12,22200,4.94,63300,5.13,36700,3325200,2206000,15:39:07.879
000931.SZ,000931,20260420,20260420,10:26:12.000,102612000,79,5.04,5.19,5.19,4.95,5.2,5.72,4.68,13075863,6551.593,12239,5.03,164200,5.04,191200,5.02,72600,5.05,60400,5.01,62000,5.06,38400,5.0,275100,5.07,33300,4.99,131000,5.08,38400,4.98,199600,5.09,19400,4.97,167800,5.1,35800,4.96,531000,5.11,30500,4.95,350300,5.12,22200,4.94,63300,5.13,36700,3331900,2206200,15:39:08.051
000931.SZ,000931,20260420,20260420,10:26:15.000,102615000,79,5.04,5.19,5.19,4.95,5.2,5.72,4.68,13075863,6551.593,12239,5.03,164700,5.04,191200,5.02,116600,5.05,60400,5.01,62000,5.06,38400,5.0,275100,5.07,33300,4.99,131000,5.08,38400,4.98,199600,5.09,19400,4.97,167800,5.1,35800,4.96,531000,5.11,30500,4.95,350300,5.12,22200,4.94,63300,5.13,36700,3370500,2206200,15:39:08.356
000931.SZ,000931,20260420,20260420,10:26:18.000,102618000,79,5.04,5.19,5.19,4.95,5.2,5.72,4.68,13075863,6551.593,12239,5.03,165800,5.04,197200,5.02,116600,5.05,60400,5.01,62000,5.06,38400,5.0,310100,5.07,33300,4.99,131000,5.08,38400,4.98,199600,5.09,19400,4.97,167800,5.1,35800,4.96,531000,5.11,30500,4.95,350300,5.12,22200,4.94,63300,5.13,36700,3406600,2212200,15:39:08.460
000931.SZ,000931,20260420,20260420,10:26:21.000,102621000,79,5.04,5.19,5.19,4.95,5.2,5.72,4.68,13075863,6551.593,12239,5.03,165800,5.04,201700,5.02,116600,5.05,60400,5.01,62000,5.06,38400,5.0,310100,5.07,33300,4.99,142200,5.08,38400,4.98,199600,5.09,19400,4.97,167800,5.1,35800,4.96,531000,5.11,30500,4.95,355300,5.12,22200,4.94,63300,5.13,36700,3422800,2216700,15:39:08.683
000931.SZ,000931,20260420,20260420,10:26:24.000,102624000,79,5.03,5.19,5.19,4.95,5.2,5.72,4.68,13076563,6551.9453,12241,5.03,165300,5.04,201600,5.02,116600,5.05,60400,5.01,62000,5.06,38400,5.0,310100,5.07,33300,4.99,142200,5.08,38400,4.98,199600,5.09,19400,4.97,167800,5.1,35800,4.96,531000,5.11,30500,4.95,355300,5.12,22200,4.94,63300,5.13,36700,3422300,2216600,15:39:08.935
000931.SZ,000931,20260420,20260420,10:26:30.000,102630000,79,5.03,5.19,5.19,4.95,5.2,5.72,4.68,13078163,6552.7501,12243,5.03,163700,5.04,203700,5.02,116600,5.05,60400,5.01,64000,5.06,38400,5.0,310100,5.07,33300,4.99,142200,5.08,38400,4.98,199600,5.09,19400,4.97,167800,5.1,35800,4.96,531000,5.11,30500,4.95,355300,5.12,22200,4.94,63300,5.13,36700,3422700,2218700,15:39:09.383
000931.SZ,000931,20260420,20260420,10:26:33.000,102633000,79,5.03,5.19,5.19,4.95,5.2,5.72,4.68,13078163,6552.7501,12243,5.03,166700,5.04,203700,5.02,116600,5.05,60400,5.01,64000,5.06,38400,5.0,314100,5.07,33300,4.99,142200,5.08,38400,4.98,199600,5.09,19400,4.97,168100,5.1,35800,4.96,531000,5.11,30500,4.95,355300,5.12,22200,4.94,63300,5.13,36700,3430000,2218700,15:39:09.455
000931.SZ,000931,20260420,20260420,10:26:39.000,102639000,79,5.03,5.19,5.19,4.95,5.2,5.72,4.68,13083163,6555.2651,12244,5.03,161700,5.04,204700,5.02,116600,5.05,60400,5.01,64000,5.06,38400,5.0,314100,5.07,33300,4.99,142200,5.08,38400,4.98,199600,5.09,19400,4.97,168100,5.1,35800,4.96,531000,5.11,30500,4.95,355300,5.12,22200,4.94,63300,5.13,36700,3425000,2219700,15:39:10.135
000931.SZ,000931,20260420,20260420,10:26:42.000,102642000,79,5.04,5.19,5.19,4.95,5.2,5.72,4.68,13089663,6558.5349,12246,5.03,155700,5.04,204400,5.02,116600,5.05,60400,5.01,64000,5.06,38400,5.0,314100,5.07,33300,4.99,142200,5.08,38400,4.98,199600,5.09,19400,4.97,168100,5.1,35800,4.96,531000,5.11,30500,4.95,355300,5.12,22200,4.94,63300,5.13,36700,3419000,2219400,15:39:10.166
000931.SZ,000931,20260420,20260420,10:26:48.000,102648000,79,5.04,5.19,5.19,4.95,5.2,5.72,4.68,13091863,6559.6437,12248,5.03,155700,5.04,202200,5.02,116600,5.05,60400,5.01,64000,5.06,38400,5.0,314100,5.07,33300,4.99,142200,5.08,38400,4.98,199600,5.09,19400,4.97,168100,5.1,35800,4.96,532000,5.11,30500,4.95,353300,5.12,22200,4.94,63300,5.13,36700,3418000,2217200,15:39:10.582
000931.SZ,000931,20260420,20260420,10:26:51.000,102651000,79,5.04,5.19,5.19,4.95,5.2,5.72,4.68,13091863,6559.6437,12248,5.03,155700,5.04,206600,5.02,116600,5.05,60400,5.01,64000,5.06,38400,5.0,314100,5.07,33300,4.99,140500,5.08,38400,4.98,209500,5.09,19400,4.97,168100,5.1,35800,4.96,532000,5.11,30500,4.95,353300,5.12,22200,4.94,63300,5.13,36700,3426200,2221600,15:39:10.659
000931.SZ,000931,20260420,20260420,10:26:54.000,102654000,79,5.04,5.19,5.19,4.95,5.2,5.72,4.68,13092863,6560.1477,12249,5.03,155700,5.04,205600,5.02,116600,5.05,60400,5.01,64000,5.06,38400,5.0,314100,5.07,33300,4.99,140500,5.08,38400,4.98,209500,5.09,19400,4.97,168100,5.1,35800,4.96,532000,5.11,30500,4.95,353300,5.12,22200,4.94,63300,5.13,36700,3426200,2220600,15:39:10.878
000931.SZ,000931,20260420,20260420,10:27:00.000,102700000,79,5.04,5.19,5.19,4.95,5.2,5.72,4.68,13092863,6560.1477,12249,5.03,163900,5.04,205600,5.02,116600,5.05,60400,5.01,64000,5.06,38400,5.0,314100,5.07,33300,4.99,142500,5.08,38400,4.98,209500,5.09,19400,4.97,168100,5.1,35800,4.96,532000,5.11,30500,4.95,353300,5.12,22200,4.94,63300,5.13,36700,3436400,2220600,15:39:11.295
000931.SZ,000931,20260420,20260420,10:27:03.000,102703000,79,5.03,5.19,5.19,4.95,5.2,5.72,4.68,13093063,6560.2483,12250,5.03,163700,5.04,205600,5.02,116600,5.05,60400,5.01,65000,5.06,38400,5.0,314100,5.07,33300,4.99,142500,5.08,38400,4.98,209500,5.09,19400,4.97,168100,5.1,35800,4.96,532000,5.11,30500,4.95,353300,5.12,22200,4.94,63300,5.13,36700,3437200,2220600,15:39:11.610
000931.SZ,000931,20260420,20260420,10:27:06.000,102706000,79,5.03,5.19,5.19,4.95,5.2,5.72,4.68,13093163,6560.2986,12251,5.03,163800,5.04,205600,5.02,116600,5.05,60400,5.01,65000,5.06,38400,5.0,314100,5.07,33300,4.99,142500,5.08,38400,4.98,209500,5.09,19400,4.97,168100,5.1,35800,4.96,532000,5.11,30500,4.95,353300,5.12,22200,4.94,63300,5.13,36700,3437300,2220600,15:39:11.848
000931.SZ,000931,20260420,20260420,10:27:09.000,102709000,79,5.03,5.19,5.19,4.95,5.2,5.72,4.68,13093463,6560.4495,12254,5.03,164600,5.04,205800,5.02,116600,5.05,60400,5.01,65000,5.06,38400,5.0,314100,5.07,33300,4.99,142500,5.08,38400,4.98,209500,5.09,19400,4.97,168100,5.1,35800,4.96,532000,5.11,30500,4.95,353300,5.12,22200,4.94,63300,5.13,36700,3438100,2220800,15:39:12.044
000931.SZ,000931,20260420,20260420,10:27:12.000,102712000,79,5.04,5.19,5.19,4.95,5.2,5.72,4.68,13093663,6560.5503,12255,5.03,164600,5.04,205600,5.02,116600,5.05,60400,5.01,65000,5.06,43400,5.0,314100,5.07,33300,4.99,142500,5.08,38400,4.98,209500,5.09,19400,4.97,168100,5.1,35800,4.96,532000,5.11,30500,4.95,353300,5.12,22200,4.94,63300,5.13,36700,3441100,2225600,15:39:12.169
000931.SZ,000931,20260420,20260420,10:27:21.000,102721000,79,5.03,5.19,5.19,4.95,5.2,5.72,4.68,13094163,6560.8018,12256,5.03,164100,5.04,210100,5.02,116600,5.05,60400,5.01,65000,5.06,43400,5.0,314100,5.07,33300,4.99,142500,5.08,38400,4.98,209500,5.09,19400,4.97,168100,5.1,35800,4.96,532000,5.11,30500,4.95,353300,5.12,22200,4.94,63300,5.13,36700,3440600,2230100,15:39:12.742
000931.SZ,000931,20260420,20260420,10:27:27.000,102727000,79,5.03,5.19,5.19,4.95,5.2,5.72,4.68,13094163,6560.8018,12256,5.03,164100,5.04,210100,5.02,116600,5.05,54400,5.01,65000,5.06,43400,5.0,314100,5.07,33300,4.99,142500,5.08,38400,4.98,209500,5.09,19400,4.97,168100,5.1,35800,4.96,532000,5.11,30500,4.95,353300,5.12,22200,4.94,63300,5.13,36700,3440600,2224100,15:39:13.160
000931.SZ,000931,20260420,20260420,10:27:30.000,102730000,79,5.03,5.19,5.19,4.95,5.2,5.72,4.68,13094663,6561.0537,12258,5.03,164000,5.04,209700,5.02,116600,5.05,54400,5.01,65000,5.06,43400,5.0,314100,5.07,33300,4.99,142500,5.08,38400,4.98,209500,5.09,19400,4.97,168100,5.1,35800,4.96,532000,5.11,30500,4.95,353300,5.12,22200,4.94,63300,5.13,36700,3440500,2223700,15:39:13.285
000931.SZ,000931,20260420,20260420,10:27:39.000,102739000,79,5.03,5.19,5.19,4.95,5.2,5.72,4.68,13094663,6561.0537,12258,5.03,169000,5.04,209700,5.02,126600,5.05,54400,5.01,65000,5.06,43400,5.0,314100,5.07,33300,4.99,142500,5.08,38400,4.98,209500,5.09,19400,4.97,168100,5.1,35800,4.96,532000,5.11,30500,4.95,353300,5.12,22200,4.94,63300,5.13,36700,3455500,2223700,15:39:13.874
000931.SZ,000931,20260420,20260420,10:27:42.000,102742000,79,5.04,5.19,5.19,4.95,5.2,5.72,4.68,13095463,6561.4569,12259,5.03,169900,5.04,208900,5.02,126600,5.05,54400,5.01,65000,5.06,43400,5.0,314100,5.07,33300,4.99,142500,5.08,38400,4.98,209500,5.09,19400,4.97,168100,5.1,35800,4.96,532000,5.11,30500,4.95,353300,5.12,22200,4.94,63300,5.13,36700,3456400,2222900,15:39:14.141
000931.SZ,000931,20260420,20260420,10:27:45.000,102745000,79,5.03,5.19,5.19,4.95,5.2,5.72,4.68,13096963,6562.2114,12260,5.03,168400,5.04,209100,5.02,126600,5.05,54400,5.01,65000,5.06,43400,5.0,314100,5.07,33300,4.99,142500,5.08,38400,4.98,209500,5.09,19400,4.97,168100,5.1,35800,4.96,532000,5.11,30500,4.95,353300,5.12,22200,4.94,63300,5.13,36700,3454900,2223100,15:39:14.260
000931.SZ,000931,20260420,20260420,10:27:48.000,102748000,79,5.03,5.19,5.19,4.95,5.2,5.72,4.68,13096963,6562.2114,12260,5.03,168600,5.04,209100,5.02,126600,5.05,54400,5.01,65000,5.06,43400,5.0,314100,5.07,33300,4.99,142500,5.08,38400,4.98,209500,5.09,19400,4.97,168100,5.1,35800,4.96,532000,5.11,30500,4.95,353300,5.12,22200,4.94,63300,5.13,36700,3455100,2223100,15:39:14.502
000931.SZ,000931,20260420,20260420,10:27:54.000,102754000,79,5.03,5.19,5.19,4.95,5.2,5.72,4.68,13096963,6562.2114,12260,5.03,168600,5.04,213600,5.02,126600,5.05,54400,5.01,65000,5.06,43400,5.0,314100,5.07,33300,4.99,142500,5.08,38400,4.98,209500,5.09,19400,4.97,168100,5.1,35800,4.96,532000,5.11,30500,4.95,353300,5.12,22200,4.94,63300,5.13,36700,3455100,2227600,15:39:14.744
000931.SZ,000931,20260420,20260420,10:27:57.000,102757000,79,5.03,5.19,5.19,4.95,5.2,5.72,4.68,13096963,6562.2114,12260,5.03,169800,5.04,216200,5.02,126600,5.05,54400,5.01,65000,5.06,43400,5.0,314100,5.07,33300,4.99,142500,5.08,38400,4.98,209500,5.09,19400,4.97,168100,5.1,35800,4.96,532000,5.11,30500,4.95,353300,5.12,22200,4.94,63300,5.13,36700,3456300,2230200,15:39:14.982
000931.SZ,000931,20260420,20260420,10:28:00.000,102800000,79,5.03,5.19,5.19,4.95,5.2,5.72,4.68,13096963,6562.2114,12260,5.03,169800,5.04,216200,5.02,126600,5.05,54400,5.01,65000,5.06,43400,5.0,314100,5.07,33300,4.99,142500,5.08,38400,4.98,209500,5.09,19400,4.97,168100,5.1,35800,4.96,532000,5.11,30500,4.95,353300,5.12,22200,4.94,63300,5.13,36700,3456800,2230200,15:39:15.302
000931.SZ,000931,20260420,20260420,10:28:03.000,102803000,79,5.03,5.19,5.19,4.95,5.2,5.72,4.68,13096963,6562.2114,12260,5.03,169700,5.04,216300,5.02,126600,5.05,54400,5.01,65000,5.06,43400,5.0,314100,5.07,33300,4.99,142500,5.08,38400,4.98,211400,5.09,19400,4.97,168100,5.1,35800,4.96,532000,5.11,30500,4.95,353300,5.12,22200,4.94,63300,5.13,36700,3456300,2230300,15:39:15.552
000931.SZ,000931,20260420,20260420,10:28:06.000,102806000,79,5.03,5.19,5.19,4.95,5.2,5.72,4.68,13096963,6562.2114,12260,5.03,169800,5.04,216700,5.02,126600,5.05,54400,5.01,65000,5.06,43400,5.0,314100,5.07,33300,4.99,142500,5.08,38400,4.98,211400,5.09,19400,4.97,168100,5.1,35800,4.96,532000,5.11,30500,4.95,353300,5.12,22200,4.94,63300,5.13,36700,3456400,2230700,15:39:15.741
000931.SZ,000931,20260420,20260420,10:28:09.000,102809000,79,5.03,5.19,5.19,4.95,5.2,5.72,4.68,13124963,6576.3006,12292,5.03,147200,5.04,211500,5.02,126600,5.05,54400,5.01,65000,5.06,43400,5.0,314100,5.07,33300,4.99,142500,5.08,38400,4.98,211500,5.09,19400,4.97,168100,5.1,35800,4.96,532000,5.11,30500,4.95,353300,5.12,22200,4.94,63300,5.13,36700,3433900,2225500,15:39:15.941
000931.SZ,000931,20260420,20260420,10:28:12.000,102812000,79,5.03,5.19,5.19,4.95,5.2,5.72,4.68,13125563,6576.6024,12298,5.03,141500,5.04,211300,5.02,126600,5.05,54400,5.01,65500,5.06,43400,5.0,314100,5.07,33300,4.99,142500,5.08,38400,4.98,211500,5.09,19400,4.97,168100,5.1,35800,4.96,532000,5.11,30500,4.95,353300,5.12,22200,4.94,63300,5.13,36700,3428700,2225300,15:39:16.238
000931.SZ,000931,20260420,20260420,10:28:15.000,102815000,79,5.03,5.19,5.19,4.95,5.2,5.72,4.68,13125763,6576.703,12299,5.03,141300,5.04,211300,5.02,126600,5.05,54400,5.01,65500,5.06,43400,5.0,314100,5.07,33300,4.99,142500,5.08,38400,4.98,211500,5.09,19400,4.97,168100,5.1,35800,4.96,532000,5.11,30500,4.95,355800,5.12,22200,4.94,63300,5.13,36700,3431000,2225300,15:39:16.379
000931.SZ,000931,20260420,20260420,10:28:18.000,102818000,79,5.03,5.19,5.19,4.95,5.2,5.72,4.68,13125763,6576.703,12299,5.03,141500,5.04,211500,5.02,126600,5.05,54400,5.01,65500,5.06,43400,5.0,314100,5.07,33300,4.99,142500,5.08,38400,4.98,211500,5.09,19400,4.97,168100,5.1,35800,4.96,532000,5.11,30500,4.95,355800,5.12,22200,4.94,63300,5.13,36700,3431200,2225500,15:39:16.537
000931.SZ,000931,20260420,20260420,10:28:24.000,102824000,79,5.03,5.19,5.19,4.95,5.2,5.72,4.68,13126563,6577.106,12301,5.03,146300,5.04,215300,5.02,126600,5.05,54400,5.01,65500,5.06,43400,5.0,314100,5.07,33300,4.99,142500,5.08,38400,4.98,211500,5.09,19400,4.97,168100,5.1,35800,4.96,532000,5.11,30500,4.95,355800,5.12,22200,4.94,63300,5.13,36700,3436000,2229300,15:39:16.920
000931.SZ,000931,20260420,20260420,10:28:27.000,102827000,79,5.04,5.19,5.19,4.95,5.2,5.72,4.68,13127363,6577.5092,12303,5.03,146300,5.04,214500,5.02,126600,5.05,54400,5.01,65500,5.06,43400,5.0,314100,5.07,33300,4.99,142500,5.08,38400,4.98,211500,5.09,19400,4.97,168100,5.1,35800,4.96,532000,5.11,30500,4.95,355800,5.12,22200,4.94,63300,5.13,36700,3436000,2228500,15:39:17.072
000931.SZ,000931,20260420,20260420,10:28:30.000,102830000,79,5.04,5.19,5.19,4.95,5.2,5.72,4.68,13127363,6577.5092,12303,5.03,146200,5.04,214400,5.02,126600,5.05,54400,5.01,65500,5.06,43400,5.0,314100,5.07,33300,4.99,142500,5.08,38400,4.98,211500,5.09,19400,4.97,168100,5.1,35800,4.96,532000,5.11,30500,4.95,355400,5.12,22200,4.94,63300,5.13,36700,3435500,2228400,15:39:17.318
000931.SZ,000931,20260420,20260420,10:28:33.000,102833000,79,5.03,5.19,5.19,4.95,5.2,5.72,4.68,13131063,6579.3703,12305,5.03,119400,5.04,217100,5.02,126600,5.05,54400,5.01,65500,5.06,43400,5.0,314100,5.07,33300,4.99,142500,5.08,38400,4.98,211500,5.09,19400,4.97,168100,5.1,35800,4.96,532000,5.11,30500,4.95,355400,5.12,22200,4.94,63300,5.13,36700,3408700,2231100,15:39:17.443
000931.SZ,000931,20260420,20260420,10:28:36.000,102836000,79,5.03,5.19,5.19,4.95,5.2,5.72,4.68,13131063,6579.3703,12305,5.03,115700,5.04,217100,5.02,126600,5.05,54400,5.01,65500,5.06,43400,5.0,314100,5.07,33300,4.99,142500,5.08,38400,4.98,211500,5.09,19400,4.97,168100,5.1,35800,4.96,530000,5.11,30500,4.95,355400,5.12,22200,4.94,63300,5.13,36700,3403000,2231100,15:39:17.585
000931.SZ,000931,20260420,20260420,10:28:39.000,102839000,79,5.03,5.19,5.19,4.95,5.2,5.72,4.68,13131063,6579.3703,12305,5.03,117400,5.04,217100,5.02,126600,5.05,54400,5.01,65500,5.06,43400,5.0,314100,5.07,33300,4.99,142500,5.08,38400,4.98,211500,5.09,19400,4.97,168100,5.1,35800,4.96,530000,5.11,30500,4.95,355400,5.12,22200,4.94,63300,5.13,36700,3404700,2231100,15:39:17.718
000931.SZ,000931,20260420,20260420,10:28:45.000,102845000,79,5.04,5.19,5.19,4.95,5.2,5.72,4.68,13131163,6579.4207,12306,5.03,122400,5.04,217000,5.02,126600,5.05,54400,5.01,65500,5.06,43400,5.0,314100,5.07,33300,4.99,142500,5.08,38400,4.98,209600,5.09,19400,4.97,168100,5.1,35800,4.96,530000,5.11,30500,4.95,355400,5.12,22200,4.94,63300,5.13,36700,3407800,2231000,15:39:18.153
000931.SZ,000931,20260420,20260420,10:28:48.000,102848000,79,5.04,5.19,5.19,4.95,5.2,5.72,4.68,13131163,6579.4207,12306,5.03,122500,5.04,217000,5.02,126600,5.05,50500,5.01,65500,5.06,43400,5.0,314100,5.07,33300,4.99,142500,5.08,38400,4.98,209600,5.09,19400,4.97,168100,5.1,35800,4.96,530000,5.11,30500,4.95,355400,5.12,22200,4.94,63300,5.13,36700,3407900,2227100,15:39:18.334
000931.SZ,000931,20260420,20260420,10:28:51.000,102851000,79,5.04,5.19,5.19,4.95,5.2,5.72,4.68,13131163,6579.4207,12306,5.03,122500,5.04,217000,5.02,126600,5.05,50500,5.01,65500,5.06,43400,5.0,314100,5.07,33300,4.99,142500,5.08,38400,4.98,209600,5.09,19400,4.97,168100,5.1,35800,4.96,529700,5.11,30500,4.95,355400,5.12,22200,4.94,63300,5.13,36700,3407600,2227100,15:39:18.460
000931.SZ,000931,20260420,20260420,10:28:54.000,102854000,79,5.04,5.19,5.19,4.95,5.2,5.72,4.68,13136163,6581.9407,12312,5.03,123600,5.04,216700,5.02,126600,5.05,50500,5.01,65800,5.06,43400,5.0,314100,5.07,33300,4.99,142500,5.08,38400,4.98,209600,5.09,19400,4.97,168100,5.1,35800,4.96,529700,5.11,30500,4.95,355400,5.12,22200,4.94,63300,5.13,36700,3411000,2226800,15:39:18.684
000931.SZ,000931,20260420,20260420,10:28:57.000,102857000,79,5.04,5.19,5.19,4.95,5.2,5.72,4.68,13136163,6581.9407,12312,5.03,123600,5.04,216700,5.02,126600,5.05,50500,5.01,65800,5.06,43400,5.0,314100,5.07,33300,4.99,142500,5.08,38400,4.98,210000,5.09,19400,4.97,168100,5.1,35800,4.96,529700,5.11,30500,4.95,355400,5.12,22200,4.94,63300,5.13,36700,3411400,2226800,15:39:18.810
000931.SZ,000931,20260420,20260420,10:29:00.000,102900000,79,5.04,5.19,5.19,4.95,5.2,5.72,4.68,13137863,6582.7975,12313,5.03,123600,5.04,215000,5.02,126600,5.05,47200,5.01,65800,5.06,43400,5.0,314100,5.07,33300,4.99,142500,5.08,38400,4.98,210000,5.09,19400,4.97,168100,5.1,35800,4.96,529700,5.11,30500,4.95,355400,5.12,22200,4.94,63300,5.13,36700,3411400,2221800,15:39:19.012
000931.SZ,000931,20260420,20260420,10:29:06.000,102906000,79,5.04,5.19,5.19,4.95,5.2,5.72,4.68,13137863,6582.7975,12313,5.03,123600,5.04,215000,5.02,126600,5.05,47200,5.01,65800,5.06,43400,5.0,314100,5.07,33300,4.99,142500,5.08,38400,4.98,210000,5.09,19400,4.97,168100,5.1,35800,4.96,529700,5.11,30500,4.95,360400,5.12,22200,4.94,63300,5.13,36700,3416400,2221800,15:39:19.587
000931.SZ,000931,20260420,20260420,10:29:09.000,102909000,79,5.04,5.19,5.19,4.95,5.2,5.72,4.68,13138663,6583.2007,12314,5.03,123700,5.04,214200,5.02,126600,5.05,47200,5.01,65800,5.06,43400,5.0,314100,5.07,33300,4.99,142500,5.08,38400,4.98,210000,5.09,19400,4.97,168100,5.1,35800,4.96,531700,5.11,30500,4.95,360400,5.12,22200,4.94,63300,5.13,36700,3418500,2221000,15:39:19.679
000931.SZ,000931,20260420,20260420,10:29:12.000,102912000,79,5.03,5.19,5.19,4.95,5.2,5.72,4.68,13139363,6583.5528,12315,5.03,126400,5.04,214200,5.02,129100,5.05,47200,5.01,65800,5.06,43400,5.0,314100,5.07,33300,4.99,152500,5.08,38400,4.98,210000,5.09,19400,4.97,168100,5.1,35800,4.96,531700,5.11,30500,4.95,360400,5.12,22200,4.94,63300,5.13,36700,3433700,2221000,15:39:19.857
000931.SZ,000931,20260420,20260420,10:29:15.000,102915000,79,5.04,5.19,5.19,4.95,5.2,5.72,4.68,13148163,6587.988,12316,5.03,126400,5.04,205400,5.02,129100,5.05,47200,5.01,65800,5.06,43400,5.0,314100,5.07,33300,4.99,152500,5.08,38400,4.98,210000,5.09,19400,4.97,168100,5.1,35800,4.96,531700,5.11,30500,4.95,360400,5.12,22200,4.94,63300,5.13,36700,3433700,2212200,15:39:20.024
000931.SZ,000931,20260420,20260420,10:29:18.000,102918000,79,5.04,5.19,5.19,4.95,5.2,5.72,4.68,13148863,6588.3408,12319,5.03,126400,5.04,204700,5.02,129100,5.05,47200,5.01,65800,5.06,43400,5.0,314900,5.07,33300,4.99,152500,5.08,38400,4.98,210000,5.09,19400,4.97,168100,5.1,35800,4.96,531700,5.11,30500,4.95,360400,5.12,22200,4.94,63300,5.13,36700,3434500,2211500,15:39:20.278
000931.SZ,000931,20260420,20260420,10:29:21.000,102921000,79,5.04,5.19,5.19,4.95,5.2,5.72,4.68,13148863,6588.3408,12319,5.03,126400,5.04,204700,5.02,129100,5.05,47200,5.01,65800,5.06,43400,5.0,310900,5.07,33300,4.99,152500,5.08,38400,4.98,210000,5.09,19400,4.97,199800,5.1,35800,4.96,531900,5.11,30500,4.95,360900,5.12,22200,4.94,63300,5.13,36700,3462900,2211500,15:39:20.573
000931.SZ,000931,20260420,20260420,10:29:24.000,102924000,79,5.03,5.19,5.19,4.95,5.2,5.72,4.68,13148963,6588.3911,12320,5.03,124700,5.04,209100,5.02,129100,5.05,47200,5.01,65800,5.06,43400,5.0,310900,5.07,33300,4.99,152500,5.08,38400,4.98,210000,5.09,19400,4.97,199800,5.1,35800,4.96,531900,5.11,30500,4.95,360900,5.12,22200,4.94,63300,5.13,36700,3462200,2215900,15:39:20.692
000931.SZ,000931,20260420,20260420,10:29:27.000,102927000,79,5.03,5.19,5.19,4.95,5.2,5.72,4.68,13149863,6588.8438,12322,5.03,123800,5.04,209100,5.02,129100,5.05,47200,5.01,65800,5.06,43400,5.0,310900,5.07,33300,4.99,152500,5.08,38400,4.98,210000,5.09,19400,4.97,199800,5.1,35800,4.96,531900,5.11,30500,4.95,360900,5.12,22200,4.94,63300,5.13,36700,3461300,2215900,15:39:20.811
000931.SZ,000931,20260420,20260420,10:29:30.000,102930000,79,5.03,5.19,5.19,4.95,5.2,5.72,4.68,13150263,6589.045,12323,5.03,123400,5.04,209100,5.02,133100,5.05,47200,5.01,65800,5.06,43400,5.0,310900,5.07,33300,4.99,152800,5.08,38400,4.98,210000,5.09,19400,4.97,199800,5.1,35800,4.96,531900,5.11,30500,4.95,360900,5.12,22200,4.94,63300,5.13,36700,3465200,2215900,15:39:20.969
000931.SZ,000931,20260420,20260420,10:29:33.000,102933000,79,5.04,5.19,5.19,4.95,5.2,5.72,4.68,13151263,6589.5481,12327,5.03,122500,5.04,209000,5.02,133100,5.05,47200,5.01,68300,5.06,43400,5.0,310900,5.07,33300,4.99,152700,5.08,38400,4.98,210000,5.09,19400,4.97,199800,5.1,35800,4.96,531900,5.11,30500,4.95,360900,5.12,22200,4.94,63300,5.13,36700,3466700,2215800,15:39:21.282
000931.SZ,000931,20260420,20260420,10:29:36.000,102936000,79,5.04,5.19,5.19,4.95,5.2,5.72,4.68,13152663,6590.2535,12336,5.03,122200,5.04,207800,5.02,134800,5.05,47200,5.01,68300,5.06,43400,5.0,310900,5.07,33300,4.99,152700,5.08,38400,4.98,209800,5.09,19400,4.97,199300,5.1,35800,4.96,531900,5.11,30500,4.95,360900,5.12,22200,4.94,63300,5.13,36700,3467400,2214600,15:39:21.470
000931.SZ,000931,20260420,20260420,10:29:39.000,102939000,79,5.04,5.19,5.19,4.95,5.2,5.72,4.68,13153963,6590.9084,12341,5.03,121900,5.04,206800,5.02,134800,5.05,46900,5.01,68300,5.06,43400,5.0,310900,5.07,33300,4.99,152700,5.08,38400,4.98,208900,5.09,19400,4.97,199300,5.1,35800,4.96,531900,5.11,30500,4.95,360900,5.12,22200,4.94,63300,5.13,36700,3466200,2213300,15:39:21.611
000931.SZ,000931,20260420,20260420,10:29:42.000,102942000,79,5.03,5.19,5.19,4.95,5.2,5.72,4.68,13155063,6591.4626,12343,5.03,121700,5.04,205500,5.02,134800,5.05,46900,5.01,68300,5.06,46700,5.0,310900,5.07,33300,4.99,152700,5.08,38400,4.98,208900,5.09,19400,4.97,199300,5.1,35800,4.96,536900,5.11,30500,4.95,360900,5.12,22200,4.94,63300,5.13,36700,3471000,2215300,15:39:21.843
000931.SZ,000931,20260420,20260420,10:29:45.000,102945000,79,5.03,5.19,5.19,4.95,5.2,5.72,4.68,13155263,6591.5632,12344,5.03,121500,5.04,205500,5.02,134800,5.05,46900,5.01,68300,5.06,46700,5.0,310900,5.07,33300,4.99,152700,5.08,38400,4.98,208900,5.09,19400,4.97,199300,5.1,35800,4.96,548200,5.11,30500,4.95,360900,5.12,22200,4.94,63300,5.13,36700,3482100,2215300,15:39:21.968
000931.SZ,000931,20260420,20260420,10:29:51.000,102951000,79,5.03,5.19,5.19,4.95,5.2,5.72,4.68,13155263,6591.5632,12344,5.03,121700,5.04,205500,5.02,134800,5.05,46900,5.01,68300,5.06,46700,5.0,310900,5.07,33300,4.99,152700,5.08,38400,4.98,208900,5.09,19400,4.97,199300,5.1,35800,4.96,548200,5.11,30500,4.95,360900,5.12,22200,4.94,63300,5.13,36700,3482300,2215300,15:39:22.419
000931.SZ,000931,20260420,20260420,10:29:54.000,102954000,79,5.03,5.19,5.19,4.95,5.2,5.72,4.68,13155263,6591.5632,12344,5.03,121700,5.04,210000,5.02,134800,5.05,46900,5.01,68300,5.06,46700,5.0,310900,5.07,33300,4.99,152700,5.08,38400,4.98,208900,5.09,19400,4.97,199300,5.1,35800,4.96,548200,5.11,30500,4.95,360900,5.12,22200,4.94,63300,5.13,36700,3482300,2219800,15:39:22.573
000931.SZ,000931,20260420,20260420,10:29:57.000,102957000,79,5.03,5.19,5.19,4.95,5.2,5.72,4.68,13199563,6613.8461,12377,5.03,77400,5.04,212400,5.02,134800,5.05,46900,5.01,68300,5.06,46700,5.0,313200,5.07,33300,4.99,152700,5.08,38400,4.98,208900,5.09,19400,4.97,199300,5.1,35800,4.96,548200,5.11,30500,4.95,360900,5.12,22200,4.94,63300,5.13,36700,3440300,2222200,15:39:22.718
000931.SZ,000931,20260420,20260420,10:30:00.000,103000000,79,5.03,5.19,5.19,4.95,5.2,5.72,4.68,13200663,6614.3994,12380,5.03,76300,5.04,212800,5.02,134800,5.05,46900,5.01,68300,5.06,46700,5.0,313200,5.07,33300,4.99,152700,5.08,38400,4.98,208900,5.09,19400,4.97,199300,5.1,35800,4.96,548200,5.11,30500,4.95,360900,5.12,22200,4.94,63300,5.13,36700,3439200,2222700,15:39:22.911
000931.SZ,000931,20260420,20260420,10:30:03.000,103003000,79,5.03,5.19,5.19,4.95,5.2,5.72,4.68,13283563,6656.0981,12488,5.02,134800,5.03,57400,5.01,68300,5.04,210000,5.0,313200,5.05,46900,4.99,152700,5.06,46700,4.98,208900,5.07,33300,4.97,199300,5.08,38400,4.96,548200,5.09,19400,4.95,360900,5.1,35800,4.94,63300,5.11,30500,4.93,63000,5.12,22200,3364900,2277300,15:39:23.151
000931.SZ,000931,20260420,20260420,10:30:06.000,103006000,79,5.03,5.19,5.19,4.95,5.2,5.72,4.68,13286063,6657.3556,12490,5.02,135900,5.03,103600,5.01,68300,5.04,209100,5.0,311200,5.05,46900,4.99,152700,5.06,42300,4.98,208900,5.07,33300,4.97,199300,5.08,38400,4.96,548200,5.09,19400,4.95,360900,5.1,35800,4.94,63300,5.11,30500,4.93,63000,5.12,22200,3364000,2318200,15:39:23.416
000931.SZ,000931,20260420,20260420,10:30:09.000,103009000,79,5.03,5.19,5.19,4.95,5.2,5.72,4.68,13292163,6660.4239,12498,5.02,135300,5.03,126300,5.01,68300,5.04,209100,5.0,311200,5.05,46900,4.99,152700,5.06,42300,4.98,208900,5.07,33300,4.97,199300,5.08,38400,4.96,548200,5.09,19400,4.95,360900,5.1,35800,4.94,63300,5.11,30500,4.93,63000,5.12,22200,3363400,2341000,15:39:23.604
000931.SZ,000931,20260420,20260420,10:30:12.000,103012000,79,5.03,5.19,5.19,4.95,5.2,5.72,4.68,13292163,6660.4239,12498,5.02,135300,5.03,126300,5.01,68300,5.04,209100,5.0,311200,5.05,46900,4.99,152700,5.06,42300,4.98,208900,5.07,33300,4.97,199300,5.08,38400,4.96,548200,5.09,19400,4.95,360900,5.1,35800,4.94,63300,5.11,30500,4.93,63000,5.12,22200,3362900,2341000,15:39:23.702
000931.SZ,000931,20260420,20260420,10:30:15.000,103015000,79,5.03,5.19,5.19,4.95,5.2,5.72,4.68,13292163,6660.4239,12498,5.02,136600,5.03,126300,5.01,53600,5.04,209100,5.0,311200,5.05,46900,4.99,152700,5.06,42300,4.98,208900,5.07,33300,4.97,199300,5.08,38400,4.96,548200,5.09,19400,4.95,360900,5.1,35800,4.94,63300,5.11,30500,4.93,63000,5.12,22200,3349500,2341000,15:39:23.920
000931.SZ,000931,20260420,20260420,10:30:18.000,103018000,79,5.03,5.19,5.19,4.95,5.2,5.72,4.68,13292163,6660.4239,12498,5.02,136700,5.03,128100,5.01,53600,5.04,209100,5.0,311200,5.05,46900,4.99,152700,5.06,42300,4.98,208900,5.07,33300,4.97,199300,5.08,38400,4.96,548200,5.09,19400,4.95,360900,5.1,35800,4.94,63300,5.11,30500,4.93,63000,5.12,22200,3349600,2342800,15:39:24.199
000931.SZ,000931,20260420,20260420,10:30:21.000,103021000,79,5.02,5.19,5.19,4.95,5.2,5.72,4.68,13299963,6664.3395,12503,5.02,66700,5.03,151900,5.01,53600,5.04,209100,5.0,311200,5.05,45200,4.99,152700,5.06,42300,4.98,208900,5.07,33300,4.97,199300,5.08,38400,4.96,548200,5.09,19400,4.95,360900,5.1,35800,4.94,63300,5.11,30500,4.93,63000,5.12,22200,3279600,2364900,15:39:24.308
000931.SZ,000931,20260420,20260420,10:30:24.000,103024000,79,5.02,5.19,5.19,4.95,5.2,5.72,4.68,13304163,6666.4479,12513,5.02,62400,5.03,152500,5.01,53600,5.04,209100,5.0,311200,5.05,45200,4.99,152700,5.06,42300,4.98,208900,5.07,33300,4.97,199300,5.08,38400,4.96,548200,5.09,19400,4.95,360900,5.1,35800,4.94,63300,5.11,30500,4.93,63000,5.12,22200,3275300,2365500,15:39:24.558
000931.SZ,000931,20260420,20260420,10:30:27.000,103027000,79,5.02,5.19,5.19,4.95,5.2,5.72,4.68,13308163,6668.4559,12541,5.02,58400,5.03,72700,5.01,53600,5.04,209300,5.0,311200,5.05,45200,4.99,152700,5.06,42300,4.98,208900,5.07,33300,4.97,199300,5.08,38400,4.96,548200,5.09,19400,4.95,360900,5.1,35800,4.94,63300,5.11,30500,4.93,63000,5.12,22200,3271300,2285900,15:39:24.781
000931.SZ,000931,20260420,20260420,10:30:30.000,103030000,79,5.02,5.19,5.19,4.95,5.2,5.72,4.68,13308763,6668.7571,12546,5.02,58900,5.03,71600,5.01,53600,5.04,209300,5.0,311200,5.05,45200,4.99,134600,5.06,42300,4.98,208900,5.07,33300,4.97,199300,5.08,38400,4.96,548200,5.09,19400,4.95,360900,5.1,35800,4.94,63300,5.11,30500,4.93,63000,5.12,22200,3253700,2284800,15:39:24.925
000931.SZ,000931,20260420,20260420,10:30:33.000,103033000,79,5.02,5.19,5.19,4.95,5.2,5.72,4.68,13312963,6670.8655,12560,5.02,55900,5.03,71600,5.01,53600,5.04,209300,5.0,311200,5.05,45200,4.99,134600,5.06,42300,4.98,208900,5.07,33300,4.97,199300,5.08,38400,4.96,548400,5.09,19400,4.95,360900,5.1,35800,4.94,63300,5.11,30500,4.93,63000,5.12,22200,3250900,2284800,15:39:25.196
000931.SZ,000931,20260420,20260420,10:30:36.000,103036000,79,5.02,5.19,5.19,4.95,5.2,5.72,4.68,13314463,6671.6185,12566,5.02,56000,5.03,74100,5.01,53600,5.04,209300,5.0,311200,5.05,45200,4.99,134600,5.06,42300,4.98,208900,5.07,33300,4.97,199300,5.08,38400,4.96,548400,5.09,19400,4.95,360900,5.1,35800,4.94,63300,5.11,30500,4.93,63000,5.12,22200,3251000,2287300,15:39:25.502
000931.SZ,000931,20260420,20260420,10:30:39.000,103039000,79,5.02,5.19,5.19,4.95,5.2,5.72,4.68,13316163,6672.4719,12569,5.02,54800,5.03,74400,5.01,53600,5.04,209300,5.0,311200,5.05,45200,4.99,134600,5.06,42300,4.98,208900,5.07,33300,4.97,181200,5.08,38400,4.96,548400,5.09,19400,4.95,360900,5.1,35800,4.94,63300,5.11,30500,4.93,63000,5.12,22200,3231700,2287600,15:39:25.731
000931.SZ,000931,20260420,20260420,10:30:42.000,103042000,79,5.02,5.19,5.19,4.95,5.2,5.72,4.68,13330763,6679.8011,12592,5.02,40200,5.03,87200,5.01,53600,5.04,209300,5.0,311200,5.05,45200,4.99,134600,5.06,42300,4.98,208900,5.07,33300,4.97,181200,5.08,38400,4.96,548400,5.09,19400,4.95,360900,5.1,35800,4.94,63300,5.11,30500,4.93,63000,5.12,22200,3217100,2300400,15:39:25.797
000931.SZ,000931,20260420,20260420,10:30:45.000,103045000,79,5.01,5.19,5.19,4.95,5.2,5.72,4.68,13371463,6700.232,12646,5.01,53100,5.02,43400,5.0,163100,5.03,79400,4.99,134600,5.04,209300,4.98,208900,5.05,45200,4.97,181200,5.06,42300,4.96,548400,5.07,33300,4.95,360900,5.08,38400,4.94,63300,5.09,19400,4.93,63000,5.1,35800,4.92,178200,5.11,30500,3028300,2336000,15:39:26.045
000931.SZ,000931,20260420,20260420,10:30:48.000,103048000,79,5.01,5.19,5.19,4.95,5.2,5.72,4.68,13371463,6700.232,12646,5.01,58400,5.02,14500,5.0,163100,5.03,79200,4.99,134600,5.04,206600,4.98,208900,5.05,45200,4.97,181200,5.06,42300,4.96,548400,5.07,33300,4.95,360900,5.08,38400,4.94,63300,5.09,19400,4.93,63000,5.1,35800,4.92,178200,5.11,30500,3033600,2304200,15:39:26.185
000931.SZ,000931,20260420,20260420,10:30:51.000,103051000,79,5.01,5.19,5.19,4.95,5.2,5.72,4.68,13371463,6700.232,12646,5.01,58400,5.02,43100,5.0,163100,5.03,79200,4.99,134600,5.04,206600,4.98,208900,5.05,40700,4.97,181200,5.06,31200,4.96,548400,5.07,33300,4.95,360900,5.08,38400,4.94,63300,5.09,19400,4.93,63000,5.1,35800,4.92,178200,5.11,30500,3033600,2308000,15:39:26.433
000931.SZ,000931,20260420,20260420,10:30:54.000,103054000,79,5.01,5.19,5.19,4.95,5.2,5.72,4.68,13371463,6700.232,12646,5.01,58400,5.02,42900,5.0,163100,5.03,79200,4.99,134600,5.04,206600,4.98,208900,5.05,40700,4.97,181200,5.06,31200,4.96,548400,5.07,33300,4.95,360900,5.08,38400,4.94,63300,5.09,19400,4.93,63000,5.1,35800,4.92,178200,5.11,30500,3033600,2307800,15:39:26.699
000931.SZ,000931,20260420,20260420,10:30:57.000,103057000,79,5.01,5.19,5.19,4.95,5.2,5.72,4.68,13371463,6700.232,12646,5.01,58500,5.02,43100,5.0,163100,5.03,79200,4.99,134600,5.04,206600,4.98,208900,5.05,40700,4.97,181200,5.06,31200,4.96,548400,5.07,33300,4.95,360900,5.08,38400,4.94,63300,5.09,19400,4.93,63000,5.1,35800,4.92,178200,5.11,30500,3033700,2308000,15:39:26.939
000931.SZ,000931,20260420,20260420,10:31:00.000,103100000,79,5.02,5.19,5.19,4.95,5.2,5.72,4.68,13372463,6700.734,12649,5.01,113400,5.02,44200,5.0,163100,5.03,79200,4.99,134600,5.04,206600,4.98,208900,5.05,40700,4.97,181200,5.06,31200,4.96,548400,5.07,33300,4.95,360900,5.08,38400,4.94,63300,5.09,19400,4.93,63000,5.1,35800,4.92,178200,5.11,30500,3088600,2309100,15:39:27.060
000931.SZ,000931,20260420,20260420,10:31:03.000,103103000,79,5.02,5.19,5.19,4.95,5.2,5.72,4.68,13372563,6700.7842,12650,5.01,113400,5.02,44100,5.0,163100,5.03,79200,4.99,124600,5.04,206600,4.98,208900,5.05,40700,4.97,181200,5.06,31200,4.96,548400,5.07,33300,4.95,360900,5.08,38400,4.94,63300,5.09,19400,4.93,63000,5.1,35800,4.92,178200,5.11,30500,3078600,2309000,15:39:27.541
000931.SZ,000931,20260420,20260420,10:31:06.000,103106000,79,5.02,5.19,5.19,4.95,5.2,5.72,4.68,13374463,6701.738,12655,5.01,113400,5.02,74100,5.0,167300,5.03,78900,4.99,124600,5.04,195600,4.98,208900,5.05,18400,4.97,182200,5.06,31200,4.96,533000,5.07,33300,4.95,360900,5.08,38400,4.94,63300,5.09,19400,4.93,63000,5.1,35800,4.92,178200,5.11,30500,3068400,2305400,15:39:27.781
000931.SZ,000931,20260420,20260420,10:31:09.000,103109000,79,5.02,5.19,5.19,4.95,5.2,5.72,4.68,13374463,6701.738,12655,5.01,113400,5.02,74100,5.0,167300,5.03,77700,4.99,124600,5.04,195600,4.98,208900,5.05,18400,4.97,182200,5.06,31200,4.96,533000,5.07,33300,4.95,359900,5.08,38400,4.94,63300,5.09,19400,4.93,63000,5.1,35800,4.92,178200,5.11,30500,3067400,2304200,15:39:27.922
000931.SZ,000931,20260420,20260420,10:31:12.000,103112000,79,5.02,5.19,5.19,4.95,5.2,5.72,4.68,13374463,6701.738,12655,5.01,113400,5.02,74300,5.0,167300,5.03,77700,4.99,125600,5.04,195600,4.98,208900,5.05,18400,4.97,182200,5.06,31200,4.96,533000,5.07,33300,4.95,359900,5.08,38400,4.94,63300,5.09,19400,4.93,63000,5.1,35800,4.92,178200,5.11,30500,3068400,2304400,15:39:28.120
000931.SZ,000931,20260420,20260420,10:31:15.000,103115000,79,5.02,5.19,5.19,4.95,5.2,5.72,4.68,13377963,6703.495,12661,5.01,113400,5.02,72200,5.0,167300,5.03,77700,4.99,125600,5.04,195600,4.98,208900,5.05,18400,4.97,182200,5.06,31200,4.96,533000,5.07,33300,4.95,359900,5.08,38400,4.94,63300,5.09,19400,4.93,63000,5.1,35800,4.92,178200,5.11,30500,3068400,2302300,15:39:28.471
000931.SZ,000931,20260420,20260420,10:31:18.000,103118000,79,5.02,5.19,5.19,4.95,5.2,5.72,4.68,13377963,6703.495,12661,5.01,115100,5.02,72200,5.0,167300,5.03,77700,4.99,125600,5.04,195600,4.98,208900,5.05,18400,4.97,182200,5.06,31200,4.96,533000,5.07,33300,4.95,359900,5.08,38400,4.94,63300,5.09,19400,4.93,63000,5.1,35800,4.92,178200,5.11,30500,3070100,2302300,15:39:28.670
000931.SZ,000931,20260420,20260420,10:31:21.000,103121000,79,5.02,5.19,5.19,4.95,5.2,5.72,4.68,13377963,6703.495,12661,5.01,115100,5.02,76900,5.0,167300,5.03,77700,4.99,125600,5.04,195600,4.98,208900,5.05,18400,4.97,182200,5.06,31200,4.96,538000,5.07,33300,4.95,359900,5.08,38400,4.94,63300,5.09,19400,4.93,63000,5.1,35800,4.92,178200,5.11,30500,3075100,2307000,15:39:28.907
000931.SZ,000931,20260420,20260420,10:31:24.000,103124000,79,5.02,5.19,5.19,4.95,5.2,5.72,4.68,13377963,6703.495,12661,5.01,116300,5.02,76900,5.0,167300,5.03,77700,4.99,125600,5.04,195600,4.98,208900,5.05,18400,4.97,182200,5.06,31200,4.96,538000,5.07,33300,4.95,359900,5.08,38400,4.94,63300,5.09,19400,4.93,63000,5.1,35800,4.92,178200,5.11,30500,3076300,2307000,15:39:29.089
000931.SZ,000931,20260420,20260420,10:31:27.000,103127000,79,5.02,5.19,5.19,4.95,5.2,5.72,4.68,13377963,6703.495,12661,5.01,116300,5.02,99800,5.0,167300,5.03,86800,4.99,125600,5.04,195600,4.98,208900,5.05,18400,4.97,182200,5.06,31200,4.96,538000,5.07,33300,4.95,359900,5.08,38400,4.94,63300,5.09,19400,4.93,63000,5.1,35800,4.92,178200,5.11,30500,3076300,2339000,15:39:29.372
000931.SZ,000931,20260420,20260420,10:31:30.000,103130000,79,5.02,5.19,5.19,4.95,5.2,5.72,4.68,13377963,6703.495,12661,5.01,116300,5.02,101000,5.0,169400,5.03,86200,4.99,125600,5.04,195600,4.98,208900,5.05,18400,4.97,182200,5.06,31200,4.96,538000,5.07,33300,4.95,359900,5.08,38400,4.94,63300,5.09,19400,4.93,63000,5.1,35800,4.92,178200,5.11,30500,3082300,2339600,15:39:29.481
000931.SZ,000931,20260420,20260420,10:31:33.000,103133000,79,5.02,5.19,5.19,4.95,5.2,5.72,4.68,13377963,6703.495,12661,5.01,116300,5.02,101500,5.0,169400,5.03,86200,4.99,156800,5.04,195600,4.98,208900,5.05,18400,4.97,182200,5.06,31200,4.96,538000,5.07,33300,4.95,369900,5.08,38400,4.94,63300,5.09,19400,4.93,63000,5.1,35800,4.92,178200,5.11,30500,3123500,2340100,15:39:29.720
000931.SZ,000931,20260420,20260420,10:31:36.000,103136000,79,5.02,5.19,5.19,4.95,5.2,5.72,4.68,13377963,6703.495,12661,5.01,114600,5.02,97700,5.0,169400,5.03,86200,4.99,156800,5.04,195600,4.98,208900,5.05,18400,4.97,182200,5.06,31200,4.96,538000,5.07,33300,4.95,369900,5.08,38400,4.94,63300,5.09,19400,4.93,63000,5.1,35800,4.92,178200,5.11,30500,3121800,2336300,15:39:29.876
000931.SZ,000931,20260420,20260420,10:31:39.000,103139000,79,5.02,5.19,5.19,4.95,5.2,5.72,4.68,13377963,6703.495,12661,5.01,119400,5.02,97700,5.0,169600,5.03,86200,4.99,156800,5.04,195600,4.98,208900,5.05,18400,4.97,182200,5.06,31200,4.96,538000,5.07,33300,4.95,369900,5.08,38400,4.94,63300,5.09,19400,4.93,63000,5.1,35800,4.92,178200,5.11,30500,3126300,2336300,15:39:30.036
000931.SZ,000931,20260420,20260420,10:31:42.000,103142000,79,5.02,5.19,5.19,4.95,5.2,5.72,4.68,13377963,6703.495,12661,5.01,119400,5.02,97900,5.0,169600,5.03,86200,4.99,156800,5.04,195600,4.98,208900,5.05,18400,4.97,182200,5.06,31200,4.96,538000,5.07,33300,4.95,369900,5.08,38400,4.94,63300,5.09,19400,4.93,63000,5.1,35800,4.92,178200,5.11,30500,3126300,2336500,15:39:30.183
000931.SZ,000931,20260420,20260420,10:31:45.000,103145000,79,5.02,5.19,5.19,4.95,5.2,5.72,4.68,13378163,6703.5954,12662,5.01,119400,5.02,97700,5.0,169600,5.03,86200,4.99,156800,5.04,195600,4.98,208900,5.05,18400,4.97,182200,5.06,31200,4.96,538000,5.07,33300,4.95,369900,5.08,38400,4.94,63300,5.09,19400,4.93,63000,5.1,35800,4.92,178200,5.11,30500,3126300,2336300,15:39:30.450
000931.SZ,000931,20260420,20260420,10:31:48.000,103148000,79,5.02,5.19,5.19,4.95,5.2,5.72,4.68,13378163,6703.5954,12662,5.01,119400,5.02,97700,5.0,169600,5.03,86200,4.99,204300,5.04,195600,4.98,208900,5.05,18400,4.97,182200,5.06,31200,4.96,530400,5.07,33300,4.95,369900,5.08,38400,4.94,63300,5.09,19400,4.93,63000,5.1,35800,4.92,178200,5.11,30500,3166200,2336300,15:39:30.580
000931.SZ,000931,20260420,20260420,10:31:51.000,103151000,79,5.02,5.19,5.19,4.95,5.2,5.72,4.68,13378163,6703.5954,12662,5.01,119400,5.02,102200,5.0,171300,5.03,86200,4.99,204300,5.04,195600,4.98,208900,5.05,18400,4.97,182200,5.06,31200,4.96,530400,5.07,33300,4.95,369900,5.08,38400,4.94,63300,5.09,19400,4.93,63000,5.1,35800,4.92,178200,5.11,30500,3167900,2340800,15:39:30.766
000931.SZ,000931,20260420,20260420,10:31:54.000,103154000,79,5.02,5.19,5.19,4.95,5.2,5.72,4.68,13378163,6703.5954,12662,5.01,120400,5.02,102200,5.0,171300,5.03,96200,4.99,204300,5.04,195600,4.98,208900,5.05,18400,4.97,182200,5.06,31200,4.96,530400,5.07,33300,4.95,369900,5.08,38400,4.94,63300,5.09,19400,4.93,63000,5.1,35800,4.92,178200,5.11,30500,3168900,2350800,15:39:31.011
000931.SZ,000931,20260420,20260420,10:31:57.000,103157000,79,5.02,5.19,5.19,4.95,5.2,5.72,4.68,13378163,6703.5954,12662,5.01,120400,5.02,102200,5.0,173700,5.03,96200,4.99,171600,5.04,195600,4.98,209900,5.05,18400,4.97,182200,5.06,31200,4.96,530400,5.07,38300,4.95,369900,5.08,38400,4.94,63300,5.09,19400,4.93,63000,5.1,35800,4.92,178200,5.11,30500,3139600,2355800,15:39:31.123
000931.SZ,000931,20260420,20260420,10:32:03.000,103203000,79,5.02,5.19,5.19,4.95,5.2,5.72,4.68,13378163,6703.5954,12662,5.01,120400,5.02,102200,5.0,173700,5.03,96200,4.99,171600,5.04,195600,4.98,209800,5.05,18400,4.97,182200,5.06,31200,4.96,530400,5.07,38300,4.95,369900,5.08,38400,4.94,63300,5.09,19400,4.93,63000,5.1,35800,4.92,178200,5.11,30500,3139500,2355800,15:39:31.649
000931.SZ,000931,20260420,20260420,10:32:09.000,103209000,79,5.02,5.19,5.19,4.95,5.2,5.72,4.68,13378163,6703.5954,12662,5.01,120400,5.02,102200,5.0,173700,5.03,96200,4.99,171600,5.04,195600,4.98,209800,5.05,18400,4.97,182200,5.06,31200,4.96,530400,5.07,38300,4.95,369900,5.08,38400,4.94,63300,5.09,19400,4.93,63000,5.1,35800,4.92,178200,5.11,30500,3138500,2355800,15:39:32.052
000931.SZ,000931,20260420,20260420,10:32:12.000,103212000,79,5.02,5.19,5.19,4.95,5.2,5.72,4.68,13378163,6703.5954,12662,5.01,120400,5.02,102200,5.0,173700,5.03,96200,4.99,171600,5.04,195600,4.98,217400,5.05,18400,4.97,182200,5.06,31200,4.96,530400,5.07,38300,4.95,369900,5.08,38400,4.94,63300,5.09,19400,4.93,63000,5.1,35800,4.92,178200,5.11,30500,3146100,2355800,15:39:32.324
000931.SZ,000931,20260420,20260420,10:32:15.000,103215000,79,5.02,5.19,5.19,4.95,5.2,5.72,4.68,13378163,6703.5954,12662,5.01,122000,5.02,102200,5.0,173700,5.03,96200,4.99,171600,5.04,195600,4.98,217400,5.05,18400,4.97,182200,5.06,31200,4.96,530400,5.07,38300,4.95,369900,5.08,38400,4.94,65600,5.09,19400,4.93,63000,5.1,35800,4.92,178200,5.11,30500,3150000,2355800,15:39:32.433
000931.SZ,000931,20260420,20260420,10:32:18.000,103218000,79,5.02,5.19,5.19,4.95,5.2,5.72,4.68,13378163,6703.5954,12662,5.01,122000,5.02,102700,5.0,173700,5.03,96200,4.99,171600,5.04,195600,4.98,217400,5.05,18400,4.97,183200,5.06,31200,4.96,530400,5.07,38300,4.95,369900,5.08,38400,4.94,67600,5.09,19400,4.93,63000,5.1,35800,4.92,178200,5.11,30500,3153000,2356300,15:39:32.703
000931.SZ,000931,20260420,20260420,10:32:21.000,103221000,79,5.02,5.19,5.19,4.95,5.2,5.72,4.68,13378263,6703.6456,12663,5.01,132000,5.02,106900,5.0,173700,5.03,96200,4.99,171600,5.04,195600,4.98,217400,5.05,18400,4.97,183200,5.06,31200,4.96,530400,5.07,38300,4.95,369900,5.08,38400,4.94,67600,5.09,19400,4.93,63000,5.1,35800,4.92,178200,5.11,30500,3163000,2360500,15:39:32.966
000931.SZ,000931,20260420,20260420,10:32:24.000,103224000,79,5.02,5.19,5.19,4.95,5.2,5.72,4.68,13378263,6703.6456,12663,5.01,133100,5.02,106900,5.0,173700,5.03,96200,4.99,171600,5.04,195600,4.98,217400,5.05,18400,4.97,183200,5.06,31200,4.96,530400,5.07,38300,4.95,369900,5.08,38400,4.94,67600,5.09,19400,4.93,63000,5.1,35800,4.92,178200,5.11,30500,3164100,2360500,15:39:33.096
000931.SZ,000931,20260420,20260420,10:32:27.000,103227000,79,5.01,5.19,5.19,4.95,5.2,5.72,4.68,13378463,6703.7458,12665,5.01,133900,5.02,124900,5.0,173700,5.03,113700,4.99,171600,5.04,195600,4.98,217400,5.05,18400,4.97,183200,5.06,31200,4.96,530400,5.07,38300,4.95,369900,5.08,38400,4.94,67600,5.09,19400,4.93,63000,5.1,35800,4.92,178200,5.11,30500,3164900,2396000,15:39:33.422
000931.SZ,000931,20260420,20260420,10:32:30.000,103230000,79,5.01,5.19,5.19,4.95,5.2,5.72,4.68,13378463,6703.7458,12665,5.01,134900,5.02,131700,5.0,172000,5.03,120400,4.99,171600,5.04,195600,4.98,217400,5.05,18400,4.97,183200,5.06,31200,4.96,530400,5.07,38300,4.95,369900,5.08,38400,4.94,67600,5.09,19400,4.93,63000,5.1,35800,4.92,178200,5.11,30500,3164200,2409500,15:39:33.561
000931.SZ,000931,20260420,20260420,10:32:33.000,103233000,79,5.01,5.19,5.19,4.95,5.2,5.72,4.68,13378863,6703.9462,12668,5.01,142500,5.02,134100,5.0,172000,5.03,122500,4.99,171600,5.04,195600,4.98,217400,5.05,18400,4.97,183200,5.06,31200,4.96,530400,5.07,38300,4.95,369900,5.08,38400,4.94,67600,5.09,19400,4.93,63000,5.1,35800,4.92,178200,5.11,30500,3171800,2414000,15:39:33.816
000931.SZ,000931,20260420,20260420,10:32:36.000,103236000,79,5.02,5.19,5.19,4.95,5.2,5.72,4.68,13379363,6704.1972,12669,5.01,142500,5.02,137800,5.0,170000,5.03,127100,4.99,171600,5.04,195600,4.98,217400,5.05,18400,4.97,183200,5.06,31200,4.96,530400,5.07,38300,4.95,369900,5.08,38400,4.94,67600,5.09,19400,4.93,63000,5.1,35800,4.92,178200,5.11,30500,3169800,2422300,15:39:34.091
000931.SZ,000931,20260420,20260420,10:32:39.000,103239000,79,5.02,5.19,5.19,4.95,5.2,5.72,4.68,13379363,6704.1972,12669,5.01,142900,5.02,140600,5.0,170000,5.03,127700,4.99,171600,5.04,195600,4.98,217400,5.05,18400,4.97,183200,5.06,31200,4.96,536400,5.07,42100,4.95,369900,5.08,38400,4.94,67600,5.09,19400,4.93,63000,5.1,35800,4.92,178200,5.11,30500,3176200,2429500,15:39:34.197
000931.SZ,000931,20260420,20260420,10:32:42.000,103242000,79,5.02,5.19,5.19,4.95,5.2,5.72,4.68,13379363,6704.1972,12669,5.01,142900,5.02,141200,5.0,170000,5.03,128700,4.99,171600,5.04,195600,4.98,217400,5.05,18400,4.97,183200,5.06,31200,4.96,536400,5.07,42100,4.95,369900,5.08,38400,4.94,67600,5.09,19400,4.93,63000,5.1,35800,4.92,178200,5.11,30500,3176200,2431100,15:39:34.419
000931.SZ,000931,20260420,20260420,10:32:45.000,103245000,79,5.02,5.19,5.19,4.95,5.2,5.72,4.68,13379363,6704.1972,12669,5.01,151700,5.02,142100,5.0,170000,5.03,129100,4.99,171600,5.04,195600,4.98,217400,5.05,18400,4.97,183200,5.06,31200,4.96,536400,5.07,42100,4.95,369900,5.08,38400,4.94,67600,5.09,19400,4.93,63000,5.1,35800,4.92,178200,5.11,30500,3185000,2432400,15:39:34.607
000931.SZ,000931,20260420,20260420,10:32:48.000,103248000,79,5.02,5.19,5.19,4.95,5.2,5.72,4.68,13379363,6704.1972,12669,5.01,151700,5.02,142400,5.0,170000,5.03,129100,4.99,171600,5.04,195600,4.98,217400,5.05,18400,4.97,183200,5.06,31200,4.96,536400,5.07,42100,4.95,369900,5.08,38400,4.94,67600,5.09,19400,4.93,63000,5.1,25800,4.92,178200,5.11,30500,3182500,2422700,15:39:34.844
000931.SZ,000931,20260420,20260420,10:32:51.000,103251000,79,5.02,5.19,5.19,4.95,5.2,5.72,4.68,13385263,6707.1576,12700,5.01,148500,5.02,158000,5.0,170000,5.03,128500,4.99,171600,5.04,195600,4.98,217400,5.05,18400,4.97,183200,5.06,31200,4.96,536400,5.07,42100,4.95,369900,5.08,38400,4.94,67600,5.09,19400,4.93,63000,5.1,25800,4.92,178200,5.11,30500,3179300,2437700,15:39:34.974
000931.SZ,000931,20260420,20260420,10:32:54.000,103254000,79,5.02,5.19,5.19,4.95,5.2,5.72,4.68,13385263,6707.1576,12700,5.01,148500,5.02,159300,5.0,170000,5.03,128700,4.99,173600,5.04,195600,4.98,217400,5.05,18400,4.97,183200,5.06,31200,4.96,536400,5.07,42100,4.95,369900,5.08,38400,4.94,67600,5.09,19400,4.93,63000,5.1,25800,4.92,178200,5.11,30500,3181300,2439200,15:39:35.134
000931.SZ,000931,20260420,20260420,10:32:57.000,103257000,79,5.01,5.19,5.19,4.95,5.2,5.72,4.68,13396463,6712.7698,12718,5.01,138300,5.02,171800,5.0,170000,5.03,120100,4.99,173600,5.04,195600,4.98,217400,5.05,18400,4.97,183200,5.06,31200,4.96,536400,5.07,42100,4.95,369900,5.08,38400,4.94,67600,5.09,19400,4.93,63000,5.1,25800,4.92,178200,5.11,30500,3171100,2443100,15:39:35.345
000931.SZ,000931,20260420,20260420,10:33:00.000,103300000,79,5.0,5.19,5.19,4.95,5.2,5.72,4.68,13535563,6782.4581,12937,5.0,179300,5.01,31000,4.99,173600,5.02,188400,4.98,217400,5.03,119200,4.97,183200,5.04,195600,4.96,536400,5.05,18400,4.95,369900,5.06,31200,4.94,67600,5.07,42100,4.93,63000,5.08,38400,4.92,178200,5.09,19400,4.91,92300,5.1,25800,3042100,2489800,15:39:35.524
000931.SZ,000931,20260420,20260420,10:33:03.000,103303000,79,5.0,5.19,5.19,4.95,5.2,5.72,4.68,13542563,6785.9581,12979,5.0,172300,5.01,36800,4.99,173600,5.02,155400,4.98,217400,5.03,117000,4.97,183200,5.04,195600,4.96,536400,5.05,18400,4.95,369900,5.06,31200,4.94,67600,5.07,42100,4.93,63000,5.08,38400,4.92,178200,5.09,19400,4.91,92300,5.1,25800,3035100,2460400,15:39:35.854
000931.SZ,000931,20260420,20260420,10:33:06.000,103306000,79,5.0,5.19,5.19,4.95,5.2,5.72,4.68,13544463,6786.9081,12997,5.0,170400,5.01,85300,4.99,173600,5.02,155400,4.98,217400,5.03,115600,4.97,183200,5.04,157000,4.96,536400,5.05,18400,4.95,369900,5.06,28900,4.94,67600,5.07,42100,4.93,63000,5.08,38400,4.92,178200,5.09,19400,4.91,92300,5.1,25800,3033200,2466600,15:39:36.063
000931.SZ,000931,20260420,20260420,10:33:09.000,103309000,79,5.0,5.19,5.19,4.95,5.2,5.72,4.68,13545363,6787.3581,13006,5.0,168500,5.01,89700,4.99,173600,5.02,155400,4.98,217400,5.03,114700,4.97,183200,5.04,157000,4.96,536400,5.05,18400,4.95,369900,5.06,28900,4.94,67600,5.07,42100,4.93,63000,5.08,38400,4.92,178200,5.09,19400,4.91,92300,5.1,25800,3031300,2470100,15:39:36.214
000931.SZ,000931,20260420,20260420,10:33:12.000,103312000,79,5.0,5.19,5.19,4.95,5.2,5.72,4.68,13545763,6787.5581,13010,5.0,169100,5.01,91600,4.99,173600,5.02,155200,4.98,217400,5.03,114200,4.97,183200,5.04,157000,4.96,536400,5.05,18400,4.95,369900,5.06,28900,4.94,67600,5.07,42100,4.93,63000,5.08,38400,4.92,178200,5.09,19400,4.91,92300,5.1,25800,3031900,2471100,15:39:36.341
000931.SZ,000931,20260420,20260420,10:33:15.000,103315000,79,5.0,5.19,5.19,4.95,5.2,5.72,4.68,13546163,6787.7581,13014,5.0,173200,5.01,94600,4.99,173600,5.02,154900,4.98,217400,5.03,113800,4.97,183200,5.04,157000,4.96,536400,5.05,18400,4.95,369900,5.06,28900,4.94,67600,5.07,42100,4.93,63000,5.08,41400,4.92,178200,5.09,19400,4.91,92300,5.1,25800,3036000,2476400,15:39:36.590
000931.SZ,000931,20260420,20260420,10:33:18.000,103318000,79,5.0,5.19,5.19,4.95,5.2,5.72,4.68,13550263,6789.8081,13018,5.0,175300,5.01,95200,4.99,173600,5.02,154700,4.98,217900,5.03,113800,4.97,183200,5.04,157000,4.96,536400,5.05,18400,4.95,369900,5.06,28900,4.94,67800,5.07,42100,4.93,63000,5.08,41400,4.92,178200,5.09,19400,4.91,92300,5.1,25800,3038800,2476800,15:39:36.845
000931.SZ,000931,20260420,20260420,10:33:21.000,103321000,79,5.0,5.19,5.19,4.95,5.2,5.72,4.68,13558263,6793.8108,13024,5.0,135000,5.01,134700,4.99,173600,5.02,154100,4.98,217900,5.03,84000,4.97,188200,5.04,150300,4.96,536400,5.05,18400,4.95,369900,5.06,28900,4.94,67800,5.07,42100,4.93,63000,5.08,41400,4.92,178200,5.09,19400,4.91,92300,5.1,25800,3003500,2479200,15:39:37.047
000931.SZ,000931,20260420,20260420,10:33:24.000,103324000,79,5.0,5.19,5.19,4.95,5.2,5.72,4.68,13558763,6794.0608,13027,5.0,130300,5.01,141800,4.99,173600,5.02,153000,4.98,219700,5.03,83400,4.97,188200,5.04,150300,4.96,569700,5.05,18400,4.95,369900,5.06,28900,4.94,67800,5.07,42100,4.93,63000,5.08,41400,4.92,178200,5.09,19400,4.91,92300,5.1,25800,3033900,2484600,15:39:37.259
000931.SZ,000931,20260420,20260420,10:33:27.000,103327000,79,5.0,5.19,5.19,4.95,5.2,5.72,4.68,13558863,6794.1108,13028,5.0,130200,5.01,142600,4.99,173600,5.02,153500,4.98,219700,5.03,83400,4.97,188200,5.04,150300,4.96,548700,5.05,18400,4.95,369900,5.06,28900,4.94,67800,5.07,42100,4.93,63000,5.08,41400,4.92,178200,5.09,19400,4.91,92300,5.1,25800,3012800,2485900,15:39:37.385
000931.SZ,000931,20260420,20260420,10:33:30.000,103330000,79,5.0,5.19,5.19,4.95,5.2,5.72,4.68,13559563,6794.4608,13031,5.0,157500,5.01,143400,4.99,173600,5.02,152500,4.98,219700,5.03,83400,4.97,188200,5.04,150300,4.96,548700,5.05,18400,4.95,369900,5.06,28900,4.94,67800,5.07,42100,4.93,63000,5.08,41400,4.92,178200,5.09,19400,4.91,92300,5.1,25800,3040100,2485700,15:39:37.554
000931.SZ,000931,20260420,20260420,10:33:33.000,103333000,79,5.0,5.19,5.19,4.95,5.2,5.72,4.68,13559563,6794.4608,13031,5.0,157500,5.01,143400,4.99,173600,5.02,152600,4.98,219200,5.03,83400,4.97,188200,5.04,150300,4.96,548700,5.05,18400,4.95,369900,5.06,28900,4.94,67800,5.07,42100,4.93,63000,5.08,41400,4.92,178200,5.09,19400,4.91,92300,5.1,25800,3039600,2485800,15:39:37.781
000931.SZ,000931,20260420,20260420,10:33:36.000,103336000,79,5.0,5.19,5.19,4.95,5.2,5.72,4.68,13559563,6794.4608,13031,5.0,116700,5.01,144300,4.99,177900,5.02,152200,4.98,219200,5.03,56300,4.97,188200,5.04,150300,4.96,548700,5.05,18400,4.95,367900,5.06,28900,4.94,67800,5.07,42100,4.93,63000,5.08,41400,4.92,178200,5.09,19400,4.91,92300,5.1,25800,3001100,2459200,15:39:37.951
000931.SZ,000931,20260420,20260420,10:33:39.000,103339000,79,5.0,5.19,5.19,4.95,5.2,5.72,4.68,13559563,6794.4608,13031,5.0,116700,5.01,144300,4.99,177900,5.02,152100,4.98,219200,5.03,56300,4.97,188200,5.04,150300,4.96,548700,5.05,18400,4.95,367900,5.06,28900,4.94,67800,5.07,42100,4.93,63000,5.08,41400,4.92,178200,5.09,19400,4.91,92300,5.1,25800,3001100,2459100,15:39:38.118
000931.SZ,000931,20260420,20260420,10:33:42.000,103342000,79,5.0,5.19,5.19,4.95,5.2,5.72,4.68,13559563,6794.4608,13031,5.0,172700,5.01,144600,4.99,177900,5.02,152100,4.98,219200,5.03,56300,4.97,188200,5.04,150300,4.96,548700,5.05,18400,4.95,367900,5.06,28900,4.94,67800,5.07,42100,4.93,63000,5.08,41400,4.92,178200,5.09,19400,4.91,92300,5.1,25800,3057100,2459400,15:39:38.247
000931.SZ,000931,20260420,20260420,10:33:45.000,103345000,79,5.0,5.19,5.19,4.95,5.2,5.72,4.68,13559563,6794.4608,13031,5.0,173700,5.01,144600,4.99,177900,5.02,152100,4.98,219200,5.03,56300,4.97,188200,5.04,150300,4.96,548700,5.05,18400,4.95,367900,5.06,28900,4.94,67800,5.07,42100,4.93,63000,5.08,41400,4.92,178200,5.09,19400,4.91,92300,5.1,25800,3058100,2459400,15:39:38.525
000931.SZ,000931,20260420,20260420,10:33:51.000,103351000,79,5.0,5.19,5.19,4.95,5.2,5.72,4.68,13559563,6794.4608,13031,5.0,178700,5.01,144600,4.99,177900,5.02,151900,4.98,219200,5.03,56300,4.97,188200,5.04,150300,4.96,548700,5.05,18400,4.95,367900,5.06,28900,4.94,67800,5.07,42100,4.93,63000,5.08,41400,4.92,178200,5.09,19400,4.91,92300,5.1,25800,3063100,2459200,15:39:38.843
000931.SZ,000931,20260420,20260420,10:33:54.000,103354000,79,5.0,5.19,5.19,4.95,5.2,5.72,4.68,13559563,6794.4608,13031,5.0,209200,5.01,149100,4.99,177900,5.02,152200,4.98,219200,5.03,56300,4.97,188200,5.04,150300,4.96,548700,5.05,18400,4.95,367900,5.06,28900,4.94,67800,5.07,42100,4.93,63000,5.08,41400,4.92,178200,5.09,19400,4.91,92300,5.1,25800,3093600,2464000,15:39:39.048
000931.SZ,000931,20260420,20260420,10:33:57.000,103357000,79,5.0,5.19,5.19,4.95,5.2,5.72,4.68,13559563,6794.4608,13031,5.0,210300,5.01,149100,4.99,177900,5.02,152200,4.98,219200,5.03,56300,4.97,188200,5.04,150300,4.96,548700,5.05,18400,4.95,367900,5.06,28900,4.94,67800,5.07,42100,4.93,63000,5.08,41400,4.92,178200,5.09,19400,4.91,92300,5.1,25800,3094700,2464000,15:39:39.303
000931.SZ,000931,20260420,20260420,10:34:00.000,103400000,79,5.0,5.19,5.19,4.95,5.2,5.72,4.68,13559563,6794.4608,13031,5.0,210300,5.01,148200,4.99,177900,5.02,152200,4.98,219200,5.03,56300,4.97,188200,5.04,150300,4.96,548700,5.05,18400,4.95,367900,5.06,28900,4.94,67800,5.07,42100,4.93,63000,5.08,41400,4.92,178200,5.09,19400,4.91,92300,5.1,25800,3094700,2463100,15:39:39.557
000931.SZ,000931,20260420,20260420,10:34:03.000,103403000,79,5.0,5.19,5.19,4.95,5.2,5.72,4.68,13559563,6794.4608,13031,5.0,210300,5.01,148200,4.99,177900,5.02,151900,4.98,219200,5.03,56300,4.97,229200,5.04,150300,4.96,549700,5.05,18400,4.95,367900,5.06,24900,4.94,67800,5.07,42100,4.93,63000,5.08,41400,4.92,178200,5.09,19400,4.91,92300,5.1,25800,3136700,2458800,15:39:39.905
000931.SZ,000931,20260420,20260420,10:34:06.000,103406000,79,5.0,5.19,5.19,4.95,5.2,5.72,4.68,13559563,6794.4608,13031,5.0,210300,5.01,148500,4.99,177900,5.02,152100,4.98,219200,5.03,56300,4.97,229200,5.04,150300,4.96,549700,5.05,18400,4.95,367900,5.06,24900,4.94,68800,5.07,42100,4.93,63000,5.08,41400,4.92,178200,5.09,19400,4.91,92300,5.1,25800,3137700,2459300,15:39:40.228
000931.SZ,000931,20260420,20260420,10:34:09.000,103409000,79,5.0,5.19,5.19,4.95,5.2,5.72,4.68,13559563,6794.4608,13031,5.0,210300,5.01,148500,4.99,178100,5.02,152100,4.98,219200,5.03,56300,4.97,229200,5.04,150300,4.96,549700,5.05,18400,4.95,367900,5.06,26900,4.94,68800,5.07,42100,4.93,63000,5.08,41400,4.92,178200,5.09,19400,4.91,92300,5.1,25800,3137900,2461000,15:39:40.272
000931.SZ,000931,20260420,20260420,10:34:12.000,103412000,79,5.0,5.19,5.19,4.95,5.2,5.72,4.68,13559563,6794.4608,13031,5.0,210300,5.01,148500,4.99,181100,5.02,152100,4.98,219200,5.03,56300,4.97,229200,5.04,150300,4.96,549700,5.05,18400,4.95,367900,5.06,26900,4.94,68800,5.07,42100,4.93,63000,5.08,41400,4.92,178200,5.09,19400,4.91,92300,5.1,25800,3140900,2461000,15:39:40.379
000931.SZ,000931,20260420,20260420,10:34:15.000,103415000,79,5.0,5.19,5.19,4.95,5.2,5.72,4.68,13559563,6794.4608,13031,5.0,210300,5.01,148500,4.99,181100,5.02,152100,4.98,219200,5.03,56300,4.97,229200,5.04,150700,4.96,549700,5.05,18400,4.95,367900,5.06,26900,4.94,68800,5.07,42100,4.93,63000,5.08,41400,4.92,178200,5.09,19400,4.91,92300,5.1,25800,3140900,2461400,15:39:40.700
000931.SZ,000931,20260420,20260420,10:34:18.000,103418000,79,5.01,5.19,5.19,4.95,5.2,5.72,4.68,13559663,6794.5109,13032,5.0,211500,5.01,148400,4.99,181100,5.02,152100,4.98,219200,5.03,56300,4.97,229200,5.04,150700,4.96,550400,5.05,18400,4.95,367900,5.06,26900,4.94,68800,5.07,42100,4.93,63000,5.08,41400,4.92,178200,5.09,19400,4.91,92300,5.1,25800,3142800,2461300,15:39:40.791
000931.SZ,000931,20260420,20260420,10:34:21.000,103421000,79,5.01,5.19,5.19,4.95,5.2,5.72,4.68,13560063,6794.7113,13033,5.0,211500,5.01,148000,4.99,181100,5.02,152100,4.98,219200,5.03,56300,4.97,229200,5.04,150700,4.96,550400,5.05,18400,4.95,367900,5.06,26900,4.94,68800,5.07,42100,4.93,63000,5.08,41400,4.92,178200,5.09,19400,4.91,92300,5.1,25800,3142800,2458400,15:39:41.100
000931.SZ,000931,20260420,20260420,10:34:24.000,103424000,79,5.01,5.19,5.19,4.95,5.2,5.72,4.68,13560063,6794.7113,13033,5.0,212300,5.01,152400,4.99,181600,5.02,152100,4.98,219200,5.03,56300,4.97,229200,5.04,150700,4.96,550400,5.05,18400,4.95,367900,5.06,26900,4.94,68800,5.07,42100,4.93,63000,5.08,41400,4.92,178200,5.09,19400,4.91,92300,5.1,25800,3144100,2460800,15:39:41.204
000931.SZ,000931,20260420,20260420,10:34:27.000,103427000,79,5.01,5.19,5.19,4.95,5.2,5.72,4.68,13560063,6794.7113,13033,5.0,208300,5.01,152400,4.99,181600,5.02,152100,4.98,219200,5.03,56300,4.97,229200,5.04,150700,4.96,550400,5.05,18400,4.95,367900,5.06,26900,4.94,68800,5.07,42100,4.93,63000,5.08,39000,4.92,178200,5.09,19400,4.91,92300,5.1,25800,3140100,2458400,15:39:41.469
000931.SZ,000931,20260420,20260420,10:34:30.000,103430000,79,5.01,5.19,5.19,4.95,5.2,5.72,4.68,13560163,6794.7614,13034,5.0,235600,5.01,152300,4.99,181600,5.02,152100,4.98,219200,5.03,56300,4.97,229200,5.04,150700,4.96,550400,5.05,18400,4.95,367900,5.06,26900,4.94,68800,5.07,42100,4.93,63000,5.08,39000,4.92,178200,5.09,19400,4.91,92300,5.1,25800,3167400,2458300,15:39:41.802
000931.SZ,000931,20260420,20260420,10:34:33.000,103433000,79,5.0,5.19,5.19,4.95,5.2,5.72,4.68,13561063,6795.2114,13035,5.0,234700,5.01,152300,4.99,181600,5.02,152100,4.98,219800,5.03,56300,4.97,229200,5.04,150700,4.96,550400,5.05,18400,4.95,367900,5.06,26900,4.94,72700,5.07,42100,4.93,63000,5.08,39000,4.92,178200,5.09,19400,4.91,92300,5.1,25800,3171000,2458300,15:39:41.975
000931.SZ,000931,20260420,20260420,10:34:36.000,103436000,79,5.01,5.19,5.19,4.95,5.2,5.72,4.68,13563063,6796.2133,13038,5.0,236400,5.01,150400,4.99,181600,5.02,152100,4.98,220300,5.03,56300,4.97,229200,5.04,150700,4.96,550400,5.05,18400,4.95,367900,5.06,26900,4.94,72700,5.07,42100,4.93,63000,5.08,39000,4.92,178200,5.09,19400,4.91,92300,5.1,25800,3173200,2457400,15:39:42.134
000931.SZ,000931,20260420,20260420,10:34:39.000,103439000,79,5.0,5.19,5.19,4.95,5.2,5.72,4.68,13563363,6796.3633,13039,5.0,248100,5.01,150400,4.99,181600,5.02,152100,4.98,220300,5.03,56300,4.97,229200,5.04,150700,4.96,550400,5.05,18400,4.95,367900,5.06,26900,4.94,72700,5.07,42100,4.93,63000,5.08,39000,4.92,178200,5.09,19400,4.91,92300,5.1,25800,3184900,2457400,15:39:42.438
000931.SZ,000931,20260420,20260420,10:34:42.000,103442000,79,5.01,5.19,5.19,4.95,5.2,5.72,4.68,13563463,6796.4134,13040,5.0,275800,5.01,150500,4.99,181600,5.02,152100,4.98,220300,5.03,53700,4.97,229200,5.04,150700,4.96,550900,5.05,18400,4.95,367900,5.06,26900,4.94,72700,5.07,42100,4.93,63000,5.08,39000,4.92,178200,5.09,19400,4.91,92300,5.1,25800,3213100,2454900,15:39:42.594
000931.SZ,000931,20260420,20260420,10:34:45.000,103445000,79,5.01,5.19,5.19,4.95,5.2,5.72,4.68,13566663,6798.0153,13043,5.0,316700,5.01,148600,4.99,181600,5.02,152100,4.98,220300,5.03,53700,4.97,229200,5.04,150700,4.96,550900,5.05,18400,4.95,367900,5.06,26900,4.94,72700,5.07,42100,4.93,63000,5.08,39000,4.92,178200,5.09,19400,4.91,92300,5.1,25800,3254000,2453000,15:39:42.673
000931.SZ,000931,20260420,20260420,10:34:48.000,103448000,79,5.01,5.19,5.19,4.95,5.2,5.72,4.68,13567463,6798.4161,13044,5.0,316700,5.01,148300,4.99,181600,5.02,152100,4.98,213200,5.03,53700,4.97,229700,5.04,150700,4.96,550900,5.05,18400,4.95,367900,5.06,26900,4.94,72700,5.07,42100,4.93,63000,5.08,39000,4.92,178200,5.09,19400,4.91,92300,5.1,25800,3247400,2452700,15:39:42.929
000931.SZ,000931,20260420,20260420,10:34:54.000,103454000,79,5.01,5.19,5.19,4.95,5.2,5.72,4.68,13573463,6801.4221,13046,5.0,318700,5.01,146800,4.99,181600,5.02,152100,4.98,213200,5.03,53700,4.97,229700,5.04,150700,4.96,550900,5.05,18400,4.95,367900,5.06,26900,4.94,72700,5.07,42100,4.93,63000,5.08,39000,4.92,178200,5.09,19400,4.91,92300,5.1,25800,3249400,2451200,15:39:43.157
000931.SZ,000931,20260420,20260420,10:34:57.000,103457000,79,5.01,5.19,5.19,4.95,5.2,5.72,4.68,13574463,6801.9231,13047,5.0,318700,5.01,145800,4.99,181600,5.02,152100,4.98,213200,5.03,53700,4.97,229700,5.04,150700,4.96,550900,5.05,18400,4.95,366600,5.06,26900,4.94,72700,5.07,42100,4.93,63000,5.08,39000,4.92,178200,5.09,19400,4.91,92300,5.1,25800,3248100,2450200,15:39:43.378
000931.SZ,000931,20260420,20260420,10:35:00.000,103500000,79,5.01,5.19,5.19,4.95,5.2,5.72,4.68,13575363,6802.374,13049,5.0,319200,5.01,144900,4.99,181600,5.02,152100,4.98,213200,5.03,53700,4.97,229700,5.04,150700,4.96,551400,5.05,18400,4.95,366600,5.06,26900,4.94,72700,5.07,42100,4.93,63000,5.08,39000,4.92,178200,5.09,19400,4.91,92300,5.1,25800,3249100,2449300,15:39:43.655
000931.SZ,000931,20260420,20260420,10:35:03.000,103503000,79,5.01,5.19,5.19,4.95,5.2,5.72,4.68,13581363,6805.38,13051,5.0,319200,5.01,138900,4.99,181600,5.02,152100,4.98,213200,5.03,51600,4.97,229700,5.04,150700,4.96,551400,5.05,18400,4.95,366600,5.06,26900,4.94,72700,5.07,42100,4.93,63000,5.08,39000,4.92,178200,5.09,19400,4.91,92300,5.1,25800,3249100,2441200,15:39:43.802
000931.SZ,000931,20260420,20260420,10:35:06.000,103506000,79,5.01,5.19,5.19,4.95,5.2,5.72,4.68,13581363,6805.38,13051,5.0,319200,5.01,139600,4.99,181600,5.02,152100,4.98,213200,5.03,51600,4.97,229700,5.04,150700,4.96,551400,5.05,18400,4.95,366900,5.06,26900,4.94,72700,5.07,42100,4.93,63000,5.08,39000,4.92,178200,5.09,19400,4.91,92300,5.1,25800,3249400,2441900,15:39:44.076
000931.SZ,000931,20260420,20260420,10:35:09.000,103509000,79,5.01,5.19,5.19,4.95,5.2,5.72,4.68,13581863,6805.6305,13053,5.0,324700,5.01,139900,4.99,181600,5.02,152100,4.98,213200,5.03,51600,4.97,229700,5.04,150700,4.96,551400,5.05,18400,4.95,366900,5.06,26900,4.94,72700,5.07,42100,4.93,63000,5.08,39000,4.92,178200,5.09,19400,4.91,92300,5.1,25800,3254900,2442200,15:39:44.180
000931.SZ,000931,20260420,20260420,10:35:12.000,103512000,79,5.0,5.19,5.19,4.95,5.2,5.72,4.68,13581963,6805.6805,13054,5.0,325700,5.01,139900,4.99,181600,5.02,152100,4.98,213200,5.03,51600,4.97,229700,5.04,150700,4.96,551400,5.05,18400,4.95,366900,5.06,26900,4.94,72700,5.07,42100,4.93,63000,5.08,39000,4.92,178200,5.09,19400,4.91,92300,5.1,25800,3255900,2442200,15:39:44.469
000931.SZ,000931,20260420,20260420,10:35:15.000,103515000,79,5.0,5.19,5.19,4.95,5.2,5.72,4.68,13581963,6805.6805,13054,5.0,325700,5.01,139900,4.99,181600,5.02,152100,4.98,214200,5.03,51600,4.97,229700,5.04,150700,4.96,551400,5.05,18400,4.95,366900,5.06,26900,4.94,72700,5.07,42100,4.93,63000,5.08,39000,4.92,178200,5.09,19400,4.91,92300,5.1,25800,3256900,2442200,15:39:44.573
000931.SZ,000931,20260420,20260420,10:35:18.000,103518000,79,5.0,5.19,5.19,4.95,5.2,5.72,4.68,13581963,6805.6805,13054,5.0,331800,5.01,139900,4.99,181600,5.02,152100,4.98,214200,5.03,51600,4.97,229700,5.04,150700,4.96,551400,5.05,18400,4.95,366900,5.06,26900,4.94,72700,5.07,42100,4.93,63000,5.08,39000,4.92,178200,5.09,19400,4.91,92300,5.1,25800,3270000,2442200,15:39:44.834
000931.SZ,000931,20260420,20260420,10:35:21.000,103521000,79,5.0,5.19,5.19,4.95,5.2,5.72,4.68,13583763,6806.5805,13055,5.0,330000,5.01,139900,4.99,181600,5.02,152100,4.98,214200,5.03,51600,4.97,229700,5.04,150700,4.96,551400,5.05,18400,4.95,366900,5.06,26900,4.94,72700,5.07,42100,4.93,63000,5.08,39000,4.92,178200,5.09,19400,4.91,92300,5.1,25800,3268200,2442200,15:39:44.956
000931.SZ,000931,20260420,20260420,10:35:24.000,103524000,79,5.01,5.19,5.19,4.95,5.2,5.72,4.68,13586163,6807.7829,13062,5.0,330000,5.01,142000,4.99,181600,5.02,152100,4.98,214200,5.03,51600,4.97,229700,5.04,150700,4.96,551400,5.05,18400,4.95,366900,5.06,26900,4.94,72700,5.07,42100,4.93,63000,5.08,39000,4.92,178200,5.09,19400,4.91,92300,5.1,25800,3268200,2444300,15:39:45.135
000931.SZ,000931,20260420,20260420,10:35:27.000,103527000,79,5.0,5.19,5.19,4.95,5.2,5.72,4.68,13586963,6808.1829,13063,5.0,329200,5.01,142000,4.99,181600,5.02,152100,4.98,214200,5.03,51600,4.97,229700,5.04,150700,4.96,551400,5.05,18400,4.95,366900,5.06,26900,4.94,72700,5.07,42100,4.93,63000,5.08,39000,4.92,178200,5.09,19400,4.91,92300,5.1,25800,3266900,2444300,15:39:45.189
000931.SZ,000931,20260420,20260420,10:35:30.000,103530000,79,5.0,5.19,5.19,4.95,5.2,5.72,4.68,13586963,6808.1829,13063,5.0,329200,5.01,142000,4.99,181600,5.02,152100,4.98,214200,5.03,51600,4.97,411000,5.04,150700,4.96,551400,5.05,18400,4.95,366900,5.06,26900,4.94,72700,5.07,42100,4.93,63000,5.08,39000,4.92,178200,5.09,19400,4.91,92300,5.1,25800,3448200,2444300,15:39:45.285
000931.SZ,000931,20260420,20260420,10:35:33.000,103533000,79,5.0,5.19,5.19,4.95,5.2,5.72,4.68,13586963,6808.1829,13063,5.0,329200,5.01,142000,4.99,181600,5.02,152100,4.98,214200,5.03,51600,4.97,411000,5.04,150700,4.96,551400,5.05,18400,4.95,366900,5.06,26900,4.94,72700,5.07,32100,4.93,63000,5.08,39000,4.92,178200,5.09,19400,4.91,92300,5.1,25800,3448200,2434300,15:39:45.568
000931.SZ,000931,20260420,20260420,10:35:42.000,103542000,79,5.0,5.19,5.19,4.95,5.2,5.72,4.68,13586963,6808.1829,13063,5.0,329200,5.01,142200,4.99,181600,5.02,152100,4.98,214200,5.03,50800,4.97,411000,5.04,150700,4.96,551400,5.05,18400,4.95,367400,5.06,26900,4.94,72700,5.07,32100,4.93,63000,5.08,39000,4.92,178200,5.09,19400,4.91,92300,5.1,25800,3448700,2433700,15:39:46.052
000931.SZ,000931,20260420,20260420,10:35:45.000,103545000,79,5.0,5.19,5.19,4.95,5.2,5.72,4.68,13586963,6808.1829,13063,5.0,342400,5.01,142200,4.99,181600,5.02,152100,4.98,214200,5.03,50800,4.97,411000,5.04,150700,4.96,551400,5.05,18400,4.95,367400,5.06,26900,4.94,72700,5.07,32100,4.93,63000,5.08,39000,4.92,178200,5.09,19400,4.91,92300,5.1,25800,3461900,2433700,15:39:46.165
000931.SZ,000931,20260420,20260420,10:35:51.000,103551000,79,5.0,5.19,5.19,4.95,5.2,5.72,4.68,13586963,6808.1829,13063,5.0,342400,5.01,146600,4.99,181600,5.02,152100,4.98,214200,5.03,50800,4.97,411000,5.04,150700,4.96,551400,5.05,18400,4.95,367400,5.06,26900,4.94,72700,5.07,32100,4.93,63000,5.08,39000,4.92,178200,5.09,19400,4.91,92300,5.1,25800,3461900,2438100,15:39:46.595
000931.SZ,000931,20260420,20260420,10:35:54.000,103554000,79,5.0,5.19,5.19,4.95,5.2,5.72,4.68,13586963,6808.1829,13063,5.0,342500,5.01,146600,4.99,181600,5.02,152100,4.98,214200,5.03,50800,4.97,411000,5.04,150700,4.96,551400,5.05,18400,4.95,364400,5.06,26900,4.94,72700,5.07,32100,4.93,63000,5.08,42000,4.92,178200,5.09,19400,4.91,92300,5.1,25800,3459000,2441100,15:39:46.704
000931.SZ,000931,20260420,20260420,10:36:00.000,103600000,79,5.01,5.19,5.19,4.95,5.2,5.72,4.68,13588563,6808.9845,13067,5.0,344800,5.01,145000,4.99,181600,5.02,152100,4.98,214200,5.03,50800,4.97,411000,5.04,150700,4.96,551400,5.05,18400,4.95,364900,5.06,26900,4.94,72700,5.07,32100,4.93,63000,5.08,43000,4.92,178200,5.09,19400,4.91,92300,5.1,25800,3461800,2440500,15:39:47.160
000931.SZ,000931,20260420,20260420,10:36:03.000,103603000,79,5.01,5.19,5.19,4.95,5.2,5.72,4.68,13599163,6814.2951,13090,5.0,344800,5.01,134400,4.99,181600,5.02,152100,4.98,214200,5.03,50800,4.97,411000,5.04,150700,4.96,551400,5.05,18400,4.95,364900,5.06,26900,4.94,72700,5.07,32100,4.93,63000,5.08,43000,4.92,178200,5.09,19400,4.91,92300,5.1,25800,3461800,2429900,15:39:47.437
000931.SZ,000931,20260420,20260420,10:36:06.000,103606000,79,5.0,5.19,5.19,4.95,5.2,5.72,4.68,13599263,6814.3451,13091,5.0,344700,5.01,134400,4.99,181600,5.02,152100,4.98,213200,5.03,50800,4.97,411000,5.04,150700,4.96,551400,5.05,18400,4.95,368900,5.06,26900,4.94,72700,5.07,32100,4.93,63000,5.08,43000,4.92,178200,5.09,19400,4.91,92300,5.1,25800,3464700,2429900,15:39:47.546
000931.SZ,000931,20260420,20260420,10:36:09.000,103609000,79,5.01,5.19,5.19,4.95,5.2,5.72,4.68,13599563,6814.4954,13092,5.0,344700,5.01,134100,4.99,181600,5.02,152100,4.98,213200,5.03,50800,4.97,411000,5.04,150700,4.96,551400,5.05,18400,4.95,368900,5.06,26900,4.94,72700,5.07,32100,4.93,63000,5.08,43000,4.92,178200,5.09,19400,4.91,92300,5.1,25800,3464700,2429600,15:39:47.786
000931.SZ,000931,20260420,20260420,10:36:12.000,103612000,79,5.01,5.19,5.19,4.95,5.2,5.72,4.68,13599563,6814.4954,13092,5.0,351600,5.01,134100,4.99,181600,5.02,151900,4.98,213200,5.03,50800,4.97,411000,5.04,150700,4.96,551400,5.05,18400,4.95,368900,5.06,26900,4.94,72700,5.07,32100,4.93,63000,5.08,43000,4.92,178200,5.09,19400,4.91,92300,5.1,25800,3471600,2429400,15:39:48.111
000931.SZ,000931,20260420,20260420,10:36:15.000,103615000,79,5.01,5.19,5.19,4.95,5.2,5.72,4.68,13599563,6814.4954,13092,5.0,352100,5.01,135000,4.99,181600,5.02,151900,4.98,213200,5.03,50800,4.97,411000,5.04,150700,4.96,551400,5.05,18400,4.95,368900,5.06,26900,4.94,72700,5.07,32100,4.93,63000,5.08,43000,4.92,178200,5.09,19400,4.91,92300,5.1,25800,3472100,2430300,15:39:48.200
000931.SZ,000931,20260420,20260420,10:36:21.000,103621000,79,5.01,5.19,5.19,4.95,5.2,5.72,4.68,13599563,6814.4954,13092,5.0,352100,5.01,139500,4.99,181600,5.02,151700,4.98,213200,5.03,50800,4.97,411000,5.04,150700,4.96,551400,5.05,18400,4.95,368900,5.06,26900,4.94,72700,5.07,32100,4.93,63000,5.08,43000,4.92,178200,5.09,19400,4.91,92300,5.1,25800,3472100,2434600,15:39:48.575
000931.SZ,000931,20260420,20260420,10:36:27.000,103627000,79,5.0,5.19,5.19,4.95,5.2,5.72,4.68,13605263,6817.3471,13096,5.0,348100,5.01,138600,4.99,181600,5.02,151700,4.98,213200,5.03,50800,4.97,411000,5.04,150700,4.96,551400,5.05,18400,4.95,368900,5.06,26900,4.94,72700,5.07,32100,4.93,63000,5.08,43000,4.92,178200,5.09,19400,4.91,92300,5.1,25800,3468100,2432700,15:39:49.033
000931.SZ,000931,20260420,20260420,10:36:30.000,103630000,79,5.01,5.19,5.19,4.95,5.2,5.72,4.68,13610163,6819.802,13104,5.0,348100,5.01,133700,4.99,181600,5.02,151700,4.98,213200,5.03,50800,4.97,411000,5.04,150700,4.96,551400,5.05,18400,4.95,368900,5.06,26900,4.94,72700,5.07,32100,4.93,63000,5.08,43000,4.92,178200,5.09,19400,4.91,92300,5.1,25800,3468100,2427800,15:39:49.113
000931.SZ,000931,20260420,20260420,10:36:33.000,103633000,79,5.01,5.19,5.19,4.95,5.2,5.72,4.68,13610563,6820.0024,13105,5.0,342400,5.01,133900,4.99,181600,5.02,151700,4.98,213200,5.03,50800,4.97,411000,5.04,150700,4.96,551400,5.05,18400,4.95,368900,5.06,26900,4.94,72700,5.07,32100,4.93,62700,5.08,43000,4.92,178200,5.09,19400,4.91,92300,5.1,25800,3462100,2428000,15:39:49.337
000931.SZ,000931,20260420,20260420,10:36:36.000,103636000,79,5.01,5.19,5.19,4.95,5.2,5.72,4.68,13614863,6822.1567,13107,5.0,342400,5.01,129600,4.99,181600,5.02,151700,4.98,213200,5.03,50800,4.97,411000,5.04,150700,4.96,551400,5.05,18400,4.95,368900,5.06,26900,4.94,72700,5.07,32100,4.93,62700,5.08,43000,4.92,178200,5.09,19400,4.91,92300,5.1,25800,3462100,2423700,15:39:49.432
000931.SZ,000931,20260420,20260420,10:36:39.000,103639000,79,5.01,5.19,5.19,4.95,5.2,5.72,4.68,13614863,6822.1567,13107,5.0,342400,5.01,130900,4.99,181600,5.02,151700,4.98,213200,5.03,50800,4.97,411000,5.04,150700,4.96,551400,5.05,18400,4.95,368900,5.06,26900,4.94,77700,5.07,32100,4.93,62700,5.08,43000,4.92,178200,5.09,19400,4.91,92300,5.1,25800,3467100,2425000,15:39:49.682
000931.SZ,000931,20260420,20260420,10:36:42.000,103642000,79,5.01,5.19,5.19,4.95,5.2,5.72,4.68,13614863,6822.1567,13107,5.0,342800,5.01,130900,4.99,181600,5.02,151700,4.98,219800,5.03,50800,4.97,411200,5.04,150700,4.96,551400,5.05,18400,4.95,368900,5.06,26900,4.94,77700,5.07,32100,4.93,62700,5.08,43000,4.92,178200,5.09,19400,4.91,92300,5.1,25800,3474300,2425000,15:39:49.809
000931.SZ,000931,20260420,20260420,10:36:45.000,103645000,79,5.01,5.19,5.19,4.95,5.2,5.72,4.68,13614863,6822.1567,13107,5.0,343800,5.01,130900,4.99,181600,5.02,151700,4.98,219800,5.03,50800,4.97,412200,5.04,150700,4.96,551400,5.05,18400,4.95,368900,5.06,26900,4.94,77700,5.07,47100,4.93,62700,5.08,43000,4.92,178200,5.09,19400,4.91,92300,5.1,25800,3476300,2440000,15:39:50.043
000931.SZ,000931,20260420,20260420,10:36:48.000,103648000,79,5.01,5.19,5.19,4.95,5.2,5.72,4.68,13614863,6822.1567,13107,5.0,343800,5.01,130900,4.99,181600,5.02,151700,4.98,219800,5.03,50800,4.97,412200,5.04,151700,4.96,551400,5.05,18400,4.95,368900,5.06,26900,4.94,77700,5.07,47100,4.93,62700,5.08,43000,4.92,178200,5.09,19400,4.91,92300,5.1,25800,3476300,2441000,15:39:50.185
000931.SZ,000931,20260420,20260420,10:36:51.000,103651000,79,5.01,5.19,5.19,4.95,5.2,5.72,4.68,13614863,6822.1567,13107,5.0,343800,5.01,135300,4.99,181600,5.02,151700,4.98,219800,5.03,50800,4.97,412200,5.04,151700,4.96,551400,5.05,18400,4.95,368900,5.06,26900,4.94,77700,5.07,47100,4.93,62700,5.08,43000,4.92,178200,5.09,19400,4.91,92300,5.1,25800,3476300,2445400,15:39:50.422
000931.SZ,000931,20260420,20260420,10:36:54.000,103654000,79,5.01,5.19,5.19,4.95,5.2,5.72,4.68,13614863,6822.1567,13107,5.0,345400,5.01,135300,4.99,181600,5.02,151700,4.98,219800,5.03,50800,4.97,412200,5.04,151700,4.96,551400,5.05,18400,4.95,368400,5.06,26900,4.94,77700,5.07,47100,4.93,62700,5.08,43000,4.92,178200,5.09,19400,4.91,92300,5.1,25800,3477400,2445400,15:39:50.562
000931.SZ,000931,20260420,20260420,10:36:57.000,103657000,79,5.01,5.19,5.19,4.95,5.2,5.72,4.68,13614863,6822.1567,13107,5.0,345400,5.01,135300,4.99,181600,5.02,151700,4.98,219800,5.03,50800,4.97,412200,5.04,151700,4.96,551400,5.05,18400,4.95,368900,5.06,26900,4.94,77700,5.07,47100,4.93,62700,5.08,43000,4.92,178200,5.09,19400,4.91,92300,5.1,25800,3477900,2445400,15:39:50.807
000931.SZ,000931,20260420,20260420,10:37:00.000,103700000,79,5.01,5.19,5.19,4.95,5.2,5.72,4.68,13614863,6822.1567,13107,5.0,340400,5.01,135300,4.99,181600,5.02,151500,4.98,219800,5.03,50800,4.97,412200,5.04,151700,4.96,551400,5.05,18400,4.95,368900,5.06,26900,4.94,77700,5.07,47100,4.93,62700,5.08,43000,4.92,178200,5.09,19400,4.91,92300,5.1,25800,3472900,2445200,15:39:50.962
000931.SZ,000931,20260420,20260420,10:37:03.000,103703000,79,5.01,5.19,5.19,4.95,5.2,5.72,4.68,13616463,6822.9583,13110,5.0,340400,5.01,133700,4.99,181600,5.02,151500,4.98,219800,5.03,50800,4.97,412200,5.04,151700,4.96,551400,5.05,18400,4.95,368900,5.06,26900,4.94,77700,5.07,47100,4.93,62700,5.08,43000,4.92,178200,5.09,19400,4.91,92300,5.1,25800,3472900,2443600,15:39:51.334
000931.SZ,000931,20260420,20260420,10:37:06.000,103706000,79,5.01,5.19,5.19,4.95,5.2,5.72,4.68,13616863,6823.1587,13111,5.0,318600,5.01,133300,4.99,181600,5.02,151500,4.98,219800,5.03,50800,4.97,412200,5.04,151700,4.96,551400,5.05,18400,4.95,368900,5.06,26900,4.94,77700,5.07,47100,4.93,62700,5.08,43000,4.92,178200,5.09,19400,4.91,92300,5.1,25800,3451100,2443200,15:39:51.427
000931.SZ,000931,20260420,20260420,10:37:09.000,103709000,79,5.01,5.19,5.19,4.95,5.2,5.72,4.68,13616863,6823.1587,13111,5.0,318600,5.01,133300,4.99,181600,5.02,151500,4.98,225600,5.03,50800,4.97,412200,5.04,151700,4.96,551400,5.05,18400,4.95,368900,5.06,26900,4.94,77700,5.07,47100,4.93,62700,5.08,43000,4.92,178200,5.09,19400,4.91,92300,5.1,25800,3456900,2443200,15:39:51.716
000931.SZ,000931,20260420,20260420,10:37:12.000,103712000,79,5.01,5.19,5.19,4.95,5.2,5.72,4.68,13616863,6823.1587,13111,5.0,319800,5.01,133300,4.99,181600,5.02,151500,4.98,225600,5.03,50800,4.97,412200,5.04,151700,4.96,551400,5.05,18400,4.95,362600,5.06,26900,4.94,77700,5.07,47100,4.93,62700,5.08,43000,4.92,178200,5.09,19400,4.91,92300,5.1,25800,3453800,2443200,15:39:51.868
000931.SZ,000931,20260420,20260420,10:37:15.000,103715000,79,5.01,5.19,5.19,4.95,5.2,5.72,4.68,13616863,6823.1587,13111,5.0,320100,5.01,133300,4.99,181600,5.02,151500,4.98,225600,5.03,50800,4.97,412200,5.04,151700,4.96,551400,5.05,18400,4.95,362600,5.06,26900,4.94,77700,5.07,47100,4.93,62700,5.08,43000,4.92,178200,5.09,19400,4.91,92300,5.1,25800,3454100,2443200,15:39:52.024
000931.SZ,000931,20260420,20260420,10:37:18.000,103718000,79,5.01,5.19,5.19,4.95,5.2,5.72,4.68,13748763,6889.2406,13214,5.0,320100,5.01,5800,4.99,181600,5.02,151500,4.98,225600,5.03,50800,4.97,412200,5.04,151700,4.96,551400,5.05,18400,4.95,362600,5.06,26900,4.94,77700,5.07,47100,4.93,62700,5.08,43000,4.92,178200,5.09,19400,4.91,92300,5.1,25800,3454100,2315700,15:39:52.199
000931.SZ,000931,20260420,20260420,10:37:21.000,103721000,79,5.01,5.19,5.19,4.95,5.2,5.72,4.68,13755163,6892.447,13256,5.0,320100,5.02,151700,4.99,181600,5.03,50800,4.98,225600,5.04,151700,4.97,413000,5.05,18400,4.96,551400,5.06,26900,4.95,362600,5.07,47100,4.94,77700,5.08,43000,4.93,62700,5.09,19400,4.92,178200,5.1,25800,4.91,92300,5.11,30500,3454900,2310100,15:39:52.400
000931.SZ,000931,20260420,20260420,10:37:24.000,103724000,79,5.01,5.19,5.19,4.95,5.2,5.72,4.68,13756263,6892.9981,13263,5.0,320100,5.01,1600,4.99,181600,5.02,152700,4.98,225600,5.03,50800,4.97,413000,5.04,151700,4.96,551400,5.05,18400,4.95,362600,5.06,26900,4.94,77700,5.07,47100,4.93,62700,5.08,43000,4.92,178200,5.09,19400,4.91,92300,5.1,25800,3454900,2312700,15:39:52.512
000931.SZ,000931,20260420,20260420,10:37:27.000,103727000,79,5.01,5.19,5.19,4.95,5.2,5.72,4.68,13756763,6893.2486,13267,5.0,320100,5.01,2000,4.99,181600,5.02,151700,4.98,225600,5.03,50800,4.97,413000,5.04,151700,4.96,556400,5.05,18400,4.95,362600,5.06,26900,4.94,77700,5.07,47100,4.93,62700,5.08,43000,4.92,178200,5.09,19400,4.91,92300,5.1,25800,3459900,2312100,15:39:52.695
000931.SZ,000931,20260420,20260420,10:37:30.000,103730000,79,5.01,5.19,5.19,4.95,5.2,5.72,4.68,13756763,6893.2486,13267,5.0,320100,5.01,3000,4.99,181600,5.02,151700,4.98,225600,5.03,50800,4.97,413000,5.04,151700,4.96,556300,5.05,18400,4.95,362600,5.06,26900,4.94,77700,5.07,47100,4.93,62700,5.08,43000,4.92,178200,5.09,19400,4.91,92300,5.1,25800,3537300,2313100,15:39:52.991
000931.SZ,000931,20260420,20260420,10:37:33.000,103733000,79,5.01,5.19,5.19,4.95,5.2,5.72,4.68,13756763,6893.2486,13267,5.0,321500,5.01,3500,4.99,181600,5.02,151700,4.98,225600,5.03,50800,4.97,413000,5.04,151700,4.96,556300,5.05,18400,4.95,362600,5.06,26900,4.94,77700,5.07,47100,4.93,62700,5.08,43000,4.92,178200,5.09,19400,4.91,92300,5.1,25800,3538700,2313600,15:39:53.084
000931.SZ,000931,20260420,20260420,10:37:36.000,103736000,79,5.01,5.19,5.19,4.95,5.2,5.72,4.68,13756763,6893.2486,13267,5.0,322400,5.01,4300,4.99,181600,5.02,151700,4.98,225600,5.03,50800,4.97,413000,5.04,151700,4.96,556300,5.05,18400,4.95,362600,5.06,26900,4.94,77700,5.07,47100,4.93,62700,5.08,43000,4.92,178200,5.09,19400,4.91,92300,5.1,25800,3539600,2314400,15:39:53.277
000931.SZ,000931,20260420,20260420,10:37:39.000,103739000,79,5.01,5.19,5.19,4.95,5.2,5.72,4.68,13756863,6893.2987,13268,5.0,322700,5.01,11300,4.99,181600,5.02,151700,4.98,225600,5.03,50800,4.97,413000,5.04,151700,4.96,556300,5.05,18400,4.95,362600,5.06,26900,4.94,77700,5.07,47100,4.93,62700,5.08,43000,4.92,178200,5.09,19400,4.91,92300,5.1,25800,3539900,2321400,15:39:53.392
000931.SZ,000931,20260420,20260420,10:37:42.000,103742000,79,5.01,5.19,5.19,4.95,5.2,5.72,4.68,13762863,6896.3047,13285,5.0,322700,5.01,16000,4.99,182100,5.02,151700,4.98,225600,5.03,50800,4.97,413000,5.04,151700,4.96,556300,5.05,18400,4.95,362600,5.06,26900,4.94,77700,5.07,47100,4.93,62700,5.08,43000,4.92,178200,5.09,19400,4.91,92300,5.1,25800,3540400,2326100,15:39:53.579
000931.SZ,000931,20260420,20260420,10:37:45.000,103745000,79,5.01,5.19,5.19,4.95,5.2,5.72,4.68,13762863,6896.3047,13285,5.0,322700,5.01,19400,4.99,182100,5.02,151700,4.98,225600,5.03,50800,4.97,413000,5.04,151700,4.96,556300,5.05,18400,4.95,362600,5.06,26900,4.94,77700,5.07,47100,4.93,62700,5.08,43000,4.92,178200,5.09,19400,4.91,92300,5.1,25800,3540400,2329500,15:39:53.810
000931.SZ,000931,20260420,20260420,10:37:48.000,103748000,79,5.01,5.19,5.19,4.95,5.2,5.72,4.68,13762863,6896.3047,13285,5.0,321100,5.01,22100,4.99,182100,5.02,151700,4.98,225600,5.03,50800,4.97,413000,5.04,151700,4.96,556300,5.05,18400,4.95,362600,5.06,26900,4.94,77700,5.07,47100,4.93,62700,5.08,43000,4.92,178200,5.09,19400,4.91,92300,5.1,25800,3538800,2332200,15:39:53.929
000931.SZ,000931,20260420,20260420,10:37:51.000,103751000,79,5.01,5.19,5.19,4.95,5.2,5.72,4.68,13762863,6896.3047,13285,5.0,321100,5.01,29800,4.99,181100,5.02,151700,4.98,225600,5.03,50800,4.97,413000,5.04,151700,4.96,556300,5.05,18400,4.95,362600,5.06,26900,4.94,77700,5.07,47100,4.93,62700,5.08,43000,4.92,178200,5.09,19400,4.91,92300,5.1,25800,3537800,2339900,15:39:54.103
000931.SZ,000931,20260420,20260420,10:37:54.000,103754000,79,5.01,5.19,5.19,4.95,5.2,5.72,4.68,13763863,6896.8057,13287,5.0,321100,5.01,38800,4.99,181100,5.02,151700,4.98,225600,5.03,50800,4.97,413000,5.04,151700,4.96,556300,5.05,18400,4.95,362600,5.06,26900,4.94,77700,5.07,47100,4.93,62700,5.08,43000,4.92,178200,5.09,19400,4.91,92300,5.1,25800,3537800,2348900,15:39:54.317
000931.SZ,000931,20260420,20260420,10:37:57.000,103757000,79,5.01,5.19,5.19,4.95,5.2,5.72,4.68,13763863,6896.8057,13287,5.0,321100,5.01,43400,4.99,181100,5.02,151700,4.98,225600,5.03,50800,4.97,413000,5.04,151700,4.96,556300,5.05,18400,4.95,362600,5.06,26900,4.94,77700,5.07,47100,4.93,62700,5.08,43000,4.92,178200,5.09,19400,4.91,92300,5.1,25800,3537800,2354600,15:39:54.394
000931.SZ,000931,20260420,20260420,10:38:00.000,103800000,79,5.01,5.19,5.19,4.95,5.2,5.72,4.68,13763863,6896.8057,13287,5.0,321100,5.01,45600,4.99,181100,5.02,151700,4.98,225600,5.03,50800,4.97,413000,5.04,151700,4.96,556300,5.05,18400,4.95,362600,5.06,26900,4.94,77700,5.07,47100,4.93,62700,5.08,43000,4.92,178200,5.09,19400,4.91,92300,5.1,25800,3540800,2356800,15:39:54.646
000931.SZ,000931,20260420,20260420,10:38:03.000,103803000,79,5.01,5.19,5.19,4.95,5.2,5.72,4.68,13764063,6896.9059,13289,5.0,321100,5.01,61200,4.99,181100,5.02,151700,4.98,225600,5.03,50800,4.97,413000,5.04,151700,4.96,556300,5.05,18400,4.95,362600,5.06,26900,4.94,77700,5.07,47100,4.93,62700,5.08,43000,4.92,178200,5.09,19400,4.91,92300,5.1,25800,3540800,2372400,15:39:54.941
000931.SZ,000931,20260420,20260420,10:38:06.000,103806000,79,5.01,5.19,5.19,4.95,5.2,5.72,4.68,13765663,6897.7075,13291,5.0,321100,5.01,61000,4.99,181100,5.02,151700,4.98,225600,5.03,50800,4.97,413000,5.04,151700,4.96,556300,5.05,18400,4.95,362600,5.06,26900,4.94,77700,5.07,47100,4.93,62700,5.08,43000,4.92,178200,5.09,19400,4.91,92300,5.1,25800,3540800,2372200,15:39:55.203
000931.SZ,000931,20260420,20260420,10:38:09.000,103809000,79,5.01,5.19,5.19,4.95,5.2,5.72,4.68,13765663,6897.7075,13291,5.0,325700,5.01,64600,4.99,181100,5.02,151700,4.98,225600,5.03,50800,4.97,413000,5.04,151700,4.96,556300,5.05,18400,4.95,362600,5.06,26900,4.94,77700,5.07,47100,4.93,62700,5.08,43000,4.92,178200,5.09,19400,4.91,92300,5.1,25800,3545400,2375800,15:39:55.277
000931.SZ,000931,20260420,20260420,10:38:12.000,103812000,79,5.01,5.19,5.19,4.95,5.2,5.72,4.68,13765763,6897.7576,13292,5.0,325700,5.01,49000,4.99,181100,5.02,151700,4.98,225600,5.03,50800,4.97,413000,5.04,151700,4.96,556300,5.05,18400,4.95,362600,5.06,26900,4.94,77700,5.07,47100,4.93,62700,5.08,43000,4.92,178200,5.09,19400,4.91,92300,5.1,25800,3545400,2360200,15:39:55.482
000931.SZ,000931,20260420,20260420,10:38:18.000,103818000,79,5.01,5.19,5.19,4.95,5.2,5.72,4.68,13766963,6898.3588,13294,5.0,325700,5.01,47800,4.99,181100,5.02,151700,4.98,225600,5.03,50800,4.97,413000,5.04,151700,4.96,556300,5.05,18400,4.95,362600,5.06,26900,4.94,77700,5.07,47100,4.93,62700,5.08,43000,4.92,178200,5.09,19400,4.91,92300,5.1,25800,3545400,2359000,15:39:55.853
000931.SZ,000931,20260420,20260420,10:38:21.000,103821000,79,5.01,5.19,5.19,4.95,5.2,5.72,4.68,13767263,6898.5091,13296,5.0,325700,5.01,53900,4.99,181300,5.02,151700,4.98,225600,5.03,50800,4.97,413000,5.04,151700,4.96,556300,5.05,18400,4.95,362600,5.06,26900,4.94,77700,5.07,47100,4.93,62700,5.08,43000,4.92,178200,5.09,19400,4.91,92300,5.1,25800,3545600,2365100,15:39:56.134
000931.SZ,000931,20260420,20260420,10:38:30.000,103830000,79,5.01,5.19,5.19,4.95,5.2,5.72,4.68,13767863,6898.8097,13298,5.0,269700,5.01,69100,4.99,182000,5.02,151700,4.98,225600,5.03,50800,4.97,413000,5.04,151700,4.96,556300,5.05,18400,4.95,362600,5.06,26900,4.94,77700,5.07,47100,4.93,62700,5.08,43000,4.92,178200,5.09,19400,4.91,92300,5.1,25800,3490300,2380300,15:39:56.633
000931.SZ,000931,20260420,20260420,10:38:33.000,103833000,79,5.01,5.19,5.19,4.95,5.2,5.72,4.68,13839963,6934.9318,13394,5.01,8700,5.02,152700,5.0,170000,5.03,50800,4.99,182000,5.04,151700,4.98,225600,5.05,18400,4.97,413100,5.06,26900,4.96,556300,5.07,47100,4.95,362600,5.08,43000,4.94,77700,5.09,19400,4.93,62700,5.1,25800,4.92,178200,5.11,30500,3399400,2310300,15:39:56.820
000931.SZ,000931,20260420,20260420,10:38:36.000,103836000,79,5.01,5.19,5.19,4.95,5.2,5.72,4.68,13850863,6940.3927,13437,5.0,169700,5.01,4400,4.99,182000,5.02,155600,4.98,225600,5.03,50800,4.97,413100,5.04,151700,4.96,556300,5.05,18400,4.95,362600,5.06,26900,4.94,77700,5.07,47100,4.93,62700,5.08,43000,4.92,178200,5.09,19400,4.91,92300,5.1,25800,3390400,2317600,15:39:56.912
000931.SZ,000931,20260420,20260420,10:38:39.000,103839000,79,5.01,5.19,5.19,4.95,5.2,5.72,4.68,13855463,6942.6973,13451,5.01,300,5.02,157800,5.0,169700,5.03,51200,4.99,182000,5.04,151700,4.98,225600,5.05,18400,4.97,413100,5.06,26900,4.96,556300,5.07,47100,4.95,362600,5.08,43000,4.94,77700,5.09,19400,4.93,62700,5.1,25800,4.92,178200,5.11,30500,3390700,2315800,15:39:57.198
000931.SZ,000931,20260420,20260420,10:38:42.000,103842000,79,5.01,5.19,5.19,4.95,5.2,5.72,4.68,13858663,6944.3005,13462,5.0,169700,5.01,2800,4.99,182000,5.02,155600,4.98,225600,5.03,51200,4.97,413100,5.04,151700,4.96,556300,5.05,18400,4.95,362600,5.06,26900,4.94,77700,5.07,47100,4.93,62700,5.08,43000,4.92,178200,5.09,19400,4.91,92300,5.1,25800,3390400,2316400,15:39:57.273
000931.SZ,000931,20260420,20260420,10:38:45.000,103845000,79,5.01,5.19,5.19,4.95,5.2,5.72,4.68,13859963,6944.9518,13468,5.0,169700,5.01,2000,4.99,182000,5.02,155400,4.98,225600,5.03,51200,4.97,413100,5.04,151700,4.96,556300,5.05,18400,4.95,362600,5.06,26900,4.94,77700,5.07,47100,4.93,62700,5.08,43000,4.92,178200,5.09,19400,4.91,92300,5.1,25800,3387400,2315400,15:39:57.487
000931.SZ,000931,20260420,20260420,10:38:48.000,103848000,79,5.01,5.19,5.19,4.95,5.2,5.72,4.68,13859963,6944.9518,13468,5.0,169700,5.01,2000,4.99,182000,5.02,155000,4.98,225600,5.03,51200,4.97,413100,5.04,151700,4.96,556300,5.05,18400,4.95,362600,5.06,26900,4.94,77700,5.07,47100,4.93,62700,5.08,43000,4.92,178200,5.09,19400,4.91,92300,5.1,25800,3387400,2315000,15:39:57.630
000931.SZ,000931,20260420,20260420,10:38:51.000,103851000,79,5.01,5.19,5.19,4.95,5.2,5.72,4.68,13859963,6944.9518,13468,5.0,181300,5.01,2000,4.99,182000,5.02,155000,4.98,225600,5.03,51200,4.97,413100,5.04,151700,4.96,556300,5.05,18400,4.95,362600,5.06,26900,4.94,77700,5.07,47100,4.93,62700,5.08,43000,4.92,178200,5.09,19400,4.91,92300,5.1,25800,3399000,2315000,15:39:57.801
000931.SZ,000931,20260420,20260420,10:38:54.000,103854000,79,5.01,5.19,5.19,4.95,5.2,5.72,4.68,13859963,6944.9518,13468,5.0,184300,5.01,4300,4.99,182000,5.02,155000,4.98,225600,5.03,51200,4.97,413100,5.04,151700,4.96,556300,5.05,18400,4.95,362600,5.06,26900,4.94,77700,5.07,47100,4.93,62700,5.08,43000,4.92,178200,5.09,19400,4.91,92300,5.1,25800,3402000,2317300,15:39:57.990
000931.SZ,000931,20260420,20260420,10:38:57.000,103857000,79,5.01,5.19,5.19,4.95,5.2,5.72,4.68,13859963,6944.9518,13468,5.0,184300,5.01,4300,4.99,182000,5.02,154500,4.98,225600,5.03,51200,4.97,413100,5.04,151700,4.96,556300,5.05,18400,4.95,362600,5.06,26900,4.94,77700,5.07,47100,4.93,62700,5.08,43000,4.92,178200,5.09,19400,4.91,92300,5.1,25800,3402000,2318700,15:39:58.193
000931.SZ,000931,20260420,20260420,10:39:00.000,103900000,79,5.01,5.19,5.19,4.95,5.2,5.72,4.68,13865863,6947.9027,13471,5.0,179300,5.01,6600,4.99,182000,5.02,154500,4.98,225600,5.03,51200,4.97,413100,5.04,151700,4.96,556300,5.05,18400,4.95,362600,5.06,26900,4.94,77700,5.07,47100,4.93,62700,5.08,43000,4.92,178200,5.09,19400,4.91,92300,5.1,25800,3397000,2321000,15:39:58.290
000931.SZ,000931,20260420,20260420,10:39:03.000,103903000,79,5.01,5.19,5.19,4.95,5.2,5.72,4.68,13866663,6948.3035,13475,5.0,179300,5.01,10300,4.99,182000,5.02,154500,4.98,225600,5.03,51200,4.97,413100,5.04,151700,4.96,556300,5.05,18400,4.95,362600,5.06,26900,4.94,77700,5.07,47100,4.93,62700,5.08,43000,4.92,178200,5.09,19400,4.91,92300,5.1,25800,3397000,2324700,15:39:58.747
000931.SZ,000931,20260420,20260420,10:39:06.000,103906000,79,5.01,5.19,5.19,4.95,5.2,5.72,4.68,13868363,6949.1552,13477,5.0,179300,5.01,17000,4.99,182000,5.02,154500,4.98,225600,5.03,51200,4.97,413100,5.04,151700,4.96,556800,5.05,18400,4.95,362600,5.06,26900,4.94,77700,5.07,47100,4.93,62700,5.08,43000,4.92,178200,5.09,19400,4.91,92300,5.1,25800,3397500,2331400,15:39:58.798
000931.SZ,000931,20260420,20260420,10:39:09.000,103909000,79,5.01,5.19,5.19,4.95,5.2,5.72,4.68,13868363,6949.1552,13477,5.0,180700,5.01,25500,4.99,182000,5.02,153900,4.98,226000,5.03,51200,4.97,413100,5.04,151700,4.96,556800,5.05,18400,4.95,362600,5.06,26900,4.94,77700,5.07,47100,4.93,62700,5.08,43000,4.92,178200,5.09,19400,4.91,92300,5.1,25800,3399300,2339300,15:39:59.036
000931.SZ,000931,20260420,20260420,10:39:12.000,103912000,79,5.01,5.19,5.19,4.95,5.2,5.72,4.68,13868363,6949.1552,13477,5.0,180400,5.01,26800,4.99,182000,5.02,154100,4.98,226000,5.03,51200,4.97,413100,5.04,149100,4.96,556800,5.05,18400,4.95,362600,5.06,26900,4.94,77700,5.07,47100,4.93,62700,5.08,43000,4.92,178200,5.09,19400,4.91,92300,5.1,25800,3399000,2338200,15:39:59.176
000931.SZ,000931,20260420,20260420,10:39:15.000,103915000,79,5.01,5.19,5.19,4.95,5.2,5.72,4.68,13868363,6949.1552,13477,5.0,180400,5.01,28200,4.99,183000,5.02,134100,4.98,228000,5.03,50600,4.97,413100,5.04,149100,4.96,556800,5.05,18400,4.95,362600,5.06,26900,4.94,77700,5.07,47100,4.93,62700,5.08,43000,4.92,178200,5.09,19400,4.91,92300,5.1,25800,3402000,2327000,15:39:59.373
000931.SZ,000931,20260420,20260420,10:39:18.000,103918000,79,5.01,5.19,5.19,4.95,5.2,5.72,4.68,13869863,6949.9066,13481,5.0,180300,5.01,27700,4.99,183000,5.02,134100,4.98,228000,5.03,50600,4.97,413100,5.04,149100,4.96,556800,5.05,18400,4.95,362600,5.06,26900,4.94,77700,5.07,47100,4.93,62700,5.08,43000,4.92,178200,5.09,19400,4.91,92300,5.1,25800,3401900,2326500,15:39:59.549
000931.SZ,000931,20260420,20260420,10:39:21.000,103921000,79,5.01,5.19,5.19,4.95,5.2,5.72,4.68,13869863,6949.9066,13481,5.0,180300,5.01,32200,4.99,183000,5.02,133800,4.98,228000,5.03,50600,4.97,413100,5.04,149100,4.96,556800,5.05,18400,4.95,362600,5.06,26900,4.94,77700,5.07,47100,4.93,62700,5.08,43000,4.92,178200,5.09,19400,4.91,92300,5.1,25800,3401900,2330700,15:39:59.670
000931.SZ,000931,20260420,20260420,10:39:24.000,103924000,79,5.01,5.19,5.19,4.95,5.2,5.72,4.68,13869863,6949.9066,13481,5.0,180300,5.01,40700,4.99,183000,5.02,134100,4.98,228000,5.03,50600,4.97,413100,5.04,149100,4.96,556800,5.05,18400,4.95,362600,5.06,26900,4.94,77700,5.07,47100,4.93,62700,5.08,43000,4.92,178200,5.09,19400,4.91,92300,5.1,25800,3401900,2339500,15:39:59.923
000931.SZ,000931,20260420,20260420,10:39:27.000,103927000,79,5.01,5.19,5.19,4.95,5.2,5.72,4.68,13871163,6950.5579,13483,5.0,180300,5.01,42900,4.99,181000,5.02,134400,4.98,228000,5.03,50600,4.97,413100,5.04,149100,4.96,556800,5.05,18400,4.95,362600,5.06,26900,4.94,77700,5.07,47100,4.93,62700,5.08,43000,4.92,178200,5.09,19400,4.91,92300,5.1,25800,3399900,2342000,15:40:00.079
000931.SZ,000931,20260420,20260420,10:39:30.000,103930000,79,5.01,5.19,5.19,4.95,5.2,5.72,4.68,13871163,6950.5579,13483,5.0,190300,5.01,47700,4.99,183000,5.02,134400,4.98,230000,5.03,50300,4.97,413100,5.04,149100,4.96,556800,5.05,18400,4.95,362600,5.06,26900,4.94,77700,5.07,47100,4.93,62700,5.08,43000,4.92,178200,5.09,19400,4.91,92300,5.1,25800,3413900,2346500,15:40:00.222
000931.SZ,000931,20260420,20260420,10:39:33.000,103933000,79,5.01,5.19,5.19,4.95,5.2,5.72,4.68,13872063,6951.0088,13485,5.0,190300,5.01,46800,4.99,183000,5.02,134100,4.98,230000,5.03,50300,4.97,413100,5.04,149100,4.96,556800,5.05,18400,4.95,362600,5.06,26900,4.94,77700,5.07,47100,4.93,62700,5.08,43000,4.92,178200,5.09,19400,4.91,92300,5.1,25800,3416900,2345300,15:40:00.355
000931.SZ,000931,20260420,20260420,10:39:36.000,103936000,79,5.01,5.19,5.19,4.95,5.2,5.72,4.68,13872063,6951.0088,13485,5.0,190300,5.01,48200,4.99,183000,5.02,123800,4.98,230000,5.03,50100,4.97,413100,5.04,149100,4.96,556800,5.05,18400,4.95,361600,5.06,26900,4.94,77700,5.07,47100,4.93,62700,5.08,43000,4.92,178200,5.09,19400,4.91,92300,5.1,25800,3415900,2336200,15:40:00.425
000931.SZ,000931,20260420,20260420,10:39:39.000,103939000,79,5.01,5.19,5.19,4.95,5.2,5.72,4.68,13884263,6957.121,13502,5.0,190300,5.01,40200,4.99,183000,5.02,124100,4.98,230000,5.03,50100,4.97,413100,5.04,149100,4.96,556800,5.05,18400,4.95,361600,5.06,26900,4.94,77700,5.07,47100,4.93,62700,5.08,43000,4.92,178200,5.09,19400,4.91,92300,5.1,25800,3415900,2328500,15:40:00.692
000931.SZ,000931,20260420,20260420,10:39:42.000,103942000,79,5.0,5.19,5.19,4.95,5.2,5.72,4.68,13884563,6957.271,13505,5.0,190000,5.01,40500,4.99,183000,5.02,122800,4.98,234500,5.03,50100,4.97,413100,5.04,149100,4.96,556800,5.05,18400,4.95,361600,5.06,26900,4.94,77700,5.07,47100,4.93,62700,5.08,43000,4.92,178200,5.09,19400,4.91,92300,5.1,25800,3420100,2327500,15:40:00.722
000931.SZ,000931,20260420,20260420,10:39:45.000,103945000,79,5.0,5.19,5.19,4.95,5.2,5.72,4.68,13884763,6957.371,13507,5.0,200800,5.01,42600,4.99,178700,5.02,122900,4.98,234500,5.03,50100,4.97,413100,5.04,149100,4.96,556800,5.05,18400,4.95,361600,5.06,31900,4.94,77700,5.07,47100,4.93,62700,5.08,43000,4.92,178200,5.09,19400,4.91,92300,5.1,25800,3426600,2334700,15:40:00.813
000931.SZ,000931,20260420,20260420,10:39:48.000,103948000,79,5.0,5.19,5.19,4.95,5.2,5.72,4.68,13885263,6957.621,13512,5.0,200800,5.01,43400,4.99,178700,5.02,121500,4.98,234500,5.03,50100,4.97,413100,5.04,149100,4.96,556800,5.05,18400,4.95,361600,5.06,31900,4.94,77700,5.07,47100,4.93,62700,5.08,43000,4.92,178200,5.09,19400,4.91,92300,5.1,25800,3426600,2334100,15:40:00.859
000931.SZ,000931,20260420,20260420,10:39:51.000,103951000,79,5.0,5.19,5.19,4.95,5.2,5.72,4.68,13885263,6957.621,13512,5.0,200800,5.01,45200,4.99,178700,5.02,121500,4.98,234800,5.03,50100,4.97,413100,5.04,149100,4.96,556800,5.05,18400,4.95,361600,5.06,31900,4.94,77700,5.07,47100,4.93,62700,5.08,43000,4.92,178200,5.09,19400,4.91,92300,5.1,25800,3426900,2335900,15:40:00.907
000931.SZ,000931,20260420,20260420,10:39:54.000,103954000,79,5.0,5.19,5.19,4.95,5.2,5.72,4.68,13885463,6957.721,13514,5.0,200600,5.01,50700,4.99,178700,5.02,120700,4.98,234800,5.03,50100,4.97,413100,5.04,149100,4.96,556800,5.05,18400,4.95,361600,5.06,31900,4.94,77700,5.07,47100,4.93,62700,5.08,43000,4.92,178200,5.09,19400,4.91,92300,5.1,25800,3426700,2340600,15:40:00.996
000931.SZ,000931,20260420,20260420,10:39:57.000,103957000,79,5.0,5.19,5.19,4.95,5.2,5.72,4.68,13885463,6957.721,13514,5.0,200600,5.01,51000,4.99,181000,5.02,120600,4.98,234800,5.03,50100,4.97,413100,5.04,149100,4.96,556800,5.05,18400,4.95,361600,5.06,31900,4.94,77700,5.07,47100,4.93,62700,5.08,43000,4.92,178200,5.09,19400,4.91,92300,5.1,25800,3429000,2340800,15:40:01.043
000931.SZ,000931,20260420,20260420,10:40:00.000,104000000,79,5.01,5.19,5.19,4.95,5.2,5.72,4.68,13885663,6957.8211,13516,5.0,200500,5.01,51100,4.99,181000,5.02,120400,4.98,234800,5.03,50100,4.97,413100,5.04,149100,4.96,556800,5.05,18400,4.95,361600,5.06,31900,4.94,77700,5.07,47100,4.93,62700,5.08,43000,4.92,178200,5.09,19400,4.91,92300,5.1,25800,3428900,2340700,15:40:01.088
000931.SZ,000931,20260420,20260420,10:40:03.000,104003000,79,5.0,5.19,5.19,4.95,5.2,5.72,4.68,13885763,6957.8711,13517,5.0,204600,5.01,52000,4.99,181000,5.02,120400,4.98,234800,5.03,50100,4.97,413100,5.04,149100,4.96,556800,5.05,18400,4.95,361600,5.06,31900,4.94,77700,5.07,47100,4.93,62700,5.08,43000,4.92,178200,5.09,19400,4.91,92300,5.1,25800,3433000,2341600,15:40:01.191
000931.SZ,000931,20260420,20260420,10:40:06.000,104006000,79,5.0,5.19,5.19,4.95,5.2,5.72,4.68,13885763,6957.8711,13517,5.0,204600,5.01,59200,4.99,181000,5.02,120200,4.98,234800,5.03,50100,4.97,413100,5.04,149100,4.96,556800,5.05,18400,4.95,361600,5.06,31900,4.94,77700,5.07,47100,4.93,62700,5.08,43000,4.92,178200,5.09,19400,4.91,92300,5.1,25800,3433000,2348600,15:40:01.280
000931.SZ,000931,20260420,20260420,10:40:09.000,104009000,79,5.0,5.19,5.19,4.95,5.2,5.72,4.68,13885763,6957.8711,13517,5.0,207500,5.01,61600,4.99,183500,5.02,120500,4.98,234800,5.03,50100,4.97,413100,5.04,149100,4.96,556800,5.05,18400,4.95,361600,5.06,31900,4.94,77700,5.07,47100,4.93,62700,5.08,43000,4.92,178200,5.09,19400,4.91,92300,5.1,25800,3438400,2351300,15:40:01.303
000931.SZ,000931,20260420,20260420,10:40:12.000,104012000,79,5.0,5.19,5.19,4.95,5.2,5.72,4.68,13885763,6957.8711,13517,5.0,211900,5.01,61600,4.99,183500,5.02,120200,4.98,234800,5.03,50100,4.97,413100,5.04,149100,4.96,556800,5.05,18400,4.95,361600,5.06,31900,4.94,77700,5.07,47100,4.93,62700,5.08,43000,4.92,178200,5.09,19400,4.91,92300,5.1,25800,3442800,2351000,15:40:01.355
000931.SZ,000931,20260420,20260420,10:40:18.000,104018000,79,5.0,5.19,5.19,4.95,5.2,5.72,4.68,13915763,6972.8711,13523,5.0,192000,5.01,61900,4.99,183500,5.02,120200,4.98,234800,5.03,50100,4.97,413100,5.04,149100,4.96,556800,5.05,18400,4.95,361600,5.06,31900,4.94,77700,5.07,47100,4.93,62700,5.08,43000,4.92,178200,5.09,19400,4.91,92300,5.1,25800,3422900,2351600,15:40:01.514
000931.SZ,000931,20260420,20260420,10:40:21.000,104021000,79,5.01,5.19,5.19,4.95,5.2,5.72,4.68,13994963,7012.5503,13637,5.01,20800,5.02,121300,5.0,192000,5.03,50100,4.99,183500,5.04,149100,4.98,234800,5.05,18400,4.97,413100,5.06,31900,4.96,556800,5.07,47100,4.95,361600,5.08,43000,4.94,77700,5.09,19400,4.93,62700,5.1,25800,4.92,178200,5.11,30500,3443700,2290800,15:40:01.570
000931.SZ,000931,20260420,20260420,10:40:24.000,104024000,79,5.01,5.19,5.19,4.95,5.2,5.72,4.68,14015763,7022.9711,13643,5.0,192000,5.01,1500,4.99,183500,5.02,121300,4.98,234800,5.03,50100,4.97,413100,5.04,149100,4.96,556800,5.05,18400,4.95,361600,5.06,31900,4.94,77700,5.07,47100,4.93,62700,5.08,43000,4.92,178200,5.09,19400,4.91,92300,5.1,25800,3422900,2292300,15:40:01.727
000931.SZ,000931,20260420,20260420,10:40:27.000,104027000,79,5.01,5.19,5.19,4.95,5.2,5.72,4.68,14015763,7022.9711,13643,5.0,192000,5.01,10100,4.99,183500,5.02,120200,4.98,234800,5.03,50100,4.97,413100,5.04,149100,4.96,556800,5.05,18400,4.95,361600,5.06,31900,4.94,77700,5.07,47100,4.93,62700,5.08,43000,4.92,178200,5.09,19400,4.91,92300,5.1,25800,3422900,2299800,15:40:01.809
000931.SZ,000931,20260420,20260420,10:40:30.000,104030000,79,5.01,5.19,5.19,4.95,5.2,5.72,4.68,14015763,7022.9711,13643,5.0,192000,5.01,17900,4.99,183500,5.02,120200,4.98,234800,5.03,50100,4.97,409600,5.04,149100,4.96,556800,5.05,18400,4.95,361600,5.06,31900,4.94,77700,5.07,47100,4.93,62700,5.08,43000,4.92,178200,5.09,19400,4.91,92300,5.1,25800,3419400,2307600,15:40:02.020
000931.SZ,000931,20260420,20260420,10:40:33.000,104033000,79,5.01,5.19,5.19,4.95,5.2,5.72,4.68,14015763,7022.9711,13643,5.0,189000,5.01,24600,4.99,183500,5.02,120200,4.98,234800,5.03,50100,4.97,409600,5.04,149100,4.96,556800,5.05,18400,4.95,360100,5.06,31900,4.94,77700,5.07,47100,4.93,62700,5.08,43000,4.92,178200,5.09,19400,4.91,92300,5.1,25800,3414900,2314300,15:40:02.141
000931.SZ,000931,20260420,20260420,10:40:36.000,104036000,79,5.01,5.19,5.19,4.95,5.2,5.72,4.68,14015763,7022.9711,13643,5.0,181000,5.01,30800,4.99,183500,5.02,120200,4.98,234800,5.03,50100,4.97,409600,5.04,149100,4.96,556800,5.05,18400,4.95,360100,5.06,31900,4.94,77700,5.07,47100,4.93,62700,5.08,43000,4.92,178200,5.09,19400,4.91,92300,5.1,25800,3406900,2320500,15:40:02.411
000931.SZ,000931,20260420,20260420,10:40:39.000,104039000,79,5.01,5.19,5.19,4.95,5.2,5.72,4.68,14015763,7022.9711,13643,5.0,181000,5.01,36600,4.99,183500,5.02,120200,4.98,234800,5.03,50100,4.97,409600,5.04,149100,4.96,556800,5.05,18400,4.95,360100,5.06,31900,4.94,77700,5.07,47100,4.93,62700,5.08,43000,4.92,178200,5.09,19400,4.91,92300,5.1,25800,3406900,2326300,15:40:02.514
000931.SZ,000931,20260420,20260420,10:40:42.000,104042000,79,5.01,5.19,5.19,4.95,5.2,5.72,4.68,14025963,7028.0813,13678,5.0,183200,5.01,28600,4.99,183500,5.02,120200,4.98,235800,5.03,50100,4.97,409600,5.04,149100,4.96,556800,5.05,18400,4.95,360100,5.06,31900,4.94,77700,5.07,47100,4.93,62700,5.08,43000,4.92,178200,5.09,19400,4.91,92300,5.1,25800,3410100,2318300,15:40:02.746
000931.SZ,000931,20260420,20260420,10:40:45.000,104045000,79,5.01,5.19,5.19,4.95,5.2,5.72,4.68,14025963,7028.0813,13678,5.0,186900,5.01,29300,4.99,183500,5.02,120200,4.98,235800,5.03,50100,4.97,409600,5.04,149100,4.96,556800,5.05,18400,4.95,360100,5.06,31900,4.94,77700,5.07,47100,4.93,62700,5.08,43000,4.92,178200,5.09,19400,4.91,92300,5.1,25800,3413800,2319000,15:40:02.843
000931.SZ,000931,20260420,20260420,10:40:48.000,104048000,79,5.01,5.19,5.19,4.95,5.2,5.72,4.68,14062763,7046.5181,13748,5.0,187000,5.01,500,4.99,183500,5.02,120200,4.98,235800,5.03,50100,4.97,411100,5.04,149100,4.96,556800,5.05,18400,4.95,360100,5.06,31900,4.94,77700,5.07,47100,4.93,62700,5.08,43000,4.92,178200,5.09,19400,4.91,92300,5.1,25800,3415400,2290200,15:40:03.063
000931.SZ,000931,20260420,20260420,10:40:51.000,104051000,79,5.01,5.19,5.19,4.95,5.2,5.72,4.68,14063263,7046.7686,13751,5.01,2500,5.02,120200,5.0,187000,5.03,50100,4.99,183500,5.04,149100,4.98,235800,5.05,18400,4.97,411100,5.06,31900,4.96,556800,5.07,47100,4.95,360100,5.08,43000,4.94,77700,5.09,19400,4.93,62700,5.1,25800,4.92,178200,5.11,30500,3417900,2289700,15:40:03.253
000931.SZ,000931,20260420,20260420,10:40:54.000,104054000,79,5.01,5.19,5.19,4.95,5.2,5.72,4.68,14065263,7047.7706,13759,5.01,2300,5.02,121500,5.0,190700,5.03,50100,4.99,183500,5.04,149100,4.98,235800,5.05,18400,4.97,411100,5.06,31900,4.96,556800,5.07,47100,4.95,360100,5.08,43000,4.94,77700,5.09,19400,4.93,62700,5.1,25800,4.92,178200,5.11,30500,3421400,2291000,15:40:03.430
000931.SZ,000931,20260420,20260420,10:40:57.000,104057000,79,5.01,5.19,5.19,4.95,5.2,5.72,4.68,14065263,7047.7706,13759,5.01,2300,5.02,121500,5.0,190100,5.03,50300,4.99,183500,5.04,149100,4.98,235800,5.05,18400,4.97,411100,5.06,31900,4.96,556800,5.07,47100,4.95,360100,5.08,43000,4.94,77700,5.09,19400,4.93,62700,5.1,25800,4.92,178200,5.11,30500,3420800,2291200,15:40:03.528
000931.SZ,000931,20260420,20260420,10:41:00.000,104100000,79,5.01,5.19,5.19,4.95,5.2,5.72,4.68,14065263,7047.7706,13759,5.01,3300,5.02,122200,5.0,190100,5.03,50300,4.99,183500,5.04,149100,4.98,235800,5.05,18400,4.97,411100,5.06,31900,4.96,545500,5.07,47100,4.95,360100,5.08,43000,4.94,77700,5.09,19400,4.93,62700,5.1,25800,4.92,178200,5.11,30500,3410500,2291900,15:40:03.719
000931.SZ,000931,20260420,20260420,10:41:03.000,104103000,79,5.01,5.19,5.19,4.95,5.2,5.72,4.68,14065263,7047.7706,13759,5.01,3700,5.02,122200,5.0,190100,5.03,50300,4.99,183500,5.04,149100,4.98,235800,5.05,18400,4.97,411100,5.06,31900,4.96,545500,5.07,47100,4.95,360100,5.08,43000,4.94,77700,5.09,19400,4.93,62700,5.1,25800,4.92,178200,5.11,30500,3410900,2291900,15:40:04.027
000931.SZ,000931,20260420,20260420,10:41:06.000,104106000,79,5.01,5.19,5.19,4.95,5.2,5.72,4.68,14065263,7047.7706,13759,5.01,5700,5.02,122200,5.0,190100,5.03,50300,4.99,183500,5.04,149100,4.98,235800,5.05,18400,4.97,411100,5.06,31900,4.96,545500,5.07,47100,4.95,360100,5.08,43000,4.94,77700,5.09,19400,4.93,62700,5.1,25800,4.92,178200,5.11,30500,3412900,2291900,15:40:04.316
000931.SZ,000931,20260420,20260420,10:41:09.000,104109000,79,5.01,5.19,5.19,4.95,5.2,5.72,4.68,14065263,7047.7706,13759,5.01,9700,5.02,122200,5.0,190100,5.03,50300,4.99,183500,5.04,149100,4.98,235800,5.05,18400,4.97,411100,5.06,31900,4.96,545500,5.07,47100,4.95,360100,5.08,43000,4.94,77700,5.09,19400,4.93,62700,5.1,25800,4.92,178200,5.11,30500,3416900,2291900,15:40:04.433
000931.SZ,000931,20260420,20260420,10:41:12.000,104112000,79,5.01,5.19,5.19,4.95,5.2,5.72,4.68,14065263,7047.7706,13759,5.01,10100,5.02,122200,5.0,188700,5.03,50300,4.99,183500,5.04,149100,4.98,235800,5.05,18400,4.97,411100,5.06,31900,4.96,545500,5.07,47100,4.95,360100,5.08,43000,4.94,77700,5.09,19400,4.93,62700,5.1,25800,4.92,178200,5.11,30500,3415900,2291900,15:40:04.682
000931.SZ,000931,20260420,20260420,10:41:15.000,104115000,79,5.01,5.19,5.19,4.95,5.2,5.72,4.68,14065263,7047.7706,13759,5.01,13100,5.02,123100,5.0,188700,5.03,50300,4.99,183500,5.04,149100,4.98,235800,5.05,18400,4.97,411100,5.06,31900,4.96,547500,5.07,47100,4.95,360100,5.08,43000,4.94,77700,5.09,19400,4.93,62700,5.1,25800,4.92,178200,5.11,30500,3420900,2292800,15:40:04.777
000931.SZ,000931,20260420,20260420,10:41:18.000,104118000,79,5.01,5.19,5.19,4.95,5.2,5.72,4.68,14065263,7047.7706,13759,5.01,14500,5.02,123100,5.0,188700,5.03,50300,4.99,183500,5.04,149100,4.98,235800,5.05,18400,4.97,410200,5.06,31900,4.96,547500,5.07,47100,4.95,360100,5.08,43000,4.94,77700,5.09,19400,4.93,62700,5.1,25800,4.92,178200,5.11,30500,3421400,2300700,15:40:05.043
000931.SZ,000931,20260420,20260420,10:41:21.000,104121000,79,5.01,5.19,5.19,4.95,5.2,5.72,4.68,14065963,7048.1213,13765,5.01,13800,5.02,123100,5.0,188700,5.03,50300,4.99,183500,5.04,149100,4.98,235800,5.05,18400,4.97,410200,5.06,31900,4.96,547500,5.07,47100,4.95,360100,5.08,43000,4.94,77700,5.09,19400,4.93,62700,5.1,25800,4.92,178200,5.11,30500,3420700,2300700,15:40:05.248
000931.SZ,000931,20260420,20260420,10:41:24.000,104124000,79,5.02,5.19,5.19,4.95,5.2,5.72,4.68,14116463,7073.4718,13771,5.01,14300,5.02,73100,5.0,191900,5.03,50300,4.99,152300,5.04,149100,4.98,235800,5.05,18400,4.97,410200,5.06,31900,4.96,547500,5.07,47100,4.95,360100,5.08,43000,4.94,77700,5.09,19400,4.93,62700,5.1,25800,4.92,178200,5.11,30500,3393200,2248700,15:40:05.451
000931.SZ,000931,20260420,20260420,10:41:27.000,104127000,79,5.02,5.19,5.19,4.95,5.2,5.72,4.68,14116463,7073.4718,13771,5.01,14800,5.02,73100,5.0,191900,5.03,50300,4.99,152300,5.04,149100,4.98,235800,5.05,18400,4.97,410200,5.06,31900,4.96,547500,5.07,47100,4.95,360100,5.08,43000,4.94,77700,5.09,19400,4.93,62700,5.1,25800,4.92,178200,5.11,30500,3393700,2248700,15:40:05.572
000931.SZ,000931,20260420,20260420,10:41:30.000,104130000,79,5.02,5.19,5.19,4.95,5.2,5.72,4.68,14116463,7073.4718,13771,5.01,14800,5.02,73100,5.0,192400,5.03,50500,4.99,152300,5.04,149100,4.98,235800,5.05,18400,4.97,410200,5.06,31900,4.96,547500,5.07,47100,4.95,360100,5.08,43000,4.94,77700,5.09,19400,4.93,62700,5.1,25800,4.92,178500,5.11,30500,3394500,2248900,15:40:05.727
000931.SZ,000931,20260420,20260420,10:41:33.000,104133000,79,5.02,5.19,5.19,4.95,5.2,5.72,4.68,14116463,7073.4718,13771,5.01,30400,5.02,73100,5.0,193400,5.03,50500,4.99,152300,5.04,149100,4.98,235800,5.05,18400,4.97,410200,5.06,31900,4.96,547500,5.07,47100,4.95,360100,5.08,43000,4.94,77700,5.09,19400,4.93,62700,5.1,25800,4.92,178500,5.11,30500,3411100,2248900,15:40:05.912
000931.SZ,000931,20260420,20260420,10:41:36.000,104136000,79,5.02,5.19,5.19,4.95,5.2,5.72,4.68,14118263,7074.3754,13772,5.01,30400,5.02,71300,5.0,193400,5.03,50500,4.99,152300,5.04,149100,4.98,235800,5.05,18400,4.97,410200,5.06,31900,4.96,547500,5.07,47100,4.95,360100,5.08,43000,4.94,77700,5.09,19400,4.93,62700,5.1,25800,4.92,178500,5.11,30500,3411100,2247100,15:40:06.141
000931.SZ,000931,20260420,20260420,10:41:39.000,104139000,79,5.02,5.19,5.19,4.95,5.2,5.72,4.68,14118563,7074.526,13773,5.01,29400,5.02,71000,5.0,194400,5.03,50500,4.99,152300,5.04,149100,4.98,235800,5.05,18400,4.97,410200,5.06,31900,4.96,547500,5.07,47100,4.95,360100,5.08,43000,4.94,77700,5.09,19400,4.93,62700,5.1,25800,4.92,178500,5.11,30500,3411100,2246800,15:40:06.393
000931.SZ,000931,20260420,20260420,10:41:42.000,104142000,79,5.02,5.19,5.19,4.95,5.2,5.72,4.68,14118563,7074.526,13773,5.01,39400,5.02,71000,5.0,194400,5.03,50500,4.99,151300,5.04,149100,4.98,236100,5.05,18400,4.97,410200,5.06,28600,4.96,548600,5.07,47100,4.95,360100,5.08,43000,4.94,77700,5.09,19400,4.93,62700,5.1,25800,4.92,178500,5.11,30500,3421500,2243500,15:40:06.570
000931.SZ,000931,20260420,20260420,10:41:45.000,104145000,79,5.02,5.19,5.19,4.95,5.2,5.72,4.68,14119463,7074.9778,13774,5.01,49400,5.02,70100,5.0,201400,5.03,50500,4.99,151300,5.04,149100,4.98,236100,5.05,18400,4.97,410200,5.06,28600,4.96,548600,5.07,47100,4.95,360100,5.08,43000,4.94,77700,5.09,19400,4.93,62700,5.1,25800,4.92,178500,5.11,30500,3438500,2244600,15:40:06.694
000931.SZ,000931,20260420,20260420,10:41:51.000,104151000,79,5.02,5.19,5.19,4.95,5.2,5.72,4.68,14119463,7074.9778,13774,5.01,51000,5.02,70100,5.0,201400,5.03,50500,4.99,151300,5.04,152300,4.98,236100,5.05,18400,4.97,410200,5.06,28600,4.96,548600,5.07,47100,4.95,360100,5.08,43000,4.94,77700,5.09,19400,4.93,62700,5.1,25800,4.92,178500,5.11,30500,3440100,2247800,15:40:07.062
000931.SZ,000931,20260420,20260420,10:41:54.000,104154000,79,5.02,5.19,5.19,4.95,5.2,5.72,4.68,14119463,7074.9778,13774,5.01,53200,5.02,70100,5.0,199200,5.03,50500,4.99,151300,5.04,152300,4.98,236100,5.05,18400,4.97,410200,5.06,28600,4.96,548600,5.07,47100,4.95,360100,5.08,43000,4.94,77700,5.09,19400,4.93,62700,5.1,25800,4.92,178500,5.11,30500,3440100,2247800,15:40:07.215
000931.SZ,000931,20260420,20260420,10:41:57.000,104157000,79,5.02,5.19,5.19,4.95,5.2,5.72,4.68,14120463,7075.4798,13775,5.01,58200,5.02,69100,5.0,199200,5.03,50500,4.99,151300,5.04,152300,4.98,236100,5.05,18400,4.97,410200,5.06,28600,4.96,548600,5.07,47100,4.95,360100,5.08,43000,4.94,77700,5.09,19400,4.93,62700,5.1,25800,4.92,178500,5.11,30500,3445100,2246800,15:40:07.416
000931.SZ,000931,20260420,20260420,10:42:03.000,104203000,79,5.02,5.19,5.19,4.95,5.2,5.72,4.68,14120463,7075.4798,13775,5.01,58200,5.02,69100,5.0,199200,5.03,51800,4.99,151300,5.04,152300,4.98,236100,5.05,18400,4.97,410200,5.06,28600,4.96,549700,5.07,47100,4.95,360100,5.08,43000,4.94,77700,5.09,19400,4.93,62700,5.1,25800,4.92,178500,5.11,30500,3446200,2247100,15:40:07.928
000931.SZ,000931,20260420,20260420,10:42:06.000,104206000,79,5.02,5.19,5.19,4.95,5.2,5.72,4.68,14120463,7075.4798,13775,5.01,58400,5.02,69100,5.0,199200,5.03,51800,4.99,151300,5.04,152300,4.98,236100,5.05,18400,4.97,410200,5.06,28600,4.96,549700,5.07,47100,4.95,360100,5.08,43000,4.94,77700,5.09,19400,4.93,62700,5.1,25800,4.92,178500,5.11,30500,3446400,2247100,15:40:08.139
000931.SZ,000931,20260420,20260420,10:42:09.000,104209000,79,5.02,5.19,5.19,4.95,5.2,5.72,4.68,14120463,7075.4798,13775,5.01,58800,5.02,69100,5.0,199200,5.03,51800,4.99,151300,5.04,152300,4.98,236100,5.05,18400,4.97,410200,5.06,28600,4.96,549700,5.07,47100,4.95,360100,5.08,43000,4.94,77700,5.09,19400,4.93,62700,5.1,25800,4.92,178500,5.11,30500,3446800,2250100,15:40:08.247
000931.SZ,000931,20260420,20260420,10:42:12.000,104212000,79,5.02,5.19,5.19,4.95,5.2,5.72,4.68,14120463,7075.4798,13775,5.01,58800,5.02,69100,5.0,199200,5.03,51800,4.99,151300,5.04,152300,4.98,236100,5.05,18400,4.97,410200,5.06,28600,4.96,549700,5.07,47100,4.95,375100,5.08,43000,4.94,77700,5.09,19400,4.93,62700,5.1,25800,4.92,178500,5.11,30500,3461800,2250100,15:40:08.435
000931.SZ,000931,20260420,20260420,10:42:21.000,104221000,79,5.02,5.19,5.19,4.95,5.2,5.72,4.68,14120463,7075.4798,13775,5.01,60900,5.02,69100,5.0,199200,5.03,51800,4.99,151300,5.04,152300,4.98,236100,5.05,18400,4.97,410200,5.06,28600,4.96,549700,5.07,47100,4.95,375100,5.08,43000,4.94,77700,5.09,19400,4.93,62700,5.1,25800,4.92,178500,5.11,30500,3463400,2250100,15:40:08.912
000931.SZ,000931,20260420,20260420,10:42:24.000,104224000,79,5.02,5.19,5.19,4.95,5.2,5.72,4.68,14189563,7110.168,13865,5.02,30900,5.03,51800,5.01,60900,5.04,155200,5.0,199200,5.05,18400,4.99,151300,5.06,28600,4.98,236100,5.07,47100,4.97,410200,5.08,43000,4.96,549500,5.09,19400,4.95,375100,5.1,25800,4.94,77700,5.11,30500,4.93,62700,5.12,22200,3494100,2183900,15:40:09.184
000931.SZ,000931,20260420,20260420,10:42:27.000,104227000,79,5.02,5.19,5.19,4.95,5.2,5.72,4.68,14189563,7110.168,13865,5.02,33200,5.03,52400,5.01,60500,5.04,178300,5.0,199100,5.05,18400,4.99,151300,5.06,28600,4.98,236100,5.07,47100,4.97,410200,5.08,43000,4.96,549500,5.09,19400,4.95,390100,5.1,26300,4.94,77700,5.11,30500,4.93,62700,5.12,22200,3511700,2208100,15:40:09.271
000931.SZ,000931,20260420,20260420,10:42:30.000,104230000,79,5.02,5.19,5.19,4.95,5.2,5.72,4.68,14189563,7110.168,13865,5.02,33200,5.03,52400,5.01,60500,5.04,178300,5.0,199300,5.05,18400,4.99,151300,5.06,28600,4.98,241100,5.07,47100,4.97,410200,5.08,43000,4.96,549500,5.09,19400,4.95,390100,5.1,26300,4.94,77700,5.11,30500,4.93,62700,5.12,22200,3516900,2208100,15:40:09.445
000931.SZ,000931,20260420,20260420,10:42:33.000,104233000,79,5.02,5.19,5.19,4.95,5.2,5.72,4.68,14189663,7110.2182,13866,5.02,33100,5.03,53000,5.01,60500,5.04,178300,5.0,199300,5.05,18400,4.99,151300,5.06,28600,4.98,241100,5.07,47100,4.97,410200,5.08,43000,4.96,549500,5.09,19400,4.95,390100,5.1,26300,4.94,77700,5.11,30500,4.93,62700,5.12,22200,3516600,2208700,15:40:09.612
000931.SZ,000931,20260420,20260420,10:42:36.000,104236000,79,5.02,5.19,5.19,4.95,5.2,5.72,4.68,14189663,7110.2182,13866,5.02,31200,5.03,53400,5.01,60500,5.04,178300,5.0,199300,5.05,18400,4.99,151300,5.06,28600,4.98,241100,5.07,47100,4.97,410200,5.08,43000,4.96,549500,5.09,19400,4.95,390100,5.1,26300,4.94,77700,5.11,30500,4.93,62700,5.12,22200,3514700,2209100,15:40:09.832
000931.SZ,000931,20260420,20260420,10:42:39.000,104239000,79,5.02,5.19,5.19,4.95,5.2,5.72,4.68,14189663,7110.2182,13866,5.02,31200,5.03,53400,5.01,60500,5.04,178300,5.0,198800,5.05,18400,4.99,151300,5.06,28600,4.98,241100,5.07,47100,4.97,410200,5.08,43000,4.96,549500,5.09,19400,4.95,390100,5.1,26300,4.94,77700,5.11,30500,4.93,62700,5.12,22200,3514200,2209100,15:40:10.002
000931.SZ,000931,20260420,20260420,10:42:42.000,104242000,79,5.02,5.19,5.19,4.95,5.2,5.72,4.68,14215763,7123.3204,13869,5.02,5100,5.03,53400,5.01,65700,5.04,178300,5.0,198800,5.05,18400,4.99,151300,5.06,28600,4.98,241100,5.07,47100,4.97,410200,5.08,43000,4.96,549500,5.09,19400,4.95,390100,5.1,26300,4.94,77700,5.11,30500,4.93,62700,5.12,22200,3493300,2209100,15:40:10.333
000931.SZ,000931,20260420,20260420,10:42:45.000,104245000,79,5.03,5.19,5.19,4.95,5.2,5.72,4.68,14220063,7125.4809,13878,5.02,2700,5.03,53600,5.01,65700,5.04,181500,5.0,198800,5.05,18400,4.99,151300,5.06,28600,4.98,241100,5.07,47100,4.97,410200,5.08,43000,4.96,549500,5.09,19400,4.95,390100,5.1,26300,4.94,77700,5.11,30500,4.93,62700,5.12,22200,3490900,2212500,15:40:10.425
000931.SZ,000931,20260420,20260420,10:42:48.000,104248000,79,5.03,5.19,5.19,4.95,5.2,5.72,4.68,14220063,7125.4809,13878,5.02,2700,5.03,53600,5.01,65700,5.04,181500,5.0,198800,5.05,18400,4.99,151300,5.06,28600,4.98,241100,5.07,47100,4.97,410200,5.08,43000,4.96,549500,5.09,19400,4.95,390100,5.1,26300,4.94,77700,5.11,30500,4.93,62700,5.12,22200,3490900,2213000,15:40:10.860
000931.SZ,000931,20260420,20260420,10:42:51.000,104251000,79,5.02,5.19,5.19,4.95,5.2,5.72,4.68,14223863,7127.3885,13897,5.02,800,5.03,53600,5.01,116200,5.04,181500,5.0,198900,5.05,18400,4.99,151300,5.06,28600,4.98,241100,5.07,47100,4.97,410200,5.08,43000,4.96,549500,5.09,19400,4.95,390100,5.1,26300,4.94,77700,5.11,30500,4.93,62700,5.12,22200,3539600,2213000,15:40:10.882
000931.SZ,000931,20260420,20260420,10:42:54.000,104254000,79,5.02,5.19,5.19,4.95,5.2,5.72,4.68,14223863,7127.3885,13897,5.02,1300,5.03,55100,5.01,116200,5.04,181500,5.0,199400,5.05,18400,4.99,151300,5.06,28600,4.98,241100,5.07,47100,4.97,410200,5.08,43000,4.96,549500,5.09,19400,4.95,390100,5.1,26300,4.94,77700,5.11,30500,4.93,62700,5.12,22200,3540600,2214500,15:40:10.981
000931.SZ,000931,20260420,20260420,10:42:57.000,104257000,79,5.02,5.19,5.19,4.95,5.2,5.72,4.68,14223863,7127.3885,13897,5.02,600,5.03,55100,5.01,116200,5.04,181500,5.0,193400,5.05,18400,4.99,151300,5.06,28600,4.98,241100,5.07,47100,4.97,410200,5.08,43000,4.96,549500,5.09,19400,4.95,390100,5.1,26300,4.94,77700,5.11,30500,4.93,62700,5.12,22200,3533900,2214500,15:40:11.157
000931.SZ,000931,20260420,20260420,10:43:00.000,104300000,79,5.02,5.19,5.19,4.95,5.2,5.72,4.68,14223863,7127.3885,13897,5.02,600,5.03,55100,5.01,116200,5.04,181500,5.0,193400,5.05,18400,4.99,151300,5.06,28600,4.98,241100,5.07,47100,4.97,378500,5.08,43000,4.96,549500,5.09,19400,4.95,390100,5.1,26300,4.94,77700,5.11,30500,4.93,62700,5.12,22200,3501200,2214500,15:40:11.298
000931.SZ,000931,20260420,20260420,10:43:03.000,104303000,79,5.02,5.19,5.19,4.95,5.2,5.72,4.68,14223863,7127.3885,13897,5.02,700,5.03,55100,5.01,116200,5.04,181500,5.0,192400,5.05,18400,4.99,151300,5.06,28600,4.98,233500,5.07,47100,4.97,378500,5.08,43000,4.96,549500,5.09,19400,4.95,390100,5.1,26300,4.94,77700,5.11,30500,4.93,62700,5.12,22200,3492700,2214500,15:40:11.620
000931.SZ,000931,20260420,20260420,10:43:06.000,104306000,79,5.02,5.19,5.19,4.95,5.2,5.72,4.68,14223863,7127.3885,13897,5.02,700,5.03,55100,5.01,117900,5.04,181500,5.0,192400,5.05,18400,4.99,151300,5.06,28600,4.98,233500,5.07,47100,4.97,378500,5.08,43000,4.96,549500,5.09,19400,4.95,390100,5.1,26300,4.94,77700,5.11,30500,4.93,62700,5.12,22200,3494400,2214600,15:40:11.810
000931.SZ,000931,20260420,20260420,10:43:09.000,104309000,79,5.02,5.19,5.19,4.95,5.2,5.72,4.68,14223963,7127.4387,13898,5.02,600,5.03,55100,5.01,118400,5.04,181500,5.0,192400,5.05,18400,4.99,151300,5.06,28600,4.98,233500,5.07,47100,4.97,378500,5.08,43000,4.96,549500,5.09,19400,4.95,390100,5.1,26300,4.94,77700,5.11,30500,4.93,62700,5.12,22200,3494800,2214600,15:40:11.982
000931.SZ,000931,20260420,20260420,10:43:12.000,104312000,79,5.02,5.19,5.19,4.95,5.2,5.72,4.68,14223963,7127.4387,13898,5.02,800,5.03,55100,5.01,118400,5.04,181500,5.0,192400,5.05,18400,4.99,151300,5.06,28600,4.98,233500,5.07,47100,4.97,378500,5.08,43000,4.96,549500,5.09,19400,4.95,390100,5.1,26300,4.94,77700,5.11,30500,4.93,62700,5.12,22200,3495000,2214700,15:40:12.219
000931.SZ,000931,20260420,20260420,10:43:15.000,104315000,79,5.02,5.19,5.19,4.95,5.2,5.72,4.68,14228863,7129.8985,13920,5.01,142400,5.02,600,5.0,192400,5.03,54700,4.99,151300,5.04,181500,4.98,233500,5.05,18400,4.97,378500,5.06,28600,4.96,549500,5.07,47100,4.95,390100,5.08,43500,4.94,77700,5.09,19400,4.93,63400,5.1,26300,4.92,178500,5.11,30500,3518900,2215400,15:40:12.366
000931.SZ,000931,20260420,20260420,10:43:18.000,104318000,79,5.02,5.19,5.19,4.95,5.2,5.72,4.68,14229963,7130.4507,13923,5.02,300,5.03,54700,5.01,142800,5.04,181500,5.0,192300,5.05,18400,4.99,151300,5.06,28600,4.98,233500,5.07,47100,4.97,378500,5.08,43500,4.96,549500,5.09,19400,4.95,390100,5.1,26300,4.94,77700,5.11,30500,4.93,63400,5.12,22200,3519500,2214800,15:40:12.532
000931.SZ,000931,20260420,20260420,10:43:21.000,104321000,79,5.02,5.19,5.19,4.95,5.2,5.72,4.68,14229963,7130.4507,13923,5.02,200,5.03,55000,5.01,140800,5.04,181500,5.0,192300,5.05,18400,4.99,151300,5.06,28600,4.98,233500,5.07,47100,4.97,378500,5.08,43500,4.96,549500,5.09,19400,4.95,390100,5.1,26300,4.94,77700,5.11,30500,4.93,63400,5.12,22200,3517400,2215100,15:40:12.703
000931.SZ,000931,20260420,20260420,10:43:24.000,104324000,79,5.02,5.19,5.19,4.95,5.2,5.72,4.68,14229963,7130.4507,13923,5.02,200,5.03,55400,5.01,141800,5.04,181500,5.0,192300,5.05,18400,4.99,151300,5.06,28600,4.98,233500,5.07,47100,4.97,378500,5.08,43500,4.96,549500,5.09,19400,4.95,390100,5.1,26300,4.94,77700,5.11,30500,4.93,63400,5.12,22200,3518400,2215500,15:40:12.907
000931.SZ,000931,20260420,20260420,10:43:27.000,104327000,79,5.02,5.19,5.19,4.95,5.2,5.72,4.68,14229963,7130.4507,13923,5.02,4900,5.03,55400,5.01,141800,5.04,181500,5.0,192300,5.05,18400,4.99,151300,5.06,28600,4.98,233500,5.07,47100,4.97,378500,5.08,43500,4.96,549500,5.09,19400,4.95,390100,5.1,26300,4.94,77700,5.11,30500,4.93,63400,5.12,22200,3523100,2215500,15:40:13.032
000931.SZ,000931,20260420,20260420,10:43:30.000,104330000,79,5.02,5.19,5.19,4.95,5.2,5.72,4.68,14231363,7131.1535,13927,5.02,3500,5.03,61100,5.01,141800,5.04,182000,5.0,192300,5.05,18400,4.99,151300,5.06,28600,4.98,233500,5.07,47100,4.97,378500,5.08,43500,4.96,549500,5.09,19400,4.95,390100,5.1,26300,4.94,77700,5.11,30500,4.93,63400,5.12,22200,3521700,2221700,15:40:13.236
000931.SZ,000931,20260420,20260420,10:43:33.000,104333000,79,5.02,5.19,5.19,4.95,5.2,5.72,4.68,14231663,7131.3041,13928,5.02,10700,5.03,61100,5.01,157500,5.04,182000,5.0,194600,5.05,18400,4.99,151300,5.06,28600,4.98,233500,5.07,47100,4.97,378500,5.08,43500,4.96,549500,5.09,19400,4.95,390100,5.1,26300,4.94,77700,5.11,30500,4.93,63400,5.12,22200,3546900,2221700,15:40:13.315
000931.SZ,000931,20260420,20260420,10:43:36.000,104336000,79,5.02,5.19,5.19,4.95,5.2,5.72,4.68,14233163,7132.0571,13929,5.02,9400,5.03,61100,5.01,157400,5.04,182000,5.0,194600,5.05,18400,4.99,151300,5.06,28600,4.98,233500,5.07,47100,4.97,378500,5.08,43500,4.96,549500,5.09,19400,4.95,390100,5.1,26300,4.94,77700,5.11,30500,4.93,63400,5.12,22200,3545500,2221700,15:40:13.516
000931.SZ,000931,20260420,20260420,10:43:39.000,104339000,79,5.02,5.19,5.19,4.95,5.2,5.72,4.68,14233163,7132.0571,13929,5.02,17400,5.03,61100,5.01,157400,5.04,182000,5.0,194600,5.05,18400,4.99,151300,5.06,28600,4.98,233500,5.07,47100,4.97,378500,5.08,43500,4.96,549500,5.09,19400,4.95,390100,5.1,26300,4.94,77700,5.11,30500,4.93,63400,5.12,22200,3553500,2221700,15:40:13.777
000931.SZ,000931,20260420,20260420,10:43:42.000,104342000,79,5.02,5.19,5.19,4.95,5.2,5.72,4.68,14250863,7140.9425,13939,5.02,500,5.03,61100,5.01,82900,5.04,182000,5.0,190900,5.05,18400,4.99,151300,5.06,28600,4.98,233500,5.07,47100,4.97,378500,5.08,43500,4.96,549500,5.09,19400,4.95,390100,5.1,26300,4.94,77700,5.11,30500,4.93,63400,5.12,22200,3458400,2221700,15:40:14.043
000931.SZ,000931,20260420,20260420,10:43:45.000,104345000,79,5.02,5.19,5.19,4.95,5.2,5.72,4.68,14252863,7141.9465,13942,5.01,82900,5.02,100,5.0,190900,5.03,60700,4.99,151300,5.04,182500,4.98,233500,5.05,18400,4.97,378500,5.06,28600,4.96,549500,5.07,47100,4.95,390100,5.08,43500,4.94,77700,5.09,19400,4.93,63400,5.1,26300,4.92,178500,5.11,30500,3457900,2221900,15:40:14.106
000931.SZ,000931,20260420,20260420,10:43:48.000,104348000,79,5.02,5.19,5.19,4.95,5.2,5.72,4.68,14252863,7141.9465,13942,5.01,83000,5.02,11700,5.0,190900,5.03,60700,4.99,151300,5.04,182500,4.98,233500,5.05,18400,4.97,378500,5.06,28600,4.96,549500,5.07,47100,4.95,390100,5.08,43500,4.94,77700,5.09,19400,4.93,63400,5.1,26300,4.92,178500,5.11,30500,3458000,2233500,15:40:14.440
000931.SZ,000931,20260420,20260420,10:43:51.000,104351000,79,5.02,5.19,5.19,4.95,5.2,5.72,4.68,14252863,7141.9465,13942,5.01,83100,5.02,16900,5.0,190900,5.03,60700,4.99,151300,5.04,182500,4.98,233500,5.05,18400,4.97,379400,5.06,28600,4.96,549500,5.07,47100,4.95,390100,5.08,43500,4.94,77700,5.09,19400,4.93,63400,5.1,26300,4.92,178500,5.11,30500,3459000,2238700,15:40:14.559
000931.SZ,000931,20260420,20260420,10:43:54.000,104354000,79,5.02,5.19,5.19,4.95,5.2,5.72,4.68,14252863,7141.9465,13942,5.01,81500,5.02,22900,5.0,190900,5.03,60700,4.99,151300,5.04,182000,4.98,233500,5.05,18400,4.97,379400,5.06,28600,4.96,549500,5.07,47100,4.95,390100,5.08,43500,4.94,77700,5.09,19400,4.93,63400,5.1,26300,4.92,178500,5.11,30500,3457400,2244200,15:40:14.837
000931.SZ,000931,20260420,20260420,10:43:57.000,104357000,79,5.02,5.19,5.19,4.95,5.2,5.72,4.68,14252863,7141.9465,13942,5.01,178600,5.02,25200,5.0,190900,5.03,60700,4.99,151300,5.04,182000,4.98,233500,5.05,18400,4.97,379400,5.06,28600,4.96,549500,5.07,47100,4.95,390100,5.08,43500,4.94,77700,5.09,19400,4.93,63400,5.1,26300,4.92,178500,5.11,30500,3554500,2246500,15:40:15.106
000931.SZ,000931,20260420,20260420,10:44:00.000,104400000,79,5.01,5.19,5.19,4.95,5.2,5.72,4.68,14253063,7142.0467,13943,5.01,162700,5.02,25700,5.0,190900,5.03,60700,4.99,151300,5.04,181500,4.98,233500,5.05,18400,4.97,379400,5.06,28600,4.96,549500,5.07,47100,4.95,390100,5.08,43500,4.94,77700,5.09,19400,4.93,63400,5.1,26300,4.92,178500,5.11,30500,3538600,2246500,15:40:15.328
000931.SZ,000931,20260420,20260420,10:44:03.000,104403000,79,5.01,5.19,5.19,4.95,5.2,5.72,4.68,14253063,7142.0467,13943,5.01,162700,5.02,26300,5.0,191900,5.03,60700,4.99,151300,5.04,181500,4.98,233500,5.05,18400,4.97,379400,5.06,28600,4.96,549500,5.07,47100,4.95,390100,5.08,43500,4.94,77700,5.09,19400,4.93,63400,5.1,26300,4.92,178500,5.11,30500,3539600,2247100,15:40:15.578
000931.SZ,000931,20260420,20260420,10:44:06.000,104406000,79,5.01,5.19,5.19,4.95,5.2,5.72,4.68,14253063,7142.0467,13943,5.01,162700,5.02,26700,5.0,191900,5.03,60700,4.99,151300,5.04,181500,4.98,233500,5.05,18400,4.97,379400,5.06,28600,4.96,549500,5.07,47100,4.95,390100,5.08,43500,4.94,77700,5.09,19400,4.93,63400,5.1,26300,4.92,178500,5.11,30500,3539600,2247500,15:40:15.662
000931.SZ,000931,20260420,20260420,10:44:09.000,104409000,79,5.02,5.19,5.19,4.95,5.2,5.72,4.68,14257963,7144.5065,13968,5.01,182500,5.02,21800,5.0,191900,5.03,60700,4.99,151300,5.04,181000,4.98,233500,5.05,18400,4.97,379400,5.06,28600,4.96,549500,5.07,47100,4.95,390100,5.08,43500,4.94,77700,5.09,19400,4.93,63400,5.1,26300,4.92,178500,5.11,30500,3559400,2242100,15:40:15.955
000931.SZ,000931,20260420,20260420,10:44:15.000,104415000,79,5.02,5.19,5.19,4.95,5.2,5.72,4.68,14261463,7146.2635,13986,5.01,182600,5.02,18600,5.0,191900,5.03,60700,4.99,151300,5.04,181000,4.98,233500,5.05,18400,4.97,379400,5.06,28600,4.96,549500,5.07,47100,4.95,390100,5.08,43500,4.94,77700,5.09,19400,4.93,63400,5.1,26300,4.92,178500,5.11,30500,3559500,2238900,15:40:16.190
000931.SZ,000931,20260420,20260420,10:44:18.000,104418000,79,5.02,5.19,5.19,4.95,5.2,5.72,4.68,14280763,7155.9521,14050,5.02,7800,5.03,63600,5.01,182600,5.04,181500,5.0,207600,5.05,18400,4.99,151300,5.06,28600,4.98,233500,5.07,47100,4.97,379400,5.08,43500,4.96,549500,5.09,19400,4.95,390100,5.1,26300,4.94,77700,5.11,30500,4.93,63400,5.12,22200,3583000,2229300,15:40:16.473
000931.SZ,000931,20260420,20260420,10:44:21.000,104421000,79,5.02,5.19,5.19,4.95,5.2,5.72,4.68,14280763,7155.9521,14050,5.02,7800,5.03,63600,5.01,183600,5.04,182000,5.0,207600,5.05,18400,4.99,151300,5.06,28600,4.98,233500,5.07,47100,4.97,379400,5.08,43500,4.96,549500,5.09,19400,4.95,390100,5.1,26300,4.94,77700,5.11,30500,4.93,63400,5.12,22200,3584000,2229800,15:40:16.607
000931.SZ,000931,20260420,20260420,10:44:24.000,104424000,79,5.02,5.19,5.19,4.95,5.2,5.72,4.68,14280763,7155.9521,14050,5.02,9100,5.03,63600,5.01,183900,5.04,182000,5.0,207600,5.05,18400,4.99,151300,5.06,28600,4.98,233500,5.07,47100,4.97,379400,5.08,43500,4.96,549500,5.09,19400,4.95,390100,5.1,26300,4.94,77700,5.11,30500,4.93,63400,5.12,22200,3585600,2229800,15:40:16.827
000931.SZ,000931,20260420,20260420,10:44:30.000,104430000,79,5.02,5.19,5.19,4.95,5.2,5.72,4.68,14280763,7155.9521,14050,5.02,9100,5.03,63600,5.01,164100,5.04,182000,5.0,207600,5.05,18400,4.99,151300,5.06,28600,4.98,233500,5.07,47100,4.97,379400,5.08,43500,4.96,549500,5.09,19400,4.95,390100,5.1,26300,4.94,77700,5.11,30500,4.93,63400,5.12,22200,3565800,2229800,15:40:17.092
000931.SZ,000931,20260420,20260420,10:44:33.000,104433000,79,5.02,5.19,5.19,4.95,5.2,5.72,4.68,14283663,7157.4079,14059,5.02,6200,5.03,63600,5.01,164100,5.04,182000,5.0,207600,5.05,18400,4.99,151300,5.06,28600,4.98,233500,5.07,47100,4.97,379400,5.08,43500,4.96,549500,5.09,19400,4.95,390100,5.1,26300,4.94,77700,5.11,30500,4.93,63400,5.12,22200,3562900,2229800,15:40:17.251
000931.SZ,000931,20260420,20260420,10:44:36.000,104436000,79,5.02,5.19,5.19,4.95,5.2,5.72,4.68,14283663,7157.4079,14059,5.02,6200,5.03,63600,5.01,244100,5.04,182000,5.0,207600,5.05,18400,4.99,151300,5.06,28600,4.98,233500,5.07,47100,4.97,379400,5.08,43500,4.96,549500,5.09,19400,4.95,390100,5.1,26300,4.94,77700,5.11,30500,4.93,63400,5.12,22200,3642900,2229800,15:40:17.429
000931.SZ,000931,20260420,20260420,10:44:39.000,104439000,79,5.02,5.19,5.19,4.95,5.2,5.72,4.68,14283663,7157.4079,14059,5.02,6300,5.03,63600,5.01,244100,5.04,182000,5.0,207600,5.05,18400,4.99,151300,5.06,28600,4.98,233500,5.07,47100,4.97,379400,5.08,43500,4.96,549500,5.09,19400,4.95,390100,5.1,26300,4.94,77700,5.11,30500,4.93,63400,5.12,22200,3643000,2229800,15:40:17.591
000931.SZ,000931,20260420,20260420,10:44:42.000,104442000,79,5.02,5.19,5.19,4.95,5.2,5.72,4.68,14283663,7157.4079,14059,5.02,26700,5.03,63600,5.01,244100,5.04,182000,5.0,207600,5.05,18400,4.99,151300,5.06,28600,4.98,233500,5.07,47100,4.97,379400,5.08,43500,4.96,549500,5.09,19400,4.95,390100,5.1,26300,4.94,77700,5.11,30500,4.93,63400,5.12,22200,3663400,2229800,15:40:17.847
000931.SZ,000931,20260420,20260420,10:44:48.000,104448000,79,5.02,5.19,5.19,4.95,5.2,5.72,4.68,14283663,7157.4079,14059,5.02,27100,5.03,63600,5.01,243700,5.04,182000,5.0,207600,5.05,18400,4.99,151300,5.06,28600,4.98,233500,5.07,47100,4.97,379400,5.08,43500,4.96,549500,5.09,19400,4.95,390100,5.1,26300,4.94,77700,5.11,30500,4.93,63400,5.12,22200,3663400,2229800,15:40:18.207
000931.SZ,000931,20260420,20260420,10:44:51.000,104451000,79,5.02,5.19,5.19,4.95,5.2,5.72,4.68,14283663,7157.4079,14059,5.02,27100,5.03,63600,5.01,243900,5.04,182000,5.0,210600,5.05,18400,4.99,151300,5.06,28600,4.98,233500,5.07,47100,4.97,379400,5.08,43500,4.96,549500,5.09,19400,4.95,390100,5.1,26300,4.94,77700,5.11,30500,4.93,63400,5.12,22200,3666600,2229800,15:40:18.314
000931.SZ,000931,20260420,20260420,10:44:54.000,104454000,79,5.02,5.19,5.19,4.95,5.2,5.72,4.68,14283663,7157.4079,14059,5.02,52000,5.03,63600,5.01,243900,5.04,182000,5.0,210600,5.05,18400,4.99,151300,5.06,28600,4.98,233500,5.07,47100,4.97,379400,5.08,43500,4.96,549500,5.09,19400,4.95,390100,5.1,26300,4.94,77700,5.11,30500,4.93,63400,5.12,22200,3691500,2229800,15:40:18.544
000931.SZ,000931,20260420,20260420,10:44:57.000,104457000,79,5.02,5.19,5.19,4.95,5.2,5.72,4.68,14283663,7157.4079,14059,5.02,54000,5.03,63600,5.01,243900,5.04,182000,5.0,210600,5.05,18400,4.99,151300,5.06,28600,4.98,233500,5.07,47100,4.97,379400,5.08,43500,4.96,549500,5.09,19400,4.95,390100,5.1,26300,4.94,77700,5.11,30500,4.93,63400,5.12,22200,3693700,2229800,15:40:18.634
000931.SZ,000931,20260420,20260420,10:45:00.000,104500000,79,5.02,5.19,5.19,4.95,5.2,5.72,4.68,14283663,7157.4079,14059,5.02,54000,5.03,63800,5.01,243900,5.04,182000,5.0,210600,5.05,18400,4.99,151300,5.06,28600,4.98,233500,5.07,47100,4.97,379400,5.08,43500,4.96,549500,5.09,19400,4.95,390100,5.1,26300,4.94,77700,5.11,30500,4.93,63400,5.12,22200,3698700,2230000,15:40:18.940
000931.SZ,000931,20260420,20260420,10:45:03.000,104503000,79,5.02,5.19,5.19,4.95,5.2,5.72,4.68,14283663,7157.4079,14059,5.02,54000,5.03,63800,5.01,243900,5.04,182700,5.0,210600,5.05,18400,4.99,161400,5.06,28600,4.98,233500,5.07,47100,4.97,379400,5.08,43500,4.96,549500,5.09,19400,4.95,390100,5.1,26300,4.94,77700,5.11,30500,4.93,63400,5.12,22200,3708800,2230700,15:40:19.158
000931.SZ,000931,20260420,20260420,10:45:06.000,104506000,79,5.02,5.19,5.19,4.95,5.2,5.72,4.68,14283663,7157.4079,14059,5.02,155100,5.03,63800,5.01,243900,5.04,182700,5.0,210600,5.05,18400,4.99,161400,5.06,28600,4.98,233500,5.07,47100,4.97,379400,5.08,43500,4.96,548400,5.09,19400,4.95,390100,5.1,26300,4.94,77700,5.11,30500,4.93,63400,5.12,22200,3808800,2230700,15:40:19.419
000931.SZ,000931,20260420,20260420,10:45:09.000,104509000,79,5.03,5.19,5.19,4.95,5.2,5.72,4.68,14283863,7157.5085,14061,5.02,157300,5.03,63600,5.01,243700,5.04,182700,5.0,210600,5.05,18400,4.99,161400,5.06,28600,4.98,233500,5.07,47100,4.97,379400,5.08,43500,4.96,548400,5.09,19400,4.95,390100,5.1,26300,4.94,77700,5.11,30500,4.93,63400,5.12,22200,3810800,2230500,15:40:19.672
000931.SZ,000931,20260420,20260420,10:45:12.000,104512000,79,5.03,5.19,5.19,4.95,5.2,5.72,4.68,14283863,7157.5085,14061,5.02,157300,5.03,64600,5.01,243700,5.04,182700,5.0,210600,5.05,18400,4.99,161400,5.06,28600,4.98,233500,5.07,47100,4.97,382400,5.08,43000,4.96,548400,5.09,19400,4.95,390100,5.1,26300,4.94,77700,5.11,30500,4.93,63400,5.12,22200,3813800,2231000,15:40:19.831
000931.SZ,000931,20260420,20260420,10:45:15.000,104515000,79,5.03,5.19,5.19,4.95,5.2,5.72,4.68,14283863,7157.5085,14061,5.02,157300,5.03,64600,5.01,243700,5.04,182700,5.0,207700,5.05,18400,4.99,161400,5.06,28600,4.98,233500,5.07,47100,4.97,382400,5.08,43000,4.96,548400,5.09,19400,4.95,390100,5.1,26300,4.94,77700,5.11,30500,4.93,63400,5.12,22200,3810900,2231000,15:40:20.044
000931.SZ,000931,20260420,20260420,10:45:21.000,104521000,79,5.03,5.19,5.19,4.95,5.2,5.72,4.68,14283863,7157.5085,14061,5.02,157500,5.03,64600,5.01,243700,5.04,182700,5.0,207700,5.05,18400,4.99,161400,5.06,28600,4.98,233500,5.07,47100,4.97,382400,5.08,43000,4.96,548400,5.09,19400,4.95,390100,5.1,26300,4.94,77700,5.11,30500,4.93,63400,5.12,22200,3811100,2231000,15:40:20.358
000931.SZ,000931,20260420,20260420,10:45:24.000,104524000,79,5.03,5.19,5.19,4.95,5.2,5.72,4.68,14283863,7157.5085,14061,5.02,165500,5.03,64600,5.01,243700,5.04,182700,5.0,207700,5.05,18400,4.99,161400,5.06,28600,4.98,233500,5.07,47100,4.97,382400,5.08,43000,4.96,548400,5.09,19400,4.95,390100,5.1,26300,4.94,77700,5.11,30500,4.93,63400,5.12,22200,3819100,2231000,15:40:20.637
000931.SZ,000931,20260420,20260420,10:45:27.000,104527000,79,5.03,5.19,5.19,4.95,5.2,5.72,4.68,14283863,7157.5085,14061,5.02,165500,5.03,64600,5.01,246000,5.04,182700,5.0,207700,5.05,18400,4.99,161400,5.06,28600,4.98,233500,5.07,47100,4.97,382400,5.08,43000,4.96,548400,5.09,19400,4.95,390100,5.1,26300,4.94,77700,5.11,30500,4.93,63400,5.12,22200,3821400,2231000,15:40:20.745
000931.SZ,000931,20260420,20260420,10:45:30.000,104530000,79,5.03,5.19,5.19,4.95,5.2,5.72,4.68,14283863,7157.5085,14061,5.02,163500,5.03,64600,5.01,246000,5.04,182700,5.0,205400,5.05,18400,4.99,161400,5.06,28600,4.98,233500,5.07,47100,4.97,382400,5.08,43000,4.96,548400,5.09,19400,4.95,401100,5.1,26300,4.94,77700,5.11,30500,4.93,63400,5.12,22200,3828100,2231000,15:40:21.017
000931.SZ,000931,20260420,20260420,10:45:33.000,104533000,79,5.03,5.19,5.19,4.95,5.2,5.72,4.68,14283863,7157.5085,14061,5.02,162900,5.03,54600,5.01,246000,5.04,182700,5.0,205400,5.05,18400,4.99,161400,5.06,28600,4.98,233500,5.07,47100,4.97,382400,5.08,43000,4.96,548400,5.09,19400,4.95,401100,5.1,26300,4.94,77700,5.11,30500,4.93,63400,5.12,22200,3827500,2221000,15:40:21.125
000931.SZ,000931,20260420,20260420,10:45:36.000,104536000,79,5.03,5.19,5.19,4.95,5.2,5.72,4.68,14283863,7157.5085,14061,5.02,162900,5.03,55700,5.01,246000,5.04,182700,5.0,201000,5.05,18400,4.99,161400,5.06,28600,4.98,233500,5.07,47100,4.97,382400,5.08,43000,4.96,548400,5.09,19400,4.95,401100,5.1,26300,4.94,77700,5.11,30500,4.93,63400,5.12,22200,3823100,2222100,15:40:21.407
000931.SZ,000931,20260420,20260420,10:45:39.000,104539000,79,5.03,5.19,5.19,4.95,5.2,5.72,4.68,14283863,7157.5085,14061,5.02,161600,5.03,55700,5.01,246000,5.04,182700,5.0,201000,5.05,18900,4.99,161400,5.06,28600,4.98,233500,5.07,47100,4.97,382400,5.08,43000,4.96,548400,5.09,19400,4.95,401100,5.1,26300,4.94,77700,5.11,30500,4.93,63400,5.12,22200,3821800,2222600,15:40:21.532
000931.SZ,000931,20260420,20260420,10:45:42.000,104542000,79,5.02,5.19,5.19,4.95,5.2,5.72,4.68,14284063,7157.6089,14062,5.02,161400,5.03,61300,5.01,245800,5.04,182700,5.0,201000,5.05,18900,4.99,161400,5.06,28600,4.98,233500,5.07,47100,4.97,382400,5.08,43000,4.96,548400,5.09,19400,4.95,401100,5.1,26300,4.94,77700,5.11,30500,4.93,63400,5.12,22200,3821400,2228200,15:40:21.651
000931.SZ,000931,20260420,20260420,10:45:45.000,104545000,79,5.02,5.19,5.19,4.95,5.2,5.72,4.68,14284263,7157.7093,14063,5.02,161200,5.03,66800,5.01,245800,5.04,182700,5.0,201000,5.05,18900,4.99,161400,5.06,28600,4.98,233500,5.07,47100,4.97,382400,5.08,43000,4.96,548400,5.09,19400,4.95,401100,5.1,26300,4.94,77700,5.11,30500,4.93,63400,5.12,22200,3821200,2233700,15:40:21.934
000931.SZ,000931,20260420,20260420,10:45:48.000,104548000,79,5.02,5.19,5.19,4.95,5.2,5.72,4.68,14284963,7158.0607,14067,5.02,160500,5.03,85000,5.01,245800,5.04,182700,5.0,201000,5.05,18900,4.99,161400,5.06,28600,4.98,233500,5.07,47100,4.97,382400,5.08,43000,4.96,548400,5.09,19400,4.95,401100,5.1,26300,4.94,77700,5.11,30500,4.93,63400,5.12,22200,3820500,2251900,15:40:22.074
000931.SZ,000931,20260420,20260420,10:45:54.000,104554000,79,5.02,5.19,5.19,4.95,5.2,5.72,4.68,14286463,7158.8137,14074,5.02,138700,5.03,85000,5.01,245800,5.04,182700,5.0,197300,5.05,18900,4.99,161400,5.06,28600,4.98,233500,5.07,47100,4.97,382400,5.08,43000,4.96,548400,5.09,19400,4.95,401100,5.1,26300,4.94,77700,5.11,30500,4.93,63400,5.12,22200,3795000,2251900,15:40:22.422
000931.SZ,000931,20260420,20260420,10:45:57.000,104557000,79,5.02,5.19,5.19,4.95,5.2,5.72,4.68,14287063,7159.1149,14076,5.02,146100,5.03,85000,5.01,240800,5.04,182700,5.0,197300,5.05,18900,4.99,161400,5.06,28600,4.98,233500,5.07,47100,4.97,382400,5.08,43000,4.96,548700,5.09,24900,4.95,401100,5.1,26300,4.94,77700,5.11,30500,4.93,63400,5.12,22200,3797700,2257400,15:40:22.565
000931.SZ,000931,20260420,20260420,10:46:00.000,104600000,79,5.03,5.19,5.19,4.95,5.2,5.72,4.68,14288763,7159.97,14078,5.02,146100,5.03,83500,5.01,240800,5.04,182700,5.0,192300,5.05,18900,4.99,161400,5.06,28600,4.98,233500,5.07,47100,4.97,382400,5.08,43000,4.96,548700,5.09,24900,4.95,401100,5.1,26300,4.94,77700,5.11,30500,4.93,63400,5.12,22200,3792700,2255900,15:40:22.697
000931.SZ,000931,20260420,20260420,10:46:06.000,104606000,79,5.03,5.19,5.19,4.95,5.2,5.72,4.68,14288763,7159.97,14078,5.02,146100,5.03,96500,5.01,240800,5.04,182700,5.0,192300,5.05,18900,4.99,161400,5.06,28600,4.98,233500,5.07,47100,4.97,382400,5.08,43000,4.96,548700,5.09,24900,4.95,401100,5.1,26300,4.94,77700,5.11,30500,4.93,63400,5.12,22200,3792700,2268900,15:40:23.292
000931.SZ,000931,20260420,20260420,10:46:09.000,104609000,79,5.02,5.19,5.19,4.95,5.2,5.72,4.68,14289363,7160.2712,14083,5.02,121300,5.03,95100,5.01,240800,5.04,182700,5.0,192300,5.05,18900,4.99,161400,5.06,28600,4.98,233500,5.07,47100,4.97,382400,5.08,43000,4.96,548700,5.09,24900,4.95,401100,5.1,26300,4.94,77700,5.11,30500,4.93,63400,5.12,22200,3767900,2267500,15:40:23.467
000931.SZ,000931,20260420,20260420,10:46:12.000,104612000,79,5.02,5.19,5.19,4.95,5.2,5.72,4.68,14410663,7221.1638,14131,5.01,240800,5.02,13900,5.0,192300,5.03,95100,4.99,161400,5.04,180900,4.98,233500,5.05,18900,4.97,382400,5.06,28600,4.96,548700,5.07,47100,4.95,401100,5.08,43000,4.94,77700,5.09,24900,4.93,63400,5.1,26300,4.92,178500,5.11,30500,3646600,2279600,15:40:23.670
000931.SZ,000931,20260420,20260420,10:46:15.000,104615000,79,5.02,5.19,5.19,4.95,5.2,5.72,4.68,14411763,7221.716,14132,5.01,239900,5.02,15600,5.0,192300,5.03,93900,4.99,161400,5.04,180900,4.98,233500,5.05,18900,4.97,382400,5.06,28600,4.96,548700,5.07,47100,4.95,401100,5.08,43000,4.94,77700,5.09,24900,4.93,63400,5.1,26300,4.92,178500,5.11,30500,3645700,2280100,15:40:23.931
000931.SZ,000931,20260420,20260420,10:46:18.000,104618000,79,5.02,5.19,5.19,4.95,5.2,5.72,4.68,14411763,7221.716,14132,5.01,239900,5.02,30200,5.0,192300,5.03,98300,4.99,161400,5.04,180900,4.98,233500,5.05,18900,4.97,382400,5.06,28600,4.96,548700,5.07,47100,4.95,401100,5.08,43000,4.94,77700,5.09,24900,4.93,63400,5.1,26300,4.92,178500,5.11,30500,3645700,2298900,15:40:24.136
000931.SZ,000931,20260420,20260420,10:46:21.000,104621000,79,5.02,5.19,5.19,4.95,5.2,5.72,4.68,14411763,7221.716,14132,5.01,239900,5.02,32900,5.0,192800,5.03,98000,4.99,161400,5.04,180900,4.98,233500,5.05,18900,4.97,382400,5.06,28600,4.96,548700,5.07,47100,4.95,401100,5.08,43000,4.94,77700,5.09,24900,4.93,63400,5.1,26300,4.92,178500,5.11,30500,3646200,2301300,15:40:24.345
000931.SZ,000931,20260420,20260420,10:46:24.000,104624000,79,5.02,5.19,5.19,4.95,5.2,5.72,4.68,14411763,7221.716,14132,5.01,239900,5.02,33800,5.0,192800,5.03,98200,4.99,161400,5.04,180400,4.98,233500,5.05,18900,4.97,382400,5.06,28600,4.96,548700,5.07,47100,4.95,401100,5.08,43000,4.94,77700,5.09,24900,4.93,63400,5.1,26300,4.92,178500,5.11,30500,3646200,2301900,15:40:24.433
000931.SZ,000931,20260420,20260420,10:46:27.000,104627000,79,5.02,5.19,5.19,4.95,5.2,5.72,4.68,14411763,7221.716,14132,5.01,239900,5.02,34400,5.0,192800,5.03,98300,4.99,161400,5.04,179900,4.98,233500,5.05,18900,4.97,382400,5.06,28600,4.96,548700,5.07,47100,4.95,401100,5.08,43000,4.94,77700,5.09,24900,4.93,63400,5.1,26300,4.92,178500,5.11,30500,3646200,2302100,15:40:24.692
000931.SZ,000931,20260420,20260420,10:46:30.000,104630000,79,5.02,5.19,5.19,4.95,5.2,5.72,4.68,14411763,7221.716,14132,5.01,263700,5.02,35300,5.0,192800,5.03,98200,4.99,161400,5.04,179900,4.98,233500,5.05,18900,4.97,382400,5.06,28600,4.96,548700,5.07,47100,4.95,401100,5.08,43000,4.94,77700,5.09,24900,4.93,63400,5.1,26300,4.92,178500,5.11,30500,3670000,2302900,15:40:24.864
000931.SZ,000931,20260420,20260420,10:46:33.000,104633000,79,5.02,5.19,5.19,4.95,5.2,5.72,4.68,14411763,7221.716,14132,5.01,263700,5.02,36200,5.0,195800,5.03,98200,4.99,161400,5.04,178900,4.98,233500,5.05,18900,4.97,382400,5.06,28600,4.96,548700,5.07,47100,4.95,401100,5.08,43000,4.94,77700,5.09,24900,4.93,63400,5.1,26300,4.92,178500,5.11,30500,3673000,2302800,15:40:25.005
000931.SZ,000931,20260420,20260420,10:46:36.000,104636000,79,5.02,5.19,5.19,4.95,5.2,5.72,4.68,14411763,7221.716,14132,5.01,263600,5.02,36500,5.0,195800,5.03,98200,4.99,161400,5.04,178900,4.98,233500,5.05,18900,4.97,382400,5.06,28600,4.96,548700,5.07,47100,4.95,401100,5.08,43000,4.94,77700,5.09,24900,4.93,63400,5.1,26300,4.92,178500,5.11,30500,3672900,2303100,15:40:25.114
000931.SZ,000931,20260420,20260420,10:46:39.000,104639000,79,5.02,5.19,5.19,4.95,5.2,5.72,4.68,14413063,7222.3685,14136,5.01,264100,5.02,36900,5.0,196300,5.03,98300,4.99,161400,5.04,178900,4.98,233500,5.05,18900,4.97,382400,5.06,28600,4.96,548700,5.07,47100,4.95,401100,5.08,43000,4.94,72700,5.09,24900,4.93,63400,5.1,26300,4.92,178500,5.11,30500,3668900,2303600,15:40:25.361
000931.SZ,000931,20260420,20260420,10:46:42.000,104642000,79,5.02,5.19,5.19,4.95,5.2,5.72,4.68,14413063,7222.3685,14136,5.01,240300,5.02,37200,5.0,196300,5.03,98300,4.99,161400,5.04,178900,4.98,233500,5.05,19100,4.97,382400,5.06,28600,4.96,548700,5.07,47100,4.95,401100,5.08,43000,4.94,72700,5.09,24900,4.93,63400,5.1,26300,4.92,178500,5.11,30500,3645100,2304100,15:40:25.430
000931.SZ,000931,20260420,20260420,10:46:45.000,104645000,79,5.02,5.19,5.19,4.95,5.2,5.72,4.68,14413063,7222.3685,14136,5.01,240300,5.02,37200,5.0,196300,5.03,98300,4.99,161400,5.04,178900,4.98,233500,5.05,19100,4.97,382400,5.06,28600,4.96,548700,5.07,47100,4.95,401100,5.08,43000,4.94,72700,5.09,21000,4.93,63400,5.1,26300,4.92,178500,5.11,30500,3645100,2300200,15:40:25.860
000931.SZ,000931,20260420,20260420,10:46:48.000,104648000,79,5.02,5.19,5.19,4.95,5.2,5.72,4.68,14413063,7222.3685,14136,5.01,240300,5.02,37200,5.0,206300,5.03,98000,4.99,161400,5.04,178900,4.98,233500,5.05,19100,4.97,382400,5.06,28600,4.96,548700,5.07,47100,4.95,401100,5.08,43000,4.94,72700,5.09,21000,4.93,63400,5.1,26300,4.92,178500,5.11,30500,3655100,2299900,15:40:25.878
000931.SZ,000931,20260420,20260420,10:46:51.000,104651000,79,5.02,5.19,5.19,4.95,5.2,5.72,4.68,14451163,7241.4947,14242,5.02,12800,5.03,97700,5.01,239700,5.04,178900,5.0,206300,5.05,19100,4.99,161400,5.06,28600,4.98,233500,5.07,47100,4.97,382400,5.08,43000,4.96,548700,5.09,21000,4.95,401100,5.1,26300,4.94,72700,5.11,30500,4.93,63400,5.12,22200,3667300,2262400,15:40:26.033
000931.SZ,000931,20260420,20260420,10:46:54.000,104654000,79,5.02,5.19,5.19,4.95,5.2,5.72,4.68,14451463,7241.6453,14243,5.02,12500,5.03,102800,5.01,239700,5.04,181300,5.0,206300,5.05,19100,4.99,161400,5.06,28600,4.98,233500,5.07,47100,4.97,382400,5.08,43000,4.96,548700,5.09,21000,4.95,401100,5.1,26300,4.94,72700,5.11,30500,4.93,63400,5.12,22200,3667000,2269900,15:40:26.272
000931.SZ,000931,20260420,20260420,10:46:57.000,104657000,79,5.02,5.19,5.19,4.95,5.2,5.72,4.68,14451463,7241.6453,14243,5.02,12500,5.03,102800,5.01,239700,5.04,182300,5.0,208300,5.05,19100,4.99,161400,5.06,28600,4.98,233500,5.07,47100,4.97,382400,5.08,43000,4.96,548700,5.09,21000,4.95,401100,5.1,26300,4.94,72700,5.11,30500,4.93,63400,5.12,22200,3669000,2270900,15:40:26.427
000931.SZ,000931,20260420,20260420,10:47:03.000,104703000,79,5.02,5.19,5.19,4.95,5.2,5.72,4.68,14451763,7241.7959,14244,5.02,12800,5.03,102800,5.01,239700,5.04,182300,5.0,208300,5.05,19100,4.99,161400,5.06,28600,4.98,233500,5.07,47100,4.97,382400,5.08,43000,4.96,548700,5.09,21000,4.95,401100,5.1,26300,4.94,72700,5.11,30500,4.93,63400,5.12,22200,3669300,2270900,15:40:26.799
000931.SZ,000931,20260420,20260420,10:47:09.000,104709000,79,5.02,5.19,5.19,4.95,5.2,5.72,4.68,14451763,7241.7959,14244,5.02,45800,5.03,102800,5.01,239700,5.04,182300,5.0,208300,5.05,19100,4.99,161400,5.06,28600,4.98,233500,5.07,47100,4.97,382400,5.08,43000,4.96,548700,5.09,21000,4.95,401100,5.1,26300,4.94,72700,5.11,30500,4.93,63400,5.12,22200,3702300,2270900,15:40:27.190
000931.SZ,000931,20260420,20260420,10:47:12.000,104712000,79,5.02,5.19,5.19,4.95,5.2,5.72,4.68,14451763,7241.7959,14244,5.02,46800,5.03,102800,5.01,239700,5.04,182300,5.0,208300,5.05,19100,4.99,161400,5.06,28600,4.98,232000,5.07,47100,4.97,382400,5.08,43000,4.96,548700,5.09,21000,4.95,401100,5.1,26300,4.94,72700,5.11,30500,4.93,63400,5.12,22200,3701800,2270900,15:40:27.426
000931.SZ,000931,20260420,20260420,10:47:15.000,104715000,79,5.02,5.19,5.19,4.95,5.2,5.72,4.68,14451763,7241.7959,14244,5.02,50500,5.03,102800,5.01,239700,5.04,182300,5.0,210400,5.05,19100,4.99,161400,5.06,28600,4.98,232000,5.07,47100,4.97,382400,5.08,43000,4.96,548700,5.09,21000,4.95,401100,5.1,26300,4.94,72700,5.11,30500,4.93,63400,5.12,22200,3707600,2270900,15:40:27.551
000931.SZ,000931,20260420,20260420,10:47:18.000,104718000,79,5.02,5.19,5.19,4.95,5.2,5.72,4.68,14451763,7241.7959,14244,5.02,100900,5.03,102800,5.01,239700,5.04,182300,5.0,210400,5.05,19100,4.99,161400,5.06,28600,4.98,232000,5.07,47100,4.97,382400,5.08,43000,4.96,548700,5.09,21000,4.95,401100,5.1,26300,4.94,72700,5.11,30500,4.93,63400,5.12,22200,3758000,2270900,15:40:27.763
000931.SZ,000931,20260420,20260420,10:47:21.000,104721000,79,5.02,5.19,5.19,4.95,5.2,5.72,4.68,14451763,7241.7959,14244,5.02,100900,5.03,102800,5.01,239700,5.04,182300,5.0,212200,5.05,19100,4.99,161400,5.06,28600,4.98,232000,5.07,47100,4.97,382400,5.08,43000,4.96,548700,5.09,21000,4.95,401100,5.1,26300,4.94,72700,5.11,30500,4.93,63400,5.12,22200,3759800,2270900,15:40:27.951
000931.SZ,000931,20260420,20260420,10:47:24.000,104724000,79,5.02,5.19,5.19,4.95,5.2,5.72,4.68,14451763,7241.7959,14244,5.02,100900,5.03,102800,5.01,239700,5.04,182300,5.0,212200,5.05,19100,4.99,161400,5.06,28600,4.98,232000,5.07,47100,4.97,382400,5.08,43000,4.96,548700,5.09,21000,4.95,401100,5.1,26300,4.94,72700,5.11,30500,4.93,63400,5.12,22200,3749800,2270900,15:40:28.110
000931.SZ,000931,20260420,20260420,10:47:30.000,104730000,79,5.02,5.19,5.19,4.95,5.2,5.72,4.68,14451763,7241.7959,14244,5.02,100900,5.03,98900,5.01,239700,5.04,182300,5.0,212200,5.05,19100,4.99,161400,5.06,28600,4.98,232000,5.07,47100,4.97,382400,5.08,43000,4.96,548700,5.09,21000,4.95,401100,5.1,26300,4.94,72700,5.11,30500,4.93,63400,5.12,22200,3749800,2267000,15:40:28.723
000931.SZ,000931,20260420,20260420,10:47:48.000,104748000,79,5.02,5.19,5.19,4.95,5.2,5.72,4.68,14451763,7241.7959,14244,5.02,100900,5.03,99100,5.01,239700,5.04,182300,5.0,212200,5.05,19100,4.99,161400,5.06,28600,4.98,232000,5.07,47100,4.97,382400,5.08,43000,4.96,548700,5.09,21000,4.95,401100,5.1,26300,4.94,72700,5.11,30500,4.93,63400,5.12,22200,3749800,2267200,15:40:29.405
000931.SZ,000931,20260420,20260420,10:47:51.000,104751000,79,5.02,5.19,5.19,4.95,5.2,5.72,4.68,14451763,7241.7959,14244,5.02,101500,5.03,99100,5.01,239700,5.04,182300,5.0,212200,5.05,19100,4.99,161400,5.06,28600,4.98,232000,5.07,47100,4.97,382400,5.08,43000,4.96,548700,5.09,21000,4.95,401100,5.1,26300,4.94,72700,5.11,30500,4.93,63400,5.12,22200,3750400,2267200,15:40:29.531
000931.SZ,000931,20260420,20260420,10:47:57.000,104757000,79,5.02,5.19,5.19,4.95,5.2,5.72,4.68,14451763,7241.7959,14244,5.02,101500,5.03,99100,5.01,239700,5.04,182300,5.0,209700,5.05,19100,4.99,161400,5.06,28600,4.98,232000,5.07,47100,4.97,382400,5.08,43000,4.96,548700,5.09,21000,4.95,401100,5.1,26300,4.94,72700,5.11,30500,4.93,63400,5.12,22200,3747900,2267200,15:40:29.878
000931.SZ,000931,20260420,20260420,10:48:03.000,104803000,79,5.02,5.19,5.19,4.95,5.2,5.72,4.68,14451763,7241.7959,14244,5.02,103900,5.03,99100,5.01,239700,5.04,182300,5.0,209700,5.05,19100,4.99,161400,5.06,28600,4.98,232000,5.07,47100,4.97,382400,5.08,43000,4.96,548700,5.09,21000,4.95,401100,5.1,26300,4.94,72700,5.11,30500,4.93,63400,5.12,22200,3750300,2267200,15:40:30.359
000931.SZ,000931,20260420,20260420,10:48:06.000,104806000,79,5.02,5.19,5.19,4.95,5.2,5.72,4.68,14451763,7241.7959,14244,5.02,104300,5.03,99100,5.01,239700,5.04,182300,5.0,209700,5.05,19100,4.99,161400,5.06,28600,4.98,232000,5.07,47100,4.97,382400,5.08,43000,4.96,548700,5.09,21000,4.95,401100,5.1,26300,4.94,72700,5.11,30500,4.93,63400,5.12,22200,3750700,2267200,15:40:30.576
000931.SZ,000931,20260420,20260420,10:48:09.000,104809000,79,5.02,5.19,5.19,4.95,5.2,5.72,4.68,14451763,7241.7959,14244,5.02,104300,5.03,99100,5.01,239700,5.04,182300,5.0,199700,5.05,19100,4.99,161400,5.06,28600,4.98,232000,5.07,47100,4.97,382400,5.08,43000,4.96,548700,5.09,21000,4.95,401100,5.1,26300,4.94,72700,5.11,30500,4.93,63400,5.12,22200,3740700,2267200,15:40:30.640
000931.SZ,000931,20260420,20260420,10:48:15.000,104815000,79,5.02,5.19,5.19,4.95,5.2,5.72,4.68,14451763,7241.7959,14244,5.02,114300,5.03,99100,5.01,239700,5.04,182300,5.0,200700,5.05,19100,4.99,161400,5.06,28600,4.98,232000,5.07,47100,4.97,382400,5.08,43000,4.96,548700,5.09,21000,4.95,401100,5.1,26300,4.94,72700,5.11,30500,4.93,63400,5.12,22200,3751700,2267200,15:40:30.968
000931.SZ,000931,20260420,20260420,10:48:18.000,104818000,79,5.03,5.19,5.19,4.95,5.2,5.72,4.68,14451963,7241.8965,14245,5.02,114100,5.03,98900,5.01,239700,5.04,182300,5.0,200700,5.05,19100,4.99,161400,5.06,28600,4.98,232000,5.07,47100,4.97,382400,5.08,43000,4.96,548700,5.09,21000,4.95,401100,5.1,26300,4.94,72700,5.11,30500,4.93,63400,5.12,22200,3751500,2267000,15:40:31.231
000931.SZ,000931,20260420,20260420,10:48:21.000,104821000,79,5.03,5.19,5.19,4.95,5.2,5.72,4.68,14451963,7241.8965,14245,5.02,114100,5.03,98900,5.01,237400,5.04,182300,5.0,200700,5.05,19100,4.99,161400,5.06,28600,4.98,232000,5.07,47100,4.97,382400,5.08,43000,4.96,548700,5.09,21000,4.95,401100,5.1,26300,4.94,72700,5.11,30500,4.93,63400,5.12,22200,3749200,2267000,15:40:31.340
000931.SZ,000931,20260420,20260420,10:48:24.000,104824000,79,5.02,5.19,5.19,4.95,5.2,5.72,4.68,14452863,7242.3483,14246,5.02,113200,5.03,98900,5.01,237400,5.04,181900,5.0,200700,5.05,19100,4.99,161400,5.06,28600,4.98,232000,5.07,47100,4.97,382400,5.08,43000,4.96,548700,5.09,21000,4.95,401100,5.1,26300,4.94,72700,5.11,30500,4.93,63400,5.12,22200,3748300,2266600,15:40:31.466
000931.SZ,000931,20260420,20260420,10:48:27.000,104827000,79,5.02,5.19,5.19,4.95,5.2,5.72,4.68,14453263,7242.5491,14247,5.02,112800,5.03,98900,5.01,237400,5.04,181900,5.0,200700,5.05,19100,4.99,161400,5.06,28600,4.98,232000,5.07,47100,4.97,382400,5.08,43000,4.96,548700,5.09,21000,4.95,401100,5.1,26300,4.94,72700,5.11,30500,4.93,63400,5.12,22200,3747900,2266600,15:40:31.658
000931.SZ,000931,20260420,20260420,10:48:30.000,104830000,79,5.02,5.19,5.19,4.95,5.2,5.72,4.68,14453263,7242.5491,14247,5.02,137400,5.03,98900,5.01,237400,5.04,183500,5.0,200700,5.05,19100,4.99,161400,5.06,28600,4.98,232000,5.07,47100,4.97,382400,5.08,43000,4.96,548700,5.09,21000,4.95,401100,5.1,26300,4.94,72700,5.11,30500,4.93,63400,5.12,22200,3772500,2268200,15:40:31.818
000931.SZ,000931,20260420,20260420,10:48:42.000,104842000,79,5.02,5.19,5.19,4.95,5.2,5.72,4.68,14453263,7242.5491,14247,5.02,162000,5.03,98900,5.01,237400,5.04,183500,5.0,200700,5.05,19100,4.99,161400,5.06,28600,4.98,232000,5.07,47100,4.97,382400,5.08,43000,4.96,548700,5.09,21000,4.95,401100,5.1,26300,4.94,72700,5.11,30500,4.93,63400,5.12,22200,3797100,2268200,15:40:32.400
000931.SZ,000931,20260420,20260420,10:48:45.000,104845000,79,5.02,5.19,5.19,4.95,5.2,5.72,4.68,14453263,7242.5491,14247,5.02,162000,5.03,98900,5.01,237400,5.04,181900,5.0,200700,5.05,19100,4.99,161400,5.06,28600,4.98,232000,5.07,47100,4.97,382400,5.08,43000,4.96,548700,5.09,21000,4.95,401100,5.1,26300,4.94,72700,5.11,30500,4.93,63400,5.12,22200,3797100,2266600,15:40:32.534
000931.SZ,000931,20260420,20260420,10:48:48.000,104848000,79,5.02,5.19,5.19,4.95,5.2,5.72,4.68,14453263,7242.5491,14247,5.02,162000,5.03,99500,5.01,237400,5.04,181900,5.0,200700,5.05,19100,4.99,161400,5.06,28600,4.98,232000,5.07,47100,4.97,382400,5.08,43000,4.96,548700,5.09,21000,4.95,401100,5.1,26300,4.94,72700,5.11,30500,4.93,63400,5.12,22200,3797100,2267200,15:40:32.669
000931.SZ,000931,20260420,20260420,10:48:51.000,104851000,79,5.02,5.19,5.19,4.95,5.2,5.72,4.68,14453263,7242.5491,14247,5.02,170000,5.03,99500,5.01,237400,5.04,181900,5.0,200700,5.05,19100,4.99,161400,5.06,28600,4.98,232000,5.07,47100,4.97,382400,5.08,43000,4.96,548700,5.09,21000,4.95,401100,5.1,26300,4.94,72700,5.11,30500,4.93,63400,5.12,22200,3805100,2267200,15:40:32.774
000931.SZ,000931,20260420,20260420,10:48:54.000,104854000,79,5.02,5.19,5.19,4.95,5.2,5.72,4.68,14453263,7242.5491,14247,5.02,170000,5.03,101200,5.01,237400,5.04,181900,5.0,200700,5.05,19100,4.99,161400,5.06,28600,4.98,232000,5.07,47100,4.97,382400,5.08,43000,4.96,548700,5.09,21000,4.95,401100,5.1,26300,4.94,72700,5.11,30500,4.93,63400,5.12,22200,3805100,2268900,15:40:33.020
000931.SZ,000931,20260420,20260420,10:48:57.000,104857000,79,5.02,5.19,5.19,4.95,5.2,5.72,4.68,14453263,7242.5491,14247,5.02,170000,5.03,101200,5.01,237400,5.04,181900,5.0,200700,5.05,19100,4.99,161400,5.06,28600,4.98,232000,5.07,47100,4.97,382400,5.08,43000,4.96,548700,5.09,21000,4.95,401100,5.1,26300,4.94,72700,5.11,30500,4.93,63400,5.12,22200,3805200,2268900,15:40:33.177
000931.SZ,000931,20260420,20260420,10:49:09.000,104909000,79,5.03,5.19,5.19,4.95,5.2,5.72,4.68,14478663,7255.3253,14265,5.02,186900,5.03,75300,5.01,237400,5.04,181900,5.0,200700,5.05,19100,4.99,161400,5.06,28600,4.98,232000,5.07,47100,4.97,380900,5.08,43000,4.96,548700,5.09,21000,4.95,401100,5.1,26300,4.94,72700,5.11,30500,4.93,63400,5.12,22200,3820600,2243000,15:40:34.031
000931.SZ,000931,20260420,20260420,10:49:12.000,104912000,79,5.04,5.19,5.19,4.95,5.2,5.72,4.68,14580363,7306.4972,14381,5.03,39200,5.04,165300,5.02,185500,5.05,19400,5.01,236700,5.06,28600,5.0,200700,5.07,47100,4.99,161400,5.08,43000,4.98,232000,5.09,21000,4.97,380900,5.1,26300,4.96,548700,5.11,30500,4.95,401100,5.12,22200,4.94,72700,5.13,36700,3857700,2151400,15:40:34.220
000931.SZ,000931,20260420,20260420,10:49:15.000,104915000,79,5.04,5.19,5.19,4.95,5.2,5.72,4.68,14580963,7306.7996,14383,5.03,33700,5.04,164700,5.02,184500,5.05,21900,5.01,236700,5.06,28600,5.0,192100,5.07,47100,4.99,161400,5.08,43000,4.98,232000,5.09,21000,4.97,380900,5.1,26300,4.96,548700,5.11,30500,4.95,401100,5.12,22200,4.94,72700,5.13,36700,3842600,2153300,15:40:34.380
000931.SZ,000931,20260420,20260420,10:49:18.000,104918000,79,5.04,5.19,5.19,4.95,5.2,5.72,4.68,14580963,7306.7996,14383,5.03,45100,5.04,164700,5.02,180500,5.05,22200,5.01,236700,5.06,28600,5.0,191900,5.07,47100,4.99,161400,5.08,43000,4.98,232000,5.09,21000,4.97,380900,5.1,26300,4.96,548700,5.11,30500,4.95,401100,5.12,22200,4.94,72700,5.13,36700,3849800,2153600,15:40:34.599
000931.SZ,000931,20260420,20260420,10:49:21.000,104921000,79,5.04,5.19,5.19,4.95,5.2,5.72,4.68,14580963,7306.7996,14383,5.03,46200,5.04,166700,5.02,180500,5.05,22200,5.01,236700,5.06,28600,5.0,191900,5.07,47100,4.99,161400,5.08,43000,4.98,232000,5.09,21000,4.97,380900,5.1,26300,4.96,548700,5.11,30500,4.95,401100,5.12,22200,4.94,72700,5.13,36700,3850900,2155600,15:40:34.906
000931.SZ,000931,20260420,20260420,10:49:24.000,104924000,79,5.04,5.19,5.19,4.95,5.2,5.72,4.68,14749363,7391.6732,14413,5.04,25200,5.05,22200,5.03,47400,5.06,28600,5.02,180400,5.07,47100,5.01,236700,5.08,43000,5.0,191900,5.09,21000,4.99,161400,5.1,26300,4.98,232000,5.11,30500,4.97,380900,5.12,22200,4.96,548700,5.13,36700,4.95,401100,5.14,28500,3877200,1988900,15:40:35.038
000931.SZ,000931,20260420,20260420,10:49:27.000,104927000,79,5.05,5.19,5.19,4.95,5.2,5.72,4.68,14772763,7403.4902,14433,5.05,700,5.06,29100,5.04,26600,5.07,47100,5.03,46800,5.08,43000,5.02,180300,5.09,21000,5.01,236700,5.1,26300,5.0,191900,5.11,30500,4.99,161400,5.12,22200,4.98,232000,5.13,36700,4.97,380900,5.14,28500,4.96,548700,5.15,26700,3878600,1967200,15:40:35.159
000931.SZ,000931,20260420,20260420,10:49:30.000,104930000,79,5.05,5.19,5.19,4.95,5.2,5.72,4.68,14772863,7403.5407,14434,5.05,6500,5.06,30100,5.04,25100,5.07,47200,5.03,46300,5.08,43000,5.02,178100,5.09,21000,5.01,235100,5.1,26300,5.0,191900,5.11,30500,4.99,161400,5.12,22200,4.98,232000,5.13,36700,4.97,380900,5.14,28500,4.96,548700,5.15,26700,3878600,1968300,15:40:35.409
000931.SZ,000931,20260420,20260420,10:49:33.000,104933000,79,5.05,5.19,5.19,4.95,5.2,5.72,4.68,14773563,7403.8942,14437,5.05,7900,5.06,28100,5.04,25100,5.07,47600,5.03,46300,5.08,43000,5.02,178100,5.09,21000,5.01,235100,5.1,26300,5.0,191900,5.11,30500,4.99,161400,5.12,22200,4.98,232000,5.13,36700,4.97,199600,5.14,28500,4.96,548700,5.15,26700,3698700,1966700,15:40:35.525
000931.SZ,000931,20260420,20260420,10:49:36.000,104936000,79,5.05,5.19,5.19,4.95,5.2,5.72,4.68,14773563,7403.8942,14437,5.05,7900,5.06,28100,5.04,25100,5.07,47600,5.03,46300,5.08,43000,5.02,178000,5.09,21000,5.01,235100,5.1,26300,5.0,187700,5.11,30500,4.99,161400,5.12,22200,4.98,232000,5.13,36700,4.97,199600,5.14,28500,4.96,548700,5.15,26700,3694400,1966700,15:40:35.721
000931.SZ,000931,20260420,20260420,10:49:39.000,104939000,79,5.05,5.19,5.19,4.95,5.2,5.72,4.68,14780963,7407.6313,14445,5.05,600,5.06,28000,5.04,25100,5.07,47900,5.03,50600,5.08,43000,5.02,178000,5.09,21000,5.01,235100,5.1,26300,5.0,187700,5.11,30500,4.99,161400,5.12,22200,4.98,232000,5.13,36700,4.97,199600,5.14,28500,4.96,548700,5.15,26700,3691200,1966900,15:40:35.863
000931.SZ,000931,20260420,20260420,10:49:42.000,104942000,79,5.05,5.19,5.19,4.95,5.2,5.72,4.68,14781463,7407.8838,14448,5.05,33500,5.06,30300,5.04,25100,5.07,47900,5.03,50600,5.08,43000,5.02,228000,5.09,21000,5.01,235100,5.1,26300,5.0,368000,5.11,30500,4.99,161400,5.12,22200,4.98,232000,5.13,36700,4.97,199600,5.14,28500,4.96,548700,5.15,26700,3954400,1969200,15:40:35.996
000931.SZ,000931,20260420,20260420,10:49:45.000,104945000,79,5.05,5.19,5.19,4.95,5.2,5.72,4.68,14781463,7407.8838,14448,5.05,33700,5.06,30300,5.04,25100,5.07,47900,5.03,50600,5.08,43000,5.02,228000,5.09,21000,5.01,235100,5.1,26300,5.0,368000,5.11,30500,4.99,161400,5.12,22200,4.98,232000,5.13,36700,4.97,199600,5.14,28500,4.96,548700,5.15,26700,3954600,1969200,15:40:36.170
000931.SZ,000931,20260420,20260420,10:49:48.000,104948000,79,5.05,5.19,5.19,4.95,5.2,5.72,4.68,14781463,7407.8838,14448,5.05,33800,5.06,33800,5.04,25100,5.07,47900,5.03,50600,5.08,43000,5.02,228000,5.09,21000,5.01,235100,5.1,26300,5.0,369000,5.11,30500,4.99,161400,5.12,22200,4.98,232000,5.13,36700,4.97,199600,5.14,28500,4.96,548700,5.15,26700,3955700,1972700,15:40:36.303
000931.SZ,000931,20260420,20260420,10:49:51.000,104951000,79,5.05,5.19,5.19,4.95,5.2,5.72,4.68,14786463,7410.4088,14451,5.05,28800,5.06,35000,5.04,25600,5.07,47800,5.03,50600,5.08,43000,5.02,228000,5.09,21000,5.01,235100,5.1,26300,5.0,369000,5.11,30500,4.99,161400,5.12,22200,4.98,232000,5.13,36700,4.97,199600,5.14,28500,4.96,548700,5.15,26700,3951200,1973800,15:40:36.444
000931.SZ,000931,20260420,20260420,10:49:54.000,104954000,79,5.05,5.19,5.19,4.95,5.2,5.72,4.68,14786463,7410.4088,14451,5.05,28800,5.06,37200,5.04,25600,5.07,47800,5.03,50600,5.08,43000,5.02,228000,5.09,21000,5.01,235100,5.1,26300,5.0,369000,5.11,30500,4.99,161400,5.12,22200,4.98,232000,5.13,36700,4.97,199600,5.14,28500,4.96,547700,5.15,26700,3950200,1976000,15:40:36.583
000931.SZ,000931,20260420,20260420,10:50:03.000,105003000,79,5.05,5.19,5.19,4.95,5.2,5.72,4.68,14786463,7410.4088,14451,5.05,28800,5.06,37200,5.04,25600,5.07,47800,5.03,50600,5.08,43000,5.02,228000,5.09,21000,5.01,235100,5.1,26300,5.0,369000,5.11,30500,4.99,161400,5.12,22200,4.98,232000,5.13,36700,4.97,199600,5.14,28500,4.96,547700,5.15,26700,3950900,1976000,15:40:37.189
000931.SZ,000931,20260420,20260420,10:50:06.000,105006000,79,5.05,5.19,5.19,4.95,5.2,5.72,4.68,14789663,7412.0248,14457,5.05,26100,5.06,51500,5.04,25600,5.07,47800,5.03,50600,5.08,43000,5.02,228000,5.09,21000,5.01,235100,5.1,26300,5.0,369000,5.11,30500,4.99,161400,5.12,22200,4.98,232000,5.13,36700,4.97,199600,5.14,28500,4.96,547700,5.15,26700,3948200,1990300,15:40:37.315
000931.SZ,000931,20260420,20260420,10:50:09.000,105009000,79,5.05,5.19,5.19,4.95,5.2,5.72,4.68,14789663,7412.0248,14457,5.05,26100,5.06,56600,5.04,25600,5.07,47800,5.03,38900,5.08,43000,5.02,228000,5.09,21000,5.01,235100,5.1,26300,5.0,369000,5.11,30500,4.99,161400,5.12,22200,4.98,232000,5.13,36700,4.97,199600,5.14,28500,4.96,547700,5.15,26700,3936500,1995400,15:40:37.569
000931.SZ,000931,20260420,20260420,10:50:12.000,105012000,79,5.05,5.19,5.19,4.95,5.2,5.72,4.68,14789663,7412.0248,14457,5.05,26100,5.06,56600,5.04,25600,5.07,48100,5.03,38900,5.08,43000,5.02,228000,5.09,21000,5.01,235100,5.1,26300,5.0,369000,5.11,30500,4.99,161400,5.12,22200,4.98,232000,5.13,36700,4.97,199600,5.14,28500,4.96,547700,5.15,26700,3936500,1995700,15:40:37.675
000931.SZ,000931,20260420,20260420,10:50:15.000,105015000,79,5.05,5.19,5.19,4.95,5.2,5.72,4.68,14792563,7413.4893,14463,5.05,23200,5.06,57500,5.04,25600,5.07,48100,5.03,38900,5.08,43000,5.02,228000,5.09,21000,5.01,235100,5.1,26300,5.0,369000,5.11,30500,4.99,161400,5.12,22200,4.98,232000,5.13,36700,4.97,199600,5.14,28500,4.96,547700,5.15,26700,3933600,1996600,15:40:37.813
000931.SZ,000931,20260420,20260420,10:50:18.000,105018000,79,5.05,5.19,5.19,4.95,5.2,5.72,4.68,14815663,7425.1548,14482,5.04,63800,5.05,12700,5.03,38900,5.06,75600,5.02,228000,5.07,48100,5.01,235100,5.08,43000,5.0,369000,5.09,21000,4.99,161400,5.1,26300,4.98,232000,5.11,30500,4.97,199600,5.12,22200,4.96,547700,5.13,36700,4.95,401100,5.14,28500,3948600,2027400,15:40:38.132
000931.SZ,000931,20260420,20260420,10:50:21.000,105021000,79,5.05,5.19,5.19,4.95,5.2,5.72,4.68,14815663,7425.1548,14482,5.04,63900,5.05,27100,5.03,38900,5.06,75600,5.02,228000,5.07,48100,5.01,235100,5.08,43000,5.0,369000,5.09,21000,4.99,161400,5.1,26300,4.98,232000,5.11,30500,4.97,199600,5.12,22200,4.96,547700,5.13,36700,4.95,401100,5.14,28500,3948000,2041800,15:40:38.250
000931.SZ,000931,20260420,20260420,10:50:24.000,105024000,79,5.05,5.19,5.19,4.95,5.2,5.72,4.68,14815663,7425.1548,14482,5.04,63900,5.05,32900,5.03,38900,5.06,75600,5.02,228000,5.07,48100,5.01,235100,5.08,43000,5.0,369000,5.09,21000,4.99,161400,5.1,26300,4.98,232000,5.11,30500,4.97,199600,5.12,23200,4.96,547700,5.13,36700,4.95,402400,5.14,28500,3949300,2048600,15:40:38.396
000931.SZ,000931,20260420,20260420,10:50:27.000,105027000,79,5.05,5.19,5.19,4.95,5.2,5.72,4.68,14815663,7425.1548,14482,5.04,63900,5.05,28700,5.03,41900,5.06,75800,5.02,228000,5.07,48100,5.01,235100,5.08,43000,5.0,367900,5.09,21000,4.99,161400,5.1,26300,4.98,232000,5.11,30500,4.97,199600,5.12,23200,4.96,547700,5.13,36700,4.95,402400,5.14,28500,3951200,2044600,15:40:38.651
000931.SZ,000931,20260420,20260420,10:50:30.000,105030000,79,5.05,5.19,5.19,4.95,5.2,5.72,4.68,14815663,7425.1548,14482,5.04,87100,5.05,28700,5.03,41900,5.06,75800,5.02,228000,5.07,48100,5.01,235100,5.08,43000,5.0,367900,5.09,21000,4.99,161400,5.1,26300,4.98,232000,5.11,30500,4.97,199600,5.12,23200,4.96,547700,5.13,36700,4.95,402400,5.14,28500,3974400,2044600,15:40:38.773
000931.SZ,000931,20260420,20260420,10:50:33.000,105033000,79,5.05,5.19,5.19,4.95,5.2,5.72,4.68,14815663,7425.1548,14482,5.04,88200,5.05,44200,5.03,41900,5.06,75800,5.02,228000,5.07,48100,5.01,235100,5.08,43000,5.0,367900,5.09,21000,4.99,161400,5.1,26300,4.98,232000,5.11,30500,4.97,199600,5.12,23200,4.96,547700,5.13,36700,4.95,402300,5.14,28500,3975400,2060100,15:40:39.019
000931.SZ,000931,20260420,20260420,10:50:36.000,105036000,79,5.05,5.19,5.19,4.95,5.2,5.72,4.68,14815763,7425.2053,14483,5.04,88200,5.05,49800,5.03,41900,5.06,75800,5.02,228000,5.07,48100,5.01,235100,5.08,43000,5.0,367900,5.09,21000,4.99,161400,5.1,26300,4.98,232000,5.11,30500,4.97,199600,5.12,23200,4.96,547700,5.13,36700,4.95,402300,5.14,28500,3897900,2062700,15:40:39.202
000931.SZ,000931,20260420,20260420,10:50:39.000,105039000,79,5.05,5.19,5.19,4.95,5.2,5.72,4.68,14815763,7425.2053,14483,5.04,88200,5.05,53100,5.03,41900,5.06,75700,5.02,228000,5.07,47800,5.01,233100,5.08,43000,5.0,367900,5.09,21000,4.99,161400,5.1,26300,4.98,232000,5.11,30500,4.97,199600,5.12,73200,4.96,547700,5.13,36700,4.95,402300,5.14,28500,3895900,2115600,15:40:39.359
000931.SZ,000931,20260420,20260420,10:50:42.000,105042000,79,5.05,5.19,5.19,4.95,5.2,5.72,4.68,14818763,7426.7203,14489,5.04,124600,5.05,50400,5.03,41900,5.06,75500,5.02,203400,5.07,47800,5.01,233100,5.08,43000,5.0,367900,5.09,21000,4.99,161400,5.1,26300,4.98,232000,5.11,30500,4.97,199600,5.12,73200,4.96,547700,5.13,36700,4.95,402300,5.14,28500,3907700,2112700,15:40:39.510
000931.SZ,000931,20260420,20260420,10:50:45.000,105045000,79,5.05,5.19,5.19,4.95,5.2,5.72,4.68,14819863,7427.2758,14495,5.04,132900,5.05,49300,5.03,41900,5.06,75500,5.02,203400,5.07,47800,5.01,233100,5.08,43000,5.0,367900,5.09,21000,4.99,161400,5.1,26300,4.98,232000,5.11,30500,4.97,199600,5.12,73200,4.96,547700,5.13,36700,4.95,402300,5.14,28500,3916000,2111600,15:40:39.652
000931.SZ,000931,20260420,20260420,10:50:48.000,105048000,79,5.05,5.19,5.19,4.95,5.2,5.72,4.68,14821163,7427.9323,14498,5.04,141700,5.05,48000,5.03,41900,5.06,75500,5.02,203400,5.07,32800,5.01,233100,5.08,43000,5.0,367900,5.09,21000,4.99,161400,5.1,26300,4.98,232000,5.11,30500,4.97,199600,5.12,73200,4.96,547700,5.13,36700,4.95,402300,5.14,28500,3924800,2095300,15:40:39.817
000931.SZ,000931,20260420,20260420,10:50:51.000,105051000,79,5.05,5.19,5.19,4.95,5.2,5.72,4.68,14823563,7429.1443,14502,5.04,149500,5.05,45600,5.03,41900,5.06,75500,5.02,203400,5.07,32800,5.01,233100,5.08,43000,5.0,367900,5.09,21000,4.99,161400,5.1,26300,4.98,232000,5.11,30500,4.97,199600,5.12,73200,4.96,547700,5.13,36700,4.95,402300,5.14,28500,3932600,2092900,15:40:39.973
000931.SZ,000931,20260420,20260420,10:50:54.000,105054000,79,5.05,5.19,5.19,4.95,5.2,5.72,4.68,14824663,7429.6998,14503,5.04,149500,5.05,49300,5.03,41900,5.06,77200,5.02,203400,5.07,32800,5.01,233100,5.08,43000,5.0,367900,5.09,21000,4.99,161400,5.1,26300,4.98,232000,5.11,30500,4.97,199600,5.12,73200,4.96,547700,5.13,36700,4.95,402300,5.14,28500,3932600,2098300,15:40:40.047
000931.SZ,000931,20260420,20260420,10:50:57.000,105057000,79,5.05,5.19,5.19,4.95,5.2,5.72,4.68,14825763,7430.2553,14504,5.04,149500,5.05,48200,5.03,41900,5.06,77300,5.02,203400,5.07,32700,5.01,233100,5.08,43000,5.0,367900,5.09,21000,4.99,161400,5.1,26300,4.98,232000,5.11,30500,4.97,199600,5.12,73200,4.96,547700,5.13,36700,4.95,402300,5.14,28500,3932600,2097200,15:40:40.365
000931.SZ,000931,20260420,20260420,10:51:00.000,105100000,79,5.05,5.19,5.19,4.95,5.2,5.72,4.68,14826863,7430.8108,14505,5.04,149500,5.05,44100,5.03,41900,5.06,77300,5.02,203400,5.07,32700,5.01,233100,5.08,43000,5.0,367900,5.09,21000,4.99,161400,5.1,26300,4.98,232000,5.11,30500,4.97,199600,5.12,73200,4.96,547700,5.13,36700,4.95,402300,5.14,28500,3932600,2093100,15:40:40.467
000931.SZ,000931,20260420,20260420,10:51:03.000,105103000,79,5.04,5.19,5.19,4.95,5.2,5.72,4.68,14831663,7433.2321,14510,5.04,146900,5.05,42000,5.03,41900,5.06,77300,5.02,203700,5.07,32700,5.01,233100,5.08,43000,5.0,368900,5.09,21000,4.99,161400,5.1,26300,4.98,232000,5.11,30500,4.97,199600,5.12,73200,4.96,547700,5.13,36700,4.95,402300,5.14,28500,3931800,2091000,15:40:40.903
000931.SZ,000931,20260420,20260420,10:51:06.000,105106000,79,5.04,5.19,5.19,4.95,5.2,5.72,4.68,14831663,7433.2321,14510,5.04,146900,5.05,42000,5.03,41900,5.06,77500,5.02,204700,5.07,32700,5.01,233100,5.08,43000,5.0,368900,5.09,21000,4.99,161400,5.1,24300,4.98,232000,5.11,30500,4.97,199600,5.12,93200,4.96,547700,5.13,36700,4.95,402300,5.14,28500,3932800,2109200,15:40:40.978
000931.SZ,000931,20260420,20260420,10:51:09.000,105109000,79,5.04,5.19,5.19,4.95,5.2,5.72,4.68,14831663,7433.2321,14510,5.04,146900,5.05,42600,5.03,41900,5.06,77700,5.02,204700,5.07,32700,5.01,233000,5.08,43000,5.0,368900,5.09,21000,4.99,161400,5.1,24300,4.98,232000,5.11,30500,4.97,199600,5.12,93200,4.96,547700,5.13,36700,4.95,404300,5.14,28500,3934700,2110000,15:40:41.106
000931.SZ,000931,20260420,20260420,10:51:12.000,105112000,79,5.04,5.19,5.19,4.95,5.2,5.72,4.68,14831663,7433.2321,14510,5.04,146900,5.05,42600,5.03,41900,5.06,78200,5.02,204700,5.07,32700,5.01,233000,5.08,43000,5.0,368900,5.09,21000,4.99,161400,5.1,24300,4.98,232000,5.11,30500,4.97,199600,5.12,93200,4.96,547700,5.13,36700,4.95,404300,5.14,28500,3934700,2110500,15:40:41.231
000931.SZ,000931,20260420,20260420,10:51:18.000,105118000,79,5.04,5.19,5.19,4.95,5.2,5.72,4.68,14831663,7433.2321,14510,5.04,146900,5.05,42800,5.03,42900,5.06,78200,5.02,204700,5.07,32700,5.01,233000,5.08,43000,5.0,368900,5.09,21000,4.99,161400,5.1,24300,4.98,232000,5.11,30500,4.97,199600,5.12,93200,4.96,547700,5.13,36700,4.95,404300,5.14,28500,3935700,2110700,15:40:41.576
000931.SZ,000931,20260420,20260420,10:51:21.000,105121000,79,5.04,5.19,5.19,4.95,5.2,5.72,4.68,14831663,7433.2321,14510,5.04,148200,5.05,42800,5.03,42900,5.06,88200,5.02,204700,5.07,32700,5.01,233000,5.08,43000,5.0,368900,5.09,21000,4.99,161400,5.1,24300,4.98,232000,5.11,30500,4.97,199600,5.12,93200,4.96,547700,5.13,36700,4.95,404300,5.14,28500,3942000,2120700,15:40:41.801
000931.SZ,000931,20260420,20260420,10:51:24.000,105124000,79,5.04,5.19,5.19,4.95,5.2,5.72,4.68,14831663,7433.2321,14510,5.04,148200,5.05,47300,5.03,42900,5.06,88200,5.02,204700,5.07,32700,5.01,233000,5.08,43000,5.0,368900,5.09,21000,4.99,161400,5.1,24300,4.98,232000,5.11,30500,4.97,199600,5.12,93200,4.96,547700,5.13,36700,4.95,404300,5.14,28500,3942000,2125200,15:40:41.918
000931.SZ,000931,20260420,20260420,10:51:27.000,105127000,79,5.04,5.19,5.19,4.95,5.2,5.72,4.68,14832263,7433.5345,14511,5.04,147600,5.05,47500,5.03,42900,5.06,88200,5.02,204700,5.07,32700,5.01,233000,5.08,43000,5.0,368900,5.09,21000,4.99,161400,5.1,24300,4.98,232000,5.11,30500,4.97,199600,5.12,93200,4.96,547700,5.13,36700,4.95,404300,5.14,28500,3941400,2125400,15:40:42.056
000931.SZ,000931,20260420,20260420,10:51:30.000,105130000,79,5.04,5.19,5.19,4.95,5.2,5.72,4.68,14832263,7433.5345,14511,5.04,147700,5.05,48000,5.03,42900,5.06,88200,5.02,204700,5.07,32700,5.01,233000,5.08,43000,5.0,368900,5.09,21000,4.99,161400,5.1,24300,4.98,232000,5.11,30500,4.97,199600,5.12,113200,4.96,547700,5.13,36700,4.95,404300,5.14,28500,3941500,2145900,15:40:42.321
000931.SZ,000931,20260420,20260420,10:51:33.000,105133000,79,5.04,5.19,5.19,4.95,5.2,5.72,4.68,14832263,7433.5345,14511,5.04,147400,5.05,48000,5.03,42900,5.06,88200,5.02,204700,5.07,32700,5.01,233000,5.08,43000,5.0,368900,5.09,21000,4.99,161400,5.1,24300,4.98,232000,5.11,30500,4.97,199600,5.12,113200,4.96,547700,5.13,36700,4.95,404300,5.14,28500,3941200,2145900,15:40:42.448
000931.SZ,000931,20260420,20260420,10:51:36.000,105136000,79,5.04,5.19,5.19,4.95,5.2,5.72,4.68,14832263,7433.5345,14511,5.04,147400,5.05,48000,5.03,42900,5.06,88900,5.02,204700,5.07,32700,5.01,233000,5.08,43000,5.0,368900,5.09,21000,4.99,161400,5.1,24300,4.98,232000,5.11,30500,4.97,199600,5.12,113200,4.96,547700,5.13,36700,4.95,404300,5.14,28500,3941200,2146600,15:40:42.636
000931.SZ,000931,20260420,20260420,10:51:39.000,105139000,79,5.04,5.19,5.19,4.95,5.2,5.72,4.68,14832263,7433.5345,14511,5.04,147400,5.05,51000,5.03,42900,5.06,88900,5.02,204700,5.07,32700,5.01,233000,5.08,43000,5.0,368900,5.09,21000,4.99,161400,5.1,24300,4.98,232000,5.11,30500,4.97,199600,5.12,113200,4.96,547700,5.13,36700,4.95,404300,5.14,28500,3941200,2149600,15:40:42.746
000931.SZ,000931,20260420,20260420,10:51:45.000,105145000,79,5.04,5.19,5.19,4.95,5.2,5.72,4.68,14832263,7433.5345,14511,5.04,147400,5.05,51000,5.03,42900,5.06,88900,5.02,204700,5.07,32700,5.01,233000,5.08,43000,5.0,368900,5.09,21000,4.99,161400,5.1,24300,4.98,232000,5.11,30500,4.97,199600,5.12,113200,4.96,547700,5.13,36700,4.95,404300,5.14,28500,3939200,2149600,15:40:43.008
000931.SZ,000931,20260420,20260420,10:51:51.000,105151000,79,5.04,5.19,5.19,4.95,5.2,5.72,4.68,14832263,7433.5345,14511,5.04,147400,5.05,55400,5.03,42900,5.06,88900,5.02,204700,5.07,32700,5.01,233000,5.08,43000,5.0,368900,5.09,21000,4.99,161400,5.1,34300,4.98,232000,5.11,30500,4.97,199600,5.12,113200,4.96,547700,5.13,36700,4.95,404300,5.14,28500,3939200,2164000,15:40:43.322
000931.SZ,000931,20260420,20260420,10:51:54.000,105154000,79,5.04,5.19,5.19,4.95,5.2,5.72,4.68,14832263,7433.5345,14511,5.04,147400,5.05,55800,5.03,42900,5.06,88900,5.02,204700,5.07,32700,5.01,233000,5.08,43000,5.0,368900,5.09,21000,4.99,161400,5.1,34300,4.98,232000,5.11,30500,4.97,199600,5.12,113200,4.96,547700,5.13,36700,4.95,404300,5.14,28500,3939200,2164400,15:40:43.478
000931.SZ,000931,20260420,20260420,10:51:57.000,105157000,79,5.05,5.19,5.19,4.95,5.2,5.72,4.68,14833563,7434.191,14513,5.04,147400,5.05,54500,5.03,42900,5.06,88900,5.02,204700,5.07,32700,5.01,233000,5.08,43000,5.0,368900,5.09,21000,4.99,161400,5.1,34300,4.98,232000,5.11,30500,4.97,199600,5.12,113200,4.96,547700,5.13,36700,4.95,404300,5.14,28500,3939200,2163100,15:40:43.635
000931.SZ,000931,20260420,20260420,10:52:00.000,105200000,79,5.05,5.19,5.19,4.95,5.2,5.72,4.68,14833563,7434.191,14513,5.04,147400,5.05,54700,5.03,42900,5.06,88900,5.02,204700,5.07,32700,5.01,233000,5.08,43000,5.0,368900,5.09,21000,4.99,161400,5.1,34300,4.98,232000,5.11,30500,4.97,199600,5.12,113200,4.96,547700,5.13,36700,4.95,404300,5.14,28500,3939200,2163300,15:40:43.948
000931.SZ,000931,20260420,20260420,10:52:03.000,105203000,79,5.05,5.19,5.19,4.95,5.2,5.72,4.68,14833563,7434.191,14513,5.04,146300,5.05,61200,5.03,42900,5.06,88900,5.02,204700,5.07,32700,5.01,233000,5.08,43000,5.0,368900,5.09,21000,4.99,161400,5.1,34300,4.98,232000,5.11,30500,4.97,199600,5.12,113200,4.96,547700,5.13,36700,4.95,404300,5.14,28500,3938100,2169800,15:40:44.037
000931.SZ,000931,20260420,20260420,10:52:06.000,105206000,79,5.05,5.19,5.19,4.95,5.2,5.72,4.68,14844563,7439.746,14515,5.04,146300,5.05,52600,5.03,42900,5.06,88900,5.02,204700,5.07,32700,5.01,233000,5.08,43000,5.0,368900,5.09,21000,4.99,161400,5.1,34300,4.98,232000,5.11,30500,4.97,199600,5.12,113200,4.96,547700,5.13,36700,4.95,404300,5.14,28500,3938100,2161200,15:40:44.304
000931.SZ,000931,20260420,20260420,10:52:15.000,105215000,79,5.05,5.19,5.19,4.95,5.2,5.72,4.68,14844563,7439.746,14515,5.04,146300,5.05,52600,5.03,42900,5.06,83900,5.02,204700,5.07,32700,5.01,233000,5.08,43000,5.0,368900,5.09,21000,4.99,161400,5.1,34300,4.98,232000,5.11,30500,4.97,199600,5.12,113200,4.96,547700,5.13,36700,4.95,404300,5.14,28500,3938100,2156200,15:40:44.744
000931.SZ,000931,20260420,20260420,10:52:18.000,105218000,79,5.05,5.19,5.19,4.95,5.2,5.72,4.68,14844563,7439.746,14515,5.04,146300,5.05,52600,5.03,42900,5.06,83900,5.02,204700,5.07,32700,5.01,233000,5.08,43000,5.0,368900,5.09,21000,4.99,161400,5.1,34300,4.98,232000,5.11,30500,4.97,199600,5.12,113200,4.96,547700,5.13,36700,4.95,404300,5.14,28500,3940100,2156200,15:40:44.830
000931.SZ,000931,20260420,20260420,10:52:21.000,105221000,79,5.05,5.19,5.19,4.95,5.2,5.72,4.68,14844563,7439.746,14515,5.04,147800,5.05,52600,5.03,42900,5.06,83900,5.02,201000,5.07,32700,5.01,233000,5.08,43000,5.0,368900,5.09,21000,4.99,161400,5.1,34300,4.98,232000,5.11,30500,4.97,199600,5.12,113200,4.96,547700,5.13,36700,4.95,404300,5.14,28500,3937900,2156200,15:40:44.928
000931.SZ,000931,20260420,20260420,10:52:24.000,105224000,79,5.05,5.19,5.19,4.95,5.2,5.72,4.68,14844563,7439.746,14515,5.04,147800,5.05,57100,5.03,42900,5.06,83900,5.02,201000,5.07,32700,5.01,233000,5.08,43000,5.0,368900,5.09,21000,4.99,161400,5.1,34300,4.98,232000,5.11,30500,4.97,199600,5.12,113200,4.96,547700,5.13,36700,4.95,404300,5.14,28500,3937900,2160700,15:40:44.994
000931.SZ,000931,20260420,20260420,10:52:27.000,105227000,79,5.05,5.19,5.19,4.95,5.2,5.72,4.68,14844763,7439.847,14516,5.04,147800,5.05,56900,5.03,42900,5.06,83900,5.02,201000,5.07,32700,5.01,233000,5.08,43000,5.0,368900,5.09,21000,4.99,161400,5.1,34300,4.98,232000,5.11,30500,4.97,199600,5.12,113200,4.96,547700,5.13,36700,4.95,404300,5.14,28500,3937900,2160500,15:40:45.223
000931.SZ,000931,20260420,20260420,10:52:30.000,105230000,79,5.05,5.19,5.19,4.95,5.2,5.72,4.68,14846963,7440.958,14517,5.04,147800,5.05,54700,5.03,42900,5.06,83900,5.02,201000,5.07,32700,5.01,233000,5.08,43000,5.0,368900,5.09,21000,4.99,161400,5.1,34300,4.98,232000,5.11,30500,4.97,199600,5.12,113200,4.96,547700,5.13,36700,4.95,404300,5.14,28500,3937900,2158300,15:40:45.399
000931.SZ,000931,20260420,20260420,10:52:36.000,105236000,79,5.05,5.19,5.19,4.95,5.2,5.72,4.68,14847963,7441.463,14519,5.04,147800,5.05,53700,5.03,42900,5.06,83900,5.02,201000,5.07,32700,5.01,233000,5.08,43000,5.0,366700,5.09,21000,4.99,161400,5.1,34300,4.98,232000,5.11,30500,4.97,199600,5.12,113200,4.96,547700,5.13,36700,4.95,404300,5.14,28500,3935700,2157300,15:40:45.680
000931.SZ,000931,20260420,20260420,10:52:39.000,105239000,79,5.05,5.19,5.19,4.95,5.2,5.72,4.68,14848263,7441.6145,14521,5.04,147800,5.05,53400,5.03,42900,5.06,83400,5.02,201000,5.07,32700,5.01,233000,5.08,43000,5.0,366200,5.09,21000,4.99,161400,5.1,34300,4.98,232000,5.11,30500,4.97,199600,5.12,113200,4.96,546700,5.13,36700,4.95,404300,5.14,28500,3934200,2156500,15:40:45.825
000931.SZ,000931,20260420,20260420,10:52:42.000,105242000,79,5.05,5.19,5.19,4.95,5.2,5.72,4.68,14849263,7442.1195,14522,5.04,147800,5.05,52400,5.03,42900,5.06,83400,5.02,201000,5.07,32700,5.01,233000,5.08,43000,5.0,366200,5.09,21000,4.99,161400,5.1,34300,4.98,232000,5.11,30500,4.97,199600,5.12,113200,4.96,546700,5.13,36700,4.95,404300,5.14,28500,3934200,2155500,15:40:46.051
000931.SZ,000931,20260420,20260420,10:52:45.000,105245000,79,5.05,5.19,5.19,4.95,5.2,5.72,4.68,14849263,7442.1195,14522,5.04,147800,5.05,52400,5.03,42900,5.06,83400,5.02,201000,5.07,32700,5.01,233000,5.08,43000,5.0,366200,5.09,21000,4.99,161400,5.1,34300,4.98,232000,5.11,30500,4.97,199600,5.12,113200,4.96,546700,5.13,36700,4.95,404300,5.14,28500,3934200,2156500,15:40:46.192
000931.SZ,000931,20260420,20260420,10:52:54.000,105254000,79,5.05,5.19,5.19,4.95,5.2,5.72,4.68,14850363,7442.675,14523,5.04,147800,5.05,60000,5.03,42900,5.06,83400,5.02,201000,5.07,32700,5.01,233000,5.08,43000,5.0,366200,5.09,21000,4.99,161400,5.1,34300,4.98,232000,5.11,30500,4.97,199600,5.12,113200,4.96,546700,5.13,36700,4.95,404300,5.14,28500,3934200,2164100,15:40:46.605
000931.SZ,000931,20260420,20260420,10:52:57.000,105257000,79,5.05,5.19,5.19,4.95,5.2,5.72,4.68,14850363,7442.675,14523,5.04,147800,5.05,60600,5.03,42900,5.06,83400,5.02,201800,5.07,32700,5.01,233000,5.08,43000,5.0,366200,5.09,21000,4.99,161400,5.1,34300,4.98,232000,5.11,30500,4.97,199600,5.12,113200,4.96,546700,5.13,36700,4.95,404300,5.14,28500,3935000,2164700,15:40:46.727
000931.SZ,000931,20260420,20260420,10:53:03.000,105303000,79,5.05,5.19,5.19,4.95,5.2,5.72,4.68,14850363,7442.675,14523,5.04,150900,5.05,60600,5.03,42900,5.06,83400,5.02,201800,5.07,32700,5.01,233000,5.08,43000,5.0,366200,5.09,21000,4.99,161400,5.1,34300,4.98,232000,5.11,30500,4.97,199600,5.12,113200,4.96,546700,5.13,36700,4.95,404300,5.14,28500,3938100,2164700,15:40:47.201
000931.SZ,000931,20260420,20260420,10:53:06.000,105306000,79,5.05,5.19,5.19,4.95,5.2,5.72,4.68,14850363,7442.675,14523,5.04,150900,5.05,61000,5.03,42900,5.06,83400,5.02,201800,5.07,32700,5.01,233000,5.08,43000,5.0,366200,5.09,21000,4.99,161400,5.1,34300,4.98,232000,5.11,30500,4.97,199600,5.12,113200,4.96,546700,5.13,36700,4.95,404300,5.14,28500,3938100,2165100,15:40:47.317
000931.SZ,000931,20260420,20260420,10:53:09.000,105309000,79,5.05,5.19,5.19,4.95,5.2,5.72,4.68,14850363,7442.675,14523,5.04,155200,5.05,61000,5.03,42900,5.06,83400,5.02,201800,5.07,32700,5.01,233000,5.08,43000,5.0,366200,5.09,21000,4.99,161400,5.1,34300,4.98,232000,5.11,30500,4.97,199600,5.12,113200,4.96,546700,5.13,36700,4.95,404300,5.14,28500,3942400,2165100,15:40:47.442
000931.SZ,000931,20260420,20260420,10:53:12.000,105312000,79,5.05,5.19,5.19,4.95,5.2,5.72,4.68,14850363,7442.675,14523,5.04,155200,5.05,61000,5.03,42900,5.06,83400,5.02,201800,5.07,32700,5.01,233000,5.08,43000,5.0,366200,5.09,21000,4.99,161400,5.1,34300,4.98,232000,5.11,30500,4.97,199600,5.12,113200,4.96,541700,5.13,36700,4.95,404300,5.14,28500,3937400,2165100,15:40:47.639
000931.SZ,000931,20260420,20260420,10:53:18.000,105318000,79,5.05,5.19,5.19,4.95,5.2,5.72,4.68,14850363,7442.675,14523,5.04,155300,5.05,61000,5.03,42900,5.06,83400,5.02,201800,5.07,32700,5.01,233000,5.08,43000,5.0,366200,5.09,21000,4.99,161400,5.1,34300,4.98,232000,5.11,30500,4.97,199600,5.12,113200,4.96,541700,5.13,36700,4.95,404300,5.14,28500,3937500,2165100,15:40:47.868
000931.SZ,000931,20260420,20260420,10:53:21.000,105321000,79,5.04,5.19,5.19,4.95,5.2,5.72,4.68,14850863,7442.927,14524,5.04,154800,5.05,65500,5.03,42900,5.06,83400,5.02,201800,5.07,32700,5.01,233000,5.08,43000,5.0,366200,5.09,21000,4.99,161400,5.1,34300,4.98,232000,5.11,30500,4.97,199600,5.12,113200,4.96,541700,5.13,36700,4.95,404300,5.14,28500,3937000,2169600,15:40:48.066
000931.SZ,000931,20260420,20260420,10:53:24.000,105324000,79,5.04,5.19,5.19,4.95,5.2,5.72,4.68,14850863,7442.927,14524,5.04,154800,5.05,65500,5.03,42900,5.06,83400,5.02,201800,5.07,32700,5.01,233000,5.08,43000,5.0,366200,5.09,21000,4.99,161400,5.1,34300,4.98,232000,5.11,30500,4.97,199600,5.12,113200,4.96,541700,5.13,36700,4.95,404300,5.14,28500,3937000,2170600,15:40:48.157
000931.SZ,000931,20260420,20260420,10:53:27.000,105327000,79,5.04,5.19,5.19,4.95,5.2,5.72,4.68,14852663,7443.8346,14539,5.04,153400,5.05,65100,5.03,42900,5.06,82500,5.02,201800,5.07,32700,5.01,233000,5.08,43000,5.0,366200,5.09,21000,4.99,161400,5.1,34300,4.98,232000,5.11,30500,4.97,199600,5.12,113200,4.96,541700,5.13,36700,4.95,404300,5.14,28500,3935600,2169300,15:40:48.379
000931.SZ,000931,20260420,20260420,10:53:30.000,105330000,79,5.05,5.19,5.19,4.95,5.2,5.72,4.68,14853963,7444.4902,14541,5.04,152500,5.05,64700,5.03,42900,5.06,82500,5.02,201800,5.07,32700,5.01,233000,5.08,43000,5.0,366200,5.09,21000,4.99,161400,5.1,34300,4.98,232000,5.11,30500,4.97,199600,5.12,113200,4.96,541700,5.13,36700,4.95,404300,5.14,28500,3934700,2168900,15:40:48.505
000931.SZ,000931,20260420,20260420,10:53:33.000,105333000,79,5.05,5.19,5.19,4.95,5.2,5.72,4.68,14853963,7444.4902,14541,5.04,152500,5.05,65100,5.03,42900,5.06,82500,5.02,201800,5.07,32700,5.01,233000,5.08,43000,5.0,366200,5.09,21000,4.99,161400,5.1,34300,4.98,232000,5.11,30500,4.97,199600,5.12,113200,4.96,541700,5.13,36700,4.95,404300,5.14,28500,3935700,2169300,15:40:48.661
000931.SZ,000931,20260420,20260420,10:53:36.000,105336000,79,5.05,5.19,5.19,4.95,5.2,5.72,4.68,14853963,7444.4902,14541,5.04,152500,5.05,62300,5.03,42900,5.06,82500,5.02,201800,5.07,32700,5.01,233000,5.08,43000,5.0,366200,5.09,21000,4.99,161400,5.1,34300,4.98,232000,5.11,30500,4.97,199600,5.12,113200,4.96,541700,5.13,36700,4.95,404300,5.14,28500,3935700,2166500,15:40:48.759
000931.SZ,000931,20260420,20260420,10:53:39.000,105339000,79,5.05,5.19,5.19,4.95,5.2,5.72,4.68,14853963,7444.4902,14541,5.04,152500,5.05,62700,5.03,42900,5.06,82500,5.02,201800,5.07,32700,5.01,233000,5.08,43000,5.0,366200,5.09,21000,4.99,161400,5.1,34300,4.98,232000,5.11,30500,4.97,199600,5.12,113200,4.96,541700,5.13,36700,4.95,404300,5.14,28500,3935700,2166900,15:40:48.956
000931.SZ,000931,20260420,20260420,10:53:42.000,105342000,79,5.05,5.19,5.19,4.95,5.2,5.72,4.68,14853963,7444.4902,14541,5.04,152500,5.05,62700,5.03,42900,5.06,82500,5.02,201800,5.07,32700,5.01,233000,5.08,43000,5.0,366200,5.09,21000,4.99,161600,5.1,34300,4.98,232000,5.11,30500,4.97,199600,5.12,113200,4.96,542200,5.13,36700,4.95,404300,5.14,28500,3936400,2166900,15:40:49.032
000931.SZ,000931,20260420,20260420,10:53:45.000,105345000,79,5.05,5.19,5.19,4.95,5.2,5.72,4.68,14853963,7444.4902,14541,5.04,152500,5.05,62700,5.03,42900,5.06,83200,5.02,201800,5.07,32700,5.01,233000,5.08,43000,5.0,366200,5.09,21000,4.99,161600,5.1,34300,4.98,232000,5.11,30500,4.97,199600,5.12,113200,4.96,542200,5.13,36700,4.95,404300,5.14,28500,3936400,2167600,15:40:49.271
000931.SZ,000931,20260420,20260420,10:53:48.000,105348000,79,5.05,5.19,5.19,4.95,5.2,5.72,4.68,14853963,7444.4902,14541,5.04,152500,5.05,63200,5.03,42900,5.06,83200,5.02,201800,5.07,32700,5.01,233000,5.08,46000,5.0,367200,5.09,21000,4.99,161600,5.1,34300,4.98,232000,5.11,30500,4.97,199600,5.12,113200,4.96,542200,5.13,36700,4.95,404300,5.14,28500,3937400,2171100,15:40:49.378
000931.SZ,000931,20260420,20260420,10:53:51.000,105351000,79,5.04,5.19,5.19,4.95,5.2,5.72,4.68,14886263,7460.7694,14562,5.04,120200,5.05,64300,5.03,42900,5.06,83200,5.02,201800,5.07,32700,5.01,233000,5.08,60100,5.0,367200,5.09,21000,4.99,161600,5.1,34300,4.98,232000,5.11,30500,4.97,199600,5.12,113200,4.96,542200,5.13,36700,4.95,404300,5.14,28500,3905100,2186300,15:40:49.526
000931.SZ,000931,20260420,20260420,10:53:54.000,105354000,79,5.04,5.19,5.19,4.95,5.2,5.72,4.68,14886763,7461.0214,14563,5.04,119600,5.05,69400,5.03,44600,5.06,83200,5.02,201800,5.07,32700,5.01,233000,5.08,60100,5.0,367200,5.09,21000,4.99,161600,5.1,34300,4.98,232000,5.11,30500,4.97,199600,5.12,113200,4.96,542200,5.13,36700,4.95,404300,5.14,28500,3906200,2191400,15:40:49.770
000931.SZ,000931,20260420,20260420,10:53:57.000,105357000,79,5.04,5.19,5.19,4.95,5.2,5.72,4.68,14886763,7461.0214,14563,5.04,119600,5.05,69400,5.03,44600,5.06,85700,5.02,201800,5.07,32700,5.01,233000,5.08,60100,5.0,367200,5.09,21000,4.99,161600,5.1,34300,4.98,231000,5.11,30500,4.97,199600,5.12,113200,4.96,542200,5.13,36700,4.95,404300,5.14,28500,3905200,2193900,15:40:49.904
000931.SZ,000931,20260420,20260420,10:54:00.000,105400000,79,5.04,5.19,5.19,4.95,5.2,5.72,4.68,14886763,7461.0214,14563,5.04,123600,5.05,70700,5.03,44600,5.06,85700,5.02,201800,5.07,32700,5.01,233000,5.08,60100,5.0,367200,5.09,21000,4.99,161600,5.1,34300,4.98,231000,5.11,30500,4.97,199600,5.12,113200,4.96,542200,5.13,36700,4.95,404300,5.14,28500,3909200,2195200,15:40:50.097
000931.SZ,000931,20260420,20260420,10:54:03.000,105403000,79,5.04,5.19,5.19,4.95,5.2,5.72,4.68,14886763,7461.0214,14563,5.04,127600,5.05,70700,5.03,44600,5.06,83700,5.02,201800,5.07,32700,5.01,233000,5.08,60100,5.0,367200,5.09,21000,4.99,161600,5.1,34300,4.98,231000,5.11,30500,4.97,199600,5.12,113200,4.96,540800,5.13,36700,4.95,404300,5.14,28500,3911800,2193200,15:40:50.379
000931.SZ,000931,20260420,20260420,10:54:09.000,105409000,79,5.04,5.19,5.19,4.95,5.2,5.72,4.68,14886763,7461.0214,14563,5.04,127600,5.05,70700,5.03,44600,5.06,82100,5.02,201800,5.07,32700,5.01,233000,5.08,60100,5.0,367200,5.09,21000,4.99,161600,5.1,34300,4.98,231000,5.11,30500,4.97,199600,5.12,113200,4.96,540800,5.13,36700,4.95,404300,5.14,28500,3911800,2191600,15:40:50.642
000931.SZ,000931,20260420,20260420,10:54:12.000,105412000,79,5.04,5.19,5.19,4.95,5.2,5.72,4.68,14886763,7461.0214,14563,5.04,127600,5.05,72400,5.03,44600,5.06,81400,5.02,201800,5.07,32700,5.01,233000,5.08,60100,5.0,367200,5.09,21000,4.99,161600,5.1,34300,4.98,231000,5.11,30500,4.97,199600,5.12,113200,4.96,540800,5.13,36700,4.95,404300,5.14,28500,3911800,2192600,15:40:50.897
000931.SZ,000931,20260420,20260420,10:54:15.000,105415000,79,5.04,5.19,5.19,4.95,5.2,5.72,4.68,14886763,7461.0214,14563,5.04,127600,5.05,72400,5.03,44600,5.06,81300,5.02,201800,5.07,32700,5.01,233000,5.08,60100,5.0,367200,5.09,21000,4.99,161600,5.1,34300,4.98,231000,5.11,30500,4.97,199600,5.12,113200,4.96,540800,5.13,36700,4.95,404300,5.14,28500,3911800,2192500,15:40:50.981
000931.SZ,000931,20260420,20260420,10:54:18.000,105418000,79,5.04,5.19,5.19,4.95,5.2,5.72,4.68,14886763,7461.0214,14563,5.04,135600,5.05,72400,5.03,44600,5.06,81300,5.02,201800,5.07,32700,5.01,233000,5.08,60100,5.0,367200,5.09,21000,4.99,161600,5.1,34300,4.98,231000,5.11,30500,4.97,199600,5.12,113200,4.96,540800,5.13,36700,4.95,404300,5.14,28500,3919800,2192500,15:40:51.095
000931.SZ,000931,20260420,20260420,10:54:21.000,105421000,79,5.04,5.19,5.19,4.95,5.2,5.72,4.68,14886763,7461.0214,14563,5.04,137100,5.05,72400,5.03,44600,5.06,81300,5.02,201800,5.07,32700,5.01,233000,5.08,60100,5.0,367200,5.09,21000,4.99,161600,5.1,34300,4.98,231000,5.11,30500,4.97,199600,5.12,113200,4.96,540800,5.13,36700,4.95,404300,5.14,28500,3921300,2192500,15:40:51.326
000931.SZ,000931,20260420,20260420,10:54:24.000,105424000,79,5.04,5.19,5.19,4.95,5.2,5.72,4.68,14886763,7461.0214,14563,5.04,137100,5.05,76800,5.03,44600,5.06,81300,5.02,201800,5.07,32700,5.01,233000,5.08,60100,5.0,367200,5.09,21000,4.99,161600,5.1,34300,4.98,231000,5.11,30500,4.97,199600,5.12,113200,4.96,540800,5.13,36700,4.95,404300,5.14,28500,3921300,2196900,15:40:51.469
000931.SZ,000931,20260420,20260420,10:54:30.000,105430000,79,5.04,5.19,5.19,4.95,5.2,5.72,4.68,14886763,7461.0214,14563,5.04,137100,5.05,76800,5.03,44600,5.06,81300,5.02,202800,5.07,32700,5.01,233000,5.08,60100,5.0,367200,5.09,21000,4.99,161600,5.1,34300,4.98,231000,5.11,30500,4.97,199600,5.12,113200,4.96,540800,5.13,36700,4.95,404300,5.14,28500,3922300,2196900,15:40:51.723
000931.SZ,000931,20260420,20260420,10:54:33.000,105433000,79,5.04,5.19,5.19,4.95,5.2,5.72,4.68,14886763,7461.0214,14563,5.04,145100,5.05,77300,5.03,44600,5.06,81300,5.02,202800,5.07,32700,5.01,233000,5.08,60100,5.0,367200,5.09,21000,4.99,161600,5.1,34300,4.98,231000,5.11,30500,4.97,199600,5.12,113200,4.96,540800,5.13,36700,4.95,404300,5.14,28500,3931300,2197400,15:40:51.983
000931.SZ,000931,20260420,20260420,10:54:42.000,105442000,79,5.04,5.19,5.19,4.95,5.2,5.72,4.68,14886763,7461.0214,14563,5.04,145100,5.05,78000,5.03,44600,5.06,81300,5.02,202800,5.07,32700,5.01,233000,5.08,60100,5.0,367200,5.09,21000,4.99,161600,5.1,34300,4.98,231000,5.11,30500,4.97,199600,5.12,113200,4.96,540800,5.13,36700,4.95,404300,5.14,28500,3931300,2198100,15:40:52.401
000931.SZ,000931,20260420,20260420,10:54:48.000,105448000,79,5.04,5.19,5.19,4.95,5.2,5.72,4.68,14886763,7461.0214,14563,5.04,145100,5.05,78000,5.03,44600,5.06,81300,5.02,202800,5.07,32700,5.01,235000,5.08,60100,5.0,367200,5.09,21000,4.99,161600,5.1,34300,4.98,231000,5.11,30500,4.97,199600,5.12,113200,4.96,540800,5.13,36700,4.95,404300,5.14,28500,3933300,2198100,15:40:52.833
000931.SZ,000931,20260420,20260420,10:54:51.000,105451000,79,5.05,5.19,5.19,4.95,5.2,5.72,4.68,14891563,7463.4454,14564,5.04,145100,5.05,73700,5.03,44600,5.06,81300,5.02,202800,5.07,32700,5.01,235000,5.08,60100,5.0,367200,5.09,21000,4.99,161600,5.1,34300,4.98,231000,5.11,30500,4.97,199600,5.12,113200,4.96,540800,5.13,36700,4.95,404300,5.14,28500,3931300,2193800,15:40:52.940
000931.SZ,000931,20260420,20260420,10:54:54.000,105454000,79,5.05,5.19,5.19,4.95,5.2,5.72,4.68,14891563,7463.4454,14564,5.04,145100,5.05,78200,5.03,44600,5.06,81300,5.02,202800,5.07,32700,5.01,235000,5.08,60100,5.0,372200,5.09,21000,4.99,161600,5.1,34300,4.98,231000,5.11,30500,4.97,199600,5.12,113200,4.96,540800,5.13,36700,4.95,404300,5.14,28500,3936300,2198300,15:40:53.089
000931.SZ,000931,20260420,20260420,10:54:57.000,105457000,79,5.04,5.19,5.19,4.95,5.2,5.72,4.68,14892763,7464.0502,14566,5.04,143900,5.05,78200,5.03,44600,5.06,81300,5.02,202800,5.07,32700,5.01,235000,5.08,60100,5.0,372200,5.09,21000,4.99,160600,5.1,34300,4.98,231000,5.11,30500,4.97,199600,5.12,113200,4.96,540800,5.13,36700,4.95,404300,5.14,28500,3934100,2198300,15:40:53.262
000931.SZ,000931,20260420,20260420,10:55:00.000,105500000,79,5.04,5.19,5.19,4.95,5.2,5.72,4.68,14892763,7464.0502,14566,5.04,143900,5.05,78300,5.03,44600,5.06,81300,5.02,202800,5.07,32700,5.01,235000,5.08,60100,5.0,367200,5.09,21000,4.99,160600,5.1,34300,4.98,231000,5.11,30500,4.97,199600,5.12,113200,4.96,540800,5.13,36700,4.95,404300,5.14,28500,3929100,2198400,15:40:53.487
000931.SZ,000931,20260420,20260420,10:55:03.000,105503000,79,5.04,5.19,5.19,4.95,5.2,5.72,4.68,14893663,7464.5038,14568,5.04,143000,5.05,78300,5.03,44600,5.06,81300,5.02,202800,5.07,32700,5.01,235000,5.08,60100,5.0,367200,5.09,21000,4.99,160600,5.1,34300,4.98,231000,5.11,30500,4.97,199600,5.12,113200,4.96,540800,5.13,36700,4.95,404300,5.14,28500,3928200,2198400,15:40:53.717
000931.SZ,000931,20260420,20260420,10:55:06.000,105506000,79,5.04,5.19,5.19,4.95,5.2,5.72,4.68,14893663,7464.5038,14568,5.04,143000,5.05,78300,5.03,44600,5.06,81100,5.02,202800,5.07,32700,5.01,235000,5.08,60100,5.0,367200,5.09,21000,4.99,160600,5.1,34300,4.98,231000,5.11,30500,4.97,199600,5.12,113200,4.96,540800,5.13,36700,4.95,404300,5.14,28500,3928200,2202700,15:40:53.908
000931.SZ,000931,20260420,20260420,10:55:09.000,105509000,79,5.04,5.19,5.19,4.95,5.2,5.72,4.68,14893663,7464.5038,14568,5.04,144000,5.05,78300,5.03,44600,5.06,81100,5.02,202800,5.07,32700,5.01,235000,5.08,60100,5.0,367200,5.09,21000,4.99,160600,5.1,34300,4.98,231000,5.11,30500,4.97,199600,5.12,113200,4.96,540800,5.13,36700,4.95,404300,5.14,28500,3929200,2202700,15:40:54.026
000931.SZ,000931,20260420,20260420,10:55:15.000,105515000,79,5.04,5.19,5.19,4.95,5.2,5.72,4.68,14893663,7464.5038,14568,5.04,144000,5.05,80100,5.03,44600,5.06,81100,5.02,202800,5.07,32700,5.01,235000,5.08,60100,5.0,367200,5.09,21000,4.99,160600,5.1,34300,4.98,231000,5.11,30500,4.97,199600,5.12,113200,4.96,540800,5.13,36700,4.95,404300,5.14,28500,3929200,2204500,15:40:54.467
000931.SZ,000931,20260420,20260420,10:55:18.000,105518000,79,5.04,5.19,5.19,4.95,5.2,5.72,4.68,14893663,7464.5038,14568,5.04,144000,5.05,80100,5.03,44600,5.06,81100,5.02,202800,5.07,32700,5.01,235000,5.08,60100,5.0,367200,5.09,21000,4.99,160600,5.1,34300,4.98,231000,5.11,30500,4.97,199600,5.12,113200,4.96,540800,5.13,36700,4.95,404800,5.14,28500,3929700,2204500,15:40:54.606
000931.SZ,000931,20260420,20260420,10:55:21.000,105521000,79,5.04,5.19,5.19,4.95,5.2,5.72,4.68,14893663,7464.5038,14568,5.04,144000,5.05,84600,5.03,44600,5.06,81100,5.02,202800,5.07,32700,5.01,235000,5.08,60100,5.0,367200,5.09,21000,4.99,160600,5.1,34300,4.98,231000,5.11,30500,4.97,186800,5.12,113200,4.96,540800,5.13,36700,4.95,404800,5.14,28500,3916900,2209000,15:40:54.763
000931.SZ,000931,20260420,20260420,10:55:27.000,105527000,79,5.04,5.19,5.19,4.95,5.2,5.72,4.68,14893663,7464.5038,14568,5.04,144000,5.05,84600,5.03,44600,5.06,81800,5.02,202800,5.07,32700,5.01,235000,5.08,60100,5.0,367200,5.09,21000,4.99,160600,5.1,34300,4.98,261000,5.11,30500,4.97,186800,5.12,113200,4.96,540800,5.13,36700,4.95,404800,5.14,28500,3946900,2209700,15:40:54.958
000931.SZ,000931,20260420,20260420,10:55:33.000,105533000,79,5.04,5.19,5.19,4.95,5.2,5.72,4.68,14893663,7464.5038,14568,5.04,148100,5.05,84600,5.03,44600,5.06,81800,5.02,202800,5.07,32700,5.01,235000,5.08,60100,5.0,367200,5.09,21000,4.99,160600,5.1,34300,4.98,261000,5.11,30500,4.97,186800,5.12,113200,4.96,540800,5.13,36700,4.95,404800,5.14,28500,3951100,2209700,15:40:55.627
000931.SZ,000931,20260420,20260420,10:55:36.000,105536000,79,5.04,5.19,5.19,4.95,5.2,5.72,4.68,14893663,7464.5038,14568,5.04,148100,5.05,87600,5.03,44600,5.06,81800,5.02,202800,5.07,32700,5.01,235000,5.08,60100,5.0,367200,5.09,21000,4.99,160600,5.1,34300,4.98,261000,5.11,30500,4.97,186800,5.12,113200,4.96,540800,5.13,36700,4.95,404800,5.14,28500,3951100,2213500,15:40:55.923
000931.SZ,000931,20260420,20260420,10:55:39.000,105539000,79,5.05,5.19,5.19,4.95,5.2,5.72,4.68,14894163,7464.7563,14569,5.04,148100,5.05,95100,5.03,44600,5.06,81800,5.02,202800,5.07,32700,5.01,235000,5.08,60100,5.0,367200,5.09,21000,4.99,160600,5.1,34300,4.98,261000,5.11,30500,4.97,186800,5.12,113200,4.96,541300,5.13,36700,4.95,404800,5.14,28500,3951600,2221000,15:40:55.942
000931.SZ,000931,20260420,20260420,10:55:42.000,105542000,79,5.05,5.19,5.19,4.95,5.2,5.72,4.68,14894163,7464.7563,14569,5.04,148100,5.05,95100,5.03,44600,5.06,81800,5.02,202800,5.07,32700,5.01,235300,5.08,60100,5.0,367200,5.09,21000,4.99,160600,5.1,34300,4.98,261000,5.11,30500,4.97,186800,5.12,113200,4.96,541300,5.13,36700,4.95,404800,5.14,28500,3951900,2221000,15:40:55.958
000931.SZ,000931,20260420,20260420,10:55:51.000,105551000,79,5.05,5.19,5.19,4.95,5.2,5.72,4.68,14895263,7465.3118,14570,5.04,148100,5.05,94700,5.03,44600,5.06,81800,5.02,205800,5.07,32700,5.01,235300,5.08,60100,5.0,367200,5.09,21000,4.99,160600,5.1,34300,4.98,261000,5.11,30500,4.97,186800,5.12,113200,4.96,541300,5.13,36700,4.95,404800,5.14,28500,3954900,2220600,15:40:56.234
000931.SZ,000931,20260420,20260420,10:55:54.000,105554000,79,5.05,5.19,5.19,4.95,5.2,5.72,4.68,14895263,7465.3118,14570,5.04,148100,5.05,99500,5.03,44600,5.06,80400,5.02,205800,5.07,32700,5.01,235300,5.08,60100,5.0,367200,5.09,21000,4.99,160600,5.1,34300,4.98,261000,5.11,30500,4.97,186800,5.12,113200,4.96,541300,5.13,36700,4.95,404800,5.14,28500,3954900,2224000,15:40:56.452
000931.SZ,000931,20260420,20260420,10:55:57.000,105557000,79,5.05,5.19,5.19,4.95,5.2,5.72,4.68,14895363,7465.3623,14571,5.04,148100,5.05,99400,5.03,44600,5.06,80400,5.02,205800,5.07,32700,5.01,235300,5.08,60100,5.0,367200,5.09,21000,4.99,160600,5.1,34300,4.98,261000,5.11,30500,4.97,186800,5.12,113200,4.96,541300,5.13,36700,4.95,404800,5.14,28500,3954900,2223900,15:40:56.551
000931.SZ,000931,20260420,20260420,10:56:03.000,105603000,79,5.05,5.19,5.19,4.95,5.2,5.72,4.68,14895363,7465.3623,14571,5.04,148100,5.05,101600,5.03,44600,5.06,80400,5.02,181200,5.07,32700,5.01,235300,5.08,60100,5.0,367200,5.09,21000,4.99,160600,5.1,34300,4.98,261000,5.11,30500,4.97,186900,5.12,113200,4.96,541300,5.13,36700,4.95,404800,5.14,28500,3930400,2226100,15:40:57.031
000931.SZ,000931,20260420,20260420,10:56:06.000,105606000,79,5.05,5.19,5.19,4.95,5.2,5.72,4.68,14895363,7465.3623,14571,5.04,148100,5.05,103900,5.03,44600,5.06,80400,5.02,171200,5.07,32700,5.01,235300,5.08,60100,5.0,367200,5.09,21000,4.99,160600,5.1,34300,4.98,261000,5.11,30500,4.97,186900,5.12,113200,4.96,541300,5.13,36700,4.95,404800,5.14,28500,3920400,2228400,15:40:57.154
000931.SZ,000931,20260420,20260420,10:56:09.000,105609000,79,5.05,5.19,5.19,4.95,5.2,5.72,4.68,14895363,7465.3623,14571,5.04,148100,5.05,104100,5.03,44600,5.06,80400,5.02,171200,5.07,32700,5.01,235300,5.08,60100,5.0,367200,5.09,21000,4.99,160600,5.1,34300,4.98,261000,5.11,30500,4.97,186900,5.12,113200,4.96,541300,5.13,36700,4.95,404800,5.14,28500,3920400,2228600,15:40:57.264
000931.SZ,000931,20260420,20260420,10:56:18.000,105618000,79,5.05,5.19,5.19,4.95,5.2,5.72,4.68,14895363,7465.3623,14571,5.04,158100,5.05,104100,5.03,44600,5.06,80400,5.02,171200,5.07,32700,5.01,235300,5.08,60100,5.0,367200,5.09,21000,4.99,160600,5.1,39300,4.98,261000,5.11,30500,4.97,186900,5.12,113200,4.96,541300,5.13,36700,4.95,404800,5.14,28500,3930400,2233600,15:40:57.828
000931.SZ,000931,20260420,20260420,10:56:21.000,105621000,79,5.04,5.19,5.19,4.95,5.2,5.72,4.68,14896063,7465.7151,14572,5.04,159400,5.05,104700,5.03,44600,5.06,79100,5.02,171200,5.07,32700,5.01,235300,5.08,60100,5.0,367200,5.09,21000,4.99,160600,5.1,39300,4.98,261000,5.11,30500,4.97,186900,5.12,113200,4.96,546300,5.13,36700,4.95,404800,5.14,28500,3936700,2232900,15:40:58.011
000931.SZ,000931,20260420,20260420,10:56:24.000,105624000,79,5.04,5.19,5.19,4.95,5.2,5.72,4.68,14896063,7465.7151,14572,5.04,159400,5.05,109200,5.03,44600,5.06,79100,5.02,171200,5.07,32700,5.01,235300,5.08,46000,5.0,367200,5.09,21000,4.99,160600,5.1,39300,4.98,261000,5.11,30500,4.97,186900,5.12,113200,4.96,547300,5.13,36700,4.95,404800,5.14,28500,3937700,2223300,15:40:58.199
000931.SZ,000931,20260420,20260420,10:56:36.000,105636000,79,5.04,5.19,5.19,4.95,5.2,5.72,4.68,14899563,7467.4791,14574,5.04,155900,5.05,124800,5.03,52100,5.06,79100,5.02,171700,5.07,32700,5.01,235300,5.08,46000,5.0,367200,5.09,21000,4.99,160600,5.1,39300,4.98,261000,5.11,30500,4.97,186900,5.12,113200,4.96,547300,5.13,36700,4.95,404800,5.14,28500,3942200,2238900,15:40:58.859
000931.SZ,000931,20260420,20260420,10:56:39.000,105639000,79,5.04,5.19,5.19,4.95,5.2,5.72,4.68,14899563,7467.4791,14574,5.04,155900,5.05,124800,5.03,52100,5.06,79100,5.02,171700,5.07,32700,5.01,235300,5.08,46000,5.0,367200,5.09,21000,4.99,160600,5.1,39300,4.98,261000,5.11,30500,4.97,181900,5.12,113200,4.96,547300,5.13,36700,4.95,404300,5.14,28500,3936700,2238900,15:40:59.056
000931.SZ,000931,20260420,20260420,10:56:48.000,105648000,79,5.04,5.19,5.19,4.95,5.2,5.72,4.68,14899563,7467.4791,14574,5.04,157900,5.05,124800,5.03,52100,5.06,79100,5.02,171700,5.07,32700,5.01,235300,5.08,46000,5.0,367200,5.09,21000,4.99,160600,5.1,39300,4.98,261000,5.11,30500,4.97,181900,5.12,113200,4.96,547300,5.13,36700,4.95,404300,5.14,28500,3940700,2238900,15:40:59.512
000931.SZ,000931,20260420,20260420,10:56:51.000,105651000,79,5.04,5.19,5.19,4.95,5.2,5.72,4.68,14899563,7467.4791,14574,5.04,157900,5.05,124800,5.03,52100,5.06,79100,5.02,171700,5.07,32700,5.01,235300,5.08,46000,5.0,367200,5.09,21000,4.99,160600,5.1,39300,4.98,261000,5.11,30500,4.97,182200,5.12,113200,4.96,547300,5.13,36700,4.95,404300,5.14,28500,3929000,2239200,15:40:59.637
000931.SZ,000931,20260420,20260420,10:56:54.000,105654000,79,5.04,5.19,5.19,4.95,5.2,5.72,4.68,14899563,7467.4791,14574,5.04,157900,5.05,130000,5.03,52100,5.06,79100,5.02,171700,5.07,32700,5.01,235300,5.08,46000,5.0,367200,5.09,21000,4.99,160600,5.1,39300,4.98,261000,5.11,30500,4.97,182200,5.12,113200,4.96,547300,5.13,36700,4.95,404300,5.14,28500,3929000,2244400,15:40:59.839
000931.SZ,000931,20260420,20260420,10:57:00.000,105700000,79,5.04,5.19,5.19,4.95,5.2,5.72,4.68,14899563,7467.4791,14574,5.04,157900,5.05,129500,5.03,52100,5.06,79100,5.02,171700,5.07,32700,5.01,235300,5.08,46000,5.0,367200,5.09,21000,4.99,160600,5.1,39300,4.98,261000,5.11,30500,4.97,182200,5.12,113200,4.96,547300,5.13,36700,4.95,404300,5.14,28500,3929000,2243900,15:41:00.087
000931.SZ,000931,20260420,20260420,10:57:03.000,105703000,79,5.04,5.19,5.19,4.95,5.2,5.72,4.68,14900163,7467.7815,14575,5.04,157600,5.05,129500,5.03,52100,5.06,79100,5.02,171700,5.07,32700,5.01,235300,5.08,46000,5.0,367200,5.09,21000,4.99,160600,5.1,39300,4.98,261000,5.11,30500,4.97,182200,5.12,113200,4.96,547300,5.13,36700,4.95,404300,5.14,28500,3928700,2243900,15:41:00.384
000931.SZ,000931,20260420,20260420,10:57:06.000,105706000,79,5.04,5.19,5.19,4.95,5.2,5.72,4.68,14900163,7467.7815,14575,5.04,187600,5.05,127500,5.03,52100,5.06,79100,5.02,171700,5.07,32700,5.01,235300,5.08,46000,5.0,367200,5.09,21000,4.99,160600,5.1,39300,4.98,261000,5.11,30500,4.97,182200,5.12,113200,4.96,547300,5.13,36700,4.95,404300,5.14,28500,3988700,2248900,15:41:00.587
000931.SZ,000931,20260420,20260420,10:57:12.000,105712000,79,5.04,5.19,5.19,4.95,5.2,5.72,4.68,14900163,7467.7815,14575,5.04,187600,5.05,127500,5.03,52100,5.06,79100,5.02,171700,5.07,32200,5.01,235300,5.08,46000,5.0,367200,5.09,21000,4.99,160600,5.1,39300,4.98,261000,5.11,30500,4.97,182200,5.12,113200,4.96,547100,5.13,36700,4.95,404300,5.14,28500,3988500,2248400,15:41:00.956
000931.SZ,000931,20260420,20260420,10:57:15.000,105715000,79,5.05,5.19,5.19,4.95,5.2,5.72,4.68,14913163,7474.3465,14581,5.04,187600,5.05,114500,5.03,52100,5.06,79100,5.02,171700,5.07,32200,5.01,235300,5.08,46000,5.0,367200,5.09,21000,4.99,160600,5.1,39300,4.98,261000,5.11,30500,4.97,182200,5.12,113200,4.96,547100,5.13,36700,4.95,404300,5.14,28500,3988500,2235400,15:41:01.087
000931.SZ,000931,20260420,20260420,10:57:18.000,105718000,79,5.04,5.19,5.19,4.95,5.2,5.72,4.68,14913663,7474.5985,14582,5.04,187100,5.05,117900,5.03,52100,5.06,79100,5.02,171700,5.07,33400,5.01,235300,5.08,46000,5.0,367200,5.09,21000,4.99,160600,5.1,39300,4.98,261000,5.11,30500,4.97,182200,5.12,113200,4.96,545400,5.13,36700,4.95,404300,5.14,28500,3986300,2240000,15:41:01.225
000931.SZ,000931,20260420,20260420,10:57:21.000,105721000,79,5.04,5.19,5.19,4.95,5.2,5.72,4.68,14913663,7474.5985,14582,5.04,188100,5.05,119900,5.03,52100,5.06,79100,5.02,171700,5.07,33400,5.01,235300,5.08,46000,5.0,367200,5.09,21000,4.99,160600,5.1,39300,4.98,261000,5.11,30500,4.97,182200,5.12,113200,4.96,545400,5.13,36700,4.95,404300,5.14,28500,3987300,2242000,15:41:01.245
000931.SZ,000931,20260420,20260420,10:57:24.000,105724000,79,5.05,5.19,5.19,4.95,5.2,5.72,4.68,14913763,7474.649,14583,5.04,190100,5.05,124300,5.03,52100,5.06,79100,5.02,171700,5.07,33400,5.01,235300,5.08,46000,5.0,367200,5.09,21000,4.99,160600,5.1,39300,4.98,261000,5.11,30500,4.97,182200,5.12,113200,4.96,545400,5.13,36700,4.95,404300,5.14,28500,3989300,2246400,15:41:01.289
000931.SZ,000931,20260420,20260420,10:57:27.000,105727000,79,5.04,5.19,5.19,4.95,5.2,5.72,4.68,14914263,7474.901,14584,5.04,198600,5.05,124300,5.03,52100,5.06,79100,5.02,171700,5.07,33400,5.01,235300,5.08,46000,5.0,367200,5.09,21000,4.99,160600,5.1,39300,4.98,261000,5.11,30500,4.97,182200,5.12,113200,4.96,545400,5.13,36700,4.95,404300,5.14,28500,3997800,2246400,15:41:01.308
000931.SZ,000931,20260420,20260420,10:57:30.000,105730000,79,5.04,5.19,5.19,4.95,5.2,5.72,4.68,14914263,7474.901,14584,5.04,198600,5.05,124300,5.03,52100,5.06,79100,5.02,171700,5.07,33400,5.01,235300,5.08,46000,5.0,367200,5.09,21000,4.99,160600,5.1,39300,4.98,261000,5.11,30500,4.97,182200,5.12,113200,4.96,545400,5.13,36700,4.95,401800,5.14,28500,3995300,2246400,15:41:01.346
000931.SZ,000931,20260420,20260420,10:57:33.000,105733000,79,5.04,5.19,5.19,4.95,5.2,5.72,4.68,14914263,7474.901,14584,5.04,196600,5.05,124300,5.03,52100,5.06,79100,5.02,173400,5.07,33400,5.01,235300,5.08,46000,5.0,367200,5.09,21000,4.99,160600,5.1,39300,4.98,261000,5.11,30500,4.97,182200,5.12,113200,4.96,545400,5.13,36700,4.95,401800,5.14,28500,3995000,2246400,15:41:01.368
000931.SZ,000931,20260420,20260420,10:57:39.000,105739000,79,5.05,5.19,5.19,4.95,5.2,5.72,4.68,14934263,7485.001,14608,5.04,186600,5.05,104300,5.03,52100,5.06,79100,5.02,173400,5.07,33400,5.01,235300,5.08,46000,5.0,367200,5.09,21000,4.99,160600,5.1,39300,4.98,261000,5.11,30500,4.97,182200,5.12,113200,4.96,546400,5.13,36700,4.95,401800,5.14,28500,3986000,2226400,15:41:01.621
000931.SZ,000931,20260420,20260420,10:57:42.000,105742000,79,5.05,5.19,5.19,4.95,5.2,5.72,4.68,14934863,7485.304,14610,5.04,190600,5.05,102900,5.03,52100,5.06,79100,5.02,173400,5.07,33400,5.01,235300,5.08,46000,5.0,367200,5.09,21000,4.99,160600,5.1,39300,4.98,261000,5.11,30500,4.97,182200,5.12,113200,4.96,546400,5.13,36700,4.95,401800,5.14,28500,3990000,2225000,15:41:01.686
000931.SZ,000931,20260420,20260420,10:57:45.000,105745000,79,5.05,5.19,5.19,4.95,5.2,5.72,4.68,14935063,7485.405,14611,5.04,194600,5.05,102700,5.03,52100,5.06,79100,5.02,173400,5.07,33400,5.01,235300,5.08,46000,5.0,367200,5.09,21000,4.99,160600,5.1,39300,4.98,261000,5.11,30500,4.97,182200,5.12,113200,4.96,546400,5.13,36700,4.95,401800,5.14,28500,3994000,2224800,15:41:01.709
000931.SZ,000931,20260420,20260420,10:57:48.000,105748000,79,5.05,5.19,5.19,4.95,5.2,5.72,4.68,14935063,7485.405,14611,5.04,194600,5.05,103700,5.03,62100,5.06,79100,5.02,173400,5.07,33400,5.01,235300,5.08,46000,5.0,367200,5.09,21000,4.99,160600,5.1,39300,4.98,261000,5.11,30500,4.97,182200,5.12,113200,4.96,546400,5.13,36700,4.95,401800,5.14,28500,4004000,2225800,15:41:01.755
000931.SZ,000931,20260420,20260420,10:57:51.000,105751000,79,5.04,5.19,5.19,4.95,5.2,5.72,4.68,14937863,7486.8173,14624,5.04,192900,5.05,103400,5.03,62100,5.06,79100,5.02,173400,5.07,33400,5.01,235300,5.08,46000,5.0,367200,5.09,21000,4.99,160600,5.1,39300,4.98,261000,5.11,30500,4.97,182200,5.12,113200,4.96,546400,5.13,36700,4.95,401800,5.14,28500,4002300,2225500,15:41:01.771
000931.SZ,000931,20260420,20260420,10:57:54.000,105754000,79,5.04,5.19,5.19,4.95,5.2,5.72,4.68,14937863,7486.8173,14624,5.04,192900,5.05,107900,5.03,62100,5.06,79100,5.02,173400,5.07,33400,5.01,235300,5.08,46000,5.0,367200,5.09,21000,4.99,160600,5.1,39300,4.98,261000,5.11,30500,4.97,182200,5.12,113200,4.96,546400,5.13,36700,4.95,401800,5.14,28500,4002300,2230000,15:41:01.788
000931.SZ,000931,20260420,20260420,10:57:57.000,105757000,79,5.04,5.19,5.19,4.95,5.2,5.72,4.68,14937863,7486.8173,14624,5.04,192900,5.05,108500,5.03,62100,5.06,79100,5.02,173400,5.07,33400,5.01,235300,5.08,46000,5.0,367200,5.09,21000,4.99,160600,5.1,39300,4.98,261000,5.11,30500,4.97,182200,5.12,113200,4.96,546400,5.13,36700,4.95,401800,5.14,28500,4002300,2230600,15:41:01.810
000931.SZ,000931,20260420,20260420,10:58:00.000,105800000,79,5.04,5.19,5.19,4.95,5.2,5.72,4.68,14937863,7486.8173,14624,5.04,192900,5.05,108600,5.03,62100,5.06,79100,5.02,173400,5.07,33400,5.01,235300,5.08,46000,5.0,367200,5.09,21000,4.99,160600,5.1,39300,4.98,261000,5.11,30500,4.97,182200,5.12,113200,4.96,546400,5.13,36700,4.95,401800,5.14,28500,4002300,2230700,15:41:01.872
000931.SZ,000931,20260420,20260420,10:58:03.000,105803000,79,5.04,5.19,5.19,4.95,5.2,5.72,4.68,14937863,7486.8173,14624,5.04,192900,5.05,108600,5.03,62100,5.06,79100,5.02,173400,5.07,33400,5.01,235300,5.08,46000,5.0,367200,5.09,21000,4.99,160600,5.1,39300,4.98,261000,5.11,30500,4.97,182200,5.12,113200,4.96,546400,5.13,36700,4.95,401800,5.14,28500,4000300,2230700,15:41:02.118
000931.SZ,000931,20260420,20260420,10:58:06.000,105806000,79,5.04,5.19,5.19,4.95,5.2,5.72,4.68,14937863,7486.8173,14624,5.04,195100,5.05,108600,5.03,62100,5.06,79100,5.02,173400,5.07,33400,5.01,235300,5.08,46000,5.0,357200,5.09,21000,4.99,160600,5.1,39300,4.98,261100,5.11,30500,4.97,182200,5.12,113200,4.96,546400,5.13,36700,4.95,401800,5.14,28500,3992600,2230700,15:41:02.247
000931.SZ,000931,20260420,20260420,10:58:09.000,105809000,79,5.04,5.19,5.19,4.95,5.2,5.72,4.68,14937863,7486.8173,14624,5.04,190800,5.05,108600,5.03,62100,5.06,79100,5.02,173400,5.07,33400,5.01,235300,5.08,46000,5.0,357200,5.09,21000,4.99,160600,5.1,39300,4.98,261100,5.11,30500,4.97,182200,5.12,113200,4.96,546400,5.13,36700,4.95,401800,5.14,28500,3988300,2230700,15:41:02.510
000931.SZ,000931,20260420,20260420,10:58:15.000,105815000,79,5.04,5.19,5.19,4.95,5.2,5.72,4.68,14937863,7486.8173,14624,5.04,190800,5.05,109300,5.03,54600,5.06,79100,5.02,173400,5.07,33400,5.01,235300,5.08,46000,5.0,357200,5.09,21000,4.99,160600,5.1,39300,4.98,261100,5.11,30500,4.97,182200,5.12,113200,4.96,546400,5.13,36700,4.95,401800,5.14,28500,3980800,2231400,15:41:02.794
000931.SZ,000931,20260420,20260420,10:58:21.000,105821000,79,5.04,5.19,5.19,4.95,5.2,5.72,4.68,14937863,7486.8173,14624,5.04,190800,5.05,113700,5.03,54600,5.06,79100,5.02,173400,5.07,33400,5.01,235300,5.08,46000,5.0,357200,5.09,21000,4.99,160600,5.1,39300,4.98,261100,5.11,30500,4.97,182200,5.12,113200,4.96,546400,5.13,36700,4.95,401800,5.14,28500,3980800,2235800,15:41:03.089
000931.SZ,000931,20260420,20260420,10:58:30.000,105830000,79,5.04,5.19,5.19,4.95,5.2,5.72,4.68,14938563,7487.1701,14625,5.04,200600,5.05,113000,5.03,54600,5.06,79100,5.02,173400,5.07,33400,5.01,235300,5.08,46000,5.0,357200,5.09,21000,4.99,160600,5.1,39300,4.98,261100,5.11,30500,4.97,182200,5.12,113200,4.96,546400,5.13,36700,4.95,401800,5.14,28500,3990600,2235100,15:41:03.505
000931.SZ,000931,20260420,20260420,10:58:33.000,105833000,79,5.04,5.19,5.19,4.95,5.2,5.72,4.68,14938563,7487.1701,14625,5.04,208100,5.05,117900,5.03,54600,5.06,79100,5.02,173400,5.07,33400,5.01,235300,5.08,46000,5.0,357200,5.09,21000,4.99,160600,5.1,39300,4.98,261100,5.11,30500,4.97,182200,5.12,113200,4.96,546400,5.13,36700,4.95,401800,5.14,28500,3998100,2240000,15:41:03.634
000931.SZ,000931,20260420,20260420,10:58:36.000,105836000,79,5.05,5.19,5.19,4.95,5.2,5.72,4.68,14940263,7488.0286,14626,5.04,178100,5.05,116400,5.03,54600,5.06,79100,5.02,173400,5.07,33400,5.01,235300,5.08,46000,5.0,357200,5.09,21000,4.99,160600,5.1,39300,4.98,261100,5.11,30500,4.97,182200,5.12,113200,4.96,546400,5.13,36700,4.95,401800,5.14,28500,3968100,2238500,15:41:03.789
000931.SZ,000931,20260420,20260420,10:58:39.000,105839000,79,5.05,5.19,5.19,4.95,5.2,5.72,4.68,14940263,7488.0286,14626,5.04,178100,5.05,116600,5.03,54600,5.06,79100,5.02,173400,5.07,33400,5.01,235300,5.08,46000,5.0,344000,5.09,21000,4.99,160600,5.1,39300,4.98,261100,5.11,30500,4.97,182200,5.12,113200,4.96,546400,5.13,36700,4.95,401800,5.14,28500,3954900,2238700,15:41:04.012
000931.SZ,000931,20260420,20260420,10:58:45.000,105845000,79,5.05,5.19,5.19,4.95,5.2,5.72,4.68,14940263,7488.0286,14626,5.04,178100,5.05,116600,5.03,54600,5.06,79100,5.02,173400,5.07,33400,5.01,235300,5.08,46000,5.0,332400,5.09,21000,4.99,160600,5.1,39300,4.98,261100,5.11,30500,4.97,182200,5.12,113200,4.96,546400,5.13,36700,4.95,401800,5.14,28500,3943300,2238700,15:41:04.333
000931.SZ,000931,20260420,20260420,10:58:48.000,105848000,79,5.05,5.19,5.19,4.95,5.2,5.72,4.68,14940263,7488.0286,14626,5.04,179700,5.05,116100,5.03,54600,5.06,79100,5.02,173400,5.07,33400,5.01,235300,5.08,46000,5.0,332400,5.09,21000,4.99,160600,5.1,39300,4.98,261100,5.11,30500,4.97,182200,5.12,113200,4.96,546400,5.13,36700,4.95,401800,5.14,28500,3944900,2238200,15:41:04.457
000931.SZ,000931,20260420,20260420,10:58:51.000,105851000,79,5.05,5.19,5.19,4.95,5.2,5.72,4.68,14940263,7488.0286,14626,5.04,191200,5.05,116100,5.03,54600,5.06,79100,5.02,173400,5.07,33400,5.01,235300,5.08,46000,5.0,332400,5.09,21000,4.99,160600,5.1,39300,4.98,261100,5.11,30500,4.97,182200,5.12,113200,4.96,546400,5.13,36700,4.95,401800,5.14,28500,3956400,2238200,15:41:04.633
000931.SZ,000931,20260420,20260420,10:58:54.000,105854000,79,5.05,5.19,5.19,4.95,5.2,5.72,4.68,14940263,7488.0286,14626,5.04,191200,5.05,120600,5.03,54600,5.06,79100,5.02,173400,5.07,33400,5.01,235300,5.08,46000,5.0,332400,5.09,21000,4.99,160600,5.1,39300,4.98,261100,5.11,30500,4.97,182200,5.12,113200,4.96,546400,5.13,36700,4.95,401800,5.14,28500,3956400,2242700,15:41:04.765
000931.SZ,000931,20260420,20260420,10:59:06.000,105906000,79,5.05,5.19,5.19,4.95,5.2,5.72,4.68,14940263,7488.0286,14626,5.04,191200,5.05,120900,5.03,54600,5.06,79100,5.02,173400,5.07,33400,5.01,235500,5.08,46000,5.0,332400,5.09,21000,4.99,160600,5.1,39300,4.98,261100,5.11,30500,4.97,182200,5.12,113200,4.96,546400,5.13,36700,4.95,401800,5.14,28500,3956600,2243000,15:41:05.567
000931.SZ,000931,20260420,20260420,10:59:12.000,105912000,79,5.05,5.19,5.19,4.95,5.2,5.72,4.68,14940763,7488.281,14630,5.04,195100,5.05,121900,5.03,54600,5.06,79100,5.02,173400,5.07,33400,5.01,235500,5.08,46000,5.0,332400,5.09,21000,4.99,160600,5.1,39300,4.98,261100,5.11,30500,4.97,182200,5.12,113200,4.96,546400,5.13,36700,4.95,401800,5.14,28500,3960500,2244000,15:41:06.008
000931.SZ,000931,20260420,20260420,10:59:15.000,105915000,79,5.05,5.19,5.19,4.95,5.2,5.72,4.68,14940763,7488.281,14630,5.04,195100,5.05,122000,5.03,54600,5.06,79100,5.02,173400,5.07,33400,5.01,235500,5.08,46000,5.0,332400,5.09,21000,4.99,160600,5.1,39300,4.98,261100,5.11,30500,4.97,182200,5.12,113200,4.96,546400,5.13,36700,4.95,401800,5.14,28500,3960500,2244100,15:41:06.176
000931.SZ,000931,20260420,20260420,10:59:18.000,105918000,79,5.05,5.19,5.19,4.95,5.2,5.72,4.68,14940863,7488.3315,14631,5.04,195100,5.05,121900,5.03,54600,5.06,79100,5.02,173400,5.07,33400,5.01,235500,5.08,46000,5.0,332400,5.09,21000,4.99,160600,5.1,39300,4.98,261100,5.11,30500,4.97,182200,5.12,113200,4.96,546400,5.13,36700,4.95,401800,5.14,28500,3960500,2244000,15:41:06.282
000931.SZ,000931,20260420,20260420,10:59:21.000,105921000,79,5.04,5.19,5.19,4.95,5.2,5.72,4.68,14941863,7488.8358,14634,5.04,198000,5.05,121600,5.03,54600,5.06,79100,5.02,173400,5.07,33400,5.01,235500,5.08,46000,5.0,332400,5.09,21000,4.99,160600,5.1,39300,4.98,261100,5.11,30500,4.97,182200,5.12,113200,4.96,546400,5.13,36700,4.95,401800,5.14,28500,3963400,2243700,15:41:06.567
000931.SZ,000931,20260420,20260420,10:59:24.000,105924000,79,5.04,5.19,5.19,4.95,5.2,5.72,4.68,14941863,7488.8358,14634,5.04,198000,5.05,126100,5.03,54600,5.06,79100,5.02,173400,5.07,33400,5.01,235500,5.08,46000,5.0,332400,5.09,21000,4.99,160600,5.1,39300,4.98,261100,5.11,30500,4.97,182200,5.12,113200,4.96,546400,5.13,36700,4.95,401800,5.14,28500,3963400,2248200,15:41:06.677
000931.SZ,000931,20260420,20260420,10:59:27.000,105927000,79,5.04,5.19,5.19,4.95,5.2,5.72,4.68,14941863,7488.8358,14634,5.04,198000,5.05,126100,5.03,54600,5.06,79100,5.02,173400,5.07,33400,5.01,235500,5.08,46000,5.0,332400,5.09,21000,4.99,160600,5.1,39300,4.98,261100,5.11,30500,4.97,182200,5.12,113200,4.96,546400,5.13,36700,4.95,401800,5.14,28500,3963400,2249700,15:41:06.945
000931.SZ,000931,20260420,20260420,10:59:30.000,105930000,79,5.04,5.19,5.19,4.95,5.2,5.72,4.68,14941863,7488.8358,14634,5.04,201600,5.05,126100,5.03,54600,5.06,79100,5.02,173400,5.07,33400,5.01,235500,5.08,46000,5.0,332400,5.09,21000,4.99,160600,5.1,39300,4.98,261100,5.11,30500,4.97,182200,5.12,113200,4.96,546400,5.13,36700,4.95,401800,5.14,28500,3967000,2249700,15:41:07.066
000931.SZ,000931,20260420,20260420,10:59:33.000,105933000,79,5.04,5.19,5.19,4.95,5.2,5.72,4.68,14941863,7488.8358,14634,5.04,201500,5.05,126700,5.03,54600,5.06,79100,5.02,173400,5.07,33400,5.01,235500,5.08,46000,5.0,332400,5.09,21000,4.99,160600,5.1,39300,4.98,261100,5.11,30500,4.97,182200,5.12,113200,4.96,546400,5.13,36700,4.95,401800,5.14,28500,3966900,2250300,15:41:07.195
000931.SZ,000931,20260420,20260420,10:59:36.000,105936000,79,5.05,5.19,5.19,4.95,5.2,5.72,4.68,14942263,7489.0376,14637,5.04,201300,5.05,126600,5.03,54600,5.06,79100,5.02,173400,5.07,33400,5.01,235500,5.08,46000,5.0,332400,5.09,21000,4.99,160600,5.1,39300,4.98,261100,5.11,30500,4.97,182200,5.12,113200,4.96,546400,5.13,36700,4.95,401800,5.14,28500,3966700,2250200,15:41:07.469
000931.SZ,000931,20260420,20260420,10:59:39.000,105939000,79,5.05,5.19,5.19,4.95,5.2,5.72,4.68,14943763,7489.795,14641,5.04,201200,5.05,125200,5.03,54600,5.06,79100,5.02,173400,5.07,33400,5.01,235500,5.08,46000,5.0,332400,5.09,21000,4.99,160600,5.1,39300,4.98,260900,5.11,30500,4.97,182200,5.12,113200,4.96,546400,5.13,36700,4.95,401800,5.14,28500,3966400,2248800,15:41:07.654
000931.SZ,000931,20260420,20260420,10:59:42.000,105942000,79,5.05,5.19,5.19,4.95,5.2,5.72,4.68,14943763,7489.795,14641,5.04,201200,5.05,125200,5.03,54600,5.06,77300,5.02,173400,5.07,33400,5.01,235500,5.08,46000,5.0,332400,5.09,21000,4.99,160600,5.1,39300,4.98,260900,5.11,30500,4.97,182200,5.12,113200,4.96,546400,5.13,36700,4.95,401800,5.14,28500,3966400,2247000,15:41:07.791
000931.SZ,000931,20260420,20260420,10:59:45.000,105945000,79,5.05,5.19,5.19,4.95,5.2,5.72,4.68,14943763,7489.795,14641,5.04,202800,5.05,125200,5.03,54600,5.06,77300,5.02,173400,5.07,33400,5.01,235500,5.08,46000,5.0,332400,5.09,21000,4.99,160600,5.1,39300,4.98,260900,5.11,30500,4.97,182200,5.12,113200,4.96,546400,5.13,36700,4.95,401800,5.14,28500,3968000,2247000,15:41:08.048
000931.SZ,000931,20260420,20260420,10:59:48.000,105948000,79,5.05,5.19,5.19,4.95,5.2,5.72,4.68,14952763,7494.34,14652,5.04,202800,5.05,116200,5.03,54600,5.06,77300,5.02,173400,5.07,33400,5.01,235500,5.08,46000,5.0,332400,5.09,21000,4.99,160600,5.1,39300,4.98,260900,5.11,30500,4.97,182200,5.12,113200,4.96,546400,5.13,36700,4.95,401800,5.14,28500,3968000,2238000,15:41:08.210
000931.SZ,000931,20260420,20260420,10:59:51.000,105951000,79,5.04,5.19,5.19,4.95,5.2,5.72,4.68,14954063,7494.9964,14655,5.04,202700,5.05,115300,5.03,54600,5.06,77300,5.02,173400,5.07,33400,5.01,235500,5.08,46000,5.0,332400,5.09,21000,4.99,160600,5.1,39300,4.98,260900,5.11,30500,4.97,182200,5.12,113200,4.96,546400,5.13,36700,4.95,401800,5.14,28500,3967900,2237100,15:41:08.343
000931.SZ,000931,20260420,20260420,10:59:54.000,105954000,79,5.04,5.19,5.19,4.95,5.2,5.72,4.68,14954363,7495.1476,14656,5.04,202400,5.05,119700,5.03,54600,5.06,77300,5.02,173400,5.07,33400,5.01,235500,5.08,46000,5.0,332400,5.09,21000,4.99,160600,5.1,39300,4.98,260900,5.11,30500,4.97,182200,5.12,113200,4.96,546400,5.13,36700,4.95,401800,5.14,28500,3967600,2241500,15:41:08.515
000931.SZ,000931,20260420,20260420,11:00:06.000,110006000,79,5.04,5.19,5.19,4.95,5.2,5.72,4.68,14954363,7495.1476,14656,5.04,202900,5.05,119700,5.03,54600,5.06,77300,5.02,173400,5.07,33400,5.01,235500,5.08,46000,5.0,332400,5.09,21000,4.99,160600,5.1,39300,4.98,260900,5.11,30500,4.97,182200,5.12,113200,4.96,546400,5.13,36700,4.95,401800,5.14,28500,3968100,2241500,15:41:09.355
000931.SZ,000931,20260420,20260420,11:00:09.000,110009000,79,5.04,5.19,5.19,4.95,5.2,5.72,4.68,14954363,7495.1476,14656,5.04,202900,5.05,119700,5.03,54600,5.06,77300,5.02,173400,5.07,33400,5.01,235500,5.08,46000,5.0,332400,5.09,21000,4.99,160600,5.1,39300,4.98,260900,5.11,30500,4.97,182200,5.12,113200,4.96,548400,5.13,36700,4.95,401800,5.14,28500,3970100,2241500,15:41:09.535
000931.SZ,000931,20260420,20260420,11:00:12.000,110012000,79,5.04,5.19,5.19,4.95,5.2,5.72,4.68,14954363,7495.1476,14656,5.04,202900,5.05,119800,5.03,54600,5.06,77300,5.02,173400,5.07,33400,5.01,235500,5.08,46000,5.0,332400,5.09,21000,4.99,160600,5.1,39300,4.98,260900,5.11,30500,4.97,182200,5.12,113200,4.96,548400,5.13,36700,4.95,401800,5.14,28500,3970100,2241600,15:41:09.699
000931.SZ,000931,20260420,20260420,11:00:15.000,110015000,79,5.04,5.19,5.19,4.95,5.2,5.72,4.68,14955963,7495.954,14657,5.04,201300,5.05,119800,5.03,54600,5.06,77300,5.02,173400,5.07,33400,5.01,235500,5.08,46000,5.0,332400,5.09,21000,4.99,160600,5.1,39300,4.98,260900,5.11,30500,4.97,182200,5.12,113200,4.96,538400,5.13,36700,4.95,401800,5.14,28500,3958500,2241600,15:41:09.849
000931.SZ,000931,20260420,20260420,11:00:21.000,110021000,79,5.05,5.19,5.19,4.95,5.2,5.72,4.68,14963663,7499.8425,14665,5.04,204700,5.05,112100,5.03,54600,5.06,77300,5.02,173400,5.07,33400,5.01,235500,5.08,46000,5.0,332400,5.09,21000,4.99,160600,5.1,39300,4.98,260900,5.11,30500,4.97,182200,5.12,113200,4.96,538400,5.13,36700,4.95,401800,5.14,28500,3961900,2233900,15:41:10.213
000931.SZ,000931,20260420,20260420,11:00:24.000,110024000,79,5.05,5.19,5.19,4.95,5.2,5.72,4.68,14970863,7503.4785,14676,5.04,204700,5.05,109600,5.03,54600,5.06,77300,5.02,173400,5.07,33400,5.01,235500,5.08,46000,5.0,332400,5.09,21000,4.99,160600,5.1,39300,4.98,260900,5.11,30500,4.97,182200,5.12,113200,4.96,538400,5.13,36700,4.95,401800,5.14,28500,3961900,2231400,15:41:10.462
000931.SZ,000931,20260420,20260420,11:00:27.000,110027000,79,5.05,5.19,5.19,4.95,5.2,5.72,4.68,14972063,7504.0845,14677,5.04,204700,5.05,108600,5.03,54600,5.06,77300,5.02,173400,5.07,33400,5.01,235500,5.08,46000,5.0,332400,5.09,21000,4.99,160600,5.1,39300,4.98,260900,5.11,30500,4.97,182200,5.12,113200,4.96,538400,5.13,36700,4.95,401800,5.14,28500,3961900,2230400,15:41:10.581
000931.SZ,000931,20260420,20260420,11:00:30.000,110030000,79,5.05,5.19,5.19,4.95,5.2,5.72,4.68,14972063,7504.0845,14677,5.04,207700,5.05,108600,5.03,54600,5.06,77300,5.02,173400,5.07,33400,5.01,235500,5.08,46000,5.0,332400,5.09,21000,4.99,160600,5.1,39300,4.98,260900,5.11,30500,4.97,182200,5.12,113200,4.96,538400,5.13,36700,4.95,401800,5.14,28500,3964900,2230400,15:41:10.883
000931.SZ,000931,20260420,20260420,11:00:39.000,110039000,79,5.05,5.19,5.19,4.95,5.2,5.72,4.68,14972063,7504.0845,14677,5.04,207700,5.05,108600,5.03,54600,5.06,77300,5.02,173400,5.07,33400,5.01,235500,5.08,46000,5.0,341600,5.09,21000,4.99,160600,5.1,39300,4.98,260900,5.11,30500,4.97,182200,5.12,113200,4.96,538400,5.13,36700,4.95,401800,5.14,28500,3974100,2230400,15:41:11.361
000931.SZ,000931,20260420,20260420,11:00:42.000,110042000,79,5.05,5.19,5.19,4.95,5.2,5.72,4.68,14972063,7504.0845,14677,5.04,207700,5.05,108600,5.03,54600,5.06,77300,5.02,173400,5.07,33400,5.01,235500,5.08,46000,5.0,341600,5.09,21000,4.99,160600,5.1,39300,4.98,260900,5.11,30500,4.97,182200,5.12,113200,4.96,537400,5.13,36700,4.95,401800,5.14,28500,3974600,2230400,15:41:11.534
000931.SZ,000931,20260420,20260420,11:00:48.000,110048000,79,5.05,5.19,5.19,4.95,5.2,5.72,4.68,14972063,7504.0845,14677,5.04,207700,5.05,108600,5.03,54600,5.06,77300,5.02,173400,5.07,33400,5.01,235500,5.08,46000,5.0,346600,5.09,21000,4.99,160600,5.1,39300,4.98,260900,5.11,30500,4.97,182200,5.12,113200,4.96,537400,5.13,36700,4.95,401800,5.14,28500,3979600,2230400,15:41:11.880
000931.SZ,000931,20260420,20260420,11:00:51.000,110051000,79,5.05,5.19,5.19,4.95,5.2,5.72,4.68,14972063,7504.0845,14677,5.04,207700,5.05,113100,5.03,54600,5.06,77300,5.02,173400,5.07,33400,5.01,235500,5.08,46000,5.0,346800,5.09,21000,4.99,160600,5.1,39300,4.98,260900,5.11,30500,4.97,182200,5.12,113200,4.96,537400,5.13,36700,4.95,401800,5.14,28500,3979800,2234900,15:41:12.004
000931.SZ,000931,20260420,20260420,11:00:54.000,110054000,79,5.05,5.19,5.19,4.95,5.2,5.72,4.68,14973063,7504.5895,14678,5.04,207700,5.05,112100,5.03,54600,5.06,77300,5.02,173400,5.07,33400,5.01,235500,5.08,46000,5.0,346800,5.09,21000,4.99,160600,5.1,39300,4.98,260900,5.11,30500,4.97,182200,5.12,113200,4.96,537400,5.13,36700,4.95,401800,5.14,28500,3979800,2233900,15:41:12.313
000931.SZ,000931,20260420,20260420,11:00:57.000,110057000,79,5.05,5.19,5.19,4.95,5.2,5.72,4.68,14973063,7504.5895,14678,5.04,207800,5.05,112100,5.03,54600,5.06,77300,5.02,173400,5.07,33400,5.01,235500,5.08,46000,5.0,346800,5.09,21000,4.99,160600,5.1,39300,4.98,260900,5.11,30500,4.97,182200,5.12,113200,4.96,537400,5.13,36700,4.95,401800,5.14,28500,3979900,2233900,15:41:12.501
000931.SZ,000931,20260420,20260420,11:01:03.000,110103000,79,5.05,5.19,5.19,4.95,5.2,5.72,4.68,14973063,7504.5895,14678,5.04,207700,5.05,112100,5.03,54600,5.06,77300,5.02,173400,5.07,33400,5.01,235500,5.08,46000,5.0,346800,5.09,21000,4.99,160600,5.1,39300,4.98,260900,5.11,30500,4.97,182200,5.12,113200,4.96,537400,5.13,36700,4.95,401800,5.14,28500,3979800,2233900,15:41:13.067
000931.SZ,000931,20260420,20260420,11:01:06.000,110106000,79,5.05,5.19,5.19,4.95,5.2,5.72,4.68,14973063,7504.5895,14678,5.04,207800,5.05,112100,5.03,54600,5.06,77300,5.02,173400,5.07,33400,5.01,235500,5.08,46000,5.0,346800,5.09,21000,4.99,160600,5.1,39300,4.98,260900,5.11,30500,4.97,182200,5.12,113200,4.96,537400,5.13,36700,4.95,401800,5.14,28500,3979900,2233900,15:41:13.227
000931.SZ,000931,20260420,20260420,11:01:09.000,110109000,79,5.05,5.19,5.19,4.95,5.2,5.72,4.68,14973063,7504.5895,14678,5.04,207500,5.05,112100,5.03,54600,5.06,77300,5.02,173400,5.07,33400,5.01,235500,5.08,46000,5.0,346800,5.09,21000,4.99,160600,5.1,39300,4.98,260900,5.11,30500,4.97,182200,5.12,113200,4.96,537400,5.13,36700,4.95,401800,5.14,28500,3979600,2233900,15:41:13.764
000931.SZ,000931,20260420,20260420,11:01:12.000,110112000,79,5.05,5.19,5.19,4.95,5.2,5.72,4.68,14973363,7504.741,14679,5.04,207500,5.05,111800,5.03,54600,5.06,77300,5.02,173400,5.07,33400,5.01,235500,5.08,46000,5.0,346800,5.09,21000,4.99,160600,5.1,39300,4.98,260900,5.11,30500,4.97,182200,5.12,113200,4.96,537400,5.13,36700,4.95,401800,5.14,28500,3979600,2233600,15:41:13.863
000931.SZ,000931,20260420,20260420,11:01:21.000,110121000,79,5.05,5.19,5.19,4.95,5.2,5.72,4.68,14973363,7504.741,14679,5.04,207600,5.05,109800,5.03,54600,5.06,77300,5.02,173400,5.07,33400,5.01,235500,5.08,46000,5.0,357000,5.09,21000,4.99,160600,5.1,39300,4.98,260900,5.11,30500,4.97,182200,5.12,113200,4.96,537400,5.13,36700,4.95,401800,5.14,28500,3989900,2231600,15:41:14.470
000931.SZ,000931,20260420,20260420,11:01:24.000,110124000,79,5.05,5.19,5.19,4.95,5.2,5.72,4.68,14973363,7504.741,14679,5.04,207600,5.05,114300,5.03,54600,5.06,77300,5.02,173400,5.07,33400,5.01,235500,5.08,46000,5.0,357000,5.09,21000,4.99,160600,5.1,39300,4.98,260900,5.11,30500,4.97,182200,5.12,113200,4.96,537400,5.13,36700,4.95,401800,5.14,28500,3989900,2236100,15:41:14.696
000931.SZ,000931,20260420,20260420,11:01:27.000,110127000,79,5.05,5.19,5.19,4.95,5.2,5.72,4.68,14973363,7504.741,14679,5.04,207600,5.05,114300,5.03,54600,5.06,77300,5.02,173400,5.07,33400,5.01,235500,5.08,46000,5.0,357000,5.09,21000,4.99,160600,5.1,39300,4.98,260900,5.11,30500,4.97,182200,5.12,113200,4.96,537400,5.13,36700,4.95,401800,5.14,28500,3986000,2236100,15:41:14.899
000931.SZ,000931,20260420,20260420,11:01:30.000,110130000,79,5.05,5.19,5.19,4.95,5.2,5.72,4.68,14973363,7504.741,14679,5.04,207600,5.05,114300,5.03,54600,5.06,77300,5.02,173400,5.07,33400,5.01,235500,5.08,46000,5.0,358500,5.09,21000,4.99,160600,5.1,39300,4.98,260900,5.11,30500,4.97,182200,5.12,113200,4.96,537400,5.13,36700,4.95,401800,5.14,28500,3987500,2236100,15:41:15.006
000931.SZ,000931,20260420,20260420,11:01:33.000,110133000,79,5.05,5.19,5.19,4.95,5.2,5.72,4.68,14973363,7504.741,14679,5.04,209600,5.05,113600,5.03,54600,5.06,77300,5.02,173400,5.07,33400,5.01,235500,5.08,46000,5.0,358500,5.09,21000,4.99,160600,5.1,39300,4.98,260900,5.11,30500,4.97,182200,5.12,113200,4.96,537400,5.13,36700,4.95,401800,5.14,28500,3989500,2235400,15:41:15.243
000931.SZ,000931,20260420,20260420,11:01:36.000,110136000,79,5.05,5.19,5.19,4.95,5.2,5.72,4.68,14973863,7504.9935,14683,5.04,211600,5.05,113800,5.03,54600,5.06,77300,5.02,173400,5.07,33400,5.01,235500,5.08,46000,5.0,358500,5.09,21000,4.99,160600,5.1,39300,4.98,260900,5.11,30500,4.97,182200,5.12,113200,4.96,537400,5.13,36700,4.95,401800,5.14,28500,3991500,2235600,15:41:15.330
000931.SZ,000931,20260420,20260420,11:01:42.000,110142000,79,5.05,5.19,5.19,4.95,5.2,5.72,4.68,14973863,7504.9935,14683,5.04,211600,5.05,113800,5.03,54600,5.06,77300,5.02,173400,5.07,33400,5.01,235500,5.08,46000,5.0,359500,5.09,21000,4.99,160600,5.1,39300,4.98,260900,5.11,30500,4.97,182200,5.12,113200,4.96,537400,5.13,36700,4.95,401800,5.14,28500,3992500,2235600,15:41:15.679
000931.SZ,000931,20260420,20260420,11:01:48.000,110148000,79,5.05,5.19,5.19,4.95,5.2,5.72,4.68,14973863,7504.9935,14683,5.04,211700,5.05,113800,5.03,54600,5.06,77300,5.02,173400,5.07,33400,5.01,235500,5.08,46000,5.0,359500,5.09,21000,4.99,160600,5.1,39300,4.98,260900,5.11,30500,4.97,182200,5.12,113200,4.96,537400,5.13,36700,4.95,401800,5.14,28500,3992600,2235600,15:41:15.914
000931.SZ,000931,20260420,20260420,11:01:51.000,110151000,79,5.05,5.19,5.19,4.95,5.2,5.72,4.68,14973863,7504.9935,14683,5.04,211700,5.05,118300,5.03,54600,5.06,77300,5.02,173400,5.07,33400,5.01,235500,5.08,46000,5.0,359500,5.09,21000,4.99,160600,5.1,39300,4.98,260900,5.11,30500,4.97,182200,5.12,113200,4.96,537400,5.13,36700,4.95,401800,5.14,28500,3992600,2240100,15:41:16.163
000931.SZ,000931,20260420,20260420,11:02:00.000,110200000,79,5.05,5.19,5.19,4.95,5.2,5.72,4.68,14973863,7504.9935,14683,5.04,211700,5.05,115200,5.03,54600,5.06,76400,5.02,173400,5.07,33100,5.01,235500,5.08,46000,5.0,359500,5.09,21000,4.99,160600,5.1,39300,4.98,260400,5.11,30500,4.97,182200,5.12,113200,4.96,537400,5.13,36700,4.95,401800,5.14,28500,3992100,2235800,15:41:16.644
000931.SZ,000931,20260420,20260420,11:02:03.000,110203000,79,5.05,5.19,5.19,4.95,5.2,5.72,4.68,14973863,7504.9935,14683,5.04,211700,5.05,114300,5.03,54600,5.06,75500,5.02,173400,5.07,32800,5.01,235500,5.08,46000,5.0,359500,5.09,21000,4.99,160600,5.1,39300,4.98,260400,5.11,30500,4.97,182200,5.12,113200,4.96,537400,5.13,36700,4.95,401800,5.14,28500,3992100,2233700,15:41:16.901
000931.SZ,000931,20260420,20260420,11:02:12.000,110212000,79,5.05,5.19,5.19,4.95,5.2,5.72,4.68,14985463,7510.8514,14692,5.04,211600,5.05,119700,5.03,54600,5.06,84800,5.02,173400,5.07,32800,5.01,235500,5.08,46000,5.0,359500,5.09,21000,4.99,160600,5.1,39300,4.98,260400,5.11,30500,4.97,182200,5.12,113200,4.96,537400,5.13,36700,4.95,401800,5.14,28500,3992000,2248400,15:41:17.506
000931.SZ,000931,20260420,20260420,11:02:15.000,110215000,79,5.05,5.19,5.19,4.95,5.2,5.72,4.68,14989563,7512.9219,14695,5.04,207600,5.05,127700,5.03,54600,5.06,95000,5.02,173400,5.07,32800,5.01,235500,5.08,46000,5.0,359500,5.09,21000,4.99,160600,5.1,39300,4.98,260400,5.11,30500,4.97,182200,5.12,113200,4.96,537400,5.13,36700,4.95,401800,5.14,28500,3988000,2266600,15:41:17.710
000931.SZ,000931,20260420,20260420,11:02:18.000,110218000,79,5.05,5.19,5.19,4.95,5.2,5.72,4.68,14989563,7512.9219,14695,5.04,207600,5.05,129200,5.03,54600,5.06,97900,5.02,173400,5.07,32800,5.01,235500,5.08,46000,5.0,359500,5.09,21000,4.99,160600,5.1,39300,4.98,260400,5.11,30500,4.97,182200,5.12,113200,4.96,537400,5.13,36700,4.95,401800,5.14,28500,3988000,2271000,15:41:17.952
000931.SZ,000931,20260420,20260420,11:02:21.000,110221000,79,5.05,5.19,5.19,4.95,5.2,5.72,4.68,14989563,7512.9219,14695,5.04,207600,5.05,130100,5.03,54600,5.06,98500,5.02,173400,5.07,32800,5.01,235500,5.08,46000,5.0,359500,5.09,21000,4.99,160600,5.1,39300,4.98,260400,5.11,30500,4.97,182200,5.12,113200,4.96,537400,5.13,36700,4.95,401800,5.14,28500,3988000,2272500,15:41:18.073
000931.SZ,000931,20260420,20260420,11:02:24.000,110224000,79,5.05,5.19,5.19,4.95,5.2,5.72,4.68,14989563,7512.9219,14695,5.04,207700,5.05,135900,5.03,54600,5.06,99700,5.02,173400,5.07,32800,5.01,235500,5.08,46000,5.0,359500,5.09,21000,4.99,160600,5.1,39300,4.98,260400,5.11,30500,4.97,182200,5.12,113200,4.96,537400,5.13,36700,4.95,401800,5.14,28500,3988100,2279500,15:41:18.215
000931.SZ,000931,20260420,20260420,11:02:27.000,110227000,79,5.05,5.19,5.19,4.95,5.2,5.72,4.68,14989563,7512.9219,14695,5.04,207700,5.05,144300,5.03,54600,5.06,99800,5.02,173400,5.07,32800,5.01,235500,5.08,46000,5.0,359500,5.09,21000,4.99,160600,5.1,39300,4.98,260400,5.11,30500,4.97,182200,5.12,113200,4.96,537400,5.13,36700,4.95,401800,5.14,28500,3988100,2288000,15:41:18.372
000931.SZ,000931,20260420,20260420,11:02:30.000,110230000,79,5.05,5.19,5.19,4.95,5.2,5.72,4.68,14989563,7512.9219,14695,5.04,207700,5.05,144900,5.03,54600,5.06,100100,5.02,173400,5.07,32800,5.01,235500,5.08,46000,5.0,359500,5.09,21000,4.99,160600,5.1,39300,4.98,260400,5.11,30500,4.97,182200,5.12,113200,4.96,537400,5.13,36700,4.95,404800,5.14,28500,3991100,2288900,15:41:18.571
000931.SZ,000931,20260420,20260420,11:02:33.000,110233000,79,5.05,5.19,5.19,4.95,5.2,5.72,4.68,14989563,7512.9219,14695,5.04,207700,5.05,145200,5.03,54600,5.06,100100,5.02,173400,5.07,32800,5.01,235500,5.08,46000,5.0,359500,5.09,21000,4.99,160600,5.1,39300,4.98,260400,5.11,30500,4.97,182200,5.12,113200,4.96,537400,5.13,36700,4.95,404800,5.14,28500,3991100,2289200,15:41:18.696
000931.SZ,000931,20260420,20260420,11:02:36.000,110236000,79,5.05,5.19,5.19,4.95,5.2,5.72,4.68,14989563,7512.9219,14695,5.04,207900,5.05,145200,5.03,54600,5.06,100100,5.02,173400,5.07,32800,5.01,235500,5.08,46000,5.0,359500,5.09,21000,4.99,160600,5.1,39300,4.98,260400,5.11,30500,4.97,182200,5.12,113200,4.96,537400,5.13,36700,4.95,404800,5.14,28500,3991300,2289200,15:41:18.968
000931.SZ,000931,20260420,20260420,11:02:39.000,110239000,79,5.05,5.19,5.19,4.95,5.2,5.72,4.68,14996563,7516.4569,14697,5.04,207900,5.05,138200,5.03,55600,5.06,100100,5.02,173400,5.07,32800,5.01,235500,5.08,46000,5.0,359500,5.09,21000,4.99,160600,5.1,39300,4.98,260400,5.11,30500,4.97,182200,5.12,113200,4.96,537400,5.13,36700,4.95,404800,5.14,28500,3992300,2282200,15:41:19.091
000931.SZ,000931,20260420,20260420,11:02:42.000,110242000,79,5.05,5.19,5.19,4.95,5.2,5.72,4.68,14996563,7516.4569,14697,5.04,188900,5.05,139400,5.03,45600,5.06,100100,5.02,169400,5.07,32800,5.01,235500,5.08,46000,5.0,359500,5.09,21000,4.99,160900,5.1,39300,4.98,260400,5.11,30500,4.97,182200,5.12,113200,4.96,537400,5.13,36700,4.95,404800,5.14,28500,3959600,2283400,15:41:19.300
000931.SZ,000931,20260420,20260420,11:02:45.000,110245000,79,5.05,5.19,5.19,4.95,5.2,5.72,4.68,14996563,7516.4569,14697,5.04,194700,5.05,139400,5.03,45600,5.06,100100,5.02,169400,5.07,32800,5.01,235500,5.08,46000,5.0,359500,5.09,21000,4.99,160900,5.1,39300,4.98,260400,5.11,30500,4.97,182200,5.12,113200,4.96,537400,5.13,36700,4.95,404800,5.14,28500,3965400,2283400,15:41:19.431
000931.SZ,000931,20260420,20260420,11:02:51.000,110251000,79,5.04,5.19,5.19,4.95,5.2,5.72,4.68,15007363,7521.9101,14710,5.04,198700,5.05,129700,5.03,45600,5.06,100300,5.02,124400,5.07,32800,5.01,235500,5.08,46000,5.0,359500,5.09,21000,4.99,160900,5.1,39300,4.98,260400,5.11,30500,4.97,182200,5.12,113200,4.96,537400,5.13,36700,4.95,404800,5.14,28500,3924400,2273900,15:41:19.738
000931.SZ,000931,20260420,20260420,11:02:54.000,110254000,79,5.04,5.19,5.19,4.95,5.2,5.72,4.68,15007363,7521.9101,14710,5.04,198700,5.05,134200,5.03,45600,5.06,100400,5.02,124400,5.07,32800,5.01,235500,5.08,46000,5.0,359500,5.09,21000,4.99,160900,5.1,39300,4.98,260400,5.11,30500,4.97,182200,5.12,113200,4.96,537400,5.13,36700,4.95,404800,5.14,28500,3924400,2278500,15:41:19.940
000931.SZ,000931,20260420,20260420,11:02:57.000,110257000,79,5.04,5.19,5.19,4.95,5.2,5.72,4.68,15007363,7521.9101,14710,5.04,198700,5.05,134800,5.03,45600,5.06,100600,5.02,124400,5.07,32800,5.01,235500,5.08,46000,5.0,359500,5.09,21000,4.99,160900,5.1,39300,4.98,260400,5.11,30500,4.97,182200,5.12,113200,4.96,537400,5.13,36700,4.95,404800,5.14,28500,3924400,2279300,15:41:20.040
000931.SZ,000931,20260420,20260420,11:03:00.000,110300000,79,5.04,5.19,5.19,4.95,5.2,5.72,4.68,15007363,7521.9101,14710,5.04,199800,5.05,134800,5.03,45600,5.06,100600,5.02,124400,5.07,32800,5.01,235600,5.08,46000,5.0,359500,5.09,21000,4.99,160900,5.1,39300,4.98,260400,5.11,30500,4.97,182200,5.12,113200,4.96,537400,5.13,36700,4.95,404800,5.14,28500,3925600,2279300,15:41:20.244
000931.SZ,000931,20260420,20260420,11:03:06.000,110306000,79,5.04,5.19,5.19,4.95,5.2,5.72,4.68,15007363,7521.9101,14710,5.04,199800,5.05,134800,5.03,45600,5.06,100300,5.02,124400,5.07,32800,5.01,235600,5.08,46000,5.0,359500,5.09,21000,4.99,160900,5.1,39300,4.98,260400,5.11,30500,4.97,182200,5.12,113200,4.96,537400,5.13,36700,4.95,404800,5.14,28500,3925600,2279000,15:41:20.795
000931.SZ,000931,20260420,20260420,11:03:09.000,110309000,79,5.04,5.19,5.19,4.95,5.2,5.72,4.68,15007363,7521.9101,14710,5.04,199800,5.05,135100,5.03,45600,5.06,100300,5.02,124400,5.07,32800,5.01,235600,5.08,46000,5.0,359500,5.09,21000,4.99,160900,5.1,39300,4.98,260400,5.11,30500,4.97,182200,5.12,113200,4.96,537400,5.13,36700,4.95,404800,5.14,28500,3925600,2279300,15:41:21.035
000931.SZ,000931,20260420,20260420,11:03:12.000,110312000,79,5.04,5.19,5.19,4.95,5.2,5.72,4.68,15007363,7521.9101,14710,5.04,199800,5.05,135100,5.03,45600,5.06,100300,5.02,124400,5.07,32800,5.01,235600,5.08,46000,5.0,359500,5.09,19500,4.99,160900,5.1,39300,4.98,260400,5.11,30500,4.97,182200,5.12,113200,4.96,537400,5.13,36700,4.95,404800,5.14,28500,3925600,2277800,15:41:21.278
000931.SZ,000931,20260420,20260420,11:03:15.000,110315000,79,5.04,5.19,5.19,4.95,5.2,5.72,4.68,15007363,7521.9101,14710,5.04,199700,5.05,135000,5.03,45600,5.06,100300,5.02,124400,5.07,32800,5.01,235600,5.08,46000,5.0,359500,5.09,19500,4.99,160900,5.1,39300,4.98,260400,5.11,30500,4.97,182200,5.12,113200,4.96,537400,5.13,36700,4.95,404800,5.14,28500,3925500,2277700,15:41:21.430
000931.SZ,000931,20260420,20260420,11:03:18.000,110318000,79,5.04,5.19,5.19,4.95,5.2,5.72,4.68,15008063,7522.2629,14711,5.04,199000,5.05,135000,5.03,45600,5.06,100300,5.02,124400,5.07,32800,5.01,235600,5.08,46000,5.0,359500,5.09,19500,4.99,160900,5.1,39300,4.98,260400,5.11,30500,4.97,182200,5.12,113200,4.96,537400,5.13,36700,4.95,402800,5.14,28500,3922800,2277700,15:41:21.648
000931.SZ,000931,20260420,20260420,11:03:21.000,110321000,79,5.04,5.19,5.19,4.95,5.2,5.72,4.68,15008063,7522.2629,14711,5.04,199000,5.05,139400,5.03,45600,5.06,100400,5.02,124400,5.07,32800,5.01,235600,5.08,46000,5.0,359800,5.09,19500,4.99,160900,5.1,39300,4.98,260400,5.11,30500,4.97,182200,5.12,113200,4.96,537400,5.13,36700,4.95,402800,5.14,28500,3923100,2282200,15:41:21.776
000931.SZ,000931,20260420,20260420,11:03:24.000,110324000,79,5.04,5.19,5.19,4.95,5.2,5.72,4.68,15008063,7522.2629,14711,5.04,197600,5.05,139400,5.03,45600,5.06,100400,5.02,124400,5.07,32800,5.01,235600,5.08,46000,5.0,359800,5.09,19500,4.99,160900,5.1,39300,4.98,260400,5.11,32000,4.97,182200,5.12,113200,4.96,537400,5.13,36700,4.95,402800,5.14,28500,3919800,2283700,15:41:21.982
000931.SZ,000931,20260420,20260420,11:03:27.000,110327000,79,5.04,5.19,5.19,4.95,5.2,5.72,4.68,15041663,7539.1973,14838,5.04,168800,5.05,142000,5.03,45600,5.06,100400,5.02,124400,5.07,32800,5.01,235600,5.08,46000,5.0,359800,5.09,19500,4.99,160900,5.1,39300,4.98,260400,5.11,32000,4.97,182200,5.12,113200,4.96,537400,5.13,36700,4.95,402800,5.14,28500,3891000,2286300,15:41:22.293
000931.SZ,000931,20260420,20260420,11:03:30.000,110330000,79,5.04,5.19,5.19,4.95,5.2,5.72,4.68,15068363,7552.6615,14875,5.04,152600,5.05,133600,5.03,45600,5.06,100400,5.02,124400,5.07,32800,5.01,235600,5.08,46000,5.0,359800,5.09,19500,4.99,160900,5.1,39300,4.98,260400,5.11,32000,4.97,182200,5.12,113200,4.96,537400,5.13,36700,4.95,402800,5.14,28500,3874800,2277900,15:41:22.412
000931.SZ,000931,20260420,20260420,11:03:33.000,110333000,79,5.04,5.19,5.19,4.95,5.2,5.72,4.68,15068963,7552.9639,14876,5.04,152000,5.05,135000,5.03,45600,5.06,100400,5.02,124400,5.07,32800,5.01,235600,5.08,46000,5.0,359800,5.09,19500,4.99,160900,5.1,39300,4.98,260400,5.11,32000,4.97,182200,5.12,113200,4.96,537400,5.13,36700,4.95,405800,5.14,28500,3877200,2279300,15:41:22.710
000931.SZ,000931,20260420,20260420,11:03:39.000,110339000,79,5.05,5.19,5.19,4.95,5.2,5.72,4.68,15070463,7553.721,14878,5.04,150100,5.05,133900,5.03,45600,5.06,100400,5.02,124400,5.07,32800,5.01,235600,5.08,46000,5.0,359800,5.09,19500,4.99,160900,5.1,39300,4.98,260400,5.11,32000,4.97,182200,5.12,113200,4.96,537400,5.13,36700,4.95,405800,5.14,28500,3875300,2278200,15:41:23.093
000931.SZ,000931,20260420,20260420,11:03:42.000,110342000,79,5.05,5.19,5.19,4.95,5.2,5.72,4.68,15070463,7553.721,14878,5.04,150100,5.05,133900,5.03,45600,5.06,100400,5.02,124400,5.07,32800,5.01,235600,5.08,46000,5.0,359800,5.09,19500,4.99,159900,5.1,39300,4.98,260400,5.11,32000,4.97,182200,5.12,113200,4.96,537400,5.13,36700,4.95,405800,5.14,28500,3874300,2278300,15:41:23.293
000931.SZ,000931,20260420,20260420,11:03:45.000,110345000,79,5.05,5.19,5.19,4.95,5.2,5.72,4.68,15070463,7553.721,14878,5.04,151400,5.05,133800,5.03,45600,5.06,100400,5.02,124400,5.07,32800,5.01,235600,5.08,46000,5.0,359800,5.09,19500,4.99,159900,5.1,39300,4.98,260400,5.11,32000,4.97,182200,5.12,113200,4.96,537400,5.13,36700,4.95,405800,5.14,28500,3875600,2278200,15:41:23.538
000931.SZ,000931,20260420,20260420,11:03:48.000,110348000,79,5.05,5.19,5.19,4.95,5.2,5.72,4.68,15070463,7553.721,14878,5.04,152700,5.05,133800,5.03,46600,5.06,100400,5.02,124400,5.07,32800,5.01,235600,5.08,46000,5.0,359800,5.09,19500,4.99,159900,5.1,39300,4.98,260400,5.11,32000,4.97,182200,5.12,113200,4.96,537400,5.13,36700,4.95,405800,5.14,28500,3877900,2278200,15:41:23.650
000931.SZ,000931,20260420,20260420,11:03:54.000,110354000,79,5.04,5.19,5.19,4.95,5.2,5.72,4.68,15070563,7553.7714,14879,5.04,152600,5.05,138300,5.03,46600,5.06,100400,5.02,124400,5.07,32800,5.01,235600,5.08,46000,5.0,359800,5.09,19500,4.99,159900,5.1,39300,4.98,260400,5.11,32000,4.97,182200,5.12,113200,4.96,537400,5.13,36700,4.95,405700,5.14,28500,3877700,2282700,15:41:24.082
000931.SZ,000931,20260420,20260420,11:04:00.000,110400000,79,5.04,5.19,5.19,4.95,5.2,5.72,4.68,15071063,7554.0234,14881,5.04,152100,5.05,138300,5.03,46600,5.06,100400,5.02,124400,5.07,32800,5.01,235600,5.08,46000,5.0,359800,5.09,19500,4.99,159900,5.1,39300,4.98,260400,5.11,32000,4.97,182200,5.12,113200,4.96,537400,5.13,36700,4.95,405700,5.14,28500,3877200,2282700,15:41:24.498
000931.SZ,000931,20260420,20260420,11:04:03.000,110403000,79,5.04,5.19,5.19,4.95,5.2,5.72,4.68,15072063,7554.5274,14886,5.04,151100,5.05,138300,5.03,46600,5.06,100400,5.02,124400,5.07,32800,5.01,235600,5.08,46000,5.0,359800,5.09,19500,4.99,159900,5.1,39300,4.98,260400,5.11,32000,4.97,182200,5.12,113200,4.96,537400,5.13,36700,4.95,405700,5.14,28500,3876200,2282700,15:41:24.764
000931.SZ,000931,20260420,20260420,11:04:06.000,110406000,79,5.04,5.19,5.19,4.95,5.2,5.72,4.68,15074263,7555.6362,14891,5.04,148800,5.05,139300,5.03,46600,5.06,100400,5.02,124400,5.07,32800,5.01,235600,5.08,46000,5.0,359800,5.09,19500,4.99,159900,5.1,39300,4.98,260400,5.11,32000,4.97,182200,5.12,113200,4.96,537400,5.13,36700,4.95,405700,5.14,28500,3873900,2283700,15:41:24.922
000931.SZ,000931,20260420,20260420,11:04:09.000,110409000,79,5.04,5.19,5.19,4.95,5.2,5.72,4.68,15076263,7556.6442,14896,5.04,147000,5.05,139200,5.03,46600,5.06,100400,5.02,124400,5.07,32800,5.01,235600,5.08,46000,5.0,359800,5.09,19500,4.99,159900,5.1,39300,4.98,260400,5.11,32000,4.97,182200,5.12,113200,4.96,537400,5.13,36700,4.95,405700,5.14,28500,3876600,2283600,15:41:25.051
000931.SZ,000931,20260420,20260420,11:04:12.000,110412000,79,5.04,5.19,5.19,4.95,5.2,5.72,4.68,15076363,7556.6946,14897,5.04,147000,5.05,137800,5.03,46600,5.06,100400,5.02,124400,5.07,32800,5.01,235600,5.08,46000,5.0,359800,5.09,19500,4.99,159900,5.1,39300,4.98,260400,5.11,32000,4.97,182200,5.12,113200,4.96,537400,5.13,36700,4.95,405700,5.14,28500,3876600,2282200,15:41:25.320
000931.SZ,000931,20260420,20260420,11:04:15.000,110415000,79,5.04,5.19,5.19,4.95,5.2,5.72,4.68,15076363,7556.6946,14897,5.04,147000,5.05,137800,5.03,46600,5.06,100400,5.02,124400,5.07,32800,5.01,235600,5.08,46000,5.0,359800,5.09,19500,4.99,159900,5.1,39300,4.98,281100,5.11,32000,4.97,182200,5.12,113200,4.96,537400,5.13,36700,4.95,405700,5.14,28500,3897300,2282200,15:41:25.448
000931.SZ,000931,20260420,20260420,11:04:18.000,110418000,79,5.04,5.19,5.19,4.95,5.2,5.72,4.68,15076363,7556.6946,14897,5.04,147000,5.05,139800,5.03,46600,5.06,102400,5.02,124400,5.07,32800,5.01,235600,5.08,46000,5.0,359800,5.09,19500,4.99,159900,5.1,39300,4.98,281100,5.11,32000,4.97,182200,5.12,113200,4.96,537400,5.13,36700,4.95,405700,5.14,28500,3897300,2286200,15:41:25.560
000931.SZ,000931,20260420,20260420,11:04:21.000,110421000,79,5.04,5.19,5.19,4.95,5.2,5.72,4.68,15076363,7556.6946,14897,5.04,151100,5.05,139800,5.03,44900,5.06,102400,5.02,124400,5.07,32800,5.01,235600,5.08,46000,5.0,359800,5.09,19500,4.99,159900,5.1,39300,4.98,281100,5.11,32000,4.97,182200,5.12,113200,4.96,537400,5.13,36700,4.95,405700,5.14,28500,3899700,2286200,15:41:25.916
000931.SZ,000931,20260420,20260420,11:04:24.000,110424000,79,5.04,5.19,5.19,4.95,5.2,5.72,4.68,15076363,7556.6946,14897,5.04,155100,5.05,144300,5.03,44900,5.06,102400,5.02,124400,5.07,32800,5.01,235600,5.08,46000,5.0,359800,5.09,19500,4.99,159900,5.1,39300,4.98,281100,5.11,32000,4.97,182700,5.12,113200,4.96,537400,5.13,36700,4.95,405700,5.14,28500,3904200,2290700,15:41:25.982
000931.SZ,000931,20260420,20260420,11:04:30.000,110430000,79,5.04,5.19,5.19,4.95,5.2,5.72,4.68,15076363,7556.6946,14897,5.04,157100,5.05,144300,5.03,44900,5.06,102400,5.02,124400,5.07,32800,5.01,235600,5.08,46000,5.0,359800,5.09,19500,4.99,159900,5.1,39300,4.98,281100,5.11,32000,4.97,182700,5.12,113200,4.96,537400,5.13,36700,4.95,405700,5.14,28500,3906200,2290700,15:41:26.385
000931.SZ,000931,20260420,20260420,11:04:33.000,110433000,79,5.04,5.19,5.19,4.95,5.2,5.72,4.68,15076363,7556.6946,14897,5.04,157100,5.05,144300,5.03,44900,5.06,102400,5.02,124400,5.07,32800,5.01,235600,5.08,46000,5.0,359800,5.09,19500,4.99,159900,5.1,39300,4.98,281100,5.11,32000,4.97,182700,5.12,113200,4.96,537400,5.13,36700,4.95,405700,5.14,28500,3903200,2290700,15:41:26.509
000931.SZ,000931,20260420,20260420,11:04:36.000,110436000,79,5.04,5.19,5.19,4.95,5.2,5.72,4.68,15076363,7556.6946,14897,5.04,157100,5.05,144300,5.03,44900,5.06,102400,5.02,124400,5.07,32800,5.01,235600,5.08,46000,5.0,359800,5.09,19500,4.99,112400,5.1,39300,4.98,281100,5.11,32000,4.97,182700,5.12,113200,4.96,537400,5.13,36700,4.95,405700,5.14,28500,3855700,2290700,15:41:26.837
000931.SZ,000931,20260420,20260420,11:04:39.000,110439000,79,5.04,5.19,5.19,4.95,5.2,5.72,4.68,15076363,7556.6946,14897,5.04,157100,5.05,144900,5.03,44900,5.06,102400,5.02,124400,5.07,32800,5.01,237300,5.08,46000,5.0,360000,5.09,19500,4.99,112400,5.1,39300,4.98,281100,5.11,32000,4.97,182700,5.12,113200,4.96,537400,5.13,36700,4.95,389700,5.14,28500,3841600,2291300,15:41:26.948
000931.SZ,000931,20260420,20260420,11:04:42.000,110442000,79,5.04,5.19,5.19,4.95,5.2,5.72,4.68,15076463,7556.745,14898,5.04,162700,5.05,144900,5.03,44900,5.06,102400,5.02,120400,5.07,32800,5.01,237300,5.08,46000,5.0,360000,5.09,19500,4.99,112400,5.1,39300,4.98,281100,5.11,32000,4.97,182700,5.12,113200,4.96,537400,5.13,36700,4.95,389700,5.14,28500,3843200,2291300,15:41:27.057
000931.SZ,000931,20260420,20260420,11:04:54.000,110454000,79,5.04,5.19,5.19,4.95,5.2,5.72,4.68,15077863,7557.4506,14900,5.04,168000,5.05,156300,5.03,35800,5.06,102400,5.02,95200,5.07,32800,5.01,237300,5.08,46000,5.0,360000,5.09,19500,4.99,112400,5.1,39300,4.98,281100,5.11,32000,4.97,182700,5.12,113200,4.96,537400,5.13,36700,4.95,389700,5.14,28500,3814200,2302700,15:41:27.581
000931.SZ,000931,20260420,20260420,11:04:57.000,110457000,79,5.04,5.19,5.19,4.95,5.2,5.72,4.68,15077863,7557.4506,14900,5.04,169300,5.05,156300,5.03,35800,5.06,102400,5.02,95200,5.07,32800,5.01,237300,5.08,46000,5.0,360000,5.09,19500,4.99,112400,5.1,39300,4.98,281100,5.11,32000,4.97,182700,5.12,113200,4.96,537400,5.13,36700,4.95,389700,5.14,28500,3815500,2302700,15:41:27.864
000931.SZ,000931,20260420,20260420,11:05:00.000,110500000,79,5.05,5.19,5.19,4.95,5.2,5.72,4.68,15077963,7557.5011,14901,5.04,169300,5.05,157200,5.03,35800,5.06,102400,5.02,95200,5.07,32800,5.01,237300,5.08,46000,5.0,360000,5.09,19500,4.99,112400,5.1,39300,4.98,281100,5.11,32000,4.97,182700,5.12,113200,4.96,537400,5.13,36700,4.95,389700,5.14,28500,3815500,2303600,15:41:28.085
000931.SZ,000931,20260420,20260420,11:05:03.000,110503000,79,5.05,5.19,5.19,4.95,5.2,5.72,4.68,15077963,7557.5011,14901,5.04,169300,5.05,157200,5.03,36800,5.06,102400,5.02,111200,5.07,32800,5.01,237300,5.08,46000,5.0,360000,5.09,19500,4.99,112400,5.1,39300,4.98,281100,5.11,32000,4.97,182700,5.12,113200,4.96,537400,5.13,36700,4.95,389700,5.14,28500,3832500,2303600,15:41:28.210
000931.SZ,000931,20260420,20260420,11:05:09.000,110509000,79,5.04,5.19,5.19,4.95,5.2,5.72,4.68,15078963,7558.0051,14902,5.04,168300,5.05,168200,5.03,36800,5.06,102400,5.02,111200,5.07,32800,5.01,237300,5.08,46000,5.0,360000,5.09,19500,4.99,112400,5.1,39300,4.98,281100,5.11,32000,4.97,182700,5.12,113200,4.96,537400,5.13,36700,4.95,389700,5.14,28500,3831500,2314600,15:41:28.612
000931.SZ,000931,20260420,20260420,11:05:15.000,110515000,79,5.04,5.19,5.19,4.95,5.2,5.72,4.68,15078963,7558.0051,14902,5.04,168700,5.05,168700,5.03,36800,5.06,102400,5.02,111200,5.07,32800,5.01,237300,5.08,46000,5.0,360000,5.09,19500,4.99,112400,5.1,39300,4.98,281100,5.11,32000,4.97,182700,5.12,113200,4.96,537400,5.13,36700,4.95,389700,5.14,28500,3831900,2315100,15:41:29.016
000931.SZ,000931,20260420,20260420,11:05:21.000,110521000,79,5.04,5.19,5.19,4.95,5.2,5.72,4.68,15078963,7558.0051,14902,5.04,168700,5.05,168700,5.03,36800,5.06,102400,5.02,111200,5.07,32800,5.01,237700,5.08,46000,5.0,360000,5.09,19500,4.99,112400,5.1,39300,4.98,281100,5.11,32000,4.97,182700,5.12,113200,4.96,537400,5.13,36700,4.95,389700,5.14,28500,3832300,2315100,15:41:29.332
000931.SZ,000931,20260420,20260420,11:05:24.000,110524000,79,5.04,5.19,5.19,4.95,5.2,5.72,4.68,15078963,7558.0051,14902,5.04,173200,5.05,173200,5.03,36800,5.06,102400,5.02,111200,5.07,32800,5.01,237700,5.08,46000,5.0,360000,5.09,19500,4.99,112400,5.1,39300,4.98,281100,5.11,32000,4.97,182700,5.12,113200,4.96,537400,5.13,36700,4.95,389700,5.14,28500,3836800,2319600,15:41:29.484
000931.SZ,000931,20260420,20260420,11:05:30.000,110530000,79,5.04,5.19,5.19,4.95,5.2,5.72,4.68,15078963,7558.0051,14902,5.04,187800,5.05,173200,5.03,36800,5.06,102400,5.02,111200,5.07,32800,5.01,237700,5.08,46000,5.0,360000,5.09,19500,4.99,112400,5.1,39300,4.98,281100,5.11,32000,4.97,182700,5.12,113200,4.96,537400,5.13,36700,4.95,389700,5.14,28500,3851400,2319600,15:41:29.810
000931.SZ,000931,20260420,20260420,11:05:33.000,110533000,79,5.04,5.19,5.19,4.95,5.2,5.72,4.68,15078963,7558.0051,14902,5.04,187800,5.05,173200,5.03,36800,5.06,102400,5.02,95200,5.07,32800,5.01,237700,5.08,46000,5.0,360000,5.09,19500,4.99,112400,5.1,39300,4.98,281100,5.11,32000,4.97,182700,5.12,113200,4.96,537400,5.13,36700,4.95,389700,5.14,28500,3835400,2319600,15:41:29.920
000931.SZ,000931,20260420,20260420,11:05:39.000,110539000,79,5.04,5.19,5.19,4.95,5.2,5.72,4.68,15079463,7558.2571,14903,5.04,187300,5.05,173200,5.03,36800,5.06,102400,5.02,95200,5.07,32800,5.01,237700,5.08,46000,5.0,360000,5.09,19500,4.99,112400,5.1,39300,4.98,281100,5.11,32000,4.97,182700,5.12,113200,4.96,537400,5.13,36700,4.95,389700,5.14,28500,3834900,2319600,15:41:30.334
000931.SZ,000931,20260420,20260420,11:05:42.000,110542000,79,5.04,5.19,5.19,4.95,5.2,5.72,4.68,15079563,7558.3075,14904,5.04,187200,5.05,173100,5.03,36800,5.06,102400,5.02,95200,5.07,32800,5.01,237700,5.08,46000,5.0,360000,5.09,19500,4.99,112400,5.1,39300,4.98,281100,5.11,32000,4.97,182700,5.12,113200,4.96,537400,5.13,36700,4.95,389700,5.14,28500,3834800,2319500,15:41:30.403
000931.SZ,000931,20260420,20260420,11:05:48.000,110548000,79,5.04,5.19,5.19,4.95,5.2,5.72,4.68,15079563,7558.3075,14904,5.04,187200,5.05,173100,5.03,36800,5.06,102400,5.02,95200,5.07,32800,5.01,237700,5.08,66000,5.0,360000,5.09,19500,4.99,112400,5.1,39300,4.98,281100,5.11,32000,4.97,182700,5.12,113200,4.96,537400,5.13,36700,4.95,389700,5.14,28500,3834800,2339500,15:41:30.653
000931.SZ,000931,20260420,20260420,11:05:51.000,110551000,79,5.04,5.19,5.19,4.95,5.2,5.72,4.68,15079563,7558.3075,14904,5.04,187200,5.05,177600,5.03,36800,5.06,102400,5.02,95200,5.07,32800,5.01,237700,5.08,66000,5.0,360000,5.09,19500,4.99,112400,5.1,39300,4.98,281100,5.11,32000,4.97,182700,5.12,113200,4.96,537400,5.13,36700,4.95,389700,5.14,28500,3834800,2344000,15:41:30.951
000931.SZ,000931,20260420,20260420,11:05:54.000,110554000,79,5.04,5.19,5.19,4.95,5.2,5.72,4.68,15089463,7563.3067,14907,5.04,180200,5.05,178800,5.03,36800,5.06,102400,5.02,95200,5.07,32800,5.01,237700,5.08,66000,5.0,360000,5.09,19500,4.99,112400,5.1,39300,4.98,281100,5.11,32000,4.97,182700,5.12,113200,4.96,537400,5.13,36700,4.95,389700,5.14,28500,3827800,2345200,15:41:31.078
000931.SZ,000931,20260420,20260420,11:05:57.000,110557000,79,5.04,5.19,5.19,4.95,5.2,5.72,4.68,15094963,7566.0824,14914,5.04,182900,5.05,187700,5.03,36800,5.06,102400,5.02,95200,5.07,32800,5.01,237700,5.08,66000,5.0,360000,5.09,19500,4.99,112400,5.1,39300,4.98,281100,5.11,32000,4.97,182700,5.12,113200,4.96,537400,5.13,36700,4.95,389700,5.14,28500,3830500,2354100,15:41:31.356
000931.SZ,000931,20260420,20260420,11:06:00.000,110600000,79,5.04,5.19,5.19,4.95,5.2,5.72,4.68,15095063,7566.1328,14915,5.04,182800,5.05,187600,5.03,36800,5.06,102400,5.02,95200,5.07,32800,5.01,237700,5.08,66000,5.0,360000,5.09,19500,4.99,112400,5.1,39300,4.98,281100,5.11,32000,4.97,182700,5.12,113200,4.96,537400,5.13,36700,4.95,389700,5.14,28500,3830400,2354000,15:41:31.616
000931.SZ,000931,20260420,20260420,11:06:03.000,110603000,79,5.04,5.19,5.19,4.95,5.2,5.72,4.68,15098363,7567.796,14922,5.04,183500,5.05,187700,5.03,36800,5.06,102400,5.02,95200,5.07,32800,5.01,237700,5.08,66000,5.0,360000,5.09,19500,4.99,112400,5.1,39300,4.98,281100,5.11,32000,4.97,182700,5.12,113200,4.96,537400,5.13,36700,4.95,389700,5.14,28500,3831100,2354100,15:41:31.898
000931.SZ,000931,20260420,20260420,11:06:06.000,110606000,79,5.04,5.19,5.19,4.95,5.2,5.72,4.68,15099963,7568.6037,14925,5.04,183400,5.05,186400,5.03,36800,5.06,102400,5.02,95200,5.07,32800,5.01,237700,5.08,66000,5.0,360000,5.09,19500,4.99,112400,5.1,39300,4.98,281100,5.11,32000,4.97,182700,5.12,113200,4.96,537400,5.13,36700,4.95,389700,5.14,28500,3831000,2352800,15:41:32.009
000931.SZ,000931,20260420,20260420,11:06:09.000,110609000,79,5.04,5.19,5.19,4.95,5.2,5.72,4.68,15100063,7568.6541,14926,5.04,183300,5.05,185900,5.03,36800,5.06,102400,5.02,95200,5.07,32800,5.01,237700,5.08,66000,5.0,360000,5.09,19500,4.99,112400,5.1,39300,4.98,281100,5.11,32000,4.97,182700,5.12,113200,4.96,537400,5.13,36700,4.95,389700,5.14,28500,3830900,2352300,15:41:32.243
000931.SZ,000931,20260420,20260420,11:06:15.000,110615000,79,5.04,5.19,5.19,4.95,5.2,5.72,4.68,15100063,7568.6541,14926,5.04,182600,5.05,187300,5.03,36800,5.06,102400,5.02,95200,5.07,32800,5.01,237700,5.08,66000,5.0,360000,5.09,19500,4.99,112400,5.1,39300,4.98,281100,5.11,32000,4.97,182700,5.12,113200,4.96,537400,5.13,36700,4.95,389700,5.14,28500,3830200,2353700,15:41:32.581
000931.SZ,000931,20260420,20260420,11:06:21.000,110621000,79,5.04,5.19,5.19,4.95,5.2,5.72,4.68,15100063,7568.6541,14926,5.04,182600,5.05,187300,5.03,36800,5.06,102400,5.02,95700,5.07,32800,5.01,237700,5.08,66000,5.0,360000,5.09,19500,4.99,112400,5.1,39300,4.98,281100,5.11,32000,4.97,182700,5.12,113200,4.96,537400,5.13,36700,4.95,389700,5.14,28500,3830700,2353700,15:41:32.949
000931.SZ,000931,20260420,20260420,11:06:24.000,110624000,79,5.04,5.19,5.19,4.95,5.2,5.72,4.68,15100063,7568.6541,14926,5.04,182600,5.05,191700,5.03,36800,5.06,102400,5.02,95700,5.07,32800,5.01,237700,5.08,66000,5.0,360000,5.09,19500,4.99,112400,5.1,39300,4.98,281100,5.11,32000,4.97,182700,5.12,113200,4.96,537400,5.13,36700,4.95,389700,5.14,28500,3830700,2358100,15:41:33.070
000931.SZ,000931,20260420,20260420,11:06:30.000,110630000,79,5.04,5.19,5.19,4.95,5.2,5.72,4.68,15100063,7568.6541,14926,5.04,182600,5.05,191700,5.03,36800,5.06,102400,5.02,95700,5.07,32800,5.01,237700,5.08,66000,5.0,361600,5.09,19500,4.99,112400,5.1,39300,4.98,281100,5.11,30500,4.97,182700,5.12,113200,4.96,537400,5.13,36700,4.95,389700,5.14,28500,3832300,2356600,15:41:33.350
000931.SZ,000931,20260420,20260420,11:06:33.000,110633000,79,5.04,5.19,5.19,4.95,5.2,5.72,4.68,15100063,7568.6541,14926,5.04,182600,5.05,191800,5.03,36800,5.06,102400,5.02,95700,5.07,32800,5.01,237700,5.08,66000,5.0,361600,5.09,19500,4.99,112400,5.1,39300,4.98,281100,5.11,30500,4.97,182700,5.12,113200,4.96,537400,5.13,36700,4.95,389700,5.14,28500,3832300,2356700,15:41:33.502
000931.SZ,000931,20260420,20260420,11:06:36.000,110636000,79,5.04,5.19,5.19,4.95,5.2,5.72,4.68,15100063,7568.6541,14926,5.04,182900,5.05,191800,5.03,36800,5.06,102400,5.02,95700,5.07,32800,5.01,237700,5.08,66000,5.0,361600,5.09,19500,4.99,112400,5.1,39300,4.98,281100,5.11,30500,4.97,182700,5.12,113200,4.96,537400,5.13,36700,4.95,389700,5.14,28500,3832600,2356700,15:41:33.703
000931.SZ,000931,20260420,20260420,11:06:39.000,110639000,79,5.04,5.19,5.19,4.95,5.2,5.72,4.68,15100063,7568.6541,14926,5.04,182700,5.05,191800,5.03,36800,5.06,102400,5.02,95700,5.07,32800,5.01,237700,5.08,66000,5.0,361600,5.09,19500,4.99,112400,5.1,39300,4.98,281100,5.11,30500,4.97,182700,5.12,113200,4.96,537400,5.13,36700,4.95,389700,5.14,28500,3832400,2356700,15:41:33.799
000931.SZ,000931,20260420,20260420,11:06:42.000,110642000,79,5.04,5.19,5.19,4.95,5.2,5.72,4.68,15100063,7568.6541,14926,5.04,182600,5.05,191800,5.03,36800,5.06,102400,5.02,95700,5.07,32800,5.01,237700,5.08,66000,5.0,361600,5.09,19500,4.99,112400,5.1,40800,4.98,281100,5.11,30500,4.97,182700,5.12,113200,4.96,537400,5.13,36700,4.95,389700,5.14,28500,3832300,2358200,15:41:34.019
000931.SZ,000931,20260420,20260420,11:06:48.000,110648000,79,5.04,5.19,5.19,4.95,5.2,5.72,4.68,15100063,7568.6541,14926,5.04,182600,5.05,191800,5.03,36800,5.06,102400,5.02,95700,5.07,32800,5.01,237700,5.08,66000,5.0,361600,5.09,19500,4.99,112400,5.1,40800,4.98,281100,5.11,30500,4.97,182700,5.12,113200,4.96,537400,5.13,36700,4.95,389700,5.14,28500,3832300,2357700,15:41:34.378
000931.SZ,000931,20260420,20260420,11:06:51.000,110651000,79,5.04,5.19,5.19,4.95,5.2,5.72,4.68,15102463,7569.8638,14929,5.04,180300,5.05,193900,5.03,36800,5.06,102400,5.02,95700,5.07,32800,5.01,237700,5.08,66000,5.0,361600,5.09,19500,4.99,112400,5.1,40800,4.98,281100,5.11,30500,4.97,182700,5.12,113200,4.96,537400,5.13,36700,4.95,389700,5.14,28500,3830000,2359800,15:41:34.531
000931.SZ,000931,20260420,20260420,11:06:54.000,110654000,79,5.04,5.19,5.19,4.95,5.2,5.72,4.68,15102463,7569.8638,14929,5.04,180300,5.05,193900,5.03,36800,5.06,102400,5.02,95700,5.07,32800,5.01,237700,5.08,66000,5.0,361600,5.09,33500,4.99,112400,5.1,40800,4.98,281100,5.11,30500,4.97,182700,5.12,113200,4.96,537400,5.13,36700,4.95,389700,5.14,28500,3830000,2373800,15:41:34.669
000931.SZ,000931,20260420,20260420,11:06:57.000,110657000,79,5.05,5.19,5.19,4.95,5.2,5.72,4.68,15102663,7569.9648,14930,5.04,179700,5.05,193700,5.03,36800,5.06,102400,5.02,95700,5.07,32800,5.01,237700,5.08,66000,5.0,361600,5.09,33500,4.99,112400,5.1,40800,4.98,281100,5.11,30500,4.97,182700,5.12,113200,4.96,537400,5.13,36700,4.95,389700,5.14,28500,3829400,2373600,15:41:34.732
000931.SZ,000931,20260420,20260420,11:07:00.000,110700000,79,5.05,5.19,5.19,4.95,5.2,5.72,4.68,15102663,7569.9648,14930,5.04,179700,5.05,193600,5.03,36800,5.06,102400,5.02,95700,5.07,32800,5.01,237700,5.08,66000,5.0,361600,5.09,33500,4.99,112400,5.1,40800,4.98,281100,5.11,30500,4.97,182700,5.12,113200,4.96,537400,5.13,36700,4.95,389700,5.14,28500,3829400,2373500,15:41:34.889
000931.SZ,000931,20260420,20260420,11:07:03.000,110703000,79,5.05,5.19,5.19,4.95,5.2,5.72,4.68,15102663,7569.9648,14930,5.04,179800,5.05,193600,5.03,36800,5.06,102400,5.02,96500,5.07,32800,5.01,237700,5.08,66000,5.0,361600,5.09,33500,4.99,112400,5.1,40800,4.98,281100,5.11,30500,4.97,182700,5.12,113200,4.96,537400,5.13,36700,4.95,389700,5.14,28500,3830300,2373500,15:41:35.345
000931.SZ,000931,20260420,20260420,11:07:06.000,110706000,79,5.05,5.19,5.19,4.95,5.2,5.72,4.68,15102663,7569.9648,14930,5.04,177200,5.05,193600,5.03,36800,5.06,102400,5.02,96500,5.07,32800,5.01,237700,5.08,66000,5.0,361600,5.09,33500,4.99,112400,5.1,40800,4.98,281100,5.11,30500,4.97,182700,5.12,113200,4.96,537400,5.13,36700,4.95,389700,5.14,28500,3827700,2373500,15:41:35.470
000931.SZ,000931,20260420,20260420,11:07:09.000,110709000,79,5.05,5.19,5.19,4.95,5.2,5.72,4.68,15102663,7569.9648,14930,5.04,177200,5.05,193600,5.03,36800,5.06,102400,5.02,96500,5.07,32800,5.01,237700,5.08,66000,5.0,362000,5.09,33500,4.99,112400,5.1,40800,4.98,281100,5.11,30500,4.97,182700,5.12,113200,4.96,537400,5.13,36700,4.95,389700,5.14,28500,3828100,2373500,15:41:35.590
000931.SZ,000931,20260420,20260420,11:07:12.000,110712000,79,5.04,5.19,5.19,4.95,5.2,5.72,4.68,15102763,7570.0152,14931,5.04,176400,5.05,193600,5.03,36800,5.06,102400,5.02,96500,5.07,32800,5.01,237700,5.08,66000,5.0,362000,5.09,33500,4.99,112400,5.1,40800,4.98,281100,5.11,30500,4.97,182700,5.12,113200,4.96,537400,5.13,36700,4.95,389700,5.14,28500,3827300,2373500,15:41:35.685
000931.SZ,000931,20260420,20260420,11:07:15.000,110715000,79,5.04,5.19,5.19,4.95,5.2,5.72,4.68,15102763,7570.0152,14931,5.04,176400,5.05,193600,5.03,36800,5.06,102400,5.02,96500,5.07,53800,5.01,237700,5.08,66000,5.0,362000,5.09,33500,4.99,112400,5.1,40800,4.98,281100,5.11,30500,4.97,182700,5.12,113200,4.96,537400,5.13,36700,4.95,389700,5.14,28500,3827300,2394500,15:41:35.800
000931.SZ,000931,20260420,20260420,11:07:18.000,110718000,79,5.04,5.19,5.19,4.95,5.2,5.72,4.68,15102763,7570.0152,14931,5.04,178700,5.05,193600,5.03,36800,5.06,102400,5.02,96500,5.07,53800,5.01,237700,5.08,66000,5.0,362000,5.09,33500,4.99,112400,5.1,40800,4.98,281100,5.11,30500,4.97,182700,5.12,113200,4.96,537400,5.13,36700,4.95,389700,5.14,28500,3829600,2394500,15:41:36.011
000931.SZ,000931,20260420,20260420,11:07:21.000,110721000,79,5.04,5.19,5.19,4.95,5.2,5.72,4.68,15108663,7572.9888,14935,5.04,172800,5.05,193600,5.03,36800,5.06,102400,5.02,96500,5.07,53800,5.01,237700,5.08,66000,5.0,362000,5.09,33500,4.99,112400,5.1,40800,4.98,281100,5.11,30500,4.97,182700,5.12,113200,4.96,537400,5.13,36700,4.95,389700,5.14,28500,3823700,2394500,15:41:36.123
000931.SZ,000931,20260420,20260420,11:07:24.000,110724000,79,5.04,5.19,5.19,4.95,5.2,5.72,4.68,15108863,7573.0896,14936,5.04,172600,5.05,193400,5.03,36800,5.06,102400,5.02,96500,5.07,53800,5.01,237700,5.08,66000,5.0,362000,5.09,33500,4.99,112400,5.1,40800,4.98,281100,5.11,30500,4.97,182700,5.12,113200,4.96,537400,5.13,36700,4.95,389700,5.14,28500,3823500,2394300,15:41:36.344
000931.SZ,000931,20260420,20260420,11:07:27.000,110727000,79,5.05,5.19,5.19,4.95,5.2,5.72,4.68,15111863,7574.6046,14939,5.04,173700,5.05,190400,5.03,36800,5.06,102400,5.02,96500,5.07,53800,5.01,237700,5.08,66000,5.0,362000,5.09,33500,4.99,112400,5.1,40800,4.98,281100,5.11,30500,4.97,182700,5.12,113200,4.96,537400,5.13,36700,4.95,389700,5.14,28500,3824600,2391300,15:41:36.454
000931.SZ,000931,20260420,20260420,11:07:30.000,110730000,79,5.05,5.19,5.19,4.95,5.2,5.72,4.68,15111863,7574.6046,14939,5.04,173700,5.05,190400,5.03,37100,5.06,102400,5.02,96500,5.07,53800,5.01,237700,5.08,66000,5.0,362000,5.09,33500,4.99,112400,5.1,40800,4.98,281100,5.11,30500,4.97,182700,5.12,113200,4.96,537400,5.13,36700,4.95,389700,5.14,28500,3824900,2391300,15:41:36.585
000931.SZ,000931,20260420,20260420,11:07:33.000,110733000,79,5.05,5.19,5.19,4.95,5.2,5.72,4.68,15112363,7574.8571,14940,5.04,173700,5.05,189900,5.03,37100,5.06,102400,5.02,96500,5.07,53800,5.01,237700,5.08,66000,5.0,362000,5.09,33500,4.99,112400,5.1,40800,4.98,281100,5.11,30500,4.97,182700,5.12,113200,4.96,537400,5.13,36700,4.95,389700,5.14,28500,3824900,2390800,15:41:36.751
000931.SZ,000931,20260420,20260420,11:07:36.000,110736000,79,5.04,5.19,5.19,4.95,5.2,5.72,4.68,15112663,7575.0083,14941,5.04,173400,5.05,189900,5.03,37100,5.06,102400,5.02,96500,5.07,53800,5.01,237700,5.08,66000,5.0,362000,5.09,33500,4.99,112400,5.1,40800,4.98,281100,5.11,30500,4.97,182700,5.12,113200,4.96,537400,5.13,36700,4.95,389700,5.14,28500,3824600,2390800,15:41:36.853
000931.SZ,000931,20260420,20260420,11:07:39.000,110739000,79,5.04,5.19,5.19,4.95,5.2,5.72,4.68,15112663,7575.0083,14941,5.04,173400,5.05,189900,5.03,39100,5.06,102400,5.02,96500,5.07,53800,5.01,237700,5.08,66000,5.0,361700,5.09,33500,4.99,112400,5.1,40800,4.98,281100,5.11,30500,4.97,182700,5.12,113200,4.96,537400,5.13,36700,4.95,389700,5.14,28500,3826300,2390800,15:41:37.074
000931.SZ,000931,20260420,20260420,11:07:42.000,110742000,79,5.04,5.19,5.19,4.95,5.2,5.72,4.68,15112663,7575.0083,14941,5.04,174400,5.05,189900,5.03,39100,5.06,102400,5.02,96500,5.07,53800,5.01,237700,5.08,66000,5.0,361700,5.09,33500,4.99,112400,5.1,40800,4.98,280400,5.11,30500,4.97,182700,5.12,113200,4.96,534400,5.13,36700,4.95,389700,5.14,28500,3818600,2390800,15:41:37.218
000931.SZ,000931,20260420,20260420,11:07:48.000,110748000,79,5.04,5.19,5.19,4.95,5.2,5.72,4.68,15113063,7575.2099,14942,5.04,181400,5.05,189500,5.03,39100,5.06,102400,5.02,96500,5.07,53800,5.01,237700,5.08,66000,5.0,361700,5.09,33500,4.99,112400,5.1,40800,4.98,280400,5.11,30500,4.97,182700,5.12,113200,4.96,534400,5.13,36700,4.95,389700,5.14,28500,3825600,2390400,15:41:37.596
000931.SZ,000931,20260420,20260420,11:07:51.000,110751000,79,5.04,5.19,5.19,4.95,5.2,5.72,4.68,15116063,7576.7219,14945,5.04,178400,5.05,189300,5.03,39100,5.06,102400,5.02,96500,5.07,53800,5.01,237700,5.08,66000,5.0,361700,5.09,33500,4.99,112400,5.1,40800,4.98,280400,5.11,30500,4.97,182700,5.12,113200,4.96,534400,5.13,36700,4.95,389700,5.14,28500,3822600,2390200,15:41:37.734
000931.SZ,000931,20260420,20260420,11:07:54.000,110754000,79,5.04,5.19,5.19,4.95,5.2,5.72,4.68,15116063,7576.7219,14945,5.04,168100,5.05,188800,5.03,39100,5.06,102400,5.02,96500,5.07,53800,5.01,237700,5.08,66000,5.0,361700,5.09,33500,4.99,112400,5.1,40800,4.98,280400,5.11,30500,4.97,182700,5.12,113200,4.96,534400,5.13,36700,4.95,388700,5.14,28500,3811300,2389700,15:41:37.847
000931.SZ,000931,20260420,20260420,11:07:57.000,110757000,79,5.04,5.19,5.19,4.95,5.2,5.72,4.68,15117563,7577.4779,14955,5.04,166600,5.05,187900,5.03,39100,5.06,102400,5.02,96500,5.07,53800,5.01,237700,5.08,66000,5.0,361700,5.09,33500,4.99,112400,5.1,40800,4.98,280400,5.11,30500,4.97,182700,5.12,113200,4.96,534400,5.13,36700,4.95,388600,5.14,28500,3809700,2388800,15:41:38.000
000931.SZ,000931,20260420,20260420,11:08:00.000,110800000,79,5.04,5.19,5.19,4.95,5.2,5.72,4.68,15120163,7578.7883,14959,5.04,165500,5.05,187800,5.03,39100,5.06,102400,5.02,96500,5.07,54800,5.01,237700,5.08,66000,5.0,361700,5.09,33500,4.99,112400,5.1,40800,4.98,280400,5.11,30500,4.97,182700,5.12,113200,4.96,534400,5.13,36700,4.95,388600,5.14,28500,3808600,2389700,15:41:38.120
000931.SZ,000931,20260420,20260420,11:08:03.000,110803000,79,5.04,5.19,5.19,4.95,5.2,5.72,4.68,15120363,7578.8891,14961,5.04,168300,5.05,187700,5.03,39100,5.06,102400,5.02,96500,5.07,54800,5.01,237700,5.08,66000,5.0,361700,5.09,33500,4.99,112400,5.1,40800,4.98,280400,5.11,30500,4.97,182700,5.12,113200,4.96,534400,5.13,36700,4.95,388600,5.14,28500,3811400,2389600,15:41:38.429
000931.SZ,000931,20260420,20260420,11:08:06.000,110806000,79,5.04,5.19,5.19,4.95,5.2,5.72,4.68,15121163,7579.2923,14962,5.04,167500,5.05,187200,5.03,39100,5.06,102500,5.02,96500,5.07,54800,5.01,237700,5.08,66000,5.0,361700,5.09,33500,4.99,112400,5.1,40800,4.98,280400,5.11,30500,4.97,182700,5.12,113200,4.96,532600,5.13,36700,4.95,388600,5.14,28500,3808800,2389200,15:41:38.559
000931.SZ,000931,20260420,20260420,11:08:09.000,110809000,79,5.04,5.19,5.19,4.95,5.2,5.72,4.68,15121163,7579.2923,14962,5.04,167500,5.05,187200,5.03,39100,5.06,102500,5.02,96500,5.07,54800,5.01,237700,5.08,66000,5.0,361700,5.09,33500,4.99,112400,5.1,40800,4.98,280400,5.11,30500,4.97,182700,5.12,113200,4.96,532600,5.13,36700,4.95,388600,5.14,28500,3803800,2389200,15:41:38.836
000931.SZ,000931,20260420,20260420,11:08:12.000,110812000,79,5.04,5.19,5.19,4.95,5.2,5.72,4.68,15121163,7579.2923,14962,5.04,167500,5.05,187300,5.03,39100,5.06,102500,5.02,96500,5.07,54800,5.01,237700,5.08,66000,5.0,361700,5.09,33500,4.99,112400,5.1,40800,4.98,280400,5.11,30500,4.97,182700,5.12,113200,4.96,532600,5.13,36700,4.95,388600,5.14,28500,3803800,2389300,15:41:38.975
000931.SZ,000931,20260420,20260420,11:08:21.000,110821000,79,5.04,5.19,5.19,4.95,5.2,5.72,4.68,15127163,7582.3163,14965,5.04,161500,5.05,187300,5.03,39100,5.06,102500,5.02,96500,5.07,54800,5.01,227700,5.08,66000,5.0,361700,5.09,33500,4.99,112400,5.1,40800,4.98,280400,5.11,30500,4.97,182700,5.12,113200,4.96,532600,5.13,36700,4.95,388600,5.14,28500,3787800,2389300,15:41:39.197
000931.SZ,000931,20260420,20260420,11:08:24.000,110824000,79,5.04,5.19,5.19,4.95,5.2,5.72,4.68,15127163,7582.3163,14965,5.04,161500,5.05,188100,5.03,39100,5.06,102500,5.02,96500,5.07,54800,5.01,227700,5.08,66000,5.0,361700,5.09,33500,4.99,112400,5.1,40800,4.98,280400,5.11,30500,4.97,182700,5.12,113200,4.96,532600,5.13,36700,4.95,388600,5.14,28500,3787800,2390100,15:41:39.322
000931.SZ,000931,20260420,20260420,11:08:27.000,110827000,79,5.04,5.19,5.19,4.95,5.2,5.72,4.68,15128663,7583.0723,14968,5.04,160500,5.05,188100,5.03,39100,5.06,102500,5.02,96500,5.07,54800,5.01,227700,5.08,66000,5.0,361700,5.09,33500,4.99,112400,5.1,40800,4.98,280400,5.11,30500,4.97,182700,5.12,113200,4.96,532600,5.13,36700,4.95,388600,5.14,28500,3786800,2390100,15:41:39.587
000931.SZ,000931,20260420,20260420,11:08:30.000,110830000,79,5.04,5.19,5.19,4.95,5.2,5.72,4.68,15137063,7587.3059,14996,5.04,155100,5.05,198100,5.03,39100,5.06,102500,5.02,96500,5.07,54800,5.01,227700,5.08,66000,5.0,361700,5.09,33500,4.99,112400,5.1,40800,4.98,280400,5.11,30500,4.97,182700,5.12,113200,4.96,532600,5.13,36700,4.95,388600,5.14,28500,3781400,2400100,15:41:39.695
000931.SZ,000931,20260420,20260420,11:08:33.000,110833000,79,5.03,5.19,5.19,4.95,5.2,5.72,4.68,15299863,7669.3545,15150,5.03,36900,5.04,20600,5.02,96500,5.05,152500,5.01,227700,5.06,101500,5.0,361300,5.07,54800,4.99,112400,5.08,66000,4.98,280500,5.09,33500,4.97,182700,5.1,40800,4.96,532600,5.11,30500,4.95,388600,5.12,113200,4.94,67600,5.13,36700,3623800,2374100,15:41:39.891
000931.SZ,000931,20260420,20260420,11:08:36.000,110836000,79,5.03,5.19,5.19,4.95,5.2,5.72,4.68,15309863,7674.3845,15218,5.03,57100,5.04,76500,5.02,96500,5.05,148400,5.01,227700,5.06,98200,5.0,361300,5.07,54800,4.99,112400,5.08,66000,4.98,280500,5.09,33500,4.97,182700,5.1,40800,4.96,532600,5.11,30500,4.95,388600,5.12,113200,4.94,67600,5.13,36700,3639000,2422600,15:41:40.238
000931.SZ,000931,20260420,20260420,11:08:39.000,110839000,79,5.03,5.19,5.19,4.95,5.2,5.72,4.68,15312763,7675.8432,15244,5.03,54200,5.04,114300,5.02,96500,5.05,148000,5.01,227700,5.06,96800,5.0,361300,5.07,54800,4.99,112400,5.08,66000,4.98,280500,5.09,33500,4.97,182700,5.1,40800,4.96,532600,5.11,30500,4.95,388600,5.12,113200,4.94,67600,5.13,36700,3636100,2458600,15:41:40.367
000931.SZ,000931,20260420,20260420,11:08:42.000,110842000,79,5.03,5.19,5.19,4.95,5.2,5.72,4.68,15314363,7676.648,15250,5.03,52600,5.04,124300,5.02,96500,5.05,147800,5.01,227700,5.06,96500,5.0,361300,5.07,54800,4.99,112400,5.08,66000,4.98,280500,5.09,33500,4.97,182700,5.1,40800,4.96,532600,5.11,30500,4.95,388600,5.12,113200,4.94,67600,5.13,36700,3629500,2469100,15:41:40.592
000931.SZ,000931,20260420,20260420,11:08:45.000,110845000,79,5.03,5.19,5.19,4.95,5.2,5.72,4.68,15315663,7677.3019,15254,5.03,51800,5.04,127800,5.02,96500,5.05,137100,5.01,227700,5.06,95800,5.0,361300,5.07,54800,4.99,112400,5.08,66000,4.98,280500,5.09,33500,4.97,182700,5.1,40800,4.96,532600,5.11,30500,4.95,388600,5.12,113200,4.94,67600,5.13,36700,3628700,2461200,15:41:40.876
000931.SZ,000931,20260420,20260420,11:08:48.000,110848000,79,5.03,5.19,5.19,4.95,5.2,5.72,4.68,15317663,7678.3079,15257,5.03,53100,5.04,128700,5.02,96500,5.05,136600,5.01,227700,5.06,95500,5.0,361300,5.07,64800,4.99,112400,5.08,66000,4.98,280500,5.09,33500,4.97,182700,5.1,40800,4.96,532600,5.11,30500,4.95,388600,5.12,113200,4.94,67600,5.13,36700,3630000,2471300,15:41:40.908
000931.SZ,000931,20260420,20260420,11:08:51.000,110851000,79,5.03,5.19,5.19,4.95,5.2,5.72,4.68,15324163,7681.5774,15264,5.03,47900,5.04,171600,5.02,94800,5.05,125500,5.01,227700,5.06,91100,5.0,361300,5.07,64800,4.99,112400,5.08,66000,4.98,280500,5.09,33500,4.97,182700,5.1,40800,4.96,532600,5.11,30500,4.95,388600,5.12,113200,4.94,67600,5.13,36700,3623100,2498700,15:41:41.016
000931.SZ,000931,20260420,20260420,11:08:54.000,110854000,79,5.03,5.19,5.19,4.95,5.2,5.72,4.68,15324263,7681.6277,15265,5.03,49000,5.04,173800,5.02,94800,5.05,125700,5.01,227700,5.06,91100,5.0,361300,5.07,64800,4.99,112400,5.08,66000,4.98,280500,5.09,33500,4.97,182700,5.1,40800,4.96,532600,5.11,30500,4.95,388600,5.12,113200,4.94,67600,5.13,36700,3624200,2501100,15:41:41.252
000931.SZ,000931,20260420,20260420,11:08:57.000,110857000,79,5.03,5.19,5.19,4.95,5.2,5.72,4.68,15324263,7681.6277,15265,5.03,47200,5.04,174400,5.02,94800,5.05,125400,5.01,227700,5.06,91100,5.0,361300,5.07,64800,4.99,112400,5.08,66000,4.98,280500,5.09,33500,4.97,182700,5.1,40800,4.96,532600,5.11,30500,4.95,388600,5.12,113200,4.94,67600,5.13,36700,3622400,2501400,15:41:41.363
000931.SZ,000931,20260420,20260420,11:09:00.000,110900000,79,5.03,5.19,5.19,4.95,5.2,5.72,4.68,15324263,7681.6277,15265,5.03,48400,5.04,174400,5.02,94800,5.05,135600,5.01,227700,5.06,91100,5.0,361300,5.07,64800,4.99,112400,5.08,66000,4.98,280500,5.09,34000,4.97,182700,5.1,40800,4.96,532600,5.11,30500,4.95,388600,5.12,113200,4.94,67600,5.13,36700,3623600,2512100,15:41:41.514
000931.SZ,000931,20260420,20260420,11:09:03.000,110903000,79,5.03,5.19,5.19,4.95,5.2,5.72,4.68,15325663,7682.3319,15266,5.03,57800,5.04,174700,5.02,94800,5.05,135800,5.01,227700,5.06,91100,5.0,361300,5.07,64800,4.99,112400,5.08,66000,4.98,280500,5.09,34000,4.97,182700,5.1,40800,4.96,532600,5.11,30500,4.95,388600,5.12,113200,4.94,67600,5.13,36700,3633000,2512600,15:41:41.797
000931.SZ,000931,20260420,20260420,11:09:06.000,110906000,79,5.04,5.19,5.19,4.95,5.2,5.72,4.68,15328263,7683.6423,15276,5.03,85900,5.04,154200,5.02,94800,5.05,135200,5.01,227700,5.06,91000,5.0,361300,5.07,64800,4.99,112400,5.08,66000,4.98,280500,5.09,34000,4.97,182700,5.1,40800,4.96,532600,5.11,30500,4.95,388600,5.12,113200,4.94,67600,5.13,36700,3661100,2491400,15:41:41.937
000931.SZ,000931,20260420,20260420,11:09:09.000,110909000,79,5.03,5.19,5.19,4.95,5.2,5.72,4.68,15330263,7684.6483,15278,5.03,68500,5.04,156200,5.02,94800,5.05,135500,5.01,227700,5.06,91000,5.0,361300,5.07,64800,4.99,112400,5.08,66000,4.98,280500,5.09,34000,4.97,182700,5.1,40800,4.96,532600,5.11,30500,4.95,388600,5.12,113200,4.94,67600,5.13,36700,3643700,2489200,15:41:42.030
000931.SZ,000931,20260420,20260420,11:09:12.000,110912000,79,5.03,5.19,5.19,4.95,5.2,5.72,4.68,15330263,7684.6483,15278,5.03,68500,5.04,156500,5.02,93800,5.05,134500,5.01,227700,5.06,91000,5.0,361300,5.07,64800,4.99,112400,5.08,66000,4.98,280500,5.09,34000,4.97,182700,5.1,40800,4.96,532600,5.11,30500,4.95,388600,5.12,113200,4.94,67600,5.13,36700,3642700,2488500,15:41:42.188
000931.SZ,000931,20260420,20260420,11:09:15.000,110915000,79,5.03,5.19,5.19,4.95,5.2,5.72,4.68,15330263,7684.6483,15278,5.03,72300,5.04,157300,5.02,93800,5.05,134600,5.01,227700,5.06,91000,5.0,361300,5.07,64800,4.99,112400,5.08,66000,4.98,280500,5.09,34000,4.97,182700,5.1,40800,4.96,532600,5.11,30500,4.95,388600,5.12,113200,4.94,67600,5.13,36700,3646500,2489400,15:41:42.343
000931.SZ,000931,20260420,20260420,11:09:18.000,110918000,79,5.03,5.19,5.19,4.95,5.2,5.72,4.68,15330263,7684.6483,15278,5.03,72200,5.04,157300,5.02,93800,5.05,134800,5.01,227700,5.06,91000,5.0,361300,5.07,64800,4.99,112400,5.08,66000,4.98,280500,5.09,34000,4.97,182700,5.1,40800,4.96,532600,5.11,30500,4.95,388600,5.12,113200,4.94,67600,5.13,36700,3646400,2489600,15:41:42.541
000931.SZ,000931,20260420,20260420,11:09:21.000,110921000,79,5.03,5.19,5.19,4.95,5.2,5.72,4.68,15336363,7687.7166,15286,5.03,66100,5.04,157500,5.02,93800,5.05,130500,5.01,227700,5.06,91000,5.0,361300,5.07,64800,4.99,112400,5.08,66000,4.98,280500,5.09,34000,4.97,182700,5.1,40800,4.96,532600,5.11,30500,4.95,388600,5.12,113200,4.94,67600,5.13,36700,3640300,2485500,15:41:42.684
000931.SZ,000931,20260420,20260420,11:09:24.000,110924000,79,5.03,5.19,5.19,4.95,5.2,5.72,4.68,15337563,7688.3202,15292,5.03,66900,5.04,161400,5.02,93800,5.05,130600,5.01,227700,5.06,91000,5.0,361300,5.07,64800,4.99,112400,5.08,66000,4.98,280500,5.09,34000,4.97,182700,5.1,40800,4.96,532600,5.11,30500,4.95,388600,5.12,113200,4.94,67600,5.13,36700,3641100,2489500,15:41:42.932
000931.SZ,000931,20260420,20260420,11:09:27.000,110927000,79,5.03,5.19,5.19,4.95,5.2,5.72,4.68,15344563,7691.8412,15296,5.03,64400,5.04,160500,5.02,93800,5.05,130600,5.01,227700,5.06,91000,5.0,361300,5.07,64800,4.99,112400,5.08,66000,4.98,280500,5.09,34000,4.97,182700,5.1,40800,4.96,532600,5.11,30500,4.95,388600,5.12,113200,4.94,67600,5.13,36700,3638600,2489600,15:41:43.059
000931.SZ,000931,20260420,20260420,11:09:30.000,110930000,79,5.03,5.19,5.19,4.95,5.2,5.72,4.68,15344563,7691.8412,15296,5.03,78600,5.04,160700,5.02,93800,5.05,130600,5.01,227700,5.06,91000,5.0,361300,5.07,64800,4.99,112400,5.08,66000,4.98,280500,5.09,34000,4.97,182700,5.1,40800,4.96,532600,5.11,30500,4.95,388600,5.12,113200,4.94,67600,5.13,36700,3652800,2489800,15:41:43.202
000931.SZ,000931,20260420,20260420,11:09:33.000,110933000,79,5.03,5.19,5.19,4.95,5.2,5.72,4.68,15344663,7691.8915,15297,5.03,82500,5.04,163000,5.02,93800,5.05,130300,5.01,227700,5.06,91000,5.0,361300,5.07,64800,4.99,112400,5.08,66000,4.98,280500,5.09,34000,4.97,182700,5.1,40800,4.96,532600,5.11,30500,4.95,388600,5.12,113200,4.94,67600,5.13,36700,3656700,2491800,15:41:43.294
000931.SZ,000931,20260420,20260420,11:09:36.000,110936000,79,5.03,5.19,5.19,4.95,5.2,5.72,4.68,15344663,7691.8915,15297,5.03,82500,5.04,163000,5.02,93800,5.05,130500,5.01,228700,5.06,91000,5.0,361300,5.07,64800,4.99,112400,5.08,66000,4.98,280500,5.09,34000,4.97,182700,5.1,40800,4.96,532600,5.11,30500,4.95,388600,5.12,113200,4.94,67600,5.13,36700,3657700,2493000,15:41:43.515
000931.SZ,000931,20260420,20260420,11:09:39.000,110939000,79,5.03,5.19,5.19,4.95,5.2,5.72,4.68,15345163,7692.143,15298,5.03,82000,5.04,163000,5.02,93800,5.05,130500,5.01,228700,5.06,91000,5.0,361300,5.07,64800,4.99,112400,5.08,66000,4.98,280500,5.09,34000,4.97,182700,5.1,40800,4.96,532600,5.11,30500,4.95,388600,5.12,113200,4.94,67600,5.13,36700,3657200,2493000,15:41:43.632
000931.SZ,000931,20260420,20260420,11:09:48.000,110948000,79,5.03,5.19,5.19,4.95,5.2,5.72,4.68,15346163,7692.646,15299,5.03,81000,5.04,163000,5.02,133800,5.05,130500,5.01,228700,5.06,91000,5.0,361300,5.07,64800,4.99,112400,5.08,66000,4.98,280500,5.09,34000,4.97,182700,5.1,40800,4.96,532600,5.11,30500,4.95,388600,5.12,113200,4.94,67600,5.13,36700,3696200,2493000,15:41:44.104
000931.SZ,000931,20260420,20260420,11:09:51.000,110951000,79,5.03,5.19,5.19,4.95,5.2,5.72,4.68,15352863,7696.0161,15301,5.03,84800,5.04,163000,5.02,133800,5.05,126000,5.01,228700,5.06,91000,5.0,361300,5.07,64800,4.99,112400,5.08,66000,4.98,280500,5.09,34000,4.97,182700,5.1,40800,4.96,532600,5.11,30500,4.95,388600,5.12,113200,4.94,67600,5.13,36700,3705000,2488500,15:41:44.202
000931.SZ,000931,20260420,20260420,11:09:54.000,110954000,79,5.05,5.19,5.19,4.95,5.2,5.72,4.68,15516263,7778.3704,15438,5.04,8400,5.05,124400,5.03,117600,5.06,91000,5.02,133800,5.07,64800,5.01,228700,5.08,66000,5.0,361300,5.09,34000,4.99,112400,5.1,40800,4.98,280500,5.11,30500,4.97,182700,5.12,113200,4.96,532600,5.13,36700,4.95,388600,5.14,29500,3746200,2323900,15:41:44.372
000931.SZ,000931,20260420,20260420,11:09:57.000,110957000,79,5.05,5.19,5.19,4.95,5.2,5.72,4.68,15516263,7778.3704,15438,5.04,20800,5.05,125600,5.03,117600,5.06,91100,5.02,133800,5.07,64800,5.01,228300,5.08,66000,5.0,361300,5.09,34000,4.99,112400,5.1,40800,4.98,280500,5.11,30500,4.97,182700,5.12,113200,4.96,532600,5.13,36700,4.95,388600,5.14,29500,3758200,2325200,15:41:44.496
000931.SZ,000931,20260420,20260420,11:10:00.000,111000000,79,5.05,5.19,5.19,4.95,5.2,5.72,4.68,15516263,7778.3704,15438,5.04,32600,5.05,127500,5.03,117600,5.06,91200,5.02,133800,5.07,64800,5.01,228300,5.08,66000,5.0,361300,5.09,34000,4.99,112400,5.1,40800,4.98,280500,5.11,30500,4.97,182700,5.12,113200,4.96,532600,5.13,36700,4.95,388600,5.14,29500,3770000,2327200,15:41:44.660
000931.SZ,000931,20260420,20260420,11:10:03.000,111003000,79,5.05,5.19,5.19,4.95,5.2,5.72,4.68,15536063,7788.3694,15474,5.04,57200,5.05,108300,5.03,117600,5.06,91400,5.02,133800,5.07,64800,5.01,228300,5.08,66000,5.0,361300,5.09,34000,4.99,112400,5.1,40800,4.98,280500,5.11,30500,4.97,182700,5.12,113200,4.96,532600,5.13,36700,4.95,388600,5.14,29500,3794600,2308200,15:41:44.779
000931.SZ,000931,20260420,20260420,11:10:06.000,111006000,79,5.05,5.19,5.19,4.95,5.2,5.72,4.68,15539163,7789.9349,15476,5.04,58700,5.05,105400,5.03,117600,5.06,91600,5.02,133800,5.07,64800,5.01,228300,5.08,66000,5.0,361300,5.09,34000,4.99,112400,5.1,40800,4.98,280500,5.11,30500,4.97,182700,5.12,113200,4.96,532600,5.13,36700,4.95,388600,5.14,29500,3796100,2305500,15:41:44.984
000931.SZ,000931,20260420,20260420,11:10:09.000,111009000,79,5.05,5.19,5.19,4.95,5.2,5.72,4.68,15539363,7790.0359,15478,5.04,62400,5.05,105200,5.03,109000,5.06,91600,5.02,133800,5.07,64800,5.01,228300,5.08,66000,5.0,361300,5.09,34000,4.99,112400,5.1,40800,4.98,280500,5.11,30500,4.97,182700,5.12,113200,4.96,532600,5.13,36700,4.95,388600,5.14,29500,3791200,2305300,15:41:45.077
000931.SZ,000931,20260420,20260420,11:10:12.000,111012000,79,5.05,5.19,5.19,4.95,5.2,5.72,4.68,15539363,7790.0359,15478,5.04,67900,5.05,105200,5.03,109000,5.06,91800,5.02,133800,5.07,64800,5.01,228300,5.08,66000,5.0,361600,5.09,34000,4.99,112400,5.1,40800,4.98,280500,5.11,30500,4.97,182700,5.12,113200,4.96,532600,5.13,36700,4.95,388600,5.14,29500,3797000,2305500,15:41:45.346
000931.SZ,000931,20260420,20260420,11:10:15.000,111015000,79,5.05,5.19,5.19,4.95,5.2,5.72,4.68,15539363,7790.0359,15478,5.04,68700,5.05,105200,5.03,110700,5.06,91900,5.02,133800,5.07,64800,5.01,228300,5.08,66000,5.0,361600,5.09,34000,4.99,112400,5.1,40800,4.98,280500,5.11,30500,4.97,182700,5.12,113200,4.96,532600,5.13,36700,4.95,388600,5.14,29500,3799500,2305600,15:41:45.484
000931.SZ,000931,20260420,20260420,11:10:18.000,111018000,79,5.05,5.19,5.19,4.95,5.2,5.72,4.68,15539363,7790.0359,15478,5.04,71300,5.05,105200,5.03,110700,5.06,91900,5.02,133800,5.07,64800,5.01,228300,5.08,66000,5.0,361600,5.09,34000,4.99,112400,5.1,40800,4.98,280500,5.11,30500,4.97,182700,5.12,113200,4.96,532600,5.13,36700,4.95,388600,5.14,29500,3802100,2305600,15:41:45.618
000931.SZ,000931,20260420,20260420,11:10:21.000,111021000,79,5.05,5.19,5.19,4.95,5.2,5.72,4.68,15543463,7792.1064,15480,5.04,73900,5.05,101200,5.03,110700,5.06,91900,5.02,133800,5.07,64800,5.01,228300,5.08,66000,5.0,361600,5.09,34000,4.99,112400,5.1,40800,4.98,280500,5.11,30500,4.97,182700,5.12,113200,4.96,532600,5.13,36700,4.95,388600,5.14,29500,3804700,2301600,15:41:45.936
000931.SZ,000931,20260420,20260420,11:10:24.000,111024000,79,5.05,5.19,5.19,4.95,5.2,5.72,4.68,15553963,7797.4089,15485,5.04,73900,5.05,90700,5.03,110700,5.06,91900,5.02,133800,5.07,64800,5.01,228300,5.08,66000,5.0,361600,5.09,34000,4.99,112400,5.1,40800,4.98,280500,5.11,30500,4.97,182700,5.12,113200,4.96,532600,5.13,36700,4.95,388600,5.14,29500,3804700,2291100,15:41:46.077
000931.SZ,000931,20260420,20260420,11:10:27.000,111027000,79,5.05,5.19,5.19,4.95,5.2,5.72,4.68,15553963,7797.4089,15485,5.04,74700,5.05,90700,5.03,110700,5.06,91900,5.02,133800,5.07,64800,5.01,228300,5.08,66000,5.0,361600,5.09,34000,4.99,112400,5.1,40800,4.98,280500,5.11,30500,4.97,182700,5.12,113200,4.96,532600,5.13,36700,4.95,388600,5.14,29500,3805500,2294100,15:41:46.378
000931.SZ,000931,20260420,20260420,11:10:30.000,111030000,79,5.05,5.19,5.19,4.95,5.2,5.72,4.68,15553963,7797.4089,15485,5.04,75500,5.05,90700,5.03,110700,5.06,91900,5.02,133800,5.07,64800,5.01,226300,5.08,66000,5.0,361600,5.09,34000,4.99,112400,5.1,40800,4.98,280500,5.11,30500,4.97,182700,5.12,113200,4.96,532600,5.13,36700,4.95,388600,5.14,29500,3804300,2294100,15:41:46.515
000931.SZ,000931,20260420,20260420,11:10:33.000,111033000,79,5.05,5.19,5.19,4.95,5.2,5.72,4.68,15553963,7797.4089,15485,5.04,76700,5.05,91100,5.03,110700,5.06,91900,5.02,133800,5.07,64800,5.01,226300,5.08,66000,5.0,361600,5.09,34000,4.99,112400,5.1,40800,4.98,280500,5.11,30500,4.97,182700,5.12,113200,4.96,532600,5.13,36700,4.95,388600,5.14,29500,3805500,2294500,15:41:46.649
000931.SZ,000931,20260420,20260420,11:10:36.000,111036000,79,5.05,5.19,5.19,4.95,5.2,5.72,4.68,15554263,7797.5604,15486,5.04,77500,5.05,90800,5.03,110700,5.06,91900,5.02,133800,5.07,64800,5.01,226300,5.08,66000,5.0,361600,5.09,34000,4.99,112400,5.1,40800,4.98,280500,5.11,30500,4.97,182700,5.12,113200,4.96,532600,5.13,36700,4.95,388600,5.14,29500,3806300,2294200,15:41:46.790
000931.SZ,000931,20260420,20260420,11:10:39.000,111039000,79,5.04,5.19,5.19,4.95,5.2,5.72,4.68,15555263,7798.0644,15487,5.04,73800,5.05,91700,5.03,98200,5.06,91900,5.02,108600,5.07,64800,5.01,226300,5.08,66000,5.0,361600,5.09,34600,4.99,112400,5.1,40800,4.98,280500,5.11,30500,4.97,182700,5.12,113200,4.96,532600,5.13,36700,4.95,388600,5.14,29500,3764900,2295700,15:41:46.914
000931.SZ,000931,20260420,20260420,11:10:42.000,111042000,79,5.04,5.19,5.19,4.95,5.2,5.72,4.68,15555263,7798.0644,15487,5.04,73700,5.05,91700,5.03,98200,5.06,91900,5.02,108600,5.07,64800,5.01,226300,5.08,66000,5.0,361600,5.09,34600,4.99,112400,5.1,40800,4.98,280500,5.11,30500,4.97,182700,5.12,113200,4.96,532600,5.13,36700,4.95,388600,5.14,29500,3764800,2295700,15:41:47.060
000931.SZ,000931,20260420,20260420,11:10:45.000,111045000,79,5.04,5.19,5.19,4.95,5.2,5.72,4.68,15555263,7798.0644,15487,5.04,75500,5.05,91700,5.03,98200,5.06,91900,5.02,108600,5.07,64800,5.01,226300,5.08,66000,5.0,361600,5.09,34600,4.99,112400,5.1,40800,4.98,280500,5.11,30500,4.97,182700,5.12,113200,4.96,532600,5.13,36700,4.95,388600,5.14,29500,3766600,2295700,15:41:47.215
000931.SZ,000931,20260420,20260420,11:10:48.000,111048000,79,5.04,5.19,5.19,4.95,5.2,5.72,4.68,15555263,7798.0644,15487,5.04,76300,5.05,91700,5.03,124400,5.06,91900,5.02,108600,5.07,64800,5.01,226300,5.08,66000,5.0,362600,5.09,34600,4.99,112400,5.1,40800,4.98,280500,5.11,30500,4.97,182700,5.12,113200,4.96,532600,5.13,36700,4.95,388600,5.14,29500,3794600,2295700,15:41:47.484
000931.SZ,000931,20260420,20260420,11:10:54.000,111054000,79,5.04,5.19,5.19,4.95,5.2,5.72,4.68,15555263,7798.0644,15487,5.04,78000,5.05,91700,5.03,124400,5.06,91900,5.02,108600,5.07,64800,5.01,226300,5.08,66000,5.0,362600,5.09,34600,4.99,112400,5.1,40800,4.98,280500,5.11,30500,4.97,182700,5.12,113200,4.96,532600,5.13,36700,4.95,388600,5.14,29500,3796300,2295700,15:41:47.743
000931.SZ,000931,20260420,20260420,11:10:57.000,111057000,79,5.04,5.19,5.19,4.95,5.2,5.72,4.68,15555263,7798.0644,15487,5.04,78900,5.05,91700,5.03,124400,5.06,91900,5.02,108600,5.07,64800,5.01,226300,5.08,66000,5.0,362600,5.09,44600,4.99,112400,5.1,40800,4.98,280500,5.11,30500,4.97,182700,5.12,113200,4.96,532600,5.13,36700,4.95,388600,5.14,29500,3797200,2305700,15:41:47.914
000931.SZ,000931,20260420,20260420,11:11:00.000,111100000,79,5.04,5.19,5.19,4.95,5.2,5.72,4.68,15555263,7798.0644,15487,5.04,78900,5.05,91700,5.03,124400,5.06,91900,5.02,108600,5.07,64800,5.01,226300,5.08,66000,5.0,400700,5.09,44600,4.99,112200,5.1,40800,4.98,280500,5.11,30500,4.97,182700,5.12,113200,4.96,532600,5.13,36700,4.95,388600,5.14,29500,3835100,2305700,15:41:48.203
000931.SZ,000931,20260420,20260420,11:11:03.000,111103000,79,5.05,5.19,5.19,4.95,5.2,5.72,4.68,15559563,7800.2359,15509,5.04,79000,5.05,87400,5.03,124400,5.06,91900,5.02,108600,5.07,64800,5.01,226300,5.08,66000,5.0,400700,5.09,44600,4.99,112200,5.1,40800,4.98,280500,5.11,30500,4.97,182700,5.12,113200,4.96,532600,5.13,36700,4.95,388600,5.14,29500,3835200,2301400,15:41:48.310
000931.SZ,000931,20260420,20260420,11:11:06.000,111106000,79,5.05,5.19,5.19,4.95,5.2,5.72,4.68,15559963,7800.4379,15510,5.04,79000,5.05,82200,5.03,124400,5.06,101900,5.02,108600,5.07,64800,5.01,226300,5.08,66000,5.0,400700,5.09,44600,4.99,112200,5.1,40800,4.98,280500,5.11,30500,4.97,182700,5.12,113200,4.96,532600,5.13,36700,4.95,388600,5.14,29500,3835200,2306200,15:41:48.576
000931.SZ,000931,20260420,20260420,11:11:09.000,111109000,79,5.05,5.19,5.19,4.95,5.2,5.72,4.68,15559963,7800.4379,15510,5.04,80500,5.05,82200,5.03,124400,5.06,101900,5.02,108600,5.07,64800,5.01,226300,5.08,66000,5.0,400700,5.09,44600,4.99,117200,5.1,40800,4.98,280500,5.11,30500,4.97,182700,5.12,113200,4.96,532600,5.13,36700,4.95,388600,5.14,29500,3841700,2306200,15:41:48.736
000931.SZ,000931,20260420,20260420,11:11:12.000,111112000,79,5.05,5.19,5.19,4.95,5.2,5.72,4.68,15559963,7800.4379,15510,5.04,80500,5.05,82200,5.03,124400,5.06,101900,5.02,108600,5.07,64800,5.01,226300,5.08,66000,5.0,400700,5.09,44600,4.99,117200,5.1,40800,4.98,280500,5.11,30500,4.97,182700,5.12,113200,4.96,533100,5.13,36700,4.95,388600,5.14,29500,3842200,2306200,15:41:48.881
000931.SZ,000931,20260420,20260420,11:11:15.000,111115000,79,5.05,5.19,5.19,4.95,5.2,5.72,4.68,15559963,7800.4379,15510,5.04,80500,5.05,82200,5.03,124400,5.06,101900,5.02,108600,5.07,64800,5.01,226300,5.08,66000,5.0,401200,5.09,44600,4.99,117200,5.1,40800,4.98,280500,5.11,30500,4.97,182700,5.12,113200,4.96,533100,5.13,36700,4.95,388600,5.14,29500,3842700,2306200,15:41:49.022
000931.SZ,000931,20260420,20260420,11:11:21.000,111121000,79,5.05,5.19,5.19,4.95,5.2,5.72,4.68,15559963,7800.4379,15510,5.04,81100,5.05,82200,5.03,124400,5.06,101900,5.02,108600,5.07,64800,5.01,226300,5.08,66000,5.0,401200,5.09,44600,4.99,117200,5.1,40800,4.98,280500,5.11,30500,4.97,182700,5.12,113200,4.96,533100,5.13,36700,4.95,388600,5.14,29500,3843300,2306200,15:41:49.386
000931.SZ,000931,20260420,20260420,11:11:24.000,111124000,79,5.04,5.19,5.19,4.95,5.2,5.72,4.68,15560863,7800.8915,15513,5.04,81500,5.05,82200,5.03,124400,5.06,101900,5.02,108600,5.07,64800,5.01,226300,5.08,66000,5.0,401200,5.09,44600,4.99,117200,5.1,40800,4.98,280500,5.11,30500,4.97,182700,5.12,113200,4.96,533100,5.13,36700,4.95,388600,5.14,29500,3843700,2306200,15:41:49.615
000931.SZ,000931,20260420,20260420,11:11:27.000,111127000,79,5.04,5.19,5.19,4.95,5.2,5.72,4.68,15560863,7800.8915,15513,5.04,81800,5.05,82200,5.03,124400,5.06,101900,5.02,108600,5.07,64800,5.01,226300,5.08,66000,5.0,401200,5.09,44600,4.99,117200,5.1,40800,4.98,280500,5.11,30500,4.97,182700,5.12,113200,4.96,533100,5.13,36700,4.95,388600,5.14,29500,3846700,2307200,15:41:49.789
000931.SZ,000931,20260420,20260420,11:11:30.000,111130000,79,5.04,5.19,5.19,4.95,5.2,5.72,4.68,15560863,7800.8915,15513,5.04,81800,5.05,82700,5.03,124400,5.06,101800,5.02,108600,5.07,64800,5.01,226300,5.08,66000,5.0,401200,5.09,44600,4.99,117200,5.1,40800,4.98,280500,5.11,30500,4.97,182700,5.12,113200,4.96,533100,5.13,36700,4.95,388600,5.14,29500,3846700,2307600,15:41:49.960
000931.SZ,000931,20260420,20260420,11:11:33.000,111133000,79,5.05,5.19,5.19,4.95,5.2,5.72,4.68,15561063,7800.9925,15514,5.04,81800,5.05,83700,5.03,124400,5.06,101800,5.02,108600,5.07,64800,5.01,226300,5.08,67000,5.0,401200,5.09,44600,4.99,117200,5.1,40800,4.98,280500,5.11,30500,4.97,182700,5.12,113200,4.96,533100,5.13,36700,4.95,388600,5.14,29500,3846700,2309600,15:41:50.117
000931.SZ,000931,20260420,20260420,11:11:39.000,111139000,79,5.05,5.19,5.19,4.95,5.2,5.72,4.68,15561063,7800.9925,15514,5.04,82900,5.05,83700,5.03,124400,5.06,101800,5.02,108600,5.07,64800,5.01,226300,5.08,67000,5.0,401200,5.09,44600,4.99,117200,5.1,40800,4.98,280500,5.11,30500,4.97,182700,5.12,113200,4.96,533100,5.13,36700,4.95,388600,5.14,29500,3847800,2309600,15:41:50.448
000931.SZ,000931,20260420,20260420,11:11:42.000,111142000,79,5.05,5.19,5.19,4.95,5.2,5.72,4.68,15561063,7800.9925,15514,5.04,84000,5.05,85400,5.03,124400,5.06,101800,5.02,108600,5.07,64800,5.01,226300,5.08,67000,5.0,401200,5.09,44600,4.99,117200,5.1,40800,4.98,280500,5.11,30500,4.97,182700,5.12,113200,4.96,533100,5.13,36700,4.95,388600,5.14,29500,3848900,2311300,15:41:50.593
000931.SZ,000931,20260420,20260420,11:11:45.000,111145000,79,5.04,5.19,5.19,4.95,5.2,5.72,4.68,15561863,7801.3957,15516,5.04,84200,5.05,85400,5.03,124400,5.06,101800,5.02,108600,5.07,64800,5.01,226300,5.08,67000,5.0,401200,5.09,44600,4.99,117200,5.1,40800,4.98,280500,5.11,30500,4.97,182700,5.12,113200,4.96,533100,5.13,36700,4.95,388600,5.14,29500,3849100,2311300,15:41:50.798
000931.SZ,000931,20260420,20260420,11:11:48.000,111148000,79,5.04,5.19,5.19,4.95,5.2,5.72,4.68,15561863,7801.3957,15516,5.04,95600,5.05,85400,5.03,124400,5.06,101800,5.02,108600,5.07,64800,5.01,226300,5.08,67000,5.0,404000,5.09,44600,4.99,117200,5.1,40800,4.98,280500,5.11,30500,4.97,182700,5.12,113200,4.96,533100,5.13,36700,4.95,388600,5.14,29500,3863300,2311300,15:41:51.010
000931.SZ,000931,20260420,20260420,11:11:54.000,111154000,79,5.05,5.19,5.19,4.95,5.2,5.72,4.68,15563163,7802.0522,15517,5.04,95600,5.05,84800,5.03,124400,5.06,101800,5.02,108600,5.07,64800,5.01,226300,5.08,67000,5.0,404000,5.09,44600,4.99,117200,5.1,40800,4.98,280500,5.11,30500,4.97,182700,5.12,113200,4.96,533100,5.13,36700,4.95,388600,5.14,29500,3863300,2310700,15:41:51.356
000931.SZ,000931,20260420,20260420,11:11:57.000,111157000,79,5.04,5.19,5.19,4.95,5.2,5.72,4.68,15564063,7802.5058,15518,5.04,95900,5.05,84800,5.03,125400,5.06,101800,5.02,108600,5.07,64800,5.01,226300,5.08,67000,5.0,404000,5.09,44600,4.99,117200,5.1,40800,4.98,280500,5.11,30500,4.97,182700,5.12,113200,4.96,533100,5.13,36700,4.95,388600,5.14,29500,3864600,2310700,15:41:51.511
000931.SZ,000931,20260420,20260420,11:12:00.000,111200000,79,5.05,5.19,5.19,4.95,5.2,5.72,4.68,15565063,7803.0108,15519,5.04,95900,5.05,83800,5.03,125400,5.06,101800,5.02,108600,5.07,64800,5.01,226300,5.08,67000,5.0,404000,5.09,44600,4.99,117200,5.1,40800,4.98,280500,5.11,30500,4.97,182700,5.12,113200,4.96,533100,5.13,36700,4.95,388600,5.14,29500,3864600,2309700,15:41:51.604
000931.SZ,000931,20260420,20260420,11:12:03.000,111203000,79,5.05,5.19,5.19,4.95,5.2,5.72,4.68,15568363,7804.6773,15537,5.04,105000,5.05,80800,5.03,125400,5.06,101800,5.02,108600,5.07,64800,5.01,226300,5.08,67000,5.0,409000,5.09,44600,4.99,117200,5.1,40800,4.98,280500,5.11,30500,4.97,182700,5.12,113200,4.96,533100,5.13,36700,4.95,388600,5.14,29500,3878700,2306700,15:41:51.938
000931.SZ,000931,20260420,20260420,11:12:06.000,111206000,79,5.05,5.19,5.19,4.95,5.2,5.72,4.68,15569663,7805.3338,15540,5.04,105400,5.05,80100,5.03,125400,5.06,102200,5.02,108600,5.07,64800,5.01,226300,5.08,67000,5.0,409000,5.09,44600,4.99,117200,5.1,40800,4.98,280500,5.11,30500,4.97,182700,5.12,113200,4.96,533100,5.13,36700,4.95,388600,5.14,29500,3879100,2306400,15:41:52.100
000931.SZ,000931,20260420,20260420,11:12:09.000,111209000,79,5.05,5.19,5.19,4.95,5.2,5.72,4.68,15569663,7805.3338,15540,5.04,105400,5.05,81000,5.03,125400,5.06,102200,5.02,108600,5.07,64800,5.01,226300,5.08,67000,5.0,409000,5.09,44600,4.99,121100,5.1,40800,4.98,280500,5.11,30500,4.97,182700,5.12,113200,4.96,533100,5.13,36700,4.95,388600,5.14,29500,3883000,2307300,15:41:52.223
000931.SZ,000931,20260420,20260420,11:12:15.000,111215000,79,5.05,5.19,5.19,4.95,5.2,5.72,4.68,15569963,7805.4853,15541,5.04,105400,5.05,80700,5.03,126600,5.06,102200,5.02,108600,5.07,64800,5.01,226300,5.08,67000,5.0,409000,5.09,44600,4.99,121100,5.1,40800,4.98,280500,5.11,30500,4.97,182700,5.12,113200,4.96,533100,5.13,36700,4.95,388600,5.14,29500,3884200,2307000,15:41:52.560
000931.SZ,000931,20260420,20260420,11:12:18.000,111218000,79,5.04,5.19,5.19,4.95,5.2,5.72,4.68,15570563,7805.7877,15542,5.04,105600,5.05,80700,5.03,126600,5.06,102200,5.02,108600,5.07,64800,5.01,226300,5.08,67000,5.0,409000,5.09,44600,4.99,121100,5.1,40800,4.98,280500,5.11,30500,4.97,182700,5.12,113200,4.96,533100,5.13,36700,4.95,388600,5.14,29500,3884400,2307000,15:41:52.685
000931.SZ,000931,20260420,20260420,11:12:21.000,111221000,79,5.04,5.19,5.19,4.95,5.2,5.72,4.68,15570563,7805.7877,15542,5.04,106400,5.05,80700,5.03,126600,5.06,102200,5.02,108600,5.07,64800,5.01,226300,5.08,67000,5.0,409000,5.09,44600,4.99,121100,5.1,40800,4.98,280500,5.11,30500,4.97,182700,5.12,113200,4.96,533100,5.13,36700,4.95,388600,5.14,29500,3888200,2307000,15:41:52.859
000931.SZ,000931,20260420,20260420,11:12:24.000,111224000,79,5.04,5.19,5.19,4.95,5.2,5.72,4.68,15570763,7805.8885,15543,5.04,106200,5.05,80700,5.03,126600,5.06,102200,5.02,108600,5.07,64800,5.01,226300,5.08,67000,5.0,409000,5.09,44600,4.99,121100,5.1,40800,4.98,280500,5.11,30500,4.97,182700,5.12,113200,4.96,533100,5.13,36700,4.95,388600,5.14,29500,3888000,2307000,15:41:53.015
000931.SZ,000931,20260420,20260420,11:12:27.000,111227000,79,5.05,5.19,5.19,4.95,5.2,5.72,4.68,15571163,7806.0905,15544,5.04,106200,5.05,80300,5.03,125400,5.06,102200,5.02,108600,5.07,64800,5.01,226300,5.08,67000,5.0,409000,5.09,44600,4.99,121100,5.1,40800,4.98,280500,5.11,30500,4.97,182700,5.12,113200,4.96,533100,5.13,36700,4.95,388600,5.14,29500,3886800,2306600,15:41:53.148
000931.SZ,000931,20260420,20260420,11:12:30.000,111230000,79,5.04,5.19,5.19,4.95,5.2,5.72,4.68,15571263,7806.1409,15545,5.04,98800,5.05,80300,5.03,125400,5.06,102200,5.02,108600,5.07,64800,5.01,226300,5.08,67000,5.0,409000,5.09,44600,4.99,121100,5.1,40800,4.98,280500,5.11,30500,4.97,182700,5.12,113200,4.96,533100,5.13,36700,4.95,388600,5.14,29500,3879400,2306600,15:41:53.219
000931.SZ,000931,20260420,20260420,11:12:33.000,111233000,79,5.04,5.19,5.19,4.95,5.2,5.72,4.68,15571263,7806.1409,15545,5.04,99600,5.05,80300,5.03,125400,5.06,102200,5.02,108600,5.07,64800,5.01,226300,5.08,67000,5.0,409000,5.09,44600,4.99,121100,5.1,40800,4.98,280500,5.11,30500,4.97,182700,5.12,113200,4.96,533100,5.13,36700,4.95,388600,5.14,29500,3880200,2306600,15:41:53.379
000931.SZ,000931,20260420,20260420,11:12:42.000,111242000,79,5.04,5.19,5.19,4.95,5.2,5.72,4.68,15572263,7806.6449,15546,5.04,99300,5.05,80300,5.03,125400,5.06,102200,5.02,108600,5.07,64800,5.01,226300,5.08,67000,5.0,409000,5.09,44600,4.99,121100,5.1,40800,4.98,280500,5.11,30500,4.97,182700,5.12,113200,4.96,533100,5.13,36700,4.95,388600,5.14,29500,3879900,2306600,15:41:53.874
000931.SZ,000931,20260420,20260420,11:12:48.000,111248000,79,5.04,5.19,5.19,4.95,5.2,5.72,4.68,15572263,7806.6449,15546,5.04,100100,5.05,80300,5.03,125400,5.06,102200,5.02,109600,5.07,64800,5.01,226300,5.08,67000,5.0,409000,5.09,44600,4.99,121100,5.1,40800,4.98,280500,5.11,30500,4.97,182700,5.12,113200,4.96,533100,5.13,36700,4.95,388600,5.14,29500,3881700,2306600,15:41:54.122
000931.SZ,000931,20260420,20260420,11:12:54.000,111254000,79,5.04,5.19,5.19,4.95,5.2,5.72,4.68,15572263,7806.6449,15546,5.04,101300,5.05,80600,5.03,125400,5.06,102200,5.02,109600,5.07,64800,5.01,226300,5.08,67000,5.0,409000,5.09,44600,4.99,121100,5.1,40800,4.98,280500,5.11,30500,4.97,182700,5.12,113200,4.96,533100,5.13,36700,4.95,388600,5.14,29500,3882900,2306900,15:41:54.391
000931.SZ,000931,20260420,20260420,11:12:57.000,111257000,79,5.04,5.19,5.19,4.95,5.2,5.72,4.68,15572263,7806.6449,15546,5.04,105300,5.05,80600,5.03,125400,5.06,102200,5.02,109600,5.07,64800,5.01,226300,5.08,67000,5.0,409000,5.09,44600,4.99,121100,5.1,40800,4.98,280500,5.11,30500,4.97,182700,5.12,113200,4.96,533100,5.13,36700,4.95,388600,5.14,29500,3886900,2306900,15:41:54.567
000931.SZ,000931,20260420,20260420,11:13:00.000,111300000,79,5.04,5.19,5.19,4.95,5.2,5.72,4.68,15572263,7806.6449,15546,5.04,109300,5.05,80600,5.03,125400,5.06,102200,5.02,109600,5.07,64800,5.01,226300,5.08,67000,5.0,409000,5.09,44600,4.99,121100,5.1,40800,4.98,280500,5.11,30500,4.97,182700,5.12,113200,4.96,533100,5.13,36700,4.95,388600,5.14,29500,3890900,2306900,15:41:54.712
000931.SZ,000931,20260420,20260420,11:13:03.000,111303000,79,5.04,5.19,5.19,4.95,5.2,5.72,4.68,15572963,7806.9977,15547,5.04,108600,5.05,79400,5.03,125400,5.06,102400,5.02,109600,5.07,64800,5.01,226300,5.08,67000,5.0,409000,5.09,44600,4.99,121100,5.1,40800,4.98,280500,5.11,30500,4.97,182700,5.12,113200,4.96,533100,5.13,36700,4.95,388600,5.14,29500,3888600,2305900,15:41:55.033
000931.SZ,000931,20260420,20260420,11:13:06.000,111306000,79,5.04,5.19,5.19,4.95,5.2,5.72,4.68,15574063,7807.5521,15548,5.04,107500,5.05,79400,5.03,125400,5.06,102400,5.02,109600,5.07,64800,5.01,226300,5.08,67000,5.0,409000,5.09,44600,4.99,121100,5.1,40800,4.98,280500,5.11,30500,4.97,182700,5.12,113200,4.96,533100,5.13,36700,4.95,388600,5.14,29500,3887500,2305900,15:41:55.200
000931.SZ,000931,20260420,20260420,11:13:09.000,111309000,79,5.05,5.19,5.19,4.95,5.2,5.72,4.68,15576063,7808.5621,15552,5.04,108000,5.05,79200,5.03,125400,5.06,102400,5.02,109600,5.07,64800,5.01,226300,5.08,67000,5.0,409000,5.09,44600,4.99,121100,5.1,40800,4.98,280500,5.11,30500,4.97,182700,5.12,113200,4.96,533100,5.13,36700,4.95,388600,5.14,29500,3888000,2305700,15:41:55.346
000931.SZ,000931,20260420,20260420,11:13:12.000,111312000,79,5.05,5.19,5.19,4.95,5.2,5.72,4.68,15576563,7808.8146,15554,5.04,108000,5.05,78700,5.03,125400,5.06,102400,5.02,109600,5.07,64800,5.01,226300,5.08,67000,5.0,409000,5.09,44600,4.99,121100,5.1,40800,4.98,280500,5.11,30500,4.97,182700,5.12,113200,4.96,533100,5.13,36700,4.95,388600,5.14,29500,3888000,2305200,15:41:55.529
000931.SZ,000931,20260420,20260420,11:13:15.000,111315000,79,5.05,5.19,5.19,4.95,5.2,5.72,4.68,15576563,7808.8146,15554,5.04,108000,5.05,80400,5.03,125400,5.06,102400,5.02,109600,5.07,64800,5.01,226300,5.08,67000,5.0,409000,5.09,44600,4.99,121100,5.1,40800,4.98,281000,5.11,30500,4.97,182700,5.12,113200,4.96,533100,5.13,36700,4.95,388600,5.14,29500,3888500,2306900,15:41:55.672
000931.SZ,000931,20260420,20260420,11:13:18.000,111318000,79,5.05,5.19,5.19,4.95,5.2,5.72,4.68,15576563,7808.8146,15554,5.04,108000,5.05,80700,5.03,125400,5.06,102400,5.02,109600,5.07,64800,5.01,226300,5.08,67000,5.0,409000,5.09,44600,4.99,121100,5.1,40800,4.98,281000,5.11,30500,4.97,182700,5.12,113200,4.96,533100,5.13,36700,4.95,388600,5.14,29500,3888500,2307200,15:41:55.961
000931.SZ,000931,20260420,20260420,11:13:21.000,111321000,79,5.04,5.19,5.19,4.95,5.2,5.72,4.68,15579363,7810.228,15564,5.04,107400,5.05,78500,5.03,125400,5.06,102400,5.02,108800,5.07,64800,5.01,226300,5.08,67000,5.0,409000,5.09,44600,4.99,121100,5.1,40800,4.98,281000,5.11,30500,4.97,182700,5.12,113200,4.96,533100,5.13,36700,4.95,388600,5.14,29500,3887100,2305000,15:41:56.030
000931.SZ,000931,20260420,20260420,11:13:24.000,111324000,79,5.04,5.19,5.19,4.95,5.2,5.72,4.68,15580463,7810.7824,15565,5.04,106300,5.05,81800,5.03,125400,5.06,102400,5.02,108800,5.07,64800,5.01,226300,5.08,67000,5.0,409000,5.09,44600,4.99,121100,5.1,40800,4.98,281000,5.11,30500,4.97,182700,5.12,113200,4.96,533100,5.13,36700,4.95,388600,5.14,29500,3886000,2308300,15:41:56.030
000931.SZ,000931,20260420,20260420,11:13:36.000,111336000,79,5.04,5.19,5.19,4.95,5.2,5.72,4.68,15580463,7810.7824,15565,5.04,107000,5.05,82200,5.03,125400,5.06,102400,5.02,108800,5.07,64800,5.01,226300,5.08,67000,5.0,409000,5.09,44600,4.99,121100,5.1,40800,4.98,281000,5.11,30500,4.97,182700,5.12,113200,4.96,533100,5.13,36700,4.95,388600,5.14,29500,3886700,2308700,15:41:56.627
000931.SZ,000931,20260420,20260420,11:13:39.000,111339000,79,5.04,5.19,5.19,4.95,5.2,5.72,4.68,15580463,7810.7824,15565,5.04,107800,5.05,82200,5.03,125400,5.06,102400,5.02,108800,5.07,64800,5.01,226300,5.08,67000,5.0,409000,5.09,44600,4.99,121100,5.1,40800,4.98,281000,5.11,30500,4.97,182700,5.12,113200,4.96,533100,5.13,36700,4.95,388600,5.14,29500,3887500,2308700,15:41:56.747
000931.SZ,000931,20260420,20260420,11:13:42.000,111342000,79,5.04,5.19,5.19,4.95,5.2,5.72,4.68,15580463,7810.7824,15565,5.04,107800,5.05,82300,5.03,125400,5.06,102400,5.02,108800,5.07,64800,5.01,226300,5.08,67000,5.0,409100,5.09,44600,4.99,121100,5.1,40800,4.98,281000,5.11,30500,4.97,182700,5.12,113200,4.96,533100,5.13,36700,4.95,388600,5.14,29500,3887600,2308800,15:41:56.871
000931.SZ,000931,20260420,20260420,11:13:45.000,111345000,79,5.04,5.19,5.19,4.95,5.2,5.72,4.68,15581963,7811.5384,15566,5.04,106300,5.05,80800,5.03,125400,5.06,102400,5.02,108800,5.07,64800,5.01,224900,5.08,67000,5.0,409100,5.09,44600,4.99,121100,5.1,40800,4.98,281000,5.11,30500,4.97,182700,5.12,113200,4.96,533100,5.13,36700,4.95,388600,5.14,29500,3884700,2307300,15:41:57.012
000931.SZ,000931,20260420,20260420,11:13:48.000,111348000,79,5.04,5.19,5.19,4.95,5.2,5.72,4.68,15581963,7811.5384,15566,5.04,106300,5.05,81300,5.03,125400,5.06,102400,5.02,108800,5.07,64800,5.01,224900,5.08,67000,5.0,409100,5.09,44600,4.99,121100,5.1,40800,4.98,281000,5.11,30500,4.97,182700,5.12,113200,4.96,533100,5.13,36700,4.95,388600,5.14,29500,3884700,2307800,15:41:57.122
000931.SZ,000931,20260420,20260420,11:13:51.000,111351000,79,5.04,5.19,5.19,4.95,5.2,5.72,4.68,15581963,7811.5384,15566,5.04,106700,5.05,81300,5.03,125400,5.06,102400,5.02,108800,5.07,64800,5.01,224900,5.08,67000,5.0,409100,5.09,44600,4.99,121100,5.1,40800,4.98,295300,5.11,30500,4.97,182700,5.12,113200,4.96,533100,5.13,36700,4.95,388600,5.14,29500,3899400,2307800,15:41:57.266
000931.SZ,000931,20260420,20260420,11:13:54.000,111354000,79,5.04,5.19,5.19,4.95,5.2,5.72,4.68,15581963,7811.5384,15566,5.04,106700,5.05,81300,5.03,125400,5.06,102400,5.02,108800,5.07,64800,5.01,224900,5.08,67000,5.0,409100,5.09,44600,4.99,121100,5.1,40800,4.98,295300,5.11,30500,4.97,182700,5.12,113200,4.96,533200,5.13,36700,4.95,388600,5.14,29500,3899500,2307800,15:41:57.406
000931.SZ,000931,20260420,20260420,11:13:57.000,111357000,79,5.04,5.19,5.19,4.95,5.2,5.72,4.68,15581963,7811.5384,15566,5.04,106700,5.05,82300,5.03,125400,5.06,102400,5.02,108800,5.07,64800,5.01,224900,5.08,67000,5.0,409100,5.09,44600,4.99,121100,5.1,40800,4.98,295300,5.11,30500,4.97,182700,5.12,113200,4.96,533200,5.13,36700,4.95,388600,5.14,29500,3899500,2308800,15:41:57.561
000931.SZ,000931,20260420,20260420,11:14:00.000,111400000,79,5.04,5.19,5.19,4.95,5.2,5.72,4.68,15581963,7811.5384,15566,5.04,106700,5.05,82300,5.03,125400,5.06,102400,5.02,108800,5.07,64800,5.01,224900,5.08,67000,5.0,409100,5.09,44600,4.99,121100,5.1,40800,4.98,295300,5.11,30500,4.97,182200,5.12,113200,4.96,533200,5.13,36700,4.95,388600,5.14,29500,3899000,2308800,15:41:57.711
000931.SZ,000931,20260420,20260420,11:14:09.000,111409000,79,5.04,5.19,5.19,4.95,5.2,5.72,4.68,15581963,7811.5384,15566,5.04,106700,5.05,81800,5.03,125400,5.06,102400,5.02,108800,5.07,64800,5.01,224900,5.08,67000,5.0,409100,5.09,44600,4.99,121100,5.1,40800,4.98,295300,5.11,30500,4.97,182200,5.12,113200,4.96,533200,5.13,36700,4.95,388600,5.14,29500,3899000,2308300,15:41:58.325
000931.SZ,000931,20260420,20260420,11:14:15.000,111415000,79,5.04,5.19,5.19,4.95,5.2,5.72,4.68,15581963,7811.5384,15566,5.04,110400,5.05,81800,5.03,125400,5.06,102400,5.02,108800,5.07,64800,5.01,224900,5.08,67000,5.0,409100,5.09,44600,4.99,121100,5.1,40800,4.98,295300,5.11,30500,4.97,182200,5.12,113200,4.96,533200,5.13,36700,4.95,388600,5.14,29500,3902700,2308300,15:41:58.591
000931.SZ,000931,20260420,20260420,11:14:18.000,111418000,79,5.04,5.19,5.19,4.95,5.2,5.72,4.68,15581963,7811.5384,15566,5.04,110400,5.05,81800,5.03,125400,5.06,102400,5.02,108800,5.07,64800,5.01,224900,5.08,67000,5.0,409100,5.09,44600,4.99,121100,5.1,40800,4.98,295300,5.11,30500,4.97,183200,5.12,113200,4.96,533200,5.13,36700,4.95,388600,5.14,29500,3903700,2308300,15:41:58.727
000931.SZ,000931,20260420,20260420,11:14:21.000,111421000,79,5.04,5.19,5.19,4.95,5.2,5.72,4.68,15582163,7811.6392,15567,5.04,110200,5.05,81800,5.03,125400,5.06,102400,5.02,108800,5.07,64800,5.01,224900,5.08,67000,5.0,409100,5.09,44600,4.99,121100,5.1,40800,4.98,295300,5.11,30500,4.97,183200,5.12,113200,4.96,533200,5.13,36700,4.95,388600,5.14,29500,3903500,2308300,15:41:58.863
000931.SZ,000931,20260420,20260420,11:14:24.000,111424000,79,5.04,5.19,5.19,4.95,5.2,5.72,4.68,15583063,7812.0928,15569,5.04,109300,5.05,81800,5.03,125400,5.06,102400,5.02,108800,5.07,61000,5.01,224900,5.08,67000,5.0,409100,5.09,44600,4.99,121100,5.1,40800,4.98,295300,5.11,30500,4.97,183200,5.12,113200,4.96,533200,5.13,36700,4.95,388600,5.14,29500,3902600,2304500,15:41:59.113
000931.SZ,000931,20260420,20260420,11:14:30.000,111430000,79,5.04,5.19,5.19,4.95,5.2,5.72,4.68,15583063,7812.0928,15569,5.04,109300,5.05,81700,5.03,125400,5.06,102500,5.02,108800,5.07,61000,5.01,224900,5.08,67000,5.0,409100,5.09,44600,4.99,121100,5.1,40800,4.98,295300,5.11,30500,4.97,183200,5.12,113200,4.96,533200,5.13,36700,4.95,388600,5.14,29500,3902600,2304500,15:41:59.354
000931.SZ,000931,20260420,20260420,11:14:33.000,111433000,79,5.04,5.19,5.19,4.95,5.2,5.72,4.68,15583663,7812.3952,15571,5.04,108700,5.05,81500,5.03,125400,5.06,102500,5.02,108800,5.07,61000,5.01,224900,5.08,67000,5.0,409100,5.09,44600,4.99,121100,5.1,40800,4.98,295300,5.11,30500,4.97,183200,5.12,113200,4.96,533200,5.13,36700,4.95,388600,5.14,29500,3902000,2304300,15:41:59.511
000931.SZ,000931,20260420,20260420,11:14:36.000,111436000,79,5.04,5.19,5.19,4.95,5.2,5.72,4.68,15584063,7812.5968,15574,5.04,108300,5.05,81400,5.03,125400,5.06,102500,5.02,108800,5.07,61000,5.01,224900,5.08,67000,5.0,409100,5.09,44600,4.99,121100,5.1,40800,4.98,299300,5.11,30500,4.97,183200,5.12,113200,4.96,533200,5.13,36700,4.95,388600,5.14,29500,3905600,2304200,15:41:59.698
000931.SZ,000931,20260420,20260420,11:14:39.000,111439000,79,5.04,5.19,5.19,4.95,5.2,5.72,4.68,15584063,7812.5968,15574,5.04,112300,5.05,81400,5.03,125400,5.06,102500,5.02,108800,5.07,61000,5.01,224900,5.08,67000,5.0,409100,5.09,44600,4.99,121100,5.1,40800,4.98,299300,5.11,30500,4.97,183200,5.12,113200,4.96,533200,5.13,36700,4.95,388600,5.14,29500,3909600,2304200,15:41:59.866
000931.SZ,000931,20260420,20260420,11:14:42.000,111442000,79,5.04,5.19,5.19,4.95,5.2,5.72,4.68,15584063,7812.5968,15574,5.04,115900,5.05,81400,5.03,125400,5.06,102500,5.02,108800,5.07,61000,5.01,224900,5.08,67000,5.0,409100,5.09,44600,4.99,121100,5.1,40800,4.98,299300,5.11,30500,4.97,183200,5.12,113200,4.96,533200,5.13,36700,4.95,388600,5.14,29500,3913200,2304200,15:42:00.042
000931.SZ,000931,20260420,20260420,11:14:51.000,111451000,79,5.04,5.19,5.19,4.95,5.2,5.72,4.68,15584063,7812.5968,15574,5.04,115900,5.05,81400,5.03,125400,5.06,102500,5.02,108800,5.07,61000,5.01,224900,5.08,67000,5.0,409100,5.09,44600,4.99,121100,5.1,40800,4.98,299300,5.11,30500,4.97,183200,5.12,113200,4.96,533200,5.13,36700,4.95,389900,5.14,29500,3914500,2304200,15:42:00.383
000931.SZ,000931,20260420,20260420,11:15:00.000,111500000,79,5.04,5.19,5.19,4.95,5.2,5.72,4.68,15584063,7812.5968,15574,5.04,115400,5.05,81400,5.03,125400,5.06,102500,5.02,108800,5.07,61000,5.01,224900,5.08,67000,5.0,408100,5.09,44600,4.99,121100,5.1,40800,4.98,299300,5.11,30500,4.97,183200,5.12,113200,4.96,533200,5.13,36700,4.95,389900,5.14,29500,3913000,2304200,15:42:00.797
000931.SZ,000931,20260420,20260420,11:15:03.000,111503000,79,5.04,5.19,5.19,4.95,5.2,5.72,4.68,15584363,7812.748,15575,5.04,115100,5.05,81400,5.03,125400,5.06,102600,5.02,108800,5.07,61000,5.01,224900,5.08,67000,5.0,408100,5.09,44600,4.99,121100,5.1,40800,4.98,299300,5.11,30500,4.97,183200,5.12,113200,4.96,533200,5.13,36700,4.95,389900,5.14,29500,3912700,2304300,15:42:00.917
000931.SZ,000931,20260420,20260420,11:15:09.000,111509000,79,5.05,5.19,5.19,4.95,5.2,5.72,4.68,15584863,7813.0005,15576,5.04,115100,5.05,81700,5.03,125400,5.06,102600,5.02,108800,5.07,61000,5.01,224900,5.08,67000,5.0,408100,5.09,44600,4.99,121100,5.1,40800,4.98,299300,5.11,30500,4.97,183200,5.12,113200,4.96,533200,5.13,36700,4.95,389900,5.14,29500,3912700,2304600,15:42:01.049
000931.SZ,000931,20260420,20260420,11:15:12.000,111512000,79,5.05,5.19,5.19,4.95,5.2,5.72,4.68,15584863,7813.0005,15576,5.04,115200,5.05,81700,5.03,125400,5.06,102600,5.02,108800,5.07,61000,5.01,224900,5.08,67000,5.0,408100,5.09,44600,4.99,121100,5.1,40800,4.98,299300,5.11,30500,4.97,183200,5.12,113200,4.96,533200,5.13,36700,4.95,389900,5.14,29500,3912800,2304600,15:42:01.071
000931.SZ,000931,20260420,20260420,11:15:15.000,111515000,79,5.05,5.19,5.19,4.95,5.2,5.72,4.68,15584863,7813.0005,15576,5.04,115200,5.05,81700,5.03,125500,5.06,102600,5.02,108800,5.07,61000,5.01,224900,5.08,67000,5.0,408100,5.09,44600,4.99,121100,5.1,40800,4.98,299300,5.11,30500,4.97,183200,5.12,113200,4.96,533200,5.13,36700,4.95,389900,5.14,29500,3912900,2304600,15:42:01.095
000931.SZ,000931,20260420,20260420,11:15:18.000,111518000,79,5.05,5.19,5.19,4.95,5.2,5.72,4.68,15584863,7813.0005,15576,5.04,115200,5.05,82300,5.03,125500,5.06,102600,5.02,108800,5.07,61000,5.01,224900,5.08,67000,5.0,408100,5.09,44600,4.99,121100,5.1,40800,4.98,299300,5.11,30500,4.97,183200,5.12,113200,4.96,533200,5.13,36700,4.95,389900,5.14,29500,3912900,2305200,15:42:01.118
000931.SZ,000931,20260420,20260420,11:15:24.000,111524000,79,5.05,5.19,5.19,4.95,5.2,5.72,4.68,15584863,7813.0005,15576,5.04,113100,5.05,92300,5.03,126500,5.06,102600,5.02,108800,5.07,61000,5.01,224900,5.08,67000,5.0,408100,5.09,44600,4.99,121100,5.1,40800,4.98,299300,5.11,30500,4.97,183200,5.12,113200,4.96,533200,5.13,36700,4.95,389900,5.14,29500,3915700,2315200,15:42:01.193
000931.SZ,000931,20260420,20260420,11:15:27.000,111527000,79,5.05,5.19,5.19,4.95,5.2,5.72,4.68,15584863,7813.0005,15576,5.04,113100,5.05,93100,5.03,126500,5.06,102600,5.02,108800,5.07,61000,5.01,224900,5.08,67000,5.0,408100,5.09,44600,4.99,121100,5.1,40800,4.98,299300,5.11,30500,4.97,183200,5.12,113200,4.96,533200,5.13,36700,4.95,389900,5.14,29500,3915700,2316000,15:42:01.224
000931.SZ,000931,20260420,20260420,11:15:30.000,111530000,79,5.05,5.19,5.19,4.95,5.2,5.72,4.68,15584863,7813.0005,15576,5.04,113100,5.05,93200,5.03,126500,5.06,102600,5.02,108800,5.07,61000,5.01,224900,5.08,67000,5.0,408100,5.09,44600,4.99,121100,5.1,40800,4.98,299300,5.11,30500,4.97,183200,5.12,113200,4.96,533200,5.13,36700,4.95,389900,5.14,29500,3915700,2316100,15:42:01.314
000931.SZ,000931,20260420,20260420,11:15:36.000,111536000,79,5.05,5.19,5.19,4.95,5.2,5.72,4.68,15584863,7813.0005,15576,5.04,114700,5.05,93200,5.03,126500,5.06,102600,5.02,108800,5.07,61000,5.01,224900,5.08,67000,5.0,408100,5.09,44600,4.99,121100,5.1,40800,4.98,299300,5.11,30500,4.97,183200,5.12,113200,4.96,533200,5.13,36700,4.95,389900,5.14,29500,3917300,2316100,15:42:01.566
000931.SZ,000931,20260420,20260420,11:15:39.000,111539000,79,5.05,5.19,5.19,4.95,5.2,5.72,4.68,15586863,7814.0105,15582,5.04,114700,5.05,91600,5.03,126500,5.06,102600,5.02,108800,5.07,61000,5.01,224900,5.08,67000,5.0,408100,5.09,44600,4.99,121100,5.1,40800,4.98,299300,5.11,30500,4.97,183200,5.12,113200,4.96,533200,5.13,36700,4.95,389900,5.14,29500,3917300,2314500,15:42:01.696
000931.SZ,000931,20260420,20260420,11:15:42.000,111542000,79,5.05,5.19,5.19,4.95,5.2,5.72,4.68,15586863,7814.0105,15582,5.04,114700,5.05,92200,5.03,126500,5.06,102600,5.02,108800,5.07,61000,5.01,224900,5.08,67000,5.0,408100,5.09,44600,4.99,121100,5.1,40800,4.98,299300,5.11,30500,4.97,183200,5.12,113200,4.96,533200,5.13,36700,4.95,389900,5.14,29500,3917300,2315100,15:42:01.843
000931.SZ,000931,20260420,20260420,11:15:48.000,111548000,79,5.05,5.19,5.19,4.95,5.2,5.72,4.68,15586863,7814.0105,15582,5.04,114700,5.05,92500,5.03,126500,5.06,102600,5.02,108800,5.07,61000,5.01,224900,5.08,67000,5.0,408100,5.09,44600,4.99,121100,5.1,40800,4.98,299300,5.11,30500,4.97,183200,5.12,113200,4.96,533200,5.13,36700,4.95,389900,5.14,29500,3917300,2315400,15:42:02.144
000931.SZ,000931,20260420,20260420,11:15:54.000,111554000,79,5.05,5.19,5.19,4.95,5.2,5.72,4.68,15586863,7814.0105,15582,5.04,115200,5.05,92500,5.03,126500,5.06,102600,5.02,108800,5.07,61000,5.01,224900,5.08,67000,5.0,408100,5.09,44600,4.99,121100,5.1,40800,4.98,299300,5.11,30500,4.97,183200,5.12,113200,4.96,533200,5.13,36700,4.95,389900,5.14,29500,3917800,2315400,15:42:02.422
000931.SZ,000931,20260420,20260420,11:15:57.000,111557000,79,5.05,5.19,5.19,4.95,5.2,5.72,4.68,15592063,7816.6365,15595,5.04,115200,5.05,87600,5.03,126500,5.06,102600,5.02,108800,5.07,61000,5.01,224900,5.08,67000,5.0,408100,5.09,44600,4.99,121100,5.1,40800,4.98,299300,5.11,30500,4.97,183200,5.12,113200,4.96,533200,5.13,36700,4.95,389900,5.14,29500,3917800,2310500,15:42:02.554
000931.SZ,000931,20260420,20260420,11:16:00.000,111600000,79,5.05,5.19,5.19,4.95,5.2,5.72,4.68,15592063,7816.6365,15595,5.04,115200,5.05,91900,5.03,126500,5.06,102600,5.02,109000,5.07,61000,5.01,224900,5.08,67000,5.0,408100,5.09,44600,4.99,121100,5.1,40800,4.98,299300,5.11,30500,4.97,183200,5.12,113200,4.96,533200,5.13,36700,4.95,389900,5.14,29500,3918000,2314800,15:42:02.782
000931.SZ,000931,20260420,20260420,11:16:03.000,111603000,79,5.05,5.19,5.19,4.95,5.2,5.72,4.68,15592063,7816.6365,15595,5.04,115200,5.05,92200,5.03,126500,5.06,102600,5.02,109000,5.07,61000,5.01,224900,5.08,67000,5.0,408100,5.09,44600,4.99,121100,5.1,40800,4.98,299300,5.11,30500,4.97,183200,5.12,113200,4.96,533200,5.13,36700,4.95,389900,5.14,29500,3918000,2315100,15:42:02.946
000931.SZ,000931,20260420,20260420,11:16:06.000,111606000,79,5.05,5.19,5.19,4.95,5.2,5.72,4.68,15592063,7816.6365,15595,5.04,115200,5.05,92500,5.03,126500,5.06,102600,5.02,109000,5.07,61000,5.01,224900,5.08,67000,5.0,408100,5.09,44600,4.99,121100,5.1,40800,4.98,299300,5.11,30500,4.97,183200,5.12,113200,4.96,533200,5.13,36700,4.95,389900,5.14,29500,3918000,2315400,15:42:03.162
000931.SZ,000931,20260420,20260420,11:16:09.000,111609000,79,5.05,5.19,5.19,4.95,5.2,5.72,4.68,15616963,7829.211,15625,5.04,115200,5.05,68900,5.03,126500,5.06,102700,5.02,109000,5.07,61000,5.01,224900,5.08,67000,5.0,406100,5.09,44600,4.99,121100,5.1,40800,4.98,299300,5.11,30500,4.97,183200,5.12,113200,4.96,533200,5.13,36700,4.95,389900,5.14,29500,3916000,2291900,15:42:03.267
000931.SZ,000931,20260420,20260420,11:16:12.000,111612000,79,5.05,5.19,5.19,4.95,5.2,5.72,4.68,15617463,7829.4635,15626,5.04,116200,5.05,69800,5.03,126500,5.06,102700,5.02,109000,5.07,61000,5.01,224900,5.08,67000,5.0,406100,5.09,44600,4.99,121100,5.1,40800,4.98,299300,5.11,30500,4.97,183200,5.12,113200,4.96,533200,5.13,36700,4.95,389900,5.14,29500,3917000,2292800,15:42:03.394
000931.SZ,000931,20260420,20260420,11:16:15.000,111615000,79,5.05,5.19,5.19,4.95,5.2,5.72,4.68,15618663,7830.0695,15628,5.04,116200,5.05,72100,5.03,126500,5.06,102700,5.02,109000,5.07,61000,5.01,224900,5.08,67000,5.0,406100,5.09,44600,4.99,121100,5.1,40800,4.98,299300,5.11,30500,4.97,183200,5.12,113200,4.96,533200,5.13,36700,4.95,389900,5.14,29500,3917000,2295100,15:42:03.535
000931.SZ,000931,20260420,20260420,11:16:18.000,111618000,79,5.05,5.19,5.19,4.95,5.2,5.72,4.68,15618663,7830.0695,15628,5.04,116200,5.05,74000,5.03,126500,5.06,102700,5.02,109000,5.07,61000,5.01,224900,5.08,67000,5.0,406100,5.09,44600,4.99,121100,5.1,40800,4.98,299300,5.11,30500,4.97,183200,5.12,113200,4.96,533200,5.13,36700,4.95,389900,5.14,29500,3917000,2297000,15:42:03.684
000931.SZ,000931,20260420,20260420,11:16:21.000,111621000,79,5.05,5.19,5.19,4.95,5.2,5.72,4.68,15618663,7830.0695,15628,5.04,117800,5.05,74200,5.03,126500,5.06,102700,5.02,109000,5.07,61000,5.01,224900,5.08,67000,5.0,406100,5.09,44600,4.99,121100,5.1,40800,4.98,299300,5.11,30500,4.97,183200,5.12,113200,4.96,533200,5.13,36700,4.95,389900,5.14,29500,3918600,2297200,15:42:03.809
000931.SZ,000931,20260420,20260420,11:16:24.000,111624000,79,5.05,5.19,5.19,4.95,5.2,5.72,4.68,15618863,7830.1705,15629,5.04,118800,5.05,74000,5.03,126500,5.06,102700,5.02,109000,5.07,61000,5.01,224900,5.08,67000,5.0,406100,5.09,44600,4.99,121100,5.1,40800,4.98,299300,5.11,30500,4.97,183200,5.12,113200,4.96,533200,5.13,36700,4.95,389900,5.14,29500,3919600,2297000,15:42:04.091
000931.SZ,000931,20260420,20260420,11:16:30.000,111630000,79,5.05,5.19,5.19,4.95,5.2,5.72,4.68,15618863,7830.1705,15629,5.04,118800,5.05,77000,5.03,126500,5.06,102700,5.02,109000,5.07,61000,5.01,224900,5.08,67000,5.0,406100,5.09,44600,4.99,121100,5.1,40800,4.98,299300,5.11,30500,4.97,183200,5.12,113200,4.96,533200,5.13,36700,4.95,389900,5.14,29500,3919600,2299800,15:42:04.360
000931.SZ,000931,20260420,20260420,11:16:33.000,111633000,79,5.04,5.19,5.19,4.95,5.2,5.72,4.68,15628863,7835.2105,15634,5.04,108800,5.05,77200,5.03,126500,5.06,102700,5.02,109000,5.07,61000,5.01,224900,5.08,67000,5.0,406100,5.09,44600,4.99,121100,5.1,40800,4.98,299300,5.11,30500,4.97,183200,5.12,113200,4.96,533200,5.13,36700,4.95,389900,5.14,29500,3909600,2300000,15:42:04.432
000931.SZ,000931,20260420,20260420,11:16:36.000,111636000,79,5.04,5.19,5.19,4.95,5.2,5.72,4.68,15628863,7835.2105,15634,5.04,108800,5.05,77300,5.03,126500,5.06,102700,5.02,109000,5.07,61000,5.01,224900,5.08,67000,5.0,406100,5.09,44600,4.99,121100,5.1,40800,4.98,299300,5.11,30500,4.97,183200,5.12,113200,4.96,533200,5.13,36700,4.95,389900,5.14,29500,3909600,2300100,15:42:04.538
000931.SZ,000931,20260420,20260420,11:16:39.000,111639000,79,5.04,5.19,5.19,4.95,5.2,5.72,4.68,15629963,7835.7649,15636,5.04,107700,5.05,77300,5.03,126500,5.06,100700,5.02,109000,5.07,61000,5.01,224900,5.08,67000,5.0,406100,5.09,44600,4.99,121100,5.1,40800,4.98,299300,5.11,30500,4.97,183200,5.12,113200,4.96,533200,5.13,36700,4.95,389900,5.14,29500,3908500,2298100,15:42:04.799
000931.SZ,000931,20260420,20260420,11:16:42.000,111642000,79,5.04,5.19,5.19,4.95,5.2,5.72,4.68,15629963,7835.7649,15636,5.04,108000,5.05,77300,5.03,126500,5.06,100700,5.02,109000,5.07,61000,5.01,224900,5.08,67000,5.0,406100,5.09,44600,4.99,121100,5.1,40800,4.98,299300,5.11,30500,4.97,183200,5.12,113200,4.96,533200,5.13,36700,4.95,389900,5.14,29500,3908800,2298100,15:42:04.888
000931.SZ,000931,20260420,20260420,11:16:45.000,111645000,79,5.04,5.19,5.19,4.95,5.2,5.72,4.68,15644763,7843.2241,15651,5.04,93200,5.05,137900,5.03,126600,5.06,100700,5.02,109000,5.07,61000,5.01,224900,5.08,67000,5.0,406100,5.09,44600,4.99,121100,5.1,40800,4.98,299300,5.11,30500,4.97,183200,5.12,113200,4.96,533200,5.13,36700,4.95,389900,5.14,29500,3894100,2358700,15:42:05.031
000931.SZ,000931,20260420,20260420,11:16:48.000,111648000,79,5.04,5.19,5.19,4.95,5.2,5.72,4.68,15661663,7851.7417,15686,5.04,77100,5.05,135200,5.03,126600,5.06,100700,5.02,109000,5.07,61000,5.01,224900,5.08,67000,5.0,406100,5.09,44600,4.99,121100,5.1,40800,4.98,299300,5.11,30500,4.97,183200,5.12,113200,4.96,533200,5.13,36700,4.95,389900,5.14,29500,3878000,2356000,15:42:05.208
000931.SZ,000931,20260420,20260420,11:16:51.000,111651000,79,5.04,5.19,5.19,4.95,5.2,5.72,4.68,15663963,7852.9009,15695,5.04,74900,5.05,135200,5.03,126600,5.06,100700,5.02,109000,5.07,61000,5.01,224900,5.08,67000,5.0,406100,5.09,44600,4.99,121100,5.1,40800,4.98,299300,5.11,30500,4.97,183200,5.12,113200,4.96,533200,5.13,36700,4.95,389900,5.14,29500,3875800,2356000,15:42:05.341
000931.SZ,000931,20260420,20260420,11:16:54.000,111654000,79,5.04,5.19,5.19,4.95,5.2,5.72,4.68,15663963,7852.9009,15695,5.04,75600,5.05,135200,5.03,128200,5.06,100700,5.02,109000,5.07,61000,5.01,224900,5.08,67000,5.0,406100,5.09,44600,4.99,121100,5.1,40800,4.98,299300,5.11,30500,4.97,183200,5.12,113200,4.96,533200,5.13,36700,4.95,389900,5.14,29500,3878100,2356000,15:42:05.484
000931.SZ,000931,20260420,20260420,11:16:57.000,111657000,79,5.04,5.19,5.19,4.95,5.2,5.72,4.68,15689663,7865.8537,15722,5.04,51400,5.05,137200,5.03,128200,5.06,100700,5.02,109000,5.07,61000,5.01,224900,5.08,67000,5.0,406100,5.09,44600,4.99,121100,5.1,40800,4.98,299300,5.11,30500,4.97,183200,5.12,113200,4.96,533200,5.13,36700,4.95,389900,5.14,29500,3853900,2358000,15:42:05.671
000931.SZ,000931,20260420,20260420,11:17:00.000,111700000,79,5.04,5.19,5.19,4.95,5.2,5.72,4.68,15695863,7868.9785,15728,5.04,45800,5.05,138100,5.03,128200,5.06,100400,5.02,109000,5.07,61000,5.01,224900,5.08,67000,5.0,406100,5.09,44600,4.99,121100,5.1,40800,4.98,299300,5.11,30500,4.97,183200,5.12,113200,4.96,533200,5.13,36700,4.95,389900,5.14,29500,3848300,2358600,15:42:05.949
000931.SZ,000931,20260420,20260420,11:17:03.000,111703000,79,5.04,5.19,5.19,4.95,5.2,5.72,4.68,15695863,7868.9785,15728,5.04,46700,5.05,138100,5.03,128200,5.06,100400,5.02,109000,5.07,61000,5.01,224900,5.08,67000,5.0,406100,5.09,44600,4.99,121100,5.1,40800,4.98,299300,5.11,30500,4.97,183200,5.12,113200,4.96,533200,5.13,36700,4.95,389900,5.14,29500,3849200,2358600,15:42:06.106
000931.SZ,000931,20260420,20260420,11:17:06.000,111706000,79,5.04,5.19,5.19,4.95,5.2,5.72,4.68,15697263,7869.6841,15731,5.04,45900,5.05,138100,5.03,128200,5.06,100500,5.02,109000,5.07,61000,5.01,224900,5.08,67000,5.0,406100,5.09,44600,4.99,121100,5.1,40800,4.98,299300,5.11,30500,4.97,183200,5.12,113200,4.96,533200,5.13,36700,4.95,389900,5.14,29500,3848400,2358700,15:42:06.299
000931.SZ,000931,20260420,20260420,11:17:09.000,111709000,79,5.04,5.19,5.19,4.95,5.2,5.72,4.68,15698963,7870.5409,15734,5.04,44200,5.05,138100,5.03,129000,5.06,100500,5.02,109000,5.07,61000,5.01,224900,5.08,67000,5.0,406100,5.09,44600,4.99,121100,5.1,40800,4.98,299300,5.11,30500,4.97,183200,5.12,113200,4.96,533200,5.13,36700,4.95,389900,5.14,29500,3847500,2358700,15:42:06.452
000931.SZ,000931,20260420,20260420,11:17:15.000,111715000,79,5.04,5.19,5.19,4.95,5.2,5.72,4.68,15698963,7870.5409,15734,5.04,52800,5.05,138100,5.03,129800,5.06,100500,5.02,109000,5.07,61000,5.01,224900,5.08,67000,5.0,406100,5.09,44600,4.99,121100,5.1,40800,4.98,299300,5.11,30500,4.97,183200,5.12,113200,4.96,533200,5.13,36700,4.95,389900,5.14,29500,3856900,2358700,15:42:06.737
000931.SZ,000931,20260420,20260420,11:17:18.000,111718000,79,5.04,5.19,5.19,4.95,5.2,5.72,4.68,15698963,7870.5409,15734,5.04,53400,5.05,138100,5.03,129800,5.06,100500,5.02,109000,5.07,61000,5.01,224900,5.08,67000,5.0,406100,5.09,44600,4.99,121100,5.1,40800,4.98,299300,5.11,30500,4.97,183200,5.12,113200,4.96,533200,5.13,36700,4.95,389900,5.14,29500,3857500,2358700,15:42:06.888
000931.SZ,000931,20260420,20260420,11:17:21.000,111721000,79,5.04,5.19,5.19,4.95,5.2,5.72,4.68,15706463,7874.3209,15745,5.04,63900,5.05,138100,5.03,129800,5.06,100500,5.02,109000,5.07,61000,5.01,224900,5.08,67000,5.0,406100,5.09,44600,4.99,121100,5.1,40800,4.98,299300,5.11,30500,4.97,183200,5.12,113200,4.96,533200,5.13,36700,4.95,389900,5.14,29500,3868000,2358700,15:42:07.122
000931.SZ,000931,20260420,20260420,11:17:24.000,111724000,79,5.05,5.19,5.19,4.95,5.2,5.72,4.68,15708463,7875.3309,15746,5.04,66100,5.05,136100,5.03,129800,5.06,100500,5.02,109000,5.07,61000,5.01,224900,5.08,67000,5.0,406100,5.09,44600,4.99,121100,5.1,40800,4.98,299300,5.11,30500,4.97,183200,5.12,113200,4.96,533200,5.13,36700,4.95,389900,5.14,29500,3870200,2356700,15:42:07.261
000931.SZ,000931,20260420,20260420,11:17:27.000,111727000,79,5.05,5.19,5.19,4.95,5.2,5.72,4.68,15708463,7875.3309,15746,5.04,67700,5.05,136100,5.03,129800,5.06,100500,5.02,109000,5.07,61000,5.01,224900,5.08,67000,5.0,406100,5.09,44600,4.99,121100,5.1,40800,4.98,299300,5.11,30500,4.97,183200,5.12,113200,4.96,533200,5.13,36700,4.95,389900,5.14,29500,3871800,2356700,15:42:07.564
000931.SZ,000931,20260420,20260420,11:17:30.000,111730000,79,5.05,5.19,5.19,4.95,5.2,5.72,4.68,15708463,7875.3309,15746,5.04,93900,5.05,137600,5.03,129800,5.06,100500,5.02,109000,5.07,61000,5.01,224900,5.08,67000,5.0,406100,5.09,44600,4.99,121100,5.1,40800,4.98,299300,5.11,30500,4.97,183200,5.12,113200,4.96,533200,5.13,36700,4.95,389900,5.14,29500,3898000,2358200,15:42:07.847
000931.SZ,000931,20260420,20260420,11:17:33.000,111733000,79,5.05,5.19,5.19,4.95,5.2,5.72,4.68,15708463,7875.3309,15746,5.04,94800,5.05,137600,5.03,129800,5.06,100500,5.02,109000,5.07,61000,5.01,224900,5.08,67000,5.0,406100,5.09,44600,4.99,121100,5.1,40800,4.98,299300,5.11,30500,4.97,183200,5.12,113200,4.96,533200,5.13,36700,4.95,389900,5.14,29500,3898900,2358200,15:42:07.971
000931.SZ,000931,20260420,20260420,11:17:36.000,111736000,79,5.05,5.19,5.19,4.95,5.2,5.72,4.68,15708463,7875.3309,15746,5.04,94500,5.05,136200,5.03,129800,5.06,100500,5.02,109000,5.07,61000,5.01,224900,5.08,67000,5.0,406100,5.09,44600,4.99,121100,5.1,40800,4.98,299300,5.11,30500,4.97,183200,5.12,113200,4.96,533200,5.13,36700,4.95,389900,5.14,29500,3898600,2356800,15:42:08.232
000931.SZ,000931,20260420,20260420,11:17:39.000,111739000,79,5.05,5.19,5.19,4.95,5.2,5.72,4.68,15708463,7875.3309,15746,5.04,95300,5.05,136700,5.03,129800,5.06,100500,5.02,109000,5.07,61000,5.01,224900,5.08,67000,5.0,408100,5.09,44600,4.99,121100,5.1,40800,4.98,299300,5.11,30500,4.97,183200,5.12,113200,4.96,533200,5.13,36700,4.95,389900,5.14,29500,3901400,2357300,15:42:08.375
000931.SZ,000931,20260420,20260420,11:17:42.000,111742000,79,5.05,5.19,5.19,4.95,5.2,5.72,4.68,15708463,7875.3309,15746,5.04,76700,5.05,136700,5.03,129800,5.06,100200,5.02,109000,5.07,61000,5.01,224900,5.08,67000,5.0,408100,5.09,44600,4.99,121100,5.1,40800,4.98,299300,5.11,30500,4.97,183200,5.12,113200,4.96,533200,5.13,36700,4.95,389900,5.14,29500,3882800,2357000,15:42:08.501
000931.SZ,000931,20260420,20260420,11:17:45.000,111745000,79,5.04,5.19,5.19,4.95,5.2,5.72,4.68,15728563,7885.4613,15756,5.04,56600,5.05,144900,5.03,129800,5.06,100200,5.02,109000,5.07,61000,5.01,224900,5.08,67000,5.0,408100,5.09,44600,4.99,121100,5.1,40800,4.98,299300,5.11,30500,4.97,183200,5.12,113200,4.96,533200,5.13,36700,4.95,389900,5.14,29500,3862700,2365200,15:42:08.658
000931.SZ,000931,20260420,20260420,11:17:48.000,111748000,79,5.04,5.19,5.19,4.95,5.2,5.72,4.68,15728563,7885.4613,15756,5.04,57400,5.05,145200,5.03,129800,5.06,100200,5.02,109000,5.07,61000,5.01,224900,5.08,67000,5.0,408100,5.09,44600,4.99,121100,5.1,40800,4.98,299300,5.11,30500,4.97,183200,5.12,113200,4.96,533200,5.13,36700,4.95,389900,5.14,29500,3863500,2365500,15:42:08.834
000931.SZ,000931,20260420,20260420,11:17:51.000,111751000,79,5.04,5.19,5.19,4.95,5.2,5.72,4.68,15728563,7885.4613,15756,5.04,68900,5.05,147000,5.03,129800,5.06,100200,5.02,109000,5.07,61000,5.01,224900,5.08,67000,5.0,408100,5.09,44600,4.99,121100,5.1,40800,4.98,299300,5.11,30500,4.97,183200,5.12,113200,4.96,533200,5.13,36700,4.95,389900,5.14,29500,3875000,2367300,15:42:09.045
000931.SZ,000931,20260420,20260420,11:17:54.000,111754000,79,5.04,5.19,5.19,4.95,5.2,5.72,4.68,15728563,7885.4613,15756,5.04,68900,5.05,148100,5.03,129800,5.06,100200,5.02,109000,5.07,61000,5.01,224900,5.08,67000,5.0,408100,5.09,44600,4.99,121100,5.1,40800,4.98,299300,5.11,30500,4.97,183200,5.12,113200,4.96,533200,5.13,36700,4.95,389900,5.14,29500,3875000,2368400,15:42:09.215
000931.SZ,000931,20260420,20260420,11:17:57.000,111757000,79,5.04,5.19,5.19,4.95,5.2,5.72,4.68,15728563,7885.4613,15756,5.04,68900,5.05,149100,5.03,129800,5.06,100200,5.02,109000,5.07,61000,5.01,224900,5.08,67000,5.0,408100,5.09,44600,4.99,121100,5.1,40800,4.98,299300,5.11,30500,4.97,183200,5.12,113200,4.96,533200,5.13,36700,4.95,389900,5.14,29500,3875000,2369400,15:42:09.378
000931.SZ,000931,20260420,20260420,11:18:00.000,111800000,79,5.04,5.19,5.19,4.95,5.2,5.72,4.68,15728563,7885.4613,15756,5.04,69700,5.05,149100,5.03,131000,5.06,100200,5.02,109000,5.07,61000,5.01,224900,5.08,67000,5.0,408100,5.09,44600,4.99,121100,5.1,40800,4.98,299300,5.11,30500,4.97,183200,5.12,113200,4.96,533200,5.13,36700,4.95,389900,5.14,29500,3877000,2369400,15:42:09.655
000931.SZ,000931,20260420,20260420,11:18:03.000,111803000,79,5.04,5.19,5.19,4.95,5.2,5.72,4.68,15729163,7885.7637,15757,5.04,68300,5.05,149100,5.03,132900,5.06,100200,5.02,109000,5.07,61000,5.01,224900,5.08,67000,5.0,408600,5.09,44600,4.99,121100,5.1,40800,4.98,299300,5.11,30500,4.97,183200,5.12,113200,4.96,533200,5.13,36700,4.95,389900,5.14,29500,3878000,2369400,15:42:09.812
000931.SZ,000931,20260420,20260420,11:18:06.000,111806000,79,5.04,5.19,5.19,4.95,5.2,5.72,4.68,15729163,7885.7637,15757,5.04,57700,5.05,149100,5.03,132900,5.06,100200,5.02,109000,5.07,61000,5.01,224900,5.08,67000,5.0,408600,5.09,44600,4.99,121100,5.1,40800,4.98,299300,5.11,30500,4.97,183200,5.12,113200,4.96,533200,5.13,36700,4.95,389900,5.14,29500,3867400,2369400,15:42:09.932
000931.SZ,000931,20260420,20260420,11:18:09.000,111809000,79,5.04,5.19,5.19,4.95,5.2,5.72,4.68,15729163,7885.7637,15757,5.04,61700,5.05,149100,5.03,132900,5.06,100200,5.02,109000,5.07,61000,5.01,224900,5.08,67000,5.0,408600,5.09,44600,4.99,121100,5.1,40800,4.98,299300,5.11,30500,4.97,183200,5.12,113200,4.96,533200,5.13,36700,4.95,389900,5.14,29500,3871400,2369400,15:42:10.074
000931.SZ,000931,20260420,20260420,11:18:12.000,111812000,79,5.04,5.19,5.19,4.95,5.2,5.72,4.68,15729963,7886.167,15759,5.04,61000,5.05,149000,5.03,132900,5.06,100200,5.02,109000,5.07,61000,5.01,224900,5.08,67000,5.0,408600,5.09,44600,4.99,121100,5.1,40800,4.98,299300,5.11,30500,4.97,183200,5.12,113200,4.96,533200,5.13,36700,4.95,389900,5.14,29500,3870700,2369300,15:42:10.182
000931.SZ,000931,20260420,20260420,11:18:15.000,111815000,79,5.04,5.19,5.19,4.95,5.2,5.72,4.68,15730163,7886.2678,15760,5.04,49300,5.05,149000,5.03,132900,5.06,100200,5.02,109000,5.07,61000,5.01,224900,5.08,67000,5.0,408600,5.09,44600,4.99,121100,5.1,40800,4.98,299300,5.11,30500,4.97,183200,5.12,113200,4.96,533200,5.13,36700,4.95,389900,5.14,29500,3859000,2369300,15:42:10.301
000931.SZ,000931,20260420,20260420,11:18:18.000,111818000,79,5.04,5.19,5.19,4.95,5.2,5.72,4.68,15730163,7886.2678,15760,5.04,49300,5.05,149000,5.03,132900,5.06,100200,5.02,109000,5.07,61000,5.01,224900,5.08,67000,5.0,408600,5.09,44600,4.99,121100,5.1,40800,4.98,299300,5.11,30500,4.97,183200,5.12,113200,4.96,533200,5.13,36700,4.95,389900,5.14,29500,3864000,2369300,15:42:10.553
000931.SZ,000931,20260420,20260420,11:18:21.000,111821000,79,5.04,5.19,5.19,4.95,5.2,5.72,4.68,15740163,7891.3078,15771,5.04,40100,5.05,161900,5.03,132900,5.06,100200,5.02,109000,5.07,61000,5.01,224900,5.08,67000,5.0,408600,5.09,44600,4.99,121100,5.1,40800,4.98,299300,5.11,30500,4.97,183200,5.12,113200,4.96,533200,5.13,36700,4.95,389900,5.14,29500,3854800,2382200,15:42:10.694
000931.SZ,000931,20260420,20260420,11:18:24.000,111824000,79,5.05,5.19,5.19,4.95,5.2,5.72,4.68,15742963,7892.7203,15776,5.04,38600,5.05,178400,5.03,132900,5.06,100200,5.02,109000,5.07,61000,5.01,224900,5.08,67000,5.0,408600,5.09,44600,4.99,121100,5.1,40800,4.98,299300,5.11,30500,4.97,183200,5.12,113200,4.96,533200,5.13,36700,4.95,389900,5.14,29500,3853300,2398700,15:42:10.844
000931.SZ,000931,20260420,20260420,11:18:27.000,111827000,79,5.04,5.19,5.19,4.95,5.2,5.72,4.68,15744463,7893.4763,15786,5.04,41100,5.05,179700,5.03,132900,5.06,100200,5.02,109000,5.07,61000,5.01,224900,5.08,67000,5.0,408600,5.09,44600,4.99,121100,5.1,40800,4.98,299300,5.11,30500,4.97,183200,5.12,113200,4.96,533200,5.13,36700,4.95,389900,5.14,29500,3855800,2400000,15:42:11.051
000931.SZ,000931,20260420,20260420,11:18:30.000,111830000,79,5.04,5.19,5.19,4.95,5.2,5.72,4.68,15748563,7895.5427,15792,5.04,37000,5.05,179700,5.03,133400,5.06,100200,5.02,109000,5.07,61000,5.01,224900,5.08,67000,5.0,408600,5.09,44600,4.99,121100,5.1,40800,4.98,299300,5.11,30500,4.97,183200,5.12,113200,4.96,533200,5.13,36700,4.95,389900,5.14,29500,3852200,2400000,15:42:11.099
000931.SZ,000931,20260420,20260420,11:18:33.000,111833000,79,5.04,5.19,5.19,4.95,5.2,5.72,4.68,15760363,7901.4899,15812,5.04,25200,5.05,178300,5.03,133400,5.06,100200,5.02,109000,5.07,61000,5.01,224400,5.08,67000,5.0,408600,5.09,44600,4.99,121100,5.1,40800,4.98,299300,5.11,30500,4.97,183200,5.12,113200,4.96,533200,5.13,36700,4.95,389900,5.14,29500,3839900,2398600,15:42:11.161
000931.SZ,000931,20260420,20260420,11:18:36.000,111836000,79,5.03,5.19,5.19,4.95,5.2,5.72,4.68,15782363,7912.5777,15836,5.03,115200,5.04,11400,5.02,109000,5.05,142100,5.01,224400,5.06,100000,5.0,408600,5.07,61000,4.99,121100,5.08,67000,4.98,299300,5.09,44600,4.97,183200,5.1,40800,4.96,533200,5.11,30500,4.95,389900,5.12,113200,4.94,67600,5.13,36700,3796500,2373600,15:42:11.363
000931.SZ,000931,20260420,20260420,11:18:39.000,111839000,79,5.03,5.19,5.19,4.95,5.2,5.72,4.68,15782963,7912.8795,15842,5.03,114600,5.04,19600,5.02,109000,5.05,141300,5.01,224400,5.06,100000,5.0,408600,5.07,61000,4.99,121100,5.08,67000,4.98,299300,5.09,44600,4.97,183200,5.1,40800,4.96,533200,5.11,30500,4.95,389900,5.12,113200,4.94,67600,5.13,36700,3795900,2381000,15:42:11.633
000931.SZ,000931,20260420,20260420,11:18:42.000,111842000,79,5.03,5.19,5.19,4.95,5.2,5.72,4.68,15783163,7912.9801,15843,5.03,180600,5.04,21500,5.02,109000,5.05,141100,5.01,224400,5.06,99000,5.0,405800,5.07,61000,4.99,121100,5.08,67000,4.98,299300,5.09,44600,4.97,183200,5.1,40800,4.96,533200,5.11,30500,4.95,389900,5.12,113200,4.94,67600,5.13,36700,3859100,2381700,15:42:11.772
000931.SZ,000931,20260420,20260420,11:18:45.000,111845000,79,5.04,5.19,5.19,4.95,5.2,5.72,4.68,15785563,7914.1893,15845,5.03,180200,5.04,25800,5.02,109000,5.05,141500,5.01,224400,5.06,98600,5.0,405800,5.07,61000,4.99,121100,5.08,67000,4.98,299300,5.09,44600,4.97,183200,5.1,40800,4.96,533200,5.11,30500,4.95,389900,5.12,113200,4.94,67600,5.13,36700,3858700,2386000,15:42:11.887
000931.SZ,000931,20260420,20260420,11:18:48.000,111848000,79,5.04,5.19,5.19,4.95,5.2,5.72,4.68,15786663,7914.7437,15847,5.03,179000,5.04,35700,5.02,109000,5.05,138900,5.01,224400,5.06,98600,5.0,405800,5.07,61000,4.99,121100,5.08,67000,4.98,299300,5.09,44600,4.97,183200,5.1,40800,4.96,533200,5.11,30500,4.95,389900,5.12,113200,4.94,67600,5.13,36700,3857500,2395300,15:42:12.048
000931.SZ,000931,20260420,20260420,11:18:51.000,111851000,79,5.04,5.19,5.19,4.95,5.2,5.72,4.68,15787763,7915.2981,15848,5.03,189000,5.04,48500,5.02,109000,5.05,138900,5.01,224400,5.06,97300,5.0,405800,5.07,61000,4.99,121100,5.08,67000,4.98,299300,5.09,44600,4.97,183200,5.1,40800,4.96,533200,5.11,30500,4.95,389900,5.12,113200,4.94,67600,5.13,36700,3867500,2406800,15:42:12.257
000931.SZ,000931,20260420,20260420,11:18:54.000,111854000,79,5.04,5.19,5.19,4.95,5.2,5.72,4.68,15787763,7915.2981,15848,5.03,189000,5.04,50400,5.02,109000,5.05,138900,5.01,224400,5.06,96400,5.0,405800,5.07,61000,4.99,121100,5.08,67000,4.98,299300,5.09,44600,4.97,183200,5.1,40800,4.96,533200,5.11,30500,4.95,389900,5.12,113200,4.94,67600,5.13,36700,3867500,2407800,15:42:12.491
000931.SZ,000931,20260420,20260420,11:18:57.000,111857000,79,5.03,5.19,5.19,4.95,5.2,5.72,4.68,15787863,7915.3484,15849,5.03,188900,5.04,52200,5.02,109000,5.05,138600,5.01,224400,5.06,95700,5.0,405800,5.07,61000,4.99,121100,5.08,67000,4.98,299300,5.09,44600,4.97,183200,5.1,40800,4.96,533200,5.11,30500,4.95,389900,5.12,113200,4.94,67600,5.13,36700,3867400,2408600,15:42:12.662
000931.SZ,000931,20260420,20260420,11:19:00.000,111900000,79,5.03,5.19,5.19,4.95,5.2,5.72,4.68,15787863,7915.3484,15849,5.03,188900,5.04,52300,5.02,109000,5.05,138900,5.01,224400,5.06,95700,5.0,405800,5.07,61000,4.99,121100,5.08,67000,4.98,299300,5.09,44600,4.97,183200,5.1,40800,4.96,533200,5.11,30500,4.95,389900,5.12,113200,4.94,67100,5.13,36700,3866900,2409000,15:42:12.834
000931.SZ,000931,20260420,20260420,11:19:03.000,111903000,79,5.03,5.19,5.19,4.95,5.2,5.72,4.68,15787863,7915.3484,15849,5.03,188900,5.04,52300,5.02,109000,5.05,138900,5.01,224400,5.06,94800,5.0,405800,5.07,61000,4.99,121100,5.08,67000,4.98,299300,5.09,44600,4.97,183200,5.1,40800,4.96,533200,5.11,30500,4.95,389900,5.12,113200,4.94,67100,5.13,36700,3866900,2408100,15:42:13.069
000931.SZ,000931,20260420,20260420,11:19:06.000,111906000,79,5.03,5.19,5.19,4.95,5.2,5.72,4.68,15787863,7915.3484,15849,5.03,189700,5.04,63300,5.02,109000,5.05,138900,5.01,224400,5.06,94800,5.0,405800,5.07,61000,4.99,121100,5.08,67000,4.98,299300,5.09,44600,4.97,183200,5.1,40800,4.96,533200,5.11,30500,4.95,389900,5.12,113200,4.94,67100,5.13,36700,3867700,2419100,15:42:13.161
000931.SZ,000931,20260420,20260420,11:19:09.000,111909000,79,5.04,5.19,5.19,4.95,5.2,5.72,4.68,15787963,7915.3988,15850,5.03,163500,5.04,64100,5.02,109000,5.05,138600,5.01,224400,5.06,94700,5.0,405800,5.07,61000,4.99,121100,5.08,67000,4.98,299300,5.09,44600,4.97,183200,5.1,40800,4.96,533200,5.11,30500,4.95,389900,5.12,113200,4.94,67100,5.13,36700,3841500,2419500,15:42:13.284
000931.SZ,000931,20260420,20260420,11:19:12.000,111912000,79,5.04,5.19,5.19,4.95,5.2,5.72,4.68,15787963,7915.3988,15850,5.03,163500,5.04,65400,5.02,109000,5.05,138600,5.01,224400,5.06,94300,5.0,405800,5.07,61000,4.99,121100,5.08,67000,4.98,299300,5.09,44600,4.97,183200,5.1,40800,4.96,533200,5.11,30500,4.95,389900,5.12,113200,4.94,67100,5.13,36700,3841500,2420400,15:42:13.536
000931.SZ,000931,20260420,20260420,11:19:15.000,111915000,79,5.04,5.19,5.19,4.95,5.2,5.72,4.68,15787963,7915.3988,15850,5.03,163500,5.04,65400,5.02,109000,5.05,136700,5.01,224400,5.06,94300,5.0,405800,5.07,61000,4.99,121100,5.08,67000,4.98,299300,5.09,44600,4.97,183200,5.1,40800,4.96,533200,5.11,30500,4.95,389900,5.12,113200,4.94,67100,5.13,36700,3841500,2418500,15:42:13.913
000931.SZ,000931,20260420,20260420,11:19:18.000,111918000,79,5.04,5.19,5.19,4.95,5.2,5.72,4.68,15787963,7915.3988,15850,5.03,163500,5.04,65700,5.02,109000,5.05,136100,5.01,224400,5.06,94300,5.0,405800,5.07,61000,4.99,121100,5.08,67000,4.98,299300,5.09,44600,4.97,183200,5.1,40800,4.96,533200,5.11,30500,4.95,389900,5.12,113200,4.94,67100,5.13,36700,3841500,2418200,15:42:13.918
000931.SZ,000931,20260420,20260420,11:19:21.000,111921000,79,5.04,5.19,5.19,4.95,5.2,5.72,4.68,15787963,7915.3988,15850,5.03,163500,5.04,70500,5.02,109000,5.05,136100,5.01,224400,5.06,94300,5.0,404800,5.07,61000,4.99,121100,5.08,67000,4.98,299300,5.09,44600,4.97,183200,5.1,40800,4.96,533200,5.11,30500,4.95,389900,5.12,113200,4.94,67100,5.13,36700,3840500,2423000,15:42:14.065
000931.SZ,000931,20260420,20260420,11:19:24.000,111924000,79,5.04,5.19,5.19,4.95,5.2,5.72,4.68,15787963,7915.3988,15850,5.03,163500,5.04,71400,5.02,109000,5.05,136100,5.01,224400,5.06,94300,5.0,404800,5.07,61000,4.99,121100,5.08,67000,4.98,299300,5.09,44600,4.97,183200,5.1,40800,4.96,533200,5.11,30500,4.95,389900,5.12,113200,4.94,67100,5.13,36700,3840500,2423900,15:42:14.176
000931.SZ,000931,20260420,20260420,11:19:27.000,111927000,79,5.04,5.19,5.19,4.95,5.2,5.72,4.68,15787963,7915.3988,15850,5.03,163500,5.04,66000,5.02,109000,5.05,136100,5.01,224400,5.06,94300,5.0,404800,5.07,61000,4.99,121100,5.08,67000,4.98,299300,5.09,44600,4.97,183200,5.1,40800,4.96,533200,5.11,30500,4.95,389900,5.12,113200,4.94,67100,5.13,36700,3840500,2418500,15:42:14.348
000931.SZ,000931,20260420,20260420,11:19:30.000,111930000,79,5.04,5.19,5.19,4.95,5.2,5.72,4.68,15787963,7915.3988,15850,5.03,163500,5.04,62400,5.02,109000,5.05,136100,5.01,224400,5.06,94300,5.0,404800,5.07,61000,4.99,121100,5.08,67000,4.98,299300,5.09,44600,4.97,183200,5.1,40800,4.96,533200,5.11,30500,4.95,389900,5.12,113200,4.94,67100,5.13,36700,3840500,2414900,15:42:14.520
000931.SZ,000931,20260420,20260420,11:19:33.000,111933000,79,5.03,5.19,5.19,4.95,5.2,5.72,4.68,15789363,7916.103,15853,5.03,162100,5.04,64200,5.02,109000,5.05,134700,5.01,224400,5.06,94300,5.0,404800,5.07,61000,4.99,121100,5.08,67000,4.98,299300,5.09,44600,4.97,183200,5.1,40800,4.96,533200,5.11,30500,4.95,389900,5.12,113200,4.94,67100,5.13,36700,3839100,2415300,15:42:14.696
000931.SZ,000931,20260420,20260420,11:19:36.000,111936000,79,5.03,5.19,5.19,4.95,5.2,5.72,4.68,15791363,7917.109,15859,5.03,159900,5.04,64700,5.02,109000,5.05,133400,5.01,224400,5.06,94000,5.0,404800,5.07,61000,4.99,121100,5.08,67000,4.98,299300,5.09,44600,4.97,183200,5.1,40800,4.96,533200,5.11,30500,4.95,389900,5.12,113200,4.94,67100,5.13,36700,3836900,2413900,15:42:14.853
000931.SZ,000931,20260420,20260420,11:19:39.000,111939000,79,5.03,5.19,5.19,4.95,5.2,5.72,4.68,15793063,7917.9641,15863,5.03,159400,5.04,65600,5.02,109000,5.05,130800,5.01,224400,5.06,94000,5.0,404800,5.07,61000,4.99,121100,5.08,67000,4.98,299300,5.09,44600,4.97,182900,5.1,40800,4.96,533200,5.11,30500,4.95,389900,5.12,113200,4.94,67100,5.13,36700,3836100,2412200,15:42:14.939
000931.SZ,000931,20260420,20260420,11:19:42.000,111942000,79,5.03,5.19,5.19,4.95,5.2,5.72,4.68,15793663,7918.2659,15865,5.03,174500,5.04,65000,5.02,109000,5.05,130800,5.01,224400,5.06,94000,5.0,404800,5.07,61000,4.99,121100,5.08,67000,4.98,299300,5.09,44600,4.97,182900,5.1,40800,4.96,533200,5.11,30500,4.95,389900,5.12,113200,4.94,67100,5.13,36700,3851200,2411600,15:42:15.141
000931.SZ,000931,20260420,20260420,11:19:45.000,111945000,79,5.03,5.19,5.19,4.95,5.2,5.72,4.68,15793663,7918.2659,15865,5.03,175700,5.04,65000,5.02,109000,5.05,130800,5.01,224400,5.06,94000,5.0,404800,5.07,61000,4.99,121100,5.08,67000,4.98,299300,5.09,44600,4.97,182900,5.1,40800,4.96,533200,5.11,30500,4.95,389900,5.12,113200,4.94,67100,5.13,36700,3852400,2411600,15:42:15.432
000931.SZ,000931,20260420,20260420,11:19:48.000,111948000,79,5.03,5.19,5.19,4.95,5.2,5.72,4.68,15793663,7918.2659,15865,5.03,175700,5.04,66000,5.02,109000,5.05,136200,5.01,224400,5.06,94000,5.0,404800,5.07,61000,4.99,121100,5.08,67000,4.98,299300,5.09,44600,4.97,182900,5.1,40800,4.96,533200,5.11,30500,4.95,389900,5.12,113200,4.94,67100,5.13,36700,3852400,2418000,15:42:15.588
000931.SZ,000931,20260420,20260420,11:19:51.000,111951000,79,5.03,5.19,5.19,4.95,5.2,5.72,4.68,15793663,7918.2659,15865,5.03,179700,5.04,66000,5.02,109000,5.05,136200,5.01,224400,5.06,94000,5.0,404800,5.07,61000,4.99,121100,5.08,67000,4.98,299300,5.09,44600,4.97,182900,5.1,40800,4.96,533200,5.11,30500,4.95,389900,5.12,113200,4.94,67100,5.13,36700,3856400,2418000,15:42:15.788
000931.SZ,000931,20260420,20260420,11:19:54.000,111954000,79,5.03,5.19,5.19,4.95,5.2,5.72,4.68,15793663,7918.2659,15865,5.03,183700,5.04,70500,5.02,109000,5.05,136200,5.01,224400,5.06,94000,5.0,404800,5.07,61000,4.99,121100,5.08,67000,4.98,299300,5.09,44600,4.97,182900,5.1,40800,4.96,533200,5.11,30500,4.95,389900,5.12,113200,4.94,67100,5.13,36700,3860400,2422500,15:42:15.954
000931.SZ,000931,20260420,20260420,11:19:57.000,111957000,79,5.03,5.19,5.19,4.95,5.2,5.72,4.68,15793663,7918.2659,15865,5.03,183900,5.04,70800,5.02,109000,5.05,140900,5.01,224400,5.06,94000,5.0,404800,5.07,61000,4.99,121100,5.08,67000,4.98,299300,5.09,44600,4.97,182900,5.1,40800,4.96,533200,5.11,30500,4.95,389900,5.12,113200,4.94,67100,5.13,36700,3860600,2427500,15:42:16.123
000931.SZ,000931,20260420,20260420,11:20:00.000,112000000,79,5.03,5.19,5.19,4.95,5.2,5.72,4.68,15793663,7918.2659,15865,5.03,183900,5.04,70800,5.02,109000,5.05,140900,5.01,224400,5.06,94000,5.0,404800,5.07,61000,4.99,121100,5.08,67000,4.98,299300,5.09,44600,4.97,194200,5.1,40800,4.96,533200,5.11,30500,4.95,389900,5.12,113200,4.94,67100,5.13,36700,3871900,2427500,15:42:16.123
000931.SZ,000931,20260420,20260420,11:20:03.000,112003000,79,5.03,5.19,5.19,4.95,5.2,5.72,4.68,15793663,7918.2659,15865,5.03,183900,5.04,71500,5.02,109000,5.05,140900,5.01,224400,5.06,94000,5.0,404800,5.07,61000,4.99,121100,5.08,67000,4.98,299300,5.09,44600,4.97,194200,5.1,40800,4.96,533200,5.11,30500,4.95,389900,5.12,113200,4.94,67100,5.13,36700,3871900,2428200,15:42:16.466
000931.SZ,000931,20260420,20260420,11:20:06.000,112006000,79,5.03,5.19,5.19,4.95,5.2,5.72,4.68,15793663,7918.2659,15865,5.03,169300,5.04,71500,5.02,109000,5.05,141000,5.01,224400,5.06,94000,5.0,404800,5.07,61000,4.99,121100,5.08,67000,4.98,299300,5.09,44600,4.97,194200,5.1,40800,4.96,533200,5.11,30500,4.95,389900,5.12,113200,4.94,67100,5.13,36700,3857300,2428300,15:42:16.608
000931.SZ,000931,20260420,20260420,11:20:09.000,112009000,79,5.03,5.19,5.19,4.95,5.2,5.72,4.68,15793663,7918.2659,15865,5.03,170200,5.04,72600,5.02,109000,5.05,141000,5.01,224400,5.06,94000,5.0,404800,5.07,61000,4.99,121100,5.08,67000,4.98,310600,5.09,44600,4.97,194200,5.1,40800,4.96,533200,5.11,30500,4.95,389900,5.12,113200,4.94,67100,5.13,36700,3869500,2429400,15:42:16.786
000931.SZ,000931,20260420,20260420,11:20:12.000,112012000,79,5.03,5.19,5.19,4.95,5.2,5.72,4.68,15793663,7918.2659,15865,5.03,173800,5.04,72600,5.02,109000,5.05,141000,5.01,224400,5.06,94000,5.0,404800,5.07,61000,4.99,121100,5.08,67000,4.98,310600,5.09,44600,4.97,194200,5.1,40800,4.96,533200,5.11,30500,4.95,389900,5.12,113200,4.94,67100,5.13,36700,3873100,2429400,15:42:16.927
000931.SZ,000931,20260420,20260420,11:20:15.000,112015000,79,5.03,5.19,5.19,4.95,5.2,5.72,4.68,15793663,7918.2659,15865,5.03,172800,5.04,72600,5.02,109000,5.05,141000,5.01,224400,5.06,94000,5.0,404800,5.07,61000,4.99,121100,5.08,67000,4.98,310600,5.09,44600,4.97,194200,5.1,40800,4.96,533200,5.11,30500,4.95,389900,5.12,113200,4.94,67100,5.13,36700,3872100,2428900,15:42:17.093
000931.SZ,000931,20260420,20260420,11:20:21.000,112021000,79,5.03,5.19,5.19,4.95,5.2,5.72,4.68,15793663,7918.2659,15865,5.03,172900,5.04,77100,5.02,109000,5.05,141000,5.01,224400,5.06,94000,5.0,404800,5.07,61000,4.99,121100,5.08,67000,4.98,310600,5.09,44600,4.97,194200,5.1,40800,4.96,533200,5.11,30500,4.95,389900,5.12,113200,4.94,67100,5.13,36700,3872200,2433400,15:42:17.443
000931.SZ,000931,20260420,20260420,11:20:24.000,112024000,79,5.03,5.19,5.19,4.95,5.2,5.72,4.68,15793663,7918.2659,15865,5.03,176900,5.04,77100,5.02,109000,5.05,141000,5.01,224400,5.06,94000,5.0,404800,5.07,61000,4.99,121100,5.08,67000,4.98,310600,5.09,44600,4.97,194200,5.1,40800,4.96,533200,5.11,30500,4.95,389900,5.12,113200,4.94,67100,5.13,36700,3876200,2433400,15:42:17.729
000931.SZ,000931,20260420,20260420,11:20:33.000,112033000,79,5.03,5.19,5.19,4.95,5.2,5.72,4.68,15793663,7918.2659,15865,5.03,176900,5.04,77500,5.02,109000,5.05,141000,5.01,224400,5.06,94000,5.0,404800,5.07,61000,4.99,121100,5.08,67000,4.98,310600,5.09,44600,4.97,194200,5.1,40800,4.96,533200,5.11,30500,4.95,389900,5.12,113200,4.94,67100,5.13,36700,3876200,2433800,15:42:18.018
000931.SZ,000931,20260420,20260420,11:20:39.000,112039000,79,5.03,5.19,5.19,4.95,5.2,5.72,4.68,15793663,7918.2659,15865,5.03,176700,5.04,77500,5.02,109000,5.05,141000,5.01,224400,5.06,94000,5.0,404800,5.07,61000,4.99,121100,5.08,67000,4.98,310600,5.09,44600,4.97,194200,5.1,40800,4.96,533200,5.11,30500,4.95,389900,5.12,113200,4.94,67100,5.13,36700,3876000,2433800,15:42:18.349
000931.SZ,000931,20260420,20260420,11:20:42.000,112042000,79,5.03,5.19,5.19,4.95,5.2,5.72,4.68,15793663,7918.2659,15865,5.03,176700,5.04,77500,5.02,109000,5.05,141000,5.01,224400,5.06,94000,5.0,404800,5.07,61000,4.99,121100,5.08,67000,4.98,310600,5.09,44600,4.97,194200,5.1,40800,4.96,533200,5.11,30500,4.95,389900,5.12,113200,4.94,67100,5.13,36700,3874800,2433800,15:42:18.533
000931.SZ,000931,20260420,20260420,11:20:45.000,112045000,79,5.03,5.19,5.19,4.95,5.2,5.72,4.68,15793663,7918.2659,15865,5.03,176700,5.04,77500,5.02,109000,5.05,141000,5.01,224400,5.06,94000,5.0,404800,5.07,61000,4.99,121100,5.08,67000,4.98,310600,5.09,30600,4.97,194200,5.1,40800,4.96,533200,5.11,30500,4.95,389900,5.12,113200,4.94,67100,5.13,36700,3874800,2419800,15:42:18.647
000931.SZ,000931,20260420,20260420,11:20:48.000,112048000,79,5.03,5.19,5.19,4.95,5.2,5.72,4.68,15793663,7918.2659,15865,5.03,176700,5.04,77500,5.02,109000,5.05,141000,5.01,225400,5.06,94000,5.0,404800,5.07,61000,4.99,121100,5.08,67000,4.98,310600,5.09,30600,4.97,194200,5.1,40800,4.96,533200,5.11,30500,4.95,389900,5.12,113200,4.94,67100,5.13,36700,3875800,2419800,15:42:18.811
000931.SZ,000931,20260420,20260420,11:20:51.000,112051000,79,5.03,5.19,5.19,4.95,5.2,5.72,4.68,15793663,7918.2659,15865,5.03,176700,5.04,81900,5.02,109000,5.05,141000,5.01,225400,5.06,94000,5.0,404800,5.07,61000,4.99,121100,5.08,67000,4.98,310600,5.09,30600,4.97,194200,5.1,40800,4.96,533200,5.11,30500,4.95,389900,5.12,113200,4.94,67100,5.13,36700,3875800,2424200,15:42:18.925
000931.SZ,000931,20260420,20260420,11:20:54.000,112054000,79,5.03,5.19,5.19,4.95,5.2,5.72,4.68,15793663,7918.2659,15865,5.03,183200,5.04,82300,5.02,109000,5.05,141000,5.01,225400,5.06,94000,5.0,404800,5.07,61000,4.99,121100,5.08,67000,4.98,310600,5.09,30600,4.97,194200,5.1,40800,4.96,533200,5.11,30500,4.95,389900,5.12,113200,4.94,67100,5.13,36700,3882300,2424600,15:42:19.044
000931.SZ,000931,20260420,20260420,11:21:09.000,112109000,79,5.04,5.19,5.19,4.95,5.2,5.72,4.68,15809263,7926.1283,15909,5.03,202400,5.04,68100,5.02,109000,5.05,141000,5.01,225400,5.06,94000,5.0,404800,5.07,61000,4.99,121100,5.08,67000,4.98,310600,5.09,30600,4.97,194200,5.1,40800,4.96,533200,5.11,30500,4.95,389900,5.12,113200,4.94,67100,5.13,36700,3901500,2410400,15:42:20.032
000931.SZ,000931,20260420,20260420,11:21:12.000,112112000,79,5.04,5.19,5.19,4.95,5.2,5.72,4.68,15812363,7927.6907,15915,5.03,202400,5.04,65700,5.02,109000,5.05,141000,5.01,225400,5.06,93300,5.0,404800,5.07,61000,4.99,121100,5.08,67000,4.98,310600,5.09,30600,4.97,194200,5.1,40800,4.96,533200,5.11,30500,4.95,389900,5.12,113200,4.94,67100,5.13,36700,3901500,2407300,15:42:20.192
000931.SZ,000931,20260420,20260420,11:21:15.000,112115000,79,5.04,5.19,5.19,4.95,5.2,5.72,4.68,15813463,7928.2451,15916,5.03,202400,5.04,64900,5.02,109000,5.05,141000,5.01,225400,5.06,93000,5.0,404800,5.07,61000,4.99,121100,5.08,67000,4.98,310600,5.09,30600,4.97,194200,5.1,40800,4.96,533200,5.11,30500,4.95,389900,5.12,113200,4.94,67100,5.13,36700,3901500,2406200,15:42:20.415
000931.SZ,000931,20260420,20260420,11:21:18.000,112118000,79,5.04,5.19,5.19,4.95,5.2,5.72,4.68,15813463,7928.2451,15916,5.03,202100,5.04,65200,5.02,109000,5.05,141000,5.01,225400,5.06,93000,5.0,404800,5.07,61000,4.99,121100,5.08,67000,4.98,310600,5.09,30600,4.97,194200,5.1,40800,4.96,533200,5.11,30500,4.95,389900,5.12,113200,4.94,67100,5.13,36700,3901200,2406500,15:42:20.560
000931.SZ,000931,20260420,20260420,11:21:21.000,112121000,79,5.03,5.19,5.19,4.95,5.2,5.72,4.68,15815163,7929.1002,15918,5.03,176300,5.04,65200,5.02,109000,5.05,131000,5.01,225400,5.06,93000,5.0,404800,5.07,61000,4.99,121100,5.08,67000,4.98,310600,5.09,30600,4.97,194200,5.1,40800,4.96,533200,5.11,30500,4.95,389900,5.12,113200,4.94,67100,5.13,36700,3875400,2396500,15:42:20.763
000931.SZ,000931,20260420,20260420,11:21:24.000,112124000,79,5.03,5.19,5.19,4.95,5.2,5.72,4.68,15815163,7929.1002,15918,5.03,176300,5.04,68000,5.02,109000,5.05,130500,5.01,225400,5.06,93000,5.0,404800,5.07,61000,4.99,121100,5.08,67000,4.98,310600,5.09,30600,4.97,194200,5.1,40800,4.96,533200,5.11,30500,4.95,389900,5.12,113200,4.94,67100,5.13,36700,3875400,2398800,15:42:20.922
000931.SZ,000931,20260420,20260420,11:21:27.000,112127000,79,5.03,5.19,5.19,4.95,5.2,5.72,4.68,15816263,7929.6535,15920,5.03,175500,5.04,68000,5.02,109000,5.05,130500,5.01,225400,5.06,93000,5.0,404800,5.07,61000,4.99,121100,5.08,67000,4.98,310600,5.09,30600,4.97,194200,5.1,40800,4.96,533200,5.11,30500,4.95,389900,5.12,113200,4.94,67100,5.13,36700,3874600,2398800,15:42:20.922
