code,time,time_raw,index,price,volume,turnover,bsflag,ask_order,bid_order,biz_index,recv_time
000931.SZ,09:15:05.260,91505260,278519,0.0,400,0.0,?,0,278513,0,16:02:54.587
000931.SZ,09:25:00.000,92500000,588390,5.09,100,0.0509,B,193134,292827,0,16:03:00.227
000931.SZ,09:25:00.000,92500000,588391,5.09,300,0.1527,S,460146,292827,0,16:03:00.227
000931.SZ,09:25:00.000,92500000,588392,5.09,200,0.1018,B,460146,556906,0,16:03:00.227
000931.SZ,09:25:00.000,92500000,588393,5.09,5000,2.545,S,460146,303713,0,16:03:00.227
000931.SZ,09:25:00.000,92500000,588394,5.09,700,0.3563,S,460146,298436,0,16:03:00.227
000931.SZ,09:25:00.000,92500000,588395,5.09,600,0.3054,S,460146,307531,0,16:03:00.227
000931.SZ,09:25:00.000,92500000,588396,5.09,200,0.1018,S,460146,378432,0,16:03:00.227
000931.SZ,09:25:00.000,92500000,588397,5.09,1500,0.7635,S,484369,378432,0,16:03:00.227
000931.SZ,09:25:00.000,92500000,588398,5.09,400,0.2036,S,422840,378432,0,16:03:00.227
000931.SZ,09:25:00.000,92500000,588399,5.09,3800,1.9342,B,422840,569513,0,16:03:00.227
000931.SZ,09:25:00.000,92500000,588400,5.09,1500,0.7635,B,422840,545011,0,16:03:00.227
000931.SZ,09:25:00.000,92500000,588401,5.09,100,0.0509,B,422840,565675,0,16:03:00.227
000931.SZ,09:25:00.000,92500000,588402,5.09,100,0.0509,B,422840,566074,0,16:03:00.227
000931.SZ,09:25:00.000,92500000,588403,5.09,500,0.2545,B,422840,572163,0,16:03:00.227
000931.SZ,09:25:00.000,92500000,588404,5.09,100,0.0509,B,422840,576067,0,16:03:00.227
000931.SZ,09:25:00.000,92500000,588405,5.09,500,0.2545,S,422840,271496,0,16:03:00.227
000931.SZ,09:25:00.000,92500000,588406,5.09,700,0.3563,S,486001,271496,0,16:03:00.227
000931.SZ,09:25:00.000,92500000,588407,5.09,200,0.1018,S,516041,271496,0,16:03:00.227
000931.SZ,09:25:00.000,92500000,588408,5.09,100,0.0509,S,537171,271496,0,16:03:00.227
000931.SZ,09:25:00.000,92500000,588409,5.09,100,0.0509,S,558290,271496,0,16:03:00.227
000931.SZ,09:25:00.000,92500000,588410,5.09,700,0.3563,S,564256,271496,0,16:03:00.227
000931.SZ,09:25:00.000,92500000,588411,5.09,100,0.0509,S,564256,396109,0,16:03:00.227
000931.SZ,09:25:00.000,92500000,588412,5.09,100,0.0509,S,564256,189350,0,16:03:00.227
000931.SZ,09:25:00.000,92500000,588413,5.09,200,0.1018,S,564992,189350,0,16:03:00.227
000931.SZ,09:25:00.000,92500000,588414,5.09,100,0.0509,S,565985,189350,0,16:03:00.227
000931.SZ,09:25:00.000,92500000,588415,5.09,200,0.1018,S,569999,337624,0,16:03:00.227
000931.SZ,09:25:00.000,92500000,588416,5.09,100,0.0509,S,573684,337624,0,16:03:00.227
000931.SZ,09:25:00.000,92500000,588417,5.09,900,0.4581,S,556222,337624,0,16:03:00.227
000931.SZ,09:25:00.000,92500000,588418,5.09,500,0.2545,S,556222,355867,0,16:03:00.227
000931.SZ,09:25:00.000,92500000,588419,5.09,400,0.2036,S,556222,526275,0,16:03:00.227
000931.SZ,09:25:00.000,92500000,588420,5.09,300,0.1527,B,556222,560650,0,16:03:00.227
000931.SZ,09:25:00.000,92500000,588421,5.09,200,0.1018,B,556222,562900,0,16:03:00.227
000931.SZ,09:25:00.000,92500000,588422,5.09,300,0.1527,B,556222,578323,0,16:03:00.227
000931.SZ,09:25:00.000,92500000,588423,5.09,6100,3.1049,B,505930,578323,0,16:03:00.227
000931.SZ,09:25:00.000,92500000,588424,5.09,300,0.1527,S,505930,372798,0,16:03:00.227
000931.SZ,09:25:00.000,92500000,588425,5.09,100,0.0509,S,422809,372798,0,16:03:00.227
000931.SZ,09:25:00.000,92500000,588426,5.09,400,0.2036,S,564942,372798,0,16:03:00.227
000931.SZ,09:25:00.000,92500000,588427,5.09,300,0.1527,S,516821,372798,0,16:03:00.227
000931.SZ,09:25:00.000,92500000,588428,5.09,500,0.2545,S,516821,72710,0,16:03:00.227
000931.SZ,09:25:00.000,92500000,588429,5.09,500,0.2545,S,516821,274723,0,16:03:00.227
000931.SZ,09:25:00.000,92500000,588430,5.09,700,0.3563,B,516821,519146,0,16:03:00.227
000931.SZ,09:25:00.000,92500000,588431,5.09,500,0.2545,B,467133,519146,0,16:03:00.227
000931.SZ,09:25:00.000,92500000,588432,5.09,100,0.0509,S,522134,519146,0,16:03:00.227
000931.SZ,09:25:00.000,92500000,588433,5.09,3700,1.8833,S,556320,519146,0,16:03:00.227
000931.SZ,09:25:00.000,92500000,588434,5.09,300,0.1527,B,556320,574785,0,16:03:00.227
000931.SZ,09:25:00.000,92500000,588435,5.09,500,0.2545,B,444780,574785,0,16:03:00.227
000931.SZ,09:25:00.000,92500000,588436,5.09,5700,2.9013,B,543585,574785,0,16:03:00.227
000931.SZ,09:25:00.000,92500000,588437,5.09,1200,0.6108,S,543585,181432,0,16:03:00.227
000931.SZ,09:25:00.000,92500000,588438,5.09,1000,0.509,S,543585,472775,0,16:03:00.227
000931.SZ,09:25:00.000,92500000,588439,5.09,7100,3.6139,B,543585,578963,0,16:03:00.238
000931.SZ,09:25:00.000,92500000,588440,5.09,15000,7.635,B,565674,578963,0,16:03:00.238
000931.SZ,09:25:00.000,92500000,588441,5.09,800,0.4072,B,107791,578963,0,16:03:00.238
000931.SZ,09:25:00.000,92500000,588442,5.09,4900,2.4941,B,426521,578963,0,16:03:00.238
000931.SZ,09:30:00.040,93000040,685709,5.08,200,0.1016,S,685708,312421,0,16:03:01.951
000931.SZ,09:30:00.040,93000040,685710,5.08,1500,0.762,S,685708,341800,0,16:03:01.951
000931.SZ,09:30:00.050,93000050,689920,0.0,2000,0.0,?,0,686363,0,16:03:01.951
000931.SZ,09:30:00.050,93000050,690959,5.08,700,0.3556,B,685708,690958,0,16:03:01.951
000931.SZ,09:30:00.050,93000050,690960,5.09,300,0.1527,B,426521,690958,0,16:03:01.951
000931.SZ,09:30:00.060,93000060,697178,5.09,1700,0.8653,B,426521,697177,0,16:03:02.182
000931.SZ,09:30:00.090,93000090,718681,5.08,1600,0.8128,S,718680,693831,0,16:03:02.679
000931.SZ,09:30:00.090,93000090,718682,5.08,600,0.3048,S,718680,693999,0,16:03:02.679
000931.SZ,09:30:00.090,93000090,718683,5.08,900,0.4572,S,718680,696406,0,16:03:02.679
000931.SZ,09:30:00.090,93000090,718684,5.08,900,0.4572,S,718680,696636,0,16:03:02.679
000931.SZ,09:30:00.090,93000090,718685,5.08,600,0.3048,S,718680,700206,0,16:03:02.679
000931.SZ,09:30:00.090,93000090,718686,5.08,700,0.3556,S,718680,702021,0,16:03:02.679
000931.SZ,09:30:00.090,93000090,718687,5.08,1000,0.508,S,718680,704321,0,16:03:02.679
000931.SZ,09:30:00.130,93000130,741040,5.08,200,0.1016,S,741039,704321,0,16:03:02.931
000931.SZ,09:30:00.130,93000130,741041,5.08,600,0.3048,S,741039,711864,0,16:03:02.931
000931.SZ,09:30:00.130,93000130,741042,5.08,700,0.3556,S,741039,717023,0,16:03:02.931
000931.SZ,09:30:00.130,93000130,741043,5.08,500,0.254,S,741039,720185,0,16:03:02.931
000931.SZ,09:30:00.170,93000170,764403,5.08,400,0.2032,S,764402,720185,0,16:03:03.331
000931.SZ,09:30:00.180,93000180,767657,5.07,5700,2.8899,S,767656,131174,0,16:03:03.331
000931.SZ,09:30:00.180,93000180,768993,5.08,900,0.4572,B,764402,768992,0,16:03:03.553
000931.SZ,09:30:00.230,93000230,787766,5.07,1000,0.507,S,787765,131174,0,16:03:03.693
000931.SZ,09:30:00.250,93000250,793218,5.08,100,0.0508,B,764402,793217,0,16:03:03.896
000931.SZ,09:30:00.250,93000250,796938,0.0,10000,0.0,?,554531,0,0,16:03:03.896
000931.SZ,09:30:00.270,93000270,802385,5.07,1000,0.507,S,802384,131174,0,16:03:03.896
000931.SZ,09:30:00.300,93000300,812953,5.08,400,0.2032,B,764402,812952,0,16:03:04.071
000931.SZ,09:30:00.300,93000300,813559,0.0,400,0.0,?,397320,0,0,16:03:04.071
000931.SZ,09:30:00.350,93000350,826182,0.0,400,0.0,?,330305,0,0,16:03:04.332
000931.SZ,09:30:00.390,93000390,837308,0.0,10000,0.0,?,306351,0,0,16:03:04.442
000931.SZ,09:30:00.390,93000390,837386,5.07,500,0.2535,S,837385,131174,0,16:03:04.442
000931.SZ,09:30:00.400,93000400,841287,5.08,2800,1.4224,B,764402,841286,0,16:03:04.442
000931.SZ,09:30:00.400,93000400,841288,5.08,3100,1.5748,B,781831,841286,0,16:03:04.442
000931.SZ,09:30:00.410,93000410,842134,0.0,100,0.0,?,0,565212,0,16:03:04.522
000931.SZ,09:30:00.430,93000430,846533,5.08,200,0.1016,B,781831,846532,0,16:03:04.522
000931.SZ,09:30:00.550,93000550,871202,5.08,200,0.1016,B,781831,871201,0,16:03:04.992
000931.SZ,09:30:00.550,93000550,871541,5.08,100,0.0508,B,781831,871540,0,16:03:04.992
000931.SZ,09:30:00.550,93000550,871637,5.08,100,0.0508,B,781831,871636,0,16:03:04.992
000931.SZ,09:30:00.690,93000690,897769,5.08,100,0.0508,B,781831,897768,0,16:03:05.397
000931.SZ,09:30:00.730,93000730,905537,5.08,600,0.3048,B,781831,905536,0,16:03:05.550
000931.SZ,09:30:00.810,93000810,919224,5.08,600,0.3048,B,781831,919223,0,16:03:05.660
000931.SZ,09:30:00.810,93000810,919225,5.08,100,0.0508,B,815930,919223,0,16:03:05.660
000931.SZ,09:30:00.810,93000810,919226,5.08,400,0.2032,B,841241,919223,0,16:03:05.660
000931.SZ,09:30:00.810,93000810,919227,5.08,400,0.2032,B,841363,919223,0,16:03:05.660
000931.SZ,09:30:00.810,93000810,919228,5.08,300,0.1524,B,841449,919223,0,16:03:05.660
000931.SZ,09:30:00.840,93000840,924916,5.08,100,0.0508,B,841449,924915,0,16:03:05.787
000931.SZ,09:30:00.940,93000940,937544,5.08,400,0.2032,B,841453,937543,0,16:03:05.912
000931.SZ,09:30:00.940,93000940,937545,5.08,200,0.1016,B,841456,937543,0,16:03:05.912
000931.SZ,09:30:00.940,93000940,937599,5.08,200,0.1016,B,841456,937598,0,16:03:05.912
000931.SZ,09:30:00.940,93000940,937600,5.08,100,0.0508,B,841510,937598,0,16:03:05.912
000931.SZ,09:30:01.000,93001000,947095,5.08,300,0.1524,B,841510,947094,0,16:03:06.162
000931.SZ,09:30:01.000,93001000,947096,5.08,400,0.2032,B,841592,947094,0,16:03:06.162
000931.SZ,09:30:01.000,93001000,947097,5.08,100,0.0508,B,841743,947094,0,16:03:06.162
000931.SZ,09:30:01.000,93001000,947098,5.08,100,0.0508,B,848088,947094,0,16:03:06.162
000931.SZ,09:30:01.070,93001070,954412,5.08,1100,0.5588,B,848088,954411,0,16:03:06.162
000931.SZ,09:30:01.190,93001190,968044,5.08,400,0.2032,B,848088,968043,0,16:03:06.406
000931.SZ,09:30:01.190,93001190,968516,5.08,600,0.3048,B,848088,968515,0,16:03:06.406
000931.SZ,09:30:01.190,93001190,968707,5.08,200,0.1016,B,848245,968706,0,16:03:06.406
000931.SZ,09:30:01.220,93001220,970840,5.08,400,0.2032,B,848245,970839,0,16:03:06.406
000931.SZ,09:30:01.230,93001230,971956,5.08,100,0.0508,B,848245,971955,0,16:03:06.502
000931.SZ,09:30:01.340,93001340,983115,5.08,400,0.2032,B,848245,983114,0,16:03:06.612
000931.SZ,09:30:01.370,93001370,986743,5.08,300,0.1524,B,848245,986742,0,16:03:06.706
000931.SZ,09:30:01.370,93001370,986744,5.08,1900,0.9652,B,848256,986742,0,16:03:06.706
000931.SZ,09:30:01.370,93001370,986745,5.08,100,0.0508,B,849009,986742,0,16:03:06.706
000931.SZ,09:30:01.440,93001440,994984,5.08,800,0.4064,B,849009,994983,0,16:03:06.831
000931.SZ,09:30:01.440,93001440,994985,5.08,200,0.1016,B,859880,994983,0,16:03:06.831
000931.SZ,09:30:01.450,93001450,995616,0.0,800,0.0,?,688064,0,0,16:03:06.831
000931.SZ,09:30:01.480,93001480,998153,5.08,200,0.1016,B,859880,998152,0,16:03:06.831
000931.SZ,09:30:01.480,93001480,998154,5.08,600,0.3048,B,863487,998152,0,16:03:06.831
000931.SZ,09:30:01.490,93001490,1000398,5.08,400,0.2032,B,863487,1000397,0,16:03:06.925
000931.SZ,09:30:01.490,93001490,1000399,5.08,200,0.1016,B,868272,1000397,0,16:03:06.925
000931.SZ,09:30:01.590,93001590,1012091,0.0,300,0.0,?,694931,0,0,16:03:07.036
000931.SZ,09:30:01.590,93001590,1012114,5.08,1700,0.8636,B,868272,1012113,0,16:03:07.036
000931.SZ,09:30:01.590,93001590,1012115,5.08,1000,0.508,B,868351,1012113,0,16:03:07.036
000931.SZ,09:30:01.590,93001590,1012116,5.08,300,0.1524,B,868397,1012113,0,16:03:07.036
000931.SZ,09:30:01.600,93001600,1013006,5.08,300,0.1524,B,868397,1013005,0,16:03:07.036
000931.SZ,09:30:01.600,93001600,1013007,5.08,400,0.2032,B,868426,1013005,0,16:03:07.036
000931.SZ,09:30:01.700,93001700,1026918,5.07,10000,5.07,S,1026917,131174,0,16:03:07.345
000931.SZ,09:30:01.730,93001730,1029983,5.08,400,0.2032,B,868426,1029982,0,16:03:07.345
000931.SZ,09:30:01.730,93001730,1030160,5.08,200,0.1016,B,868426,1030159,0,16:03:07.345
000931.SZ,09:30:01.730,93001730,1030325,5.08,600,0.3048,B,868426,1030324,0,16:03:07.345
000931.SZ,09:30:01.740,93001740,1030496,5.08,300,0.1524,B,868426,1030495,0,16:03:07.345
000931.SZ,09:30:01.740,93001740,1030767,0.0,500,0.0,?,687051,0,0,16:03:07.345
000931.SZ,09:30:01.750,93001750,1031410,0.0,100,0.0,?,681460,0,0,16:03:07.345
000931.SZ,09:30:01.770,93001770,1033144,0.0,300,0.0,?,701431,0,0,16:03:07.453
000931.SZ,09:30:01.830,93001830,1039521,0.0,3200,0.0,?,741125,0,0,16:03:07.453
000931.SZ,09:30:01.840,93001840,1040112,5.08,200,0.1016,B,869385,1040111,0,16:03:07.453
000931.SZ,09:30:01.840,93001840,1040113,5.08,500,0.254,B,869781,1040111,0,16:03:07.453
000931.SZ,09:30:02.020,93002020,1057974,0.0,3100,0.0,?,426521,0,0,16:03:07.955
000931.SZ,09:30:02.030,93002030,1058950,0.0,600,0.0,?,739648,0,0,16:03:07.955
000931.SZ,09:30:02.090,93002090,1064012,0.0,600,0.0,?,688063,0,0,16:03:08.035
000931.SZ,09:30:02.340,93002340,1080833,0.0,300,0.0,?,783973,0,0,16:03:08.384
000931.SZ,09:30:02.380,93002380,1085252,0.0,300,0.0,?,1065350,0,0,16:03:08.384
000931.SZ,09:30:02.450,93002450,1093059,0.0,2800,0.0,?,340913,0,0,16:03:08.483
000931.SZ,09:30:02.520,93002520,1097881,5.08,600,0.3048,B,869781,1097880,0,16:03:08.609
000931.SZ,09:30:02.660,93002660,1108393,5.08,800,0.4064,B,869781,1108392,0,16:03:08.704
000931.SZ,09:30:02.660,93002660,1108394,5.08,100,0.0508,B,887145,1108392,0,16:03:08.704
000931.SZ,09:30:02.660,93002660,1108395,5.08,100,0.0508,B,887146,1108392,0,16:03:08.704
000931.SZ,09:30:02.660,93002660,1108396,5.08,600,0.3048,B,887335,1108392,0,16:03:08.704
000931.SZ,09:30:02.660,93002660,1108397,5.08,100,0.0508,B,887370,1108392,0,16:03:08.704
000931.SZ,09:30:02.660,93002660,1108398,5.08,300,0.1524,B,887434,1108392,0,16:03:08.704
000931.SZ,09:30:02.730,93002730,1115645,5.08,100,0.0508,B,887434,1115644,0,16:03:08.815
000931.SZ,09:30:02.730,93002730,1115646,5.08,100,0.0508,B,887667,1115644,0,16:03:08.815
000931.SZ,09:30:02.730,93002730,1115647,5.08,100,0.0508,B,890174,1115644,0,16:03:08.815
000931.SZ,09:30:02.730,93002730,1115648,5.08,200,0.1016,B,890207,1115644,0,16:03:08.815
000931.SZ,09:30:02.740,93002740,1116169,5.08,900,0.4572,B,890207,1116168,0,16:03:08.815
000931.SZ,09:30:02.740,93002740,1116170,5.08,600,0.3048,B,890236,1116168,0,16:03:08.815
000931.SZ,09:30:02.740,93002740,1116171,5.08,300,0.1524,B,893916,1116168,0,16:03:08.815
000931.SZ,09:30:02.770,93002770,1118450,5.08,300,0.1524,B,893916,1118449,0,16:03:08.914
000931.SZ,09:30:02.770,93002770,1118467,5.08,400,0.2032,B,893916,1118466,0,16:03:08.914
000931.SZ,09:30:02.810,93002810,1121261,5.08,400,0.2032,B,893916,1121260,0,16:03:09.087
000931.SZ,09:30:02.810,93002810,1121269,5.08,200,0.1016,B,893916,1121268,0,16:03:09.087
000931.SZ,09:30:02.810,93002810,1121270,5.08,500,0.254,B,900594,1121268,0,16:03:09.087
000931.SZ,09:30:02.830,93002830,1123080,5.08,200,0.1016,B,900594,1123079,0,16:03:09.087
000931.SZ,09:30:02.860,93002860,1124615,5.08,500,0.254,B,900594,1124614,0,16:03:09.087
000931.SZ,09:30:03.100,93003100,1140030,0.0,1700,0.0,?,0,1023578,0,16:03:09.207
000931.SZ,09:30:03.260,93003260,1148647,5.08,400,0.2032,B,900594,1148646,0,16:03:09.373
000931.SZ,09:30:03.260,93003260,1148648,5.08,700,0.3556,B,904449,1148646,0,16:03:09.373
000931.SZ,09:30:03.260,93003260,1148679,5.08,900,0.4572,B,904449,1148678,0,16:03:09.373
000931.SZ,09:30:03.260,93003260,1148680,5.08,100,0.0508,B,908621,1148678,0,16:03:09.373
000931.SZ,09:30:03.260,93003260,1148681,5.08,500,0.254,B,935120,1148678,0,16:03:09.373
000931.SZ,09:30:03.260,93003260,1148749,5.08,800,0.4064,B,935120,1148748,0,16:03:09.373
000931.SZ,09:30:03.260,93003260,1148750,5.08,1000,0.508,B,953493,1148748,0,16:03:09.373
000931.SZ,09:30:03.260,93003260,1148751,5.08,400,0.2032,B,967853,1148748,0,16:03:09.373
000931.SZ,09:30:03.260,93003260,1148754,5.08,600,0.3048,B,967853,1148753,0,16:03:09.373
000931.SZ,09:30:03.270,93003270,1149558,5.07,500,0.2535,S,1149557,131174,0,16:03:09.373
000931.SZ,09:30:03.270,93003270,1149630,5.08,300,0.1524,B,967853,1149629,0,16:03:09.373
000931.SZ,09:30:03.270,93003270,1149634,5.08,200,0.1016,B,967853,1149633,0,16:03:09.373
000931.SZ,09:30:03.270,93003270,1149635,5.08,300,0.1524,B,967938,1149633,0,16:03:09.373
000931.SZ,09:30:03.270,93003270,1149639,5.08,400,0.2032,B,967938,1149638,0,16:03:09.373
000931.SZ,09:30:03.270,93003270,1149792,5.08,100,0.0508,B,967938,1149791,0,16:03:09.373
000931.SZ,09:30:03.280,93003280,1150278,0.0,300,0.0,?,0,998683,0,16:03:09.373
000931.SZ,09:30:03.340,93003340,1154281,0.0,200,0.0,?,689276,0,0,16:03:09.467
000931.SZ,09:30:03.400,93003400,1160714,5.08,1100,0.5588,B,967938,1160713,0,16:03:09.575
000931.SZ,09:30:03.400,93003400,1160715,5.08,1000,0.508,B,1026192,1160713,0,16:03:09.575
000931.SZ,09:30:03.400,93003400,1160716,5.08,200,0.1016,B,1058943,1160713,0,16:03:09.575
000931.SZ,09:30:03.630,93003630,1180131,5.07,2200,1.1154,S,1180130,131174,0,16:03:09.892
000931.SZ,09:30:03.680,93003680,1184643,5.07,7300,3.7011,S,1184642,131174,0,16:03:09.892
000931.SZ,09:30:03.680,93003680,1184644,5.07,400,0.2028,S,1184642,843080,0,16:03:09.892
000931.SZ,09:30:03.680,93003680,1184645,5.07,300,0.1521,S,1184642,867321,0,16:03:09.892
000931.SZ,09:30:03.680,93003680,1184646,5.07,300,0.1521,S,1184642,998740,0,16:03:09.892
000931.SZ,09:30:03.680,93003680,1184647,5.07,300,0.1521,S,1184642,1019210,0,16:03:09.892
000931.SZ,09:30:03.680,93003680,1184648,5.07,500,0.2535,S,1184642,1023464,0,16:03:09.892
000931.SZ,09:30:03.680,93003680,1184649,5.07,100,0.0507,S,1184642,1066705,0,16:03:09.892
000931.SZ,09:30:03.680,93003680,1184650,5.07,100,0.0507,S,1184642,1090977,0,16:03:09.892
000931.SZ,09:30:03.680,93003680,1184651,5.07,100,0.0507,S,1184642,1108014,0,16:03:09.892
000931.SZ,09:30:03.680,93003680,1184652,5.07,10000,5.07,S,1184642,1140627,0,16:03:09.892
000931.SZ,09:30:03.680,93003680,1184653,5.07,200,0.1014,S,1184642,1148973,0,16:03:09.892
000931.SZ,09:30:03.680,93003680,1184654,5.07,600,0.3042,S,1184642,1149022,0,16:03:09.892
000931.SZ,09:30:03.680,93003680,1184655,5.07,700,0.3549,S,1184642,1149032,0,16:03:09.892
000931.SZ,09:30:03.790,93003790,1192318,5.07,100,0.0507,B,1184642,1192317,0,16:03:10.003
000931.SZ,09:30:03.790,93003790,1192343,5.07,2100,1.0647,B,1184642,1192342,0,16:03:10.003
000931.SZ,09:30:03.830,93003830,1193961,5.07,100,0.0507,B,1184642,1193960,0,16:03:10.095
000931.SZ,09:30:03.890,93003890,1197566,5.07,300,0.1521,B,1184642,1197565,0,16:03:10.095
000931.SZ,09:30:03.940,93003940,1199569,5.06,200,0.1012,S,1199568,314490,0,16:03:10.227
000931.SZ,09:30:03.940,93003940,1199570,5.06,500,0.253,S,1199568,415745,0,16:03:10.227
000931.SZ,09:30:04.180,93004180,1208937,5.06,300,0.1518,B,1199568,1208936,0,16:03:10.331
000931.SZ,09:30:04.180,93004180,1208938,5.07,100,0.0507,B,1184642,1208936,0,16:03:10.331
000931.SZ,09:30:04.460,93004460,1225782,5.06,100,0.0506,B,1209748,1225781,0,16:03:10.598
000931.SZ,09:30:04.460,93004460,1226352,5.06,1300,0.6578,B,1209748,1226351,0,16:03:10.598
000931.SZ,09:30:04.460,93004460,1226353,5.07,300,0.1521,B,1184642,1226351,0,16:03:10.598
000931.SZ,09:30:04.600,93004600,1235374,0.0,400,0.0,?,686979,0,0,16:03:10.706
000931.SZ,09:30:04.800,93004800,1246405,5.07,500,0.2535,B,1184642,1246404,0,16:03:10.942
000931.SZ,09:30:05.110,93005110,1258016,0.0,200,0.0,?,1058882,0,0,16:03:11.068
000931.SZ,09:30:05.160,93005160,1258977,5.06,300,0.1518,B,1250678,1258976,0,16:03:11.068
000931.SZ,09:30:05.720,93005720,1278775,0.0,300,0.0,?,701576,0,0,16:03:11.455
000931.SZ,09:30:05.800,93005800,1280840,5.06,300,0.1518,B,1250678,1280839,0,16:03:11.455
000931.SZ,09:30:05.800,93005800,1280841,5.07,400,0.2028,B,1184642,1280839,0,16:03:11.455
000931.SZ,09:30:05.840,93005840,1281813,0.0,800,0.0,?,739714,0,0,16:03:11.455
000931.SZ,09:30:06.030,93006030,1285894,5.07,100,0.0507,B,1184642,1285893,0,16:03:11.500
000931.SZ,09:30:06.110,93006110,1288065,5.07,200,0.1014,B,1184642,1288064,0,16:03:11.611
000931.SZ,09:30:06.140,93006140,1288606,5.07,100,0.0507,B,1184642,1288605,0,16:03:11.611
000931.SZ,09:30:06.310,93006310,1292704,5.06,400,0.2024,B,1291726,1292703,0,16:03:11.658
000931.SZ,09:30:06.310,93006310,1292705,5.07,100,0.0507,B,1184642,1292703,0,16:03:11.658
000931.SZ,09:30:06.310,93006310,1292885,5.07,300,0.1521,B,1184642,1292884,0,16:03:11.658
000931.SZ,09:30:06.380,93006380,1296123,0.0,1000,0.0,?,885976,0,0,16:03:11.784
000931.SZ,09:30:06.380,93006380,1296170,0.0,1900,0.0,?,1187158,0,0,16:03:11.784
000931.SZ,09:30:06.380,93006380,1296603,0.0,4400,0.0,?,984016,0,0,16:03:11.784
000931.SZ,09:30:06.390,93006390,1296822,0.0,2100,0.0,?,1186826,0,0,16:03:11.784
000931.SZ,09:30:06.410,93006410,1298661,0.0,700,0.0,?,1177558,0,0,16:03:11.784
000931.SZ,09:30:06.460,93006460,1301753,0.0,23000,0.0,?,0,41494,0,16:03:11.784
000931.SZ,09:30:06.600,93006600,1308690,5.06,100,0.0506,B,1293084,1308689,0,16:03:11.925
000931.SZ,09:30:06.640,93006640,1310226,5.06,100,0.0506,B,1293084,1310225,0,16:03:11.925
000931.SZ,09:30:06.820,93006820,1317360,0.0,1900,0.0,?,1033722,0,0,16:03:12.019
000931.SZ,09:30:06.890,93006890,1318894,5.05,300,0.1515,S,1318893,37169,0,16:03:12.019
000931.SZ,09:30:06.890,93006890,1318910,5.05,700,0.3535,S,1318909,37169,0,16:03:12.019
000931.SZ,09:30:06.890,93006890,1318923,5.05,900,0.4545,S,1318922,57209,0,16:03:12.019
000931.SZ,09:30:06.950,93006950,1320164,5.05,100,0.0505,S,1320163,57209,0,16:03:12.133
000931.SZ,09:30:06.950,93006950,1320165,5.05,300,0.1515,S,1320163,72711,0,16:03:12.133
000931.SZ,09:30:06.950,93006950,1320166,5.05,500,0.2525,S,1320163,247232,0,16:03:12.133
000931.SZ,09:30:06.950,93006950,1320167,5.05,500,0.2525,S,1320163,268778,0,16:03:12.133
000931.SZ,09:30:06.950,93006950,1320168,5.05,400,0.202,S,1320163,300724,0,16:03:12.133
000931.SZ,09:30:07.070,93007070,1322871,5.05,900,0.4545,S,1322870,300724,0,16:03:12.133
000931.SZ,09:30:07.090,93007090,1323566,0.0,100,0.0,?,1073195,0,0,16:03:12.133
000931.SZ,09:30:07.310,93007310,1329399,5.06,100,0.0506,B,1293084,1329398,0,16:03:12.214
000931.SZ,09:30:07.400,93007400,1333073,5.06,100,0.0506,B,1293084,1333072,0,16:03:12.320
000931.SZ,09:30:07.400,93007400,1333074,5.06,400,0.2024,B,1293241,1333072,0,16:03:12.320
000931.SZ,09:30:07.410,93007410,1333691,0.0,6600,0.0,?,1084424,0,0,16:03:12.320
000931.SZ,09:30:07.540,93007540,1340578,0.0,500,0.0,?,1192609,0,0,16:03:12.438
000931.SZ,09:30:07.540,93007540,1340579,0.0,200,0.0,?,1192608,0,0,16:03:12.438
000931.SZ,09:30:07.540,93007540,1340592,0.0,300,0.0,?,1192655,0,0,16:03:12.438
000931.SZ,09:30:07.540,93007540,1340610,0.0,200,0.0,?,1192654,0,0,16:03:12.438
000931.SZ,09:30:07.540,93007540,1340615,0.0,200,0.0,?,1192659,0,0,16:03:12.438
000931.SZ,09:30:07.540,93007540,1340621,0.0,300,0.0,?,1192652,0,0,16:03:12.438
000931.SZ,09:30:07.540,93007540,1340624,0.0,400,0.0,?,1192619,0,0,16:03:12.438
000931.SZ,09:30:07.540,93007540,1340625,0.0,200,0.0,?,1192656,0,0,16:03:12.438
000931.SZ,09:30:07.540,93007540,1340633,0.0,200,0.0,?,1192621,0,0,16:03:12.438
000931.SZ,09:30:07.560,93007560,1341368,0.0,100,0.0,?,1194239,0,0,16:03:12.438
000931.SZ,09:30:07.560,93007560,1341431,0.0,300,0.0,?,1193810,0,0,16:03:12.438
000931.SZ,09:30:07.560,93007560,1341455,0.0,400,0.0,?,1193797,0,0,16:03:12.438
000931.SZ,09:30:07.560,93007560,1341460,0.0,300,0.0,?,1193784,0,0,16:03:12.438
000931.SZ,09:30:07.620,93007620,1344070,0.0,400,0.0,?,1106103,0,0,16:03:12.438
000931.SZ,09:30:07.650,93007650,1345089,0.0,200,0.0,?,1189092,0,0,16:03:12.438
000931.SZ,09:30:07.660,93007660,1345539,0.0,3000,0.0,?,1108276,0,0,16:03:12.438
000931.SZ,09:30:07.880,93007880,1352955,5.06,400,0.2024,B,1293364,1352954,0,16:03:12.533
000931.SZ,09:30:07.880,93007880,1352956,5.06,400,0.2024,B,1295277,1352954,0,16:03:12.533
000931.SZ,09:30:07.880,93007880,1352957,5.07,800,0.4056,B,1184642,1352954,0,16:03:12.533
000931.SZ,09:30:07.970,93007970,1354758,5.05,700,0.3535,S,1354757,300724,0,16:03:12.643
000931.SZ,09:30:08.090,93008090,1357150,5.06,300,0.1518,B,1355245,1357149,0,16:03:12.643
000931.SZ,09:30:08.190,93008190,1358803,5.06,200,0.1012,B,1355245,1358802,0,16:03:12.643
000931.SZ,09:30:08.320,93008320,1360827,0.0,600,0.0,?,1149062,0,0,16:03:12.739
000931.SZ,09:30:08.340,93008340,1361516,0.0,1000,0.0,?,1058943,0,0,16:03:12.739
000931.SZ,09:30:08.760,93008760,1371042,5.06,300,0.1518,B,1355245,1371041,0,16:03:12.861
000931.SZ,09:30:08.790,93008790,1371506,5.05,200,0.101,S,1371505,791744,0,16:03:12.861
000931.SZ,09:30:09.070,93009070,1375646,0.0,200,0.0,?,1241465,0,0,16:03:12.943
000931.SZ,09:30:09.170,93009170,1377764,5.05,200,0.101,S,1377763,791744,0,16:03:12.943
000931.SZ,09:30:09.170,93009170,1377765,5.05,1000,0.505,S,1377763,871656,0,16:03:12.943
000931.SZ,09:30:09.170,93009170,1377766,5.05,600,0.303,S,1377763,1004609,0,16:03:12.943
000931.SZ,09:30:09.180,93009180,1377883,5.05,3700,1.8685,S,1377882,1004609,0,16:03:13.050
000931.SZ,09:30:09.180,93009180,1378143,0.0,100,0.0,?,1259959,0,0,16:03:13.050
000931.SZ,09:30:09.230,93009230,1379370,0.0,2000,0.0,?,1313863,0,0,16:03:13.050
000931.SZ,09:30:09.280,93009280,1380160,0.0,100,0.0,?,0,1296692,0,16:03:13.050
000931.SZ,09:30:10.300,93010300,1406088,5.05,200,0.101,S,1406087,1004609,0,16:03:13.408
000931.SZ,09:30:10.930,93010930,1424276,5.06,500,0.253,B,1355245,1424275,0,16:03:13.703
000931.SZ,09:30:11.250,93011250,1429224,5.06,100,0.0506,B,1355245,1429223,0,16:03:13.830
000931.SZ,09:30:11.610,93011610,1434230,0.0,400,0.0,?,1327042,0,0,16:03:13.970
000931.SZ,09:30:11.630,93011630,1434514,0.0,2300,0.0,?,900609,0,0,16:03:13.970
000931.SZ,09:30:11.790,93011790,1436703,0.0,600,0.0,?,1322355,0,0,16:03:13.970
000931.SZ,09:30:11.790,93011790,1436710,0.0,600,0.0,?,1322036,0,0,16:03:13.970
000931.SZ,09:30:11.790,93011790,1436782,5.05,500,0.2525,S,1436781,1004609,0,16:03:13.970
000931.SZ,09:30:11.790,93011790,1436783,5.05,1600,0.808,S,1436781,1248054,0,16:03:13.970
000931.SZ,09:30:11.800,93011800,1436800,0.0,2500,0.0,?,1322035,0,0,16:03:13.970
000931.SZ,09:30:12.210,93012210,1443303,5.05,1200,0.606,S,1443302,1248054,0,16:03:14.051
000931.SZ,09:30:12.210,93012210,1443304,5.05,200,0.101,S,1443302,1294367,0,16:03:14.051
000931.SZ,09:30:12.210,93012210,1443310,5.05,800,0.404,S,1443309,1294367,0,16:03:14.051
000931.SZ,09:30:12.210,93012210,1443317,5.05,100,0.0505,S,1443316,1294367,0,16:03:14.051
000931.SZ,09:30:12.210,93012210,1443318,5.05,1300,0.6565,S,1443316,1294371,0,16:03:14.051
000931.SZ,09:30:12.210,93012210,1443319,5.05,400,0.202,S,1443316,1294560,0,16:03:14.051
000931.SZ,09:30:12.210,93012210,1443320,5.05,400,0.202,S,1443316,1294561,0,16:03:14.051
000931.SZ,09:30:12.210,93012210,1443321,5.05,100,0.0505,S,1443316,1295396,0,16:03:14.051
000931.SZ,09:30:12.210,93012210,1443322,5.05,100,0.0505,S,1443316,1346051,0,16:03:14.051
000931.SZ,09:30:12.210,93012210,1443330,5.05,500,0.2525,S,1443329,1346051,0,16:03:14.051
000931.SZ,09:30:12.210,93012210,1443331,5.05,100,0.0505,S,1443329,1355093,0,16:03:14.051
000931.SZ,09:30:12.210,93012210,1443332,5.05,100,0.0505,S,1443329,1366292,0,16:03:14.051
000931.SZ,09:30:12.210,93012210,1443333,5.05,200,0.101,S,1443329,1376615,0,16:03:14.051
000931.SZ,09:30:12.210,93012210,1443334,5.05,400,0.202,S,1443329,1376617,0,16:03:14.051
000931.SZ,09:30:12.210,93012210,1443335,5.05,200,0.101,S,1443329,1377039,0,16:03:14.051
000931.SZ,09:30:12.210,93012210,1443336,5.05,300,0.1515,S,1443329,1378933,0,16:03:14.051
000931.SZ,09:30:12.210,93012210,1443337,5.05,700,0.3535,S,1443329,1383019,0,16:03:14.051
000931.SZ,09:30:12.210,93012210,1443339,5.05,200,0.101,S,1443338,1383039,0,16:03:14.051
000931.SZ,09:30:12.210,93012210,1443340,5.05,100,0.0505,S,1443338,1383040,0,16:03:14.051
000931.SZ,09:30:12.210,93012210,1443342,5.05,200,0.101,S,1443341,1383040,0,16:03:14.051
000931.SZ,09:30:12.210,93012210,1443343,5.05,300,0.1515,S,1443341,1383059,0,16:03:14.051
000931.SZ,09:30:12.210,93012210,1443344,5.05,600,0.303,S,1443341,1383220,0,16:03:14.051
000931.SZ,09:30:12.210,93012210,1443345,5.05,800,0.404,S,1443341,1383433,0,16:03:14.051
000931.SZ,09:30:12.210,93012210,1443413,5.05,100,0.0505,B,1443341,1443412,0,16:03:14.051
000931.SZ,09:30:12.220,93012220,1444095,0.0,13300,0.0,?,1153862,0,0,16:03:14.051
000931.SZ,09:30:12.230,93012230,1444173,5.05,3000,1.515,B,1443341,1444172,0,16:03:14.051
000931.SZ,09:30:12.260,93012260,1445080,5.05,500,0.2525,B,1443341,1445079,0,16:03:14.051
000931.SZ,09:30:12.260,93012260,1445252,5.05,100,0.0505,B,1443341,1445251,0,16:03:14.051
000931.SZ,09:30:12.270,93012270,1445360,5.05,2200,1.111,B,1443341,1445359,0,16:03:14.051
000931.SZ,09:30:12.500,93012500,1452674,0.0,800,0.0,?,1094259,0,0,16:03:14.300
000931.SZ,09:30:12.500,93012500,1452685,0.0,900,0.0,?,1094283,0,0,16:03:14.300
000931.SZ,09:30:12.500,93012500,1452687,0.0,200,0.0,?,1094282,0,0,16:03:14.300
000931.SZ,09:30:12.670,93012670,1457738,5.06,300,0.1518,B,1355245,1457737,0,16:03:14.300
000931.SZ,09:30:12.890,93012890,1461919,5.05,100,0.0505,S,1461918,1445359,0,16:03:14.300
000931.SZ,09:30:12.890,93012890,1461922,5.05,100,0.0505,S,1461921,1445359,0,16:03:14.300
000931.SZ,09:30:12.900,93012900,1462023,5.05,800,0.404,S,1462022,1445359,0,16:03:14.419
000931.SZ,09:30:13.040,93013040,1464470,0.0,8600,0.0,?,1136277,0,0,16:03:14.419
000931.SZ,09:30:13.240,93013240,1467501,0.0,300,0.0,?,1144744,0,0,16:03:14.419
000931.SZ,09:30:13.540,93013540,1475831,5.05,400,0.202,S,1475830,1445359,0,16:03:14.638
000931.SZ,09:30:14.260,93014260,1489859,5.05,100,0.0505,S,1489858,1445359,0,16:03:14.779
000931.SZ,09:30:14.460,93014460,1492674,0.0,1500,0.0,?,1253773,0,0,16:03:14.890
000931.SZ,09:30:14.570,93014570,1494230,0.0,1500,0.0,?,1408824,0,0,16:03:14.890
000931.SZ,09:30:15.250,93015250,1504181,0.0,100,0.0,?,1094745,0,0,16:03:15.017
000931.SZ,09:30:15.260,93015260,1504360,5.05,1800,0.909,S,1504359,1445359,0,16:03:15.017
000931.SZ,09:30:15.260,93015260,1504361,5.05,100,0.0505,S,1504359,1448620,0,16:03:15.017
000931.SZ,09:30:15.260,93015260,1504362,5.05,100,0.0505,S,1504359,1450954,0,16:03:15.017
000931.SZ,09:30:15.260,93015260,1504363,5.05,100,0.0505,S,1504359,1496541,0,16:03:15.017
000931.SZ,09:30:15.260,93015260,1504364,5.05,100,0.0505,S,1504359,1497974,0,16:03:15.017
000931.SZ,09:30:15.260,93015260,1504365,5.05,100,0.0505,S,1504359,1499512,0,16:03:15.017
000931.SZ,09:30:15.260,93015260,1504366,5.05,400,0.202,S,1504359,1499725,0,16:03:15.017
000931.SZ,09:30:15.260,93015260,1504367,5.04,500,0.252,S,1504359,182417,0,16:03:15.017
000931.SZ,09:30:15.330,93015330,1505959,5.05,4300,2.1715,S,1505958,1505247,0,16:03:15.112
000931.SZ,09:30:15.390,93015390,1508397,0.0,100,0.0,?,840606,0,0,16:03:15.112
000931.SZ,09:30:15.390,93015390,1508859,0.0,100,0.0,?,838252,0,0,16:03:15.112
000931.SZ,09:30:15.410,93015410,1509348,0.0,1000,0.0,?,1053067,0,0,16:03:15.112
000931.SZ,09:30:15.460,93015460,1510399,5.05,1400,0.707,S,1510398,1505247,0,16:03:15.112
000931.SZ,09:30:15.540,93015540,1511675,5.06,100,0.0506,B,1355245,1511674,0,16:03:15.237
000931.SZ,09:30:15.870,93015870,1519026,5.06,100,0.0506,B,1355245,1519025,0,16:03:15.376
000931.SZ,09:30:15.940,93015940,1519981,5.06,200,0.1012,B,1355245,1519980,0,16:03:15.376
000931.SZ,09:30:15.940,93015940,1519990,5.06,500,0.253,B,1355245,1519989,0,16:03:15.376
000931.SZ,09:30:15.950,93015950,1520209,5.06,100,0.0506,B,1355245,1520208,0,16:03:15.376
000931.SZ,09:30:15.950,93015950,1520252,5.06,100,0.0506,B,1355245,1520251,0,16:03:15.376
000931.SZ,09:30:16.050,93016050,1521539,5.06,1600,0.8096,B,1355245,1521538,0,16:03:15.376
000931.SZ,09:30:16.050,93016050,1521540,5.06,1000,0.506,B,1356564,1521538,0,16:03:15.376
000931.SZ,09:30:16.050,93016050,1521541,5.06,5500,2.783,B,1359842,1521538,0,16:03:15.376
000931.SZ,09:30:16.110,93016110,1522557,5.05,200,0.101,S,1522556,1505247,0,16:03:15.376
000931.SZ,09:30:16.110,93016110,1522558,5.05,100,0.0505,S,1522556,1505409,0,16:03:15.376
000931.SZ,09:30:16.110,93016110,1522559,5.05,100,0.0505,S,1522556,1505424,0,16:03:15.376
000931.SZ,09:30:16.110,93016110,1522560,5.05,100,0.0505,S,1522556,1505462,0,16:03:15.376
000931.SZ,09:30:16.110,93016110,1522561,5.05,200,0.101,S,1522556,1505501,0,16:03:15.376
000931.SZ,09:30:16.110,93016110,1522562,5.05,100,0.0505,S,1522556,1505551,0,16:03:15.376
000931.SZ,09:30:16.540,93016540,1532461,5.05,100,0.0505,S,1532460,1505552,0,16:03:15.544
000931.SZ,09:30:16.540,93016540,1532462,5.05,100,0.0505,S,1532460,1505801,0,16:03:15.544
000931.SZ,09:30:16.540,93016540,1532463,5.05,100,0.0505,S,1532460,1505872,0,16:03:15.544
000931.SZ,09:30:16.540,93016540,1532464,5.05,200,0.101,S,1532460,1507149,0,16:03:15.544
000931.SZ,09:30:16.540,93016540,1532465,5.05,100,0.0505,S,1532460,1507171,0,16:03:15.544
000931.SZ,09:30:16.540,93016540,1532466,5.05,200,0.101,S,1532460,1507211,0,16:03:15.544
000931.SZ,09:30:16.540,93016540,1532467,5.05,300,0.1515,S,1532460,1519825,0,16:03:15.544
000931.SZ,09:30:16.550,93016550,1532740,5.06,100,0.0506,B,1359842,1532739,0,16:03:15.544
000931.SZ,09:30:16.770,93016770,1537452,0.0,6100,0.0,?,1190849,0,0,16:03:15.669
000931.SZ,09:30:17.000,93017000,1542292,5.06,400,0.2024,B,1359842,1542291,0,16:03:15.669
000931.SZ,09:30:17.360,93017360,1547491,0.0,100,0.0,?,1457483,0,0,16:03:15.794
000931.SZ,09:30:17.630,93017630,1551269,5.05,100,0.0505,S,1551268,1520309,0,16:03:15.794
000931.SZ,09:30:18.190,93018190,1559611,5.06,100,0.0506,B,1359842,1559610,0,16:03:15.905
000931.SZ,09:30:18.210,93018210,1560538,5.05,300,0.1515,S,1560537,1520309,0,16:03:15.983
000931.SZ,09:30:18.210,93018210,1560539,5.05,200,0.101,S,1560537,1520957,0,16:03:15.983
000931.SZ,09:30:18.210,93018210,1560540,5.05,200,0.101,S,1560537,1520968,0,16:03:15.983
000931.SZ,09:30:18.210,93018210,1560541,5.05,200,0.101,S,1560537,1523019,0,16:03:15.983
000931.SZ,09:30:18.210,93018210,1560542,5.05,900,0.4545,S,1560537,1529026,0,16:03:15.983
000931.SZ,09:30:18.790,93018790,1575063,5.06,300,0.1518,B,1359842,1575062,0,16:03:16.158
000931.SZ,09:30:19.010,93019010,1578124,5.06,200,0.1012,B,1359842,1578123,0,16:03:16.299
000931.SZ,09:30:19.010,93019010,1578125,5.06,100,0.0506,B,1365086,1578123,0,16:03:16.299
000931.SZ,09:30:19.560,93019560,1590646,5.06,1800,0.9108,B,1365086,1590645,0,16:03:16.511
000931.SZ,09:30:19.560,93019560,1590647,5.06,2600,1.3156,B,1365696,1590645,0,16:03:16.511
000931.SZ,09:30:19.560,93019560,1590648,5.06,600,0.3036,B,1371083,1590645,0,16:03:16.511
000931.SZ,09:30:19.920,93019920,1597934,0.0,600,0.0,?,308546,0,0,16:03:16.590
000931.SZ,09:30:19.930,93019930,1597976,0.0,600,0.0,?,328428,0,0,16:03:16.590
000931.SZ,09:30:19.940,93019940,1598233,0.0,600,0.0,?,351356,0,0,16:03:16.590
000931.SZ,09:30:19.940,93019940,1598302,0.0,600,0.0,?,375919,0,0,16:03:16.590
000931.SZ,09:30:19.970,93019970,1598661,0.0,600,0.0,?,292363,0,0,16:03:16.590
000931.SZ,09:30:19.970,93019970,1598662,0.0,600,0.0,?,401778,0,0,16:03:16.590
000931.SZ,09:30:20.010,93020010,1599172,5.06,200,0.1012,B,1371083,1599171,0,16:03:16.590
000931.SZ,09:30:20.400,93020400,1605171,0.0,3100,0.0,?,741128,0,0,16:03:16.699
000931.SZ,09:30:20.850,93020850,1611709,0.0,600,0.0,?,426245,0,0,16:03:16.842
000931.SZ,09:30:20.850,93020850,1611748,0.0,600,0.0,?,483049,0,0,16:03:16.842
000931.SZ,09:30:20.850,93020850,1611751,0.0,600,0.0,?,453024,0,0,16:03:16.842
000931.SZ,09:30:21.090,93021090,1614907,5.06,400,0.2024,B,1371083,1614906,0,16:03:16.842
000931.SZ,09:30:21.090,93021090,1614908,5.06,200,0.1012,B,1382886,1614906,0,16:03:16.842
000931.SZ,09:30:21.090,93021090,1614909,5.06,400,0.2024,B,1382887,1614906,0,16:03:16.842
000931.SZ,09:30:21.090,93021090,1614910,5.06,200,0.1012,B,1382888,1614906,0,16:03:16.842
000931.SZ,09:30:21.090,93021090,1614911,5.06,200,0.1012,B,1382890,1614906,0,16:03:16.842
000931.SZ,09:30:21.090,93021090,1614912,5.06,500,0.253,B,1382892,1614906,0,16:03:16.842
000931.SZ,09:30:21.090,93021090,1614913,5.06,300,0.1518,B,1382899,1614906,0,16:03:16.842
000931.SZ,09:30:21.090,93021090,1614914,5.06,200,0.1012,B,1382900,1614906,0,16:03:16.842
000931.SZ,09:30:21.090,93021090,1614915,5.06,200,0.1012,B,1382902,1614906,0,16:03:16.842
000931.SZ,09:30:21.090,93021090,1614916,5.06,400,0.2024,B,1382903,1614906,0,16:03:16.842
000931.SZ,09:30:21.090,93021090,1614917,5.06,200,0.1012,B,1382906,1614906,0,16:03:16.842
000931.SZ,09:30:21.090,93021090,1614918,5.06,300,0.1518,B,1382909,1614906,0,16:03:16.842
000931.SZ,09:30:21.090,93021090,1614919,5.06,300,0.1518,B,1382920,1614906,0,16:03:16.842
000931.SZ,09:30:21.090,93021090,1614920,5.06,400,0.2024,B,1382931,1614906,0,16:03:16.842
000931.SZ,09:30:21.090,93021090,1614921,5.06,100,0.0506,B,1382943,1614906,0,16:03:16.842
000931.SZ,09:30:21.090,93021090,1614922,5.06,300,0.1518,B,1382960,1614906,0,16:03:16.842
000931.SZ,09:30:21.090,93021090,1614923,5.06,200,0.1012,B,1383671,1614906,0,16:03:16.842
000931.SZ,09:30:21.090,93021090,1614924,5.06,2300,1.1638,B,1394572,1614906,0,16:03:16.842
000931.SZ,09:30:21.090,93021090,1614925,5.06,2100,1.0626,B,1395122,1614906,0,16:03:16.842
000931.SZ,09:30:21.090,93021090,1614926,5.06,700,0.3542,B,1407327,1614906,0,16:03:16.842
000931.SZ,09:30:21.090,93021090,1614927,5.06,400,0.2024,B,1413504,1614906,0,16:03:16.842
000931.SZ,09:30:21.090,93021090,1614928,5.06,3000,1.518,B,1419096,1614906,0,16:03:16.842
000931.SZ,09:30:21.090,93021090,1614929,5.06,600,0.3036,B,1423495,1614906,0,16:03:16.842
000931.SZ,09:30:21.090,93021090,1614930,5.06,600,0.3036,B,1429413,1614906,0,16:03:16.842
000931.SZ,09:30:21.090,93021090,1614931,5.06,400,0.2024,B,1438868,1614906,0,16:03:16.842
000931.SZ,09:30:21.090,93021090,1614932,5.06,1900,0.9614,B,1448879,1614906,0,16:03:16.842
000931.SZ,09:30:21.090,93021090,1614933,5.06,600,0.3036,B,1459094,1614906,0,16:03:16.842
000931.SZ,09:30:21.090,93021090,1614934,5.06,600,0.3036,B,1459097,1614906,0,16:03:16.842
000931.SZ,09:30:21.090,93021090,1614935,5.06,2800,1.4168,B,1462078,1614906,0,16:03:16.842
000931.SZ,09:30:21.090,93021090,1614936,5.06,2000,1.012,B,1497556,1614906,0,16:03:16.842
000931.SZ,09:30:21.230,93021230,1618010,5.06,800,0.4048,B,1497556,1618009,0,16:03:16.967
000931.SZ,09:30:21.240,93021240,1618229,5.06,500,0.253,B,1517322,1618228,0,16:03:16.967
000931.SZ,09:30:21.250,93021250,1618334,5.06,900,0.4554,B,1517322,1618333,0,16:03:16.967
000931.SZ,09:30:21.260,93021260,1618553,5.06,600,0.3036,B,1517322,1618552,0,16:03:16.967
000931.SZ,09:30:21.310,93021310,1619490,5.06,6300,3.1878,B,1517322,1619489,0,16:03:16.967
000931.SZ,09:30:22.870,93022870,1652214,5.05,200,0.101,S,1652213,1529026,0,16:03:17.432
000931.SZ,09:30:22.870,93022870,1652215,5.05,100,0.0505,S,1652213,1533843,0,16:03:17.432
000931.SZ,09:30:22.900,93022900,1652542,5.06,200,0.1012,B,1517322,1652541,0,16:03:17.432
000931.SZ,09:30:23.710,93023710,1663874,0.0,1600,0.0,?,1144728,0,0,16:03:17.700
000931.SZ,09:30:24.010,93024010,1667675,5.06,900,0.4554,B,1517322,1667674,0,16:03:17.700
000931.SZ,09:30:24.180,93024180,1670824,5.06,12400,6.2744,B,1517322,1670823,0,16:03:17.700
000931.SZ,09:30:24.180,93024180,1670825,5.06,1000,0.506,B,1537369,1670823,0,16:03:17.700
000931.SZ,09:30:24.180,93024180,1670826,5.06,100,0.0506,B,1537881,1670823,0,16:03:17.700
000931.SZ,09:30:24.180,93024180,1670827,5.06,200,0.1012,B,1539479,1670823,0,16:03:17.700
000931.SZ,09:30:24.180,93024180,1670828,5.06,1100,0.5566,B,1574204,1670823,0,16:03:17.700
000931.SZ,09:30:24.180,93024180,1670847,5.06,1600,0.8096,B,1574204,1670846,0,16:03:17.700
000931.SZ,09:30:24.180,93024180,1670848,5.06,100,0.0506,B,1600685,1670846,0,16:03:17.700
000931.SZ,09:30:24.180,93024180,1670849,5.06,1700,0.8602,B,1601898,1670846,0,16:03:17.700
000931.SZ,09:30:24.180,93024180,1670850,5.06,800,0.4048,B,1608080,1670846,0,16:03:17.700
000931.SZ,09:30:24.180,93024180,1670852,5.06,2900,1.4674,B,1608080,1670851,0,16:03:17.700
000931.SZ,09:30:24.180,93024180,1670853,5.06,900,0.4554,B,1608257,1670851,0,16:03:17.700
000931.SZ,09:30:24.180,93024180,1670856,5.06,500,0.253,B,1608257,1670855,0,16:03:17.700
000931.SZ,09:30:24.180,93024180,1670857,5.06,300,0.1518,B,1617413,1670855,0,16:03:17.700
000931.SZ,09:30:24.180,93024180,1670858,5.06,100,0.0506,B,1617615,1670855,0,16:03:17.700
000931.SZ,09:30:24.180,93024180,1670859,5.06,1100,0.5566,B,1617718,1670855,0,16:03:17.700
000931.SZ,09:30:24.180,93024180,1670867,5.06,400,0.2024,B,1617718,1670866,0,16:03:17.700
000931.SZ,09:30:24.180,93024180,1670868,5.06,300,0.1518,B,1617778,1670866,0,16:03:17.700
000931.SZ,09:30:24.180,93024180,1670869,5.06,2100,1.0626,B,1631535,1670866,0,16:03:17.700
000931.SZ,09:30:24.180,93024180,1670870,5.06,400,0.2024,B,1654071,1670866,0,16:03:17.700
000931.SZ,09:30:24.260,93024260,1672747,5.07,800,0.4056,B,1184642,1672746,0,16:03:17.823
000931.SZ,09:30:24.320,93024320,1673868,5.06,200,0.1012,S,1673867,1670866,0,16:03:17.823
000931.SZ,09:30:24.320,93024320,1673869,5.06,1700,0.8602,S,1673867,1671006,0,16:03:17.823
000931.SZ,09:30:24.440,93024440,1677688,5.06,200,0.1012,S,1677687,1671006,0,16:03:17.823
000931.SZ,09:30:24.440,93024440,1677706,5.06,700,0.3542,S,1677705,1671006,0,16:03:17.823
000931.SZ,09:30:24.440,93024440,1677709,5.06,900,0.4554,S,1677708,1671006,0,16:03:17.823
000931.SZ,09:30:24.440,93024440,1677725,5.06,100,0.0506,S,1677724,1671006,0,16:03:17.823
000931.SZ,09:30:24.450,93024450,1678217,5.06,400,0.2024,S,1678216,1671006,0,16:03:17.823
000931.SZ,09:30:24.990,93024990,1689079,0.0,2600,0.0,?,1608124,0,0,16:03:18.078
000931.SZ,09:30:25.060,93025060,1689991,5.07,600,0.3042,B,1184642,1689990,0,16:03:18.078
000931.SZ,09:30:25.190,93025190,1692700,5.06,100,0.0506,S,1692699,1671006,0,16:03:18.078
000931.SZ,09:30:25.190,93025190,1692701,5.06,1900,0.9614,S,1692699,1671007,0,16:03:18.078
000931.SZ,09:30:25.510,93025510,1699483,0.0,400,0.0,?,0,1671010,0,16:03:18.187
000931.SZ,09:30:25.510,93025510,1699554,5.07,500,0.2535,B,1184642,1699553,0,16:03:18.187
000931.SZ,09:30:26.910,93026910,1719868,0.0,11000,0.0,?,524355,0,0,16:03:18.493
000931.SZ,09:30:27.060,93027060,1721595,5.07,800,0.4056,B,1184642,1721594,0,16:03:18.493
000931.SZ,09:30:27.520,93027520,1731501,5.07,500,0.2535,B,1184642,1731500,0,16:03:18.613
000931.SZ,09:30:27.560,93027560,1732265,5.07,400,0.2028,B,1184642,1732264,0,16:03:18.613
000931.SZ,09:30:27.630,93027630,1733487,5.07,300,0.1521,B,1184642,1733486,0,16:03:18.613
000931.SZ,09:30:27.640,93027640,1733576,5.07,600,0.3042,B,1184642,1733575,0,16:03:18.613
000931.SZ,09:30:27.670,93027670,1734585,5.07,300,0.1521,B,1184642,1734584,0,16:03:18.613
000931.SZ,09:30:27.680,93027680,1734829,5.07,500,0.2535,B,1184642,1734828,0,16:03:18.613
000931.SZ,09:30:27.710,93027710,1735595,5.07,700,0.3549,B,1184642,1735594,0,16:03:18.613
000931.SZ,09:30:27.890,93027890,1738339,5.07,800,0.4056,B,1184642,1738338,0,16:03:18.667
000931.SZ,09:30:27.900,93027900,1738488,5.07,700,0.3549,B,1184642,1738487,0,16:03:18.667
000931.SZ,09:30:27.970,93027970,1739661,5.07,900,0.4563,B,1184642,1739660,0,16:03:18.667
000931.SZ,09:30:27.970,93027970,1739684,5.07,600,0.3042,B,1184642,1739683,0,16:03:18.667
000931.SZ,09:30:28.150,93028150,1742228,5.07,2400,1.2168,B,1184642,1742227,0,16:03:18.667
000931.SZ,09:30:28.480,93028480,1749812,5.07,600,0.3042,B,1184642,1749811,0,16:03:18.713
000931.SZ,09:30:30.180,93030180,1775019,5.07,700,0.3549,B,1184642,1775018,0,16:03:18.877
000931.SZ,09:30:30.180,93030180,1775020,5.07,1200,0.6084,B,1195002,1775018,0,16:03:18.877
000931.SZ,09:30:30.180,93030180,1775021,5.07,100,0.0507,B,1199825,1775018,0,16:03:18.877
000931.SZ,09:30:30.180,93030180,1775022,5.07,200,0.1014,B,1199951,1775018,0,16:03:18.877
000931.SZ,09:30:30.280,93030280,1777058,5.07,100,0.0507,B,1199951,1777057,0,16:03:18.877
000931.SZ,09:30:30.280,93030280,1777146,5.07,2100,1.0647,B,1199951,1777145,0,16:03:18.877
000931.SZ,09:30:30.280,93030280,1777147,5.07,6100,3.0927,B,1208399,1777145,0,16:03:18.877
000931.SZ,09:30:30.280,93030280,1777191,5.07,400,0.2028,B,1208399,1777190,0,16:03:18.877
000931.SZ,09:30:30.280,93030280,1777237,5.07,400,0.2028,B,1208399,1777236,0,16:03:18.877
000931.SZ,09:30:30.310,93030310,1778038,0.0,200,0.0,?,0,1672207,0,16:03:18.933
000931.SZ,09:30:31.490,93031490,1802936,5.07,1100,0.5577,B,1208399,1802935,0,16:03:19.040
000931.SZ,09:30:31.490,93031490,1802937,5.07,1500,0.7605,B,1208508,1802935,0,16:03:19.040
000931.SZ,09:30:31.690,93031690,1807239,5.07,200,0.1014,B,1208508,1807238,0,16:03:19.089
000931.SZ,09:30:33.190,93033190,1827667,5.07,700,0.3549,B,1208508,1827666,0,16:03:19.210
000931.SZ,09:30:33.190,93033190,1827699,5.07,200,0.1014,B,1208508,1827698,0,16:03:19.210
000931.SZ,09:30:33.310,93033310,1829640,5.07,2400,1.2168,B,1208508,1829639,0,16:03:19.226
000931.SZ,09:30:33.310,93033310,1829650,5.07,300,0.1521,B,1208508,1829649,0,16:03:19.226
000931.SZ,09:30:33.310,93033310,1829657,5.07,300,0.1521,B,1208508,1829656,0,16:03:19.226
000931.SZ,09:30:33.310,93033310,1829661,5.07,500,0.2535,B,1208508,1829660,0,16:03:19.226
000931.SZ,09:30:33.310,93033310,1829662,5.07,500,0.2535,B,1212904,1829660,0,16:03:19.226
000931.SZ,09:30:33.310,93033310,1829663,5.07,500,0.2535,B,1220263,1829660,0,16:03:19.226
000931.SZ,09:30:33.310,93033310,1829664,5.07,1000,0.507,B,1230975,1829660,0,16:03:19.226
000931.SZ,09:30:33.310,93033310,1829670,5.07,100,0.0507,B,1230975,1829669,0,16:03:19.226
000931.SZ,09:30:33.310,93033310,1829762,5.07,1100,0.5577,B,1230975,1829761,0,16:03:19.226
000931.SZ,09:30:33.310,93033310,1829763,5.07,300,0.1521,B,1231091,1829761,0,16:03:19.226
000931.SZ,09:30:33.310,93033310,1829766,5.07,1200,0.6084,B,1231091,1829765,0,16:03:19.226
000931.SZ,09:30:33.310,93033310,1829769,5.07,700,0.3549,B,1232279,1829768,0,16:03:19.226
000931.SZ,09:30:33.310,93033310,1829770,5.07,400,0.2028,B,1237707,1829768,0,16:03:19.226
000931.SZ,09:30:33.310,93033310,1829771,5.07,100,0.0507,B,1237992,1829768,0,16:03:19.226
000931.SZ,09:30:33.310,93033310,1829773,5.07,1200,0.6084,B,1237992,1829772,0,16:03:19.226
000931.SZ,09:30:33.310,93033310,1829779,5.07,800,0.4056,B,1237992,1829778,0,16:03:19.226
000931.SZ,09:30:33.310,93033310,1829780,5.07,900,0.4563,B,1238698,1829778,0,16:03:19.226
000931.SZ,09:30:33.310,93033310,1829852,5.07,400,0.2028,B,1238698,1829851,0,16:03:19.226
000931.SZ,09:30:33.320,93033320,1830013,5.07,900,0.4563,B,1238698,1830012,0,16:03:19.226
000931.SZ,09:30:33.320,93033320,1830014,5.07,1500,0.7605,B,1239147,1830012,0,16:03:19.226
000931.SZ,09:30:33.320,93033320,1830015,5.07,2100,1.0647,B,1239438,1830012,0,16:03:19.226
000931.SZ,09:30:33.320,93033320,1830100,5.07,100,0.0507,B,1239438,1830099,0,16:03:19.226
000931.SZ,09:30:33.320,93033320,1830101,5.07,1400,0.7098,B,1246035,1830099,0,16:03:19.226
000931.SZ,09:30:33.320,93033320,1830102,5.07,1900,0.9633,B,1284723,1830099,0,16:03:19.226
000931.SZ,09:30:33.320,93033320,1830103,5.07,100,0.0507,B,1305756,1830099,0,16:03:19.226
000931.SZ,09:30:33.320,93033320,1830104,5.07,400,0.2028,B,1314481,1830099,0,16:03:19.226
000931.SZ,09:30:33.320,93033320,1830105,5.07,300,0.1521,B,1322623,1830099,0,16:03:19.226
000931.SZ,09:30:33.320,93033320,1830445,5.07,1100,0.5577,B,1322623,1830444,0,16:03:19.226
000931.SZ,09:30:33.320,93033320,1830446,5.07,2800,1.4196,B,1322624,1830444,0,16:03:19.226
000931.SZ,09:30:33.320,93033320,1830506,5.07,1100,0.5577,B,1322624,1830505,0,16:03:19.226
000931.SZ,09:30:33.320,93033320,1830507,5.07,7400,3.7518,B,1341418,1830505,0,16:03:19.226
000931.SZ,09:30:33.320,93033320,1830508,5.07,3000,1.521,B,1384112,1830505,0,16:03:19.226
000931.SZ,09:30:33.330,93033330,1830861,5.07,1900,0.9633,B,1384112,1830860,0,16:03:19.226
000931.SZ,09:30:33.330,93033330,1830862,5.07,200,0.1014,B,1412761,1830860,0,16:03:19.226
000931.SZ,09:30:33.670,93033670,1841202,5.07,100,0.0507,B,1412761,1841201,0,16:03:19.287
000931.SZ,09:30:33.670,93033670,1841203,5.07,200,0.1014,B,1414404,1841201,0,16:03:19.287
000931.SZ,09:30:34.010,93034010,1846521,5.07,700,0.3549,B,1414404,1846520,0,16:03:19.342
000931.SZ,09:30:34.010,93034010,1846522,5.07,100,0.0507,B,1538175,1846520,0,16:03:19.342
000931.SZ,09:30:34.010,93034010,1846523,5.07,400,0.2028,B,1596368,1846520,0,16:03:19.342
000931.SZ,09:30:34.030,93034030,1846827,5.07,100,0.0507,B,1596368,1846826,0,16:03:19.342
000931.SZ,09:30:34.090,93034090,1847889,0.0,600,0.0,?,0,1579185,0,16:03:19.342
000931.SZ,09:30:34.210,93034210,1849873,5.07,300,0.1521,B,1596368,1849872,0,16:03:19.396
000931.SZ,09:30:34.590,93034590,1859353,0.0,600,0.0,?,0,1591131,0,16:03:19.438
000931.SZ,09:30:35.540,93035540,1873542,5.07,1900,0.9633,B,1596368,1873541,0,16:03:19.578
000931.SZ,09:30:35.580,93035580,1874148,0.0,2700,0.0,?,472565,0,0,16:03:19.578
000931.SZ,09:30:35.590,93035590,1874186,5.07,600,0.3042,B,1596368,1874185,0,16:03:19.578
000931.SZ,09:30:35.720,93035720,1876089,5.07,200,0.1014,B,1596368,1876088,0,16:03:19.578
000931.SZ,09:30:36.310,93036310,1885020,5.07,700,0.3549,B,1596368,1885019,0,16:03:19.670
000931.SZ,09:30:36.310,93036310,1885022,5.07,800,0.4056,B,1596368,1885021,0,16:03:19.670
000931.SZ,09:30:36.310,93036310,1885024,5.07,600,0.3042,B,1596368,1885023,0,16:03:19.670
000931.SZ,09:30:36.310,93036310,1885026,5.07,1600,0.8112,B,1596368,1885025,0,16:03:19.670
000931.SZ,09:30:36.310,93036310,1885028,5.07,600,0.3042,B,1596368,1885027,0,16:03:19.670
000931.SZ,09:30:36.310,93036310,1885030,5.07,1000,0.507,B,1596368,1885029,0,16:03:19.670
000931.SZ,09:30:36.310,93036310,1885032,5.07,900,0.4563,B,1596368,1885031,0,16:03:19.670
000931.SZ,09:30:36.310,93036310,1885034,5.07,600,0.3042,B,1596368,1885033,0,16:03:19.670
000931.SZ,09:30:36.320,93036320,1885070,5.07,1500,0.7605,B,1596368,1885069,0,16:03:19.670
000931.SZ,09:30:36.320,93036320,1885222,5.07,300,0.1521,B,1596368,1885221,0,16:03:19.670
000931.SZ,09:30:36.320,93036320,1885232,5.07,2500,1.2675,B,1596368,1885231,0,16:03:19.670
000931.SZ,09:30:36.320,93036320,1885236,5.07,5700,2.8899,B,1596368,1885235,0,16:03:19.670
000931.SZ,09:30:36.320,93036320,1885237,5.07,600,0.3042,B,1692799,1885235,0,16:03:19.670
000931.SZ,09:30:36.320,93036320,1885238,5.07,600,0.3042,B,1723955,1885235,0,16:03:19.670
000931.SZ,09:30:36.320,93036320,1885239,5.07,800,0.4056,B,1736866,1885235,0,16:03:19.670
000931.SZ,09:30:36.320,93036320,1885240,5.07,500,0.2535,B,1738568,1885235,0,16:03:19.670
000931.SZ,09:30:36.320,93036320,1885253,5.07,500,0.2535,B,1738568,1885252,0,16:03:19.670
000931.SZ,09:30:36.320,93036320,1885254,5.07,900,0.4563,B,1773163,1885252,0,16:03:19.670
000931.SZ,09:30:36.320,93036320,1885255,5.07,400,0.2028,B,1787206,1885252,0,16:03:19.670
000931.SZ,09:30:36.320,93036320,1885256,5.07,600,0.3042,B,1788599,1885252,0,16:03:19.670
000931.SZ,09:30:36.320,93036320,1885288,5.07,400,0.2028,B,1788599,1885287,0,16:03:19.670
000931.SZ,09:30:36.320,93036320,1885359,5.07,400,0.2028,B,1788599,1885358,0,16:03:19.670
000931.SZ,09:30:36.320,93036320,1885366,5.07,100,0.0507,B,1788599,1885365,0,16:03:19.670
000931.SZ,09:30:36.320,93036320,1885367,5.07,400,0.2028,B,1790857,1885365,0,16:03:19.670
000931.SZ,09:30:36.320,93036320,1885372,5.07,600,0.3042,B,1790857,1885371,0,16:03:19.670
000931.SZ,09:30:36.320,93036320,1885374,5.07,300,0.1521,B,1790857,1885373,0,16:03:19.670
000931.SZ,09:30:36.320,93036320,1885375,5.07,100,0.0507,B,1830046,1885373,0,16:03:19.670
000931.SZ,09:30:36.320,93036320,1885378,5.07,400,0.2028,B,1830046,1885377,0,16:03:19.670
000931.SZ,09:30:36.320,93036320,1885385,5.07,1300,0.6591,B,1830046,1885384,0,16:03:19.670
000931.SZ,09:30:36.350,93036350,1886282,5.08,2000,1.016,B,1109912,1886281,0,16:03:19.812
000931.SZ,09:30:36.350,93036350,1886283,5.08,200,0.1016,B,1114720,1886281,0,16:03:19.812
000931.SZ,09:30:36.350,93036350,1886284,5.08,1200,0.6096,B,1127331,1886281,0,16:03:19.812
000931.SZ,09:30:36.620,93036620,1893952,0.0,100,0.0,?,0,1706546,0,16:03:19.812
000931.SZ,09:30:38.020,93038020,1919340,0.0,3000,0.0,?,467691,0,0,16:03:20.270
000931.SZ,09:30:38.940,93038940,1930011,0.0,100,0.0,?,1419365,0,0,16:03:20.501
000931.SZ,09:30:39.220,93039220,1933948,0.0,100,0.0,?,0,1777022,0,16:03:20.501
000931.SZ,09:30:39.220,93039220,1933950,0.0,100,0.0,?,0,1777014,0,16:03:20.501
000931.SZ,09:30:39.220,93039220,1933951,0.0,100,0.0,?,0,1777013,0,16:03:20.501
000931.SZ,09:30:39.220,93039220,1933953,0.0,100,0.0,?,0,1777126,0,16:03:20.501
000931.SZ,09:30:39.220,93039220,1933954,0.0,300,0.0,?,0,1671007,0,16:03:20.501
000931.SZ,09:30:39.220,93039220,1933956,5.08,500,0.254,B,1127331,1933955,0,16:03:20.501
000931.SZ,09:30:39.220,93039220,1933957,0.0,100,0.0,?,0,1777037,0,16:03:20.501
000931.SZ,09:30:39.220,93039220,1933961,5.08,200,0.1016,B,1127331,1933960,0,16:03:20.501
000931.SZ,09:30:39.220,93039220,1933962,5.08,600,0.3048,B,1148805,1933960,0,16:03:20.501
000931.SZ,09:30:39.220,93039220,1933969,0.0,500,0.0,?,0,1777198,0,16:03:20.501
000931.SZ,09:30:39.220,93039220,1933982,0.0,2600,0.0,?,1829707,0,0,16:03:20.501
000931.SZ,09:30:39.220,93039220,1933985,0.0,2000,0.0,?,0,1885384,0,16:03:20.501
000931.SZ,09:30:39.220,93039220,1933988,5.08,1100,0.5588,B,1148805,1933987,0,16:03:20.501
000931.SZ,09:30:39.220,93039220,1933989,5.08,800,0.4064,B,1148928,1933987,0,16:03:20.501
000931.SZ,09:30:39.220,93039220,1933990,5.08,600,0.3048,B,1196542,1933987,0,16:03:20.501
000931.SZ,09:30:39.220,93039220,1933991,5.08,1200,0.6096,B,1227638,1933987,0,16:03:20.501
000931.SZ,09:30:39.220,93039220,1933992,5.08,1200,0.6096,B,1227639,1933987,0,16:03:20.501
000931.SZ,09:30:39.220,93039220,1933993,5.08,600,0.3048,B,1231695,1933987,0,16:03:20.501
000931.SZ,09:30:39.220,93039220,1933994,5.08,300,0.1524,B,1256220,1933987,0,16:03:20.501
000931.SZ,09:30:39.220,93039220,1933995,5.08,1000,0.508,B,1279851,1933987,0,16:03:20.501
000931.SZ,09:30:39.220,93039220,1933996,5.08,400,0.2032,B,1289235,1933987,0,16:03:20.501
000931.SZ,09:30:39.220,93039220,1933997,5.08,600,0.3048,B,1290541,1933987,0,16:03:20.501
000931.SZ,09:30:39.220,93039220,1933998,5.08,200,0.1016,B,1304597,1933987,0,16:03:20.501
000931.SZ,09:30:39.220,93039220,1933999,5.08,1000,0.508,B,1335715,1933987,0,16:03:20.501
000931.SZ,09:30:39.220,93039220,1934000,5.08,600,0.3048,B,1830147,1933987,0,16:03:20.501
000931.SZ,09:30:39.220,93039220,1934005,0.0,1200,0.0,?,0,1885405,0,16:03:20.501
000931.SZ,09:30:39.220,93039220,1934008,5.08,400,0.2032,B,1830147,1934007,0,16:03:20.501
000931.SZ,09:30:39.220,93039220,1934010,5.08,1000,0.508,B,1830147,1934009,0,16:03:20.501
000931.SZ,09:30:39.220,93039220,1934039,5.08,500,0.254,B,1830147,1934038,0,16:03:20.501
000931.SZ,09:30:39.230,93039230,1934077,0.0,2500,0.0,?,0,1886000,0,16:03:20.501
000931.SZ,09:30:39.230,93039230,1934111,5.08,700,0.3556,B,1830147,1934110,0,16:03:20.501
000931.SZ,09:30:39.260,93039260,1935068,0.0,7600,0.0,?,0,1618575,0,16:03:20.624
000931.SZ,09:30:39.320,93039320,1936110,5.08,100,0.0508,S,1936109,1934110,0,16:03:20.624
000931.SZ,09:30:39.320,93039320,1936111,5.08,1600,0.8128,S,1936109,1934116,0,16:03:20.624
000931.SZ,09:30:39.320,93039320,1936112,5.08,1900,0.9652,S,1936109,1934224,0,16:03:20.624
000931.SZ,09:30:39.600,93039600,1942460,0.0,500,0.0,?,0,1533843,0,16:03:20.624
000931.SZ,09:30:39.600,93039600,1942651,0.0,5400,0.0,?,0,1885107,0,16:03:20.624
000931.SZ,09:30:39.740,93039740,1945247,0.0,100,0.0,?,0,1649491,0,16:03:20.749
000931.SZ,09:30:39.830,93039830,1946760,0.0,6500,0.0,?,0,809817,0,16:03:20.749
000931.SZ,09:30:39.930,93039930,1948239,0.0,100,0.0,?,0,1634280,0,16:03:20.749
000931.SZ,09:30:39.980,93039980,1949041,5.09,100,0.0509,B,500470,1949040,0,16:03:20.749
000931.SZ,09:30:39.990,93039990,1949057,0.0,400,0.0,?,0,1634404,0,16:03:20.749
000931.SZ,09:30:40.010,93040010,1949332,0.0,200,0.0,?,0,1599173,0,16:03:20.749
000931.SZ,09:30:40.060,93040060,1949962,0.0,1200,0.0,?,780341,0,0,16:03:20.749
000931.SZ,09:30:40.160,93040160,1951310,0.0,100,0.0,?,0,1637278,0,16:03:20.845
000931.SZ,09:30:40.160,93040160,1951318,0.0,100,0.0,?,0,1637282,0,16:03:20.845
000931.SZ,09:30:40.190,93040190,1951859,5.08,1000,0.508,S,1951858,1934224,0,16:03:20.845
000931.SZ,09:30:40.190,93040190,1951889,5.08,100,0.0508,S,1951888,1934294,0,16:03:20.845
000931.SZ,09:30:40.310,93040310,1954697,0.0,200,0.0,?,0,1528409,0,16:03:20.845
000931.SZ,09:30:40.440,93040440,1957914,0.0,200,0.0,?,0,1587024,0,16:03:20.924
000931.SZ,09:30:40.560,93040560,1960982,5.08,400,0.2032,S,1960981,1934294,0,16:03:20.924
000931.SZ,09:30:40.560,93040560,1960983,5.08,1000,0.508,S,1960981,1934430,0,16:03:20.924
000931.SZ,09:30:40.560,93040560,1960984,5.08,300,0.1524,S,1960981,1947410,0,16:03:20.924
000931.SZ,09:30:40.560,93040560,1960985,5.08,200,0.1016,S,1960981,1956693,0,16:03:20.924
000931.SZ,09:30:40.560,93040560,1960986,5.08,200,0.1016,S,1960981,1960726,0,16:03:20.924
000931.SZ,09:30:40.560,93040560,1960987,5.07,500,0.2535,S,1960981,1885386,0,16:03:20.924
000931.SZ,09:30:40.560,93040560,1960988,5.07,2000,1.014,S,1960981,1885393,0,16:03:20.924
000931.SZ,09:30:40.580,93040580,1961435,0.0,3800,0.0,?,1152910,0,0,16:03:20.924
000931.SZ,09:30:40.750,93040750,1964682,0.0,100,0.0,?,0,1370927,0,16:03:21.080
000931.SZ,09:30:40.900,93040900,1966744,0.0,300,0.0,?,0,1378779,0,16:03:21.080
000931.SZ,09:30:41.160,93041160,1971746,5.08,100,0.0508,S,1971745,1966001,0,16:03:21.080
000931.SZ,09:30:41.160,93041160,1971747,5.08,300,0.1524,S,1971745,1970464,0,16:03:21.080
000931.SZ,09:30:41.160,93041160,1971748,5.08,200,0.1016,S,1971745,1971389,0,16:03:21.080
000931.SZ,09:30:41.240,93041240,1972990,5.08,100,0.0508,B,1971745,1972989,0,16:03:21.206
000931.SZ,09:30:41.510,93041510,1977086,5.08,2300,1.1684,S,1977085,1972989,0,16:03:21.206
000931.SZ,09:30:41.860,93041860,1982236,5.08,100,0.0508,B,1977085,1982235,0,16:03:21.440
000931.SZ,09:30:42.170,93042170,1987300,5.07,900,0.4563,S,1987299,1885393,0,16:03:21.440
000931.SZ,09:30:42.220,93042220,1988245,5.08,800,0.4064,B,1977085,1988244,0,16:03:21.440
000931.SZ,09:30:42.220,93042220,1988309,0.0,400,0.0,?,0,1829757,0,16:03:21.440
000931.SZ,09:30:42.220,93042220,1988357,0.0,1800,0.0,?,0,1829891,0,16:03:21.440
000931.SZ,09:30:42.230,93042230,1988479,0.0,1700,0.0,?,0,1885406,0,16:03:21.440
000931.SZ,09:30:42.230,93042230,1988542,0.0,800,0.0,?,0,1885979,0,16:03:21.440
000931.SZ,09:30:42.260,93042260,1989212,0.0,1600,0.0,?,0,1885722,0,16:03:21.464
000931.SZ,09:30:42.340,93042340,1990747,0.0,300,0.0,?,0,1923240,0,16:03:21.464
000931.SZ,09:30:43.460,93043460,2012703,5.08,100,0.0508,B,1977085,2012702,0,16:03:21.813
000931.SZ,09:30:43.460,93043460,2012704,5.08,100,0.0508,B,1977097,2012702,0,16:03:21.813
000931.SZ,09:30:43.460,93043460,2012796,5.08,1700,0.8636,B,1977097,2012795,0,16:03:21.813
000931.SZ,09:30:44.340,93044340,2025790,5.08,200,0.1016,B,1977097,2025789,0,16:03:22.079
000931.SZ,09:30:44.400,93044400,2026684,0.0,10900,0.0,?,469602,0,0,16:03:22.079
000931.SZ,09:30:45.220,93045220,2037319,5.08,11100,5.6388,B,1977097,2037318,0,16:03:22.190
000931.SZ,09:30:45.220,93045220,2037320,5.08,2700,1.3716,B,1994561,2037318,0,16:03:22.190
000931.SZ,09:30:45.220,93045220,2037321,5.08,3500,1.778,B,1994751,2037318,0,16:03:22.190
000931.SZ,09:30:45.220,93045220,2037322,5.08,2300,1.1684,B,2033092,2037318,0,16:03:22.190
000931.SZ,09:30:45.230,93045230,2037424,0.0,200,0.0,?,0,1900070,0,16:03:22.190
000931.SZ,09:30:45.230,93045230,2037541,5.08,200,0.1016,B,2033092,2037540,0,16:03:22.190
000931.SZ,09:30:45.230,93045230,2037556,0.0,300,0.0,?,0,1900064,0,16:03:22.190
000931.SZ,09:30:45.240,93045240,2037703,5.08,300,0.1524,B,2033092,2037702,0,16:03:22.190
000931.SZ,09:30:45.260,93045260,2037987,5.08,1200,0.6096,B,2033092,2037986,0,16:03:22.332
000931.SZ,09:30:45.360,93045360,2039982,5.08,300,0.1524,B,2033092,2039981,0,16:03:22.332
000931.SZ,09:30:45.600,93045600,2045369,0.0,11600,0.0,?,0,1885130,0,16:03:22.332
000931.SZ,09:30:46.300,93046300,2057460,0.0,1400,0.0,?,0,1801495,0,16:03:22.575
000931.SZ,09:30:46.850,93046850,2067791,0.0,100,0.0,?,0,1981194,0,16:03:22.830
000931.SZ,09:30:46.910,93046910,2068696,0.0,1500,0.0,?,385052,0,0,16:03:22.830
000931.SZ,09:30:47.040,93047040,2070457,5.08,200,0.1016,B,2033092,2070456,0,16:03:22.830
000931.SZ,09:30:47.580,93047580,2077405,0.0,400,0.0,?,0,2037222,0,16:03:22.971
000931.SZ,09:30:48.280,93048280,2087675,0.0,1600,0.0,?,0,1899797,0,16:03:23.083
000931.SZ,09:30:48.280,93048280,2087699,0.0,200,0.0,?,0,1723700,0,16:03:23.083
000931.SZ,09:30:48.280,93048280,2087704,0.0,1700,0.0,?,0,1723699,0,16:03:23.083
000931.SZ,09:30:48.280,93048280,2087713,5.08,100,0.0508,B,2033092,2087712,0,16:03:23.083
000931.SZ,09:30:48.280,93048280,2087716,5.08,100,0.0508,B,2033092,2087715,0,16:03:23.083
000931.SZ,09:30:48.280,93048280,2087722,5.08,200,0.1016,B,2033092,2087721,0,16:03:23.083
000931.SZ,09:30:48.290,93048290,2088070,0.0,200,0.0,?,0,1999939,0,16:03:23.083
000931.SZ,09:30:48.300,93048300,2088189,5.08,400,0.2032,B,2033092,2088188,0,16:03:23.083
000931.SZ,09:30:48.380,93048380,2089472,0.0,300,0.0,?,0,1930521,0,16:03:23.083
000931.SZ,09:30:48.380,93048380,2089475,0.0,1900,0.0,?,0,1900096,0,16:03:23.083
000931.SZ,09:30:48.380,93048380,2089490,5.07,12500,6.3375,S,2089489,1885393,0,16:03:23.083
000931.SZ,09:30:48.380,93048380,2089491,5.07,200,0.1014,S,2089489,1885402,0,16:03:23.239
000931.SZ,09:30:48.380,93048380,2089492,5.07,500,0.2535,S,2089489,1885414,0,16:03:23.239
000931.SZ,09:30:48.380,93048380,2089493,5.07,300,0.1521,S,2089489,1886033,0,16:03:23.239
000931.SZ,09:30:48.380,93048380,2089494,5.07,300,0.1521,S,2089489,1896140,0,16:03:23.239
000931.SZ,09:30:48.380,93048380,2089495,5.07,1900,0.9633,S,2089489,1898071,0,16:03:23.239
000931.SZ,09:30:48.380,93048380,2089496,5.07,100,0.0507,S,2089489,1899862,0,16:03:23.239
000931.SZ,09:30:48.380,93048380,2089497,5.07,1600,0.8112,S,2089489,1900062,0,16:03:23.239
000931.SZ,09:30:48.380,93048380,2089498,5.07,4000,2.028,S,2089489,1900985,0,16:03:23.239
000931.SZ,09:30:48.380,93048380,2089500,5.07,3200,1.6224,S,2089499,1900985,0,16:03:23.239
000931.SZ,09:30:48.870,93048870,2099351,0.0,100,0.0,?,0,1810800,0,16:03:23.239
000931.SZ,09:30:48.870,93048870,2099413,0.0,300,0.0,?,0,1810828,0,16:03:23.239
000931.SZ,09:30:48.880,93048880,2099455,0.0,100,0.0,?,0,1810813,0,16:03:23.239
000931.SZ,09:30:49.870,93049870,2116935,5.08,100,0.0508,B,2033092,2116934,0,16:03:23.598
000931.SZ,09:30:49.870,93049870,2116940,5.08,300,0.1524,B,2033092,2116939,0,16:03:23.598
000931.SZ,09:30:49.870,93049870,2117007,5.08,100,0.0508,B,2033092,2117006,0,16:03:23.598
000931.SZ,09:30:50.050,93050050,2119377,5.08,200,0.1016,B,2033092,2119376,0,16:03:23.598
000931.SZ,09:30:51.130,93051130,2133567,5.08,200,0.1016,B,2033092,2133566,0,16:03:23.889
000931.SZ,09:30:51.280,93051280,2136102,5.08,1000,0.508,B,2033092,2136101,0,16:03:23.889
000931.SZ,09:30:51.280,93051280,2136158,5.08,1300,0.6604,B,2033092,2136157,0,16:03:23.889
000931.SZ,09:30:51.280,93051280,2136159,5.08,100,0.0508,B,2044432,2136157,0,16:03:23.889
000931.SZ,09:30:51.280,93051280,2136160,5.08,1600,0.8128,B,2092717,2136157,0,16:03:23.889
000931.SZ,09:30:51.290,93051290,2136292,5.08,2300,1.1684,B,2092717,2136291,0,16:03:23.889
000931.SZ,09:30:53.450,93053450,2171694,0.0,10000,0.0,?,0,1770153,0,16:03:24.522
000931.SZ,09:30:53.910,93053910,2178513,0.0,1500,0.0,?,0,1999299,0,16:03:24.631
000931.SZ,09:30:54.240,93054240,2186111,5.08,100,0.0508,B,2092717,2186110,0,16:03:24.631
000931.SZ,09:30:54.540,93054540,2193961,5.08,100,0.0508,B,2092717,2193960,0,16:03:24.782
000931.SZ,09:30:54.680,93054680,2197273,5.08,6500,3.302,B,2092717,2197272,0,16:03:24.924
000931.SZ,09:30:54.680,93054680,2197274,5.08,1000,0.508,B,2191361,2197272,0,16:03:24.924
000931.SZ,09:30:54.680,93054680,2197275,5.09,1900,0.9671,B,500470,2197272,0,16:03:24.924
000931.SZ,09:30:54.680,93054680,2197276,5.09,2900,1.4761,B,528292,2197272,0,16:03:24.924
000931.SZ,09:30:54.680,93054680,2197277,5.09,9500,4.8355,B,532421,2197272,0,16:03:24.924
000931.SZ,09:30:54.680,93054680,2197278,5.09,400,0.2036,B,892978,2197272,0,16:03:24.924
000931.SZ,09:30:54.680,93054680,2197279,5.09,400,0.2036,B,1018739,2197272,0,16:03:24.924
000931.SZ,09:30:54.680,93054680,2197280,5.09,100,0.0509,B,1038147,2197272,0,16:03:24.924
000931.SZ,09:30:54.680,93054680,2197281,5.09,500,0.2545,B,1094881,2197272,0,16:03:24.924
000931.SZ,09:30:54.680,93054680,2197282,5.09,400,0.2036,B,1205583,2197272,0,16:03:24.924
000931.SZ,09:30:54.680,93054680,2197283,5.09,100,0.0509,B,1273387,2197272,0,16:03:24.924
000931.SZ,09:30:54.680,93054680,2197284,5.09,1500,0.7635,B,1280668,2197272,0,16:03:24.924
000931.SZ,09:30:55.690,93055690,2218938,5.08,7700,3.9116,B,2215364,2218937,0,16:03:25.133
000931.SZ,09:30:55.690,93055690,2218939,5.09,500,0.2545,B,1280668,2218937,0,16:03:25.133
000931.SZ,09:30:55.690,93055690,2218940,5.09,300,0.1527,B,1894869,2218937,0,16:03:25.133
000931.SZ,09:30:56.700,93056700,2235443,0.0,16700,0.0,?,0,2218937,0,16:03:25.394
000931.SZ,09:30:56.950,93056950,2240534,0.0,100,0.0,?,0,1885491,0,16:03:25.528
000931.SZ,09:30:56.950,93056950,2240537,0.0,100,0.0,?,0,1829975,0,16:03:25.528
000931.SZ,09:30:56.970,93056970,2240874,0.0,100,0.0,?,0,1830953,0,16:03:25.528
000931.SZ,09:30:56.980,93056980,2241016,0.0,100,0.0,?,0,1831233,0,16:03:25.528
000931.SZ,09:30:56.980,93056980,2241027,0.0,100,0.0,?,0,1831845,0,16:03:25.528
000931.SZ,09:30:56.980,93056980,2241041,0.0,100,0.0,?,0,1790127,0,16:03:25.528
000931.SZ,09:30:56.980,93056980,2241042,0.0,100,0.0,?,0,1886151,0,16:03:25.528
000931.SZ,09:30:57.100,93057100,2242862,0.0,100,0.0,?,0,1831430,0,16:03:25.528
000931.SZ,09:30:57.170,93057170,2244621,0.0,100,0.0,?,0,1988204,0,16:03:25.701
000931.SZ,09:30:57.170,93057170,2244642,0.0,500,0.0,?,0,1988263,0,16:03:25.701
000931.SZ,09:30:57.170,93057170,2244785,0.0,800,0.0,?,0,1777309,0,16:03:25.701
000931.SZ,09:30:57.180,93057180,2244981,0.0,1800,0.0,?,0,1777398,0,16:03:25.701
000931.SZ,09:30:57.240,93057240,2246518,0.0,100,0.0,?,0,1745434,0,16:03:25.701
000931.SZ,09:30:57.630,93057630,2256748,5.09,300,0.1527,S,2256747,2245109,0,16:03:25.811
000931.SZ,09:30:57.730,93057730,2258870,5.09,1900,0.9671,S,2258869,2245109,0,16:03:25.811
000931.SZ,09:30:58.380,93058380,2271472,0.0,1400,0.0,?,0,2069527,0,16:03:26.047
000931.SZ,09:30:58.720,93058720,2277536,0.0,1900,0.0,?,0,1851780,0,16:03:26.047
000931.SZ,09:30:58.740,93058740,2278153,0.0,5100,0.0,?,2258869,0,0,16:03:26.047
000931.SZ,09:30:58.940,93058940,2281869,0.0,100,0.0,?,0,2075382,0,16:03:26.169
000931.SZ,09:30:59.080,93059080,2284481,5.09,800,0.4072,B,2262139,2284480,0,16:03:26.169
000931.SZ,09:30:59.200,93059200,2286359,0.0,1600,0.0,?,0,1855604,0,16:03:26.265
000931.SZ,09:30:59.380,93059380,2288739,5.09,1000,0.509,B,2262139,2288738,0,16:03:26.265
000931.SZ,09:30:59.960,93059960,2299237,0.0,3600,0.0,?,0,2245213,0,16:03:26.507
000931.SZ,09:31:00.220,93100220,2306513,0.0,100,0.0,?,0,2285868,0,16:03:26.729
000931.SZ,09:31:00.220,93100220,2306545,0.0,500,0.0,?,0,2298244,0,16:03:26.729
000931.SZ,09:31:00.220,93100220,2306613,0.0,400,0.0,?,0,2039200,0,16:03:26.729
000931.SZ,09:31:00.230,93100230,2306865,0.0,1800,0.0,?,0,2039567,0,16:03:26.729
000931.SZ,09:31:00.490,93100490,2316668,5.1,100,0.051,B,257054,2316667,0,16:03:26.839
000931.SZ,09:31:01.380,93101380,2343261,0.0,7600,0.0,?,0,1936641,0,16:03:27.232
000931.SZ,09:31:01.700,93101700,2352586,0.0,5900,0.0,?,0,2235423,0,16:03:27.344
000931.SZ,09:31:02.490,93102490,2371448,0.0,100,0.0,?,0,1844122,0,16:03:27.635
000931.SZ,09:31:02.680,93102680,2374916,5.1,100,0.051,B,257054,2374915,0,16:03:27.729
000931.SZ,09:31:03.300,93103300,2388364,0.0,2600,0.0,?,1988210,0,0,16:03:27.960
000931.SZ,09:31:03.300,93103300,2388487,0.0,500,0.0,?,2244794,0,0,16:03:27.960
000931.SZ,09:31:03.300,93103300,2388490,0.0,400,0.0,?,2244832,0,0,16:03:27.960
000931.SZ,09:31:03.310,93103310,2388619,0.0,800,0.0,?,1988358,0,0,16:03:27.960
000931.SZ,09:31:03.310,93103310,2388747,0.0,800,0.0,?,2244797,0,0,16:03:27.960
000931.SZ,09:31:03.340,93103340,2389562,0.0,100,0.0,?,0,1924314,0,16:03:27.960
000931.SZ,09:31:03.380,93103380,2390564,5.09,400,0.2036,S,2390563,2288738,0,16:03:27.960
000931.SZ,09:31:03.380,93103380,2390565,5.09,2100,1.0689,S,2390563,2306776,0,16:03:27.960
000931.SZ,09:31:03.380,93103380,2390566,5.09,700,0.3563,S,2390563,2306777,0,16:03:27.960
000931.SZ,09:31:03.380,93103380,2390567,5.09,500,0.2545,S,2390563,2306790,0,16:03:27.960
000931.SZ,09:31:06.450,93106450,2465658,0.0,20000,0.0,?,906706,0,0,16:03:29.163
000931.SZ,09:31:06.720,93106720,2474982,0.0,100,0.0,?,0,2291535,0,16:03:29.288
000931.SZ,09:31:06.980,93106980,2480996,0.0,1000,0.0,?,361336,0,0,16:03:29.386
000931.SZ,09:31:07.140,93107140,2484880,5.09,400,0.2036,S,2484879,2306790,0,16:03:29.477
000931.SZ,09:31:07.140,93107140,2484881,5.09,1800,0.9162,S,2484879,2306799,0,16:03:29.477
000931.SZ,09:31:07.140,93107140,2484882,5.09,1000,0.509,S,2484879,2306802,0,16:03:29.477
000931.SZ,09:31:07.530,93107530,2497604,5.1,32,0.0163,B,257054,2497603,0,16:03:29.731
000931.SZ,09:31:07.530,93107530,2497605,5.1,68,0.0346,B,1130841,2497603,0,16:03:29.731
000931.SZ,09:31:07.630,93107630,2499758,5.09,2000,1.018,S,2499757,2306802,0,16:03:29.731
000931.SZ,09:31:07.630,93107630,2499759,5.09,300,0.1527,S,2499757,2306807,0,16:03:29.731
000931.SZ,09:31:08.040,93108040,2508906,5.1,132,0.0673,B,1130841,2508905,0,16:03:29.816
000931.SZ,09:31:08.040,93108040,2508907,5.1,400,0.204,B,1207241,2508905,0,16:03:29.816
000931.SZ,09:31:08.040,93108040,2508908,5.1,968,0.4936,B,2260130,2508905,0,16:03:29.816
000931.SZ,09:31:09.430,93109430,2535845,5.09,400,0.2036,S,2535844,2306807,0,16:03:30.384
000931.SZ,09:31:09.430,93109430,2535848,5.09,400,0.2036,S,2535847,2306807,0,16:03:30.384
000931.SZ,09:31:09.430,93109430,2535849,5.09,200,0.1018,S,2535847,2306812,0,16:03:30.384
000931.SZ,09:31:09.430,93109430,2535854,5.09,600,0.3054,S,2535853,2306812,0,16:03:30.384
000931.SZ,09:31:10.150,93110150,2551876,0.0,400,0.0,?,0,976117,0,16:03:30.612
000931.SZ,09:31:14.200,93114200,2630227,0.0,900,0.0,?,1021490,0,0,16:03:32.036
000931.SZ,09:31:14.480,93114480,2634289,5.09,1600,0.8144,S,2634288,2306812,0,16:03:32.128
000931.SZ,09:31:14.480,93114480,2634290,5.09,400,0.2036,S,2634288,2307109,0,16:03:32.128
000931.SZ,09:31:15.340,93115340,2648219,5.09,100,0.0509,S,2648218,2307109,0,16:03:32.475
000931.SZ,09:31:15.700,93115700,2655651,5.09,700,0.3563,S,2655650,2307109,0,16:03:32.590
000931.SZ,09:31:15.700,93115700,2655652,5.09,500,0.2545,S,2655650,2307114,0,16:03:32.590
000931.SZ,09:31:15.700,93115700,2655653,5.09,1300,0.6617,S,2655650,2310055,0,16:03:32.590
000931.SZ,09:31:15.700,93115700,2655654,5.09,2300,1.1707,S,2655650,2327231,0,16:03:32.590
000931.SZ,09:31:15.700,93115700,2655655,5.09,300,0.1527,S,2655650,2327396,0,16:03:32.590
000931.SZ,09:31:16.790,93116790,2675834,5.09,800,0.4072,S,2675833,2327396,0,16:03:33.034
000931.SZ,09:31:16.790,93116790,2675835,5.09,6500,3.3085,S,2675833,2327668,0,16:03:33.034
000931.SZ,09:31:18.290,93118290,2699118,5.09,300,0.1527,S,2699117,2327668,0,16:03:33.476
000931.SZ,09:31:19.270,93119270,2716957,0.0,8000,0.0,?,2515071,0,0,16:03:33.831
000931.SZ,09:31:19.860,93119860,2727590,5.09,300,0.1527,S,2727589,2327668,0,16:03:34.017
000931.SZ,09:31:19.860,93119860,2727595,5.09,200,0.1018,S,2727594,2327668,0,16:03:34.017
000931.SZ,09:31:19.860,93119860,2727596,5.09,1600,0.8144,S,2727594,2329878,0,16:03:34.017
000931.SZ,09:31:19.960,93119960,2729342,5.09,200,0.1018,S,2729341,2329878,0,16:03:34.128
000931.SZ,09:31:19.960,93119960,2729343,5.09,400,0.2036,S,2729341,2333599,0,16:03:34.128
000931.SZ,09:31:20.100,93120100,2731592,0.0,200,0.0,?,0,1570623,0,16:03:34.128
000931.SZ,09:31:21.200,93121200,2748058,5.09,600,0.3054,S,2748057,2333599,0,16:03:34.506
000931.SZ,09:31:22.070,93122070,2763052,5.09,300,0.1527,S,2763051,2333599,0,16:03:34.798
000931.SZ,09:31:22.070,93122070,2763053,5.09,700,0.3563,S,2763051,2339209,0,16:03:34.798
000931.SZ,09:31:22.070,93122070,2763054,5.09,400,0.2036,S,2763051,2340223,0,16:03:34.798
000931.SZ,09:31:22.070,93122070,2763055,5.09,7600,3.8684,S,2763051,2347231,0,16:03:34.798
000931.SZ,09:31:22.070,93122070,2763056,5.09,300,0.1527,S,2763051,2357831,0,16:03:34.798
000931.SZ,09:31:22.070,93122070,2763057,5.09,100,0.0509,S,2763051,2371107,0,16:03:34.798
000931.SZ,09:31:22.070,93122070,2763058,5.09,200,0.1018,S,2763051,2502919,0,16:03:34.798
000931.SZ,09:31:22.070,93122070,2763059,5.09,1000,0.509,S,2763051,2512845,0,16:03:34.798
000931.SZ,09:31:22.070,93122070,2763060,5.09,1000,0.509,S,2763051,2727496,0,16:03:34.798
000931.SZ,09:31:22.070,93122070,2763061,5.09,800,0.4072,S,2763051,2729665,0,16:03:34.798
000931.SZ,09:31:22.070,93122070,2763062,5.09,1000,0.509,S,2763051,2762941,0,16:03:34.798
000931.SZ,09:31:22.070,93122070,2763063,5.08,100,0.0508,S,2763051,2244791,0,16:03:34.798
000931.SZ,09:31:22.070,93122070,2763064,5.08,100,0.0508,S,2763051,2244881,0,16:03:34.798
000931.SZ,09:31:22.070,93122070,2763065,5.08,100,0.0508,S,2763051,2244909,0,16:03:34.798
000931.SZ,09:31:22.070,93122070,2763066,5.08,100,0.0508,S,2763051,2244913,0,16:03:34.798
000931.SZ,09:31:22.070,93122070,2763067,5.08,100,0.0508,S,2763051,2244917,0,16:03:34.798
000931.SZ,09:31:22.070,93122070,2763068,5.08,100,0.0508,S,2763051,2244969,0,16:03:34.798
000931.SZ,09:31:22.070,93122070,2763069,5.08,100,0.0508,S,2763051,2244985,0,16:03:34.798
000931.SZ,09:31:22.070,93122070,2763070,5.08,100,0.0508,S,2763051,2245111,0,16:03:34.798
000931.SZ,09:31:22.070,93122070,2763071,5.08,100,0.0508,S,2763051,2245130,0,16:03:34.798
000931.SZ,09:31:22.070,93122070,2763072,5.08,100,0.0508,S,2763051,2245199,0,16:03:34.798
000931.SZ,09:31:22.070,93122070,2763073,5.08,100,0.0508,S,2763051,2245477,0,16:03:34.798
000931.SZ,09:31:22.070,93122070,2763074,5.08,100,0.0508,S,2763051,2245478,0,16:03:34.798
000931.SZ,09:31:22.070,93122070,2763075,5.08,100,0.0508,S,2763051,2245522,0,16:03:34.798
000931.SZ,09:31:22.070,93122070,2763076,5.08,100,0.0508,S,2763051,2245681,0,16:03:34.798
000931.SZ,09:31:22.070,93122070,2763077,5.08,100,0.0508,S,2763051,2245811,0,16:03:34.798
000931.SZ,09:31:22.070,93122070,2763078,5.08,100,0.0508,S,2763051,2246035,0,16:03:34.798
000931.SZ,09:31:22.070,93122070,2763079,5.08,1800,0.9144,S,2763051,2276122,0,16:03:34.798
000931.SZ,09:31:22.070,93122070,2763080,5.08,8700,4.4196,S,2763051,2281861,0,16:03:34.798
000931.SZ,09:31:22.090,93122090,2763399,5.09,100,0.0509,B,2763383,2763398,0,16:03:34.798
000931.SZ,09:31:22.100,93122100,2763437,5.1,832,0.4243,B,2260130,2763436,0,16:03:34.798
000931.SZ,09:31:22.100,93122100,2763438,5.1,368,0.1876,B,2274230,2763436,0,16:03:34.798
000931.SZ,09:31:22.690,93122690,2774378,0.0,9600,0.0,?,2634965,0,0,16:03:34.968
000931.SZ,09:31:22.740,93122740,2775143,5.09,400,0.2036,S,2775142,2768859,0,16:03:34.968
000931.SZ,09:31:24.220,93124220,2794968,5.09,300,0.1527,B,2775142,2794967,0,16:03:35.377
000931.SZ,09:31:24.220,93124220,2794970,5.09,200,0.1018,B,2775142,2794969,0,16:03:35.377
000931.SZ,09:31:24.220,93124220,2794974,5.09,300,0.1527,B,2775142,2794973,0,16:03:35.377
000931.SZ,09:31:24.220,93124220,2794976,5.09,200,0.1018,B,2775142,2794975,0,16:03:35.377
000931.SZ,09:31:24.220,93124220,2794978,5.09,200,0.1018,B,2775142,2794977,0,16:03:35.377
000931.SZ,09:31:24.220,93124220,2794980,5.09,300,0.1527,B,2775142,2794979,0,16:03:35.377
000931.SZ,09:31:24.220,93124220,2794982,5.09,700,0.3563,B,2775142,2794981,0,16:03:35.377
000931.SZ,09:31:24.220,93124220,2794985,5.09,200,0.1018,B,2775142,2794984,0,16:03:35.377
000931.SZ,09:31:24.220,93124220,2794989,5.09,200,0.1018,B,2775142,2794988,0,16:03:35.377
000931.SZ,09:31:24.220,93124220,2794991,5.09,200,0.1018,B,2775142,2794990,0,16:03:35.377
000931.SZ,09:31:24.220,93124220,2794995,5.09,400,0.2036,B,2775142,2794994,0,16:03:35.377
000931.SZ,09:31:24.220,93124220,2794998,5.09,200,0.1018,B,2775142,2794997,0,16:03:35.377
000931.SZ,09:31:24.220,93124220,2795000,5.09,200,0.1018,B,2775142,2794999,0,16:03:35.377
000931.SZ,09:31:24.220,93124220,2795004,5.09,200,0.1018,B,2775142,2795003,0,16:03:35.377
000931.SZ,09:31:24.220,93124220,2795006,5.09,200,0.1018,B,2775142,2795005,0,16:03:35.377
000931.SZ,09:31:24.220,93124220,2795008,5.09,200,0.1018,B,2775142,2795007,0,16:03:35.377
000931.SZ,09:31:24.220,93124220,2795010,5.09,300,0.1527,B,2775142,2795009,0,16:03:35.377
000931.SZ,09:31:24.220,93124220,2795024,5.09,500,0.2545,B,2775142,2795023,0,16:03:35.377
000931.SZ,09:31:24.220,93124220,2795026,5.09,200,0.1018,B,2775142,2795025,0,16:03:35.377
000931.SZ,09:31:24.220,93124220,2795029,5.09,200,0.1018,B,2775142,2795028,0,16:03:35.377
000931.SZ,09:31:24.220,93124220,2795032,5.09,200,0.1018,B,2775142,2795031,0,16:03:35.377
000931.SZ,09:31:24.290,93124290,2796132,0.0,1800,0.0,?,2436990,0,0,16:03:35.377
000931.SZ,09:31:24.570,93124570,2800606,0.0,100,0.0,?,0,1760195,0,16:03:35.488
000931.SZ,09:31:24.960,93124960,2806062,0.0,400,0.0,?,0,1673754,0,16:03:35.612
000931.SZ,09:31:24.960,93124960,2806084,0.0,200,0.0,?,0,1673746,0,16:03:35.612
000931.SZ,09:31:24.970,93124970,2806155,0.0,400,0.0,?,0,1673786,0,16:03:35.612
000931.SZ,09:31:25.000,93125000,2806669,5.08,100,0.0508,S,2806668,2281861,0,16:03:35.612
000931.SZ,09:31:25.010,93125010,2806843,0.0,300,0.0,?,0,1676974,0,16:03:35.612
000931.SZ,09:31:25.460,93125460,2814895,5.09,2000,1.018,B,2775142,2814894,0,16:03:35.779
000931.SZ,09:31:25.590,93125590,2816699,5.09,1000,0.509,B,2799568,2816698,0,16:03:35.779
000931.SZ,09:31:26.170,93126170,2824828,5.09,100,0.0509,B,2807716,2824827,0,16:03:35.950
000931.SZ,09:31:27.300,93127300,2839205,0.0,2200,0.0,?,2647504,0,0,16:03:36.203
000931.SZ,09:31:27.300,93127300,2839213,0.0,9500,0.0,?,2647545,0,0,16:03:36.203
000931.SZ,09:31:27.300,93127300,2839308,0.0,500,0.0,?,2647590,0,0,16:03:36.203
000931.SZ,09:31:27.460,93127460,2841861,5.09,1000,0.509,B,2807716,2841860,0,16:03:36.281
000931.SZ,09:31:27.490,93127490,2842369,0.0,2300,0.0,?,2655234,0,0,16:03:36.281
000931.SZ,09:31:27.490,93127490,2842429,0.0,4800,0.0,?,2655250,0,0,16:03:36.281
000931.SZ,09:31:27.500,93127500,2842469,0.0,5000,0.0,?,2655348,0,0,16:03:36.281
000931.SZ,09:31:27.500,93127500,2842539,0.0,3400,0.0,?,2655351,0,0,16:03:36.281
000931.SZ,09:31:29.690,93129690,2873686,5.09,4100,2.0869,B,2807716,2873685,0,16:03:36.794
000931.SZ,09:31:29.700,93129700,2873849,5.09,4800,2.4432,B,2807716,2873848,0,16:03:36.794
000931.SZ,09:31:29.700,93129700,2873850,5.09,2000,1.018,B,2812277,2873848,0,16:03:36.794
000931.SZ,09:31:29.700,93129700,2873851,5.09,900,0.4581,B,2858366,2873848,0,16:03:36.794
000931.SZ,09:31:29.700,93129700,2873852,5.09,600,0.3054,B,2872663,2873848,0,16:03:36.794
000931.SZ,09:31:30.190,93130190,2880740,0.0,100,0.0,?,0,1775192,0,16:03:36.966
000931.SZ,09:31:30.200,93130200,2880794,0.0,400,0.0,?,0,1775233,0,16:03:36.966
000931.SZ,09:31:30.320,93130320,2882836,5.09,1000,0.509,S,2882835,2874509,0,16:03:36.966
000931.SZ,09:31:30.320,93130320,2882837,5.09,200,0.1018,S,2882835,2875277,0,16:03:36.966
000931.SZ,09:31:30.320,93130320,2882838,5.09,600,0.3054,S,2882835,2875381,0,16:03:36.966
000931.SZ,09:31:30.320,93130320,2882839,5.09,300,0.1527,S,2882835,2876756,0,16:03:36.966
000931.SZ,09:31:30.320,93130320,2882840,5.09,300,0.1527,S,2882835,2878404,0,16:03:36.966
000931.SZ,09:31:30.320,93130320,2882841,5.09,4700,2.3923,S,2882835,2880306,0,16:03:36.966
000931.SZ,09:31:30.320,93130320,2882842,5.09,300,0.1527,S,2882835,2880880,0,16:03:36.966
000931.SZ,09:31:31.160,93131160,2895814,0.0,200,0.0,?,0,1776349,0,16:03:37.219
000931.SZ,09:31:31.160,93131160,2895819,0.0,200,0.0,?,0,1776356,0,16:03:37.219
000931.SZ,09:31:31.160,93131160,2895822,0.0,300,0.0,?,0,1776388,0,16:03:37.219
000931.SZ,09:31:31.240,93131240,2898057,0.0,100,0.0,?,0,1782270,0,16:03:37.297
000931.SZ,09:31:32.790,93132790,2921628,5.09,100,0.0509,S,2921627,2885897,0,16:03:37.747
000931.SZ,09:31:32.790,93132790,2921629,5.09,1000,0.509,S,2921627,2891452,0,16:03:37.747
000931.SZ,09:31:32.790,93132790,2921630,5.09,500,0.2545,S,2921627,2891688,0,16:03:37.747
000931.SZ,09:31:32.790,93132790,2921631,5.09,3000,1.527,S,2921627,2891735,0,16:03:37.747
000931.SZ,09:31:32.790,93132790,2921632,5.09,100,0.0509,S,2921627,2892246,0,16:03:37.747
000931.SZ,09:31:32.790,93132790,2921633,5.09,300,0.1527,S,2921627,2894266,0,16:03:37.747
000931.SZ,09:31:33.890,93133890,2938385,5.09,100,0.0509,S,2938384,2894266,0,16:03:38.045
000931.SZ,09:31:36.120,93136120,2969400,5.09,500,0.2545,S,2969399,2894266,0,16:03:38.593
000931.SZ,09:31:36.120,93136120,2969401,5.09,300,0.1527,S,2969399,2894362,0,16:03:38.593
000931.SZ,09:31:36.120,93136120,2969402,5.09,100,0.0509,S,2969399,2894942,0,16:03:38.593
000931.SZ,09:31:36.120,93136120,2969403,5.09,300,0.1527,S,2969399,2896477,0,16:03:38.593
000931.SZ,09:31:36.120,93136120,2969404,5.09,800,0.4072,S,2969399,2896493,0,16:03:38.593
000931.SZ,09:31:36.170,93136170,2970156,5.09,200,0.1018,S,2970155,2896493,0,16:03:38.593
000931.SZ,09:31:36.220,93136220,2970864,5.09,100,0.0509,S,2970863,2896493,0,16:03:38.593
000931.SZ,09:31:36.220,93136220,2970867,5.09,200,0.1018,S,2970866,2896493,0,16:03:38.593
000931.SZ,09:31:36.220,93136220,2970870,5.09,1700,0.8653,S,2970869,2896493,0,16:03:38.593
000931.SZ,09:31:36.220,93136220,2970872,5.09,800,0.4072,S,2970871,2896493,0,16:03:38.593
000931.SZ,09:31:36.220,93136220,2970874,5.09,100,0.0509,S,2970873,2896493,0,16:03:38.593
000931.SZ,09:31:36.220,93136220,2970876,5.09,100,0.0509,S,2970875,2896493,0,16:03:38.593
000931.SZ,09:31:36.220,93136220,2970878,5.09,100,0.0509,S,2970877,2896493,0,16:03:38.593
000931.SZ,09:31:36.220,93136220,2970893,5.09,100,0.0509,S,2970892,2896493,0,16:03:38.593
000931.SZ,09:31:36.410,93136410,2973883,5.09,3700,1.8833,S,2973882,2896493,0,16:03:38.667
000931.SZ,09:31:36.410,93136410,2973884,5.09,200,0.1018,S,2973882,2911660,0,16:03:38.667
000931.SZ,09:31:36.410,93136410,2973885,5.09,400,0.2036,S,2973882,2912069,0,16:03:38.667
000931.SZ,09:31:36.790,93136790,2979371,5.09,400,0.2036,S,2979370,2912069,0,16:03:38.747
000931.SZ,09:31:38.280,93138280,3001188,0.0,1600,0.0,?,513054,0,0,16:03:39.231
000931.SZ,09:31:39.690,93139690,3018863,0.0,100,0.0,?,0,1941180,0,16:03:39.532
000931.SZ,09:31:39.700,93139700,3019010,0.0,1500,0.0,?,0,1942050,0,16:03:39.532
000931.SZ,09:31:41.780,93141780,3046032,5.09,100,0.0509,S,3046031,2912069,0,16:03:39.964
000931.SZ,09:31:41.780,93141780,3046034,5.09,100,0.0509,S,3046033,2912069,0,16:03:39.964
000931.SZ,09:31:42.330,93142330,3053136,0.0,300,0.0,?,0,1933823,0,16:03:40.168
000931.SZ,09:31:45.230,93145230,3093161,5.1,232,0.1183,B,2274230,3093160,0,16:03:40.869
000931.SZ,09:31:45.230,93145230,3093162,5.1,768,0.3916,B,2309435,3093160,0,16:03:40.869
000931.SZ,09:31:45.520,93145520,3097545,0.0,15000,0.0,?,0,907835,0,16:03:40.977
000931.SZ,09:31:46.820,93146820,3115094,5.09,2300,1.1707,S,3115093,2912069,0,16:03:41.262
000931.SZ,09:31:46.820,93146820,3115095,5.09,600,0.3054,S,3115093,2926904,0,16:03:41.262
000931.SZ,09:31:47.310,93147310,3120802,5.09,1300,0.6617,S,3120801,2926904,0,16:03:41.357
000931.SZ,09:31:47.310,93147310,3120803,5.09,1000,0.509,S,3120801,2937306,0,16:03:41.357
000931.SZ,09:31:47.310,93147310,3120804,5.09,200,0.1018,S,3120801,2938801,0,16:03:41.357
000931.SZ,09:31:47.310,93147310,3120805,5.09,100,0.0509,S,3120801,2966243,0,16:03:41.357
000931.SZ,09:31:47.310,93147310,3120806,5.09,400,0.2036,S,3120801,2970234,0,16:03:41.357
000931.SZ,09:31:47.310,93147310,3120807,5.09,800,0.4072,S,3120801,2970430,0,16:03:41.357
000931.SZ,09:31:47.320,93147320,3120890,5.09,2200,1.1198,S,3120889,2970430,0,16:03:41.357
000931.SZ,09:31:47.320,93147320,3120891,5.09,100,0.0509,S,3120889,2980745,0,16:03:41.357
000931.SZ,09:31:47.560,93147560,3123841,5.09,100,0.0509,S,3123840,2980745,0,16:03:41.465
000931.SZ,09:31:47.580,93147580,3124049,5.09,200,0.1018,S,3124048,2980745,0,16:03:41.465
000931.SZ,09:31:47.580,93147580,3124050,5.09,300,0.1527,S,3124048,2983247,0,16:03:41.465
000931.SZ,09:31:47.630,93147630,3124607,5.09,100,0.0509,S,3124606,2983247,0,16:03:41.465
000931.SZ,09:31:48.290,93148290,3133228,5.09,600,0.3054,S,3133227,2983247,0,16:03:41.576
000931.SZ,09:31:48.290,93148290,3133229,5.09,100,0.0509,S,3133227,2995166,0,16:03:41.576
000931.SZ,09:31:48.290,93148290,3133230,5.09,200,0.1018,S,3133227,2996239,0,16:03:41.576
000931.SZ,09:31:48.290,93148290,3133231,5.09,100,0.0509,S,3133227,3021020,0,16:03:41.576
000931.SZ,09:31:48.290,93148290,3133232,5.09,1400,0.7126,S,3133227,3034708,0,16:03:41.576
000931.SZ,09:31:48.290,93148290,3133233,5.09,400,0.2036,S,3133227,3062502,0,16:03:41.576
000931.SZ,09:31:48.290,93148290,3133234,5.09,600,0.3054,S,3133227,3063288,0,16:03:41.576
000931.SZ,09:31:48.790,93148790,3141635,5.09,400,0.2036,S,3141634,3063288,0,16:03:41.684
000931.SZ,09:31:48.790,93148790,3141636,5.09,100,0.0509,S,3141634,3063333,0,16:03:41.684
000931.SZ,09:31:48.790,93148790,3141637,5.09,1700,0.8653,S,3141634,3074170,0,16:03:41.684
000931.SZ,09:31:49.380,93149380,3149548,5.09,900,0.4581,S,3149547,3074170,0,16:03:41.835
000931.SZ,09:31:49.390,93149390,3149693,5.09,200,0.1018,S,3149692,3074170,0,16:03:41.835
000931.SZ,09:31:49.390,93149390,3149754,5.09,200,0.1018,S,3149753,3074170,0,16:03:41.835
000931.SZ,09:31:49.880,93149880,3156690,5.09,2300,1.1707,S,3156689,3074170,0,16:03:42.054
000931.SZ,09:31:49.880,93149880,3156691,5.09,600,0.3054,S,3156689,3080849,0,16:03:42.054
000931.SZ,09:31:50.730,93150730,3166732,5.09,1400,0.7126,S,3166731,3080849,0,16:03:42.149
000931.SZ,09:31:50.730,93150730,3166733,5.09,200,0.1018,S,3166731,3109141,0,16:03:42.149
000931.SZ,09:31:51.380,93151380,3174466,5.09,200,0.1018,S,3174465,3143301,0,16:03:42.339
000931.SZ,09:31:51.400,93151400,3174596,5.09,800,0.4072,S,3174595,3157420,0,16:03:42.339
000931.SZ,09:31:51.400,93151400,3174597,5.09,300,0.1527,S,3174595,3158558,0,16:03:42.339
000931.SZ,09:31:51.400,93151400,3174598,5.09,500,0.2545,S,3174595,3159603,0,16:03:42.339
000931.SZ,09:31:51.400,93151400,3174599,5.09,500,0.2545,S,3174595,3159604,0,16:03:42.339
000931.SZ,09:31:51.400,93151400,3174600,5.09,300,0.1527,S,3174595,3162735,0,16:03:42.339
000931.SZ,09:31:51.400,93151400,3174601,5.09,200,0.1018,S,3174595,3168760,0,16:03:42.339
000931.SZ,09:31:51.400,93151400,3174602,5.09,200,0.1018,S,3174595,3171218,0,16:03:42.339
000931.SZ,09:31:51.410,93151410,3174751,5.09,400,0.2036,S,3174750,3174668,0,16:03:42.339
000931.SZ,09:31:52.920,93152920,3195554,5.09,200,0.1018,S,3195553,3174700,0,16:03:42.684
000931.SZ,09:31:52.920,93152920,3195558,5.09,100,0.0509,S,3195557,3174700,0,16:03:42.684
000931.SZ,09:31:52.920,93152920,3195559,5.09,100,0.0509,S,3195557,3174819,0,16:03:42.684
000931.SZ,09:31:53.580,93153580,3204318,0.0,34900,0.0,?,0,730193,0,16:03:42.913
000931.SZ,09:31:54.850,93154850,3221618,5.09,1000,0.509,S,3221617,3174819,0,16:03:43.116
000931.SZ,09:31:55.520,93155520,3232190,5.09,2400,1.2216,S,3232189,3174819,0,16:03:43.321
000931.SZ,09:31:55.520,93155520,3232191,5.09,100,0.0509,S,3232189,3180865,0,16:03:43.321
000931.SZ,09:31:55.520,93155520,3232192,5.09,900,0.4581,S,3232189,3183788,0,16:03:43.321
000931.SZ,09:31:55.520,93155520,3232193,5.09,200,0.1018,S,3232189,3184461,0,16:03:43.321
000931.SZ,09:31:55.520,93155520,3232194,5.09,200,0.1018,S,3232189,3188731,0,16:03:43.321
000931.SZ,09:31:55.520,93155520,3232195,5.09,300,0.1527,S,3232189,3189890,0,16:03:43.321
000931.SZ,09:31:55.520,93155520,3232196,5.09,1400,0.7126,S,3232189,3195460,0,16:03:43.321
000931.SZ,09:31:55.520,93155520,3232197,5.09,600,0.3054,S,3232189,3198218,0,16:03:43.321
000931.SZ,09:31:55.520,93155520,3232198,5.09,300,0.1527,S,3232189,3199111,0,16:03:43.321
000931.SZ,09:31:55.520,93155520,3232199,5.09,200,0.1018,S,3232189,3201832,0,16:03:43.321
000931.SZ,09:31:55.520,93155520,3232200,5.09,1300,0.6617,S,3232189,3209084,0,16:03:43.321
000931.SZ,09:31:55.520,93155520,3232201,5.09,300,0.1527,S,3232189,3221084,0,16:03:43.321
000931.SZ,09:31:55.520,93155520,3232202,5.09,900,0.4581,S,3232189,3225249,0,16:03:43.321
000931.SZ,09:31:55.910,93155910,3237800,5.09,100,0.0509,B,3232189,3237799,0,16:03:43.401
000931.SZ,09:31:55.910,93155910,3237801,5.09,100,0.0509,B,3235508,3237799,0,16:03:43.401
000931.SZ,09:31:56.080,93156080,3240911,5.09,400,0.2036,B,3235508,3240910,0,16:03:43.442
000931.SZ,09:31:56.700,93156700,3248922,0.0,100,0.0,?,0,2721457,0,16:03:43.523
000931.SZ,09:31:56.700,93156700,3248926,5.09,300,0.1527,S,3248925,3241383,0,16:03:43.523
000931.SZ,09:31:56.700,93156700,3248927,5.09,200,0.1018,S,3248925,3244944,0,16:03:43.523
000931.SZ,09:31:56.700,93156700,3248928,5.09,800,0.4072,S,3248925,3248018,0,16:03:43.523
000931.SZ,09:31:57.120,93157120,3254527,5.09,200,0.1018,B,3248925,3254526,0,16:03:43.647
000931.SZ,09:31:57.270,93157270,3256677,5.09,1300,0.6617,S,3256676,3254526,0,16:03:43.647
000931.SZ,09:31:57.270,93157270,3256681,5.09,500,0.2545,S,3256680,3254526,0,16:03:43.647
000931.SZ,09:31:57.310,93157310,3257221,5.09,100,0.0509,B,3256680,3257220,0,16:03:43.647
000931.SZ,09:31:57.390,93157390,3258714,5.09,800,0.4072,B,3256680,3258713,0,16:03:43.647
000931.SZ,09:31:57.390,93157390,3258715,5.09,600,0.3054,B,3256682,3258713,0,16:03:43.647
000931.SZ,09:31:57.400,93157400,3258853,5.09,100,0.0509,S,3258852,3258713,0,16:03:43.647
000931.SZ,09:31:57.400,93157400,3258863,5.09,100,0.0509,S,3258862,3258713,0,16:03:43.647
000931.SZ,09:31:59.480,93159480,3293160,5.09,200,0.1018,S,3293159,3258713,0,16:03:44.174
000931.SZ,09:31:59.540,93159540,3293913,5.09,100,0.0509,S,3293912,3258713,0,16:03:44.174
000931.SZ,09:31:59.780,93159780,3296942,5.09,800,0.4072,S,3296941,3258713,0,16:03:44.174
000931.SZ,09:31:59.780,93159780,3296943,5.09,100,0.0509,S,3296941,3266845,0,16:03:44.174
000931.SZ,09:32:00.170,93200170,3302819,5.09,100,0.0509,S,3302818,3266845,0,16:03:44.254
000931.SZ,09:32:00.170,93200170,3302824,5.09,300,0.1527,S,3302823,3266845,0,16:03:44.254
000931.SZ,09:32:00.170,93200170,3302825,5.09,200,0.1018,S,3302823,3275058,0,16:03:44.254
000931.SZ,09:32:00.790,93200790,3315506,5.09,1100,0.5599,B,3302823,3315505,0,16:03:44.616
000931.SZ,09:32:00.790,93200790,3315507,5.09,600,0.3054,B,3302862,3315505,0,16:03:44.616
000931.SZ,09:32:00.790,93200790,3315508,5.09,100,0.0509,B,3302961,3315505,0,16:03:44.616
000931.SZ,09:32:00.790,93200790,3315509,5.09,100,0.0509,B,3303175,3315505,0,16:03:44.616
000931.SZ,09:32:00.790,93200790,3315510,5.09,1300,0.6617,B,3303464,3315505,0,16:03:44.616
000931.SZ,09:32:00.800,93200800,3315889,5.09,1300,0.6617,B,3303873,3315888,0,16:03:44.616
000931.SZ,09:32:00.940,93200940,3318013,0.0,5500,0.0,?,541958,0,0,16:03:44.616
000931.SZ,09:32:01.720,93201720,3330834,5.09,300,0.1527,S,3330833,3315888,0,16:03:44.890
000931.SZ,09:32:01.720,93201720,3330835,5.09,1000,0.509,S,3330833,3320053,0,16:03:44.890
000931.SZ,09:32:03.300,93203300,3353448,0.0,10600,0.0,?,2882547,0,0,16:03:45.314
000931.SZ,09:32:03.300,93203300,3353463,0.0,2200,0.0,?,2882537,0,0,16:03:45.314
000931.SZ,09:32:03.300,93203300,3353476,0.0,1200,0.0,?,3213937,0,0,16:03:45.314
000931.SZ,09:32:03.300,93203300,3353512,0.0,500,0.0,?,2882709,0,0,16:03:45.314
000931.SZ,09:32:03.530,93203530,3356654,0.0,5400,0.0,?,2883803,0,0,16:03:45.314
000931.SZ,09:32:03.530,93203530,3356674,0.0,5700,0.0,?,2883883,0,0,16:03:45.314
000931.SZ,09:32:03.540,93203540,3356691,0.0,2600,0.0,?,2883272,0,0,16:03:45.314
000931.SZ,09:32:03.540,93203540,3356726,0.0,3400,0.0,?,2883886,0,0,16:03:45.314
000931.SZ,09:32:03.780,93203780,3360907,5.09,700,0.3563,B,3330833,3360906,0,16:03:45.425
000931.SZ,09:32:03.780,93203780,3360908,5.09,100,0.0509,B,3331198,3360906,0,16:03:45.425
000931.SZ,09:32:03.790,93203790,3361003,5.09,1200,0.6108,B,3331198,3361002,0,16:03:45.425
000931.SZ,09:32:03.790,93203790,3361004,5.09,100,0.0509,B,3331244,3361002,0,16:03:45.425
000931.SZ,09:32:03.790,93203790,3361005,5.09,1100,0.5599,B,3332946,3361002,0,16:03:45.425
000931.SZ,09:32:03.790,93203790,3361125,5.09,800,0.4072,B,3332946,3361124,0,16:03:45.425
000931.SZ,09:32:04.130,93204130,3366170,5.09,100,0.0509,B,3332946,3366169,0,16:03:45.425
000931.SZ,09:32:04.130,93204130,3366218,5.09,100,0.0509,B,3332946,3366217,0,16:03:45.425
000931.SZ,09:32:04.130,93204130,3366238,5.09,100,0.0509,B,3332946,3366237,0,16:03:45.425
000931.SZ,09:32:05.140,93205140,3381262,0.0,100,0.0,?,2435018,0,0,16:03:45.724
000931.SZ,09:32:05.140,93205140,3381264,0.0,1000,0.0,?,2435028,0,0,16:03:45.724
000931.SZ,09:32:05.150,93205150,3381357,0.0,100,0.0,?,2435017,0,0,16:03:45.724
000931.SZ,09:32:06.720,93206720,3406970,0.0,600,0.0,?,0,2514331,0,16:03:46.171
000931.SZ,09:32:06.790,93206790,3407874,5.09,2400,1.2216,B,3332946,3407873,0,16:03:46.171
000931.SZ,09:32:06.800,93206800,3408101,5.09,800,0.4072,B,3332946,3408100,0,16:03:46.171
000931.SZ,09:32:07.930,93207930,3427276,0.0,1500,0.0,?,2471906,0,0,16:03:46.534
000931.SZ,09:32:08.510,93208510,3436165,0.0,3800,0.0,?,2495093,0,0,16:03:46.660
000931.SZ,09:32:11.500,93211500,3479782,5.09,700,0.3563,B,3332946,3479781,0,16:03:47.315
000931.SZ,09:32:11.800,93211800,3483108,5.09,500,0.2545,B,3332946,3483107,0,16:03:47.407
000931.SZ,09:32:11.800,93211800,3483109,5.09,100,0.0509,B,3343977,3483107,0,16:03:47.407
000931.SZ,09:32:11.800,93211800,3483110,5.09,200,0.1018,B,3345302,3483107,0,16:03:47.407
000931.SZ,09:32:12.460,93212460,3492329,5.09,1600,0.8144,B,3345302,3492328,0,16:03:47.612
000931.SZ,09:32:12.460,93212460,3492330,5.09,8100,4.1229,B,3356369,3492328,0,16:03:47.612
000931.SZ,09:32:12.460,93212460,3492331,5.09,300,0.1527,B,3359561,3492328,0,16:03:47.612
000931.SZ,09:32:12.790,93212790,3496638,5.09,1600,0.8144,B,3359561,3496637,0,16:03:47.612
000931.SZ,09:32:12.800,93212800,3496696,5.09,1600,0.8144,B,3359561,3496695,0,16:03:47.612
000931.SZ,09:32:15.310,93215310,3527306,5.09,300,0.1527,B,3359561,3527305,0,16:03:48.238
000931.SZ,09:32:15.700,93215700,3532823,5.08,3300,1.6764,S,3532822,2281861,0,16:03:48.405
000931.SZ,09:32:15.790,93215790,3533885,5.09,1200,0.6108,B,3359561,3533884,0,16:03:48.405
000931.SZ,09:32:15.790,93215790,3533886,5.09,400,0.2036,B,3372674,3533884,0,16:03:48.405
000931.SZ,09:32:15.800,93215800,3534196,5.09,800,0.4072,B,3372674,3534195,0,16:03:48.405
000931.SZ,09:32:15.810,93215810,3534336,0.0,2900,0.0,?,3316409,0,0,16:03:48.405
000931.SZ,09:32:16.490,93216490,3542798,5.09,300,0.1527,B,3372674,3542797,0,16:03:48.517
000931.SZ,09:32:16.490,93216490,3542833,5.09,100,0.0509,B,3372674,3542832,0,16:03:48.517
000931.SZ,09:32:16.490,93216490,3542834,5.09,800,0.4072,B,3381541,3542832,0,16:03:48.517
000931.SZ,09:32:16.490,93216490,3542835,5.09,400,0.2036,B,3381548,3542832,0,16:03:48.517
000931.SZ,09:32:16.490,93216490,3542836,5.09,500,0.2545,B,3399310,3542832,0,16:03:48.517
000931.SZ,09:32:16.490,93216490,3542868,5.09,300,0.1527,B,3399310,3542867,0,16:03:48.517
000931.SZ,09:32:16.530,93216530,3543391,5.09,200,0.1018,B,3399310,3543390,0,16:03:48.517
000931.SZ,09:32:17.680,93217680,3557275,0.0,300,0.0,?,3402498,0,0,16:03:48.731
000931.SZ,09:32:17.680,93217680,3557278,0.0,2600,0.0,?,3402557,0,0,16:03:48.731
000931.SZ,09:32:19.630,93219630,3584657,0.0,700,0.0,?,102086,0,0,16:03:49.161
000931.SZ,09:32:19.970,93219970,3588660,5.08,600,0.3048,S,3588659,2281861,0,16:03:49.243
000931.SZ,09:32:20.630,93220630,3596516,0.0,1000,0.0,?,1271231,0,0,16:03:49.399
000931.SZ,09:32:24.270,93224270,3638492,0.0,800,0.0,?,2462392,0,0,16:03:50.208
000931.SZ,09:32:24.800,93224800,3645486,5.09,1200,0.6108,B,3399310,3645485,0,16:03:50.272
000931.SZ,09:32:24.800,93224800,3645487,5.09,500,0.2545,B,3399329,3645485,0,16:03:50.272
000931.SZ,09:32:25.850,93225850,3658456,5.09,600,0.3054,B,3399329,3658455,0,16:03:50.555
000931.SZ,09:32:29.090,93229090,3695234,0.0,2300,0.0,?,0,2851140,0,16:03:51.222
000931.SZ,09:32:29.160,93229160,3696260,0.0,200,0.0,?,0,2852834,0,16:03:51.222
000931.SZ,09:32:29.280,93229280,3697427,5.09,2000,1.018,B,3399329,3697426,0,16:03:51.222
000931.SZ,09:32:29.310,93229310,3697950,5.09,900,0.4581,B,3399329,3697949,0,16:03:51.222
000931.SZ,09:32:29.930,93229930,3704364,0.0,300,0.0,?,0,2849151,0,16:03:51.334
000931.SZ,09:32:30.090,93230090,3706269,5.09,2300,1.1707,B,3399329,3706268,0,16:03:51.427
000931.SZ,09:32:30.120,93230120,3706527,5.09,200,0.1018,B,3399329,3706526,0,16:03:51.427
000931.SZ,09:32:30.140,93230140,3706935,5.09,600,0.3054,B,3399329,3706934,0,16:03:51.427
000931.SZ,09:32:30.140,93230140,3706942,5.09,700,0.3563,B,3399329,3706941,0,16:03:51.427
000931.SZ,09:32:30.150,93230150,3706946,5.09,300,0.1527,B,3399329,3706945,0,16:03:51.427
000931.SZ,09:32:30.160,93230160,3707157,0.0,2100,0.0,?,3160294,0,0,16:03:51.427
000931.SZ,09:32:30.170,93230170,3707196,5.09,200,0.1018,B,3399329,3707195,0,16:03:51.427
000931.SZ,09:32:30.180,93230180,3707457,5.09,200,0.1018,B,3399329,3707456,0,16:03:51.427
000931.SZ,09:32:30.180,93230180,3707463,5.09,200,0.1018,B,3399329,3707462,0,16:03:51.427
000931.SZ,09:32:30.180,93230180,3707480,5.09,300,0.1527,B,3399329,3707479,0,16:03:51.427
000931.SZ,09:32:30.200,93230200,3707635,5.09,100,0.0509,B,3399329,3707634,0,16:03:51.427
000931.SZ,09:32:30.200,93230200,3707637,5.09,400,0.2036,B,3399329,3707636,0,16:03:51.427
000931.SZ,09:32:30.210,93230210,3707769,5.09,100,0.0509,B,3399329,3707768,0,16:03:51.427
000931.SZ,09:32:30.230,93230230,3707979,5.09,400,0.2036,B,3399329,3707978,0,16:03:51.427
000931.SZ,09:32:30.360,93230360,3709757,5.09,100,0.0509,B,3399329,3709756,0,16:03:51.524
000931.SZ,09:32:30.360,93230360,3709759,5.09,100,0.0509,B,3399329,3709758,0,16:03:51.524
000931.SZ,09:32:30.400,93230400,3710401,0.0,2000,0.0,?,0,3370357,0,16:03:51.524
000931.SZ,09:32:30.400,93230400,3710440,0.0,200,0.0,?,0,3464806,0,16:03:51.524
000931.SZ,09:32:30.430,93230430,3710725,0.0,1000,0.0,?,0,3434795,0,16:03:51.524
000931.SZ,09:32:30.520,93230520,3711875,0.0,600,0.0,?,3056897,0,0,16:03:51.524
000931.SZ,09:32:30.520,93230520,3711876,0.0,3300,0.0,?,3030471,0,0,16:03:51.524
000931.SZ,09:32:30.520,93230520,3711878,0.0,2600,0.0,?,3097320,0,0,16:03:51.524
000931.SZ,09:32:30.610,93230610,3712834,0.0,900,0.0,?,3177414,0,0,16:03:51.524
000931.SZ,09:32:30.610,93230610,3712835,0.0,800,0.0,?,3218366,0,0,16:03:51.524
000931.SZ,09:32:30.790,93230790,3715232,0.0,3600,0.0,?,2476839,0,0,16:03:51.651
000931.SZ,09:32:30.790,93230790,3715243,0.0,3900,0.0,?,2427002,0,0,16:03:51.651
000931.SZ,09:32:30.790,93230790,3715248,0.0,1200,0.0,?,2476857,0,0,16:03:51.651
000931.SZ,09:32:30.890,93230890,3716229,5.09,100,0.0509,B,3399329,3716228,0,16:03:51.651
000931.SZ,09:32:30.920,93230920,3716580,0.0,3500,0.0,?,3143162,0,0,16:03:51.651
000931.SZ,09:32:30.930,93230930,3716773,5.09,300,0.1527,B,3399329,3716772,0,16:03:51.651
000931.SZ,09:32:31.000,93231000,3717394,5.09,1100,0.5599,B,3399329,3717393,0,16:03:51.651
000931.SZ,09:32:31.090,93231090,3718484,5.09,600,0.3054,B,3399329,3718483,0,16:03:51.651
000931.SZ,09:32:31.090,93231090,3718485,5.09,400,0.2036,B,3399602,3718483,0,16:03:51.651
000931.SZ,09:32:31.400,93231400,3722506,5.09,100,0.0509,B,3399602,3722505,0,16:03:51.728
000931.SZ,09:32:31.400,93231400,3722507,5.09,100,0.0509,B,3401988,3722505,0,16:03:51.728
000931.SZ,09:32:31.400,93231400,3722541,5.09,100,0.0509,B,3401988,3722540,0,16:03:51.728
000931.SZ,09:32:31.400,93231400,3722622,5.09,2000,1.018,B,3401988,3722621,0,16:03:51.728
000931.SZ,09:32:31.410,93231410,3722712,5.09,1000,0.509,B,3401988,3722711,0,16:03:51.728
000931.SZ,09:32:31.410,93231410,3722785,5.09,1500,0.7635,B,3401988,3722784,0,16:03:51.728
000931.SZ,09:32:31.420,93231420,3722856,5.09,1500,0.7635,B,3401988,3722855,0,16:03:51.728
000931.SZ,09:32:31.420,93231420,3722857,5.09,6500,3.3085,B,3402004,3722855,0,16:03:51.728
000931.SZ,09:32:31.420,93231420,3722858,5.09,2900,1.4761,B,3402026,3722855,0,16:03:51.728
000931.SZ,09:32:31.420,93231420,3722859,5.09,3400,1.7306,B,3402066,3722855,0,16:03:51.728
000931.SZ,09:32:31.420,93231420,3722860,5.09,600,0.3054,B,3403198,3722855,0,16:03:51.728
000931.SZ,09:32:31.420,93231420,3722861,5.09,100,0.0509,B,3422421,3722855,0,16:03:51.728
000931.SZ,09:32:31.420,93231420,3722862,5.09,1000,0.509,B,3459609,3722855,0,16:03:51.728
000931.SZ,09:32:31.420,93231420,3722863,5.09,1500,0.7635,B,3470662,3722855,0,16:03:51.728
000931.SZ,09:32:31.420,93231420,3722864,5.09,1900,0.9671,B,3471942,3722855,0,16:03:51.728
000931.SZ,09:32:31.420,93231420,3722865,5.09,2000,1.018,B,3493063,3722855,0,16:03:51.728
000931.SZ,09:32:31.420,93231420,3722866,5.09,4600,2.3414,B,3537516,3722855,0,16:03:51.728
000931.SZ,09:32:31.420,93231420,3722867,5.09,5500,2.7995,B,3540477,3722855,0,16:03:51.728
000931.SZ,09:32:31.420,93231420,3722868,5.09,1000,0.509,B,3546131,3722855,0,16:03:51.728
000931.SZ,09:32:31.420,93231420,3722869,5.09,2900,1.4761,B,3626629,3722855,0,16:03:51.728
000931.SZ,09:32:31.420,93231420,3722870,5.09,4300,2.1887,B,3626976,3722855,0,16:03:51.728
000931.SZ,09:32:31.420,93231420,3722981,5.09,2200,1.1198,B,3626976,3722980,0,16:03:51.728
000931.SZ,09:32:31.420,93231420,3722983,5.09,7000,3.563,B,3626976,3722982,0,16:03:51.728
000931.SZ,09:32:31.420,93231420,3722989,5.09,300,0.1527,B,3626976,3722988,0,16:03:51.728
000931.SZ,09:32:31.420,93231420,3722993,5.09,1600,0.8144,B,3626976,3722992,0,16:03:51.728
000931.SZ,09:32:31.420,93231420,3723004,5.09,700,0.3563,B,3626976,3723003,0,16:03:51.728
000931.SZ,09:32:31.420,93231420,3723005,5.09,1100,0.5599,B,3626982,3723003,0,16:03:51.728
000931.SZ,09:32:31.420,93231420,3723012,5.09,11000,5.599,B,3626982,3723011,0,16:03:51.728
000931.SZ,09:32:31.420,93231420,3723013,5.09,12600,6.4134,B,3626987,3723011,0,16:03:51.728
000931.SZ,09:32:31.420,93231420,3723014,5.09,1800,0.9162,B,3626988,3723011,0,16:03:51.728
000931.SZ,09:32:31.420,93231420,3723015,5.09,200,0.1018,B,3627000,3723011,0,16:03:51.728
000931.SZ,09:32:31.420,93231420,3723016,5.09,200,0.1018,B,3627016,3723011,0,16:03:51.728
000931.SZ,09:32:31.420,93231420,3723017,5.09,200,0.1018,B,3627179,3723011,0,16:03:51.728
000931.SZ,09:32:31.420,93231420,3723018,5.09,1400,0.7126,B,3641487,3723011,0,16:03:51.728
000931.SZ,09:32:31.420,93231420,3723019,5.09,400,0.2036,B,3642113,3723011,0,16:03:51.728
000931.SZ,09:32:31.420,93231420,3723020,5.09,500,0.2545,B,3644212,3723011,0,16:03:51.728
000931.SZ,09:32:31.420,93231420,3723021,5.09,1100,0.5599,B,3647032,3723011,0,16:03:51.728
000931.SZ,09:32:31.440,93231440,3723217,5.1,1400,0.714,B,2309435,3723216,0,16:03:51.728
000931.SZ,09:32:31.440,93231440,3723219,5.1,732,0.3733,B,2309435,3723218,0,16:03:51.728
000931.SZ,09:32:31.440,93231440,3723220,5.1,468,0.2386,B,2393747,3723218,0,16:03:51.728
000931.SZ,09:32:31.440,93231440,3723222,5.1,1700,0.867,B,2393747,3723221,0,16:03:51.728
000931.SZ,09:32:31.440,93231440,3723244,5.1,1132,0.5773,B,2393747,3723243,0,16:03:51.728
000931.SZ,09:32:31.440,93231440,3723245,5.1,68,0.0346,B,2457429,3723243,0,16:03:51.728
000931.SZ,09:32:31.440,93231440,3723247,5.1,32,0.0163,B,2457429,3723246,0,16:03:51.728
000931.SZ,09:32:31.440,93231440,3723248,5.1,100,0.051,B,2457440,3723246,0,16:03:51.728
000931.SZ,09:32:31.440,93231440,3723249,5.1,100,0.051,B,2457447,3723246,0,16:03:51.728
000931.SZ,09:32:31.440,93231440,3723250,5.1,968,0.4936,B,2462198,3723246,0,16:03:51.728
000931.SZ,09:32:31.440,93231440,3723255,5.1,1632,0.8323,B,2462198,3723254,0,16:03:51.728
000931.SZ,09:32:31.440,93231440,3723256,5.1,100,0.051,B,2462646,3723254,0,16:03:51.728
000931.SZ,09:32:31.440,93231440,3723257,5.1,200,0.102,B,2463639,3723254,0,16:03:51.728
000931.SZ,09:32:31.440,93231440,3723258,5.1,500,0.255,B,2465670,3723254,0,16:03:51.728
000931.SZ,09:32:31.440,93231440,3723259,5.1,1768,0.9016,B,2482585,3723254,0,16:03:51.728
000931.SZ,09:32:31.440,93231440,3723261,5.1,2500,1.275,B,2482585,3723260,0,16:03:51.728
000931.SZ,09:32:31.440,93231440,3723263,5.1,1300,0.663,B,2482585,3723262,0,16:03:51.728
000931.SZ,09:32:31.440,93231440,3723315,5.1,3032,1.5463,B,2482585,3723314,0,16:03:51.728
000931.SZ,09:32:31.440,93231440,3723316,5.1,1500,0.765,B,2491005,3723314,0,16:03:51.728
000931.SZ,09:32:31.440,93231440,3723317,5.1,500,0.255,B,2491813,3723314,0,16:03:51.728
000931.SZ,09:32:31.440,93231440,3723318,5.1,1500,0.765,B,2493102,3723314,0,16:03:51.728
000931.SZ,09:32:31.440,93231440,3723319,5.1,1900,0.969,B,2656740,3723314,0,16:03:51.728
000931.SZ,09:32:31.440,93231440,3723320,5.1,1600,0.816,B,2659860,3723314,0,16:03:51.728
000931.SZ,09:32:31.440,93231440,3723321,5.1,1468,0.7486,B,2660101,3723314,0,16:03:51.728
000931.SZ,09:32:31.440,93231440,3723384,5.1,1232,0.6283,B,2660101,3723383,0,16:03:51.728
000931.SZ,09:32:31.440,93231440,3723385,5.1,900,0.459,B,2758364,3723383,0,16:03:51.728
000931.SZ,09:32:31.440,93231440,3723386,5.1,500,0.255,B,2794469,3723383,0,16:03:51.728
000931.SZ,09:32:31.440,93231440,3723387,5.1,900,0.459,B,2875447,3723383,0,16:03:51.728
000931.SZ,09:32:31.440,93231440,3723388,5.1,968,0.4936,B,3093692,3723383,0,16:03:51.728
000931.SZ,09:32:31.520,93231520,3724602,0.0,100,0.0,?,0,3710037,0,16:03:51.807
000931.SZ,09:32:31.520,93231520,3724639,0.0,100,0.0,?,0,3710067,0,16:03:51.807
000931.SZ,09:32:31.530,93231530,3724843,0.0,1200,0.0,?,0,2240567,0,16:03:51.807
000931.SZ,09:32:31.540,93231540,3724849,0.0,1400,0.0,?,0,2240548,0,16:03:51.807
000931.SZ,09:32:31.540,93231540,3724852,0.0,100,0.0,?,0,2240535,0,16:03:51.807
000931.SZ,09:32:31.540,93231540,3724859,0.0,900,0.0,?,0,2240616,0,16:03:51.807
000931.SZ,09:32:32.080,93232080,3732148,5.1,32,0.0163,B,3093692,3732147,0,16:03:51.910
000931.SZ,09:32:32.080,93232080,3732149,5.1,268,0.1366,B,3316397,3732147,0,16:03:51.910
000931.SZ,09:32:32.080,93232080,3732167,5.1,400,0.204,B,3316397,3732166,0,16:03:51.910
000931.SZ,09:32:32.510,93232510,3736767,0.0,31900,0.0,?,0,3723011,0,16:03:52.018
000931.SZ,09:32:32.520,93232520,3736858,0.0,1300,0.0,?,0,3723269,0,16:03:52.018
000931.SZ,09:32:32.530,93232530,3736973,5.1,100,0.051,B,3316397,3736972,0,16:03:52.018
000931.SZ,09:32:32.530,93232530,3737011,5.1,100,0.051,B,3316397,3737010,0,16:03:52.018
000931.SZ,09:32:32.920,93232920,3740751,0.0,1700,0.0,?,0,3723023,0,16:03:52.018
000931.SZ,09:32:33.240,93233240,3744257,5.1,1200,0.612,B,3316397,3744256,0,16:03:52.112
000931.SZ,09:32:33.240,93233240,3744265,5.1,400,0.204,B,3316397,3744264,0,16:03:52.112
000931.SZ,09:32:33.880,93233880,3751618,5.1,432,0.2203,B,3316397,3751617,0,16:03:52.301
000931.SZ,09:32:33.880,93233880,3751619,5.1,668,0.3406,B,3457553,3751617,0,16:03:52.301
000931.SZ,09:32:33.880,93233880,3751621,5.1,1000,0.51,B,3457553,3751620,0,16:03:52.301
000931.SZ,09:32:35.520,93235520,3770198,5.09,1300,0.6617,S,3770197,3723146,0,16:03:52.604
000931.SZ,09:32:35.520,93235520,3770199,5.09,5200,2.6468,S,3770197,3723168,0,16:03:52.604
000931.SZ,09:32:36.200,93236200,3777323,5.1,300,0.153,B,3457553,3777322,0,16:03:52.760
000931.SZ,09:32:36.610,93236610,3783561,5.09,1700,0.8653,S,3783560,3723168,0,16:03:52.851
000931.SZ,09:32:36.810,93236810,3785809,5.1,32,0.0163,B,3457553,3785808,0,16:03:52.987
000931.SZ,09:32:36.810,93236810,3785810,5.1,68,0.0346,B,3467371,3785808,0,16:03:52.987
000931.SZ,09:32:36.810,93236810,3785814,5.1,300,0.153,B,3467371,3785813,0,16:03:52.987
000931.SZ,09:32:36.860,93236860,3786370,5.1,100,0.051,B,3467371,3786369,0,16:03:52.987
000931.SZ,09:32:37.160,93237160,3789648,5.09,2100,1.0689,S,3789647,3723168,0,16:03:52.987
000931.SZ,09:32:38.390,93238390,3804157,0.0,2900,0.0,?,3316400,0,0,16:03:53.269
000931.SZ,09:32:39.250,93239250,3813127,5.1,900,0.459,B,3467371,3813126,0,16:03:53.412
000931.SZ,09:32:39.820,93239820,3820256,5.1,3800,1.938,B,3467371,3820255,0,16:03:53.491
000931.SZ,09:32:40.790,93240790,3832978,5.09,4600,2.3414,S,3832977,3723168,0,16:03:53.668
000931.SZ,09:32:40.790,93240790,3832979,5.09,500,0.2545,S,3832977,3723177,0,16:03:53.668
000931.SZ,09:32:40.800,93240800,3833116,0.0,1600,0.0,?,0,2847685,0,16:03:53.668
000931.SZ,09:32:40.860,93240860,3833619,5.09,100,0.0509,S,3833618,3723177,0,16:03:53.716
000931.SZ,09:32:41.760,93241760,3843105,0.0,2300,0.0,?,3770372,0,0,16:03:53.772
000931.SZ,09:32:41.760,93241760,3843106,0.0,5900,0.0,?,3770373,0,0,16:03:53.772
000931.SZ,09:32:41.780,93241780,3843406,0.0,9100,0.0,?,0,3723177,0,16:03:53.772
000931.SZ,09:32:41.780,93241780,3843407,0.0,3100,0.0,?,0,3723183,0,16:03:53.772
000931.SZ,09:32:41.780,93241780,3843419,0.0,6500,0.0,?,0,3723178,0,16:03:53.772
000931.SZ,09:32:42.520,93242520,3852473,5.09,1000,0.509,S,3852472,3725904,0,16:03:53.881
000931.SZ,09:32:42.520,93242520,3852474,5.09,1000,0.509,S,3852472,3729518,0,16:03:53.881
000931.SZ,09:32:42.520,93242520,3852475,5.09,900,0.4581,S,3852472,3729625,0,16:03:53.881
000931.SZ,09:32:42.520,93242520,3852476,5.09,1000,0.509,S,3852472,3736878,0,16:03:53.881
000931.SZ,09:32:42.520,93242520,3852477,5.09,100,0.0509,S,3852472,3736882,0,16:03:53.881
000931.SZ,09:32:42.520,93242520,3852478,5.09,700,0.3563,S,3852472,3736884,0,16:03:53.881
000931.SZ,09:32:42.520,93242520,3852479,5.09,5000,2.545,S,3852472,3738090,0,16:03:53.881
000931.SZ,09:32:42.520,93242520,3852480,5.09,300,0.1527,S,3852472,3746312,0,16:03:53.881
000931.SZ,09:32:42.520,93242520,3852481,5.09,400,0.2036,S,3852472,3778189,0,16:03:53.881
000931.SZ,09:32:42.520,93242520,3852482,5.09,800,0.4072,S,3852472,3804219,0,16:03:53.881
000931.SZ,09:32:42.520,93242520,3852483,5.09,2400,1.2216,S,3852472,3804293,0,16:03:53.881
000931.SZ,09:32:42.520,93242520,3852484,5.09,1100,0.5599,S,3852472,3804855,0,16:03:53.881
000931.SZ,09:32:42.790,93242790,3855710,5.09,900,0.4581,S,3855709,3804855,0,16:03:53.881
000931.SZ,09:32:42.790,93242790,3855711,5.09,800,0.4072,S,3855709,3810001,0,16:03:53.881
000931.SZ,09:32:42.790,93242790,3855712,5.09,800,0.4072,S,3855709,3819944,0,16:03:53.881
000931.SZ,09:32:42.790,93242790,3855713,5.09,800,0.4072,S,3855709,3827724,0,16:03:53.881
000931.SZ,09:32:42.790,93242790,3855714,5.09,300,0.1527,S,3855709,3834470,0,16:03:53.881
000931.SZ,09:32:42.990,93242990,3857891,5.09,1300,0.6617,B,3857094,3857890,0,16:03:54.000
000931.SZ,09:32:43.000,93243000,3857960,0.0,11100,0.0,?,3820347,0,0,16:03:54.000
000931.SZ,09:32:43.000,93243000,3857961,0.0,54600,0.0,?,3833105,0,0,16:03:54.000
000931.SZ,09:32:43.540,93243540,3864827,0.0,100,0.0,?,3852588,0,0,16:03:54.108
000931.SZ,09:32:43.550,93243550,3864902,0.0,7600,0.0,?,3852570,0,0,16:03:54.108
000931.SZ,09:32:45.320,93245320,3884751,5.09,100,0.0509,B,3857094,3884750,0,16:03:54.361
000931.SZ,09:32:45.750,93245750,3890050,5.08,4800,2.4384,S,3890049,2281861,0,16:03:54.456
000931.SZ,09:32:45.990,93245990,3892544,5.09,1000,0.509,B,3857094,3892543,0,16:03:54.597
000931.SZ,09:32:45.990,93245990,3892593,5.09,300,0.1527,B,3857094,3892592,0,16:03:54.597
000931.SZ,09:32:46.260,93246260,3895943,5.09,400,0.2036,B,3857094,3895942,0,16:03:54.597
000931.SZ,09:32:46.260,93246260,3895961,5.09,300,0.1527,B,3857094,3895960,0,16:03:54.597
000931.SZ,09:32:46.460,93246460,3898682,5.09,100,0.0509,B,3857094,3898681,0,16:03:54.708
000931.SZ,09:32:46.480,93246480,3898974,5.09,100,0.0509,S,3898973,3898681,0,16:03:54.708
000931.SZ,09:32:48.220,93248220,3918639,5.09,500,0.2545,S,3918638,3898681,0,16:03:54.985
000931.SZ,09:32:48.220,93248220,3918641,5.09,100,0.0509,S,3918640,3898681,0,16:03:54.985
000931.SZ,09:32:48.230,93248230,3918732,0.0,800,0.0,?,3744242,0,0,16:03:54.985
000931.SZ,09:32:48.260,93248260,3919050,5.09,200,0.1018,S,3919049,3898681,0,16:03:54.985
000931.SZ,09:32:48.260,93248260,3919101,5.09,100,0.0509,S,3919100,3898681,0,16:03:54.985
000931.SZ,09:32:48.270,93248270,3919139,0.0,73200,0.0,?,3898813,0,0,16:03:54.985
000931.SZ,09:32:49.460,93249460,3934504,5.09,100,0.0509,B,3919100,3934503,0,16:03:55.218
000931.SZ,09:32:49.460,93249460,3934505,5.09,200,0.1018,B,3919118,3934503,0,16:03:55.218
000931.SZ,09:32:49.460,93249460,3934506,5.09,700,0.3563,B,3919137,3934503,0,16:03:55.218
000931.SZ,09:32:50.500,93250500,3950259,0.0,4200,0.0,?,3919137,0,0,16:03:55.469
000931.SZ,09:32:51.360,93251360,3962546,5.08,3100,1.5748,S,3962545,2281861,0,16:03:55.673
000931.SZ,09:32:52.000,93252000,3972059,5.09,200,0.1018,B,3919848,3972058,0,16:03:55.909
000931.SZ,09:32:52.000,93252000,3972060,5.09,100,0.0509,B,3958128,3972058,0,16:03:55.909
000931.SZ,09:32:52.000,93252000,3972061,5.09,100,0.0509,B,3959634,3972058,0,16:03:55.909
000931.SZ,09:32:52.000,93252000,3972062,5.09,100,0.0509,B,3960733,3972058,0,16:03:55.909
000931.SZ,09:32:52.150,93252150,3974339,5.09,600,0.3054,S,3974338,3972058,0,16:03:55.909
000931.SZ,09:32:53.050,93253050,3988383,0.0,73300,0.0,?,3972252,0,0,16:03:56.169
000931.SZ,09:32:53.050,93253050,3988498,0.0,100,0.0,?,3972266,0,0,16:03:56.169
000931.SZ,09:32:54.100,93254100,4000679,0.0,900,0.0,?,3822928,0,0,16:03:56.422
000931.SZ,09:32:54.140,93254140,4001038,0.0,1000,0.0,?,3822914,0,0,16:03:56.422
000931.SZ,09:32:55.390,93255390,4017857,0.0,17300,0.0,?,0,3467658,0,16:03:56.688
000931.SZ,09:32:55.390,93255390,4017861,0.0,3600,0.0,?,0,3971495,0,16:03:56.688
000931.SZ,09:32:55.420,93255420,4018427,5.08,5500,2.794,S,4018426,2281861,0,16:03:56.688
000931.SZ,09:32:55.420,93255420,4018444,0.0,7200,0.0,?,4003140,0,0,16:03:56.688
000931.SZ,09:32:55.420,93255420,4018446,5.08,14000,7.112,S,4018445,2281861,0,16:03:56.688
000931.SZ,09:32:55.420,93255420,4018449,5.08,2800,1.4224,S,4018448,2281861,0,16:03:56.688
000931.SZ,09:32:55.420,93255420,4018450,0.0,2300,0.0,?,4003142,0,0,16:03:56.688
000931.SZ,09:32:55.420,93255420,4018476,0.0,16100,0.0,?,4003139,0,0,16:03:56.688
000931.SZ,09:32:55.420,93255420,4018478,5.08,3300,1.6764,S,4018477,2281861,0,16:03:56.688
000931.SZ,09:32:55.460,93255460,4019028,5.08,2900,1.4732,S,4019027,2281861,0,16:03:56.688
000931.SZ,09:32:55.460,93255460,4019029,5.08,200,0.1016,S,4019027,2626804,0,16:03:56.688
000931.SZ,09:32:55.460,93255460,4019030,5.08,1900,0.9652,S,4019027,2789140,0,16:03:56.688
000931.SZ,09:32:55.460,93255460,4019031,5.08,1600,0.8128,S,4019027,2790726,0,16:03:56.688
000931.SZ,09:32:55.460,93255460,4019102,5.08,900,0.4572,S,4019101,3507137,0,16:03:56.688
000931.SZ,09:32:55.460,93255460,4019103,5.08,400,0.2032,S,4019101,3512094,0,16:03:56.688
000931.SZ,09:32:55.460,93255460,4019104,5.08,100,0.0508,S,4019101,3514015,0,16:03:56.688
000931.SZ,09:32:55.460,93255460,4019105,5.08,100,0.0508,S,4019101,3514031,0,16:03:56.688
000931.SZ,09:32:55.460,93255460,4019106,5.08,100,0.0508,S,4019101,3520569,0,16:03:56.688
000931.SZ,09:32:55.460,93255460,4019107,5.08,100,0.0508,S,4019101,3522496,0,16:03:56.688
000931.SZ,09:32:55.460,93255460,4019108,5.08,600,0.3048,S,4019101,3657523,0,16:03:56.688
000931.SZ,09:32:55.470,93255470,4019468,5.08,14400,7.3152,S,4019467,3657523,0,16:03:56.688
000931.SZ,09:32:55.470,93255470,4019469,5.08,1800,0.9144,S,4019467,3670282,0,16:03:56.688
000931.SZ,09:32:55.470,93255470,4019470,5.08,200,0.1016,S,4019467,3717595,0,16:03:56.688
000931.SZ,09:32:55.470,93255470,4019471,5.08,500,0.254,S,4019467,3726043,0,16:03:56.688
000931.SZ,09:32:55.470,93255470,4019472,5.08,200,0.1016,S,4019467,3985482,0,16:03:56.688
000931.SZ,09:32:55.470,93255470,4019473,5.08,100,0.0508,S,4019467,3994874,0,16:03:56.688
000931.SZ,09:32:55.470,93255470,4019474,5.08,500,0.254,S,4019467,4004826,0,16:03:56.688
000931.SZ,09:32:55.470,93255470,4019475,5.08,100,0.0508,S,4019467,4016799,0,16:03:56.688
000931.SZ,09:32:55.760,93255760,4023966,5.08,800,0.4064,B,4019467,4023965,0,16:03:56.781
000931.SZ,09:32:55.800,93255800,4024364,5.08,1500,0.762,B,4019467,4024363,0,16:03:56.781
000931.SZ,09:32:55.800,93255800,4024365,5.08,100,0.0508,B,4019729,4024363,0,16:03:56.781
000931.SZ,09:32:55.800,93255800,4024366,5.09,3400,1.7306,B,3980791,4024363,0,16:03:56.781
000931.SZ,09:32:55.800,93255800,4024367,5.09,500,0.2545,B,3981250,4024363,0,16:03:56.781
000931.SZ,09:32:55.800,93255800,4024368,5.09,100,0.0509,B,4001579,4024363,0,16:03:56.781
000931.SZ,09:32:55.800,93255800,4024428,5.09,1100,0.5599,B,4002911,4024427,0,16:03:56.781
000931.SZ,09:32:55.800,93255800,4024429,5.09,400,0.2036,B,4002914,4024427,0,16:03:56.781
000931.SZ,09:32:55.800,93255800,4024430,5.09,2200,1.1198,B,4002929,4024427,0,16:03:56.781
000931.SZ,09:32:55.800,93255800,4024431,5.09,3400,1.7306,B,4014628,4024427,0,16:03:56.781
000931.SZ,09:32:55.800,93255800,4024432,5.09,7300,3.7157,B,4018624,4024427,0,16:03:56.781
000931.SZ,09:32:56.120,93256120,4027815,5.08,400,0.2032,S,4027814,4027660,0,16:03:56.860
000931.SZ,09:32:56.120,93256120,4027826,5.09,100,0.0509,B,4018624,4027825,0,16:03:56.860
000931.SZ,09:32:56.440,93256440,4031610,0.0,65900,0.0,?,4018624,0,0,16:03:56.860
000931.SZ,09:32:56.730,93256730,4034917,0.0,5800,0.0,?,4007044,0,0,16:03:56.965
000931.SZ,09:32:57.230,93257230,4040298,0.0,800,0.0,?,3960859,0,0,16:03:57.075
000931.SZ,09:32:57.260,93257260,4040724,0.0,1900,0.0,?,3816155,0,0,16:03:57.075
000931.SZ,09:32:57.300,93257300,4041062,0.0,4200,0.0,?,3919544,0,0,16:03:57.075
000931.SZ,09:32:57.390,93257390,4042006,5.08,1800,0.9144,S,4042005,4027660,0,16:03:57.075
000931.SZ,09:32:57.390,93257390,4042007,5.07,5500,2.7885,S,4042005,1900985,0,16:03:57.075
000931.SZ,09:32:57.530,93257530,4043595,0.0,2100,0.0,?,3920766,0,0,16:03:57.075
000931.SZ,09:32:57.530,93257530,4043615,0.0,2300,0.0,?,3920807,0,0,16:03:57.075
000931.SZ,09:32:57.530,93257530,4043619,0.0,1100,0.0,?,3920842,0,0,16:03:57.075
000931.SZ,09:32:57.790,93257790,4047279,5.09,800,0.4072,B,4024319,4047278,0,16:03:57.184
000931.SZ,09:32:57.800,93257800,4047306,5.09,200,0.1018,B,4024319,4047305,0,16:03:57.184
000931.SZ,09:32:57.800,93257800,4047307,5.09,100,0.0509,B,4024421,4047305,0,16:03:57.184
000931.SZ,09:32:57.800,93257800,4047308,5.09,500,0.2545,B,4028288,4047305,0,16:03:57.184
000931.SZ,09:32:58.720,93258720,4058037,0.0,400,0.0,?,3983758,0,0,16:03:57.394
000931.SZ,09:32:58.830,93258830,4059025,5.08,100,0.0508,S,4059024,4047440,0,16:03:57.394
000931.SZ,09:33:03.300,93303300,4110440,0.0,3300,0.0,?,4074284,0,0,16:03:58.439
000931.SZ,09:33:06.150,93306150,4150026,5.08,200,0.1016,S,4150025,4047440,0,16:03:59.079
000931.SZ,09:33:06.510,93306510,4157392,0.0,3800,0.0,?,3781867,0,0,16:03:59.172
000931.SZ,09:33:07.510,93307510,4171647,5.08,1300,0.6604,S,4171646,4047440,0,16:03:59.425
000931.SZ,09:33:07.510,93307510,4171648,5.08,100,0.0508,S,4171646,4061678,0,16:03:59.425
000931.SZ,09:33:07.510,93307510,4171649,5.08,100,0.0508,S,4171646,4072626,0,16:03:59.425
000931.SZ,09:33:07.510,93307510,4171650,5.08,100,0.0508,S,4171646,4072633,0,16:03:59.425
000931.SZ,09:33:07.510,93307510,4171651,5.08,200,0.1016,S,4171646,4072644,0,16:03:59.425
000931.SZ,09:33:07.510,93307510,4171652,5.08,200,0.1016,S,4171646,4152302,0,16:03:59.425
000931.SZ,09:33:08.530,93308530,4183454,0.0,11000,0.0,?,4051040,0,0,16:03:59.646
000931.SZ,09:33:09.320,93309320,4192598,0.0,500,0.0,?,4072640,0,0,16:03:59.847
000931.SZ,09:33:09.350,93309350,4193023,0.0,2300,0.0,?,4042991,0,0,16:03:59.847
000931.SZ,09:33:09.350,93309350,4193034,0.0,100,0.0,?,4076347,0,0,16:03:59.847
000931.SZ,09:33:09.400,93309400,4193872,0.0,1000,0.0,?,3779061,0,0,16:03:59.847
000931.SZ,09:33:09.510,93309510,4195414,0.0,3500,0.0,?,4032459,0,0,16:03:59.847
000931.SZ,09:33:09.510,93309510,4195429,5.07,1300,0.6591,S,4195428,1900985,0,16:03:59.847
000931.SZ,09:33:09.510,93309510,4195430,5.07,1100,0.5577,S,4195428,1907688,0,16:03:59.847
000931.SZ,09:33:09.510,93309510,4195431,5.07,1000,0.507,S,4195428,1910090,0,16:03:59.847
000931.SZ,09:33:09.510,93309510,4195432,5.07,2000,1.014,S,4195428,1919783,0,16:03:59.847
000931.SZ,09:33:09.510,93309510,4195433,5.07,1000,0.507,S,4195428,1924782,0,16:03:59.847
000931.SZ,09:33:09.510,93309510,4195434,5.07,3800,1.9266,S,4195428,2042722,0,16:03:59.847
000931.SZ,09:33:10.150,93310150,4203565,0.0,3000,0.0,?,4188963,0,0,16:04:00.001
000931.SZ,09:33:10.370,93310370,4206538,0.0,900,0.0,?,4024728,0,0,16:04:00.126
000931.SZ,09:33:10.370,93310370,4206549,0.0,1000,0.0,?,3822433,0,0,16:04:00.126
000931.SZ,09:33:11.230,93311230,4217231,5.07,100,0.0507,S,4217230,2042722,0,16:04:00.251
000931.SZ,09:33:11.320,93311320,4218426,5.07,100,0.0507,S,4218425,2042722,0,16:04:00.251
000931.SZ,09:33:12.190,93312190,4228026,0.0,500,0.0,?,4024426,0,0,16:04:00.455
000931.SZ,09:33:12.510,93312510,4232406,5.07,3500,1.7745,S,4232405,2042722,0,16:04:00.565
000931.SZ,09:33:13.520,93313520,4244000,5.07,100,0.0507,S,4243999,2042722,0,16:04:00.802
000931.SZ,09:33:14.810,93314810,4257191,0.0,300,0.0,?,4149138,0,0,16:04:00.984
000931.SZ,09:33:15.150,93315150,4260583,5.07,100,0.0507,S,4260582,2042722,0,16:04:01.077
000931.SZ,09:33:15.320,93315320,4262687,0.0,400,0.0,?,4011514,0,0,16:04:01.077
000931.SZ,09:33:15.820,93315820,4269869,5.07,8200,4.1574,S,4269868,2042722,0,16:04:01.203
000931.SZ,09:33:16.330,93316330,4275289,0.0,3000,0.0,?,2095678,0,0,16:04:01.327
000931.SZ,09:33:16.860,93316860,4281475,0.0,300,0.0,?,3604438,0,0,16:04:01.392
000931.SZ,09:33:17.560,93317560,4289057,0.0,8100,0.0,?,4178975,0,0,16:04:01.502
000931.SZ,09:33:17.560,93317560,4289102,5.07,100,0.0507,S,4289101,2042722,0,16:04:01.502
000931.SZ,09:33:18.410,93318410,4299057,0.0,300,0.0,?,4039851,0,0,16:04:01.690
000931.SZ,09:33:18.860,93318860,4305686,5.07,3100,1.5717,S,4305685,2042722,0,16:04:01.786
000931.SZ,09:33:19.070,93319070,4308131,0.0,800,0.0,?,4011305,0,0,16:04:01.894
000931.SZ,09:33:19.130,93319130,4308783,0.0,100,0.0,?,4066630,0,0,16:04:01.894
000931.SZ,09:33:19.460,93319460,4313008,0.0,200,0.0,?,4111433,0,0,16:04:01.979
000931.SZ,09:33:19.980,93319980,4318470,5.07,600,0.3042,S,4318469,2042722,0,16:04:02.094
000931.SZ,09:33:20.510,93320510,4323965,0.0,3500,0.0,?,4171646,0,0,16:04:02.185
000931.SZ,09:33:21.510,93321510,4335416,5.07,3500,1.7745,S,4335415,2042722,0,16:04:02.404
000931.SZ,09:33:21.860,93321860,4339272,0.0,3300,0.0,?,3919961,0,0,16:04:02.404
000931.SZ,09:33:22.560,93322560,4347998,0.0,200,0.0,?,4251484,0,0,16:04:02.625
000931.SZ,09:33:23.020,93323020,4353447,0.0,300,0.0,?,4322885,0,0,16:04:02.752
000931.SZ,09:33:23.440,93323440,4357693,0.0,1000,0.0,?,0,2714793,0,16:04:02.752
000931.SZ,09:33:23.510,93323510,4358450,5.07,11400,5.7798,S,4358449,2042722,0,16:04:02.752
000931.SZ,09:33:23.630,93323630,4359491,5.07,8100,4.1067,S,4359490,2042722,0,16:04:02.752
000931.SZ,09:33:23.770,93323770,4360764,5.07,100,0.0507,S,4360763,2042722,0,16:04:02.752
000931.SZ,09:33:24.040,93324040,4363320,0.0,300,0.0,?,4041894,0,0,16:04:02.893
000931.SZ,09:33:24.190,93324190,4364985,5.07,3000,1.521,S,4364984,2042722,0,16:04:02.893
000931.SZ,09:33:24.190,93324190,4365016,0.0,800,0.0,?,4072671,0,0,16:04:02.893
000931.SZ,09:33:24.290,93324290,4366785,0.0,700,0.0,?,4155481,0,0,16:04:02.893
000931.SZ,09:33:24.440,93324440,4368781,0.0,2900,0.0,?,4074937,0,0,16:04:03.090
000931.SZ,09:33:24.440,93324440,4368805,0.0,3100,0.0,?,4074950,0,0,16:04:03.090
000931.SZ,09:33:24.440,93324440,4368811,0.0,1400,0.0,?,4074961,0,0,16:04:03.090
000931.SZ,09:33:24.800,93324800,4372631,5.07,2400,1.2168,S,4372630,2042722,0,16:04:03.090
000931.SZ,09:33:24.840,93324840,4372993,0.0,300,0.0,?,4122851,0,0,16:04:03.090
000931.SZ,09:33:25.150,93325150,4376449,0.0,30000,0.0,?,938878,0,0,16:04:03.090
000931.SZ,09:33:25.860,93325860,4384349,0.0,5700,0.0,?,4017856,0,0,16:04:03.279
000931.SZ,09:33:26.170,93326170,4387187,5.07,1600,0.8112,S,4387186,2042722,0,16:04:03.279
000931.SZ,09:33:26.450,93326450,4389843,0.0,6000,0.0,?,4188919,0,0,16:04:03.356
000931.SZ,09:33:27.840,93327840,4403530,5.07,100,0.0507,S,4403529,2042722,0,16:04:03.576
000931.SZ,09:33:27.890,93327890,4404038,5.07,100,0.0507,S,4404037,2042722,0,16:04:03.702
000931.SZ,09:33:28.160,93328160,4407013,0.0,400,0.0,?,4165069,0,0,16:04:03.702
000931.SZ,09:33:28.280,93328280,4408394,5.07,300,0.1521,S,4408393,2074934,0,16:04:03.702
000931.SZ,09:33:31.020,93331020,4436229,5.07,800,0.4056,S,4436228,2074934,0,16:04:04.229
000931.SZ,09:33:31.020,93331020,4436230,5.07,400,0.2028,S,4436228,3429561,0,16:04:04.229
000931.SZ,09:33:31.110,93331110,4437090,5.07,100,0.0507,S,4437089,3429561,0,16:04:04.294
000931.SZ,09:33:31.130,93331130,4437245,5.08,100,0.0508,B,4178184,4437244,0,16:04:04.294
000931.SZ,09:33:31.800,93331800,4445256,0.0,300,0.0,?,4059646,0,0,16:04:04.417
000931.SZ,09:33:32.200,93332200,4448915,5.07,1300,0.6591,S,4448914,3429561,0,16:04:04.513
000931.SZ,09:33:32.880,93332880,4454958,5.07,1000,0.507,S,4454957,3429561,0,16:04:04.623
000931.SZ,09:33:33.000,93333000,4455949,0.0,300,0.0,?,4271130,0,0,16:04:04.623
000931.SZ,09:33:33.430,93333430,4460312,5.07,100,0.0507,S,4460311,3429561,0,16:04:04.717
000931.SZ,09:33:35.530,93335530,4481810,5.07,100,0.0507,S,4481809,3429561,0,16:04:05.166
000931.SZ,09:33:35.810,93335810,4484125,0.0,700,0.0,?,3770349,0,0,16:04:05.166
000931.SZ,09:33:36.200,93336200,4487630,5.07,6800,3.4476,S,4487629,3429561,0,16:04:05.261
000931.SZ,09:33:36.200,93336200,4487631,5.07,100,0.0507,S,4487629,4010298,0,16:04:05.261
000931.SZ,09:33:36.200,93336200,4487632,5.07,100,0.0507,S,4487629,4039445,0,16:04:05.261
000931.SZ,09:33:36.200,93336200,4487633,5.07,300,0.1521,S,4487629,4040455,0,16:04:05.261
000931.SZ,09:33:36.200,93336200,4487634,5.07,700,0.3549,S,4487629,4048856,0,16:04:05.261
000931.SZ,09:33:37.380,93337380,4499658,0.0,400,0.0,?,4251117,0,0,16:04:05.496
000931.SZ,09:33:38.020,93338020,4506142,0.0,400,0.0,?,4027562,0,0,16:04:05.605
000931.SZ,09:33:38.070,93338070,4506751,0.0,100,0.0,?,4365032,0,0,16:04:05.605
000931.SZ,09:33:38.070,93338070,4506756,0.0,65300,0.0,?,4359527,0,0,16:04:05.605
000931.SZ,09:33:38.070,93338070,4506758,0.0,8200,0.0,?,4358477,0,0,16:04:05.605
000931.SZ,09:33:38.930,93338930,4514398,0.0,100,0.0,?,4368617,0,0,16:04:05.814
000931.SZ,09:33:39.120,93339120,4516412,0.0,1100,0.0,?,0,4342647,0,16:04:05.814
000931.SZ,09:33:39.380,93339380,4519383,5.07,900,0.4563,S,4519382,4048856,0,16:04:05.920
000931.SZ,09:33:39.380,93339380,4519384,5.07,100,0.0507,S,4519382,4050815,0,16:04:05.920
000931.SZ,09:33:39.380,93339380,4519385,5.07,400,0.2028,S,4519382,4054185,0,16:04:05.920
000931.SZ,09:33:39.380,93339380,4519386,5.07,400,0.2028,S,4519382,4234437,0,16:04:05.920
000931.SZ,09:33:39.380,93339380,4519387,5.07,900,0.4563,S,4519382,4308278,0,16:04:05.920
000931.SZ,09:33:41.280,93341280,4539293,5.07,100,0.0507,S,4539292,4308278,0,16:04:06.259
000931.SZ,09:33:42.110,93342110,4547372,0.0,300,0.0,?,111686,0,0,16:04:06.352
000931.SZ,09:33:42.230,93342230,4548707,5.07,100,0.0507,S,4548706,4308278,0,16:04:06.446
000931.SZ,09:33:43.930,93343930,4566714,5.07,100,0.0507,S,4566713,4308278,0,16:04:06.812
000931.SZ,09:33:44.610,93344610,4573157,0.0,100,0.0,?,4121834,0,0,16:04:06.934
000931.SZ,09:33:44.910,93344910,4576406,5.08,800,0.4064,B,4178184,4576405,0,16:04:06.934
000931.SZ,09:33:44.910,93344910,4576407,5.08,300,0.1524,B,4178327,4576405,0,16:04:06.934
000931.SZ,09:33:45.410,93345410,4581455,5.07,300,0.1521,S,4581454,4308278,0,16:04:07.029
000931.SZ,09:33:45.410,93345410,4581456,5.07,100,0.0507,S,4581454,4384867,0,16:04:07.029
000931.SZ,09:33:46.420,93346420,4593775,5.07,100,0.0507,S,4593774,4384867,0,16:04:07.242
000931.SZ,09:33:46.830,93346830,4599136,5.07,100,0.0507,S,4599135,4384935,0,16:04:07.383
000931.SZ,09:33:50.050,93350050,4635914,0.0,100,0.0,?,0,1809905,0,16:04:08.060
000931.SZ,09:33:53.100,93353100,4668988,5.07,100,0.0507,S,4668987,4384935,0,16:04:08.634
000931.SZ,09:33:55.520,93355520,4693575,5.07,100,0.0507,S,4693574,4384935,0,16:04:09.101
000931.SZ,09:33:55.520,93355520,4693576,5.07,700,0.3549,S,4693574,4395836,0,16:04:09.101
000931.SZ,09:33:57.350,93357350,4710236,0.0,1000,0.0,?,4224030,0,0,16:04:09.411
000931.SZ,09:33:57.580,93357580,4713086,5.07,700,0.3549,S,4713085,4395836,0,16:04:09.411
000931.SZ,09:33:57.580,93357580,4713087,5.07,300,0.1521,S,4713085,4403019,0,16:04:09.411
000931.SZ,09:33:58.430,93358430,4721856,5.07,2000,1.014,S,4721855,4403019,0,16:04:09.665
000931.SZ,09:33:58.430,93358430,4721857,5.07,300,0.1521,S,4721855,4407142,0,16:04:09.665
000931.SZ,09:33:58.430,93358430,4721858,5.07,600,0.3042,S,4721855,4417482,0,16:04:09.665
000931.SZ,09:33:58.440,93358440,4721954,5.07,100,0.0507,S,4721953,4417482,0,16:04:09.665
000931.SZ,09:34:00.690,93400690,4744841,5.07,100,0.0507,S,4744840,4417482,0,16:04:10.146
000931.SZ,09:34:01.040,93401040,4748506,0.0,3700,0.0,?,4244141,0,0,16:04:10.275
000931.SZ,09:34:01.420,93401420,4754156,0.0,400,0.0,?,0,1333850,0,16:04:10.275
000931.SZ,09:34:03.410,93403410,4774384,0.0,1300,0.0,?,4399615,0,0,16:04:10.673
000931.SZ,09:34:04.770,93404770,4788894,5.07,100,0.0507,S,4788893,4417482,0,16:04:11.028
000931.SZ,09:34:05.050,93405050,4791744,5.08,100,0.0508,B,4178327,4791743,0,16:04:11.028
000931.SZ,09:34:06.890,93406890,4811378,0.0,2000,0.0,?,0,1980636,0,16:04:11.477
000931.SZ,09:34:06.950,93406950,4811988,5.08,200,0.1016,B,4178327,4811987,0,16:04:11.477
000931.SZ,09:34:07.100,93407100,4813432,5.08,300,0.1524,B,4182157,4813431,0,16:04:11.477
000931.SZ,09:34:07.720,93407720,4820292,5.07,100,0.0507,S,4820291,4417482,0,16:04:11.588
000931.SZ,09:34:08.350,93408350,4825987,5.08,300,0.1524,B,4182157,4825986,0,16:04:11.682
000931.SZ,09:34:08.350,93408350,4825988,5.08,200,0.1016,B,4189897,4825986,0,16:04:11.682
000931.SZ,09:34:08.500,93408500,4827394,5.08,500,0.254,B,4195015,4827393,0,16:04:11.682
000931.SZ,09:34:09.020,93409020,4831405,5.08,100,0.0508,B,4195015,4831404,0,16:04:11.792
000931.SZ,09:34:09.020,93409020,4831406,5.08,1800,0.9144,B,4195018,4831404,0,16:04:11.792
000931.SZ,09:34:09.020,93409020,4831407,5.08,700,0.3556,B,4219999,4831404,0,16:04:11.792
000931.SZ,09:34:09.020,93409020,4831408,5.08,1200,0.6096,B,4227108,4831404,0,16:04:11.792
000931.SZ,09:34:09.020,93409020,4831409,5.08,500,0.254,B,4228064,4831404,0,16:04:11.792
000931.SZ,09:34:09.020,93409020,4831410,5.08,5600,2.8448,B,4250165,4831404,0,16:04:11.792
000931.SZ,09:34:10.020,93410020,4842359,5.08,800,0.4064,B,4250165,4842358,0,16:04:12.058
000931.SZ,09:34:10.120,93410120,4843457,5.08,600,0.3048,B,4250165,4843456,0,16:04:12.058
000931.SZ,09:34:10.350,93410350,4846519,5.08,500,0.254,B,4250165,4846518,0,16:04:12.058
000931.SZ,09:34:10.650,93410650,4850140,0.0,25600,0.0,?,0,4792093,0,16:04:12.179
000931.SZ,09:34:11.130,93411130,4854704,0.0,600,0.0,?,4220127,0,0,16:04:12.179
000931.SZ,09:34:11.130,93411130,4854710,0.0,600,0.0,?,4220003,0,0,16:04:12.179
000931.SZ,09:34:11.490,93411490,4858335,5.08,600,0.3048,B,4250165,4858334,0,16:04:12.274
000931.SZ,09:34:11.490,93411490,4858349,5.08,100,0.0508,B,4250165,4858348,0,16:04:12.274
000931.SZ,09:34:11.500,93411500,4858358,5.08,1000,0.508,B,4250165,4858357,0,16:04:12.274
000931.SZ,09:34:11.500,93411500,4858391,5.08,200,0.1016,B,4250165,4858390,0,16:04:12.274
000931.SZ,09:34:11.510,93411510,4858490,5.08,600,0.3048,B,4250165,4858489,0,16:04:12.274
000931.SZ,09:34:11.510,93411510,4858491,5.08,100,0.0508,B,4257334,4858489,0,16:04:12.274
000931.SZ,09:34:11.510,93411510,4858492,5.08,300,0.1524,B,4270395,4858489,0,16:04:12.274
000931.SZ,09:34:11.510,93411510,4858493,5.08,400,0.2032,B,4275280,4858489,0,16:04:12.274
000931.SZ,09:34:11.510,93411510,4858494,5.08,100,0.0508,B,4293802,4858489,0,16:04:12.274
000931.SZ,09:34:11.510,93411510,4858495,5.08,500,0.254,B,4310259,4858489,0,16:04:12.274
000931.SZ,09:34:11.510,93411510,4858496,5.08,400,0.2032,B,4332866,4858489,0,16:04:12.274
000931.SZ,09:34:14.660,93414660,4890035,5.07,100,0.0507,S,4890034,4417482,0,16:04:12.855
000931.SZ,09:34:15.420,93415420,4898812,0.0,1900,0.0,?,4634176,0,0,16:04:12.964
000931.SZ,09:34:16.000,93416000,4905198,0.0,1000,0.0,?,4447377,0,0,16:04:13.193
000931.SZ,09:34:16.110,93416110,4906373,5.07,100,0.0507,S,4906372,4417482,0,16:04:13.193
000931.SZ,09:34:16.770,93416770,4915034,0.0,200,0.0,?,4635384,0,0,16:04:13.319
000931.SZ,09:34:18.450,93418450,4931868,5.08,700,0.3556,B,4332866,4931867,0,16:04:13.648
000931.SZ,09:34:18.450,93418450,4931869,5.08,500,0.254,B,4379311,4931867,0,16:04:13.648
000931.SZ,09:34:18.450,93418450,4931870,5.08,800,0.4064,B,4397759,4931867,0,16:04:13.648
000931.SZ,09:34:18.450,93418450,4931871,5.08,700,0.3556,B,4398839,4931867,0,16:04:13.648
000931.SZ,09:34:18.450,93418450,4931872,5.08,1200,0.6096,B,4399647,4931867,0,16:04:13.648
000931.SZ,09:34:18.450,93418450,4931873,5.08,600,0.3048,B,4399656,4931867,0,16:04:13.648
000931.SZ,09:34:18.450,93418450,4931874,5.08,300,0.1524,B,4441194,4931867,0,16:04:13.648
000931.SZ,09:34:18.450,93418450,4931875,5.08,1200,0.6096,B,4484043,4931867,0,16:04:13.648
000931.SZ,09:34:18.450,93418450,4931876,5.08,100,0.0508,B,4484062,4931867,0,16:04:13.648
000931.SZ,09:34:18.450,93418450,4931877,5.08,700,0.3556,B,4484286,4931867,0,16:04:13.648
000931.SZ,09:34:18.450,93418450,4931878,5.08,1400,0.7112,B,4484929,4931867,0,16:04:13.648
000931.SZ,09:34:18.450,93418450,4931879,5.08,300,0.1524,B,4485518,4931867,0,16:04:13.648
000931.SZ,09:34:18.450,93418450,4931880,5.08,600,0.3048,B,4520782,4931867,0,16:04:13.648
000931.SZ,09:34:18.450,93418450,4931881,5.08,200,0.1016,B,4539268,4931867,0,16:04:13.648
000931.SZ,09:34:18.450,93418450,4931882,5.08,1100,0.5588,B,4621067,4931867,0,16:04:13.648
000931.SZ,09:34:18.450,93418450,4931883,5.08,300,0.1524,B,4622801,4931867,0,16:04:13.648
000931.SZ,09:34:18.450,93418450,4931884,5.08,4900,2.4892,B,4626541,4931867,0,16:04:13.648
000931.SZ,09:34:18.450,93418450,4931885,5.08,4300,2.1844,B,4634126,4931867,0,16:04:13.648
000931.SZ,09:34:18.450,93418450,4931886,5.08,400,0.2032,B,4645964,4931867,0,16:04:13.648
000931.SZ,09:34:18.450,93418450,4931887,5.08,600,0.3048,B,4773936,4931867,0,16:04:13.648
000931.SZ,09:34:18.450,93418450,4931888,5.08,1000,0.508,B,4778563,4931867,0,16:04:13.648
000931.SZ,09:34:18.450,93418450,4931889,5.08,5400,2.7432,B,4800703,4931867,0,16:04:13.648
000931.SZ,09:34:18.450,93418450,4931890,5.08,200,0.1016,B,4824440,4931867,0,16:04:13.648
000931.SZ,09:34:18.450,93418450,4931891,5.08,600,0.3048,B,4831488,4931867,0,16:04:13.648
000931.SZ,09:34:18.450,93418450,4931892,5.08,1000,0.508,B,4864578,4931867,0,16:04:13.648
000931.SZ,09:34:18.450,93418450,4931893,5.08,400,0.2032,B,4869041,4931867,0,16:04:13.648
000931.SZ,09:34:18.450,93418450,4931894,5.08,400,0.2032,B,4904716,4931867,0,16:04:13.648
000931.SZ,09:34:18.450,93418450,4931895,5.08,800,0.4064,B,4905854,4931867,0,16:04:13.648
000931.SZ,09:34:18.460,93418460,4932014,5.08,500,0.254,B,4931985,4932013,0,16:04:13.648
000931.SZ,09:34:18.460,93418460,4932015,5.09,1200,0.6108,B,4028288,4932013,0,16:04:13.648
000931.SZ,09:34:18.470,93418470,4932161,0.0,100,0.0,?,0,4858603,0,16:04:13.648
000931.SZ,09:34:18.470,93418470,4932166,0.0,500,0.0,?,0,4890109,0,16:04:13.648
000931.SZ,09:34:18.480,93418480,4932239,5.08,500,0.254,S,4932238,4932083,0,16:04:13.648
000931.SZ,09:34:18.480,93418480,4932240,5.08,1100,0.5588,S,4932238,4932086,0,16:04:13.648
000931.SZ,09:34:19.990,93419990,4947804,5.08,100,0.0508,S,4947803,4932086,0,16:04:14.025
000931.SZ,09:34:19.990,93419990,4947805,5.08,100,0.0508,S,4947803,4932318,0,16:04:14.025
000931.SZ,09:34:19.990,93419990,4947806,5.07,400,0.2028,S,4947803,4417482,0,16:04:14.025
000931.SZ,09:34:24.100,93424100,4985045,0.0,800,0.0,?,4948969,0,0,16:04:14.633
000931.SZ,09:34:24.920,93424920,4992742,0.0,800,0.0,?,0,4822068,0,16:04:14.851
000931.SZ,09:34:24.920,93424920,4992752,0.0,300,0.0,?,0,4822054,0,16:04:14.851
000931.SZ,09:34:24.920,93424920,4992753,0.0,200,0.0,?,0,4811603,0,16:04:14.851
000931.SZ,09:34:24.920,93424920,4992775,0.0,200,0.0,?,0,4811595,0,16:04:14.851
000931.SZ,09:34:24.920,93424920,4992776,0.0,100,0.0,?,0,4800895,0,16:04:14.851
000931.SZ,09:34:24.920,93424920,4992777,0.0,200,0.0,?,0,4811611,0,16:04:14.851
000931.SZ,09:34:25.120,93425120,4994621,0.0,500,0.0,?,0,4824093,0,16:04:14.851
000931.SZ,09:34:25.120,93425120,4994622,0.0,1100,0.0,?,0,4813766,0,16:04:14.851
000931.SZ,09:34:25.120,93425120,4994629,0.0,300,0.0,?,0,4824094,0,16:04:14.851
000931.SZ,09:34:25.400,93425400,4997895,0.0,1100,0.0,?,0,4816747,0,16:04:14.945
000931.SZ,09:34:25.400,93425400,4997898,0.0,100,0.0,?,0,4784798,0,16:04:14.945
000931.SZ,09:34:25.410,93425410,4998016,0.0,2100,0.0,?,0,4816696,0,16:04:14.945
000931.SZ,09:34:25.420,93425420,4998076,0.0,200,0.0,?,0,4816767,0,16:04:14.945
000931.SZ,09:34:25.420,93425420,4998104,0.0,700,0.0,?,0,4826446,0,16:04:14.945
000931.SZ,09:34:25.440,93425440,4998474,5.08,900,0.4572,S,4998473,4948880,0,16:04:14.945
000931.SZ,09:34:25.630,93425630,5000283,0.0,500,0.0,?,0,4819306,0,16:04:14.945
000931.SZ,09:34:25.830,93425830,5002368,0.0,300,0.0,?,4094173,0,0,16:04:15.055
000931.SZ,09:34:25.920,93425920,5003129,5.09,300,0.1527,B,4028288,5003128,0,16:04:15.055
000931.SZ,09:34:25.920,93425920,5003147,5.09,200,0.1018,B,4028288,5003146,0,16:04:15.055
000931.SZ,09:34:25.920,93425920,5003151,5.09,800,0.4072,B,4028288,5003150,0,16:04:15.055
000931.SZ,09:34:25.920,93425920,5003211,5.09,100,0.0509,B,4028288,5003210,0,16:04:15.055
000931.SZ,09:34:25.930,93425930,5003214,5.09,200,0.1018,B,4028288,5003213,0,16:04:15.055
000931.SZ,09:34:25.930,93425930,5003220,0.0,700,0.0,?,0,4830776,0,16:04:15.055
000931.SZ,09:34:25.930,93425930,5003222,5.09,200,0.1018,B,4028288,5003221,0,16:04:15.055
000931.SZ,09:34:26.070,93426070,5004602,5.08,100,0.0508,S,5004601,4948880,0,16:04:15.055
000931.SZ,09:34:26.120,93426120,5005020,5.09,300,0.1527,B,4028288,5005019,0,16:04:15.055
000931.SZ,09:34:26.120,93426120,5005022,5.09,500,0.2545,B,4028288,5005021,0,16:04:15.055
000931.SZ,09:34:26.120,93426120,5005026,5.09,1000,0.509,B,4028288,5005025,0,16:04:15.055
000931.SZ,09:34:26.120,93426120,5005027,5.09,100,0.0509,B,4039733,5005025,0,16:04:15.055
000931.SZ,09:34:26.280,93426280,5006448,0.0,700,0.0,?,3881240,0,0,16:04:15.055
000931.SZ,09:34:26.410,93426410,5007572,5.09,100,0.0509,B,4039733,5007571,0,16:04:15.150
000931.SZ,09:34:26.410,93426410,5007573,5.09,500,0.2545,B,4047779,5007571,0,16:04:15.150
000931.SZ,09:34:26.410,93426410,5007574,5.09,100,0.0509,B,4150927,5007571,0,16:04:15.150
000931.SZ,09:34:26.410,93426410,5007578,5.09,200,0.1018,B,4150927,5007577,0,16:04:15.150
000931.SZ,09:34:26.410,93426410,5007579,5.09,300,0.1527,B,4155833,5007577,0,16:04:15.150
000931.SZ,09:34:26.410,93426410,5007580,5.09,800,0.4072,B,4165074,5007577,0,16:04:15.150
000931.SZ,09:34:26.410,93426410,5007581,5.09,600,0.3054,B,4166178,5007577,0,16:04:15.150
000931.SZ,09:34:26.410,93426410,5007582,5.09,200,0.1018,B,4168175,5007577,0,16:04:15.150
000931.SZ,09:34:26.410,93426410,5007586,5.09,100,0.0509,B,4168175,5007585,0,16:04:15.150
000931.SZ,09:34:26.410,93426410,5007587,5.09,100,0.0509,B,4172264,5007585,0,16:04:15.150
000931.SZ,09:34:26.410,93426410,5007589,5.09,900,0.4581,B,4172264,5007588,0,16:04:15.150
000931.SZ,09:34:26.410,93426410,5007590,5.09,200,0.1018,B,4192323,5007588,0,16:04:15.150
000931.SZ,09:34:26.410,93426410,5007594,5.09,100,0.0509,B,4192323,5007593,0,16:04:15.150
000931.SZ,09:34:26.630,93426630,5009383,5.09,400,0.2036,B,4192323,5009382,0,16:04:15.150
000931.SZ,09:34:26.630,93426630,5009384,5.09,100,0.0509,B,4220898,5009382,0,16:04:15.150
000931.SZ,09:34:26.910,93426910,5011556,5.09,600,0.3054,B,4220898,5011555,0,16:04:15.150
000931.SZ,09:34:26.910,93426910,5011557,5.09,100,0.0509,B,4244740,5011555,0,16:04:15.150
000931.SZ,09:34:27.100,93427100,5012971,5.08,500,0.254,S,5012970,4948959,0,16:04:15.242
000931.SZ,09:34:27.100,93427100,5012972,5.08,1100,0.5588,S,5012970,4965371,0,16:04:15.242
000931.SZ,09:34:27.100,93427100,5012973,5.08,3400,1.7272,S,5012970,4972591,0,16:04:15.242
000931.SZ,09:34:27.810,93427810,5019600,0.0,1300,0.0,?,0,4544113,0,16:04:15.378
000931.SZ,09:34:27.990,93427990,5021088,5.08,900,0.4572,S,5021087,4972591,0,16:04:15.378
000931.SZ,09:34:27.990,93427990,5021089,5.08,100,0.0508,S,5021087,4989096,0,16:04:15.378
000931.SZ,09:34:27.990,93427990,5021090,5.08,300,0.1524,S,5021087,4994213,0,16:04:15.378
000931.SZ,09:34:27.990,93427990,5021091,5.07,1200,0.6084,S,5021087,4417482,0,16:04:15.378
000931.SZ,09:34:28.960,93428960,5030868,0.0,100,0.0,?,0,4883685,0,16:04:15.630
000931.SZ,09:34:29.920,93429920,5039606,0.0,10000,0.0,?,0,4518198,0,16:04:15.801
000931.SZ,09:34:30.810,93430810,5049910,5.09,200,0.1018,B,4244740,5049909,0,16:04:15.913
000931.SZ,09:34:30.810,93430810,5049911,5.09,500,0.2545,B,4260319,5049909,0,16:04:15.913
000931.SZ,09:34:30.810,93430810,5049912,5.09,600,0.3054,B,4321097,5049909,0,16:04:15.913
000931.SZ,09:34:31.940,93431940,5062095,0.0,300,0.0,?,5003285,0,0,16:04:16.170
000931.SZ,09:34:32.040,93432040,5063319,5.08,100,0.0508,S,5063318,5021976,0,16:04:16.170
000931.SZ,09:34:33.090,93433090,5072546,5.08,900,0.4572,S,5072545,5021976,0,16:04:16.423
000931.SZ,09:34:33.090,93433090,5072547,5.08,100,0.0508,S,5072545,5030898,0,16:04:16.423
000931.SZ,09:34:33.090,93433090,5072548,5.08,1700,0.8636,S,5072545,5040341,0,16:04:16.423
000931.SZ,09:34:34.860,93434860,5089857,0.0,1000,0.0,?,0,1759631,0,16:04:16.707
000931.SZ,09:34:34.860,93434860,5089858,0.0,1100,0.0,?,0,1790306,0,16:04:16.707
000931.SZ,09:34:34.870,93434870,5089864,0.0,1000,0.0,?,0,1737841,0,16:04:16.707
000931.SZ,09:34:34.870,93434870,5089869,0.0,1000,0.0,?,0,1539732,0,16:04:16.707
000931.SZ,09:34:34.870,93434870,5089881,0.0,1000,0.0,?,0,1844335,0,16:04:16.707
000931.SZ,09:34:35.060,93435060,5091743,5.09,1400,0.7126,B,4321097,5091742,0,16:04:16.801
000931.SZ,09:34:35.060,93435060,5091744,5.09,300,0.1527,B,4324784,5091742,0,16:04:16.801
000931.SZ,09:34:35.060,93435060,5091745,5.09,1400,0.7126,B,4339270,5091742,0,16:04:16.801
000931.SZ,09:34:35.250,93435250,5093281,5.08,7000,3.556,S,5093280,5040341,0,16:04:16.801
000931.SZ,09:34:35.250,93435250,5093282,5.08,1700,0.8636,S,5093280,5043960,0,16:04:16.801
000931.SZ,09:34:35.250,93435250,5093283,5.08,100,0.0508,S,5093280,5043961,0,16:04:16.801
000931.SZ,09:34:35.250,93435250,5093284,5.08,100,0.0508,S,5093280,5043968,0,16:04:16.801
000931.SZ,09:34:35.250,93435250,5093285,5.08,1500,0.762,S,5093280,5048040,0,16:04:16.801
000931.SZ,09:34:35.250,93435250,5093286,5.07,1800,0.9126,S,5093280,4417482,0,16:04:16.801
000931.SZ,09:34:35.250,93435250,5093287,5.07,2800,1.4196,S,5093280,4417738,0,16:04:16.801
000931.SZ,09:34:35.250,93435250,5093288,5.07,1800,0.9126,S,5093280,4417811,0,16:04:16.801
000931.SZ,09:34:35.250,93435250,5093289,5.07,3100,1.5717,S,5093280,4421065,0,16:04:16.801
000931.SZ,09:34:35.250,93435250,5093290,5.07,10000,5.07,S,5093280,4422350,0,16:04:16.801
000931.SZ,09:34:35.250,93435250,5093291,5.07,700,0.3549,S,5093280,4423556,0,16:04:16.801
000931.SZ,09:34:35.250,93435250,5093292,5.07,1900,0.9633,S,5093280,4426105,0,16:04:16.801
000931.SZ,09:34:35.250,93435250,5093293,5.07,1200,0.6084,S,5093280,4427340,0,16:04:16.801
000931.SZ,09:34:35.250,93435250,5093294,5.07,1100,0.5577,S,5093280,4437634,0,16:04:16.801
000931.SZ,09:34:35.250,93435250,5093295,5.07,500,0.2535,S,5093280,4450539,0,16:04:16.801
000931.SZ,09:34:35.250,93435250,5093296,5.07,600,0.3042,S,5093280,4505488,0,16:04:16.801
000931.SZ,09:34:35.250,93435250,5093297,5.07,900,0.4563,S,5093280,4539094,0,16:04:16.801
000931.SZ,09:34:35.250,93435250,5093298,5.07,500,0.2535,S,5093280,4635280,0,16:04:16.801
000931.SZ,09:34:35.250,93435250,5093299,5.07,1000,0.507,S,5093280,4673816,0,16:04:16.801
000931.SZ,09:34:35.250,93435250,5093300,5.07,9800,4.9686,S,5093280,4770303,0,16:04:16.801
000931.SZ,09:34:35.250,93435250,5093301,5.07,7000,3.549,S,5093280,4791730,0,16:04:16.801
000931.SZ,09:34:35.250,93435250,5093302,5.07,5900,2.9913,S,5093280,4794621,0,16:04:16.801
000931.SZ,09:34:35.250,93435250,5093303,5.07,100,0.0507,S,5093280,4850229,0,16:04:16.801
000931.SZ,09:34:35.250,93435250,5093304,5.07,100,0.0507,S,5093280,4850266,0,16:04:16.801
000931.SZ,09:34:35.250,93435250,5093305,5.07,1400,0.7098,S,5093280,4929713,0,16:04:16.801
000931.SZ,09:34:35.250,93435250,5093306,5.07,200,0.1014,S,5093280,4959214,0,16:04:16.801
000931.SZ,09:34:35.250,93435250,5093307,5.07,1400,0.7098,S,5093280,4959215,0,16:04:16.801
000931.SZ,09:34:35.250,93435250,5093308,5.07,400,0.2028,S,5093280,4959216,0,16:04:16.801
000931.SZ,09:34:35.250,93435250,5093309,5.07,1600,0.8112,S,5093280,4959226,0,16:04:16.801
000931.SZ,09:34:35.250,93435250,5093310,5.06,300,0.1518,S,5093280,1671019,0,16:04:16.801
000931.SZ,09:34:35.250,93435250,5093311,5.06,400,0.2024,S,5093280,1671061,0,16:04:16.801
000931.SZ,09:34:35.250,93435250,5093312,5.06,300,0.1518,S,5093280,1671109,0,16:04:16.801
000931.SZ,09:34:35.250,93435250,5093313,5.06,100,0.0506,S,5093280,1671120,0,16:04:16.801
000931.SZ,09:34:35.250,93435250,5093314,5.06,400,0.2024,S,5093280,1671127,0,16:04:16.801
000931.SZ,09:34:35.250,93435250,5093315,5.06,200,0.1012,S,5093280,1671134,0,16:04:16.801
000931.SZ,09:34:35.250,93435250,5093316,5.06,100,0.0506,S,5093280,1671230,0,16:04:16.801
000931.SZ,09:34:35.250,93435250,5093317,5.06,100,0.0506,S,5093280,1671890,0,16:04:16.801
000931.SZ,09:34:35.250,93435250,5093318,5.06,100,0.0506,S,5093280,1680486,0,16:04:16.801
000931.SZ,09:34:35.250,93435250,5093319,5.06,100,0.0506,S,5093280,1743210,0,16:04:16.801
000931.SZ,09:34:35.250,93435250,5093320,5.06,200,0.1012,S,5093280,1773633,0,16:04:16.801
000931.SZ,09:34:35.270,93435270,5093468,0.0,500,0.0,?,2462619,0,0,16:04:16.801
000931.SZ,09:34:35.280,93435280,5093566,5.08,1100,0.5588,B,5093408,5093565,0,16:04:16.801
000931.SZ,09:34:35.280,93435280,5093567,5.08,100,0.0508,B,5093413,5093565,0,16:04:16.801
000931.SZ,09:34:35.280,93435280,5093568,5.08,200,0.1016,B,5093555,5093565,0,16:04:16.801
000931.SZ,09:34:35.280,93435280,5093569,5.09,600,0.3054,B,4339270,5093565,0,16:04:16.801
000931.SZ,09:34:36.330,93436330,5103064,0.0,73500,0.0,?,5093606,0,0,16:04:16.959
000931.SZ,09:34:36.800,93436800,5108010,0.0,59200,0.0,?,0,5093695,0,16:04:17.053
000931.SZ,09:34:36.850,93436850,5108371,0.0,59200,0.0,?,0,5094117,0,16:04:17.053
000931.SZ,09:34:36.860,93436860,5108414,0.0,59200,0.0,?,0,5094131,0,16:04:17.053
000931.SZ,09:34:37.190,93437190,5111613,5.08,100,0.0508,B,5111436,5111612,0,16:04:17.163
000931.SZ,09:34:39.300,93439300,5130949,0.0,100,0.0,?,5101658,0,0,16:04:17.578
000931.SZ,09:34:41.020,93441020,5147243,0.0,900,0.0,?,0,5108105,0,16:04:17.815
000931.SZ,09:34:42.320,93442320,5158698,0.0,600,0.0,?,5130955,0,0,16:04:18.036
000931.SZ,09:34:45.180,93445180,5184609,0.0,300,0.0,?,4434187,0,0,16:04:18.346
000931.SZ,09:34:45.200,93445200,5184722,0.0,3000,0.0,?,5159451,0,0,16:04:18.346
000931.SZ,09:34:46.890,93446890,5201187,0.0,200,0.0,?,5088686,0,0,16:04:18.464
000931.SZ,09:34:47.070,93447070,5202762,5.08,100,0.0508,B,5185772,5202761,0,16:04:18.507
000931.SZ,09:34:48.190,93448190,5212066,0.0,600,0.0,?,5185772,0,0,16:04:18.548
000931.SZ,09:34:48.210,93448210,5212340,0.0,800,0.0,?,4985963,0,0,16:04:18.548
000931.SZ,09:34:48.410,93448410,5214092,5.07,100,0.0507,S,5214091,5101668,0,16:04:18.548
000931.SZ,09:34:48.410,93448410,5214093,5.07,200,0.1014,S,5214091,5101700,0,16:04:18.548
000931.SZ,09:34:48.460,93448460,5214446,5.07,100,0.0507,S,5214445,5101700,0,16:04:18.548
000931.SZ,09:34:49.140,93449140,5221204,0.0,11200,0.0,?,215074,0,0,16:04:18.644
000931.SZ,09:34:51.220,93451220,5240298,0.0,100,0.0,?,0,5101700,0,16:04:18.782
000931.SZ,09:34:51.840,93451840,5245523,5.07,300,0.1521,S,5245522,5101746,0,16:04:18.782
000931.SZ,09:34:52.490,93452490,5251635,0.0,1500,0.0,?,4260322,0,0,16:04:18.848
000931.SZ,09:34:54.680,93454680,5271275,0.0,1000,0.0,?,0,1787688,0,16:04:18.969
000931.SZ,09:34:55.050,93455050,5274842,0.0,3800,0.0,?,0,1548959,0,16:04:19.056
000931.SZ,09:34:55.680,93455680,5282218,0.0,5000,0.0,?,4459259,0,0,16:04:19.165
000931.SZ,09:34:56.130,93456130,5286956,0.0,9600,0.0,?,5130563,0,0,16:04:19.165
000931.SZ,09:34:57.150,93457150,5295700,0.0,400,0.0,?,4869181,0,0,16:04:19.412
000931.SZ,09:34:57.180,93457180,5296085,0.0,400,0.0,?,4869176,0,0,16:04:19.412
000931.SZ,09:35:03.550,93503550,5362347,0.0,10000,0.0,?,5247072,0,0,16:04:20.695
000931.SZ,09:35:03.600,93503600,5363039,0.0,68600,0.0,?,0,3685270,0,16:04:20.695
000931.SZ,09:35:05.790,93505790,5385491,0.0,2100,0.0,?,5267233,0,0,16:04:21.259
000931.SZ,09:35:05.890,93505890,5386667,0.0,1100,0.0,?,5015631,0,0,16:04:21.259
000931.SZ,09:35:09.470,93509470,5421492,0.0,1300,0.0,?,0,5254654,0,16:04:21.964
000931.SZ,09:35:09.500,93509500,5421762,5.07,1500,0.7605,S,5421761,5101746,0,16:04:21.964
000931.SZ,09:35:09.500,93509500,5421763,5.07,100,0.0507,S,5421761,5101890,0,16:04:21.964
000931.SZ,09:35:09.500,93509500,5421764,5.07,100,0.0507,S,5421761,5102284,0,16:04:21.964
000931.SZ,09:35:09.500,93509500,5421765,5.07,700,0.3549,S,5421761,5102308,0,16:04:21.964
000931.SZ,09:35:09.500,93509500,5421766,5.07,4100,2.0787,S,5421761,5167201,0,16:04:21.964
000931.SZ,09:35:09.500,93509500,5421767,5.07,500,0.2535,S,5421761,5190813,0,16:04:21.964
000931.SZ,09:35:09.500,93509500,5421768,5.07,300,0.1521,S,5421761,5300505,0,16:04:21.964
000931.SZ,09:35:09.500,93509500,5421769,5.07,100,0.0507,S,5421761,5317935,0,16:04:21.964
000931.SZ,09:35:09.500,93509500,5421770,5.07,2200,1.1154,S,5421761,5341072,0,16:04:21.964
000931.SZ,09:35:11.080,93511080,5437862,5.08,400,0.2032,B,5212082,5437861,0,16:04:22.268
000931.SZ,09:35:11.080,93511080,5437863,5.08,400,0.2032,B,5212088,5437861,0,16:04:22.268
000931.SZ,09:35:11.080,93511080,5437864,5.08,500,0.254,B,5240297,5437861,0,16:04:22.268
000931.SZ,09:35:11.080,93511080,5437865,5.08,200,0.1016,B,5240481,5437861,0,16:04:22.268
000931.SZ,09:35:11.080,93511080,5437866,5.08,200,0.1016,B,5240486,5437861,0,16:04:22.268
000931.SZ,09:35:11.080,93511080,5437867,5.08,1000,0.508,B,5257061,5437861,0,16:04:22.268
000931.SZ,09:35:11.080,93511080,5437868,5.08,400,0.2032,B,5261520,5437861,0,16:04:22.268
000931.SZ,09:35:11.080,93511080,5437869,5.08,100,0.0508,B,5272977,5437861,0,16:04:22.268
000931.SZ,09:35:11.080,93511080,5437870,5.08,300,0.1524,B,5312222,5437861,0,16:04:22.268
000931.SZ,09:35:11.080,93511080,5437871,5.08,100,0.0508,B,5327217,5437861,0,16:04:22.268
000931.SZ,09:35:11.080,93511080,5437872,5.08,200,0.1016,B,5327965,5437861,0,16:04:22.268
000931.SZ,09:35:13.180,93513180,5458034,0.0,200,0.0,?,5312232,0,0,16:04:22.589
000931.SZ,09:35:13.180,93513180,5458038,0.0,300,0.0,?,5312228,0,0,16:04:22.589
000931.SZ,09:35:16.100,93516100,5489284,5.08,400,0.2032,B,5327965,5489283,0,16:04:23.164
000931.SZ,09:35:17.560,93517560,5505794,5.08,300,0.1524,B,5327965,5505793,0,16:04:23.434
000931.SZ,09:35:17.560,93517560,5505795,5.08,200,0.1016,B,5341212,5505793,0,16:04:23.434
000931.SZ,09:35:17.580,93517580,5506042,5.08,300,0.1524,B,5341212,5506041,0,16:04:23.434
000931.SZ,09:35:17.810,93517810,5508757,5.08,300,0.1524,B,5341212,5508756,0,16:04:23.512
000931.SZ,09:35:17.840,93517840,5509031,5.08,200,0.1016,B,5341212,5509030,0,16:04:23.512
000931.SZ,09:35:17.840,93517840,5509032,5.08,400,0.2032,B,5365026,5509030,0,16:04:23.512
000931.SZ,09:35:18.100,93518100,5511395,5.08,1000,0.508,B,5365026,5511394,0,16:04:23.512
000931.SZ,09:35:18.270,93518270,5513466,5.07,2400,1.2168,S,5513465,5341072,0,16:04:23.621
000931.SZ,09:35:18.350,93518350,5514246,5.08,300,0.1524,B,5365026,5514245,0,16:04:23.621
000931.SZ,09:35:18.350,93518350,5514247,5.08,300,0.1524,B,5367159,5514245,0,16:04:23.621
000931.SZ,09:35:18.350,93518350,5514276,5.08,1100,0.5588,B,5367159,5514275,0,16:04:23.621
000931.SZ,09:35:18.350,93518350,5514289,5.08,1400,0.7112,B,5367159,5514288,0,16:04:23.621
000931.SZ,09:35:20.000,93520000,5531300,5.07,600,0.3042,S,5531299,5341072,0,16:04:23.901
000931.SZ,09:35:24.290,93524290,5569412,5.08,100,0.0508,B,5367159,5569411,0,16:04:24.654
000931.SZ,09:35:25.670,93525670,5583204,5.07,700,0.3549,S,5583203,5341072,0,16:04:24.842
000931.SZ,09:35:25.670,93525670,5583205,5.07,300,0.1521,S,5583203,5374524,0,16:04:24.842
000931.SZ,09:35:25.670,93525670,5583206,5.07,4000,2.028,S,5583203,5441713,0,16:04:24.842
000931.SZ,09:35:33.270,93533270,5649731,0.0,700,0.0,?,0,1829682,0,16:04:26.146
000931.SZ,09:35:33.270,93533270,5649744,0.0,800,0.0,?,0,1829666,0,16:04:26.146
000931.SZ,09:35:41.710,93541710,5729036,5.07,2300,1.1661,S,5729035,5455700,0,16:04:27.627
000931.SZ,09:35:41.770,93541770,5729375,5.08,800,0.4064,B,5367159,5729374,0,16:04:27.627
000931.SZ,09:35:42.270,93542270,5734580,5.08,300,0.1524,B,5367159,5734579,0,16:04:27.702
000931.SZ,09:35:42.270,93542270,5734581,5.08,700,0.3556,B,5384009,5734579,0,16:04:27.702
000931.SZ,09:35:42.270,93542270,5734582,5.08,800,0.4064,B,5389330,5734579,0,16:04:27.702
000931.SZ,09:35:42.270,93542270,5734583,5.08,300,0.1524,B,5408359,5734579,0,16:04:27.869
000931.SZ,09:35:42.270,93542270,5734584,5.08,10000,5.08,B,5415955,5734579,0,16:04:27.869
000931.SZ,09:35:42.270,93542270,5734585,5.08,400,0.2032,B,5445205,5734579,0,16:04:27.869
000931.SZ,09:35:42.270,93542270,5734586,5.08,200,0.1016,B,5470662,5734579,0,16:04:27.869
000931.SZ,09:35:42.270,93542270,5734587,5.08,1700,0.8636,B,5475542,5734579,0,16:04:27.869
000931.SZ,09:35:42.270,93542270,5734588,5.08,300,0.1524,B,5511935,5734579,0,16:04:27.869
000931.SZ,09:35:42.270,93542270,5734589,5.08,300,0.1524,B,5570762,5734579,0,16:04:27.869
000931.SZ,09:35:42.270,93542270,5734590,5.08,200,0.1016,B,5598295,5734579,0,16:04:27.869
000931.SZ,09:35:42.270,93542270,5734591,5.08,3500,1.778,B,5624683,5734579,0,16:04:27.869
000931.SZ,09:35:42.270,93542270,5734592,5.08,200,0.1016,B,5624687,5734579,0,16:04:27.869
000931.SZ,09:35:42.270,93542270,5734593,5.08,800,0.4064,B,5624702,5734579,0,16:04:27.869
000931.SZ,09:35:42.270,93542270,5734594,5.08,200,0.1016,B,5668197,5734579,0,16:04:27.869
000931.SZ,09:35:42.270,93542270,5734595,5.08,100,0.0508,B,5672504,5734579,0,16:04:27.869
000931.SZ,09:35:42.270,93542270,5734596,5.08,1500,0.762,B,5687723,5734579,0,16:04:27.869
000931.SZ,09:35:42.270,93542270,5734597,5.08,100,0.0508,B,5688317,5734579,0,16:04:27.869
000931.SZ,09:35:43.910,93543910,5750790,5.08,300,0.1524,S,5750789,5738128,0,16:04:28.060
000931.SZ,09:35:43.910,93543910,5750824,0.0,3200,0.0,?,0,5738128,0,16:04:28.060
000931.SZ,09:35:44.180,93544180,5753154,0.0,100,0.0,?,5470668,0,0,16:04:28.136
000931.SZ,09:35:44.210,93544210,5753450,0.0,200,0.0,?,5470664,0,0,16:04:28.136
000931.SZ,09:35:44.670,93544670,5756987,0.0,500,0.0,?,5093492,0,0,16:04:28.213
000931.SZ,09:35:45.030,93545030,5759551,0.0,300,0.0,?,0,5731411,0,16:04:28.213
000931.SZ,09:35:45.030,93545030,5759563,0.0,600,0.0,?,0,5731485,0,16:04:28.213
000931.SZ,09:35:45.040,93545040,5759585,0.0,400,0.0,?,0,5733214,0,16:04:28.213
000931.SZ,09:35:45.040,93545040,5759650,0.0,300,0.0,?,0,5732271,0,16:04:28.213
000931.SZ,09:35:45.040,93545040,5759656,0.0,400,0.0,?,0,5732711,0,16:04:28.213
000931.SZ,09:35:45.050,93545050,5759673,0.0,300,0.0,?,0,5731556,0,16:04:28.213
000931.SZ,09:35:45.060,93545060,5759780,0.0,800,0.0,?,0,5731852,0,16:04:28.213
000931.SZ,09:35:45.060,93545060,5759787,0.0,400,0.0,?,0,5731788,0,16:04:28.213
000931.SZ,09:35:45.070,93545070,5759908,0.0,800,0.0,?,0,5733305,0,16:04:28.213
000931.SZ,09:35:45.140,93545140,5760339,0.0,300,0.0,?,0,5732943,0,16:04:28.213
000931.SZ,09:35:45.150,93545150,5760515,0.0,300,0.0,?,0,5731921,0,16:04:28.213
000931.SZ,09:35:46.030,93546030,5768350,0.0,800,0.0,?,0,5478418,0,16:04:28.368
000931.SZ,09:35:46.040,93546040,5768385,0.0,200,0.0,?,0,5512325,0,16:04:28.368
000931.SZ,09:35:46.040,93546040,5768388,0.0,1700,0.0,?,0,5478430,0,16:04:28.368
000931.SZ,09:35:46.040,93546040,5768391,0.0,100,0.0,?,0,5478706,0,16:04:28.368
000931.SZ,09:35:46.040,93546040,5768392,0.0,1900,0.0,?,0,5478707,0,16:04:28.368
000931.SZ,09:35:46.040,93546040,5768393,0.0,200,0.0,?,0,5512327,0,16:04:28.368
000931.SZ,09:35:46.040,93546040,5768394,0.0,2600,0.0,?,0,5478708,0,16:04:28.368
000931.SZ,09:35:51.790,93551790,5827080,0.0,11900,0.0,?,0,5501193,0,16:04:29.509
000931.SZ,09:35:54.710,93554710,5855477,0.0,500,0.0,?,4339270,0,0,16:04:29.959
000931.SZ,09:35:55.520,93555520,5864527,5.08,100,0.0508,S,5864526,5739491,0,16:04:30.078
000931.SZ,09:35:55.520,93555520,5864528,5.08,200,0.1016,S,5864526,5760111,0,16:04:30.078
000931.SZ,09:35:55.520,93555520,5864529,5.08,200,0.1016,S,5864526,5760807,0,16:04:30.078
000931.SZ,09:35:57.150,93557150,5878948,0.0,800,0.0,?,0,5760924,0,16:04:30.420
000931.SZ,09:35:57.150,93557150,5878956,5.08,300,0.1524,S,5878955,5761019,0,16:04:30.420
000931.SZ,09:35:57.150,93557150,5878957,5.08,400,0.2032,S,5878955,5761047,0,16:04:30.420
000931.SZ,09:35:57.150,93557150,5878958,5.08,700,0.3556,S,5878955,5761048,0,16:04:30.420
000931.SZ,09:35:57.160,93557160,5878999,5.09,100,0.0509,B,4378671,5878998,0,16:04:30.420
000931.SZ,09:35:57.160,93557160,5879000,5.09,500,0.2545,B,4395210,5878998,0,16:04:30.420
000931.SZ,09:35:57.160,93557160,5879001,5.09,100,0.0509,B,4792256,5878998,0,16:04:30.420
000931.SZ,09:35:57.160,93557160,5879002,5.09,200,0.1018,B,4932369,5878998,0,16:04:30.420
000931.SZ,09:35:57.160,93557160,5879003,5.09,1000,0.509,B,5091793,5878998,0,16:04:30.420
000931.SZ,09:35:57.310,93557310,5880646,0.0,300,0.0,?,5091793,0,0,16:04:30.420
000931.SZ,09:35:57.310,93557310,5880648,0.0,1800,0.0,?,5093371,0,0,16:04:30.420
000931.SZ,09:35:57.390,93557390,5881347,5.09,100,0.0509,B,5147195,5881346,0,16:04:30.420
000931.SZ,09:35:57.400,93557400,5881398,5.09,100,0.0509,B,5147195,5881397,0,16:04:30.420
000931.SZ,09:35:57.430,93557430,5881767,5.09,100,0.0509,B,5147195,5881766,0,16:04:30.420
000931.SZ,09:35:57.450,93557450,5881910,5.09,100,0.0509,B,5147195,5881909,0,16:04:30.420
000931.SZ,09:35:57.980,93557980,5887783,0.0,5200,0.0,?,0,5093780,0,16:04:30.513
000931.SZ,09:35:58.020,93558020,5888182,0.0,1500,0.0,?,0,5093738,0,16:04:30.513
000931.SZ,09:35:58.020,93558020,5888190,5.09,700,0.3563,B,5156056,5888189,0,16:04:30.513
000931.SZ,09:35:58.020,93558020,5888191,5.09,1300,0.6617,B,5208065,5888189,0,16:04:30.513
000931.SZ,09:35:58.020,93558020,5888192,5.09,400,0.2036,B,5255320,5888189,0,16:04:30.513
000931.SZ,09:35:58.020,93558020,5888193,5.09,300,0.1527,B,5325736,5888189,0,16:04:30.513
000931.SZ,09:35:58.020,93558020,5888194,5.09,300,0.1527,B,5389287,5888189,0,16:04:30.513
000931.SZ,09:35:58.020,93558020,5888195,5.09,100,0.0509,B,5762947,5888189,0,16:04:30.513
000931.SZ,09:35:58.020,93558020,5888196,5.09,300,0.1527,B,5812822,5888189,0,16:04:30.513
000931.SZ,09:35:58.020,93558020,5888197,5.09,900,0.4581,B,5824515,5888189,0,16:04:30.513
000931.SZ,09:35:58.130,93558130,5889383,0.0,800,0.0,?,0,5667936,0,16:04:30.591
000931.SZ,09:35:58.130,93558130,5889443,0.0,500,0.0,?,0,1773633,0,16:04:30.591
000931.SZ,09:36:00.050,93600050,5905437,0.0,400,0.0,?,0,5762154,0,16:04:30.905
000931.SZ,09:36:00.050,93600050,5905438,0.0,300,0.0,?,0,5762155,0,16:04:30.905
000931.SZ,09:36:00.050,93600050,5905520,0.0,600,0.0,?,0,5762213,0,16:04:30.905
000931.SZ,09:36:00.050,93600050,5905521,0.0,300,0.0,?,0,5762214,0,16:04:30.905
000931.SZ,09:36:00.060,93600060,5905539,0.0,300,0.0,?,0,5762267,0,16:04:30.905
000931.SZ,09:36:00.080,93600080,5905902,0.0,300,0.0,?,0,5762529,0,16:04:30.905
000931.SZ,09:36:00.150,93600150,5906499,0.0,100,0.0,?,5763136,0,0,16:04:30.905
000931.SZ,09:36:00.260,93600260,5907791,0.0,100,0.0,?,5762949,0,0,16:04:30.905
000931.SZ,09:36:00.430,93600430,5909360,0.0,300,0.0,?,0,5698887,0,16:04:30.905
000931.SZ,09:36:00.980,93600980,5918506,0.0,100,0.0,?,0,5455700,0,16:04:31.201
000931.SZ,09:36:01.110,93601110,5920416,0.0,1400,0.0,?,0,5457333,0,16:04:31.311
000931.SZ,09:36:01.110,93601110,5920425,0.0,100,0.0,?,0,5457343,0,16:04:31.311
000931.SZ,09:36:04.970,93604970,5970639,0.0,300,0.0,?,3896137,0,0,16:04:32.200
000931.SZ,09:36:05.050,93605050,5971648,0.0,100,0.0,?,0,4368134,0,16:04:32.200
000931.SZ,09:36:09.670,93609670,6029851,0.0,3000,0.0,?,0,1228400,0,16:04:33.276
000931.SZ,09:36:09.840,93609840,6031821,5.09,600,0.3054,S,6031820,5888189,0,16:04:33.276
000931.SZ,09:36:09.840,93609840,6031822,5.09,1500,0.7635,S,6031820,5888673,0,16:04:33.276
000931.SZ,09:36:09.840,93609840,6031823,5.09,100,0.0509,S,6031820,5889445,0,16:04:33.276
000931.SZ,09:36:09.840,93609840,6031824,5.09,100,0.0509,S,6031820,5893307,0,16:04:33.276
000931.SZ,09:36:09.840,93609840,6031825,5.09,800,0.4072,S,6031820,5898585,0,16:04:33.276
000931.SZ,09:36:09.840,93609840,6031826,5.09,300,0.1527,S,6031820,5906167,0,16:04:33.276
000931.SZ,09:36:09.840,93609840,6031827,5.09,600,0.3054,S,6031820,5906183,0,16:04:33.276
000931.SZ,09:36:09.840,93609840,6031828,5.09,300,0.1527,S,6031820,5906208,0,16:04:33.276
000931.SZ,09:36:09.840,93609840,6031829,5.09,400,0.2036,S,6031820,5906215,0,16:04:33.276
000931.SZ,09:36:09.840,93609840,6031830,5.09,300,0.1527,S,6031820,5906259,0,16:04:33.276
000931.SZ,09:36:09.840,93609840,6031831,5.09,300,0.1527,S,6031820,5906279,0,16:04:33.276
000931.SZ,09:36:09.840,93609840,6031832,5.09,6300,3.2067,S,6031820,5906314,0,16:04:33.276
000931.SZ,09:36:10.390,93610390,6038102,0.0,10000,0.0,?,4516636,0,0,16:04:33.381
000931.SZ,09:36:10.410,93610410,6038394,0.0,100,0.0,?,0,5700085,0,16:04:33.381
000931.SZ,09:36:11.850,93611850,6055680,0.0,1300,0.0,?,0,5620702,0,16:04:33.745
000931.SZ,09:36:12.500,93612500,6064183,5.1,100,0.051,B,3467371,6064182,0,16:04:33.885
000931.SZ,09:36:13.030,93613030,6069882,0.0,800,0.0,?,0,5787727,0,16:04:33.985
000931.SZ,09:36:13.030,93613030,6069920,0.0,200,0.0,?,0,5787734,0,16:04:33.985
000931.SZ,09:36:13.030,93613030,6069926,0.0,200,0.0,?,0,5787742,0,16:04:33.985
000931.SZ,09:36:13.030,93613030,6069929,0.0,1700,0.0,?,0,5787735,0,16:04:33.985
000931.SZ,09:36:13.030,93613030,6069934,0.0,100,0.0,?,0,5787743,0,16:04:33.985
000931.SZ,09:36:13.030,93613030,6069937,0.0,1900,0.0,?,0,5787748,0,16:04:33.985
000931.SZ,09:36:13.080,93613080,6070362,5.1,2900,1.479,B,3467371,6070361,0,16:04:33.985
000931.SZ,09:36:15.280,93615280,6093863,5.1,300,0.153,B,3467371,6093862,0,16:04:34.357
000931.SZ,09:36:15.290,93615290,6094003,5.1,800,0.408,B,3467371,6094002,0,16:04:34.357
000931.SZ,09:36:15.290,93615290,6094005,5.1,700,0.357,B,3467371,6094004,0,16:04:34.357
000931.SZ,09:36:18.190,93618190,6125825,0.0,400,0.0,?,0,5850277,0,16:04:35.040
000931.SZ,09:36:19.990,93619990,6147517,5.09,600,0.3054,S,6147516,5906314,0,16:04:35.426
000931.SZ,09:36:21.710,93621710,6166581,5.09,1600,0.8144,S,6166580,5906314,0,16:04:35.676
000931.SZ,09:36:21.980,93621980,6169466,0.0,600,0.0,?,0,5701304,0,16:04:35.849
000931.SZ,09:36:24.990,93624990,6199839,5.1,15600,7.956,B,3467371,6199838,0,16:04:36.351
000931.SZ,09:36:25.540,93625540,6205440,5.1,300,0.153,B,3467371,6205439,0,16:04:36.471
000931.SZ,09:36:26.190,93626190,6211996,5.1,2000,1.02,B,3467371,6211995,0,16:04:36.597
000931.SZ,09:36:26.200,93626200,6212078,5.1,900,0.459,B,3467371,6212077,0,16:04:36.597
000931.SZ,09:36:26.500,93626500,6215157,5.1,3232,1.6483,B,3467371,6215156,0,16:04:36.738
000931.SZ,09:36:26.500,93626500,6215158,5.1,200,0.102,B,3770433,6215156,0,16:04:36.738
000931.SZ,09:36:26.500,93626500,6215159,5.1,200,0.102,B,3790117,6215156,0,16:04:36.738
000931.SZ,09:36:26.500,93626500,6215160,5.1,100,0.051,B,3975509,6215156,0,16:04:36.738
000931.SZ,09:36:26.500,93626500,6215161,5.1,1200,0.612,B,3975523,6215156,0,16:04:36.738
000931.SZ,09:36:26.500,93626500,6215162,5.1,1268,0.6466,B,3981592,6215156,0,16:04:36.738
000931.SZ,09:36:26.540,93626540,6215439,5.1,2300,1.173,B,3981592,6215438,0,16:04:36.738
000931.SZ,09:36:26.640,93626640,6216270,5.1,1200,0.612,B,3981592,6216269,0,16:04:36.738
000931.SZ,09:36:26.820,93626820,6217823,5.1,400,0.204,B,3981592,6217822,0,16:04:36.738
000931.SZ,09:36:27.170,93627170,6220749,5.1,200,0.102,B,3981592,6220748,0,16:04:36.738
000931.SZ,09:36:27.180,93627180,6220758,5.1,2000,1.02,B,3981592,6220757,0,16:04:36.738
000931.SZ,09:36:27.180,93627180,6220801,5.1,100,0.051,B,3981592,6220800,0,16:04:36.738
000931.SZ,09:36:27.200,93627200,6221037,5.1,1300,0.663,B,3981592,6221036,0,16:04:36.738
000931.SZ,09:36:29.310,93629310,6241522,0.0,100,0.0,?,0,5968491,0,16:04:37.148
000931.SZ,09:36:29.310,93629310,6241530,5.09,2400,1.2216,S,6241529,5906314,0,16:04:37.148
000931.SZ,09:36:35.030,93635030,6297582,5.1,1232,0.6283,B,3981592,6297581,0,16:04:38.267
000931.SZ,09:36:35.030,93635030,6297583,5.1,200,0.102,B,4049493,6297581,0,16:04:38.267
000931.SZ,09:36:35.030,93635030,6297584,5.1,400,0.204,B,4057650,6297581,0,16:04:38.267
000931.SZ,09:36:35.030,93635030,6297585,5.1,3168,1.6156,B,4133284,6297581,0,16:04:38.267
000931.SZ,09:36:35.500,93635500,6302585,5.1,500,0.255,B,4133284,6302584,0,16:04:38.267
000931.SZ,09:36:42.430,93642430,6370490,5.09,700,0.3563,S,6370489,5906314,0,16:04:39.637
000931.SZ,09:36:42.430,93642430,6370492,5.09,900,0.4581,S,6370491,5906314,0,16:04:39.637
000931.SZ,09:36:42.450,93642450,6370627,0.0,1500,0.0,?,0,5906314,0,16:04:39.637
000931.SZ,09:36:42.470,93642470,6370884,5.09,100,0.0509,S,6370883,5910400,0,16:04:39.637
000931.SZ,09:36:42.470,93642470,6370885,5.09,100,0.0509,S,6370883,5913339,0,16:04:39.637
000931.SZ,09:36:42.470,93642470,6370886,5.09,300,0.1527,S,6370883,5925923,0,16:04:39.637
000931.SZ,09:36:42.470,93642470,6370887,5.09,1400,0.7126,S,6370883,5935560,0,16:04:39.637
000931.SZ,09:36:42.470,93642470,6370888,5.09,100,0.0509,S,6370883,5935563,0,16:04:39.637
000931.SZ,09:36:42.470,93642470,6370889,5.09,200,0.1018,S,6370883,5945893,0,16:04:39.637
000931.SZ,09:36:42.470,93642470,6370890,5.09,800,0.4072,S,6370883,5954735,0,16:04:39.637
000931.SZ,09:36:42.470,93642470,6370891,5.09,100,0.0509,S,6370883,5957436,0,16:04:39.637
000931.SZ,09:36:42.470,93642470,6370892,5.09,100,0.0509,S,6370883,5968432,0,16:04:39.637
000931.SZ,09:36:42.470,93642470,6370893,5.09,100,0.0509,S,6370883,5968550,0,16:04:39.637
000931.SZ,09:36:42.470,93642470,6370894,5.09,5000,2.545,S,6370883,5970034,0,16:04:39.637
000931.SZ,09:36:42.470,93642470,6370895,5.09,100,0.0509,S,6370883,5970408,0,16:04:39.637
000931.SZ,09:36:42.470,93642470,6370896,5.09,100,0.0509,S,6370883,5973119,0,16:04:39.637
000931.SZ,09:36:42.470,93642470,6370897,5.09,300,0.1527,S,6370883,5978843,0,16:04:39.637
000931.SZ,09:36:42.470,93642470,6370898,5.09,1400,0.7126,S,6370883,5992978,0,16:04:39.637
000931.SZ,09:36:42.470,93642470,6370899,5.09,2600,1.3234,S,6370883,6025068,0,16:04:39.637
000931.SZ,09:36:42.470,93642470,6370900,5.09,600,0.3054,S,6370883,6067449,0,16:04:39.637
000931.SZ,09:36:42.470,93642470,6370902,5.09,100,0.0509,S,6370901,6067449,0,16:04:39.637
000931.SZ,09:36:42.470,93642470,6370903,5.09,200,0.1018,S,6370901,6085445,0,16:04:39.637
000931.SZ,09:36:42.470,93642470,6370904,5.09,200,0.1018,S,6370901,6085453,0,16:04:39.637
000931.SZ,09:36:42.470,93642470,6370905,5.09,100,0.0509,S,6370901,6085460,0,16:04:39.637
000931.SZ,09:36:42.470,93642470,6370906,5.09,100,0.0509,S,6370901,6091983,0,16:04:39.637
000931.SZ,09:36:42.470,93642470,6370907,5.09,400,0.2036,S,6370901,6161174,0,16:04:39.637
000931.SZ,09:36:42.470,93642470,6370908,5.09,1700,0.8653,S,6370901,6161179,0,16:04:39.637
000931.SZ,09:36:42.470,93642470,6370909,5.09,200,0.1018,S,6370901,6161180,0,16:04:39.637
000931.SZ,09:36:42.470,93642470,6370910,5.09,800,0.4072,S,6370901,6161181,0,16:04:39.637
000931.SZ,09:36:42.470,93642470,6370911,5.09,200,0.1018,S,6370901,6161182,0,16:04:39.637
000931.SZ,09:36:42.470,93642470,6370912,5.09,100,0.0509,S,6370901,6161183,0,16:04:39.637
000931.SZ,09:36:42.470,93642470,6370913,5.09,1900,0.9671,S,6370901,6161185,0,16:04:39.637
000931.SZ,09:36:42.470,93642470,6370914,5.09,100,0.0509,S,6370901,6165730,0,16:04:39.637
000931.SZ,09:36:42.470,93642470,6370915,5.09,100,0.0509,S,6370901,6172812,0,16:04:39.637
000931.SZ,09:36:42.470,93642470,6370916,5.09,100,0.0509,S,6370901,6175013,0,16:04:39.637
000931.SZ,09:36:42.470,93642470,6370917,5.09,800,0.4072,S,6370901,6181656,0,16:04:39.637
000931.SZ,09:36:42.470,93642470,6370918,5.09,100,0.0509,S,6370901,6184045,0,16:04:39.637
000931.SZ,09:36:42.470,93642470,6370919,5.09,100,0.0509,S,6370901,6186782,0,16:04:39.637
000931.SZ,09:36:42.470,93642470,6370920,5.09,1000,0.509,S,6370901,6200889,0,16:04:39.637
000931.SZ,09:36:42.470,93642470,6370921,5.09,1800,0.9162,S,6370901,6206124,0,16:04:39.637
000931.SZ,09:36:42.470,93642470,6370922,5.09,3400,1.7306,S,6370901,6210877,0,16:04:39.637
000931.SZ,09:36:42.470,93642470,6370923,5.09,100,0.0509,S,6370901,6248855,0,16:04:39.637
000931.SZ,09:36:42.480,93642480,6370944,5.09,1300,0.6617,S,6370943,6248855,0,16:04:39.637
000931.SZ,09:36:42.480,93642480,6370975,5.09,100,0.0509,S,6370974,6248855,0,16:04:39.637
000931.SZ,09:36:42.480,93642480,6370988,5.09,300,0.1527,S,6370987,6249702,0,16:04:39.637
000931.SZ,09:36:42.480,93642480,6370995,5.09,400,0.2036,S,6370994,6249702,0,16:04:39.637
000931.SZ,09:36:42.490,93642490,6371079,5.09,100,0.0509,S,6371078,6249702,0,16:04:39.637
000931.SZ,09:36:42.490,93642490,6371080,5.09,100,0.0509,S,6371078,6255125,0,16:04:39.637
000931.SZ,09:36:42.490,93642490,6371085,5.09,400,0.2036,S,6371084,6271455,0,16:04:39.637
000931.SZ,09:36:42.490,93642490,6371086,5.09,200,0.1018,S,6371084,6273884,0,16:04:39.637
000931.SZ,09:36:42.490,93642490,6371087,5.09,300,0.1527,S,6371084,6282102,0,16:04:39.637
000931.SZ,09:36:42.730,93642730,6373239,5.09,200,0.1018,S,6373238,6282102,0,16:04:39.637
000931.SZ,09:36:42.730,93642730,6373240,5.09,500,0.2545,S,6373238,6282327,0,16:04:39.637
000931.SZ,09:36:42.730,93642730,6373241,5.09,1000,0.509,S,6373238,6282343,0,16:04:39.637
000931.SZ,09:36:42.730,93642730,6373242,5.09,1400,0.7126,S,6373238,6282347,0,16:04:39.637
000931.SZ,09:36:42.730,93642730,6373279,5.09,400,0.2036,S,6373278,6282347,0,16:04:39.637
000931.SZ,09:36:42.730,93642730,6373283,5.09,1300,0.6617,S,6373282,6282347,0,16:04:39.637
000931.SZ,09:36:42.800,93642800,6373760,0.0,300,0.0,?,6212387,0,0,16:04:39.637
000931.SZ,09:36:43.480,93643480,6381154,0.0,500,0.0,?,6370718,0,0,16:04:39.808
000931.SZ,09:36:43.480,93643480,6381157,0.0,26500,0.0,?,6370721,0,0,16:04:39.808
000931.SZ,09:36:43.520,93643520,6381568,0.0,1500,0.0,?,6370996,0,0,16:04:39.808
000931.SZ,09:36:44.050,93644050,6385982,0.0,200,0.0,?,5091646,0,0,16:04:39.936
000931.SZ,09:36:44.150,93644150,6386647,5.08,100,0.0508,S,6386646,5761048,0,16:04:39.936
000931.SZ,09:36:44.230,93644230,6387170,5.09,400,0.2036,B,6373282,6387169,0,16:04:39.936
000931.SZ,09:36:44.230,93644230,6387171,5.09,1800,0.9162,B,6373312,6387169,0,16:04:39.936
000931.SZ,09:36:44.230,93644230,6387172,5.09,100,0.0509,B,6373514,6387169,0,16:04:39.936
000931.SZ,09:36:44.230,93644230,6387173,5.09,300,0.1527,B,6380966,6387169,0,16:04:39.936
000931.SZ,09:36:44.230,93644230,6387192,5.09,1000,0.509,S,6387191,6387169,0,16:04:39.936
000931.SZ,09:36:44.270,93644270,6387441,0.0,100,0.0,?,0,5810765,0,16:04:39.936
000931.SZ,09:36:44.600,93644600,6390009,5.09,100,0.0509,B,6389626,6390008,0,16:04:39.936
000931.SZ,09:36:44.940,93644940,6392729,5.09,300,0.1527,B,6389626,6392728,0,16:04:40.060
000931.SZ,09:36:47.090,93647090,6412180,5.09,100,0.0509,B,6389626,6412179,0,16:04:40.442
000931.SZ,09:36:47.870,93647870,6418838,0.0,17600,0.0,?,0,5881504,0,16:04:40.542
000931.SZ,09:36:48.360,93648360,6423047,0.0,100,0.0,?,6412705,0,0,16:04:40.681
000931.SZ,09:36:48.460,93648460,6424054,0.0,300,0.0,?,5041911,0,0,16:04:40.681
000931.SZ,09:36:48.940,93648940,6428944,0.0,1000,0.0,?,5764586,0,0,16:04:40.681
000931.SZ,09:36:49.300,93649300,6432487,0.0,500,0.0,?,6237950,0,0,16:04:40.807
000931.SZ,09:36:49.880,93649880,6438976,0.0,200,0.0,?,5060176,0,0,16:04:40.917
000931.SZ,09:36:50.600,93650600,6445123,0.0,100,0.0,?,5045984,0,0,16:04:41.041
000931.SZ,09:36:50.750,93650750,6446206,0.0,500,0.0,?,0,5209082,0,16:04:41.041
000931.SZ,09:36:52.470,93652470,6463030,0.0,34100,0.0,?,0,6070012,0,16:04:41.436
000931.SZ,09:36:57.460,93657460,6511853,0.0,34100,0.0,?,0,5874419,0,16:04:42.214
000931.SZ,09:36:57.550,93657550,6512988,0.0,75000,0.0,?,0,4082998,0,16:04:42.341
000931.SZ,09:37:00.090,93700090,6534702,0.0,100,0.0,?,6093816,0,0,16:04:42.631
000931.SZ,09:37:00.090,93700090,6534757,5.09,100,0.0509,B,6394681,6534756,0,16:04:42.631
000931.SZ,09:37:00.220,93700220,6535920,0.0,100,0.0,?,6094688,0,0,16:04:42.803
000931.SZ,09:37:02.560,93702560,6559827,5.08,100,0.0508,S,6559826,5762096,0,16:04:43.258
000931.SZ,09:37:04.630,93704630,6580713,0.0,400,0.0,?,2539462,0,0,16:04:43.680
000931.SZ,09:37:06.070,93706070,6596526,0.0,300,0.0,?,0,5762096,0,16:04:43.912
000931.SZ,09:37:09.200,93709200,6624709,5.08,1000,0.508,S,6624708,5767037,0,16:04:44.429
000931.SZ,09:37:09.200,93709200,6624710,5.08,100,0.0508,S,6624708,5769113,0,16:04:44.429
000931.SZ,09:37:09.200,93709200,6624711,5.08,800,0.4064,S,6624708,5769601,0,16:04:44.429
000931.SZ,09:37:09.200,93709200,6624712,5.08,1600,0.8128,S,6624708,5771711,0,16:04:44.429
000931.SZ,09:37:09.200,93709200,6624713,5.08,800,0.4064,S,6624708,5771745,0,16:04:44.526
000931.SZ,09:37:09.200,93709200,6624714,5.08,400,0.2032,S,6624708,5784898,0,16:04:44.526
000931.SZ,09:37:09.200,93709200,6624715,5.08,100,0.0508,S,6624708,5815602,0,16:04:44.526
000931.SZ,09:37:09.200,93709200,6624716,5.08,100,0.0508,S,6624708,5849400,0,16:04:44.526
000931.SZ,09:37:09.200,93709200,6624717,5.08,100,0.0508,S,6624708,5856195,0,16:04:44.526
000931.SZ,09:37:09.200,93709200,6624718,5.08,100,0.0508,S,6624708,5856545,0,16:04:44.526
000931.SZ,09:37:09.200,93709200,6624719,5.08,100,0.0508,S,6624708,5857041,0,16:04:44.526
000931.SZ,09:37:09.200,93709200,6624720,5.08,100,0.0508,S,6624708,5880239,0,16:04:44.526
000931.SZ,09:37:09.200,93709200,6624721,5.08,100,0.0508,S,6624708,5880301,0,16:04:44.526
000931.SZ,09:37:09.200,93709200,6624722,5.08,100,0.0508,S,6624708,5880324,0,16:04:44.526
000931.SZ,09:37:09.200,93709200,6624723,5.08,100,0.0508,S,6624708,5880381,0,16:04:44.526
000931.SZ,09:37:09.200,93709200,6624724,5.08,100,0.0508,S,6624708,5880477,0,16:04:44.526
000931.SZ,09:37:09.200,93709200,6624725,5.08,100,0.0508,S,6624708,5880525,0,16:04:44.526
000931.SZ,09:37:09.200,93709200,6624726,5.08,100,0.0508,S,6624708,5880614,0,16:04:44.526
000931.SZ,09:37:09.200,93709200,6624727,5.08,100,0.0508,S,6624708,5880641,0,16:04:44.526
000931.SZ,09:37:09.200,93709200,6624728,5.08,100,0.0508,S,6624708,5880772,0,16:04:44.526
000931.SZ,09:37:09.200,93709200,6624729,5.08,200,0.1016,S,6624708,5880794,0,16:04:44.526
000931.SZ,09:37:09.200,93709200,6624730,5.08,100,0.0508,S,6624708,5880865,0,16:04:44.526
000931.SZ,09:37:09.200,93709200,6624731,5.08,100,0.0508,S,6624708,5880872,0,16:04:44.526
000931.SZ,09:37:09.200,93709200,6624732,5.08,100,0.0508,S,6624708,5881092,0,16:04:44.526
000931.SZ,09:37:09.200,93709200,6624733,5.08,100,0.0508,S,6624708,5881262,0,16:04:44.526
000931.SZ,09:37:09.200,93709200,6624734,5.08,100,0.0508,S,6624708,5881313,0,16:04:44.526
000931.SZ,09:37:09.200,93709200,6624735,5.08,100,0.0508,S,6624708,5881316,0,16:04:44.526
000931.SZ,09:37:09.200,93709200,6624736,5.08,100,0.0508,S,6624708,5881457,0,16:04:44.526
000931.SZ,09:37:09.200,93709200,6624737,5.08,100,0.0508,S,6624708,5881489,0,16:04:44.526
000931.SZ,09:37:09.200,93709200,6624738,5.08,100,0.0508,S,6624708,5881511,0,16:04:44.526
000931.SZ,09:37:09.200,93709200,6624739,5.08,100,0.0508,S,6624708,5881629,0,16:04:44.526
000931.SZ,09:37:09.200,93709200,6624740,5.08,100,0.0508,S,6624708,5971695,0,16:04:44.526
000931.SZ,09:37:09.200,93709200,6624741,5.08,1100,0.5588,S,6624708,6244866,0,16:04:44.526
000931.SZ,09:37:09.200,93709200,6624742,5.08,200,0.1016,S,6624708,6316690,0,16:04:44.526
000931.SZ,09:37:09.200,93709200,6624743,5.08,11000,5.588,S,6624708,6489444,0,16:04:44.526
000931.SZ,09:37:09.200,93709200,6624744,5.08,100,0.0508,S,6624708,6546057,0,16:04:44.526
000931.SZ,09:37:09.200,93709200,6624745,5.08,1100,0.5588,S,6624708,6567066,0,16:04:44.526
000931.SZ,09:37:09.200,93709200,6624746,5.08,100,0.0508,S,6624708,6586050,0,16:04:44.526
000931.SZ,09:37:09.200,93709200,6624747,5.08,400,0.2032,S,6624708,6591972,0,16:04:44.526
000931.SZ,09:37:09.200,93709200,6624748,5.08,100,0.0508,S,6624708,6607888,0,16:04:44.526
000931.SZ,09:37:09.210,93709210,6624866,5.08,8500,4.318,B,6624708,6624865,0,16:04:44.526
000931.SZ,09:37:09.680,93709680,6628802,5.08,100,0.0508,S,6628801,6624892,0,16:04:44.526
000931.SZ,09:37:12.100,93712100,6648456,0.0,300,0.0,?,6624852,0,0,16:04:45.006
000931.SZ,09:37:12.100,93712100,6648465,0.0,500,0.0,?,6624864,0,0,16:04:45.006
000931.SZ,09:37:14.620,93714620,6671184,0.0,300,0.0,?,6389492,0,0,16:04:45.460
000931.SZ,09:37:16.300,93716300,6686652,0.0,1900,0.0,?,6674020,0,0,16:04:45.675
000931.SZ,09:37:16.620,93716620,6689592,5.08,200,0.1016,S,6689591,6625345,0,16:04:45.766
000931.SZ,09:37:16.620,93716620,6689593,5.08,100,0.0508,S,6689591,6655442,0,16:04:45.766
000931.SZ,09:37:18.330,93718330,6704431,5.07,900,0.4563,S,6704430,5464092,0,16:04:46.081
000931.SZ,09:37:18.330,93718330,6704432,5.07,100,0.0507,S,6704430,5469208,0,16:04:46.081
000931.SZ,09:37:18.330,93718330,6704433,5.07,400,0.2028,S,6704430,5494072,0,16:04:46.081
000931.SZ,09:37:18.330,93718330,6704434,5.07,800,0.4056,S,6704430,5496040,0,16:04:46.081
000931.SZ,09:37:19.720,93719720,6717739,5.08,100,0.0508,S,6717738,6717557,0,16:04:46.301
000931.SZ,09:37:19.780,93719780,6718225,5.08,100,0.0508,B,6717757,6718224,0,16:04:46.393
000931.SZ,09:37:19.990,93719990,6720051,5.08,100,0.0508,S,6720050,6718224,0,16:04:46.393
000931.SZ,09:37:19.990,93719990,6720052,5.07,200,0.1014,S,6720050,5496040,0,16:04:46.393
000931.SZ,09:37:19.990,93719990,6720053,5.07,300,0.1521,S,6720050,5500187,0,16:04:46.393
000931.SZ,09:37:25.200,93725200,6764400,5.09,300,0.1527,B,6394681,6764399,0,16:04:47.250
000931.SZ,09:37:25.200,93725200,6764401,5.09,500,0.2545,B,6394683,6764399,0,16:04:47.250
000931.SZ,09:37:25.200,93725200,6764402,5.09,1100,0.5599,B,6394686,6764399,0,16:04:47.250
000931.SZ,09:37:25.200,93725200,6764403,5.09,400,0.2036,B,6394690,6764399,0,16:04:47.250
000931.SZ,09:37:25.200,93725200,6764404,5.09,100,0.0509,B,6399008,6764399,0,16:04:47.250
000931.SZ,09:37:25.200,93725200,6764405,5.09,1000,0.509,B,6399197,6764399,0,16:04:47.250
000931.SZ,09:37:25.200,93725200,6764406,5.09,1000,0.509,B,6399859,6764399,0,16:04:47.250
000931.SZ,09:37:25.200,93725200,6764407,5.09,100,0.0509,B,6400132,6764399,0,16:04:47.250
000931.SZ,09:37:25.200,93725200,6764408,5.09,1000,0.509,B,6412319,6764399,0,16:04:47.250
000931.SZ,09:37:25.200,93725200,6764409,5.09,700,0.3563,B,6421602,6764399,0,16:04:47.250
000931.SZ,09:37:25.200,93725200,6764410,5.09,600,0.3054,B,6421735,6764399,0,16:04:47.250
000931.SZ,09:37:25.200,93725200,6764411,5.09,400,0.2036,B,6421755,6764399,0,16:04:47.250
000931.SZ,09:37:25.200,93725200,6764412,5.09,600,0.3054,B,6422061,6764399,0,16:04:47.250
000931.SZ,09:37:25.200,93725200,6764413,5.09,600,0.3054,B,6422581,6764399,0,16:04:47.250
000931.SZ,09:37:25.200,93725200,6764414,5.09,400,0.2036,B,6422684,6764399,0,16:04:47.250
000931.SZ,09:37:25.200,93725200,6764415,5.09,100,0.0509,B,6424805,6764399,0,16:04:47.250
000931.SZ,09:37:25.200,93725200,6764416,5.09,1600,0.8144,B,6427086,6764399,0,16:04:47.250
000931.SZ,09:37:25.200,93725200,6764417,5.09,100,0.0509,B,6427883,6764399,0,16:04:47.250
000931.SZ,09:37:25.200,93725200,6764418,5.09,500,0.2545,B,6458260,6764399,0,16:04:47.250
000931.SZ,09:37:25.200,93725200,6764419,5.09,400,0.2036,B,6461976,6764399,0,16:04:47.250
000931.SZ,09:37:25.200,93725200,6764420,5.09,500,0.2545,B,6470396,6764399,0,16:04:47.250
000931.SZ,09:37:25.200,93725200,6764421,5.09,300,0.1527,B,6532404,6764399,0,16:04:47.250
000931.SZ,09:37:25.200,93725200,6764422,5.09,200,0.1018,B,6535233,6764399,0,16:04:47.250
000931.SZ,09:37:25.200,93725200,6764423,5.09,300,0.1527,B,6536349,6764399,0,16:04:47.250
000931.SZ,09:37:25.200,93725200,6764424,5.09,200,0.1018,B,6536574,6764399,0,16:04:47.250
000931.SZ,09:37:25.200,93725200,6764425,5.09,100,0.0509,B,6550223,6764399,0,16:04:47.250
000931.SZ,09:37:25.200,93725200,6764426,5.09,300,0.1527,B,6551842,6764399,0,16:04:47.250
000931.SZ,09:37:25.200,93725200,6764427,5.09,300,0.1527,B,6559167,6764399,0,16:04:47.250
000931.SZ,09:37:25.200,93725200,6764428,5.09,200,0.1018,B,6608102,6764399,0,16:04:47.250
000931.SZ,09:37:25.200,93725200,6764429,5.09,2900,1.4761,B,6648426,6764399,0,16:04:47.250
000931.SZ,09:37:25.200,93725200,6764430,5.09,300,0.1527,B,6698342,6764399,0,16:04:47.250
000931.SZ,09:37:25.200,93725200,6764431,5.09,400,0.2036,B,6710620,6764399,0,16:04:47.250
000931.SZ,09:37:25.210,93725210,6764513,5.09,2500,1.2725,S,6764512,6764399,0,16:04:47.250
000931.SZ,09:37:25.340,93725340,6766285,0.0,2100,0.0,?,6764514,0,0,16:04:47.377
000931.SZ,09:37:26.250,93726250,6775084,0.0,22500,0.0,?,6764515,0,0,16:04:47.469
000931.SZ,09:37:28.600,93728600,6795382,5.08,4000,2.032,S,6795381,6735107,0,16:04:47.903
000931.SZ,09:37:29.150,93729150,6799758,0.0,500,0.0,?,6532405,0,0,16:04:47.903
000931.SZ,09:37:31.090,93731090,6816680,0.0,100,0.0,?,6550229,0,0,16:04:48.232
000931.SZ,09:37:31.230,93731230,6817767,5.08,2200,1.1176,S,6817766,6735107,0,16:04:48.342
000931.SZ,09:37:32.200,93732200,6827437,0.0,500,0.0,?,6536583,0,0,16:04:48.438
000931.SZ,09:37:33.770,93733770,6840995,5.09,500,0.2545,B,6764552,6840994,0,16:04:48.659
000931.SZ,09:37:33.770,93733770,6840996,5.09,7500,3.8175,B,6764560,6840994,0,16:04:48.659
000931.SZ,09:37:33.770,93733770,6840997,5.09,100,0.0509,B,6789410,6840994,0,16:04:48.659
000931.SZ,09:37:33.770,93733770,6840998,5.09,300,0.1527,B,6800657,6840994,0,16:04:48.659
000931.SZ,09:37:33.770,93733770,6840999,5.09,400,0.2036,B,6804710,6840994,0,16:04:48.659
000931.SZ,09:37:33.770,93733770,6841000,5.09,200,0.1018,B,6816949,6840994,0,16:04:48.659
000931.SZ,09:37:33.770,93733770,6841001,5.09,100,0.0509,B,6829980,6840994,0,16:04:48.659
000931.SZ,09:37:36.220,93736220,6864104,5.09,800,0.4072,S,6864103,6840994,0,16:04:49.084
000931.SZ,09:37:36.340,93736340,6865301,0.0,100,0.0,?,0,6569784,0,16:04:49.180
000931.SZ,09:37:36.440,93736440,6866270,5.1,100,0.051,B,4133284,6866269,0,16:04:49.180
000931.SZ,09:37:37.110,93737110,6873305,5.09,1100,0.5599,S,6873304,6840994,0,16:04:49.272
000931.SZ,09:37:38.380,93738380,6885671,0.0,100,0.0,?,0,6529184,0,16:04:49.560
000931.SZ,09:37:38.480,93738480,6886636,5.1,100,0.051,B,4133284,6886635,0,16:04:49.560
000931.SZ,09:37:39.060,93739060,6890417,5.09,1500,0.7635,S,6890416,6840994,0,16:04:49.673
000931.SZ,09:37:40.970,93740970,6905769,5.09,700,0.3563,S,6905768,6840994,0,16:04:49.971
000931.SZ,09:37:42.940,93742940,6920110,5.09,100,0.0509,S,6920109,6840994,0,16:04:50.269
000931.SZ,09:37:43.010,93743010,6920558,5.09,1300,0.6617,S,6920557,6840994,0,16:04:50.269
000931.SZ,09:37:43.040,93743040,6920860,0.0,2200,0.0,?,2644315,0,0,16:04:50.269
000931.SZ,09:37:43.080,93743080,6921187,5.09,7200,3.6648,S,6921186,6840994,0,16:04:50.269
000931.SZ,09:37:45.860,93745860,6943075,5.09,1100,0.5599,S,6943074,6840994,0,16:04:50.672
000931.SZ,09:37:46.010,93746010,6944060,5.09,1200,0.6108,S,6944059,6840994,0,16:04:50.766
000931.SZ,09:37:46.080,93746080,6944703,5.09,3700,1.8833,S,6944702,6840994,0,16:04:50.766
000931.SZ,09:37:46.380,93746380,6947599,5.09,1600,0.8144,S,6947598,6840994,0,16:04:50.766
000931.SZ,09:37:47.390,93747390,6955758,5.09,800,0.4072,S,6955757,6840994,0,16:04:50.953
000931.SZ,09:37:47.390,93747390,6955783,0.0,1000,0.0,?,6947634,0,0,16:04:50.953
000931.SZ,09:37:47.810,93747810,6959422,5.09,800,0.4072,S,6959421,6840994,0,16:04:51.054
000931.SZ,09:37:48.230,93748230,6962896,5.09,200,0.1018,S,6962895,6840994,0,16:04:51.054
000931.SZ,09:37:48.360,93748360,6963963,5.09,900,0.4581,S,6963962,6840994,0,16:04:51.054
000931.SZ,09:37:48.380,93748380,6964320,5.09,1600,0.8144,S,6964319,6840994,0,16:04:51.054
000931.SZ,09:37:48.400,93748400,6964570,5.09,1100,0.5599,S,6964569,6840994,0,16:04:51.054
000931.SZ,09:37:48.400,93748400,6964572,5.09,500,0.2545,S,6964571,6840994,0,16:04:51.054
000931.SZ,09:37:48.400,93748400,6964574,5.09,600,0.3054,S,6964573,6840994,0,16:04:51.054
000931.SZ,09:37:48.400,93748400,6964577,5.09,1300,0.6617,S,6964576,6840994,0,16:04:51.054
000931.SZ,09:37:48.400,93748400,6964579,5.09,400,0.2036,S,6964578,6840994,0,16:04:51.054
000931.SZ,09:37:48.400,93748400,6964581,5.09,1900,0.9671,S,6964580,6840994,0,16:04:51.054
000931.SZ,09:37:48.400,93748400,6964586,5.09,1100,0.5599,S,6964585,6840994,0,16:04:51.054
000931.SZ,09:37:48.400,93748400,6964588,5.09,1400,0.7126,S,6964587,6840994,0,16:04:51.142
000931.SZ,09:37:48.410,93748410,6964748,5.09,2600,1.3234,S,6964747,6840994,0,16:04:51.142
000931.SZ,09:37:48.410,93748410,6964751,5.09,2100,1.0689,S,6964750,6840994,0,16:04:51.142
000931.SZ,09:37:48.420,93748420,6964793,5.09,4100,2.0869,S,6964792,6840994,0,16:04:51.142
000931.SZ,09:37:48.420,93748420,6964825,5.09,2400,1.2216,S,6964824,6840994,0,16:04:51.142
000931.SZ,09:37:48.430,93748430,6964907,5.09,300,0.1527,S,6964906,6840994,0,16:04:51.142
000931.SZ,09:37:48.430,93748430,6964909,5.09,400,0.2036,S,6964908,6840994,0,16:04:51.142
000931.SZ,09:37:48.430,93748430,6964911,5.09,400,0.2036,S,6964910,6840994,0,16:04:51.142
000931.SZ,09:37:48.430,93748430,6964919,5.09,3700,1.8833,S,6964918,6840994,0,16:04:51.142
000931.SZ,09:37:48.430,93748430,6964923,5.09,700,0.3563,S,6964922,6840994,0,16:04:51.142
000931.SZ,09:37:48.430,93748430,6964924,5.09,600,0.3054,S,6964922,6895606,0,16:04:51.142
000931.SZ,09:37:48.440,93748440,6965026,5.09,100,0.0509,S,6965025,6895606,0,16:04:51.142
000931.SZ,09:37:48.440,93748440,6965028,5.09,100,0.0509,S,6965027,6895606,0,16:04:51.142
000931.SZ,09:37:48.440,93748440,6965030,5.09,400,0.2036,S,6965029,6895606,0,16:04:51.142
000931.SZ,09:37:48.440,93748440,6965033,5.09,400,0.2036,S,6965032,6895606,0,16:04:51.142
000931.SZ,09:37:48.460,93748460,6965298,0.0,1000,0.0,?,6965032,0,0,16:04:51.142
000931.SZ,09:37:48.470,93748470,6965437,5.08,800,0.4064,S,6965436,6735107,0,16:04:51.142
000931.SZ,09:37:48.490,93748490,6965555,0.0,100,0.0,?,6965037,0,0,16:04:51.142
000931.SZ,09:37:48.500,93748500,6965687,5.08,1000,0.508,S,6965686,6735107,0,16:04:51.142
000931.SZ,09:37:48.540,93748540,6966052,0.0,200,0.0,?,6965043,0,0,16:04:51.142
000931.SZ,09:37:48.540,93748540,6966076,0.0,400,0.0,?,6965042,0,0,16:04:51.142
000931.SZ,09:37:49.190,93749190,6972811,5.08,1900,0.9652,S,6972810,6735107,0,16:04:51.222
000931.SZ,09:37:49.220,93749220,6973110,0.0,1000,0.0,?,0,6831320,0,16:04:51.222
000931.SZ,09:37:49.420,93749420,6975575,0.0,28900,0.0,?,6964386,0,0,16:04:51.301
000931.SZ,09:37:49.470,93749470,6976296,0.0,44400,0.0,?,6965039,0,0,16:04:51.301
000931.SZ,09:37:49.470,93749470,6976308,0.0,100,0.0,?,6965034,0,0,16:04:51.301
000931.SZ,09:37:49.500,93749500,6976548,0.0,100,0.0,?,6965038,0,0,16:04:51.301
000931.SZ,09:37:49.530,93749530,6976912,0.0,400,0.0,?,6965177,0,0,16:04:51.301
000931.SZ,09:37:49.970,93749970,6981190,0.0,400,0.0,?,6665385,0,0,16:04:51.364
000931.SZ,09:37:50.900,93750900,6989277,5.09,1100,0.5599,B,6965679,6989276,0,16:04:51.526
000931.SZ,09:37:50.910,93750910,6989305,5.09,100,0.0509,B,6965679,6989304,0,16:04:51.526
000931.SZ,09:37:51.270,93751270,6992515,5.08,1100,0.5588,S,6992514,6735107,0,16:04:51.582
000931.SZ,09:37:51.270,93751270,6992516,5.08,400,0.2032,S,6992514,6791526,0,16:04:51.582
000931.SZ,09:37:51.270,93751270,6992517,5.08,300,0.1524,S,6992514,6905194,0,16:04:51.582
000931.SZ,09:37:51.270,93751270,6992518,5.08,500,0.254,S,6992514,6976362,0,16:04:51.582
000931.SZ,09:37:54.290,93754290,7020504,5.09,800,0.4072,B,6968680,7020503,0,16:04:52.085
000931.SZ,09:37:54.290,93754290,7020505,5.09,200,0.1018,B,6968705,7020503,0,16:04:52.085
000931.SZ,09:37:55.400,93755400,7031860,5.08,100,0.0508,S,7031859,6992069,0,16:04:52.300
000931.SZ,09:37:56.030,93756030,7038261,5.09,2200,1.1198,B,6968705,7038260,0,16:04:52.390
000931.SZ,09:37:56.030,93756030,7038262,5.09,400,0.2036,B,6991746,7038260,0,16:04:52.390
000931.SZ,09:37:56.030,93756030,7038263,5.09,400,0.2036,B,6991748,7038260,0,16:04:52.390
000931.SZ,09:37:56.030,93756030,7038264,5.09,500,0.2545,B,6991751,7038260,0,16:04:52.390
000931.SZ,09:37:56.030,93756030,7038265,5.09,400,0.2036,B,6991752,7038260,0,16:04:52.390
000931.SZ,09:37:56.030,93756030,7038266,5.09,400,0.2036,B,6991761,7038260,0,16:04:52.390
000931.SZ,09:37:56.030,93756030,7038267,5.09,600,0.3054,B,7015644,7038260,0,16:04:52.390
000931.SZ,09:37:56.030,93756030,7038362,5.09,100,0.0509,S,7038361,7038260,0,16:04:52.390
000931.SZ,09:37:56.030,93756030,7038367,5.09,100,0.0509,S,7038366,7038260,0,16:04:52.390
000931.SZ,09:37:56.040,93756040,7038463,5.09,100,0.0509,S,7038462,7038260,0,16:04:52.390
000931.SZ,09:37:56.050,93756050,7038531,5.09,1100,0.5599,S,7038530,7038260,0,16:04:52.390
000931.SZ,09:37:56.140,93756140,7039562,0.0,200,0.0,?,7038550,0,0,16:04:52.488
000931.SZ,09:37:56.510,93756510,7042630,0.0,500,0.0,?,6830724,0,0,16:04:52.488
000931.SZ,09:37:57.060,93757060,7046657,0.0,1200,0.0,?,7038533,0,0,16:04:52.558
000931.SZ,09:37:57.070,93757070,7046746,0.0,73300,0.0,?,7038368,0,0,16:04:52.558
000931.SZ,09:37:57.350,93757350,7048809,0.0,1300,0.0,?,7038688,0,0,16:04:52.558
000931.SZ,09:37:58.340,93758340,7058354,0.0,900,0.0,?,6712359,0,0,16:04:52.756
000931.SZ,09:38:00.050,93800050,7072333,0.0,800,0.0,?,7038532,0,0,16:04:52.991
000931.SZ,09:38:00.050,93800050,7072411,0.0,1200,0.0,?,7038561,0,0,16:04:53.101
000931.SZ,09:38:00.540,93800540,7078035,5.09,300,0.1527,B,7038530,7078034,0,16:04:53.266
000931.SZ,09:38:00.550,93800550,7078046,5.09,400,0.2036,B,7038530,7078045,0,16:04:53.266
000931.SZ,09:38:00.550,93800550,7078118,5.09,6400,3.2576,B,7038530,7078117,0,16:04:53.266
000931.SZ,09:38:00.550,93800550,7078119,5.09,2500,1.2725,B,7038536,7078117,0,16:04:53.266
000931.SZ,09:38:00.550,93800550,7078120,5.09,300,0.1527,B,7038538,7078117,0,16:04:53.266
000931.SZ,09:38:00.550,93800550,7078121,5.09,900,0.4581,B,7038812,7078117,0,16:04:53.266
000931.SZ,09:38:00.550,93800550,7078122,5.09,800,0.4072,B,7038816,7078117,0,16:04:53.266
000931.SZ,09:38:00.550,93800550,7078123,5.09,400,0.2036,B,7045186,7078117,0,16:04:53.266
000931.SZ,09:38:00.550,93800550,7078124,5.09,400,0.2036,B,7064003,7078117,0,16:04:53.266
000931.SZ,09:38:00.550,93800550,7078125,5.09,400,0.2036,B,7065470,7078117,0,16:04:53.266
000931.SZ,09:38:00.840,93800840,7082477,5.09,400,0.2036,S,7082476,7078117,0,16:04:53.345
000931.SZ,09:38:00.860,93800860,7082710,5.09,900,0.4581,B,7082476,7082709,0,16:04:53.345
000931.SZ,09:38:00.860,93800860,7082712,5.09,100,0.0509,B,7082689,7082711,0,16:04:53.345
000931.SZ,09:38:00.860,93800860,7082763,5.09,900,0.4581,B,7082689,7082762,0,16:04:53.345
000931.SZ,09:38:00.870,93800870,7082962,5.09,200,0.1018,B,7082689,7082961,0,16:04:53.345
000931.SZ,09:38:01.000,93801000,7084542,5.09,100,0.0509,S,7084541,7082961,0,16:04:53.345
000931.SZ,09:38:02.130,93802130,7096239,5.09,900,0.4581,S,7096238,7082961,0,16:04:53.584
000931.SZ,09:38:02.130,93802130,7096315,5.09,4300,2.1887,B,7096238,7096314,0,16:04:53.584
000931.SZ,09:38:02.130,93802130,7096334,5.09,31200,15.8808,B,7096238,7096333,0,16:04:53.584
000931.SZ,09:38:02.160,93802160,7096625,5.09,2000,1.018,S,7096624,7096333,0,16:04:53.584
000931.SZ,09:38:02.260,93802260,7097466,5.1,100,0.051,B,4133284,7097465,0,16:04:53.584
000931.SZ,09:38:03.320,93803320,7107612,5.09,2300,1.1707,S,7107611,7096333,0,16:04:53.713
000931.SZ,09:38:03.320,93803320,7107613,5.09,700,0.3563,S,7107611,7096336,0,16:04:53.713
000931.SZ,09:38:03.460,93803460,7108906,5.09,300,0.1527,S,7108905,7096336,0,16:04:53.713
000931.SZ,09:38:04.290,93804290,7118519,0.0,5000,0.0,?,6992174,0,0,16:04:53.785
000931.SZ,09:38:05.990,93805990,7133377,0.0,500,0.0,?,6085325,0,0,16:04:54.084
000931.SZ,09:38:06.630,93806630,7139034,5.1,1000,0.51,B,4133284,7139033,0,16:04:54.177
000931.SZ,09:38:15.960,93815960,7215858,0.0,34500,0.0,?,0,7096336,0,16:04:55.829
000931.SZ,09:38:16.360,93816360,7219334,0.0,2200,0.0,?,6960976,0,0,16:04:55.829
000931.SZ,09:38:20.000,93820000,7249526,5.09,200,0.1018,S,7249525,7112456,0,16:04:56.455
000931.SZ,09:38:20.000,93820000,7249527,5.09,400,0.2036,S,7249525,7112554,0,16:04:56.455
000931.SZ,09:38:20.120,93820120,7250460,0.0,5000,0.0,?,0,501693,0,16:04:56.455
000931.SZ,09:38:25.060,93825060,7291215,5.09,500,0.2545,S,7291214,7112554,0,16:04:57.155
000931.SZ,09:38:27.320,93827320,7310324,5.09,200,0.1018,S,7310323,7112554,0,16:04:57.500
000931.SZ,09:38:27.330,93827330,7310420,5.09,100,0.0509,S,7310419,7112554,0,16:04:57.500
000931.SZ,09:38:27.330,93827330,7310421,5.09,500,0.2545,S,7310419,7229207,0,16:04:57.500
000931.SZ,09:38:27.330,93827330,7310422,5.09,100,0.0509,S,7310419,7234871,0,16:04:57.500
000931.SZ,09:38:27.330,93827330,7310423,5.09,100,0.0509,S,7310419,7236407,0,16:04:57.500
000931.SZ,09:38:27.330,93827330,7310424,5.09,100,0.0509,S,7310419,7239461,0,16:04:57.500
000931.SZ,09:38:27.330,93827330,7310425,5.09,600,0.3054,S,7310419,7305069,0,16:04:57.500
000931.SZ,09:38:27.650,93827650,7313620,5.09,500,0.2545,B,7310419,7313619,0,16:04:57.632
000931.SZ,09:38:28.090,93828090,7317209,5.09,200,0.1018,B,7310419,7317208,0,16:04:57.632
000931.SZ,09:38:28.090,93828090,7317211,5.09,100,0.0509,B,7310666,7317210,0,16:04:57.632
000931.SZ,09:38:28.090,93828090,7317214,5.09,100,0.0509,B,7310666,7317213,0,16:04:57.632
000931.SZ,09:38:34.490,93834490,7370661,5.09,100,0.0509,S,7370660,7317216,0,16:04:58.658
000931.SZ,09:38:34.490,93834490,7370662,5.09,100,0.0509,S,7370660,7317218,0,16:04:58.658
000931.SZ,09:38:34.490,93834490,7370663,5.09,200,0.1018,S,7370660,7317219,0,16:04:58.658
000931.SZ,09:38:34.490,93834490,7370664,5.09,100,0.0509,S,7370660,7317220,0,16:04:58.658
000931.SZ,09:38:34.490,93834490,7370665,5.09,200,0.1018,S,7370660,7317222,0,16:04:58.658
000931.SZ,09:38:34.490,93834490,7370666,5.09,300,0.1527,S,7370660,7317223,0,16:04:58.658
000931.SZ,09:38:38.900,93838900,7404798,5.09,300,0.1527,S,7404797,7317223,0,16:04:59.346
000931.SZ,09:38:39.320,93839320,7408080,5.09,100,0.0509,S,7408079,7317224,0,16:04:59.425
000931.SZ,09:38:39.320,93839320,7408081,5.09,2100,1.0689,S,7408079,7375660,0,16:04:59.425
000931.SZ,09:38:42.780,93842780,7438101,0.0,300,0.0,?,0,764452,0,16:04:59.997
000931.SZ,09:38:42.800,93842800,7438313,0.0,400,0.0,?,7395906,0,0,16:04:59.997
000931.SZ,09:38:44.080,93844080,7448928,0.0,1000,0.0,?,6775842,0,0,16:05:00.219
000931.SZ,09:38:53.530,93853530,7526068,5.1,300,0.153,B,4133284,7526067,0,16:05:01.655
000931.SZ,09:38:54.070,93854070,7529906,5.1,900,0.459,B,4133284,7529905,0,16:05:01.745
000931.SZ,09:38:54.070,93854070,7529908,5.1,800,0.408,B,4133284,7529907,0,16:05:01.745
000931.SZ,09:38:54.070,93854070,7529912,5.1,200,0.102,B,4133284,7529911,0,16:05:01.745
000931.SZ,09:38:54.070,93854070,7529915,5.1,200,0.102,B,4133284,7529914,0,16:05:01.745
000931.SZ,09:38:54.070,93854070,7529919,5.1,200,0.102,B,4133284,7529918,0,16:05:01.745
000931.SZ,09:38:54.070,93854070,7529923,5.1,200,0.102,B,4133284,7529922,0,16:05:01.745
000931.SZ,09:38:54.070,93854070,7529925,5.1,200,0.102,B,4133284,7529924,0,16:05:01.745
000931.SZ,09:38:54.070,93854070,7529927,5.1,400,0.204,B,4133284,7529926,0,16:05:01.745
000931.SZ,09:38:54.070,93854070,7529930,5.1,200,0.102,B,4133284,7529929,0,16:05:01.745
000931.SZ,09:38:54.070,93854070,7529932,5.1,200,0.102,B,4133284,7529931,0,16:05:01.745
000931.SZ,09:38:54.070,93854070,7529971,5.1,200,0.102,B,4133284,7529970,0,16:05:01.745
000931.SZ,09:38:54.090,93854090,7530119,5.1,300,0.153,B,4133284,7530118,0,16:05:01.745
000931.SZ,09:38:54.090,93854090,7530140,5.1,732,0.3733,B,4133284,7530139,0,16:05:01.745
000931.SZ,09:38:54.090,93854090,7530141,5.1,1900,0.969,B,4237481,7530139,0,16:05:01.745
000931.SZ,09:38:54.090,93854090,7530142,5.1,1000,0.51,B,4424541,7530139,0,16:05:01.745
000931.SZ,09:38:54.090,93854090,7530143,5.1,3368,1.7176,B,5088720,7530139,0,16:05:01.745
000931.SZ,09:38:54.200,93854200,7531146,0.0,10000,0.0,?,451535,0,0,16:05:01.745
000931.SZ,09:38:54.280,93854280,7532026,5.1,300,0.153,B,5088720,7532025,0,16:05:01.745
000931.SZ,09:38:54.950,93854950,7537641,0.0,600,0.0,?,0,7071680,0,16:05:01.853
000931.SZ,09:38:55.140,93855140,7539336,0.0,900,0.0,?,0,7047156,0,16:05:01.853
000931.SZ,09:38:55.140,93855140,7539370,0.0,400,0.0,?,0,7065876,0,16:05:01.853
000931.SZ,09:38:55.440,93855440,7542162,0.0,900,0.0,?,0,7067998,0,16:05:02.042
000931.SZ,09:38:55.450,93855450,7542236,0.0,1500,0.0,?,0,7088786,0,16:05:02.042
000931.SZ,09:38:55.520,93855520,7542939,5.1,1800,0.918,B,5088720,7542938,0,16:05:02.042
000931.SZ,09:38:55.520,93855520,7542952,5.1,800,0.408,B,5088720,7542951,0,16:05:02.042
000931.SZ,09:38:55.520,93855520,7542957,5.1,400,0.204,B,5088720,7542956,0,16:05:02.042
000931.SZ,09:38:55.980,93855980,7547309,5.1,600,0.306,B,5088720,7547308,0,16:05:02.042
000931.SZ,09:38:56.140,93856140,7548863,5.1,400,0.204,B,5088720,7548862,0,16:05:02.042
000931.SZ,09:38:56.140,93856140,7548870,5.1,900,0.459,B,5088720,7548869,0,16:05:02.042
000931.SZ,09:38:56.450,93856450,7551988,5.1,1500,0.765,B,5088720,7551987,0,16:05:02.170
000931.SZ,09:38:56.450,93856450,7552027,5.1,900,0.459,B,5088720,7552026,0,16:05:02.170
000931.SZ,09:38:57.810,93857810,7562529,5.1,1000,0.51,B,5088720,7562528,0,16:05:02.387
000931.SZ,09:38:57.860,93857860,7562884,5.1,100,0.051,B,5088720,7562883,0,16:05:02.387
000931.SZ,09:38:57.870,93857870,7562961,5.1,1000,0.51,B,5088720,7562960,0,16:05:02.387
000931.SZ,09:38:59.140,93859140,7574044,5.09,3300,1.6797,S,7574043,7375660,0,16:05:02.639
000931.SZ,09:39:00.760,93900760,7588870,5.1,100,0.051,B,5088720,7588869,0,16:05:02.899
000931.SZ,09:39:01.940,93901940,7601266,0.0,3000,0.0,?,0,71683,0,16:05:03.181
000931.SZ,09:39:02.620,93902620,7606866,0.0,4800,0.0,?,4320403,0,0,16:05:03.246
000931.SZ,09:39:02.650,93902650,7607048,0.0,6500,0.0,?,0,7509363,0,16:05:03.246
000931.SZ,09:39:07.990,93907990,7665330,0.0,3000,0.0,?,0,4790567,0,16:05:04.339
000931.SZ,09:39:08.020,93908020,7665564,0.0,17400,0.0,?,7632401,0,0,16:05:04.339
000931.SZ,09:39:08.020,93908020,7665568,0.0,16300,0.0,?,7632399,0,0,16:05:04.339
000931.SZ,09:39:08.020,93908020,7665571,5.09,10700,5.4463,S,7665570,7375660,0,16:05:04.339
000931.SZ,09:39:08.020,93908020,7665572,5.09,1500,0.7635,S,7665570,7460738,0,16:05:04.339
000931.SZ,09:39:08.020,93908020,7665573,5.09,100,0.0509,S,7665570,7493926,0,16:05:04.339
000931.SZ,09:39:08.020,93908020,7665574,5.09,100,0.0509,S,7665570,7496001,0,16:05:04.339
000931.SZ,09:39:08.020,93908020,7665575,5.09,100,0.0509,S,7665570,7499141,0,16:05:04.339
000931.SZ,09:39:08.020,93908020,7665576,5.09,100,0.0509,S,7665570,7508040,0,16:05:04.339
000931.SZ,09:39:08.020,93908020,7665577,5.09,100,0.0509,S,7665570,7509158,0,16:05:04.339
000931.SZ,09:39:08.020,93908020,7665578,5.09,100,0.0509,S,7665570,7516242,0,16:05:04.339
000931.SZ,09:39:08.020,93908020,7665579,5.09,100,0.0509,S,7665570,7524504,0,16:05:04.339
000931.SZ,09:39:08.020,93908020,7665580,5.09,100,0.0509,S,7665570,7531994,0,16:05:04.339
000931.SZ,09:39:08.020,93908020,7665581,5.09,100,0.0509,S,7665570,7534803,0,16:05:04.339
000931.SZ,09:39:08.020,93908020,7665582,5.09,300,0.1527,S,7665570,7538148,0,16:05:04.339
000931.SZ,09:39:08.020,93908020,7665583,5.09,200,0.1018,S,7665570,7542411,0,16:05:04.339
000931.SZ,09:39:08.020,93908020,7665584,5.09,800,0.4072,S,7665570,7542936,0,16:05:04.339
000931.SZ,09:39:08.020,93908020,7665585,5.09,100,0.0509,S,7665570,7543719,0,16:05:04.339
000931.SZ,09:39:08.020,93908020,7665586,5.09,600,0.3054,S,7665570,7544154,0,16:05:04.339
000931.SZ,09:39:08.020,93908020,7665587,5.09,100,0.0509,S,7665570,7546763,0,16:05:04.339
000931.SZ,09:39:08.020,93908020,7665588,5.09,400,0.2036,S,7665570,7568865,0,16:05:04.339
000931.SZ,09:39:08.020,93908020,7665589,5.09,500,0.2545,S,7665570,7588827,0,16:05:04.339
000931.SZ,09:39:08.020,93908020,7665590,5.09,100,0.0509,S,7665570,7611946,0,16:05:04.339
000931.SZ,09:39:08.040,93908040,7665839,0.0,16000,0.0,?,0,7082947,0,16:05:04.339
000931.SZ,09:39:10.710,93910710,7687906,5.09,200,0.1018,B,7665608,7687905,0,16:05:04.757
000931.SZ,09:39:10.710,93910710,7687907,5.09,2300,1.1707,B,7687870,7687905,0,16:05:04.757
000931.SZ,09:39:10.710,93910710,7687908,5.09,600,0.3054,B,7687871,7687905,0,16:05:04.757
000931.SZ,09:39:11.840,93911840,7696560,0.0,2000,0.0,?,0,461434,0,16:05:04.896
000931.SZ,09:39:12.330,93912330,7699954,5.08,300,0.1524,S,7699953,6992069,0,16:05:05.020
000931.SZ,09:39:12.330,93912330,7699955,5.08,1900,0.9652,S,7699953,7070491,0,16:05:05.020
000931.SZ,09:39:12.840,93912840,7704714,0.0,400,0.0,?,7521526,0,0,16:05:05.146
000931.SZ,09:39:13.310,93913310,7708858,5.09,3200,1.6288,B,7687871,7708857,0,16:05:05.146
000931.SZ,09:39:14.630,93914630,7719832,5.09,5100,2.5959,B,7687871,7719831,0,16:05:05.397
000931.SZ,09:39:17.380,93917380,7742629,0.0,400,0.0,?,7707365,0,0,16:05:05.875
000931.SZ,09:39:20.000,93920000,7767072,5.08,600,0.3048,S,7767071,7070491,0,16:05:06.331
000931.SZ,09:39:20.020,93920020,7767184,5.08,100,0.0508,S,7767183,7070491,0,16:05:06.331
000931.SZ,09:39:20.020,93920020,7767185,5.08,12000,6.096,S,7767183,7071038,0,16:05:06.331
000931.SZ,09:39:20.020,93920020,7767186,5.08,100,0.0508,S,7767183,7081936,0,16:05:06.331
000931.SZ,09:39:20.020,93920020,7767187,5.08,100,0.0508,S,7767183,7084502,0,16:05:06.331
000931.SZ,09:39:20.020,93920020,7767188,5.08,100,0.0508,S,7767183,7117092,0,16:05:06.331
000931.SZ,09:39:20.020,93920020,7767189,5.08,1000,0.508,S,7767183,7615376,0,16:05:06.331
000931.SZ,09:39:20.090,93920090,7767908,5.08,200,0.1016,B,7767337,7767907,0,16:05:06.331
000931.SZ,09:39:20.360,93920360,7769843,0.0,100,0.0,?,6550928,0,0,16:05:06.331
000931.SZ,09:39:20.470,93920470,7770825,5.07,100,0.0507,S,7770824,5500187,0,16:05:06.331
000931.SZ,09:39:20.780,93920780,7773050,0.0,100,0.0,?,6559142,0,0,16:05:06.443
000931.SZ,09:39:20.820,93920820,7773311,0.0,100,0.0,?,7045465,0,0,16:05:06.443
000931.SZ,09:39:20.980,93920980,7774565,0.0,100,0.0,?,6990102,0,0,16:05:06.443
000931.SZ,09:39:21.110,93921110,7775568,5.07,100,0.0507,S,7775567,5511401,0,16:05:06.443
000931.SZ,09:39:21.420,93921420,7778449,0.0,300,0.0,?,7015649,0,0,16:05:06.554
000931.SZ,09:39:21.580,93921580,7780251,5.07,100,0.0507,S,7780250,5511401,0,16:05:06.554
000931.SZ,09:39:21.660,93921660,7780962,0.0,300,0.0,?,6566504,0,0,16:05:06.554
000931.SZ,09:39:21.660,93921660,7781033,5.07,300,0.1521,S,7781032,5517675,0,16:05:06.554
000931.SZ,09:39:21.680,93921680,7781193,0.0,17300,0.0,?,0,6717942,0,16:05:06.554
000931.SZ,09:39:21.730,93921730,7781597,0.0,100,0.0,?,6580731,0,0,16:05:06.554
000931.SZ,09:39:21.730,93921730,7781611,0.0,100,0.0,?,6698341,0,0,16:05:06.554
000931.SZ,09:39:21.750,93921750,7781882,0.0,200,0.0,?,6701526,0,0,16:05:06.554
000931.SZ,09:39:21.930,93921930,7783410,5.07,100,0.0507,S,7783409,5517675,0,16:05:06.692
000931.SZ,09:39:21.990,93921990,7784019,5.07,200,0.1014,S,7784018,5517675,0,16:05:06.692
000931.SZ,09:39:22.060,93922060,7784636,5.07,100,0.0507,S,7784635,5517675,0,16:05:06.692
000931.SZ,09:39:22.110,93922110,7785184,0.0,300,0.0,?,7390638,0,0,16:05:06.692
000931.SZ,09:39:22.240,93922240,7786301,0.0,300,0.0,?,7748472,0,0,16:05:06.692
000931.SZ,09:39:22.270,93922270,7786631,0.0,300,0.0,?,6717435,0,0,16:05:06.692
000931.SZ,09:39:22.320,93922320,7787072,0.0,300,0.0,?,6529531,0,0,16:05:06.692
000931.SZ,09:39:22.340,93922340,7787287,0.0,200,0.0,?,6800658,0,0,16:05:06.692
000931.SZ,09:39:22.420,93922420,7788022,5.07,100,0.0507,S,7788021,5517675,0,16:05:06.692
000931.SZ,09:39:22.420,93922420,7788023,5.07,200,0.1014,S,7788021,5534338,0,16:05:06.692
000931.SZ,09:39:22.440,93922440,7788297,5.07,200,0.1014,S,7788296,5598082,0,16:05:06.692
000931.SZ,09:39:22.450,93922450,7788403,0.0,100,0.0,?,7748480,0,0,16:05:06.692
000931.SZ,09:39:22.540,93922540,7789723,5.07,300,0.1521,S,7789722,5598082,0,16:05:06.796
000931.SZ,09:39:22.880,93922880,7792601,5.07,400,0.2028,S,7792600,5598082,0,16:05:06.796
000931.SZ,09:39:22.910,93922910,7792907,0.0,200,0.0,?,6548493,0,0,16:05:06.796
000931.SZ,09:39:23.010,93923010,7793857,5.07,100,0.0507,S,7793856,5598082,0,16:05:06.796
000931.SZ,09:39:23.010,93923010,7793858,5.07,100,0.0507,S,7793856,5674499,0,16:05:06.796
000931.SZ,09:39:23.130,93923130,7795169,0.0,200,0.0,?,6703086,0,0,16:05:06.875
000931.SZ,09:39:23.440,93923440,7798708,0.0,100,0.0,?,6528825,0,0,16:05:06.875
000931.SZ,09:39:23.550,93923550,7799847,5.07,100,0.0507,S,7799846,5674499,0,16:05:06.875
000931.SZ,09:39:23.650,93923650,7800598,5.08,5000,2.54,B,7767337,7800597,0,16:05:06.970
000931.SZ,09:39:23.660,93923660,7800744,5.07,300,0.1521,S,7800743,5674499,0,16:05:06.970
000931.SZ,09:39:24.190,93924190,7804810,5.07,200,0.1014,S,7804809,5674499,0,16:05:06.970
000931.SZ,09:39:26.990,93926990,7833467,0.0,15000,0.0,?,7282689,0,0,16:05:07.518
000931.SZ,09:39:28.920,93928920,7855098,5.08,100,0.0508,B,7767337,7855097,0,16:05:07.887
000931.SZ,09:39:29.250,93929250,7858728,5.08,1000,0.508,B,7767337,7858727,0,16:05:08.000
000931.SZ,09:39:33.830,93933830,7908112,0.0,100,0.0,?,0,5736058,0,16:05:08.752
000931.SZ,09:39:33.980,93933980,7909358,5.08,100,0.0508,B,7767337,7909357,0,16:05:08.855
000931.SZ,09:39:37.560,93937560,7944845,0.0,100,0.0,?,0,5855909,0,16:05:09.453
000931.SZ,09:39:37.760,93937760,7946566,5.08,100,0.0508,B,7767337,7946565,0,16:05:09.548
000931.SZ,09:39:38.410,93938410,7952695,5.07,100,0.0507,S,7952694,5674499,0,16:05:09.655
000931.SZ,09:39:41.690,93941690,7982522,5.07,200,0.1014,S,7982521,5674499,0,16:05:10.120
000931.SZ,09:39:41.690,93941690,7982523,5.07,600,0.3042,S,7982521,5706704,0,16:05:10.120
000931.SZ,09:39:42.260,93942260,7987032,5.07,100,0.0507,S,7987031,5706704,0,16:05:10.201
000931.SZ,09:39:43.500,93943500,8000086,5.07,200,0.1014,S,8000085,5706704,0,16:05:10.439
000931.SZ,09:39:43.520,93943520,8000310,5.07,8500,4.3095,S,8000309,5706704,0,16:05:10.439
000931.SZ,09:39:43.550,93943550,8000660,5.07,200,0.1014,S,8000659,5706704,0,16:05:10.439
000931.SZ,09:39:43.550,93943550,8000682,5.07,200,0.1014,S,8000681,5706704,0,16:05:10.439
000931.SZ,09:39:43.550,93943550,8000686,5.07,8700,4.4109,S,8000685,5706704,0,16:05:10.439
000931.SZ,09:39:43.580,93943580,8001002,5.07,1500,0.7605,S,8001001,5706704,0,16:05:10.439
000931.SZ,09:39:43.580,93943580,8001003,5.07,100,0.0507,S,8001001,5792663,0,16:05:10.439
000931.SZ,09:39:43.580,93943580,8001004,5.07,300,0.1521,S,8001001,5990715,0,16:05:10.439
000931.SZ,09:39:43.580,93943580,8001005,5.07,400,0.2028,S,8001001,6754960,0,16:05:10.439
000931.SZ,09:39:43.580,93943580,8001006,5.07,2000,1.014,S,8001001,6958745,0,16:05:10.439
000931.SZ,09:39:43.580,93943580,8001007,5.07,300,0.1521,S,8001001,7952598,0,16:05:10.439
000931.SZ,09:39:43.580,93943580,8001008,5.07,1200,0.6084,S,8001001,7952913,0,16:05:10.439
000931.SZ,09:39:43.580,93943580,8001009,5.07,1300,0.6591,S,8001001,7952929,0,16:05:10.439
000931.SZ,09:39:43.580,93943580,8001010,5.07,1000,0.507,S,8001001,7995472,0,16:05:10.439
000931.SZ,09:39:44.030,93944030,8005067,0.0,600,0.0,?,7985094,0,0,16:05:10.579
000931.SZ,09:39:44.540,93944540,8009761,5.07,9200,4.6644,B,8001353,8009760,0,16:05:10.579
000931.SZ,09:39:46.260,93946260,8026142,5.06,200,0.1012,S,8026141,1773921,0,16:05:10.953
000931.SZ,09:39:46.260,93946260,8026143,5.06,1600,0.8096,S,8026141,1817518,0,16:05:10.953
000931.SZ,09:39:46.260,93946260,8026144,5.06,1000,0.506,S,8026141,1817644,0,16:05:10.953
000931.SZ,09:39:47.290,93947290,8036283,5.07,2300,1.1661,B,8036249,8036282,0,16:05:11.062
000931.SZ,09:39:52.280,93952280,8088505,0.0,4000,0.0,?,7622621,0,0,16:05:11.947
000931.SZ,09:39:54.130,93954130,8107310,0.0,600,0.0,?,7743647,0,0,16:05:12.248
000931.SZ,09:39:54.130,93954130,8107319,0.0,22900,0.0,?,7743656,0,0,16:05:12.248
000931.SZ,09:39:54.160,93954160,8107740,0.0,1100,0.0,?,7744007,0,0,16:05:12.248
000931.SZ,09:39:54.160,93954160,8107741,0.0,6900,0.0,?,7767341,0,0,16:05:12.248
000931.SZ,09:39:54.160,93954160,8107742,0.0,100,0.0,?,7767337,0,0,16:05:12.248
000931.SZ,09:39:54.160,93954160,8107743,0.0,7300,0.0,?,7744011,0,0,16:05:12.248
000931.SZ,09:39:54.160,93954160,8107744,0.0,100,0.0,?,7744014,0,0,16:05:12.248
000931.SZ,09:39:54.160,93954160,8107745,0.0,400,0.0,?,7744013,0,0,16:05:12.248
000931.SZ,09:39:54.160,93954160,8107746,0.0,3800,0.0,?,7767346,0,0,16:05:12.248
000931.SZ,09:39:54.160,93954160,8107747,0.0,3700,0.0,?,7767344,0,0,16:05:12.248
000931.SZ,09:39:54.160,93954160,8107750,0.0,7500,0.0,?,7744023,0,0,16:05:12.248
000931.SZ,09:39:54.160,93954160,8107751,0.0,7100,0.0,?,7744021,0,0,16:05:12.248
000931.SZ,09:39:54.160,93954160,8107758,0.0,3700,0.0,?,7767347,0,0,16:05:12.248
000931.SZ,09:39:54.300,93954300,8110402,0.0,8300,0.0,?,7979809,0,0,16:05:12.358
000931.SZ,09:39:54.340,93954340,8111409,0.0,8300,0.0,?,7979892,0,0,16:05:12.358
000931.SZ,09:39:54.350,93954350,8111502,0.0,8700,0.0,?,7687871,0,0,16:05:12.358
000931.SZ,09:39:54.360,93954360,8111859,0.0,2000,0.0,?,1270354,0,0,16:05:12.358
000931.SZ,09:39:55.280,93955280,8123456,5.07,1000,0.507,S,8123455,8102980,0,16:05:12.546
000931.SZ,09:39:55.890,93955890,8131304,5.07,6000,3.042,S,8131303,8102980,0,16:05:12.732
000931.SZ,09:39:57.070,93957070,8143834,5.07,500,0.2535,S,8143833,8102980,0,16:05:12.914
000931.SZ,09:39:57.070,93957070,8143835,5.07,9700,4.9179,S,8143833,8107480,0,16:05:12.914
000931.SZ,09:39:57.070,93957070,8143836,5.07,800,0.4056,S,8143833,8113323,0,16:05:12.914
000931.SZ,09:39:57.070,93957070,8143883,5.07,3900,1.9773,B,8143833,8143882,0,16:05:12.914
000931.SZ,09:39:57.070,93957070,8143885,5.07,800,0.4056,B,8143833,8143884,0,16:05:12.914
000931.SZ,09:39:57.070,93957070,8143903,5.07,27500,13.9425,B,8143833,8143902,0,16:05:12.914
000931.SZ,09:39:57.100,93957100,8144193,5.08,200,0.1016,B,7767536,8144192,0,16:05:12.914
000931.SZ,09:39:57.100,93957100,8144194,5.08,900,0.4572,B,7782381,8144192,0,16:05:12.914
000931.SZ,09:39:57.100,93957100,8144256,5.08,100,0.0508,B,7782381,8144255,0,16:05:12.914
000931.SZ,09:39:57.110,93957110,8144371,5.08,100,0.0508,B,7782381,8144370,0,16:05:12.914
000931.SZ,09:39:57.330,93957330,8147004,5.07,2200,1.1154,S,8147003,8143902,0,16:05:13.027
000931.SZ,09:39:59.470,93959470,8169476,5.08,1800,0.9144,B,7782381,8169475,0,16:05:13.353
000931.SZ,09:39:59.470,93959470,8169477,5.08,500,0.254,B,7783558,8169475,0,16:05:13.353
000931.SZ,09:39:59.470,93959470,8169478,5.08,100,0.0508,B,7783997,8169475,0,16:05:13.353
000931.SZ,09:39:59.470,93959470,8169479,5.08,200,0.1016,B,7794091,8169475,0,16:05:13.353
000931.SZ,09:39:59.470,93959470,8169480,5.08,300,0.1524,B,7795027,8169475,0,16:05:13.353
000931.SZ,09:39:59.470,93959470,8169481,5.08,500,0.254,B,7800669,8169475,0,16:05:13.353
000931.SZ,09:39:59.470,93959470,8169482,5.08,900,0.4572,B,7839266,8169475,0,16:05:13.353
000931.SZ,09:39:59.470,93959470,8169483,5.08,500,0.254,B,7867763,8169475,0,16:05:13.353
000931.SZ,09:39:59.470,93959470,8169484,5.08,900,0.4572,B,7956681,8169475,0,16:05:13.353
000931.SZ,09:39:59.750,93959750,8171536,5.07,1600,0.8112,S,8171535,8143902,0,16:05:13.451
000931.SZ,09:40:01.540,94001540,8194975,0.0,300,0.0,?,6905172,0,0,16:05:13.957
000931.SZ,09:40:02.090,94002090,8200858,0.0,900,0.0,?,0,8143902,0,16:05:14.084
000931.SZ,09:40:03.470,94003470,8214208,5.07,22000,11.154,S,8214207,8143919,0,16:05:14.305
000931.SZ,09:40:04.490,94004490,8225778,5.07,1000,0.507,S,8225777,8143919,0,16:05:14.477
000931.SZ,09:40:05.140,94005140,8232349,5.07,100,0.0507,S,8232348,8143919,0,16:05:14.602
000931.SZ,09:40:06.060,94006060,8241770,5.08,600,0.3048,B,7956681,8241769,0,16:05:14.695
000931.SZ,09:40:07.410,94007410,8258653,0.0,600,0.0,?,0,8083734,0,16:05:15.003
000931.SZ,09:40:10.030,94010030,8286019,5.07,500,0.2535,S,8286018,8143919,0,16:05:15.475
000931.SZ,09:40:10.050,94010050,8286303,0.0,8600,0.0,?,0,8143919,0,16:05:15.475
000931.SZ,09:40:10.070,94010070,8286591,0.0,32600,0.0,?,0,8144088,0,16:05:15.475
000931.SZ,09:40:12.580,94012580,8311745,5.08,100,0.0508,B,7956681,8311744,0,16:05:15.985
000931.SZ,09:40:13.740,94013740,8323476,5.07,2700,1.3689,S,8323475,8143990,0,16:05:16.221
000931.SZ,09:40:13.740,94013740,8323477,5.07,1600,0.8112,S,8323475,8157962,0,16:05:16.221
000931.SZ,09:40:13.740,94013740,8323478,5.07,600,0.3042,S,8323475,8177706,0,16:05:16.221
000931.SZ,09:40:13.740,94013740,8323479,5.07,300,0.1521,S,8323475,8210593,0,16:05:16.221
000931.SZ,09:40:13.740,94013740,8323480,5.07,500,0.2535,S,8323475,8241444,0,16:05:16.221
000931.SZ,09:40:13.740,94013740,8323481,5.07,300,0.1521,S,8323475,8242091,0,16:05:16.221
000931.SZ,09:40:13.740,94013740,8323482,5.07,600,0.3042,S,8323475,8286452,0,16:05:16.221
000931.SZ,09:40:13.740,94013740,8323483,5.07,1400,0.7098,S,8323475,8286453,0,16:05:16.221
000931.SZ,09:40:13.740,94013740,8323484,5.07,100,0.0507,S,8323475,8286458,0,16:05:16.221
000931.SZ,09:40:13.740,94013740,8323485,5.07,700,0.3549,S,8323475,8286490,0,16:05:16.221
000931.SZ,09:40:13.740,94013740,8323486,5.07,200,0.1014,S,8323475,8286618,0,16:05:16.221
000931.SZ,09:40:13.740,94013740,8323487,5.07,100,0.0507,S,8323475,8286738,0,16:05:16.221
000931.SZ,09:40:13.820,94013820,8324238,5.07,200,0.1014,B,8323475,8324237,0,16:05:16.221
000931.SZ,09:40:13.820,94013820,8324239,5.07,300,0.1521,B,8323570,8324237,0,16:05:16.221
000931.SZ,09:40:13.820,94013820,8324240,5.07,200,0.1014,B,8323573,8324237,0,16:05:16.221
000931.SZ,09:40:14.030,94014030,8326298,0.0,600,0.0,?,8106345,0,0,16:05:16.221
000931.SZ,09:40:14.110,94014110,8327105,5.07,300,0.1521,B,8323573,8327104,0,16:05:16.221
000931.SZ,09:40:14.110,94014110,8327106,5.07,300,0.1521,B,8323577,8327104,0,16:05:16.221
000931.SZ,09:40:14.110,94014110,8327107,5.07,500,0.2535,B,8323583,8327104,0,16:05:16.221
000931.SZ,09:40:14.150,94014150,8327496,5.08,1100,0.5588,B,7956681,8327495,0,16:05:16.221
000931.SZ,09:40:15.890,94015890,8346559,0.0,500,0.0,?,8324315,0,0,16:05:16.613
000931.SZ,09:40:15.890,94015890,8346562,0.0,300,0.0,?,8324300,0,0,16:05:16.613
000931.SZ,09:40:16.330,94016330,8351427,5.07,300,0.1521,S,8351426,8327104,0,16:05:16.723
000931.SZ,09:40:17.070,94017070,8359339,0.0,1000,0.0,?,1270772,0,0,16:05:16.848
000931.SZ,09:40:17.660,94017660,8365103,5.07,900,0.4563,S,8365102,8327104,0,16:05:16.983
000931.SZ,09:40:19.960,94019960,8388646,5.07,6700,3.3969,S,8388645,8327104,0,16:05:17.360
000931.SZ,09:40:19.960,94019960,8388647,5.07,300,0.1521,S,8388645,8332773,0,16:05:17.360
000931.SZ,09:40:22.360,94022360,8411473,0.0,10000,0.0,?,0,6444742,0,16:05:17.799
000931.SZ,09:40:23.770,94023770,8423380,0.0,4100,0.0,?,195769,0,0,16:05:17.980
000931.SZ,09:40:24.200,94024200,8426579,5.08,100,0.0508,B,7956681,8426578,0,16:05:18.075
000931.SZ,09:40:24.200,94024200,8426585,5.08,200,0.1016,B,7956681,8426584,0,16:05:18.075
000931.SZ,09:40:24.230,94024230,8426954,0.0,100,0.0,?,0,8366804,0,16:05:18.075
000931.SZ,09:40:24.230,94024230,8426964,5.07,100,0.0507,S,8426963,8332773,0,16:05:18.075
000931.SZ,09:40:24.230,94024230,8426965,5.07,200,0.1014,S,8426963,8337899,0,16:05:18.075
000931.SZ,09:40:24.230,94024230,8426966,5.07,700,0.3549,S,8426963,8337982,0,16:05:18.075
000931.SZ,09:40:24.230,94024230,8426967,5.07,100,0.0507,S,8426963,8338446,0,16:05:18.075
000931.SZ,09:40:24.230,94024230,8426968,5.07,100,0.0507,S,8426963,8339810,0,16:05:18.075
000931.SZ,09:40:24.230,94024230,8426969,5.07,800,0.4056,S,8426963,8339811,0,16:05:18.075
000931.SZ,09:40:28.610,94028610,8467569,5.08,500,0.254,B,7956681,8467568,0,16:05:18.777
000931.SZ,09:40:36.620,94036620,8546162,5.07,500,0.2535,S,8546161,8339811,0,16:05:19.392
000931.SZ,09:40:36.620,94036620,8546163,5.07,500,0.2535,S,8546161,8339813,0,16:05:19.392
000931.SZ,09:40:38.370,94038370,8569028,0.0,2000,0.0,?,7748787,0,0,16:05:19.862
000931.SZ,09:40:44.340,94044340,8621643,5.08,500,0.254,B,7956681,8621642,0,16:05:20.860
000931.SZ,09:40:46.350,94046350,8638316,5.07,100,0.0507,S,8638315,8339813,0,16:05:21.168
000931.SZ,09:40:46.930,94046930,8643306,0.0,6000,0.0,?,0,96180,0,16:05:21.278
000931.SZ,09:40:53.190,94053190,8699483,5.07,800,0.4056,S,8699482,8339813,0,16:05:22.357
000931.SZ,09:40:53.380,94053380,8701083,5.07,100,0.0507,S,8701082,8339813,0,16:05:22.357
000931.SZ,09:40:53.380,94053380,8701084,5.07,700,0.3549,S,8701082,8359336,0,16:05:22.357
000931.SZ,09:40:53.780,94053780,8704502,5.07,800,0.4056,S,8704501,8359336,0,16:05:22.357
000931.SZ,09:40:54.540,94054540,8711638,0.0,100,0.0,?,8694140,0,0,16:05:22.481
000931.SZ,09:40:54.590,94054590,8712062,5.07,100,0.0507,S,8712061,8359336,0,16:05:22.481
000931.SZ,09:40:54.590,94054590,8712063,5.07,1900,0.9633,S,8712061,8359463,0,16:05:22.481
000931.SZ,09:40:54.590,94054590,8712064,5.07,100,0.0507,S,8712061,8368766,0,16:05:22.481
000931.SZ,09:40:54.590,94054590,8712065,5.07,800,0.4056,S,8712061,8369035,0,16:05:22.481
000931.SZ,09:40:54.590,94054590,8712066,5.07,2200,1.1154,S,8712061,8370868,0,16:05:22.481
000931.SZ,09:40:54.590,94054590,8712067,5.07,100,0.0507,S,8712061,8370869,0,16:05:22.481
000931.SZ,09:40:54.590,94054590,8712068,5.07,800,0.4056,S,8712061,8373601,0,16:05:22.481
000931.SZ,09:40:54.590,94054590,8712069,5.07,1300,0.6591,S,8712061,8373602,0,16:05:22.481
000931.SZ,09:40:54.590,94054590,8712070,5.07,300,0.1521,S,8712061,8374759,0,16:05:22.481
000931.SZ,09:40:54.590,94054590,8712071,5.07,400,0.2028,S,8712061,8378388,0,16:05:22.481
000931.SZ,09:40:54.590,94054590,8712072,5.07,1200,0.6084,S,8712061,8378389,0,16:05:22.481
000931.SZ,09:40:54.590,94054590,8712073,5.07,200,0.1014,S,8712061,8378392,0,16:05:22.481
000931.SZ,09:40:54.590,94054590,8712074,5.07,300,0.1521,S,8712061,8378403,0,16:05:22.481
000931.SZ,09:40:54.590,94054590,8712075,5.07,100,0.0507,S,8712061,8378441,0,16:05:22.481
000931.SZ,09:40:54.590,94054590,8712076,5.07,300,0.1521,S,8712061,8378664,0,16:05:22.481
000931.SZ,09:40:54.590,94054590,8712077,5.07,3400,1.7238,S,8712061,8380545,0,16:05:22.481
000931.SZ,09:40:54.600,94054600,8712157,5.07,300,0.1521,S,8712156,8380545,0,16:05:22.481
000931.SZ,09:40:54.600,94054600,8712160,5.07,200,0.1014,S,8712159,8380545,0,16:05:22.481
000931.SZ,09:40:54.600,94054600,8712161,5.07,400,0.2028,S,8712159,8401185,0,16:05:22.481
000931.SZ,09:40:54.600,94054600,8712163,5.07,200,0.1014,S,8712162,8401185,0,16:05:22.481
000931.SZ,09:40:54.600,94054600,8712164,5.07,200,0.1014,S,8712162,8404724,0,16:05:22.481
000931.SZ,09:40:54.600,94054600,8712169,5.07,7400,3.7518,S,8712168,8404724,0,16:05:22.481
000931.SZ,09:40:54.600,94054600,8712170,5.07,200,0.1014,S,8712168,8432139,0,16:05:22.481
000931.SZ,09:40:54.600,94054600,8712171,5.07,600,0.3042,S,8712168,8434124,0,16:05:22.481
000931.SZ,09:40:54.600,94054600,8712172,5.07,500,0.2535,S,8712168,8450903,0,16:05:22.481
000931.SZ,09:40:54.600,94054600,8712173,5.07,1000,0.507,S,8712168,8478232,0,16:05:22.481
000931.SZ,09:40:54.600,94054600,8712174,5.07,500,0.2535,S,8712168,8481636,0,16:05:22.481
000931.SZ,09:40:54.600,94054600,8712175,5.07,200,0.1014,S,8712168,8532750,0,16:05:22.481
000931.SZ,09:40:54.600,94054600,8712176,5.07,400,0.2028,S,8712168,8551051,0,16:05:22.481
000931.SZ,09:40:54.600,94054600,8712177,5.07,100,0.0507,S,8712168,8558626,0,16:05:22.481
000931.SZ,09:40:54.600,94054600,8712178,5.07,600,0.3042,S,8712168,8569187,0,16:05:22.481
000931.SZ,09:40:54.600,94054600,8712179,5.07,700,0.3549,S,8712168,8575851,0,16:05:22.481
000931.SZ,09:40:54.600,94054600,8712180,5.07,100,0.0507,S,8712168,8577777,0,16:05:22.481
000931.SZ,09:40:54.600,94054600,8712181,5.07,100,0.0507,S,8712168,8578760,0,16:05:22.481
000931.SZ,09:40:54.600,94054600,8712182,5.07,100,0.0507,S,8712168,8582675,0,16:05:22.481
000931.SZ,09:40:54.600,94054600,8712183,5.07,300,0.1521,S,8712168,8679522,0,16:05:22.481
000931.SZ,09:40:54.600,94054600,8712213,5.06,600,0.3036,S,8712212,1817644,0,16:05:22.481
000931.SZ,09:40:54.600,94054600,8712214,5.06,500,0.253,S,8712212,1817735,0,16:05:22.481
000931.SZ,09:40:54.600,94054600,8712215,5.06,200,0.1012,S,8712212,1822478,0,16:05:22.481
000931.SZ,09:40:54.600,94054600,8712218,5.06,1400,0.7084,S,8712217,1822478,0,16:05:22.481
000931.SZ,09:40:54.600,94054600,8712219,5.06,100,0.0506,S,8712217,1844996,0,16:05:22.481
000931.SZ,09:40:54.600,94054600,8712220,5.06,100,0.0506,S,8712217,1874132,0,16:05:22.481
000931.SZ,09:40:54.600,94054600,8712221,5.06,900,0.4554,S,8712217,1874878,0,16:05:22.481
000931.SZ,09:40:54.610,94054610,8712229,0.0,500,0.0,?,0,5093393,0,16:05:22.481
000931.SZ,09:40:54.620,94054620,8712317,5.06,200,0.1012,S,8712316,1875310,0,16:05:22.481
000931.SZ,09:40:54.620,94054620,8712318,5.06,600,0.3036,S,8712316,1919998,0,16:05:22.481
000931.SZ,09:40:54.620,94054620,8712319,5.06,800,0.4048,S,8712316,1975865,0,16:05:22.481
000931.SZ,09:40:54.620,94054620,8712320,5.06,800,0.4048,S,8712316,2014865,0,16:05:22.608
000931.SZ,09:40:54.620,94054620,8712321,5.06,200,0.1012,S,8712316,2016370,0,16:05:22.608
000931.SZ,09:40:54.620,94054620,8712322,5.06,1100,0.5566,S,8712316,2028755,0,16:05:22.608
000931.SZ,09:40:54.620,94054620,8712323,5.06,500,0.253,S,8712316,4321431,0,16:05:22.608
000931.SZ,09:40:54.620,94054620,8712324,5.06,800,0.4048,S,8712316,4512984,0,16:05:22.608
000931.SZ,09:40:54.620,94054620,8712325,5.06,8800,4.4528,S,8712316,4905734,0,16:05:22.608
000931.SZ,09:40:54.630,94054630,8712393,0.0,300,0.0,?,0,5093364,0,16:05:22.608
000931.SZ,09:40:54.700,94054700,8713007,0.0,100,0.0,?,8390692,0,0,16:05:22.608
000931.SZ,09:40:54.700,94054700,8713008,0.0,100,0.0,?,8390695,0,0,16:05:22.608
000931.SZ,09:40:54.700,94054700,8713011,0.0,100,0.0,?,8390715,0,0,16:05:22.608
000931.SZ,09:40:54.700,94054700,8713012,0.0,100,0.0,?,8390716,0,0,16:05:22.608
000931.SZ,09:40:54.700,94054700,8713013,0.0,100,0.0,?,8390717,0,0,16:05:22.608
000931.SZ,09:40:54.700,94054700,8713014,0.0,100,0.0,?,8390720,0,0,16:05:22.608
000931.SZ,09:40:54.700,94054700,8713015,0.0,100,0.0,?,8390723,0,0,16:05:22.608
000931.SZ,09:40:54.700,94054700,8713019,0.0,200,0.0,?,8390724,0,0,16:05:22.608
000931.SZ,09:40:54.710,94054710,8713032,0.0,200,0.0,?,8390752,0,0,16:05:22.608
000931.SZ,09:40:54.710,94054710,8713035,0.0,200,0.0,?,8390754,0,0,16:05:22.608
000931.SZ,09:40:54.720,94054720,8713183,0.0,100,0.0,?,8390991,0,0,16:05:22.608
000931.SZ,09:40:54.760,94054760,8713522,0.0,100,0.0,?,8380975,0,0,16:05:22.608
000931.SZ,09:40:55.200,94055200,8716880,5.07,100,0.0507,B,8712168,8716879,0,16:05:22.608
000931.SZ,09:40:55.230,94055230,8717188,5.07,1000,0.507,B,8712168,8717187,0,16:05:22.608
000931.SZ,09:40:55.630,94055630,8720453,0.0,300,0.0,?,8712186,0,0,16:05:22.733
000931.SZ,09:40:56.380,94056380,8725785,5.07,200,0.1014,B,8712168,8725784,0,16:05:22.827
000931.SZ,09:40:56.380,94056380,8725786,5.07,100,0.0507,B,8712199,8725784,0,16:05:22.827
000931.SZ,09:40:57.260,94057260,8732043,0.0,2900,0.0,?,8674139,0,0,16:05:22.943
000931.SZ,09:40:57.400,94057400,8733161,0.0,1000,0.0,?,6896228,0,0,16:05:22.943
000931.SZ,09:40:57.410,94057410,8733267,0.0,1000,0.0,?,6373028,0,0,16:05:22.943
000931.SZ,09:40:57.460,94057460,8733640,0.0,900,0.0,?,7386469,0,0,16:05:22.943
000931.SZ,09:40:58.620,94058620,8743982,5.07,1800,0.9126,B,8712199,8743981,0,16:05:23.203
000931.SZ,09:40:58.620,94058620,8743983,5.07,600,0.3042,B,8713834,8743981,0,16:05:23.203
000931.SZ,09:40:58.620,94058620,8743984,5.07,100,0.0507,B,8713975,8743981,0,16:05:23.203
000931.SZ,09:40:58.620,94058620,8743985,5.07,100,0.0507,B,8713977,8743981,0,16:05:23.203
000931.SZ,09:40:58.620,94058620,8743986,5.07,100,0.0507,B,8713979,8743981,0,16:05:23.203
000931.SZ,09:40:58.620,94058620,8743987,5.07,100,0.0507,B,8713980,8743981,0,16:05:23.203
000931.SZ,09:40:58.620,94058620,8743988,5.07,100,0.0507,B,8713981,8743981,0,16:05:23.203
000931.SZ,09:40:58.620,94058620,8743989,5.07,100,0.0507,B,8713982,8743981,0,16:05:23.203
000931.SZ,09:40:58.620,94058620,8743990,5.07,100,0.0507,B,8713983,8743981,0,16:05:23.203
000931.SZ,09:40:58.620,94058620,8743991,5.07,100,0.0507,B,8713985,8743981,0,16:05:23.203
000931.SZ,09:40:58.620,94058620,8743992,5.07,200,0.1014,B,8713987,8743981,0,16:05:23.203
000931.SZ,09:40:58.620,94058620,8743993,5.07,200,0.1014,B,8713993,8743981,0,16:05:23.203
000931.SZ,09:40:58.620,94058620,8743994,5.07,200,0.1014,B,8713996,8743981,0,16:05:23.203
000931.SZ,09:40:58.620,94058620,8743995,5.07,100,0.0507,B,8714130,8743981,0,16:05:23.203
000931.SZ,09:40:58.620,94058620,8743996,5.07,800,0.4056,B,8718263,8743981,0,16:05:23.203
000931.SZ,09:40:58.620,94058620,8743997,5.07,800,0.4056,B,8725849,8743981,0,16:05:23.203
000931.SZ,09:40:58.620,94058620,8743998,5.07,800,0.4056,B,8725867,8743981,0,16:05:23.203
000931.SZ,09:40:58.620,94058620,8743999,5.07,800,0.4056,B,8728252,8743981,0,16:05:23.203
000931.SZ,09:40:58.620,94058620,8744000,5.07,2900,1.4703,B,8732822,8743981,0,16:05:23.203
000931.SZ,09:40:58.620,94058620,8744001,5.07,800,0.4056,B,8732996,8743981,0,16:05:23.203
000931.SZ,09:40:58.620,94058620,8744002,5.07,900,0.4563,B,8740054,8743981,0,16:05:23.203
000931.SZ,09:40:58.850,94058850,8746035,0.0,100,0.0,?,8229135,0,0,16:05:23.203
000931.SZ,09:40:58.870,94058870,8746219,0.0,1100,0.0,?,8274436,0,0,16:05:23.203
000931.SZ,09:40:58.870,94058870,8746220,0.0,100,0.0,?,8274438,0,0,16:05:23.203
000931.SZ,09:40:58.870,94058870,8746222,0.0,300,0.0,?,8324660,0,0,16:05:23.203
000931.SZ,09:40:59.240,94059240,8749027,5.07,100,0.0507,S,8749026,8743981,0,16:05:23.329
000931.SZ,09:40:59.240,94059240,8749029,5.07,1100,0.5577,S,8749028,8743981,0,16:05:23.329
000931.SZ,09:40:59.240,94059240,8749051,0.0,300,0.0,?,8712207,0,0,16:05:23.329
000931.SZ,09:40:59.240,94059240,8749058,0.0,500,0.0,?,8712209,0,0,16:05:23.329
000931.SZ,09:40:59.420,94059420,8750361,5.07,700,0.3549,S,8750360,8743981,0,16:05:23.329
000931.SZ,09:40:59.550,94059550,8751270,5.07,15400,7.8078,S,8751269,8743981,0,16:05:23.329
000931.SZ,09:40:59.560,94059560,8751299,5.07,7000,3.549,S,8751298,8743981,0,16:05:23.329
000931.SZ,09:40:59.560,94059560,8751301,5.07,1600,0.8112,S,8751300,8743981,0,16:05:23.329
000931.SZ,09:40:59.560,94059560,8751303,5.07,800,0.4056,S,8751302,8743981,0,16:05:23.329
000931.SZ,09:40:59.560,94059560,8751305,5.07,500,0.2535,S,8751304,8743981,0,16:05:23.329
000931.SZ,09:40:59.560,94059560,8751371,5.07,1000,0.507,S,8751370,8743981,0,16:05:23.329
000931.SZ,09:40:59.570,94059570,8751396,5.07,300,0.1521,S,8751395,8743981,0,16:05:23.329
000931.SZ,09:40:59.570,94059570,8751399,5.07,300,0.1521,S,8751398,8743981,0,16:05:23.329
000931.SZ,09:40:59.570,94059570,8751405,5.07,800,0.4056,S,8751404,8743981,0,16:05:23.329
000931.SZ,09:40:59.570,94059570,8751409,5.07,400,0.2028,S,8751408,8743981,0,16:05:23.329
000931.SZ,09:40:59.570,94059570,8751448,5.07,1200,0.6084,S,8751447,8743981,0,16:05:23.329
000931.SZ,09:40:59.590,94059590,8751609,5.07,300,0.1521,S,8751608,8743981,0,16:05:23.329
000931.SZ,09:40:59.600,94059600,8751633,5.07,200,0.1014,S,8751632,8743981,0,16:05:23.329
000931.SZ,09:40:59.600,94059600,8751636,5.07,3500,1.7745,S,8751635,8743981,0,16:05:23.329
000931.SZ,09:40:59.600,94059600,8751638,5.07,300,0.1521,S,8751637,8743981,0,16:05:23.329
000931.SZ,09:40:59.610,94059610,8751676,5.07,200,0.1014,S,8751675,8743981,0,16:05:23.329
000931.SZ,09:41:00.190,94100190,8756899,5.07,1400,0.7098,S,8756898,8743981,0,16:05:23.517
000931.SZ,09:41:00.190,94100190,8756907,5.07,400,0.2028,B,8756898,8756906,0,16:05:23.517
000931.SZ,09:41:00.550,94100550,8760683,5.07,100,0.0507,B,8756898,8760682,0,16:05:23.517
000931.SZ,09:41:00.550,94100550,8760684,5.07,300,0.1521,B,8757017,8760682,0,16:05:23.517
000931.SZ,09:41:00.550,94100550,8760691,5.07,100,0.0507,B,8757017,8760690,0,16:05:23.517
000931.SZ,09:41:00.550,94100550,8760692,5.07,200,0.1014,B,8757029,8760690,0,16:05:23.517
000931.SZ,09:41:00.550,94100550,8760693,5.07,200,0.1014,B,8757038,8760690,0,16:05:23.517
000931.SZ,09:41:00.550,94100550,8760694,5.07,100,0.0507,B,8757041,8760690,0,16:05:23.517
000931.SZ,09:41:00.560,94100560,8760744,5.07,100,0.0507,B,8757041,8760743,0,16:05:23.517
000931.SZ,09:41:00.560,94100560,8760745,5.07,100,0.0507,B,8757052,8760743,0,16:05:23.517
000931.SZ,09:41:00.560,94100560,8760746,5.07,200,0.1014,B,8757121,8760743,0,16:05:23.517
000931.SZ,09:41:00.580,94100580,8760910,5.07,100,0.0507,B,8757121,8760909,0,16:05:23.517
000931.SZ,09:41:00.580,94100580,8760911,5.07,100,0.0507,B,8757293,8760909,0,16:05:23.517
000931.SZ,09:41:02.560,94102560,8778945,5.07,400,0.2028,B,8757293,8778944,0,16:05:23.902
000931.SZ,09:41:02.600,94102600,8779146,5.07,300,0.1521,B,8757293,8779145,0,16:05:23.974
000931.SZ,09:41:02.600,94102600,8779147,5.07,200,0.1014,B,8758800,8779145,0,16:05:23.974
000931.SZ,09:41:02.840,94102840,8780881,5.07,600,0.3042,B,8758800,8780880,0,16:05:23.974
000931.SZ,09:41:03.380,94103380,8785760,5.06,2200,1.1132,S,8785759,4905734,0,16:05:24.053
000931.SZ,09:41:03.380,94103380,8785764,0.0,2200,0.0,?,8757888,0,0,16:05:24.053
000931.SZ,09:41:03.900,94103900,8790575,0.0,1000,0.0,?,0,7324393,0,16:05:24.186
000931.SZ,09:41:04.370,94104370,8794333,5.07,1100,0.5577,B,8758800,8794332,0,16:05:24.313
000931.SZ,09:41:04.370,94104370,8794335,5.07,900,0.4563,B,8758800,8794334,0,16:05:24.313
000931.SZ,09:41:09.780,94109780,8842015,5.07,500,0.2535,B,8758800,8842014,0,16:05:25.113
000931.SZ,09:41:10.330,94110330,8847059,0.0,500,0.0,?,7590292,0,0,16:05:25.239
000931.SZ,09:41:11.850,94111850,8859331,5.07,200,0.1014,B,8758800,8859330,0,16:05:25.488
000931.SZ,09:41:17.630,94117630,8904234,0.0,2000,0.0,?,0,4675915,0,16:05:26.284
000931.SZ,09:41:20.200,94120200,8927644,0.0,300,0.0,?,4626120,0,0,16:05:26.805
000931.SZ,09:41:20.330,94120330,8928567,0.0,100,0.0,?,8068459,0,0,16:05:26.805
000931.SZ,09:41:21.320,94121320,8936295,5.06,4300,2.1758,S,8936294,5126374,0,16:05:26.927
000931.SZ,09:41:21.330,94121330,8936440,5.06,100,0.0506,S,8936439,5126374,0,16:05:26.927
000931.SZ,09:41:24.300,94124300,8962445,5.06,1600,0.8096,S,8962444,5126374,0,16:05:27.392
000931.SZ,09:41:27.370,94127370,8988222,5.06,400,0.2024,S,8988221,5126374,0,16:05:27.926
000931.SZ,09:41:27.370,94127370,8988227,5.06,900,0.4554,S,8988226,5126374,0,16:05:27.926
000931.SZ,09:41:27.370,94127370,8988230,5.06,300,0.1518,S,8988229,5126374,0,16:05:27.926
000931.SZ,09:41:27.380,94127380,8988328,5.06,400,0.2024,S,8988327,5126374,0,16:05:27.926
000931.SZ,09:41:27.670,94127670,8990656,0.0,400,0.0,?,339657,0,0,16:05:27.926
000931.SZ,09:41:29.690,94129690,9005683,5.06,1100,0.5566,S,9005682,5126374,0,16:05:28.233
000931.SZ,09:41:29.690,94129690,9005684,5.06,900,0.4554,S,9005682,5126615,0,16:05:28.233
000931.SZ,09:41:29.740,94129740,9006028,5.06,800,0.4048,S,9006027,5126615,0,16:05:28.233
000931.SZ,09:41:30.300,94130300,9010902,5.06,4600,2.3276,S,9010901,5126615,0,16:05:28.377
000931.SZ,09:41:30.360,94130360,9011301,5.06,500,0.253,S,9011300,5126615,0,16:05:28.377
000931.SZ,09:41:30.470,94130470,9012445,0.0,200,0.0,?,0,8865594,0,16:05:28.377
000931.SZ,09:41:30.550,94130550,9013066,5.06,2100,1.0626,S,9013065,5126615,0,16:05:28.377
000931.SZ,09:41:30.560,94130560,9013089,5.06,800,0.4048,S,9013088,5126615,0,16:05:28.377
000931.SZ,09:41:31.620,94131620,9021931,5.06,300,0.1518,S,9021930,5126615,0,16:05:28.586
000931.SZ,09:41:31.620,94131620,9021932,5.06,10000,5.06,S,9021930,5503373,0,16:05:28.586
000931.SZ,09:41:31.620,94131620,9021933,5.06,800,0.4048,S,9021930,8716140,0,16:05:28.586
000931.SZ,09:41:31.620,94131620,9021934,5.06,6900,3.4914,S,9021930,8759483,0,16:05:28.586
000931.SZ,09:41:31.620,94131620,9021935,5.06,500,0.253,S,9021930,8863152,0,16:05:28.586
000931.SZ,09:41:31.620,94131620,9021936,5.06,200,0.1012,S,9021930,8956857,0,16:05:28.586
000931.SZ,09:41:31.620,94131620,9021937,5.06,300,0.1518,S,9021930,8969627,0,16:05:28.586
000931.SZ,09:41:31.620,94131620,9021938,5.06,400,0.2024,S,9021930,8972171,0,16:05:28.586
000931.SZ,09:41:31.620,94131620,9021939,5.06,400,0.2024,S,9021930,8972527,0,16:05:28.586
000931.SZ,09:41:31.620,94131620,9021940,5.06,800,0.4048,S,9021930,8972553,0,16:05:28.586
000931.SZ,09:41:33.280,94133280,9034008,5.06,200,0.1012,S,9034007,9033889,0,16:05:28.745
000931.SZ,09:41:33.280,94133280,9034023,5.06,200,0.1012,S,9034022,9033889,0,16:05:28.745
000931.SZ,09:41:33.280,94133280,9034043,5.06,100,0.0506,S,9034042,9033889,0,16:05:28.745
000931.SZ,09:41:33.300,94133300,9034151,0.0,1900,0.0,?,8351064,0,0,16:05:28.745
000931.SZ,09:41:33.360,94133360,9034555,0.0,3300,0.0,?,8350980,0,0,16:05:28.745
000931.SZ,09:41:33.360,94133360,9034564,0.0,100,0.0,?,8366899,0,0,16:05:28.745
000931.SZ,09:41:34.080,94134080,9040372,5.06,100,0.0506,B,9034103,9040371,0,16:05:28.946
000931.SZ,09:41:34.080,94134080,9040373,5.06,100,0.0506,B,9034120,9040371,0,16:05:28.946
000931.SZ,09:41:34.300,94134300,9042037,0.0,1000,0.0,?,8960044,0,0,16:05:28.946
000931.SZ,09:41:35.440,94135440,9050406,0.0,1900,0.0,?,9034178,0,0,16:05:29.125
000931.SZ,09:41:36.050,94136050,9054248,0.0,3000,0.0,?,6978217,0,0,16:05:29.125
000931.SZ,09:41:36.180,94136180,9055241,0.0,1400,0.0,?,8426341,0,0,16:05:29.222
000931.SZ,09:41:36.210,94136210,9055539,0.0,2800,0.0,?,8418708,0,0,16:05:29.222
000931.SZ,09:41:36.220,94136220,9055623,0.0,100,0.0,?,8411892,0,0,16:05:29.222
000931.SZ,09:41:36.240,94136240,9055765,0.0,500,0.0,?,8417961,0,0,16:05:29.222
000931.SZ,09:41:36.260,94136260,9055921,0.0,600,0.0,?,8424566,0,0,16:05:29.222
000931.SZ,09:41:36.270,94136270,9055979,0.0,1900,0.0,?,9035345,0,0,16:05:29.222
000931.SZ,09:41:36.290,94136290,9056102,5.06,2900,1.4674,B,9034814,9056101,0,16:05:29.222
000931.SZ,09:41:36.330,94136330,9056313,5.06,400,0.2024,B,9034814,9056312,0,16:05:29.222
000931.SZ,09:41:36.330,94136330,9056314,5.06,100,0.0506,B,9034835,9056312,0,16:05:29.222
000931.SZ,09:41:36.330,94136330,9056315,5.06,1000,0.506,B,9051213,9056312,0,16:05:29.222
000931.SZ,09:41:36.330,94136330,9056316,5.06,400,0.2024,B,9055269,9056312,0,16:05:29.222
000931.SZ,09:41:36.330,94136330,9056317,5.06,1900,0.9614,B,9055975,9056312,0,16:05:29.222
000931.SZ,09:41:36.330,94136330,9056342,5.06,100,0.0506,S,9056341,9056312,0,16:05:29.222
000931.SZ,09:41:36.330,94136330,9056344,5.06,300,0.1518,S,9056343,9056312,0,16:05:29.222
000931.SZ,09:41:36.330,94136330,9056347,5.06,300,0.1518,S,9056346,9056312,0,16:05:29.222
000931.SZ,09:41:36.330,94136330,9056350,5.06,100,0.0506,S,9056349,9056312,0,16:05:29.222
000931.SZ,09:41:36.330,94136330,9056356,5.06,100,0.0506,S,9056355,9056312,0,16:05:29.222
000931.SZ,09:41:36.330,94136330,9056369,5.06,200,0.1012,S,9056368,9056312,0,16:05:29.222
000931.SZ,09:41:36.350,94136350,9056462,5.06,100,0.0506,S,9056461,9056312,0,16:05:29.222
000931.SZ,09:41:36.780,94136780,9059826,5.06,800,0.4048,S,9059825,9056312,0,16:05:29.299
000931.SZ,09:41:36.960,94136960,9061123,5.06,100,0.0506,S,9061122,9056312,0,16:05:29.299
000931.SZ,09:41:36.960,94136960,9061124,5.06,400,0.2024,S,9061122,9056432,0,16:05:29.299
000931.SZ,09:41:36.970,94136970,9061127,0.0,3000,0.0,?,7956681,0,0,16:05:29.299
000931.SZ,09:41:36.970,94136970,9061128,0.0,800,0.0,?,7965894,0,0,16:05:29.299
000931.SZ,09:41:36.970,94136970,9061155,5.06,200,0.1012,S,9061154,9056432,0,16:05:29.299
000931.SZ,09:41:36.970,94136970,9061157,5.06,200,0.1012,S,9061156,9056432,0,16:05:29.299
000931.SZ,09:41:36.970,94136970,9061159,5.06,300,0.1518,S,9061158,9056432,0,16:05:29.299
000931.SZ,09:41:36.970,94136970,9061162,5.06,500,0.253,S,9061161,9056432,0,16:05:29.299
000931.SZ,09:41:37.030,94137030,9061572,0.0,1000,0.0,?,8814331,0,0,16:05:29.299
000931.SZ,09:41:37.080,94137080,9062020,5.06,600,0.3036,S,9062019,9056432,0,16:05:29.299
000931.SZ,09:41:37.540,94137540,9065884,5.06,100,0.0506,S,9065883,9056432,0,16:05:29.409
000931.SZ,09:41:37.570,94137570,9066129,5.06,1400,0.7084,S,9066128,9056432,0,16:05:29.409
000931.SZ,09:41:37.790,94137790,9067430,5.06,800,0.4048,S,9067429,9056432,0,16:05:29.409
000931.SZ,09:41:37.790,94137790,9067446,5.06,1400,0.7084,S,9067445,9056432,0,16:05:29.409
000931.SZ,09:41:37.790,94137790,9067447,5.06,1400,0.7084,S,9067445,9065424,0,16:05:29.409
000931.SZ,09:41:37.790,94137790,9067472,5.06,700,0.3542,S,9067471,9065424,0,16:05:29.409
000931.SZ,09:41:37.790,94137790,9067474,5.06,100,0.0506,S,9067473,9065424,0,16:05:29.409
000931.SZ,09:41:37.800,94137800,9067503,0.0,51900,0.0,?,9056345,0,0,16:05:29.409
000931.SZ,09:41:37.870,94137870,9067953,0.0,1500,0.0,?,8816254,0,0,16:05:29.502
000931.SZ,09:41:38.610,94138610,9073907,0.0,21800,0.0,?,9066195,0,0,16:05:29.581
000931.SZ,09:41:38.860,94138860,9075586,0.0,100,0.0,?,9067473,0,0,16:05:29.581
000931.SZ,09:41:39.810,94139810,9083082,5.06,100,0.0506,B,9068388,9083081,0,16:05:29.695
000931.SZ,09:41:39.810,94139810,9083083,5.06,600,0.3036,B,9073300,9083081,0,16:05:29.695
000931.SZ,09:41:39.810,94139810,9083084,5.06,1100,0.5566,B,9078531,9083081,0,16:05:29.695
000931.SZ,09:41:39.810,94139810,9083085,5.06,800,0.4048,B,9079657,9083081,0,16:05:29.695
000931.SZ,09:41:39.810,94139810,9083086,5.06,1000,0.506,B,9082353,9083081,0,16:05:29.695
000931.SZ,09:41:39.810,94139810,9083087,5.06,800,0.4048,B,9082886,9083081,0,16:05:29.695
000931.SZ,09:41:39.810,94139810,9083088,5.06,1500,0.759,B,9082892,9083081,0,16:05:29.695
000931.SZ,09:41:39.810,94139810,9083093,5.06,100,0.0506,B,9082892,9083092,0,16:05:29.695
000931.SZ,09:41:39.820,94139820,9083220,5.06,1900,0.9614,S,9083219,9083092,0,16:05:29.695
000931.SZ,09:41:39.820,94139820,9083239,5.06,600,0.3036,S,9083238,9083092,0,16:05:29.695
000931.SZ,09:41:39.830,94139830,9083418,5.06,1700,0.8602,S,9083417,9083092,0,16:05:29.695
000931.SZ,09:41:39.830,94139830,9083469,0.0,7100,0.0,?,0,9067596,0,16:05:29.695
000931.SZ,09:41:39.840,94139840,9083522,5.06,1600,0.8096,S,9083521,9083092,0,16:05:29.695
000931.SZ,09:41:39.840,94139840,9083523,5.06,700,0.3542,S,9083521,9083094,0,16:05:29.695
000931.SZ,09:41:39.840,94139840,9083596,5.06,1700,0.8602,S,9083595,9083094,0,16:05:29.753
000931.SZ,09:41:40.270,94140270,9088095,0.0,300,0.0,?,0,246172,0,16:05:29.943
000931.SZ,09:41:40.430,94140430,9089884,0.0,900,0.0,?,8716031,0,0,16:05:29.943
000931.SZ,09:41:41.190,94141190,9097579,5.06,400,0.2024,S,9097578,9083094,0,16:05:30.027
000931.SZ,09:41:41.750,94141750,9103001,5.06,900,0.4554,S,9103000,9083094,0,16:05:30.109
000931.SZ,09:41:41.760,94141760,9103024,5.06,1500,0.759,S,9103023,9083094,0,16:05:30.109
000931.SZ,09:41:41.760,94141760,9103063,5.06,700,0.3542,S,9103062,9083094,0,16:05:30.109
000931.SZ,09:41:41.760,94141760,9103064,5.06,100,0.0506,S,9103062,9083151,0,16:05:30.109
000931.SZ,09:41:41.760,94141760,9103068,5.06,900,0.4554,S,9103067,9083151,0,16:05:30.109
000931.SZ,09:41:41.760,94141760,9103073,5.06,500,0.253,S,9103072,9083151,0,16:05:30.109
000931.SZ,09:41:42.240,94142240,9107979,5.06,1400,0.7084,S,9107978,9083151,0,16:05:30.264
000931.SZ,09:41:42.300,94142300,9109114,0.0,300,0.0,?,8758968,0,0,16:05:30.264
000931.SZ,09:41:42.330,94142330,9109357,0.0,1600,0.0,?,8760586,0,0,16:05:30.264
000931.SZ,09:41:42.330,94142330,9109377,0.0,600,0.0,?,8759198,0,0,16:05:30.264
000931.SZ,09:41:42.480,94142480,9111172,5.06,700,0.3542,S,9111171,9110988,0,16:05:30.264
000931.SZ,09:41:42.490,94142490,9111264,0.0,29800,0.0,?,9083221,0,0,16:05:30.264
000931.SZ,09:41:42.630,94142630,9113257,0.0,300,0.0,?,0,246173,0,16:05:30.375
000931.SZ,09:41:42.770,94142770,9114481,0.0,43900,0.0,?,9103075,0,0,16:05:30.375
000931.SZ,09:41:43.300,94143300,9118908,5.06,200,0.1012,B,9111171,9118907,0,16:05:30.516
000931.SZ,09:41:43.300,94143300,9118909,5.06,1400,0.7084,B,9118849,9118907,0,16:05:30.516
000931.SZ,09:41:43.320,94143320,9119144,5.06,500,0.253,B,9118849,9119143,0,16:05:30.516
000931.SZ,09:41:43.330,94143330,9119281,5.06,400,0.2024,S,9119280,9119143,0,16:05:30.516
000931.SZ,09:41:43.500,94143500,9121121,5.07,200,0.1014,B,8758800,9121120,0,16:05:30.516
000931.SZ,09:41:43.500,94143500,9121122,5.07,200,0.1014,B,8759012,9121120,0,16:05:30.516
000931.SZ,09:41:43.500,94143500,9121123,5.07,2000,1.014,B,8763642,9121120,0,16:05:30.516
000931.SZ,09:41:43.500,94143500,9121124,5.07,400,0.2028,B,8807980,9121120,0,16:05:30.516
000931.SZ,09:41:43.500,94143500,9121125,5.07,400,0.2028,B,8841082,9121120,0,16:05:30.516
000931.SZ,09:41:44.050,94144050,9126575,0.0,1000,0.0,?,0,5777865,0,16:05:30.631
000931.SZ,09:41:45.160,94145160,9135506,5.06,2000,1.012,S,9135505,9119143,0,16:05:30.720
000931.SZ,09:41:45.160,94145160,9135536,5.06,3100,1.5686,S,9135535,9119257,0,16:05:30.720
000931.SZ,09:41:45.160,94145160,9135542,5.06,1900,0.9614,S,9135541,9119257,0,16:05:30.720
000931.SZ,09:41:45.180,94145180,9135643,0.0,7100,0.0,?,0,9111375,0,16:05:30.720
000931.SZ,09:41:45.180,94145180,9135654,5.06,500,0.253,S,9135653,9119257,0,16:05:30.720
000931.SZ,09:41:45.180,94145180,9135730,5.06,400,0.2024,S,9135729,9119257,0,16:05:30.832
000931.SZ,09:41:45.180,94145180,9135731,5.06,1900,0.9614,S,9135729,9119260,0,16:05:30.832
000931.SZ,09:41:47.160,94147160,9153038,0.0,3500,0.0,?,0,5091738,0,16:05:31.079
000931.SZ,09:41:48.170,94148170,9160687,0.0,400,0.0,?,6354228,0,0,16:05:31.298
000931.SZ,09:41:48.330,94148330,9162506,5.06,500,0.253,S,9162505,9119260,0,16:05:31.298
000931.SZ,09:41:51.090,94151090,9185153,5.07,600,0.3042,B,8841082,9185152,0,16:05:31.704
000931.SZ,09:41:51.090,94151090,9185154,5.07,1000,0.507,B,8869158,9185152,0,16:05:31.704
000931.SZ,09:41:51.090,94151090,9185155,5.07,100,0.0507,B,8870247,9185152,0,16:05:31.704
000931.SZ,09:41:51.090,94151090,9185156,5.07,100,0.0507,B,8878285,9185152,0,16:05:31.704
000931.SZ,09:41:51.090,94151090,9185157,5.07,100,0.0507,B,8887950,9185152,0,16:05:31.704
000931.SZ,09:41:51.090,94151090,9185158,5.07,1600,0.8112,B,8914321,9185152,0,16:05:31.704
000931.SZ,09:41:51.090,94151090,9185159,5.07,400,0.2028,B,8914325,9185152,0,16:05:31.704
000931.SZ,09:41:51.330,94151330,9187093,0.0,5900,0.0,?,0,9119268,0,16:05:31.833
000931.SZ,09:41:51.330,94151330,9187095,0.0,3500,0.0,?,0,9119260,0,16:05:31.833
000931.SZ,09:41:51.330,94151330,9187142,5.06,400,0.2024,S,9187141,9159814,0,16:05:31.833
000931.SZ,09:41:51.330,94151330,9187143,5.06,500,0.253,S,9187141,9159836,0,16:05:31.833
000931.SZ,09:41:51.330,94151330,9187144,5.06,800,0.4048,S,9187141,9183783,0,16:05:31.833
000931.SZ,09:41:51.330,94151330,9187154,5.06,200,0.1012,S,9187153,9183783,0,16:05:31.833
000931.SZ,09:41:51.340,94151340,9187251,0.0,9900,0.0,?,9135569,0,0,16:05:31.833
000931.SZ,09:41:51.340,94151340,9187252,0.0,18200,0.0,?,9119283,0,0,16:05:31.833
000931.SZ,09:41:52.120,94152120,9193976,0.0,9400,0.0,?,9185219,0,0,16:05:31.943
000931.SZ,09:41:52.370,94152370,9195693,0.0,36200,0.0,?,9187173,0,0,16:05:31.943
000931.SZ,09:41:53.850,94153850,9206094,0.0,100,0.0,?,8780985,0,0,16:05:32.201
000931.SZ,09:41:53.900,94153900,9206629,5.06,100,0.0506,B,9187153,9206628,0,16:05:32.201
000931.SZ,09:41:54.170,94154170,9208569,5.06,600,0.3036,B,9187153,9208568,0,16:05:32.201
000931.SZ,09:41:54.530,94154530,9212507,5.06,1000,0.506,B,9187153,9212506,0,16:05:32.343
000931.SZ,09:41:54.530,94154530,9212508,5.06,1900,0.9614,B,9187624,9212506,0,16:05:32.343
000931.SZ,09:41:54.530,94154530,9212511,5.06,5900,2.9854,B,9187648,9212510,0,16:05:32.343
000931.SZ,09:41:54.540,94154540,9212564,5.06,5900,2.9854,B,9187648,9212563,0,16:05:32.343
000931.SZ,09:41:54.560,94154560,9212682,5.06,5900,2.9854,B,9187648,9212681,0,16:05:32.343
000931.SZ,09:41:55.380,94155380,9219180,5.06,400,0.2024,B,9187648,9219179,0,16:05:32.484
000931.SZ,09:41:55.400,94155400,9219432,5.06,4100,2.0746,B,9187648,9219431,0,16:05:32.484
000931.SZ,09:41:55.400,94155400,9219433,5.06,1100,0.5566,B,9192796,9219431,0,16:05:32.484
000931.SZ,09:41:55.400,94155400,9219434,5.06,700,0.3542,B,9194758,9219431,0,16:05:32.484
000931.SZ,09:41:55.400,94155400,9219439,5.06,2300,1.1638,B,9194758,9219438,0,16:05:32.484
000931.SZ,09:41:55.400,94155400,9219440,5.06,3600,1.8216,B,9212289,9219438,0,16:05:32.484
000931.SZ,09:41:55.400,94155400,9219443,5.06,1400,0.7084,B,9212289,9219442,0,16:05:32.484
000931.SZ,09:41:55.410,94155410,9219496,5.06,300,0.1518,S,9219495,9219442,0,16:05:32.484
000931.SZ,09:41:55.420,94155420,9219621,0.0,7100,0.0,?,0,9187378,0,16:05:32.484
000931.SZ,09:41:56.910,94156910,9230234,0.0,1400,0.0,?,0,9219502,0,16:05:32.626
000931.SZ,09:41:57.380,94157380,9233411,5.06,400,0.2024,S,9233410,9219442,0,16:05:32.626
000931.SZ,09:41:57.390,94157390,9233475,5.06,800,0.4048,S,9233474,9219442,0,16:05:32.626
000931.SZ,09:42:01.080,94201080,9262547,5.05,100,0.0505,S,9262546,1617710,0,16:05:33.437
000931.SZ,09:42:01.080,94201080,9262548,5.05,100,0.0505,S,9262546,1674004,0,16:05:33.437
000931.SZ,09:42:01.080,94201080,9262549,5.05,1000,0.505,S,9262546,1675872,0,16:05:33.437
000931.SZ,09:42:01.090,94201090,9262616,5.05,600,0.303,S,9262615,1675872,0,16:05:33.437
000931.SZ,09:42:01.090,94201090,9262617,5.05,100,0.0505,S,9262615,1676380,0,16:05:33.437
000931.SZ,09:42:01.090,94201090,9262618,5.05,100,0.0505,S,9262615,1676462,0,16:05:33.437
000931.SZ,09:42:01.090,94201090,9262619,5.05,200,0.101,S,9262615,1676473,0,16:05:33.437
000931.SZ,09:42:01.130,94201130,9262815,5.05,700,0.3535,S,9262814,1676473,0,16:05:33.437
000931.SZ,09:42:01.130,94201130,9262816,5.05,100,0.0505,S,9262814,1676485,0,16:05:33.437
000931.SZ,09:42:01.130,94201130,9262817,5.05,100,0.0505,S,9262814,1676527,0,16:05:33.437
000931.SZ,09:42:01.130,94201130,9262818,5.05,100,0.0505,S,9262814,1686025,0,16:05:33.437
000931.SZ,09:42:03.350,94203350,9279703,5.06,500,0.253,B,9233623,9279702,0,16:05:33.735
000931.SZ,09:42:04.940,94204940,9291895,5.06,3700,1.8722,B,9233623,9291894,0,16:05:33.971
000931.SZ,09:42:06.380,94206380,9303561,0.0,2800,0.0,?,9255628,0,0,16:05:34.202
000931.SZ,09:42:06.730,94206730,9306510,0.0,1900,0.0,?,0,5604329,0,16:05:34.327
000931.SZ,09:42:07.510,94207510,9312837,0.0,1000,0.0,?,0,6380624,0,16:05:34.437
000931.SZ,09:42:08.010,94208010,9316739,0.0,2700,0.0,?,9306890,0,0,16:05:34.437
000931.SZ,09:42:09.910,94209910,9331632,0.0,2500,0.0,?,9323361,0,0,16:05:34.796
000931.SZ,09:42:10.560,94210560,9336639,5.06,400,0.2024,B,9233623,9336638,0,16:05:34.940
000931.SZ,09:42:12.040,94212040,9347443,0.0,2400,0.0,?,9338793,0,0,16:05:35.033
000931.SZ,09:42:12.270,94212270,9349095,5.06,1600,0.8096,B,9233623,9349094,0,16:05:35.168
000931.SZ,09:42:13.610,94213610,9359995,0.0,400,0.0,?,8534277,0,0,16:05:35.310
000931.SZ,09:42:14.000,94214000,9362713,0.0,2200,0.0,?,9353869,0,0,16:05:35.433
000931.SZ,09:42:17.370,94217370,9387839,0.0,10000,0.0,?,0,8106660,0,16:05:35.842
000931.SZ,09:42:17.380,94217380,9387962,0.0,1200,0.0,?,9233623,0,0,16:05:35.842
000931.SZ,09:42:17.380,94217380,9387964,0.0,4700,0.0,?,9219714,0,0,16:05:35.842
000931.SZ,09:42:17.400,94217400,9388130,0.0,44800,0.0,?,9294008,0,0,16:05:35.842
000931.SZ,09:42:17.440,94217440,9388878,0.0,1800,0.0,?,0,2905894,0,16:05:35.842
000931.SZ,09:42:17.980,94217980,9394474,5.05,500,0.2525,S,9394473,1686025,0,16:05:35.937
000931.SZ,09:42:18.340,94218340,9398038,0.0,2000,0.0,?,9369068,0,0,16:05:36.047
000931.SZ,09:42:20.620,94220620,9417476,0.0,900,0.0,?,0,9262614,0,16:05:36.372
000931.SZ,09:42:20.620,94220620,9417482,5.05,200,0.101,S,9417481,1686025,0,16:05:36.372
000931.SZ,09:42:20.620,94220620,9417483,5.05,800,0.404,S,9417481,1689206,0,16:05:36.372
000931.SZ,09:42:21.970,94221970,9426605,0.0,300,0.0,?,5213165,0,0,16:05:36.653
000931.SZ,09:42:23.700,94223700,9439207,5.06,100,0.0506,B,9238077,9439206,0,16:05:36.794
000931.SZ,09:42:27.830,94227830,9470613,5.06,400,0.2024,B,9238077,9470612,0,16:05:37.496
000931.SZ,09:42:28.600,94228600,9476624,5.06,500,0.253,B,9238077,9476623,0,16:05:37.606
000931.SZ,09:42:28.600,94228600,9476625,5.06,1000,0.506,B,9238919,9476623,0,16:05:37.606
000931.SZ,09:42:28.600,94228600,9476626,5.06,1000,0.506,B,9309625,9476623,0,16:05:37.606
000931.SZ,09:42:28.600,94228600,9476627,5.06,400,0.2024,B,9397422,9476623,0,16:05:37.606
000931.SZ,09:42:28.600,94228600,9476628,5.06,100,0.0506,B,9397424,9476623,0,16:05:37.606
000931.SZ,09:42:28.960,94228960,9479126,0.0,1000,0.0,?,740934,0,0,16:05:37.606
000931.SZ,09:42:30.580,94230580,9491514,5.06,300,0.1518,B,9397424,9491513,0,16:05:37.889
000931.SZ,09:42:30.580,94230580,9491515,5.06,200,0.1012,B,9421658,9491513,0,16:05:37.889
000931.SZ,09:42:30.580,94230580,9491516,5.06,100,0.0506,B,9439314,9491513,0,16:05:37.889
000931.SZ,09:42:30.590,94230590,9491583,5.06,100,0.0506,B,9439314,9491582,0,16:05:37.889
000931.SZ,09:42:30.590,94230590,9491584,5.06,400,0.2024,B,9449669,9491582,0,16:05:37.889
000931.SZ,09:42:30.590,94230590,9491585,5.06,100,0.0506,B,9472277,9491582,0,16:05:37.889
000931.SZ,09:42:30.880,94230880,9493979,5.06,1900,0.9614,B,9472277,9493978,0,16:05:37.889
000931.SZ,09:42:30.880,94230880,9493980,5.06,1000,0.506,B,9493869,9493978,0,16:05:37.889
000931.SZ,09:42:31.390,94231390,9498058,5.06,100,0.0506,S,9498057,9493978,0,16:05:38.044
000931.SZ,09:42:31.480,94231480,9499024,5.06,2900,1.4674,S,9499023,9493978,0,16:05:38.044
000931.SZ,09:42:31.480,94231480,9499025,5.06,5900,2.9854,S,9499023,9493983,0,16:05:38.044
000931.SZ,09:42:31.480,94231480,9499026,5.06,2900,1.4674,S,9499023,9493990,0,16:05:38.044
000931.SZ,09:42:31.900,94231900,9502436,0.0,33700,0.0,?,9494002,0,0,16:05:38.044
000931.SZ,09:42:32.130,94232130,9504325,5.06,1000,0.506,B,9499426,9504324,0,16:05:38.044
000931.SZ,09:42:32.130,94232130,9504326,5.06,1500,0.759,B,9499533,9504324,0,16:05:38.044
000931.SZ,09:42:32.430,94232430,9506608,0.0,100,0.0,?,0,9409226,0,16:05:38.166
000931.SZ,09:42:33.350,94233350,9512809,5.06,700,0.3542,B,9499533,9512808,0,16:05:38.274
000931.SZ,09:42:33.880,94233880,9517314,5.06,100,0.0506,B,9499533,9517313,0,16:05:38.274
000931.SZ,09:42:38.610,94238610,9551652,5.05,1600,0.808,S,9551651,1689206,0,16:05:39.012
000931.SZ,09:42:38.610,94238610,9551653,5.05,1100,0.5555,S,9551651,1690011,0,16:05:39.012
000931.SZ,09:42:38.610,94238610,9551654,5.05,500,0.2525,S,9551651,1718378,0,16:05:39.012
000931.SZ,09:42:38.610,94238610,9551655,5.05,400,0.202,S,9551651,1898141,0,16:05:39.012
000931.SZ,09:42:38.610,94238610,9551656,5.05,2000,1.01,S,9551651,2058622,0,16:05:39.012
000931.SZ,09:42:38.610,94238610,9551657,5.05,500,0.2525,S,9551651,2283705,0,16:05:39.012
000931.SZ,09:42:38.610,94238610,9551658,5.05,2000,1.01,S,9551651,2730178,0,16:05:39.012
000931.SZ,09:42:38.610,94238610,9551659,5.05,4600,2.323,S,9551651,3096744,0,16:05:39.012
000931.SZ,09:42:38.610,94238610,9551660,5.05,5000,2.525,S,9551651,3814516,0,16:05:39.012
000931.SZ,09:42:38.610,94238610,9551661,5.05,1400,0.707,S,9551651,3957393,0,16:05:39.012
000931.SZ,09:42:38.610,94238610,9551662,5.05,1000,0.505,S,9551651,4564800,0,16:05:39.012
000931.SZ,09:42:38.610,94238610,9551663,5.05,600,0.303,S,9551651,5142242,0,16:05:39.012
000931.SZ,09:42:38.610,94238610,9551664,5.05,11100,5.6055,S,9551651,5793658,0,16:05:39.012
000931.SZ,09:42:38.610,94238610,9551665,5.05,1000,0.505,S,9551651,5810488,0,16:05:39.012
000931.SZ,09:42:38.610,94238610,9551666,5.05,2100,1.0605,S,9551651,6851131,0,16:05:39.012
000931.SZ,09:42:38.610,94238610,9551667,5.05,5000,2.525,S,9551651,7687719,0,16:05:39.012
000931.SZ,09:42:38.610,94238610,9551668,5.05,2000,1.01,S,9551651,8082183,0,16:05:39.012
000931.SZ,09:42:38.610,94238610,9551669,5.05,500,0.2525,S,9551651,8639136,0,16:05:39.012
000931.SZ,09:42:38.610,94238610,9551670,5.05,100,0.0505,S,9551651,9035304,0,16:05:39.012
000931.SZ,09:42:38.610,94238610,9551671,5.05,1700,0.8585,S,9551651,9035319,0,16:05:39.012
000931.SZ,09:42:38.610,94238610,9551672,5.05,1500,0.7575,S,9551651,9252071,0,16:05:39.012
000931.SZ,09:42:38.610,94238610,9551673,5.05,500,0.2525,S,9551651,9255425,0,16:05:39.012
000931.SZ,09:42:38.610,94238610,9551674,5.05,24100,12.1705,S,9551651,9301135,0,16:05:39.012
000931.SZ,09:42:38.620,94238620,9551709,5.05,700,0.3535,S,9551708,9301135,0,16:05:39.012
000931.SZ,09:42:38.620,94238620,9551715,5.05,5200,2.626,S,9551714,9301135,0,16:05:39.012
000931.SZ,09:42:38.620,94238620,9551716,5.05,1600,0.808,S,9551714,9352470,0,16:05:39.012
000931.SZ,09:42:38.620,94238620,9551717,5.05,400,0.202,S,9551714,9539745,0,16:05:39.012
000931.SZ,09:42:38.650,94238650,9551880,0.0,1900,0.0,?,8551588,0,0,16:05:39.012
000931.SZ,09:42:38.650,94238650,9551881,0.0,500,0.0,?,8704679,0,0,16:05:39.012
000931.SZ,09:42:39.300,94239300,9556278,5.05,200,0.101,B,9551714,9556277,0,16:05:39.106
000931.SZ,09:42:39.300,94239300,9556280,5.05,200,0.101,B,9551714,9556279,0,16:05:39.106
000931.SZ,09:42:39.300,94239300,9556282,5.05,300,0.1515,B,9551714,9556281,0,16:05:39.106
000931.SZ,09:42:39.300,94239300,9556284,5.05,200,0.101,B,9551714,9556283,0,16:05:39.106
000931.SZ,09:42:39.300,94239300,9556286,5.05,200,0.101,B,9551714,9556285,0,16:05:39.106
000931.SZ,09:42:39.300,94239300,9556288,5.05,200,0.101,B,9551714,9556287,0,16:05:39.106
000931.SZ,09:42:39.300,94239300,9556290,5.05,200,0.101,B,9551714,9556289,0,16:05:39.106
000931.SZ,09:42:39.300,94239300,9556292,5.05,200,0.101,B,9551714,9556291,0,16:05:39.106
000931.SZ,09:42:39.300,94239300,9556294,5.05,300,0.1515,B,9551714,9556293,0,16:05:39.106
000931.SZ,09:42:39.300,94239300,9556296,5.05,200,0.101,B,9551714,9556295,0,16:05:39.106
000931.SZ,09:42:39.300,94239300,9556298,5.05,200,0.101,B,9551733,9556297,0,16:05:39.106
000931.SZ,09:42:39.300,94239300,9556300,5.05,300,0.1515,B,9551733,9556299,0,16:05:39.106
000931.SZ,09:42:39.300,94239300,9556302,5.05,200,0.101,B,9551733,9556301,0,16:05:39.106
000931.SZ,09:42:39.300,94239300,9556304,5.05,300,0.1515,B,9551733,9556303,0,16:05:39.106
000931.SZ,09:42:39.300,94239300,9556306,5.05,200,0.101,B,9551733,9556305,0,16:05:39.106
000931.SZ,09:42:39.300,94239300,9556308,5.05,200,0.101,B,9551733,9556307,0,16:05:39.106
000931.SZ,09:42:39.300,94239300,9556309,5.05,400,0.202,B,9551745,9556307,0,16:05:39.106
000931.SZ,09:42:39.300,94239300,9556311,5.05,200,0.101,B,9551745,9556310,0,16:05:39.106
000931.SZ,09:42:39.300,94239300,9556313,5.05,200,0.101,B,9551745,9556312,0,16:05:39.106
000931.SZ,09:42:39.300,94239300,9556315,5.05,200,0.101,B,9551745,9556314,0,16:05:39.106
000931.SZ,09:42:39.300,94239300,9556317,5.05,200,0.101,B,9551745,9556316,0,16:05:39.106
000931.SZ,09:42:39.300,94239300,9556319,5.05,200,0.101,B,9551746,9556318,0,16:05:39.106
000931.SZ,09:42:39.300,94239300,9556320,5.05,100,0.0505,B,9551806,9556318,0,16:05:39.106
000931.SZ,09:42:39.300,94239300,9556322,5.05,200,0.101,B,9551806,9556321,0,16:05:39.106
000931.SZ,09:42:39.300,94239300,9556324,5.05,200,0.101,B,9551806,9556323,0,16:05:39.106
000931.SZ,09:42:39.300,94239300,9556326,5.05,200,0.101,B,9551806,9556325,0,16:05:39.106
000931.SZ,09:42:39.300,94239300,9556328,5.05,200,0.101,B,9551806,9556327,0,16:05:39.106
000931.SZ,09:42:39.300,94239300,9556330,5.05,300,0.1515,B,9551806,9556329,0,16:05:39.106
000931.SZ,09:42:39.300,94239300,9556332,5.05,300,0.1515,B,9551806,9556331,0,16:05:39.106
000931.SZ,09:42:39.330,94239330,9556586,5.05,200,0.101,S,9556585,9556333,0,16:05:39.106
000931.SZ,09:42:39.330,94239330,9556587,5.05,200,0.101,S,9556585,9556334,0,16:05:39.106
000931.SZ,09:42:39.330,94239330,9556588,5.05,300,0.1515,S,9556585,9556335,0,16:05:39.106
000931.SZ,09:42:39.330,94239330,9556589,5.05,200,0.101,S,9556585,9556336,0,16:05:39.106
000931.SZ,09:42:39.330,94239330,9556590,5.05,100,0.0505,S,9556585,9556338,0,16:05:39.106
000931.SZ,09:42:39.330,94239330,9556591,5.05,200,0.101,S,9556585,9556339,0,16:05:39.106
000931.SZ,09:42:39.330,94239330,9556592,5.05,100,0.0505,S,9556585,9556340,0,16:05:39.106
000931.SZ,09:42:39.330,94239330,9556593,5.05,100,0.0505,S,9556585,9556342,0,16:05:39.106
000931.SZ,09:42:39.330,94239330,9556594,5.05,300,0.1515,S,9556585,9556498,0,16:05:39.106
000931.SZ,09:42:39.350,94239350,9556811,5.05,2100,1.0605,S,9556810,9556498,0,16:05:39.106
000931.SZ,09:42:39.350,94239350,9556817,5.05,1900,0.9595,S,9556816,9556498,0,16:05:39.106
000931.SZ,09:42:39.370,94239370,9557004,0.0,1000,0.0,?,8429673,0,0,16:05:39.106
000931.SZ,09:42:39.370,94239370,9557051,5.05,1600,0.808,S,9557050,9556498,0,16:05:39.106
000931.SZ,09:42:39.370,94239370,9557052,5.05,900,0.4545,S,9557050,9556499,0,16:05:39.106
000931.SZ,09:42:39.630,94239630,9559234,0.0,73900,0.0,?,9551706,0,0,16:05:39.106
000931.SZ,09:42:39.790,94239790,9560914,5.05,800,0.404,S,9560913,9556499,0,16:05:39.226
000931.SZ,09:42:39.800,94239800,9560983,5.05,1100,0.5555,S,9560982,9556499,0,16:05:39.226
000931.SZ,09:42:39.800,94239800,9560985,5.05,2400,1.212,S,9560984,9556499,0,16:05:39.226
000931.SZ,09:42:40.000,94240000,9562525,5.05,700,0.3535,S,9562524,9556499,0,16:05:39.226
000931.SZ,09:42:40.000,94240000,9562526,5.05,400,0.202,S,9562524,9556512,0,16:05:39.226
000931.SZ,09:42:40.110,94240110,9563762,0.0,900,0.0,?,9238743,0,0,16:05:39.226
000931.SZ,09:42:40.110,94240110,9563763,0.0,1000,0.0,?,9238755,0,0,16:05:39.226
000931.SZ,09:42:40.270,94240270,9565546,5.05,900,0.4545,S,9565545,9556512,0,16:05:39.336
000931.SZ,09:42:40.920,94240920,9571697,5.05,1000,0.505,S,9571696,9556512,0,16:05:39.460
000931.SZ,09:42:41.980,94241980,9581711,5.06,800,0.4048,B,9499533,9581710,0,16:05:39.604
000931.SZ,09:42:42.240,94242240,9584167,5.05,1900,0.9595,S,9584166,9556512,0,16:05:39.604
000931.SZ,09:42:42.250,94242250,9584196,5.05,700,0.3535,S,9584195,9556512,0,16:05:39.604
000931.SZ,09:42:42.820,94242820,9590279,0.0,4000,0.0,?,8051973,0,0,16:05:39.744
000931.SZ,09:42:44.620,94244620,9608320,5.05,100,0.0505,S,9608319,9556512,0,16:05:40.026
000931.SZ,09:42:44.650,94244650,9608521,0.0,110400,0.0,?,7730922,0,0,16:05:40.026
000931.SZ,09:42:45.210,94245210,9612333,5.05,900,0.4545,S,9612332,9556512,0,16:05:40.136
000931.SZ,09:42:45.210,94245210,9612334,5.05,1000,0.505,S,9612332,9556528,0,16:05:40.136
000931.SZ,09:42:45.210,94245210,9612337,5.05,1900,0.9595,S,9612336,9556528,0,16:05:40.136
000931.SZ,09:42:45.210,94245210,9612338,5.05,200,0.101,S,9612336,9556534,0,16:05:40.136
000931.SZ,09:42:45.210,94245210,9612339,5.05,100,0.0505,S,9612336,9556674,0,16:05:40.136
000931.SZ,09:42:45.210,94245210,9612374,5.05,100,0.0505,S,9612373,9556674,0,16:05:40.136
000931.SZ,09:42:45.210,94245210,9612375,5.05,200,0.101,S,9612373,9595773,0,16:05:40.136
000931.SZ,09:42:45.210,94245210,9612379,5.05,900,0.4545,S,9612378,9595773,0,16:05:40.136
000931.SZ,09:42:45.210,94245210,9612381,5.05,800,0.404,S,9612380,9595773,0,16:05:40.136
000931.SZ,09:42:45.210,94245210,9612383,5.05,900,0.4545,S,9612382,9595773,0,16:05:40.136
000931.SZ,09:42:45.230,94245230,9612462,5.05,100,0.0505,S,9612461,9595773,0,16:05:40.136
000931.SZ,09:42:45.230,94245230,9612542,0.0,1900,0.0,?,9111102,0,0,16:05:40.136
000931.SZ,09:42:45.270,94245270,9612717,0.0,13300,0.0,?,0,9226013,0,16:05:40.136
000931.SZ,09:42:45.540,94245540,9615040,5.05,100,0.0505,B,9612461,9615039,0,16:05:40.136
000931.SZ,09:42:45.540,94245540,9615041,5.05,200,0.101,B,9612639,9615039,0,16:05:40.136
000931.SZ,09:42:46.410,94246410,9621452,0.0,1000,0.0,?,9534863,0,0,16:05:40.334
000931.SZ,09:42:47.900,94247900,9632163,0.0,100,0.0,?,9236983,0,0,16:05:40.444
000931.SZ,09:42:48.370,94248370,9635393,0.0,3500,0.0,?,9584698,0,0,16:05:40.570
000931.SZ,09:42:48.800,94248800,9638270,0.0,1700,0.0,?,9612639,0,0,16:05:40.570
000931.SZ,09:42:56.010,94256010,9704249,5.05,1000,0.505,B,9614977,9704248,0,16:05:41.806
000931.SZ,09:42:56.010,94256010,9704250,5.05,1100,0.5555,B,9621453,9704248,0,16:05:41.806
000931.SZ,09:42:56.010,94256010,9704251,5.05,2300,1.1615,B,9635387,9704248,0,16:05:41.806
000931.SZ,09:42:56.010,94256010,9704252,5.05,800,0.404,B,9638221,9704248,0,16:05:41.806
000931.SZ,09:42:56.010,94256010,9704253,5.05,100,0.0505,B,9638599,9704248,0,16:05:41.806
000931.SZ,09:42:56.010,94256010,9704254,5.05,1000,0.505,B,9638664,9704248,0,16:05:41.806
000931.SZ,09:42:56.010,94256010,9704255,5.05,2300,1.1615,B,9646509,9704248,0,16:05:41.806
000931.SZ,09:42:57.580,94257580,9717396,5.05,1000,0.505,B,9646509,9717395,0,16:05:42.072
000931.SZ,09:42:58.320,94258320,9723904,5.05,800,0.404,B,9646509,9723903,0,16:05:42.223
000931.SZ,09:42:58.320,94258320,9723905,5.05,1700,0.8585,B,9648759,9723903,0,16:05:42.223
000931.SZ,09:42:58.320,94258320,9723906,5.05,100,0.0505,B,9658839,9723903,0,16:05:42.223
000931.SZ,09:42:58.320,94258320,9723907,5.05,1600,0.808,B,9661883,9723903,0,16:05:42.223
000931.SZ,09:42:58.320,94258320,9723908,5.05,1000,0.505,B,9664737,9723903,0,16:05:42.223
000931.SZ,09:42:58.320,94258320,9723909,5.05,900,0.4545,B,9671538,9723903,0,16:05:42.223
000931.SZ,09:43:01.170,94301170,9748048,0.0,1200,0.0,?,8988292,0,0,16:05:42.819
000931.SZ,09:43:01.190,94301190,9748243,0.0,8500,0.0,?,0,9551761,0,16:05:42.819
000931.SZ,09:43:01.420,94301420,9750534,5.05,100,0.0505,B,9671538,9750533,0,16:05:42.819
000931.SZ,09:43:01.420,94301420,9750535,5.05,400,0.202,B,9686621,9750533,0,16:05:42.819
000931.SZ,09:43:01.420,94301420,9750536,5.05,1600,0.808,B,9719590,9750533,0,16:05:42.819
000931.SZ,09:43:01.420,94301420,9750537,5.05,2100,1.0605,B,9719641,9750533,0,16:05:42.819
000931.SZ,09:43:01.420,94301420,9750538,5.05,800,0.404,B,9719682,9750533,0,16:05:42.819
000931.SZ,09:43:01.420,94301420,9750539,5.05,1100,0.5555,B,9720675,9750533,0,16:05:42.819
000931.SZ,09:43:01.420,94301420,9750540,5.05,1000,0.505,B,9721253,9750533,0,16:05:42.819
000931.SZ,09:43:01.420,94301420,9750541,5.05,1500,0.7575,B,9721611,9750533,0,16:05:42.819
000931.SZ,09:43:01.420,94301420,9750542,5.05,1000,0.505,B,9722020,9750533,0,16:05:42.819
000931.SZ,09:43:01.420,94301420,9750543,5.05,500,0.2525,B,9724712,9750533,0,16:05:42.819
000931.SZ,09:43:02.950,94302950,9765467,0.0,1200,0.0,?,9185456,0,0,16:05:43.055
000931.SZ,09:43:03.660,94303660,9771450,5.05,800,0.404,B,9724712,9771449,0,16:05:43.237
000931.SZ,09:43:03.660,94303660,9771451,5.05,100,0.0505,B,9730319,9771449,0,16:05:43.237
000931.SZ,09:43:04.860,94304860,9782482,5.04,1100,0.5544,S,9782481,182417,0,16:05:43.443
000931.SZ,09:43:11.220,94311220,9832285,0.0,2000,0.0,?,9658088,0,0,16:05:44.473
000931.SZ,09:43:13.310,94313310,9847004,5.04,400,0.2016,S,9847003,182417,0,16:05:44.725
000931.SZ,09:43:13.310,94313310,9847005,5.04,200,0.1008,S,9847003,316476,0,16:05:44.725
000931.SZ,09:43:13.310,94313310,9847006,5.04,400,0.2016,S,9847003,1617189,0,16:05:44.725
000931.SZ,09:43:13.310,94313310,9847007,5.04,2000,1.008,S,9847003,4046664,0,16:05:44.725
000931.SZ,09:43:13.310,94313310,9847008,5.04,1100,0.5544,S,9847003,6562008,0,16:05:44.725
000931.SZ,09:43:15.230,94315230,9859648,0.0,2000,0.0,?,8279262,0,0,16:05:45.022
000931.SZ,09:43:17.540,94317540,9876077,0.0,600,0.0,?,8684065,0,0,16:05:45.316
000931.SZ,09:43:17.550,94317550,9876113,0.0,500,0.0,?,0,9646537,0,16:05:45.316
000931.SZ,09:43:17.690,94317690,9877214,5.04,3900,1.9656,S,9877213,6562008,0,16:05:45.316
000931.SZ,09:43:17.690,94317690,9877215,5.04,500,0.252,S,9877213,7186860,0,16:05:45.316
000931.SZ,09:43:17.690,94317690,9877216,5.04,5000,2.52,S,9877213,8954548,0,16:05:45.316
000931.SZ,09:43:17.690,94317690,9877217,5.04,1000,0.504,S,9877213,9262808,0,16:05:45.316
000931.SZ,09:43:17.690,94317690,9877218,5.04,1000,0.504,S,9877213,9300209,0,16:05:45.316
000931.SZ,09:43:17.690,94317690,9877219,5.04,1000,0.504,S,9877213,9381642,0,16:05:45.316
000931.SZ,09:43:17.690,94317690,9877220,5.04,100,0.0504,S,9877213,9681925,0,16:05:45.316
000931.SZ,09:43:17.690,94317690,9877221,5.04,1000,0.504,S,9877213,9778421,0,16:05:45.316
000931.SZ,09:43:17.690,94317690,9877222,5.04,200,0.1008,S,9877213,9831736,0,16:05:45.316
000931.SZ,09:43:17.690,94317690,9877223,5.04,2500,1.26,S,9877213,9838784,0,16:05:45.316
000931.SZ,09:43:17.700,94317700,9877243,5.04,1500,0.756,B,9877213,9877242,0,16:05:45.316
000931.SZ,09:43:17.700,94317700,9877245,5.04,10600,5.3424,B,9877213,9877244,0,16:05:45.316
000931.SZ,09:43:17.700,94317700,9877246,0.0,500,0.0,?,8756982,0,0,16:05:45.316
000931.SZ,09:43:17.700,94317700,9877247,0.0,300,0.0,?,8756969,0,0,16:05:45.316
000931.SZ,09:43:18.810,94318810,9885294,0.0,10600,0.0,?,0,9877276,0,16:05:45.581
000931.SZ,09:43:18.900,94318900,9885805,0.0,1500,0.0,?,0,9877244,0,16:05:45.581
000931.SZ,09:43:19.330,94319330,9888490,0.0,500,0.0,?,0,8878496,0,16:05:45.581
000931.SZ,09:43:19.890,94319890,9892369,0.0,6000,0.0,?,0,9881736,0,16:05:45.691
000931.SZ,09:43:22.890,94322890,9912672,5.04,500,0.252,S,9912671,9901870,0,16:05:46.084
000931.SZ,09:43:22.890,94322890,9912673,5.04,200,0.1008,S,9912671,9912531,0,16:05:46.084
000931.SZ,09:43:22.890,94322890,9912685,5.04,1700,0.8568,B,9912671,9912684,0,16:05:46.084
000931.SZ,09:43:24.070,94324070,9919101,0.0,1700,0.0,?,0,9913082,0,16:05:46.209
000931.SZ,09:43:24.360,94324360,9920802,0.0,2200,0.0,?,9881650,0,0,16:05:46.209
000931.SZ,09:43:26.070,94326070,9932048,0.0,200,0.0,?,310627,0,0,16:05:46.517
000931.SZ,09:43:29.040,94329040,9949760,0.0,5000,0.0,?,385239,0,0,16:05:46.879
000931.SZ,09:43:31.150,94331150,9962234,5.05,500,0.2525,B,9730319,9962233,0,16:05:47.161
000931.SZ,09:43:36.560,94336560,9996864,5.04,900,0.4536,S,9996863,9912687,0,16:05:47.878
000931.SZ,09:43:36.560,94336560,9996865,5.04,700,0.3528,S,9996863,9912688,0,16:05:47.878
000931.SZ,09:43:36.560,94336560,9996866,5.04,400,0.2016,S,9996863,9912689,0,16:05:47.878
000931.SZ,09:43:40.080,94340080,10019385,5.04,100,0.0504,S,10019384,9912689,0,16:05:48.243
000931.SZ,09:43:40.080,94340080,10019386,5.04,1500,0.756,S,10019384,9913148,0,16:05:48.243
000931.SZ,09:43:43.600,94343600,10042324,5.05,500,0.2525,B,9730319,10042323,0,16:05:48.720
000931.SZ,09:43:43.600,94343600,10042325,5.05,800,0.404,B,9736563,10042323,0,16:05:48.720
000931.SZ,09:43:43.600,94343600,10042326,5.05,1600,0.808,B,9748049,10042323,0,16:05:48.720
000931.SZ,09:43:43.600,94343600,10042327,5.05,1700,0.8585,B,9748051,10042323,0,16:05:48.720
000931.SZ,09:43:43.600,94343600,10042328,5.05,800,0.404,B,9750276,10042323,0,16:05:48.720
000931.SZ,09:43:43.600,94343600,10042329,5.05,1000,0.505,B,9765282,10042323,0,16:05:48.720
000931.SZ,09:43:43.600,94343600,10042330,5.05,1600,0.808,B,9765468,10042323,0,16:05:48.720
000931.SZ,09:43:43.600,94343600,10042331,5.05,400,0.202,B,9773192,10042323,0,16:05:48.720
000931.SZ,09:43:43.600,94343600,10042332,5.05,1000,0.505,B,9775190,10042323,0,16:05:48.720
000931.SZ,09:43:43.600,94343600,10042333,5.05,1000,0.505,B,9775194,10042323,0,16:05:48.720
000931.SZ,09:43:43.600,94343600,10042334,5.05,200,0.101,B,9775572,10042323,0,16:05:48.720
000931.SZ,09:43:43.600,94343600,10042335,5.05,400,0.202,B,9775608,10042323,0,16:05:48.720
000931.SZ,09:43:45.020,94345020,10051362,5.04,1300,0.6552,S,10051361,9913148,0,16:05:48.926
000931.SZ,09:43:45.040,94345040,10051461,0.0,80000,0.0,?,0,133497,0,16:05:48.926
000931.SZ,09:43:46.130,94346130,10058524,0.0,800,0.0,?,8640328,0,0,16:05:49.085
000931.SZ,09:43:49.080,94349080,10079198,5.05,200,0.101,B,9775608,10079197,0,16:05:49.435
000931.SZ,09:43:49.080,94349080,10079203,5.05,200,0.101,B,9775608,10079202,0,16:05:49.435
000931.SZ,09:43:51.900,94351900,10096713,0.0,1900,0.0,?,9855720,0,0,16:05:49.878
000931.SZ,09:43:53.440,94353440,10107341,0.0,100,0.0,?,0,10022330,0,16:05:50.049
000931.SZ,09:43:54.040,94354040,10112678,0.0,2600,0.0,?,9832283,0,0,16:05:50.161
000931.SZ,09:43:54.280,94354280,10115143,5.05,100,0.0505,B,9775608,10115142,0,16:05:50.161
000931.SZ,09:43:57.280,94357280,10139812,5.04,1600,0.8064,S,10139811,9913148,0,16:05:50.607
000931.SZ,09:43:57.290,94357290,10139870,0.0,1600,0.0,?,0,9913148,0,16:05:50.607
000931.SZ,09:43:57.350,94357350,10140288,5.04,100,0.0504,S,10140287,9919224,0,16:05:50.607
000931.SZ,09:43:57.350,94357350,10140289,5.04,300,0.1512,S,10140287,9938023,0,16:05:50.607
000931.SZ,09:43:57.350,94357350,10140290,5.04,100,0.0504,S,10140287,9944242,0,16:05:50.607
000931.SZ,09:43:58.260,94358260,10146272,0.0,1000,0.0,?,9509030,0,0,16:05:50.830
000931.SZ,09:43:58.480,94358480,10147708,0.0,100,0.0,?,8683282,0,0,16:05:50.830
000931.SZ,09:44:00.270,94400270,10158665,0.0,2300,0.0,?,10139807,0,0,16:05:51.001
000931.SZ,09:44:02.810,94402810,10177725,0.0,2000,0.0,?,10159727,0,0,16:05:51.480
000931.SZ,09:44:03.170,94403170,10179715,5.05,100,0.0505,B,9775608,10179714,0,16:05:51.593
000931.SZ,09:44:03.170,94403170,10179716,5.05,200,0.101,B,9938170,10179714,0,16:05:51.593
000931.SZ,09:44:03.170,94403170,10179717,5.05,200,0.101,B,9962301,10179714,0,16:05:51.593
000931.SZ,09:44:03.170,94403170,10179718,5.05,400,0.202,B,10095725,10179714,0,16:05:51.593
000931.SZ,09:44:08.170,94408170,10215980,0.0,1600,0.0,?,10196021,0,0,16:05:52.416
000931.SZ,09:44:10.250,94410250,10228853,5.04,5000,2.52,S,10228852,9944242,0,16:05:52.560
000931.SZ,09:44:10.260,94410260,10228899,5.04,6500,3.276,S,10228898,9944242,0,16:05:52.560
000931.SZ,09:44:10.260,94410260,10228936,5.04,1100,0.5544,S,10228935,9944242,0,16:05:52.560
000931.SZ,09:44:10.450,94410450,10230155,0.0,400,0.0,?,8282335,0,0,16:05:52.688
000931.SZ,09:44:11.670,94411670,10237506,0.0,5000,0.0,?,33780,0,0,16:05:52.780
000931.SZ,09:44:12.000,94412000,10239195,0.0,1500,0.0,?,8295673,0,0,16:05:52.780
000931.SZ,09:44:12.350,94412350,10241357,5.04,100,0.0504,S,10241356,9944242,0,16:05:52.874
000931.SZ,09:44:12.350,94412350,10241358,5.04,1000,0.504,S,10241356,9959679,0,16:05:52.874
000931.SZ,09:44:12.350,94412350,10241359,5.04,500,0.252,S,10241356,9960437,0,16:05:52.874
000931.SZ,09:44:13.340,94413340,10248106,5.04,500,0.252,S,10248105,9960437,0,16:05:53.062
000931.SZ,09:44:13.340,94413340,10248107,5.04,1100,0.5544,S,10248105,10038771,0,16:05:53.062
000931.SZ,09:44:18.110,94418110,10281493,0.0,700,0.0,?,8346504,0,0,16:05:53.540
000931.SZ,09:44:18.110,94418110,10281497,0.0,700,0.0,?,8346505,0,0,16:05:53.540
000931.SZ,09:44:18.150,94418150,10281769,0.0,100,0.0,?,8347520,0,0,16:05:53.540
000931.SZ,09:44:19.460,94419460,10293533,5.04,100,0.0504,S,10293532,10038771,0,16:05:53.794
000931.SZ,09:44:19.460,94419460,10293534,5.04,100,0.0504,S,10293532,10044375,0,16:05:53.794
000931.SZ,09:44:19.460,94419460,10293535,5.04,700,0.3528,S,10293532,10055661,0,16:05:53.794
000931.SZ,09:44:19.460,94419460,10293536,5.04,200,0.1008,S,10293532,10063327,0,16:05:53.794
000931.SZ,09:44:19.470,94419470,10293592,5.04,200,0.1008,S,10293591,10063327,0,16:05:53.794
000931.SZ,09:44:19.470,94419470,10293593,5.04,800,0.4032,S,10293591,10071634,0,16:05:53.794
000931.SZ,09:44:19.470,94419470,10293595,0.0,400,0.0,?,10242595,0,0,16:05:53.794
000931.SZ,09:44:19.470,94419470,10293598,0.0,400,0.0,?,10242126,0,0,16:05:53.794
000931.SZ,09:44:19.470,94419470,10293601,0.0,300,0.0,?,10242124,0,0,16:05:53.794
000931.SZ,09:44:20.150,94420150,10298071,0.0,300,0.0,?,472268,0,0,16:05:53.794
000931.SZ,09:44:20.620,94420620,10301090,5.05,400,0.202,B,10095725,10301089,0,16:05:53.919
000931.SZ,09:44:20.620,94420620,10301091,5.05,1000,0.505,B,10097295,10301089,0,16:05:53.919
000931.SZ,09:44:20.620,94420620,10301092,5.05,800,0.404,B,10100023,10301089,0,16:05:53.919
000931.SZ,09:44:20.620,94420620,10301093,5.05,800,0.404,B,10106846,10301089,0,16:05:53.919
000931.SZ,09:44:21.650,94421650,10307596,0.0,2000,0.0,?,0,9876856,0,16:05:54.045
000931.SZ,09:44:21.890,94421890,10308950,5.04,1000,0.504,S,10308949,10071634,0,16:05:54.045
000931.SZ,09:44:27.270,94427270,10340756,0.0,100,0.0,?,8428268,0,0,16:05:54.730
000931.SZ,09:44:30.260,94430260,10359686,0.0,700,0.0,?,10281721,0,0,16:05:55.108
000931.SZ,09:44:30.260,94430260,10359687,0.0,35700,0.0,?,10281723,0,0,16:05:55.108
000931.SZ,09:44:30.620,94430620,10362536,5.04,1100,0.5544,S,10362535,10071634,0,16:05:55.233
000931.SZ,09:44:32.190,94432190,10373703,5.04,200,0.1008,S,10373702,10072547,0,16:05:55.430
000931.SZ,09:44:32.190,94432190,10373704,5.04,1400,0.7056,S,10373702,10078728,0,16:05:55.430
000931.SZ,09:44:32.590,94432590,10376148,0.0,11000,0.0,?,5861507,0,0,16:05:55.430
000931.SZ,09:44:34.480,94434480,10390081,0.0,2000,0.0,?,9724090,0,0,16:05:55.744
000931.SZ,09:44:36.090,94436090,10400808,5.05,100,0.0505,B,10115757,10400807,0,16:05:55.905
000931.SZ,09:44:36.210,94436210,10401515,0.0,100,0.0,?,9538987,0,0,16:05:56.042
000931.SZ,09:44:36.410,94436410,10402763,5.04,100,0.0504,S,10402762,10078728,0,16:05:56.042
000931.SZ,09:44:36.550,94436550,10404234,0.0,3000,0.0,?,10205101,0,0,16:05:56.042
000931.SZ,09:44:38.260,94438260,10415486,0.0,200,0.0,?,0,10368725,0,16:05:56.231
000931.SZ,09:44:40.230,94440230,10427694,5.05,100,0.0505,B,10115757,10427693,0,16:05:56.492
000931.SZ,09:44:40.240,94440240,10427720,5.05,100,0.0505,B,10115757,10427719,0,16:05:56.492
000931.SZ,09:44:40.260,94440260,10427864,5.05,100,0.0505,B,10115757,10427863,0,16:05:56.492
000931.SZ,09:44:40.270,94440270,10427903,5.05,200,0.101,B,10115760,10427902,0,16:05:56.492
000931.SZ,09:44:40.270,94440270,10427946,5.05,100,0.0505,B,10115760,10427945,0,16:05:56.492
000931.SZ,09:44:40.300,94440300,10428195,5.05,100,0.0505,B,10115760,10428194,0,16:05:56.601
000931.SZ,09:44:40.310,94440310,10428230,5.05,300,0.1515,B,10115787,10428229,0,16:05:56.601
000931.SZ,09:44:40.320,94440320,10428323,5.05,100,0.0505,B,10115787,10428322,0,16:05:56.601
000931.SZ,09:44:47.540,94447540,10476007,5.05,300,0.1515,B,10120259,10476006,0,16:05:57.539
000931.SZ,09:44:48.720,94448720,10483487,5.05,2100,1.0605,B,10120259,10483486,0,16:05:57.647
000931.SZ,09:44:48.720,94448720,10483488,5.05,800,0.404,B,10120300,10483486,0,16:05:57.647
000931.SZ,09:44:48.720,94448720,10483489,5.05,1000,0.505,B,10122616,10483486,0,16:05:57.647
000931.SZ,09:44:48.720,94448720,10483490,5.05,1000,0.505,B,10126627,10483486,0,16:05:57.647
000931.SZ,09:44:48.720,94448720,10483491,5.05,800,0.404,B,10140103,10483486,0,16:05:57.647
000931.SZ,09:44:48.720,94448720,10483492,5.05,3200,1.616,B,10143251,10483486,0,16:05:57.647
000931.SZ,09:44:48.720,94448720,10483493,5.05,1600,0.808,B,10143310,10483486,0,16:05:57.647
000931.SZ,09:44:48.720,94448720,10483494,5.05,1200,0.606,B,10143340,10483486,0,16:05:57.647
000931.SZ,09:44:48.720,94448720,10483495,5.05,3500,1.7675,B,10145206,10483486,0,16:05:57.647
000931.SZ,09:44:48.720,94448720,10483496,5.05,1000,0.505,B,10145418,10483486,0,16:05:57.647
000931.SZ,09:44:48.720,94448720,10483497,5.05,600,0.303,B,10148081,10483486,0,16:05:57.647
000931.SZ,09:44:48.720,94448720,10483498,5.05,100,0.0505,B,10153973,10483486,0,16:05:57.647
000931.SZ,09:44:48.720,94448720,10483499,5.05,500,0.2525,B,10169303,10483486,0,16:05:57.647
000931.SZ,09:44:48.720,94448720,10483500,5.05,1000,0.505,B,10172898,10483486,0,16:05:57.647
000931.SZ,09:44:48.720,94448720,10483501,5.05,200,0.101,B,10173062,10483486,0,16:05:57.647
000931.SZ,09:44:48.720,94448720,10483502,5.05,1600,0.808,B,10184137,10483486,0,16:05:57.647
000931.SZ,09:44:48.720,94448720,10483503,5.05,800,0.404,B,10184213,10483486,0,16:05:57.647
000931.SZ,09:44:48.720,94448720,10483504,5.05,1000,0.505,B,10185053,10483486,0,16:05:57.647
000931.SZ,09:44:48.720,94448720,10483505,5.05,300,0.1515,B,10193666,10483486,0,16:05:57.647
000931.SZ,09:44:48.720,94448720,10483506,5.05,1000,0.505,B,10204971,10483486,0,16:05:57.647
000931.SZ,09:44:48.720,94448720,10483507,5.05,1000,0.505,B,10215570,10483486,0,16:05:57.647
000931.SZ,09:44:48.720,94448720,10483508,5.05,900,0.4545,B,10234223,10483486,0,16:05:57.647
000931.SZ,09:44:48.720,94448720,10483509,5.05,8200,4.141,B,10293577,10483486,0,16:05:57.647
000931.SZ,09:44:48.720,94448720,10483510,5.05,16500,8.3325,B,10301119,10483486,0,16:05:57.647
000931.SZ,09:44:48.720,94448720,10483531,0.0,20000,0.0,?,10301119,0,0,16:05:57.647
000931.SZ,09:44:48.720,94448720,10483532,0.0,300,0.0,?,10373722,0,0,16:05:57.647
000931.SZ,09:44:48.720,94448720,10483534,5.05,8700,4.3935,B,10308977,10483533,0,16:05:57.647
000931.SZ,09:44:48.720,94448720,10483535,5.05,7800,3.939,B,10359532,10483533,0,16:05:57.647
000931.SZ,09:44:48.720,94448720,10483536,5.05,15400,7.777,B,10359540,10483533,0,16:05:57.647
000931.SZ,09:44:48.720,94448720,10483554,5.05,1500,0.7575,B,10359540,10483553,0,16:05:57.647
000931.SZ,09:44:48.720,94448720,10483556,5.05,200,0.101,B,10359540,10483555,0,16:05:57.647
000931.SZ,09:44:48.730,94448730,10483560,5.05,500,0.2525,B,10359540,10483559,0,16:05:57.647
000931.SZ,09:44:48.730,94448730,10483561,5.05,500,0.2525,B,10359541,10483559,0,16:05:57.647
000931.SZ,09:44:48.730,94448730,10483569,5.05,9400,4.747,B,10359541,10483568,0,16:05:57.647
000931.SZ,09:44:48.730,94448730,10483580,5.05,2000,1.01,B,10359541,10483579,0,16:05:57.647
000931.SZ,09:44:48.730,94448730,10483581,5.05,500,0.2525,B,10368762,10483579,0,16:05:57.647
000931.SZ,09:44:48.730,94448730,10483582,5.05,800,0.404,B,10375417,10483579,0,16:05:57.647
000931.SZ,09:44:48.730,94448730,10483583,5.05,800,0.404,B,10380110,10483579,0,16:05:57.647
000931.SZ,09:44:48.730,94448730,10483584,5.05,200,0.101,B,10382002,10483579,0,16:05:57.647
000931.SZ,09:44:48.730,94448730,10483585,5.05,2000,1.01,B,10424656,10483579,0,16:05:57.647
000931.SZ,09:44:48.730,94448730,10483614,5.06,2200,1.1132,B,9499533,10483613,0,16:05:57.647
000931.SZ,09:44:48.730,94448730,10483615,5.06,500,0.253,B,9517914,10483613,0,16:05:57.647
000931.SZ,09:44:48.730,94448730,10483617,5.06,500,0.253,B,9517914,10483616,0,16:05:57.647
000931.SZ,09:44:48.730,94448730,10483618,5.06,1000,0.506,B,9518614,10483616,0,16:05:57.647
000931.SZ,09:44:48.730,94448730,10483619,5.06,1000,0.506,B,9518687,10483616,0,16:05:57.647
000931.SZ,09:44:48.730,94448730,10483620,5.06,1000,0.506,B,9518900,10483616,0,16:05:57.647
000931.SZ,09:44:48.730,94448730,10483621,5.06,1600,0.8096,B,9538812,10483616,0,16:05:57.647
000931.SZ,09:44:48.730,94448730,10483622,5.06,1100,0.5566,B,9539692,10483616,0,16:05:57.647
000931.SZ,09:44:48.730,94448730,10483623,5.06,1000,0.506,B,9540648,10483616,0,16:05:57.647
000931.SZ,09:44:48.730,94448730,10483624,5.06,1000,0.506,B,9540727,10483616,0,16:05:57.647
000931.SZ,09:44:48.730,94448730,10483625,5.06,1300,0.6578,B,9540926,10483616,0,16:05:57.647
000931.SZ,09:44:48.730,94448730,10483626,5.06,800,0.4048,B,9541324,10483616,0,16:05:57.647
000931.SZ,09:44:48.730,94448730,10483627,5.06,2700,1.3662,B,9551538,10483616,0,16:05:57.647
000931.SZ,09:44:48.770,94448770,10483769,5.06,1400,0.7084,B,9551538,10483768,0,16:05:57.647
000931.SZ,09:44:52.340,94452340,10507678,5.05,700,0.3535,S,10507677,10483579,0,16:05:58.198
000931.SZ,09:44:52.340,94452340,10507679,5.05,2500,1.2625,S,10507677,10483588,0,16:05:58.198
000931.SZ,09:44:52.350,94452350,10507775,0.0,5800,0.0,?,0,10483868,0,16:05:58.198
000931.SZ,09:44:52.370,94452370,10507858,5.05,400,0.202,S,10507857,10483588,0,16:05:58.198
000931.SZ,09:44:52.370,94452370,10507859,5.05,2300,1.1615,S,10507857,10483589,0,16:05:58.198
000931.SZ,09:44:52.370,94452370,10507860,5.05,1800,0.909,S,10507857,10483590,0,16:05:58.198
000931.SZ,09:44:52.370,94452370,10507861,5.05,3000,1.515,S,10507857,10483591,0,16:05:58.198
000931.SZ,09:44:52.370,94452370,10507862,5.05,5900,2.9795,S,10507857,10483644,0,16:05:58.198
000931.SZ,09:44:52.370,94452370,10507863,5.05,400,0.202,S,10507857,10483674,0,16:05:58.198
000931.SZ,09:44:52.380,94452380,10507882,5.05,1900,0.9595,S,10507881,10483674,0,16:05:58.198
000931.SZ,09:44:52.380,94452380,10507883,5.05,1100,0.5555,S,10507881,10483684,0,16:05:58.198
000931.SZ,09:44:52.380,94452380,10507884,5.05,200,0.101,S,10507881,10499345,0,16:05:58.198
000931.SZ,09:44:52.820,94452820,10510826,5.05,3300,1.6665,S,10510825,10507907,0,16:05:58.293
000931.SZ,09:44:58.430,94458430,10547629,0.0,300,0.0,?,10371402,0,0,16:05:58.978
000931.SZ,09:44:58.960,94458960,10551122,0.0,100,0.0,?,0,10395377,0,16:05:59.070
000931.SZ,09:44:59.280,94459280,10553038,0.0,1900,0.0,?,10234222,0,0,16:05:59.070
000931.SZ,09:44:59.790,94459790,10555763,5.06,100,0.0506,B,9551538,10555762,0,16:05:59.164
000931.SZ,09:45:01.270,94501270,10569378,5.05,200,0.101,S,10569377,10515917,0,16:05:59.472
000931.SZ,09:45:01.270,94501270,10569379,5.05,700,0.3535,S,10569377,10569333,0,16:05:59.472
000931.SZ,09:45:01.300,94501300,10569655,0.0,25600,0.0,?,10507880,0,0,16:05:59.581
000931.SZ,09:45:02.370,94502370,10578088,0.0,900,0.0,?,10569383,0,0,16:05:59.706
000931.SZ,09:45:03.290,94503290,10583873,0.0,2500,0.0,?,10507675,0,0,16:05:59.822
000931.SZ,09:45:04.500,94504500,10593528,5.05,100,0.0505,B,10569618,10593527,0,16:06:00.043
000931.SZ,09:45:04.540,94504540,10593791,5.05,100,0.0505,B,10569618,10593790,0,16:06:00.043
000931.SZ,09:45:05.120,94505120,10597546,5.05,500,0.2525,B,10583871,10597545,0,16:06:00.137
000931.SZ,09:45:06.370,94506370,10605831,5.05,1000,0.505,B,10583871,10605830,0,16:06:00.248
000931.SZ,09:45:07.570,94507570,10615767,5.05,100,0.0505,B,10583871,10615766,0,16:06:00.492
000931.SZ,09:45:08.710,94508710,10624100,0.0,1300,0.0,?,0,10103691,0,16:06:00.696
000931.SZ,09:45:09.800,94509800,10632220,5.04,34400,17.3376,S,10632219,10078728,0,16:06:00.869
000931.SZ,09:45:09.800,94509800,10632221,5.04,100,0.0504,S,10632219,10121908,0,16:06:00.869
000931.SZ,09:45:09.800,94509800,10632222,5.04,10000,5.04,S,10632219,10141961,0,16:06:00.869
000931.SZ,09:45:09.800,94509800,10632223,5.04,12000,6.048,S,10632219,10230719,0,16:06:00.869
000931.SZ,09:45:09.800,94509800,10632224,5.04,200,0.1008,S,10632219,10245680,0,16:06:00.869
000931.SZ,09:45:09.800,94509800,10632225,5.04,1900,0.9576,S,10632219,10252021,0,16:06:00.869
000931.SZ,09:45:09.800,94509800,10632226,5.04,400,0.2016,S,10632219,10274163,0,16:06:00.869
000931.SZ,09:45:09.800,94509800,10632227,5.04,300,0.1512,S,10632219,10280816,0,16:06:00.869
000931.SZ,09:45:09.800,94509800,10632228,5.04,900,0.4536,S,10632219,10284712,0,16:06:00.869
000931.SZ,09:45:09.800,94509800,10632229,5.04,1300,0.6552,S,10632219,10306666,0,16:06:00.869
000931.SZ,09:45:09.800,94509800,10632230,5.04,5000,2.52,S,10632219,10315423,0,16:06:00.869
000931.SZ,09:45:09.800,94509800,10632231,5.04,100,0.0504,S,10632219,10326599,0,16:06:00.869
000931.SZ,09:45:09.800,94509800,10632232,5.04,3200,1.6128,S,10632219,10380475,0,16:06:00.869
000931.SZ,09:45:09.800,94509800,10632233,5.04,10000,5.04,S,10632219,10389075,0,16:06:00.869
000931.SZ,09:45:09.800,94509800,10632234,5.04,3000,1.512,S,10632219,10413570,0,16:06:00.869
000931.SZ,09:45:09.800,94509800,10632235,5.04,2000,1.008,S,10632219,10443870,0,16:06:00.869
000931.SZ,09:45:09.800,94509800,10632236,5.04,100,0.0504,S,10632219,10459123,0,16:06:00.869
000931.SZ,09:45:09.800,94509800,10632237,5.04,1000,0.504,S,10632219,10496881,0,16:06:00.869
000931.SZ,09:45:09.800,94509800,10632238,5.04,1500,0.756,S,10632219,10499507,0,16:06:00.869
000931.SZ,09:45:09.800,94509800,10632239,5.04,9000,4.536,S,10632219,10594274,0,16:06:00.869
000931.SZ,09:45:12.680,94512680,10653411,5.04,800,0.4032,B,10632713,10653410,0,16:06:01.216
000931.SZ,09:45:12.680,94512680,10653412,5.04,200,0.1008,B,10650162,10653410,0,16:06:01.216
000931.SZ,09:45:13.000,94513000,10655595,0.0,2200,0.0,?,9626149,0,0,16:06:01.356
000931.SZ,09:45:14.400,94514400,10666177,5.04,500,0.252,B,10650162,10666176,0,16:06:01.506
000931.SZ,09:45:15.140,94515140,10671904,5.04,200,0.1008,B,10650162,10671903,0,16:06:01.618
000931.SZ,09:45:15.140,94515140,10671905,5.04,100,0.0504,B,10650590,10671903,0,16:06:01.618
000931.SZ,09:45:15.140,94515140,10671909,5.04,300,0.1512,B,10650590,10671908,0,16:06:01.618
000931.SZ,09:45:15.140,94515140,10671910,5.04,500,0.252,B,10654068,10671908,0,16:06:01.618
000931.SZ,09:45:15.730,94515730,10677947,5.04,200,0.1008,B,10654068,10677946,0,16:06:01.759
000931.SZ,09:45:15.740,94515740,10678003,5.04,500,0.252,B,10654068,10678002,0,16:06:01.759
000931.SZ,09:45:16.260,94516260,10683168,5.03,600,0.3018,S,10683167,224063,0,16:06:01.870
000931.SZ,09:45:16.260,94516260,10683169,5.03,400,0.2012,S,10683167,2340791,0,16:06:01.870
000931.SZ,09:45:16.650,94516650,10687811,0.0,400,0.0,?,6113175,0,0,16:06:01.870
000931.SZ,09:45:17.000,94517000,10690549,5.04,1200,0.6048,B,10654068,10690548,0,16:06:01.979
000931.SZ,09:45:17.000,94517000,10690550,5.04,600,0.3024,B,10654135,10690548,0,16:06:01.979
000931.SZ,09:45:17.000,94517000,10690592,5.04,700,0.3528,B,10654135,10690591,0,16:06:01.979
000931.SZ,09:45:17.130,94517130,10691779,5.04,300,0.1512,B,10654135,10691778,0,16:06:01.979
000931.SZ,09:45:17.130,94517130,10691780,5.04,700,0.3528,B,10655383,10691778,0,16:06:01.979
000931.SZ,09:45:17.540,94517540,10694349,5.04,400,0.2016,B,10655383,10694348,0,16:06:01.979
000931.SZ,09:45:17.540,94517540,10694350,5.04,200,0.1008,B,10656346,10694348,0,16:06:01.979
000931.SZ,09:45:17.560,94517560,10694569,5.04,500,0.252,B,10656346,10694568,0,16:06:01.979
000931.SZ,09:45:17.610,94517610,10694998,0.0,3000,0.0,?,0,10445350,0,16:06:01.979
000931.SZ,09:45:17.780,94517780,10696123,0.0,700,0.0,?,10675958,0,0,16:06:02.089
000931.SZ,09:45:17.830,94517830,10696582,5.04,100,0.0504,B,10656346,10696581,0,16:06:02.089
000931.SZ,09:45:18.390,94518390,10701316,5.04,200,0.1008,B,10656346,10701315,0,16:06:02.089
000931.SZ,09:45:18.390,94518390,10701317,5.04,200,0.1008,B,10656372,10701315,0,16:06:02.089
000931.SZ,09:45:18.390,94518390,10701322,5.04,800,0.4032,B,10656372,10701321,0,16:06:02.089
000931.SZ,09:45:18.390,94518390,10701323,5.04,200,0.1008,B,10656629,10701321,0,16:06:02.089
000931.SZ,09:45:18.390,94518390,10701339,5.04,800,0.4032,B,10656629,10701338,0,16:06:02.089
000931.SZ,09:45:18.390,94518390,10701340,5.04,100,0.0504,B,10662332,10701338,0,16:06:02.089
000931.SZ,09:45:18.570,94518570,10702691,5.04,400,0.2016,B,10662332,10702690,0,16:06:02.217
000931.SZ,09:45:19.190,94519190,10707903,5.04,300,0.1512,B,10662332,10707902,0,16:06:02.217
000931.SZ,09:45:19.190,94519190,10707904,5.04,100,0.0504,B,10662648,10707902,0,16:06:02.217
000931.SZ,09:45:19.190,94519190,10707905,5.04,100,0.0504,B,10662719,10707902,0,16:06:02.217
000931.SZ,09:45:19.190,94519190,10707906,5.04,200,0.1008,B,10662809,10707902,0,16:06:02.217
000931.SZ,09:45:19.190,94519190,10707907,5.04,200,0.1008,B,10669289,10707902,0,16:06:02.217
000931.SZ,09:45:19.190,94519190,10707908,5.04,100,0.0504,B,10676315,10707902,0,16:06:02.217
000931.SZ,09:45:19.190,94519190,10707909,5.04,100,0.0504,B,10678351,10707902,0,16:06:02.217
000931.SZ,09:45:21.340,94521340,10723359,5.04,1200,0.6048,B,10678351,10723358,0,16:06:02.600
000931.SZ,09:45:24.080,94524080,10745672,5.04,1900,0.9576,B,10678351,10745671,0,16:06:02.915
000931.SZ,09:45:24.080,94524080,10745673,5.04,800,0.4032,B,10678507,10745671,0,16:06:02.915
000931.SZ,09:45:24.080,94524080,10745674,5.04,1000,0.504,B,10680313,10745671,0,16:06:02.915
000931.SZ,09:45:24.080,94524080,10745675,5.04,2400,1.2096,B,10704420,10745671,0,16:06:02.915
000931.SZ,09:45:24.080,94524080,10745676,5.04,1600,0.8064,B,10704521,10745671,0,16:06:02.915
000931.SZ,09:45:24.080,94524080,10745677,5.04,400,0.2016,B,10706007,10745671,0,16:06:02.915
000931.SZ,09:45:24.090,94524090,10745736,5.04,500,0.252,B,10706007,10745735,0,16:06:02.915
000931.SZ,09:45:24.210,94524210,10746611,5.04,400,0.2016,B,10706007,10746610,0,16:06:03.041
000931.SZ,09:45:24.210,94524210,10746631,5.04,100,0.0504,B,10707026,10746630,0,16:06:03.041
000931.SZ,09:45:24.840,94524840,10753376,5.04,200,0.1008,B,10707026,10753375,0,16:06:03.134
000931.SZ,09:45:24.840,94524840,10753381,5.04,500,0.252,B,10707026,10753380,0,16:06:03.134
000931.SZ,09:45:25.840,94525840,10763289,5.04,200,0.1008,B,10707026,10763288,0,16:06:03.324
000931.SZ,09:45:25.840,94525840,10763290,5.04,300,0.1512,B,10707054,10763288,0,16:06:03.324
000931.SZ,09:45:25.840,94525840,10763307,5.04,400,0.2016,B,10707054,10763306,0,16:06:03.324
000931.SZ,09:45:27.190,94527190,10774375,5.04,100,0.0504,B,10707054,10774374,0,16:06:03.490
000931.SZ,09:45:27.190,94527190,10774384,5.04,100,0.0504,B,10707054,10774383,0,16:06:03.490
000931.SZ,09:45:27.190,94527190,10774386,5.04,100,0.0504,B,10707054,10774385,0,16:06:03.490
000931.SZ,09:45:27.190,94527190,10774387,5.04,400,0.2016,B,10726535,10774385,0,16:06:03.490
000931.SZ,09:45:27.200,94527200,10774491,5.04,300,0.1512,B,10726535,10774490,0,16:06:03.490
000931.SZ,09:45:29.210,94529210,10793477,0.0,700,0.0,?,10759732,0,0,16:06:03.900
000931.SZ,09:45:30.180,94530180,10800189,5.04,100,0.0504,B,10726535,10800188,0,16:06:03.977
000931.SZ,09:45:30.180,94530180,10800245,5.04,200,0.1008,B,10726664,10800244,0,16:06:03.977
000931.SZ,09:45:32.390,94532390,10820371,5.03,600,0.3018,S,10820370,2340791,0,16:06:04.355
000931.SZ,09:45:32.390,94532390,10820372,5.03,5000,2.515,S,10820370,5471092,0,16:06:04.355
000931.SZ,09:45:32.390,94532390,10820373,5.03,10000,5.03,S,10820370,7287599,0,16:06:04.355
000931.SZ,09:45:32.390,94532390,10820374,5.03,300,0.1509,S,10820370,8858875,0,16:06:04.355
000931.SZ,09:45:32.390,94532390,10820375,5.03,1400,0.7042,S,10820370,8883356,0,16:06:04.355
000931.SZ,09:45:32.600,94532600,10821812,5.03,3600,1.8108,S,10821811,8883356,0,16:06:04.448
000931.SZ,09:45:32.600,94532600,10821813,5.03,2000,1.006,S,10821811,8892255,0,16:06:04.448
000931.SZ,09:45:32.600,94532600,10821814,5.03,2000,1.006,S,10821811,9065675,0,16:06:04.448
000931.SZ,09:45:32.600,94532600,10821815,5.03,12400,6.2372,S,10821811,9118651,0,16:06:04.448
000931.SZ,09:45:33.770,94533770,10831607,0.0,600,0.0,?,0,9118651,0,16:06:04.567
000931.SZ,09:45:34.800,94534800,10840936,0.0,5800,0.0,?,10821835,0,0,16:06:04.816
000931.SZ,09:45:35.400,94535400,10845360,5.04,1400,0.7056,B,10726664,10845359,0,16:06:04.816
000931.SZ,09:45:35.400,94535400,10845361,5.04,800,0.4032,B,10726797,10845359,0,16:06:04.816
000931.SZ,09:45:35.400,94535400,10845362,5.04,1000,0.504,B,10728214,10845359,0,16:06:04.816
000931.SZ,09:45:35.400,94535400,10845363,5.04,400,0.2016,B,10747043,10845359,0,16:06:04.816
000931.SZ,09:45:35.400,94535400,10845364,5.04,400,0.2016,B,10747052,10845359,0,16:06:04.816
000931.SZ,09:45:35.400,94535400,10845365,5.04,1000,0.504,B,10751218,10845359,0,16:06:04.816
000931.SZ,09:45:35.400,94535400,10845366,5.04,2400,1.2096,B,10752614,10845359,0,16:06:04.816
000931.SZ,09:45:35.400,94535400,10845367,5.04,1600,0.8064,B,10781064,10845359,0,16:06:04.816
000931.SZ,09:45:35.400,94535400,10845368,5.04,800,0.4032,B,10781129,10845359,0,16:06:04.816
000931.SZ,09:45:35.400,94535400,10845369,5.04,1100,0.5544,B,10781204,10845359,0,16:06:04.816
000931.SZ,09:45:35.400,94535400,10845370,5.04,1000,0.504,B,10781984,10845359,0,16:06:04.816
000931.SZ,09:45:35.400,94535400,10845371,5.04,400,0.2016,B,10784079,10845359,0,16:06:04.816
000931.SZ,09:45:35.540,94535540,10846371,5.04,600,0.3024,B,10784079,10846370,0,16:06:04.974
000931.SZ,09:45:35.540,94535540,10846372,5.04,100,0.0504,B,10787776,10846370,0,16:06:04.974
000931.SZ,09:45:35.950,94535950,10848682,5.03,500,0.2515,S,10848681,9351565,0,16:06:04.974
000931.SZ,09:45:35.950,94535950,10848683,5.03,200,0.1006,S,10848681,9551160,0,16:06:04.974
000931.SZ,09:45:36.280,94536280,10851083,5.04,300,0.1512,B,10787776,10851082,0,16:06:04.974
000931.SZ,09:45:36.280,94536280,10851084,5.04,300,0.1512,B,10790881,10851082,0,16:06:04.974
000931.SZ,09:45:36.280,94536280,10851086,5.04,600,0.3024,B,10790881,10851085,0,16:06:04.974
000931.SZ,09:45:36.280,94536280,10851088,5.04,200,0.1008,B,10790881,10851087,0,16:06:04.974
000931.SZ,09:45:36.280,94536280,10851089,5.04,100,0.0504,B,10801090,10851087,0,16:06:04.974
000931.SZ,09:45:36.280,94536280,10851090,5.04,100,0.0504,B,10801538,10851087,0,16:06:04.974
000931.SZ,09:45:36.280,94536280,10851091,5.04,100,0.0504,B,10801771,10851087,0,16:06:04.974
000931.SZ,09:45:36.280,94536280,10851094,5.04,100,0.0504,B,10801782,10851093,0,16:06:04.974
000931.SZ,09:45:36.280,94536280,10851095,5.04,100,0.0504,B,10802751,10851093,0,16:06:04.974
000931.SZ,09:45:36.280,94536280,10851096,5.04,100,0.0504,B,10803285,10851093,0,16:06:04.974
000931.SZ,09:45:36.280,94536280,10851097,5.04,300,0.1512,B,10809852,10851093,0,16:06:04.974
000931.SZ,09:45:37.410,94537410,10860671,5.03,1600,0.8048,S,10860670,9551160,0,16:06:05.148
000931.SZ,09:45:37.410,94537410,10860672,5.03,4400,2.2132,S,10860670,9776646,0,16:06:05.148
000931.SZ,09:45:39.290,94539290,10873647,0.0,5000,0.0,?,0,8424883,0,16:06:05.419
000931.SZ,09:45:43.280,94543280,10901769,0.0,5000,0.0,?,0,10592435,0,16:06:06.085
000931.SZ,09:45:45.380,94545380,10916710,0.0,11000,0.0,?,10626609,0,0,16:06:06.336
000931.SZ,09:45:52.480,94552480,10963672,5.04,100,0.0504,B,10809852,10963671,0,16:06:07.272
000931.SZ,09:45:53.650,94553650,10970713,0.0,5000,0.0,?,0,72278,0,16:06:07.413
000931.SZ,09:45:54.470,94554470,10975966,0.0,3000,0.0,?,0,10956501,0,16:06:07.413
000931.SZ,09:45:54.890,94554890,10978195,5.03,2000,1.006,S,10978194,9776646,0,16:06:07.547
000931.SZ,09:45:54.950,94554950,10978578,5.04,400,0.2016,B,10809852,10978577,0,16:06:07.547
000931.SZ,09:45:54.950,94554950,10978579,5.04,700,0.3528,B,10812833,10978577,0,16:06:07.547
000931.SZ,09:45:54.950,94554950,10978580,5.04,1000,0.504,B,10813307,10978577,0,16:06:07.547
000931.SZ,09:45:54.950,94554950,10978581,5.04,100,0.0504,B,10823271,10978577,0,16:06:07.547
000931.SZ,09:45:54.950,94554950,10978582,5.04,100,0.0504,B,10826258,10978577,0,16:06:07.547
000931.SZ,09:45:54.950,94554950,10978583,5.04,100,0.0504,B,10826747,10978577,0,16:06:07.547
000931.SZ,09:45:54.950,94554950,10978584,5.04,100,0.0504,B,10827324,10978577,0,16:06:07.547
000931.SZ,09:45:54.950,94554950,10978585,5.04,100,0.0504,B,10827479,10978577,0,16:06:07.547
000931.SZ,09:45:54.950,94554950,10978586,5.04,100,0.0504,B,10827642,10978577,0,16:06:07.547
000931.SZ,09:45:54.950,94554950,10978587,5.04,100,0.0504,B,10827957,10978577,0,16:06:07.547
000931.SZ,09:45:54.950,94554950,10978588,5.04,100,0.0504,B,10828013,10978577,0,16:06:07.547
000931.SZ,09:45:54.950,94554950,10978589,5.04,100,0.0504,B,10841701,10978577,0,16:06:07.547
000931.SZ,09:45:54.950,94554950,10978590,5.04,1000,0.504,B,10841712,10978577,0,16:06:07.547
000931.SZ,09:45:54.950,94554950,10978591,5.04,100,0.0504,B,10841714,10978577,0,16:06:07.547
000931.SZ,09:45:54.950,94554950,10978592,5.04,500,0.252,B,10841719,10978577,0,16:06:07.547
000931.SZ,09:45:54.950,94554950,10978593,5.04,300,0.1512,B,10841721,10978577,0,16:06:07.547
000931.SZ,09:45:54.950,94554950,10978594,5.04,100,0.0504,B,10841732,10978577,0,16:06:07.547
000931.SZ,09:45:56.470,94556470,10988183,5.03,800,0.4024,S,10988182,9776646,0,16:06:07.673
000931.SZ,09:45:58.870,94558870,11002825,0.0,300,0.0,?,8746180,0,0,16:06:08.003
000931.SZ,09:46:01.010,94601010,11021154,5.03,2900,1.4587,S,11021153,9776646,0,16:06:08.511
000931.SZ,09:46:01.030,94601030,11021254,5.03,1800,0.9054,S,11021253,9776646,0,16:06:08.511
000931.SZ,09:46:01.990,94601990,11030823,5.03,100,0.0503,S,11030822,9776646,0,16:06:08.640
000931.SZ,09:46:03.940,94603940,11046532,5.03,100,0.0503,S,11046531,9776646,0,16:06:09.002
000931.SZ,09:46:03.970,94603970,11046726,5.03,300,0.1509,S,11046725,9776646,0,16:06:09.002
000931.SZ,09:46:03.980,94603980,11046800,5.03,300,0.1509,S,11046799,9776646,0,16:06:09.002
000931.SZ,09:46:04.540,94604540,11051899,5.03,100,0.0503,S,11051898,9776646,0,16:06:09.128
000931.SZ,09:46:05.480,94605480,11058880,5.03,400,0.2012,S,11058879,9776646,0,16:06:09.128
000931.SZ,09:46:06.320,94606320,11065286,5.03,1800,0.9054,S,11065285,9776646,0,16:06:09.347
000931.SZ,09:46:06.330,94606330,11065325,5.03,200,0.1006,S,11065324,9776646,0,16:06:09.347
000931.SZ,09:46:06.330,94606330,11065327,5.03,2100,1.0563,S,11065326,9776646,0,16:06:09.347
000931.SZ,09:46:06.330,94606330,11065328,5.03,900,0.4527,S,11065326,9784766,0,16:06:09.347
000931.SZ,09:46:06.330,94606330,11065330,5.03,500,0.2515,S,11065329,9784766,0,16:06:09.347
000931.SZ,09:46:06.330,94606330,11065332,5.03,600,0.3018,S,11065331,9784766,0,16:06:09.347
000931.SZ,09:46:06.330,94606330,11065333,5.03,2400,1.2072,S,11065331,9927590,0,16:06:09.347
000931.SZ,09:46:06.330,94606330,11065335,5.03,1200,0.6036,S,11065334,10031805,0,16:06:09.347
000931.SZ,09:46:06.330,94606330,11065337,5.03,500,0.2515,S,11065336,10031805,0,16:06:09.347
000931.SZ,09:46:06.330,94606330,11065339,5.03,300,0.1509,S,11065338,10031805,0,16:06:09.347
000931.SZ,09:46:06.330,94606330,11065341,5.03,600,0.3018,S,11065340,10031805,0,16:06:09.347
000931.SZ,09:46:06.330,94606330,11065343,5.03,1800,0.9054,S,11065342,10031805,0,16:06:09.347
000931.SZ,09:46:06.330,94606330,11065345,5.03,600,0.3018,S,11065344,10031805,0,16:06:09.347
000931.SZ,09:46:06.330,94606330,11065346,5.03,1700,0.8551,S,11065344,10242265,0,16:06:09.347
000931.SZ,09:46:06.330,94606330,11065348,5.03,1000,0.503,S,11065347,10242265,0,16:06:09.347
000931.SZ,09:46:06.330,94606330,11065350,5.03,1300,0.6539,S,11065349,10242265,0,16:06:09.347
000931.SZ,09:46:06.330,94606330,11065351,5.03,1200,0.6036,S,11065349,10300693,0,16:06:09.347
000931.SZ,09:46:06.330,94606330,11065352,5.03,400,0.2012,S,11065349,10470574,0,16:06:09.347
000931.SZ,09:46:06.330,94606330,11065353,5.03,400,0.2012,S,11065349,10699739,0,16:06:09.347
000931.SZ,09:46:06.330,94606330,11065355,5.03,900,0.4527,S,11065354,10699739,0,16:06:09.347
000931.SZ,09:46:06.330,94606330,11065356,5.03,600,0.3018,S,11065354,10700194,0,16:06:09.347
000931.SZ,09:46:06.330,94606330,11065357,5.03,200,0.1006,S,11065354,10723352,0,16:06:09.347
000931.SZ,09:46:06.330,94606330,11065359,5.03,600,0.3018,S,11065358,10723352,0,16:06:09.347
000931.SZ,09:46:06.330,94606330,11065361,5.03,400,0.2012,S,11065360,10723352,0,16:06:09.347
000931.SZ,09:46:06.330,94606330,11065362,5.03,1500,0.7545,S,11065360,10723402,0,16:06:09.347
000931.SZ,09:46:06.330,94606330,11065364,5.03,600,0.3018,S,11065363,10723402,0,16:06:09.347
000931.SZ,09:46:06.330,94606330,11065365,5.03,400,0.2012,S,11065363,10741564,0,16:06:09.347
000931.SZ,09:46:06.330,94606330,11065366,5.03,2600,1.3078,S,11065363,10790774,0,16:06:09.347
000931.SZ,09:46:06.330,94606330,11065368,5.03,400,0.2012,S,11065367,10790774,0,16:06:09.347
000931.SZ,09:46:06.330,94606330,11065369,5.03,1000,0.503,S,11065367,10800010,0,16:06:09.347
000931.SZ,09:46:06.330,94606330,11065371,5.03,600,0.3018,S,11065370,10800010,0,16:06:09.347
000931.SZ,09:46:06.330,94606330,11065373,5.03,4000,2.012,S,11065372,10800010,0,16:06:09.347
000931.SZ,09:46:06.330,94606330,11065375,5.03,800,0.4024,S,11065374,10800010,0,16:06:09.347
000931.SZ,09:46:06.330,94606330,11065377,5.03,1800,0.9054,S,11065376,10800010,0,16:06:09.347
000931.SZ,09:46:06.330,94606330,11065379,5.03,1900,0.9557,S,11065378,10800010,0,16:06:09.347
000931.SZ,09:46:06.330,94606330,11065381,5.03,1800,0.9054,S,11065380,10800010,0,16:06:09.347
000931.SZ,09:46:06.330,94606330,11065383,5.03,400,0.2012,S,11065382,10800010,0,16:06:09.347
000931.SZ,09:46:06.330,94606330,11065385,5.03,1400,0.7042,S,11065384,10800010,0,16:06:09.347
000931.SZ,09:46:06.330,94606330,11065387,5.03,2100,1.0563,S,11065386,10800010,0,16:06:09.347
000931.SZ,09:46:06.330,94606330,11065389,5.03,200,0.1006,S,11065388,10800010,0,16:06:09.347
000931.SZ,09:46:06.330,94606330,11065391,5.03,200,0.1006,S,11065390,10800010,0,16:06:09.347
000931.SZ,09:46:06.330,94606330,11065393,5.03,1400,0.7042,S,11065392,10800010,0,16:06:09.347
000931.SZ,09:46:06.330,94606330,11065395,5.03,2100,1.0563,S,11065394,10800010,0,16:06:09.347
000931.SZ,09:46:06.330,94606330,11065396,5.03,300,0.1509,S,11065394,10819563,0,16:06:09.347
000931.SZ,09:46:06.330,94606330,11065398,5.03,1800,0.9054,S,11065397,10819563,0,16:06:09.347
000931.SZ,09:46:06.330,94606330,11065401,5.03,600,0.3018,S,11065400,10819563,0,16:06:09.347
000931.SZ,09:46:06.330,94606330,11065403,5.03,1000,0.503,S,11065402,10819563,0,16:06:09.347
000931.SZ,09:46:06.330,94606330,11065405,5.03,2300,1.1569,S,11065404,10819563,0,16:06:09.347
000931.SZ,09:46:06.330,94606330,11065406,5.03,300,0.1509,S,11065404,10832949,0,16:06:09.347
000931.SZ,09:46:06.330,94606330,11065407,5.03,300,0.1509,S,11065404,10841904,0,16:06:09.347
000931.SZ,09:46:06.330,94606330,11065408,5.03,300,0.1509,S,11065404,10841929,0,16:06:09.347
000931.SZ,09:46:06.330,94606330,11065409,5.03,200,0.1006,S,11065404,10845134,0,16:06:09.347
000931.SZ,09:46:06.330,94606330,11065410,5.03,1100,0.5533,S,11065404,10845138,0,16:06:09.347
000931.SZ,09:46:06.330,94606330,11065413,5.03,300,0.1509,S,11065412,10845138,0,16:06:09.347
000931.SZ,09:46:06.330,94606330,11065414,5.03,600,0.3018,S,11065412,10846402,0,16:06:09.347
000931.SZ,09:46:06.330,94606330,11065415,5.03,100,0.0503,S,11065412,10847581,0,16:06:09.347
000931.SZ,09:46:06.330,94606330,11065416,5.03,400,0.2012,S,11065412,10847815,0,16:06:09.347
000931.SZ,09:46:06.330,94606330,11065417,5.03,400,0.2012,S,11065412,10847822,0,16:06:09.347
000931.SZ,09:46:06.330,94606330,11065418,5.03,300,0.1509,S,11065412,10847850,0,16:06:09.347
000931.SZ,09:46:06.330,94606330,11065421,5.03,700,0.3521,S,11065420,10847850,0,16:06:09.347
000931.SZ,09:46:06.330,94606330,11065422,5.03,300,0.1509,S,11065420,10855143,0,16:06:09.347
000931.SZ,09:46:06.330,94606330,11065423,5.03,100,0.0503,S,11065420,10855178,0,16:06:09.347
000931.SZ,09:46:06.330,94606330,11065424,5.03,100,0.0503,S,11065420,10855180,0,16:06:09.347
000931.SZ,09:46:06.330,94606330,11065425,5.03,600,0.3018,S,11065420,10855181,0,16:06:09.347
000931.SZ,09:46:06.330,94606330,11065426,5.03,400,0.2012,S,11065420,10855194,0,16:06:09.347
000931.SZ,09:46:06.330,94606330,11065427,5.03,200,0.1006,S,11065420,10861194,0,16:06:09.347
000931.SZ,09:46:06.330,94606330,11065428,5.03,600,0.3018,S,11065420,10880246,0,16:06:09.347
000931.SZ,09:46:06.340,94606340,11065531,5.03,100,0.0503,S,11065530,10971918,0,16:06:09.347
000931.SZ,09:46:06.340,94606340,11065532,5.03,6900,3.4707,S,11065530,10987028,0,16:06:09.347
000931.SZ,09:46:06.340,94606340,11065541,5.03,3100,1.5593,S,11065540,10987028,0,16:06:09.347
000931.SZ,09:46:06.340,94606340,11065542,5.03,500,0.2515,S,11065540,11041414,0,16:06:09.347
000931.SZ,09:46:06.340,94606340,11065543,5.03,300,0.1509,S,11065540,11065459,0,16:06:09.347
000931.SZ,09:46:06.420,94606420,11066428,0.0,1900,0.0,?,9562847,0,0,16:06:09.347
000931.SZ,09:46:06.420,94606420,11066429,0.0,500,0.0,?,10510456,0,0,16:06:09.347
000931.SZ,09:46:06.450,94606450,11066656,0.0,200,0.0,?,10892815,0,0,16:06:09.347
000931.SZ,09:46:06.450,94606450,11066661,0.0,100,0.0,?,10892846,0,0,16:06:09.347
000931.SZ,09:46:06.460,94606460,11066687,0.0,300,0.0,?,10892849,0,0,16:06:09.347
000931.SZ,09:46:06.460,94606460,11066693,0.0,400,0.0,?,10892859,0,0,16:06:09.347
000931.SZ,09:46:06.460,94606460,11066695,0.0,700,0.0,?,10892857,0,0,16:06:09.347
000931.SZ,09:46:06.460,94606460,11066696,0.0,1000,0.0,?,10892848,0,0,16:06:09.347
000931.SZ,09:46:06.470,94606470,11066782,0.0,100,0.0,?,10892918,0,0,16:06:09.347
000931.SZ,09:46:06.470,94606470,11066783,0.0,200,0.0,?,10892917,0,0,16:06:09.347
000931.SZ,09:46:06.470,94606470,11066784,0.0,100,0.0,?,10892919,0,0,16:06:09.347
000931.SZ,09:46:06.470,94606470,11066785,0.0,200,0.0,?,10892920,0,0,16:06:09.347
000931.SZ,09:46:06.480,94606480,11066863,0.0,200,0.0,?,10892998,0,0,16:06:09.347
000931.SZ,09:46:06.480,94606480,11066890,0.0,100,0.0,?,10893063,0,0,16:06:09.347
000931.SZ,09:46:06.480,94606480,11066904,0.0,100,0.0,?,10892921,0,0,16:06:09.347
000931.SZ,09:46:07.360,94607360,11073922,0.0,600,0.0,?,11065578,0,0,16:06:09.488
000931.SZ,09:46:07.370,94607370,11074015,0.0,17500,0.0,?,11065533,0,0,16:06:09.488
000931.SZ,09:46:07.410,94607410,11074433,0.0,10700,0.0,?,11065540,0,0,16:06:09.488
000931.SZ,09:46:07.430,94607430,11074591,0.0,300,0.0,?,11065658,0,0,16:06:09.488
000931.SZ,09:46:07.440,94607440,11074671,0.0,200,0.0,?,11065663,0,0,16:06:09.488
000931.SZ,09:46:07.550,94607550,11075835,0.0,3900,0.0,?,11065580,0,0,16:06:09.488
000931.SZ,09:46:07.550,94607550,11075836,0.0,1600,0.0,?,11065581,0,0,16:06:09.488
000931.SZ,09:46:07.550,94607550,11075837,0.0,900,0.0,?,11065582,0,0,16:06:09.488
000931.SZ,09:46:07.550,94607550,11075838,0.0,3900,0.0,?,11065585,0,0,16:06:09.488
000931.SZ,09:46:07.550,94607550,11075845,0.0,1100,0.0,?,11065586,0,0,16:06:09.488
000931.SZ,09:46:07.550,94607550,11075876,0.0,10000,0.0,?,11065564,0,0,16:06:09.488
000931.SZ,09:46:09.170,94609170,11086434,5.03,700,0.3521,B,11065579,11086433,0,16:06:09.717
000931.SZ,09:46:09.170,94609170,11086436,5.03,1200,0.6036,B,11065579,11086435,0,16:06:09.717
000931.SZ,09:46:09.170,94609170,11086438,5.03,400,0.2012,B,11065579,11086437,0,16:06:09.717
000931.SZ,09:46:09.170,94609170,11086439,5.03,100,0.0503,B,11065589,11086437,0,16:06:09.717
000931.SZ,09:46:09.170,94609170,11086453,5.03,600,0.3018,B,11065589,11086452,0,16:06:09.717
000931.SZ,09:46:09.190,94609190,11086799,5.03,700,0.3521,B,11065589,11086798,0,16:06:09.717
000931.SZ,09:46:09.300,94609300,11087624,0.0,1400,0.0,?,10996327,0,0,16:06:09.717
000931.SZ,09:46:09.300,94609300,11087625,0.0,1800,0.0,?,10851595,0,0,16:06:09.717
000931.SZ,09:46:09.330,94609330,11087887,0.0,400,0.0,?,11068384,0,0,16:06:09.717
000931.SZ,09:46:09.360,94609360,11088130,0.0,600,0.0,?,11065722,0,0,16:06:09.717
000931.SZ,09:46:09.390,94609390,11088470,0.0,5000,0.0,?,7408149,0,0,16:06:09.717
000931.SZ,09:46:09.470,94609470,11089088,5.02,100,0.0502,S,11089087,97316,0,16:06:09.717
000931.SZ,09:46:10.490,94610490,11099000,0.0,100,0.0,?,0,10985735,0,16:06:09.939
000931.SZ,09:46:10.850,94610850,11101913,5.03,1600,0.8048,B,11065589,11101912,0,16:06:09.974
000931.SZ,09:46:10.850,94610850,11101914,5.03,3900,1.9617,B,11065662,11101912,0,16:06:09.974
000931.SZ,09:46:10.850,94610850,11101915,5.03,200,0.1006,B,11066189,11101912,0,16:06:09.974
000931.SZ,09:46:10.850,94610850,11101916,5.03,200,0.1006,B,11066286,11101912,0,16:06:09.974
000931.SZ,09:46:10.850,94610850,11101917,5.03,1100,0.5533,B,11067022,11101912,0,16:06:09.974
000931.SZ,09:46:10.850,94610850,11101918,5.03,100,0.0503,B,11075342,11101912,0,16:06:09.974
000931.SZ,09:46:10.850,94610850,11101919,5.03,100,0.0503,B,11075372,11101912,0,16:06:09.974
000931.SZ,09:46:10.850,94610850,11101920,5.03,100,0.0503,B,11075375,11101912,0,16:06:09.974
000931.SZ,09:46:10.850,94610850,11101921,5.03,1000,0.503,B,11075389,11101912,0,16:06:09.974
000931.SZ,09:46:10.850,94610850,11101922,5.03,300,0.1509,B,11075394,11101912,0,16:06:09.974
000931.SZ,09:46:10.850,94610850,11101923,5.03,1000,0.503,B,11075395,11101912,0,16:06:09.974
000931.SZ,09:46:10.850,94610850,11101924,5.03,300,0.1509,B,11075396,11101912,0,16:06:09.974
000931.SZ,09:46:10.850,94610850,11101925,5.03,100,0.0503,B,11075479,11101912,0,16:06:09.974
000931.SZ,09:46:10.850,94610850,11101926,5.03,100,0.0503,B,11075484,11101912,0,16:06:09.974
000931.SZ,09:46:10.850,94610850,11101927,5.03,200,0.1006,B,11075486,11101912,0,16:06:09.974
000931.SZ,09:46:10.850,94610850,11101928,5.03,100,0.0503,B,11075487,11101912,0,16:06:09.974
000931.SZ,09:46:10.850,94610850,11101929,5.03,100,0.0503,B,11075501,11101912,0,16:06:09.974
000931.SZ,09:46:10.850,94610850,11101930,5.03,100,0.0503,B,11075586,11101912,0,16:06:09.974
000931.SZ,09:46:10.850,94610850,11101931,5.03,100,0.0503,B,11075711,11101912,0,16:06:09.974
000931.SZ,09:46:10.850,94610850,11101932,5.03,400,0.2012,B,11086713,11101912,0,16:06:09.974
000931.SZ,09:46:10.850,94610850,11101933,5.03,400,0.2012,B,11086719,11101912,0,16:06:09.974
000931.SZ,09:46:10.850,94610850,11101934,5.03,300,0.1509,B,11086730,11101912,0,16:06:09.974
000931.SZ,09:46:10.850,94610850,11101935,5.03,2800,1.4084,B,11087623,11101912,0,16:06:09.974
000931.SZ,09:46:10.850,94610850,11101936,5.03,1400,0.7042,B,11092203,11101912,0,16:06:09.974
000931.SZ,09:46:10.850,94610850,11101965,5.03,1100,0.5533,S,11101964,11101912,0,16:06:09.974
000931.SZ,09:46:10.850,94610850,11101967,5.03,200,0.1006,S,11101966,11101912,0,16:06:09.974
000931.SZ,09:46:10.850,94610850,11101969,5.03,300,0.1509,S,11101968,11101912,0,16:06:09.974
000931.SZ,09:46:10.850,94610850,11101975,5.03,2400,1.2072,S,11101974,11101912,0,16:06:09.974
000931.SZ,09:46:10.970,94610970,11102799,0.0,20000,0.0,?,392532,0,0,16:06:10.082
000931.SZ,09:46:11.250,94611250,11104561,0.0,3000,0.0,?,0,33871,0,16:06:10.082
000931.SZ,09:46:11.660,94611660,11107219,0.0,400,0.0,?,7731853,0,0,16:06:10.082
000931.SZ,09:46:11.760,94611760,11107946,0.0,13100,0.0,?,0,9552682,0,16:06:10.206
000931.SZ,09:46:11.870,94611870,11108612,0.0,32800,0.0,?,11101957,0,0,16:06:10.206
000931.SZ,09:46:13.190,94613190,11118926,0.0,4000,0.0,?,6913667,0,0,16:06:10.352
000931.SZ,09:46:13.860,94613860,11124123,0.0,300,0.0,?,11101974,0,0,16:06:10.463
000931.SZ,09:46:13.860,94613860,11124125,0.0,2000,0.0,?,11101979,0,0,16:06:10.463
000931.SZ,09:46:13.860,94613860,11124126,0.0,2400,0.0,?,11101977,0,0,16:06:10.463
000931.SZ,09:46:13.860,94613860,11124129,0.0,400,0.0,?,11101981,0,0,16:06:10.463
000931.SZ,09:46:13.860,94613860,11124130,0.0,900,0.0,?,11101986,0,0,16:06:10.463
000931.SZ,09:46:13.860,94613860,11124131,0.0,1900,0.0,?,11101980,0,0,16:06:10.463
000931.SZ,09:46:13.860,94613860,11124135,0.0,2400,0.0,?,11101978,0,0,16:06:10.463
000931.SZ,09:46:13.860,94613860,11124139,0.0,200,0.0,?,11101983,0,0,16:06:10.463
000931.SZ,09:46:13.860,94613860,11124151,0.0,2900,0.0,?,11101982,0,0,16:06:10.463
000931.SZ,09:46:14.950,94614950,11131913,5.03,100,0.0503,B,11103774,11131912,0,16:06:10.551
000931.SZ,09:46:14.950,94614950,11131914,5.03,300,0.1509,B,11103775,11131912,0,16:06:10.551
000931.SZ,09:46:14.950,94614950,11131915,5.03,100,0.0503,B,11103776,11131912,0,16:06:10.551
000931.SZ,09:46:14.950,94614950,11131916,5.03,100,0.0503,B,11103777,11131912,0,16:06:10.551
000931.SZ,09:46:14.950,94614950,11131917,5.03,200,0.1006,B,11103778,11131912,0,16:06:10.551
000931.SZ,09:46:14.950,94614950,11131918,5.03,300,0.1509,B,11103779,11131912,0,16:06:10.551
000931.SZ,09:46:15.990,94615990,11138772,5.03,500,0.2515,B,11103783,11138771,0,16:06:10.707
000931.SZ,09:46:15.990,94615990,11138773,5.03,100,0.0503,B,11103784,11138771,0,16:06:10.707
000931.SZ,09:46:15.990,94615990,11138774,5.03,200,0.1006,B,11103785,11138771,0,16:06:10.707
000931.SZ,09:46:15.990,94615990,11138775,5.03,400,0.2012,B,11103788,11138771,0,16:06:10.707
000931.SZ,09:46:15.990,94615990,11138776,5.03,400,0.2012,B,11103790,11138771,0,16:06:10.707
000931.SZ,09:46:16.510,94616510,11142623,5.03,100,0.0503,B,11103790,11142622,0,16:06:10.848
000931.SZ,09:46:19.630,94619630,11163240,5.03,300,0.1509,B,11103887,11163239,0,16:06:11.288
000931.SZ,09:46:19.630,94619630,11163241,5.03,100,0.0503,B,11103888,11163239,0,16:06:11.288
000931.SZ,09:46:19.630,94619630,11163242,5.03,200,0.1006,B,11103889,11163239,0,16:06:11.288
000931.SZ,09:46:20.170,94620170,11166745,5.03,100,0.0503,B,11103890,11166744,0,16:06:11.414
000931.SZ,09:46:21.020,94621020,11170845,5.03,100,0.0503,B,11103891,11170844,0,16:06:11.414
000931.SZ,09:46:21.020,94621020,11170846,5.03,100,0.0503,B,11103892,11170844,0,16:06:11.414
000931.SZ,09:46:21.020,94621020,11170851,5.03,200,0.1006,B,11103894,11170850,0,16:06:11.414
000931.SZ,09:46:21.280,94621280,11172511,5.03,100,0.0503,B,11103894,11172510,0,16:06:11.539
000931.SZ,09:46:21.280,94621280,11172512,5.03,200,0.1006,B,11103896,11172510,0,16:06:11.539
000931.SZ,09:46:21.280,94621280,11172537,0.0,400,0.0,?,11134378,0,0,16:06:11.539
000931.SZ,09:46:22.020,94622020,11177572,5.03,100,0.0503,B,11103896,11177571,0,16:06:11.539
000931.SZ,09:46:22.020,94622020,11177573,5.03,100,0.0503,B,11103897,11177571,0,16:06:11.539
000931.SZ,09:46:22.020,94622020,11177575,5.03,100,0.0503,B,11103897,11177574,0,16:06:11.539
000931.SZ,09:46:22.020,94622020,11177576,5.03,100,0.0503,B,11103902,11177574,0,16:06:11.539
000931.SZ,09:46:22.020,94622020,11177577,5.03,100,0.0503,B,11103943,11177574,0,16:06:11.539
000931.SZ,09:46:22.020,94622020,11177580,5.03,200,0.1006,B,11103943,11177579,0,16:06:11.539
000931.SZ,09:46:22.020,94622020,11177581,5.03,100,0.0503,B,11104020,11177579,0,16:06:11.539
000931.SZ,09:46:24.280,94624280,11191944,0.0,400,0.0,?,11134390,0,0,16:06:11.974
000931.SZ,09:46:27.630,94627630,11213302,5.03,100,0.0503,B,11104021,11213301,0,16:06:12.290
000931.SZ,09:46:27.630,94627630,11213303,5.03,100,0.0503,B,11139272,11213301,0,16:06:12.290
000931.SZ,09:46:30.750,94630750,11233654,0.0,1000,0.0,?,0,5180514,0,16:06:12.769
000931.SZ,09:46:31.970,94631970,11240654,0.0,100,0.0,?,10886017,0,0,16:06:12.894
000931.SZ,09:46:34.250,94634250,11255142,0.0,300,0.0,?,10974168,0,0,16:06:13.260
000931.SZ,09:46:34.550,94634550,11258355,5.03,1600,0.8048,B,11178534,11258354,0,16:06:13.260
000931.SZ,09:46:34.550,94634550,11258362,5.03,400,0.2012,B,11178534,11258361,0,16:06:13.260
000931.SZ,09:46:35.870,94635870,11266052,5.03,1600,0.8048,B,11178534,11266051,0,16:06:13.490
000931.SZ,09:46:35.870,94635870,11266053,5.03,1300,0.6539,B,11188760,11266051,0,16:06:13.490
000931.SZ,09:46:35.870,94635870,11266054,5.03,100,0.0503,B,11211338,11266051,0,16:06:13.490
000931.SZ,09:46:35.870,94635870,11266055,5.03,100,0.0503,B,11214926,11266051,0,16:06:13.490
000931.SZ,09:46:35.870,94635870,11266056,5.03,100,0.0503,B,11214928,11266051,0,16:06:13.490
000931.SZ,09:46:35.870,94635870,11266057,5.03,300,0.1509,B,11214929,11266051,0,16:06:13.490
000931.SZ,09:46:35.870,94635870,11266058,5.03,100,0.0503,B,11214930,11266051,0,16:06:13.490
000931.SZ,09:46:35.870,94635870,11266059,5.03,200,0.1006,B,11214931,11266051,0,16:06:13.490
000931.SZ,09:46:35.870,94635870,11266060,5.03,200,0.1006,B,11214932,11266051,0,16:06:13.490
000931.SZ,09:46:35.870,94635870,11266061,5.03,200,0.1006,B,11214937,11266051,0,16:06:13.490
000931.SZ,09:46:35.870,94635870,11266062,5.03,500,0.2515,B,11214984,11266051,0,16:06:13.490
000931.SZ,09:46:35.870,94635870,11266063,5.03,300,0.1509,B,11214985,11266051,0,16:06:13.490
000931.SZ,09:46:36.180,94636180,11268166,5.03,300,0.1509,B,11214985,11268165,0,16:06:13.490
000931.SZ,09:46:40.150,94640150,11297254,5.02,1500,0.753,S,11297253,97316,0,16:06:14.034
000931.SZ,09:46:48.050,94648050,11353089,0.0,600,0.0,?,10967492,0,0,16:06:15.080
000931.SZ,09:46:48.330,94648330,11354765,5.03,300,0.1509,B,11215017,11354764,0,16:06:15.236
000931.SZ,09:46:49.530,94649530,11362905,5.03,200,0.1006,B,11215018,11362904,0,16:06:15.346
000931.SZ,09:46:49.530,94649530,11362906,5.03,100,0.0503,B,11215019,11362904,0,16:06:15.346
000931.SZ,09:46:49.530,94649530,11362907,5.03,100,0.0503,B,11215020,11362904,0,16:06:15.346
000931.SZ,09:46:49.530,94649530,11362908,5.03,100,0.0503,B,11215021,11362904,0,16:06:15.346
000931.SZ,09:46:49.530,94649530,11362909,5.03,200,0.1006,B,11215023,11362904,0,16:06:15.346
000931.SZ,09:46:49.530,94649530,11362910,5.03,200,0.1006,B,11215024,11362904,0,16:06:15.346
000931.SZ,09:46:49.530,94649530,11362911,5.03,300,0.1509,B,11215025,11362904,0,16:06:15.346
000931.SZ,09:46:49.530,94649530,11362912,5.03,100,0.0503,B,11215028,11362904,0,16:06:15.346
000931.SZ,09:46:49.530,94649530,11362913,5.03,200,0.1006,B,11215029,11362904,0,16:06:15.346
000931.SZ,09:46:49.530,94649530,11362914,5.03,200,0.1006,B,11215040,11362904,0,16:06:15.346
000931.SZ,09:46:49.530,94649530,11362915,5.03,100,0.0503,B,11215067,11362904,0,16:06:15.346
000931.SZ,09:46:49.530,94649530,11362916,5.03,300,0.1509,B,11215116,11362904,0,16:06:15.346
000931.SZ,09:46:49.530,94649530,11362917,5.03,100,0.0503,B,11246428,11362904,0,16:06:15.346
000931.SZ,09:46:49.530,94649530,11362918,5.03,300,0.1509,B,11255835,11362904,0,16:06:15.346
000931.SZ,09:46:49.530,94649530,11362919,5.03,400,0.2012,B,11259094,11362904,0,16:06:15.346
000931.SZ,09:46:49.530,94649530,11362920,5.03,400,0.2012,B,11268180,11362904,0,16:06:15.346
000931.SZ,09:46:49.530,94649530,11362921,5.03,400,0.2012,B,11268196,11362904,0,16:06:15.346
000931.SZ,09:46:49.530,94649530,11362922,5.03,3700,1.8611,B,11290835,11362904,0,16:06:15.346
000931.SZ,09:46:49.530,94649530,11362923,5.03,200,0.1006,B,11291669,11362904,0,16:06:15.346
000931.SZ,09:46:49.530,94649530,11362924,5.03,600,0.3018,B,11312868,11362904,0,16:06:15.346
000931.SZ,09:46:49.530,94649530,11362925,5.03,600,0.3018,B,11313307,11362904,0,16:06:15.346
000931.SZ,09:46:49.530,94649530,11362926,5.03,300,0.1509,B,11332633,11362904,0,16:06:15.346
000931.SZ,09:46:49.530,94649530,11362927,5.03,100,0.0503,B,11334799,11362904,0,16:06:15.346
000931.SZ,09:46:49.530,94649530,11362928,5.03,1000,0.503,B,11337060,11362904,0,16:06:15.346
000931.SZ,09:46:49.530,94649530,11362929,5.03,300,0.1509,B,11341025,11362904,0,16:06:15.346
000931.SZ,09:46:49.530,94649530,11362930,5.03,300,0.1509,B,11344324,11362904,0,16:06:15.346
000931.SZ,09:46:49.530,94649530,11362931,5.03,600,0.3018,B,11354340,11362904,0,16:06:15.346
000931.SZ,09:46:49.530,94649530,11362932,5.03,400,0.2012,B,11354613,11362904,0,16:06:15.346
000931.SZ,09:46:49.530,94649530,11362933,5.04,100,0.0504,B,10841732,11362904,0,16:06:15.346
000931.SZ,09:46:49.530,94649530,11362934,5.04,300,0.1512,B,10841733,11362904,0,16:06:15.346
000931.SZ,09:46:49.530,94649530,11362935,5.04,100,0.0504,B,10841812,11362904,0,16:06:15.346
000931.SZ,09:46:49.530,94649530,11362936,5.04,100,0.0504,B,10841814,11362904,0,16:06:15.346
000931.SZ,09:46:49.530,94649530,11362937,5.04,100,0.0504,B,10841815,11362904,0,16:06:15.346
000931.SZ,09:46:49.530,94649530,11362938,5.04,100,0.0504,B,10841816,11362904,0,16:06:15.346
000931.SZ,09:46:49.530,94649530,11362939,5.04,100,0.0504,B,10841829,11362904,0,16:06:15.346
000931.SZ,09:46:49.530,94649530,11362940,5.04,100,0.0504,B,10841876,11362904,0,16:06:15.346
000931.SZ,09:46:49.530,94649530,11362941,5.04,600,0.3024,B,10864180,11362904,0,16:06:15.346
000931.SZ,09:46:49.530,94649530,11362942,5.04,500,0.252,B,10864184,11362904,0,16:06:15.346
000931.SZ,09:46:49.530,94649530,11362943,5.04,100,0.0504,B,10864187,11362904,0,16:06:15.346
000931.SZ,09:46:49.530,94649530,11362944,5.04,100,0.0504,B,10864191,11362904,0,16:06:15.346
000931.SZ,09:46:49.730,94649730,11364106,0.0,8000,0.0,?,10929781,0,0,16:06:15.346
000931.SZ,09:46:50.560,94650560,11368904,0.0,74200,0.0,?,11362972,0,0,16:06:15.488
000931.SZ,09:46:51.020,94651020,11371409,5.02,4000,2.008,S,11371408,97316,0,16:06:15.488
000931.SZ,09:46:51.680,94651680,11376643,0.0,10000,0.0,?,11363010,0,0,16:06:15.581
000931.SZ,09:46:52.880,94652880,11383745,0.0,500,0.0,?,11332642,0,0,16:06:15.780
000931.SZ,09:46:53.540,94653540,11387529,0.0,5000,0.0,?,0,9271894,0,16:06:15.780
000931.SZ,09:46:56.870,94656870,11408226,5.03,100,0.0503,B,11363369,11408225,0,16:06:16.187
000931.SZ,09:46:58.130,94658130,11415643,0.0,500,0.0,?,11341110,0,0,16:06:16.391
000931.SZ,09:47:03.250,94703250,11450423,5.03,100,0.0503,B,11364602,11450422,0,16:06:17.171
000931.SZ,09:47:03.250,94703250,11450424,5.03,500,0.2515,B,11377257,11450422,0,16:06:17.171
000931.SZ,09:47:06.110,94706110,11469843,0.0,400,0.0,?,11341474,0,0,16:06:17.547
000931.SZ,09:47:10.730,94710730,11503795,0.0,10300,0.0,?,0,503451,0,16:06:18.233
000931.SZ,09:47:10.790,94710790,11504293,0.0,1900,0.0,?,0,11352917,0,16:06:18.343
000931.SZ,09:47:11.870,94711870,11511106,5.03,1000,0.503,B,11377257,11511105,0,16:06:18.437
000931.SZ,09:47:12.740,94712740,11517231,5.03,100,0.0503,B,11377257,11517230,0,16:06:18.594
000931.SZ,09:47:12.750,94712750,11517274,5.03,100,0.0503,B,11377494,11517273,0,16:06:18.594
000931.SZ,09:47:14.080,94714080,11525966,0.0,10000,0.0,?,0,346864,0,16:06:18.677
000931.SZ,09:47:16.440,94716440,11540241,5.02,700,0.3514,S,11540240,97316,0,16:06:18.822
000931.SZ,09:47:19.600,94719600,11559504,5.03,700,0.3521,B,11377494,11559503,0,16:06:18.955
000931.SZ,09:47:19.600,94719600,11559505,5.03,100,0.0503,B,11382254,11559503,0,16:06:18.955
000931.SZ,09:47:19.600,94719600,11559506,5.03,200,0.1006,B,11382324,11559503,0,16:06:18.955
000931.SZ,09:47:19.600,94719600,11559507,5.03,300,0.1509,B,11384324,11559503,0,16:06:18.955
000931.SZ,09:47:19.600,94719600,11559508,5.03,600,0.3018,B,11385321,11559503,0,16:06:18.955
000931.SZ,09:47:19.600,94719600,11559509,5.03,400,0.2012,B,11391028,11559503,0,16:06:18.955
000931.SZ,09:47:19.600,94719600,11559510,5.03,2000,1.006,B,11391610,11559503,0,16:06:18.955
000931.SZ,09:47:19.600,94719600,11559511,5.03,1000,0.503,B,11393145,11559503,0,16:06:18.955
000931.SZ,09:47:19.600,94719600,11559512,5.03,800,0.4024,B,11394887,11559503,0,16:06:18.955
000931.SZ,09:47:19.600,94719600,11559513,5.03,1600,0.8048,B,11395006,11559503,0,16:06:18.955
000931.SZ,09:47:19.600,94719600,11559514,5.03,800,0.4024,B,11395040,11559503,0,16:06:18.955
000931.SZ,09:47:19.600,94719600,11559515,5.03,1000,0.503,B,11396660,11559503,0,16:06:18.955
000931.SZ,09:47:19.600,94719600,11559516,5.03,800,0.4024,B,11399013,11559503,0,16:06:18.955
000931.SZ,09:47:19.600,94719600,11559517,5.03,700,0.3521,B,11399254,11559503,0,16:06:18.955
000931.SZ,09:47:22.510,94722510,11576993,5.03,100,0.0503,B,11399254,11576992,0,16:06:19.116
000931.SZ,09:47:28.990,94728990,11619550,5.03,1100,0.5533,B,11399254,11619549,0,16:06:19.418
000931.SZ,09:47:28.990,94728990,11619551,5.03,300,0.1509,B,11421530,11619549,0,16:06:19.418
000931.SZ,09:47:28.990,94728990,11619552,5.03,300,0.1509,B,11470491,11619549,0,16:06:19.418
000931.SZ,09:47:28.990,94728990,11619553,5.03,800,0.4024,B,11474567,11619549,0,16:06:19.418
000931.SZ,09:47:28.990,94728990,11619554,5.03,1000,0.503,B,11476720,11619549,0,16:06:19.418
000931.SZ,09:47:28.990,94728990,11619555,5.03,1000,0.503,B,11491307,11619549,0,16:06:19.418
000931.SZ,09:47:28.990,94728990,11619556,5.03,5700,2.8671,B,11511982,11619549,0,16:06:19.418
000931.SZ,09:47:29.200,94729200,11620915,0.0,1000,0.0,?,0,518984,0,16:06:19.418
000931.SZ,09:47:29.560,94729560,11623259,5.03,500,0.2515,B,11511982,11623258,0,16:06:19.447
000931.SZ,09:47:41.120,94741120,11709214,5.03,1800,0.9054,B,11511982,11709213,0,16:06:20.869
000931.SZ,09:47:41.120,94741120,11709215,5.03,100,0.0503,B,11536971,11709213,0,16:06:20.869
000931.SZ,09:47:41.120,94741120,11709216,5.03,2000,1.006,B,11602786,11709213,0,16:06:20.869
000931.SZ,09:47:41.120,94741120,11709217,5.03,400,0.2012,B,11663567,11709213,0,16:06:20.869
000931.SZ,09:47:41.120,94741120,11709218,5.03,1000,0.503,B,11705115,11709213,0,16:06:20.869
000931.SZ,09:47:41.280,94741280,11710094,5.03,500,0.2515,S,11710093,11709213,0,16:06:20.869
000931.SZ,09:47:41.550,94741550,11712154,5.03,5200,2.6156,S,11712153,11709213,0,16:06:20.978
000931.SZ,09:47:41.550,94741550,11712259,5.03,4400,2.2132,S,11712258,11709213,0,16:06:20.978
000931.SZ,09:47:41.550,94741550,11712367,5.03,4600,2.3138,S,11712366,11709213,0,16:06:20.978
000931.SZ,09:47:41.930,94741930,11714670,0.0,200,0.0,?,0,11340907,0,16:06:20.978
000931.SZ,09:47:42.030,94742030,11715207,5.03,100,0.0503,B,11713171,11715206,0,16:06:20.978
000931.SZ,09:47:42.040,94742040,11715276,0.0,700,0.0,?,0,11353196,0,16:06:20.978
000931.SZ,09:47:42.250,94742250,11716892,5.03,400,0.2012,B,11713171,11716891,0,16:06:21.074
000931.SZ,09:47:42.520,94742520,11719467,5.02,500,0.251,S,11719466,97316,0,16:06:21.074
000931.SZ,09:47:42.560,94742560,11719996,0.0,74100,0.0,?,11709252,0,0,16:06:21.074
000931.SZ,09:47:45.860,94745860,11740621,5.02,2200,1.1044,S,11740620,97316,0,16:06:21.498
000931.SZ,09:47:45.860,94745860,11740622,5.02,400,0.2008,S,11740620,278668,0,16:06:21.498
000931.SZ,09:47:45.860,94745860,11740623,5.02,200,0.1004,S,11740620,399365,0,16:06:21.498
000931.SZ,09:47:45.860,94745860,11740624,5.02,300,0.1506,S,11740620,518557,0,16:06:21.498
000931.SZ,09:47:51.200,94751200,11775071,0.0,1000,0.0,?,0,10023064,0,16:06:22.122
000931.SZ,09:47:52.210,94752210,11781406,5.03,500,0.2515,B,11713171,11781405,0,16:06:22.261
000931.SZ,09:47:57.010,94757010,11814540,0.0,1900,0.0,?,0,9948874,0,16:06:22.853
000931.SZ,09:48:05.730,94805730,11874995,0.0,500,0.0,?,0,11312468,0,16:06:24.159
000931.SZ,09:48:08.310,94808310,11893895,5.03,500,0.2515,B,11713171,11893894,0,16:06:24.577
000931.SZ,09:48:11.610,94811610,11913704,5.03,500,0.2515,B,11713171,11913703,0,16:06:24.880
000931.SZ,09:48:11.820,94811820,11914954,5.03,3900,1.9617,B,11713171,11914953,0,16:06:24.880
000931.SZ,09:48:12.170,94812170,11916765,0.0,600,0.0,?,0,11086441,0,16:06:24.958
000931.SZ,09:48:12.170,94812170,11916766,0.0,800,0.0,?,0,11086442,0,16:06:24.958
000931.SZ,09:48:12.380,94812380,11918099,5.02,200,0.1004,S,11918098,518557,0,16:06:24.958
000931.SZ,09:48:12.380,94812380,11918100,5.02,300,0.1506,S,11918098,1013440,0,16:06:24.958
000931.SZ,09:48:14.760,94814760,11934313,0.0,12900,0.0,?,0,10636128,0,16:06:25.307
000931.SZ,09:48:21.440,94821440,11979001,0.0,12300,0.0,?,11914997,0,0,16:06:26.179
000931.SZ,09:48:28.160,94828160,12017583,0.0,2000,0.0,?,0,32209,0,16:06:26.909
000931.SZ,09:48:33.980,94833980,12050172,5.03,500,0.2515,B,11713171,12050171,0,16:06:27.600
000931.SZ,09:48:34.150,94834150,12051334,0.0,1900,0.0,?,10842033,0,0,16:06:27.757
000931.SZ,09:48:38.700,94838700,12083117,5.02,1500,0.753,S,12083116,1013440,0,16:06:28.265
000931.SZ,09:48:38.700,94838700,12083118,5.02,200,0.1004,S,12083116,1454828,0,16:06:28.265
000931.SZ,09:48:38.700,94838700,12083119,5.02,100,0.0502,S,12083116,2740345,0,16:06:28.265
000931.SZ,09:48:38.990,94838990,12084666,5.03,100,0.0503,B,11713171,12084665,0,16:06:28.265
000931.SZ,09:48:39.420,94839420,12087455,5.03,10000,5.03,B,11713171,12087454,0,16:06:28.390
000931.SZ,09:48:39.430,94839430,12087553,0.0,100,0.0,?,12063908,0,0,16:06:28.390
000931.SZ,09:48:39.430,94839430,12087556,5.03,43900,22.0817,B,11713171,12087555,0,16:06:28.390
000931.SZ,09:48:39.430,94839430,12087557,5.03,200,0.1006,B,11713287,12087555,0,16:06:28.390
000931.SZ,09:48:39.430,94839430,12087558,5.03,18300,9.2049,B,11713290,12087555,0,16:06:28.390
000931.SZ,09:48:39.430,94839430,12087559,5.03,200,0.1006,B,11713323,12087555,0,16:06:28.390
000931.SZ,09:48:39.430,94839430,12087560,5.03,1600,0.8048,B,11752508,12087555,0,16:06:28.390
000931.SZ,09:48:39.430,94839430,12087561,5.03,200,0.1006,B,11844529,12087555,0,16:06:28.390
000931.SZ,09:48:39.430,94839430,12087562,5.03,1000,0.503,B,11857179,12087555,0,16:06:28.390
000931.SZ,09:48:39.430,94839430,12087563,5.03,200,0.1006,B,11857278,12087555,0,16:06:28.390
000931.SZ,09:48:39.430,94839430,12087564,5.03,400,0.2012,B,11918619,12087555,0,16:06:28.390
000931.SZ,09:48:39.430,94839430,12087565,5.03,3400,1.7102,B,11929335,12087555,0,16:06:28.390
000931.SZ,09:48:39.430,94839430,12087566,5.03,1500,0.7545,B,12011941,12087555,0,16:06:28.390
000931.SZ,09:48:40.730,94840730,12096751,0.0,200,0.0,?,0,11345802,0,16:06:28.514
000931.SZ,09:48:40.830,94840830,12097282,5.04,200,0.1008,B,10864191,12097281,0,16:06:28.514
000931.SZ,09:48:40.840,94840840,12097335,0.0,300,0.0,?,0,11346437,0,16:06:28.514
000931.SZ,09:48:40.940,94840940,12097875,5.04,300,0.1512,B,10864192,12097874,0,16:06:28.626
000931.SZ,09:48:40.990,94840990,12098041,0.0,100,0.0,?,0,12057963,0,16:06:28.626
000931.SZ,09:48:42.030,94842030,12103212,0.0,100,0.0,?,0,11741690,0,16:06:28.626
000931.SZ,09:48:42.140,94842140,12103747,5.04,100,0.0504,B,10864192,12103746,0,16:06:28.754
000931.SZ,09:48:42.260,94842260,12104397,0.0,300,0.0,?,0,11736787,0,16:06:28.754
000931.SZ,09:48:42.380,94842380,12105205,0.0,100,0.0,?,0,11355026,0,16:06:28.754
000931.SZ,09:48:42.460,94842460,12106363,5.04,300,0.1512,B,10864192,12106362,0,16:06:28.754
000931.SZ,09:48:42.470,94842470,12106409,0.0,300,0.0,?,0,11249204,0,16:06:28.754
000931.SZ,09:48:42.500,94842500,12106570,0.0,400,0.0,?,0,11249680,0,16:06:28.754
000931.SZ,09:48:42.500,94842500,12106584,0.0,100,0.0,?,0,11238114,0,16:06:28.754
000931.SZ,09:48:42.510,94842510,12106680,0.0,800,0.0,?,0,11238099,0,16:06:28.754
000931.SZ,09:48:42.510,94842510,12106691,0.0,2400,0.0,?,0,11249736,0,16:06:28.754
000931.SZ,09:48:42.640,94842640,12107654,0.0,100,0.0,?,0,11338535,0,16:06:28.754
000931.SZ,09:48:42.790,94842790,12108690,0.0,300,0.0,?,0,11401621,0,16:06:28.754
000931.SZ,09:48:42.910,94842910,12109230,5.04,200,0.1008,B,10864192,12109229,0,16:06:28.754
000931.SZ,09:48:42.910,94842910,12109231,5.04,500,0.252,B,10864196,12109229,0,16:06:28.754
000931.SZ,09:48:42.910,94842910,12109232,5.04,200,0.1008,B,10864303,12109229,0,16:06:28.754
000931.SZ,09:48:42.910,94842910,12109233,5.04,400,0.2016,B,10864307,12109229,0,16:06:28.754
000931.SZ,09:48:42.910,94842910,12109234,5.04,500,0.252,B,10864308,12109229,0,16:06:28.754
000931.SZ,09:48:42.910,94842910,12109235,5.04,200,0.1008,B,10864309,12109229,0,16:06:28.754
000931.SZ,09:48:42.910,94842910,12109236,5.04,800,0.4032,B,10864363,12109229,0,16:06:28.754
000931.SZ,09:48:42.910,94842910,12109237,5.04,100,0.0504,B,10874745,12109229,0,16:06:28.754
000931.SZ,09:48:42.910,94842910,12109238,5.04,200,0.1008,B,10893133,12109229,0,16:06:28.754
000931.SZ,09:48:42.910,94842910,12109239,5.04,100,0.0504,B,10935110,12109229,0,16:06:28.754
000931.SZ,09:48:42.910,94842910,12109240,5.04,100,0.0504,B,10950970,12109229,0,16:06:28.754
000931.SZ,09:48:42.910,94842910,12109241,5.04,200,0.1008,B,10951041,12109229,0,16:06:28.754
000931.SZ,09:48:42.910,94842910,12109242,5.04,6500,3.276,B,10985620,12109229,0,16:06:28.754
000931.SZ,09:48:42.920,94842920,12109300,5.04,4900,2.4696,B,10985620,12109299,0,16:06:28.754
000931.SZ,09:48:42.920,94842920,12109301,5.04,900,0.4536,B,10993371,12109299,0,16:06:28.754
000931.SZ,09:48:42.920,94842920,12109302,5.04,2300,1.1592,B,10997216,12109299,0,16:06:28.754
000931.SZ,09:48:42.920,94842920,12109303,5.04,3200,1.6128,B,11021117,12109299,0,16:06:28.754
000931.SZ,09:48:42.920,94842920,12109304,5.04,600,0.3024,B,11021186,12109299,0,16:06:28.754
000931.SZ,09:48:42.960,94842960,12109422,0.0,900,0.0,?,0,11352684,0,16:06:28.754
000931.SZ,09:48:42.990,94842990,12109599,5.04,300,0.1512,B,11021186,12109598,0,16:06:28.754
000931.SZ,09:48:43.050,94843050,12109914,0.0,100,0.0,?,0,11134372,0,16:06:28.754
000931.SZ,09:48:43.050,94843050,12109916,0.0,100,0.0,?,0,11086459,0,16:06:28.754
000931.SZ,09:48:43.050,94843050,12109917,0.0,1400,0.0,?,0,11172526,0,16:06:28.754
000931.SZ,09:48:43.060,94843060,12109977,0.0,500,0.0,?,0,11353498,0,16:06:28.754
000931.SZ,09:48:43.180,94843180,12110694,0.0,300,0.0,?,0,11241780,0,16:06:28.888
000931.SZ,09:48:43.280,94843280,12111700,5.04,100,0.0504,B,11039176,12111699,0,16:06:28.888
000931.SZ,09:48:43.380,94843380,12112501,5.04,300,0.1512,B,11039176,12112500,0,16:06:28.888
000931.SZ,09:48:43.380,94843380,12112502,5.04,200,0.1008,B,11103601,12112500,0,16:06:28.888
000931.SZ,09:48:43.460,94843460,12113534,5.04,300,0.1512,B,11103601,12113533,0,16:06:28.888
000931.SZ,09:48:43.500,94843500,12113902,5.04,400,0.2016,B,11103601,12113901,0,16:06:28.888
000931.SZ,09:48:43.500,94843500,12113904,5.04,1000,0.504,B,11103601,12113903,0,16:06:28.888
000931.SZ,09:48:43.500,94843500,12113905,5.04,300,0.1512,B,11340471,12113903,0,16:06:28.888
000931.SZ,09:48:43.500,94843500,12113906,5.04,200,0.1008,B,11344501,12113903,0,16:06:28.888
000931.SZ,09:48:43.500,94843500,12113907,5.04,100,0.0504,B,11345420,12113903,0,16:06:28.888
000931.SZ,09:48:43.500,94843500,12113908,5.04,100,0.0504,B,11362997,12113903,0,16:06:28.888
000931.SZ,09:48:43.500,94843500,12113909,5.04,200,0.1008,B,11384326,12113903,0,16:06:28.888
000931.SZ,09:48:43.500,94843500,12113910,5.04,200,0.1008,B,11421529,12113903,0,16:06:28.888
000931.SZ,09:48:43.500,94843500,12113911,5.04,100,0.0504,B,11470503,12113903,0,16:06:28.888
000931.SZ,09:48:43.500,94843500,12113912,5.04,200,0.1008,B,11709378,12113903,0,16:06:28.888
000931.SZ,09:48:43.500,94843500,12113914,5.04,100,0.0504,B,11726019,12113913,0,16:06:28.888
000931.SZ,09:48:43.500,94843500,12113918,5.04,800,0.4032,B,11726019,12113917,0,16:06:28.888
000931.SZ,09:48:43.500,94843500,12113934,5.04,200,0.1008,B,11726019,12113933,0,16:06:28.888
000931.SZ,09:48:43.500,94843500,12113936,5.04,300,0.1512,B,11726019,12113935,0,16:06:28.888
000931.SZ,09:48:43.510,94843510,12114005,5.04,2100,1.0584,B,11726019,12114004,0,16:06:28.888
000931.SZ,09:48:43.510,94843510,12114006,5.04,200,0.1008,B,12113811,12114004,0,16:06:28.888
000931.SZ,09:48:43.520,94843520,12114033,0.0,100,0.0,?,0,11363104,0,16:06:28.888
000931.SZ,09:48:43.690,94843690,12115092,0.0,100,0.0,?,0,11351688,0,16:06:28.888
000931.SZ,09:48:44.540,94844540,12119998,5.04,1000,0.504,S,12119997,12114004,0,16:06:28.996
000931.SZ,09:48:45.090,94845090,12123057,0.0,3000,0.0,?,0,12114004,0,16:06:28.996
000931.SZ,09:48:45.420,94845420,12125244,5.04,100,0.0504,S,12125243,12114117,0,16:06:29.111
000931.SZ,09:48:45.420,94845420,12125245,5.04,100,0.0504,S,12125243,12115660,0,16:06:29.111
000931.SZ,09:48:45.420,94845420,12125246,5.04,300,0.1512,S,12125243,12117993,0,16:06:29.111
000931.SZ,09:48:45.420,94845420,12125264,0.0,73900,0.0,?,12114024,0,0,16:06:29.111
000931.SZ,09:48:45.430,94845430,12125292,0.0,300,0.0,?,0,12114025,0,16:06:29.111
000931.SZ,09:48:45.430,94845430,12125293,0.0,600,0.0,?,0,12114026,0,16:06:29.111
000931.SZ,09:48:45.480,94845480,12125772,5.04,100,0.0504,B,12125243,12125771,0,16:06:29.111
000931.SZ,09:48:45.570,94845570,12126393,0.0,100,0.0,?,12120020,0,0,16:06:29.111
000931.SZ,09:48:45.850,94845850,12128313,5.04,100,0.0504,B,12125243,12128312,0,16:06:29.111
000931.SZ,09:48:45.920,94845920,12128781,0.0,500,0.0,?,0,11722484,0,16:06:29.111
000931.SZ,09:48:46.000,94846000,12129125,0.0,200,0.0,?,0,11261011,0,16:06:29.111
000931.SZ,09:48:46.580,94846580,12134076,0.0,100,0.0,?,0,11101081,0,16:06:29.233
000931.SZ,09:48:46.930,94846930,12136667,5.04,200,0.1008,B,12125243,12136666,0,16:06:29.233
000931.SZ,09:48:46.930,94846930,12136668,5.04,300,0.1512,B,12125247,12136666,0,16:06:29.233
000931.SZ,09:48:48.280,94848280,12143835,5.04,400,0.2016,B,12125247,12143834,0,16:06:29.453
000931.SZ,09:48:48.720,94848720,12146905,5.04,3600,1.8144,B,12125265,12146904,0,16:06:29.453
000931.SZ,09:48:49.800,94849800,12153333,0.0,9000,0.0,?,12125265,0,0,16:06:29.564
000931.SZ,09:48:52.100,94852100,12167661,0.0,100,0.0,?,0,12135628,0,16:06:29.903
000931.SZ,09:48:52.410,94852410,12169932,5.05,100,0.0505,B,10583871,12169931,0,16:06:29.903
000931.SZ,09:48:52.500,94852500,12170633,5.05,100,0.0505,B,10583871,12170632,0,16:06:30.026
000931.SZ,09:48:54.300,94854300,12182536,0.0,100,0.0,?,0,11994376,0,16:06:30.137
000931.SZ,09:48:54.520,94854520,12184321,5.04,200,0.1008,S,12184320,12182538,0,16:06:30.137
000931.SZ,09:48:55.390,94855390,12190202,5.04,3900,1.9656,S,12190201,12183749,0,16:06:30.281
000931.SZ,09:48:55.400,94855400,12190269,5.04,300,0.1512,S,12190268,12183749,0,16:06:30.281
000931.SZ,09:48:57.310,94857310,12201228,5.04,300,0.1512,S,12201227,12198377,0,16:06:30.455
000931.SZ,09:48:57.320,94857320,12201267,0.0,74000,0.0,?,12190228,0,0,16:06:30.455
000931.SZ,09:48:59.200,94859200,12212907,0.0,5400,0.0,?,0,12029679,0,16:06:30.802
000931.SZ,09:48:59.500,94859500,12214459,0.0,6400,0.0,?,12201266,0,0,16:06:30.802
000931.SZ,09:49:00.200,94900200,12218152,5.04,400,0.2016,B,12201227,12218151,0,16:06:30.802
000931.SZ,09:49:00.300,94900300,12219070,0.0,600,0.0,?,0,12088075,0,16:06:30.987
000931.SZ,09:49:03.510,94903510,12241577,5.03,100,0.0503,S,12241576,12091543,0,16:06:31.380
000931.SZ,09:49:03.510,94903510,12241578,5.03,1400,0.7042,S,12241576,12091573,0,16:06:31.380
000931.SZ,09:49:07.390,94907390,12266805,0.0,400,0.0,?,0,11962150,0,16:06:31.876
000931.SZ,09:49:09.240,94909240,12276884,0.0,2200,0.0,?,12201322,0,0,16:06:32.125
000931.SZ,09:49:09.300,94909300,12277207,0.0,100,0.0,?,0,11392923,0,16:06:32.125
000931.SZ,09:49:09.300,94909300,12277212,0.0,100,0.0,?,0,11187981,0,16:06:32.125
000931.SZ,09:49:09.300,94909300,12277214,5.04,100,0.0504,B,12201227,12277213,0,16:06:32.125
000931.SZ,09:49:09.300,94909300,12277215,5.04,100,0.0504,B,12218177,12277213,0,16:06:32.125
000931.SZ,09:49:12.100,94912100,12292092,5.04,200,0.1008,B,12218177,12292091,0,16:06:32.457
000931.SZ,09:49:14.730,94914730,12306615,5.04,100,0.0504,B,12218177,12306614,0,16:06:32.770
000931.SZ,09:49:15.220,94915220,12308880,5.03,2200,1.1066,S,12308879,12091573,0,16:06:32.770
000931.SZ,09:49:15.350,94915350,12309535,5.04,100,0.0504,B,12239868,12309534,0,16:06:32.770
000931.SZ,09:49:15.350,94915350,12309549,0.0,600,0.0,?,0,12167686,0,16:06:32.770
000931.SZ,09:49:18.080,94918080,12325633,0.0,300,0.0,?,0,12167679,0,16:06:33.094
000931.SZ,09:49:20.550,94920550,12339415,5.04,300,0.1512,B,12239868,12339414,0,16:06:33.407
000931.SZ,09:49:20.550,94920550,12339416,5.04,300,0.1512,B,12258881,12339414,0,16:06:33.407
000931.SZ,09:49:21.350,94921350,12343394,0.0,600,0.0,?,0,535729,0,16:06:33.548
000931.SZ,09:49:24.800,94924800,12362096,5.04,100,0.0504,B,12258881,12362095,0,16:06:33.862
000931.SZ,09:49:27.280,94927280,12375177,5.04,100,0.0504,B,12258881,12375176,0,16:06:34.074
000931.SZ,09:49:27.600,94927600,12377042,5.04,200,0.1008,B,12258881,12377041,0,16:06:34.199
000931.SZ,09:49:30.260,94930260,12392680,5.04,100,0.0504,B,12258881,12392679,0,16:06:34.421
000931.SZ,09:49:30.480,94930480,12394351,0.0,1500,0.0,?,0,12109073,0,16:06:34.561
000931.SZ,09:49:30.670,94930670,12395350,5.04,200,0.1008,B,12258881,12395349,0,16:06:34.561
000931.SZ,09:49:30.670,94930670,12395351,5.04,400,0.2016,B,12260085,12395349,0,16:06:34.561
000931.SZ,09:49:30.670,94930670,12395352,5.04,600,0.3024,B,12292738,12395349,0,16:06:34.561
000931.SZ,09:49:30.670,94930670,12395353,5.04,300,0.1512,B,12292886,12395349,0,16:06:34.561
000931.SZ,09:49:32.550,94932550,12407384,5.03,600,0.3018,S,12407383,12091573,0,16:06:34.799
000931.SZ,09:49:33.280,94933280,12412272,5.04,100,0.0504,B,12292886,12412271,0,16:06:34.830
000931.SZ,09:49:33.280,94933280,12412273,5.04,1300,0.6552,B,12292888,12412271,0,16:06:34.830
000931.SZ,09:49:33.310,94933310,12412453,0.0,40600,0.0,?,10454160,0,0,16:06:34.830
000931.SZ,09:49:34.590,94934590,12424204,5.04,100,0.0504,B,12292888,12424203,0,16:06:35.089
000931.SZ,09:49:35.410,94935410,12429613,0.0,500,0.0,?,0,12263867,0,16:06:35.182
000931.SZ,09:49:37.250,94937250,12442464,0.0,100,0.0,?,0,12107726,0,16:06:35.420
000931.SZ,09:49:37.290,94937290,12442767,0.0,200,0.0,?,0,5610113,0,16:06:35.420
000931.SZ,09:49:37.350,94937350,12443321,0.0,700,0.0,?,0,12047832,0,16:06:35.420
000931.SZ,09:49:37.450,94937450,12444283,5.04,100,0.0504,B,12292888,12444282,0,16:06:35.514
000931.SZ,09:49:37.550,94937550,12444911,5.04,700,0.3528,B,12292888,12444910,0,16:06:35.514
000931.SZ,09:49:37.590,94937590,12445110,0.0,100,0.0,?,0,12105288,0,16:06:35.514
000931.SZ,09:49:37.780,94937780,12446293,5.04,100,0.0504,B,12292888,12446292,0,16:06:35.514
000931.SZ,09:49:37.820,94937820,12446486,0.0,300,0.0,?,0,12108946,0,16:06:35.514
000931.SZ,09:49:38.040,94938040,12447782,5.04,300,0.1512,B,12292888,12447781,0,16:06:35.514
000931.SZ,09:49:38.150,94938150,12448348,0.0,700,0.0,?,0,12108488,0,16:06:35.514
000931.SZ,09:49:38.240,94938240,12448876,0.0,2500,0.0,?,3994410,0,0,16:06:35.514
000931.SZ,09:49:38.350,94938350,12449523,5.04,400,0.2016,B,12292888,12449522,0,16:06:35.622
000931.SZ,09:49:38.350,94938350,12449524,5.04,300,0.1512,B,12292903,12449522,0,16:06:35.622
000931.SZ,09:49:39.970,94939970,12459522,5.04,400,0.2016,B,12292903,12459521,0,16:06:35.844
000931.SZ,09:49:39.970,94939970,12459523,5.04,300,0.1512,B,12292941,12459521,0,16:06:35.844
000931.SZ,09:49:40.020,94940020,12459749,5.03,2500,1.2575,S,12459748,12091573,0,16:06:35.844
000931.SZ,09:49:40.540,94940540,12462680,5.03,100,0.0503,S,12462679,12091573,0,16:06:35.844
000931.SZ,09:49:42.550,94942550,12473130,5.03,100,0.0503,S,12473129,12091573,0,16:06:36.028
000931.SZ,09:49:49.800,94949800,12514865,5.04,300,0.1512,B,12292941,12514864,0,16:06:36.905
000931.SZ,09:49:49.800,94949800,12514866,5.04,600,0.3024,B,12292985,12514864,0,16:06:36.905
000931.SZ,09:49:49.800,94949800,12514867,5.04,600,0.3024,B,12293039,12514864,0,16:06:36.905
000931.SZ,09:49:49.800,94949800,12514868,5.04,700,0.3528,B,12293045,12514864,0,16:06:36.905
000931.SZ,09:49:49.800,94949800,12514869,5.04,800,0.4032,B,12296387,12514864,0,16:06:36.905
000931.SZ,09:49:49.800,94949800,12514870,5.04,800,0.4032,B,12296427,12514864,0,16:06:36.905
000931.SZ,09:49:49.800,94949800,12514871,5.04,1000,0.504,B,12297282,12514864,0,16:06:36.905
000931.SZ,09:49:49.800,94949800,12514872,5.04,500,0.252,B,12297319,12514864,0,16:06:36.905
000931.SZ,09:49:49.800,94949800,12514873,5.04,1000,0.504,B,12313279,12514864,0,16:06:36.905
000931.SZ,09:49:49.800,94949800,12514874,5.04,400,0.2016,B,12325619,12514864,0,16:06:36.905
000931.SZ,09:49:49.800,94949800,12514875,5.04,2000,1.008,B,12335529,12514864,0,16:06:36.905
000931.SZ,09:49:49.800,94949800,12514876,5.04,1300,0.6552,B,12335950,12514864,0,16:06:36.905
000931.SZ,09:49:49.980,94949980,12515652,0.0,10000,0.0,?,0,11879349,0,16:06:36.905
000931.SZ,09:49:50.540,94950540,12518698,5.04,200,0.1008,B,12335950,12518697,0,16:06:36.976
000931.SZ,09:49:51.920,94951920,12525369,0.0,1900,0.0,?,12124971,0,0,16:06:37.148
000931.SZ,09:49:59.620,94959620,12568013,0.0,23700,0.0,?,12412303,0,0,16:06:38.007
000931.SZ,09:49:59.620,94959620,12568015,0.0,50400,0.0,?,12395383,0,0,16:06:38.007
000931.SZ,09:50:00.560,95000560,12573293,5.04,200,0.1008,B,12335950,12573292,0,16:06:38.147
000931.SZ,09:50:05.130,95005130,12600543,0.0,500,0.0,?,0,12317602,0,16:06:38.838
000931.SZ,09:50:10.560,95010560,12633223,5.04,200,0.1008,B,12335950,12633222,0,16:06:39.508
000931.SZ,09:50:11.710,95011710,12641704,5.04,400,0.2016,B,12335950,12641703,0,16:06:39.727
000931.SZ,09:50:12.170,95012170,12644773,5.04,300,0.1512,B,12335950,12644772,0,16:06:39.727
000931.SZ,09:50:12.610,95012610,12647915,5.04,300,0.1512,B,12335950,12647914,0,16:06:39.837
000931.SZ,09:50:12.610,95012610,12647916,5.04,900,0.4536,B,12345317,12647914,0,16:06:39.837
000931.SZ,09:50:12.610,95012610,12647917,5.04,1900,0.9576,B,12372875,12647914,0,16:06:39.837
000931.SZ,09:50:18.190,95018190,12689164,5.04,800,0.4032,B,12372875,12689163,0,16:06:40.616
000931.SZ,09:50:18.190,95018190,12689166,5.04,300,0.1512,B,12372875,12689165,0,16:06:40.616
000931.SZ,09:50:18.190,95018190,12689167,5.04,200,0.1008,B,12392876,12689165,0,16:06:40.616
000931.SZ,09:50:18.190,95018190,12689168,5.04,400,0.2016,B,12448447,12689165,0,16:06:40.616
000931.SZ,09:50:18.190,95018190,12689169,5.04,500,0.252,B,12525368,12689165,0,16:06:40.616
000931.SZ,09:50:18.190,95018190,12689185,5.04,900,0.4536,B,12525368,12689184,0,16:06:40.616
000931.SZ,09:50:18.200,95018200,12689401,5.04,400,0.2016,B,12525368,12689400,0,16:06:40.616
000931.SZ,09:50:18.200,95018200,12689402,5.04,100,0.0504,B,12559198,12689400,0,16:06:40.616
000931.SZ,09:50:18.200,95018200,12689403,5.04,1200,0.6048,B,12637544,12689400,0,16:06:40.616
000931.SZ,09:50:18.220,95018220,12689503,5.04,200,0.1008,B,12637544,12689502,0,16:06:40.616
000931.SZ,09:50:18.310,95018310,12690054,5.04,100,0.0504,B,12637544,12690053,0,16:06:40.616
000931.SZ,09:50:18.310,95018310,12690058,5.04,100,0.0504,B,12637544,12690057,0,16:06:40.616
000931.SZ,09:50:18.460,95018460,12691486,0.0,600,0.0,?,0,10613790,0,16:06:40.666
000931.SZ,09:50:19.080,95019080,12695927,5.04,400,0.2016,B,12637544,12695926,0,16:06:40.803
000931.SZ,09:50:19.560,95019560,12700293,5.04,200,0.1008,B,12637544,12700292,0,16:06:40.866
000931.SZ,09:50:20.100,95020100,12704079,0.0,200,0.0,?,0,12523051,0,16:06:40.968
000931.SZ,09:50:20.580,95020580,12707519,5.04,200,0.1008,B,12637544,12707518,0,16:06:41.065
000931.SZ,09:50:20.580,95020580,12707550,5.04,500,0.252,B,12637544,12707549,0,16:06:41.065
000931.SZ,09:50:20.580,95020580,12707551,5.04,400,0.2016,B,12689227,12707549,0,16:06:41.065
000931.SZ,09:50:21.250,95021250,12711330,0.0,300,0.0,?,0,12521656,0,16:06:41.065
000931.SZ,09:50:21.330,95021330,12711882,5.04,300,0.1512,S,12711881,12708280,0,16:06:41.190
000931.SZ,09:50:21.330,95021330,12711883,5.04,200,0.1008,S,12711881,12708284,0,16:06:41.190
000931.SZ,09:50:21.330,95021330,12711884,5.04,100,0.0504,S,12711881,12708393,0,16:06:41.190
000931.SZ,09:50:21.520,95021520,12713606,5.04,100,0.0504,S,12713605,12708400,0,16:06:41.190
000931.SZ,09:50:21.520,95021520,12713607,5.04,100,0.0504,S,12713605,12708422,0,16:06:41.190
000931.SZ,09:50:21.520,95021520,12713608,5.04,100,0.0504,S,12713605,12708427,0,16:06:41.190
000931.SZ,09:50:21.520,95021520,12713609,5.04,100,0.0504,S,12713605,12708507,0,16:06:41.190
000931.SZ,09:50:21.520,95021520,12713610,5.04,200,0.1008,S,12713605,12711681,0,16:06:41.190
000931.SZ,09:50:21.980,95021980,12716333,0.0,900,0.0,?,0,12122343,0,16:06:41.190
000931.SZ,09:50:23.120,95023120,12724586,5.05,200,0.101,B,10583871,12724585,0,16:06:41.411
000931.SZ,09:50:23.130,95023130,12724619,5.05,600,0.303,B,10583871,12724618,0,16:06:41.411
000931.SZ,09:50:23.130,95023130,12724620,5.05,800,0.404,B,10609017,12724618,0,16:06:41.411
000931.SZ,09:50:23.130,95023130,12724621,5.05,1100,0.5555,B,10611483,12724618,0,16:06:41.411
000931.SZ,09:50:23.130,95023130,12724622,5.05,1100,0.5555,B,10628930,12724618,0,16:06:41.411
000931.SZ,09:50:23.130,95023130,12724623,5.05,800,0.404,B,10631997,12724618,0,16:06:41.411
000931.SZ,09:50:23.130,95023130,12724624,5.05,4000,2.02,B,10632069,12724618,0,16:06:41.411
000931.SZ,09:50:23.130,95023130,12724625,5.05,1600,0.808,B,10632184,12724618,0,16:06:41.411
000931.SZ,09:50:23.130,95023130,12724626,5.05,500,0.2525,B,10632813,12724618,0,16:06:41.411
000931.SZ,09:50:23.130,95023130,12724627,5.05,300,0.1515,B,10632814,12724618,0,16:06:41.411
000931.SZ,09:50:23.130,95023130,12724628,5.05,2400,1.212,B,12224156,12724618,0,16:06:41.411
000931.SZ,09:50:23.130,95023130,12724629,5.05,2100,1.0605,B,12272846,12724618,0,16:06:41.411
000931.SZ,09:50:23.130,95023130,12724630,5.05,20000,10.1,B,12279172,12724618,0,16:06:41.411
000931.SZ,09:50:23.130,95023130,12724631,5.05,3000,1.515,B,12690012,12724618,0,16:06:41.411
000931.SZ,09:50:23.130,95023130,12724632,5.05,3500,1.7675,B,12708214,12724618,0,16:06:41.411
000931.SZ,09:50:23.130,95023130,12724633,5.05,1600,0.808,B,12715594,12724618,0,16:06:41.411
000931.SZ,09:50:24.320,95024320,12731098,0.0,700,0.0,?,0,12625393,0,16:06:41.506
000931.SZ,09:50:24.330,95024330,12731181,5.04,100,0.0504,S,12731180,12711681,0,16:06:41.506
000931.SZ,09:50:24.430,95024430,12731853,5.04,200,0.1008,S,12731852,12711681,0,16:06:41.506
000931.SZ,09:50:24.430,95024430,12731854,5.04,200,0.1008,S,12731852,12715524,0,16:06:41.506
000931.SZ,09:50:24.610,95024610,12733302,0.0,100,0.0,?,0,11800041,0,16:06:41.600
000931.SZ,09:50:24.610,95024610,12733333,5.05,200,0.101,S,12733332,12733304,0,16:06:41.600
000931.SZ,09:50:24.720,95024720,12733971,0.0,200,0.0,?,0,12535230,0,16:06:41.600
000931.SZ,09:50:24.720,95024720,12733972,0.0,100,0.0,?,0,12568391,0,16:06:41.600
000931.SZ,09:50:25.090,95025090,12736067,0.0,100,0.0,?,0,12583876,0,16:06:41.600
000931.SZ,09:50:25.240,95025240,12736871,0.0,700,0.0,?,0,12298297,0,16:06:41.695
000931.SZ,09:50:26.010,95026010,12742369,0.0,1000,0.0,?,6889684,0,0,16:06:41.789
000931.SZ,09:50:26.540,95026540,12745562,5.05,100,0.0505,S,12745561,12743296,0,16:06:41.789
000931.SZ,09:50:27.240,95027240,12748749,0.0,400,0.0,?,0,12386464,0,16:06:41.897
000931.SZ,09:50:27.330,95027330,12749367,5.05,400,0.202,S,12749366,12743296,0,16:06:41.897
000931.SZ,09:50:27.430,95027430,12749829,0.0,600,0.0,?,0,12572946,0,16:06:41.897
000931.SZ,09:50:27.530,95027530,12750680,0.0,1600,0.0,?,0,11212850,0,16:06:41.897
000931.SZ,09:50:27.860,95027860,12752461,0.0,400,0.0,?,0,12396529,0,16:06:42.085
000931.SZ,09:50:27.970,95027970,12753008,0.0,200,0.0,?,0,12379260,0,16:06:42.085
000931.SZ,09:50:28.000,95028000,12753116,0.0,200,0.0,?,0,12629807,0,16:06:42.085
000931.SZ,09:50:28.330,95028330,12755317,5.06,63200,31.9792,B,9551538,12755316,0,16:06:42.085
000931.SZ,09:50:28.330,95028330,12755318,5.06,24200,12.2452,B,9551539,12755316,0,16:06:42.085
000931.SZ,09:50:28.330,95028330,12755319,5.06,800,0.4048,B,9551553,12755316,0,16:06:42.085
000931.SZ,09:50:28.330,95028330,12755320,5.06,400,0.2024,B,9619772,12755316,0,16:06:42.085
000931.SZ,09:50:28.330,95028330,12755321,5.06,2000,1.012,B,9676984,12755316,0,16:06:42.085
000931.SZ,09:50:28.330,95028330,12755322,5.06,200,0.1012,B,9892978,12755316,0,16:06:42.085
000931.SZ,09:50:28.330,95028330,12755323,5.06,200,0.1012,B,10547816,12755316,0,16:06:42.085
000931.SZ,09:50:28.330,95028330,12755324,5.06,100,0.0506,B,12735972,12755316,0,16:06:42.085
000931.SZ,09:50:28.390,95028390,12755749,5.06,1000,0.506,B,12735972,12755748,0,16:06:42.085
000931.SZ,09:50:29.920,95029920,12766141,0.0,400,0.0,?,12700725,0,0,16:06:42.269
000931.SZ,09:50:30.340,95030340,12769003,0.0,1100,0.0,?,0,11519224,0,16:06:42.269
000931.SZ,09:50:30.350,95030350,12769034,0.0,800,0.0,?,0,11512093,0,16:06:42.269
000931.SZ,09:50:30.450,95030450,12769994,5.06,100,0.0506,S,12769993,12769036,0,16:06:42.269
000931.SZ,09:50:30.470,95030470,12770153,5.06,200,0.1012,S,12770152,12769036,0,16:06:42.269
000931.SZ,09:50:30.520,95030520,12770703,5.05,200,0.101,S,12770702,12743296,0,16:06:42.269
000931.SZ,09:50:30.520,95030520,12770704,5.05,100,0.0505,S,12770702,12745109,0,16:06:42.269
000931.SZ,09:50:30.520,95030520,12770705,5.05,100,0.0505,S,12770702,12749495,0,16:06:42.269
000931.SZ,09:50:30.590,95030590,12771110,5.06,100,0.0506,B,12770901,12771109,0,16:06:42.269
000931.SZ,09:50:30.590,95030590,12771111,5.07,100,0.0507,B,8914325,12771109,0,16:06:42.269
000931.SZ,09:50:32.050,95032050,12783655,0.0,100,0.0,?,0,12666150,0,16:06:42.553
000931.SZ,09:50:32.630,95032630,12789244,5.05,1000,0.505,S,12789243,12749495,0,16:06:42.662
000931.SZ,09:50:32.660,95032660,12789545,5.06,100,0.0506,B,12789279,12789544,0,16:06:42.662
000931.SZ,09:50:33.580,95033580,12799610,5.05,800,0.404,S,12799609,12749495,0,16:06:42.787
000931.SZ,09:50:33.640,95033640,12801000,0.0,73600,0.0,?,12789276,0,0,16:06:42.787
000931.SZ,09:50:34.780,95034780,12815952,0.0,3900,0.0,?,0,2740345,0,16:06:43.064
000931.SZ,09:50:36.230,95036230,12827896,0.0,200,0.0,?,0,12770752,0,16:06:43.236
000931.SZ,09:50:37.150,95037150,12835796,5.05,8100,4.0905,S,12835795,12749495,0,16:06:43.380
000931.SZ,09:50:37.150,95037150,12835797,5.05,400,0.202,S,12835795,12754847,0,16:06:43.380
000931.SZ,09:50:37.150,95037150,12835798,5.05,700,0.3535,S,12835795,12755283,0,16:06:43.380
000931.SZ,09:50:37.150,95037150,12835799,5.05,1600,0.808,S,12835795,12755759,0,16:06:43.380
000931.SZ,09:50:38.560,95038560,12846807,5.05,100,0.0505,S,12846806,12842009,0,16:06:43.584
000931.SZ,09:50:39.600,95039600,12858695,5.05,300,0.1515,S,12858694,12842009,0,16:06:43.726
000931.SZ,09:50:39.600,95039600,12858696,5.05,800,0.404,S,12858694,12846897,0,16:06:43.726
000931.SZ,09:50:40.600,95040600,12868359,5.06,100,0.0506,B,12789454,12868358,0,16:06:43.834
000931.SZ,09:50:44.390,95044390,12896925,0.0,3000,0.0,?,0,10995873,0,16:06:44.472
000931.SZ,09:50:45.690,95045690,12906669,5.04,100,0.0504,S,12906668,12715524,0,16:06:44.631
000931.SZ,09:50:47.500,95047500,12919867,5.06,6700,3.3902,B,12789454,12919866,0,16:06:44.865
000931.SZ,09:50:48.250,95048250,12924265,5.04,100,0.0504,S,12924264,12715524,0,16:06:44.976
000931.SZ,09:50:54.540,95054540,12964956,5.05,100,0.0505,S,12964955,12959229,0,16:06:45.661
000931.SZ,09:50:55.540,95055540,12971495,5.05,200,0.101,S,12971494,12968367,0,16:06:45.849
000931.SZ,09:50:57.520,95057520,12982795,5.05,100,0.0505,S,12982794,12968367,0,16:06:46.047
000931.SZ,09:50:58.270,95058270,12987050,5.05,1800,0.909,S,12987049,12968367,0,16:06:46.124
000931.SZ,09:50:58.270,95058270,12987051,5.05,700,0.3535,S,12987049,12968560,0,16:06:46.124
000931.SZ,09:50:58.970,95058970,12991579,5.05,1400,0.707,S,12991578,12968560,0,16:06:46.187
000931.SZ,09:50:58.970,95058970,12991580,5.05,300,0.1515,S,12991578,12968613,0,16:06:46.187
000931.SZ,09:50:58.970,95058970,12991581,5.05,2300,1.1615,S,12991578,12968623,0,16:06:46.187
000931.SZ,09:50:59.060,95059060,12992024,5.05,700,0.3535,S,12992023,12968623,0,16:06:46.187
000931.SZ,09:51:00.050,95100050,12997464,0.0,1000,0.0,?,0,12552248,0,16:06:46.281
000931.SZ,09:51:00.540,95100540,13001457,5.05,100,0.0505,S,13001456,12968623,0,16:06:46.454
000931.SZ,09:51:04.620,95104620,13033392,0.0,5000,0.0,?,0,468527,0,16:06:47.140
000931.SZ,09:51:05.920,95105920,13042251,0.0,100,0.0,?,0,12730984,0,16:06:47.314
000931.SZ,09:51:05.920,95105920,13042252,0.0,100,0.0,?,0,12731001,0,16:06:47.314
000931.SZ,09:51:05.920,95105920,13042255,0.0,100,0.0,?,0,12730988,0,16:06:47.314
000931.SZ,09:51:05.920,95105920,13042256,0.0,100,0.0,?,0,12730987,0,16:06:47.314
000931.SZ,09:51:05.920,95105920,13042259,0.0,100,0.0,?,0,12730991,0,16:06:47.314
000931.SZ,09:51:05.920,95105920,13042261,0.0,100,0.0,?,0,12731294,0,16:06:47.314
000931.SZ,09:51:05.920,95105920,13042264,0.0,100,0.0,?,0,12731004,0,16:06:47.314
000931.SZ,09:51:05.940,95105940,13042382,0.0,100,0.0,?,0,12731086,0,16:06:47.314
000931.SZ,09:51:05.950,95105950,13042416,0.0,100,0.0,?,0,12731199,0,16:06:47.314
000931.SZ,09:51:06.480,95106480,13045964,5.05,100,0.0505,S,13045963,12968623,0,16:06:47.406
000931.SZ,09:51:10.200,95110200,13068526,0.0,100,0.0,?,0,12750597,0,16:06:47.832
000931.SZ,09:51:13.180,95113180,13084893,5.05,2800,1.414,S,13084892,12968623,0,16:06:48.169
000931.SZ,09:51:29.650,95129650,13172779,0.0,10000,0.0,?,0,10143107,0,16:06:50.104
000931.SZ,09:51:32.550,95132550,13188656,5.05,500,0.2525,S,13188655,12968623,0,16:06:50.429
000931.SZ,09:51:32.560,95132560,13188735,0.0,200,0.0,?,0,12968623,0,16:06:50.429
000931.SZ,09:51:33.300,95133300,13192127,5.05,100,0.0505,S,13192126,12982501,0,16:06:50.585
000931.SZ,09:51:33.510,95133510,13193212,5.05,100,0.0505,S,13193211,12991989,0,16:06:50.585
000931.SZ,09:51:34.050,95134050,13195870,5.05,100,0.0505,S,13195869,12991989,0,16:06:50.585
000931.SZ,09:51:36.490,95136490,13208816,5.05,100,0.0505,S,13208815,12991989,0,16:06:50.974
000931.SZ,09:51:36.700,95136700,13209830,5.05,100,0.0505,S,13209829,12991989,0,16:06:50.974
000931.SZ,09:51:37.540,95137540,13215024,5.05,100,0.0505,S,13215023,12991989,0,16:06:50.974
000931.SZ,09:51:38.620,95138620,13220676,5.05,100,0.0505,S,13220675,12991989,0,16:06:51.194
000931.SZ,09:51:41.590,95141590,13235847,5.05,1200,0.606,S,13235846,12991989,0,16:06:51.563
000931.SZ,09:51:41.600,95141600,13235866,0.0,73800,0.0,?,12919897,0,0,16:06:51.563
000931.SZ,09:51:44.410,95144410,13250393,5.05,100,0.0505,S,13250392,12991989,0,16:06:51.793
000931.SZ,09:51:44.410,95144410,13250394,5.05,2200,1.111,S,13250392,12992032,0,16:06:51.793
000931.SZ,09:51:49.550,95149550,13278472,0.0,100,0.0,?,0,11363003,0,16:06:52.294
000931.SZ,09:51:49.560,95149560,13278517,0.0,100,0.0,?,0,11363053,0,16:06:52.294
000931.SZ,09:51:50.020,95150020,13280508,0.0,6000,0.0,?,11332632,0,0,16:06:52.434
000931.SZ,09:51:52.430,95152430,13291778,0.0,2900,0.0,?,12789454,0,0,16:06:52.711
000931.SZ,09:51:52.980,95152980,13294458,0.0,900,0.0,?,0,12723829,0,16:06:52.711
000931.SZ,09:51:54.470,95154470,13301475,0.0,600,0.0,?,0,12592843,0,16:06:52.868
000931.SZ,09:51:56.810,95156810,13313862,0.0,800,0.0,?,243879,0,0,16:06:53.080
000931.SZ,09:51:59.980,95159980,13331744,5.06,500,0.253,B,12796987,13331743,0,16:06:53.527
000931.SZ,09:51:59.980,95159980,13331745,5.06,100,0.0506,B,12801384,13331743,0,16:06:53.527
000931.SZ,09:51:59.980,95159980,13331746,5.06,100,0.0506,B,12802764,13331743,0,16:06:53.527
000931.SZ,09:51:59.980,95159980,13331747,5.06,100,0.0506,B,12804219,13331743,0,16:06:53.527
000931.SZ,09:51:59.980,95159980,13331748,5.06,100,0.0506,B,12828501,13331743,0,16:06:53.527
000931.SZ,09:52:03.030,95203030,13350409,0.0,100,0.0,?,0,9421412,0,16:06:53.819
000931.SZ,09:52:07.690,95207690,13378691,0.0,500,0.0,?,0,12060738,0,16:06:54.377
000931.SZ,09:52:14.660,95214660,13415149,0.0,2400,0.0,?,12731303,0,0,16:06:55.122
000931.SZ,09:52:18.750,95218750,13434583,5.05,1800,0.909,S,13434582,12992032,0,16:06:55.581
000931.SZ,09:52:18.750,95218750,13434584,5.05,200,0.101,S,13434582,13024597,0,16:06:55.581
000931.SZ,09:52:18.810,95218810,13434780,5.05,1400,0.707,S,13434779,13024597,0,16:06:55.581
000931.SZ,09:52:18.810,95218810,13434781,5.05,10000,5.05,S,13434779,13042228,0,16:06:55.581
000931.SZ,09:52:18.810,95218810,13434782,5.05,2300,1.1615,S,13434779,13044284,0,16:06:55.581
000931.SZ,09:52:18.810,95218810,13434783,5.05,100,0.0505,S,13434779,13046011,0,16:06:55.581
000931.SZ,09:52:18.810,95218810,13434784,5.05,100,0.0505,S,13434779,13046015,0,16:06:55.581
000931.SZ,09:52:18.810,95218810,13434785,5.05,100,0.0505,S,13434779,13046016,0,16:06:55.581
000931.SZ,09:52:18.810,95218810,13434786,5.05,100,0.0505,S,13434779,13046021,0,16:06:55.581
000931.SZ,09:52:18.810,95218810,13434787,5.05,100,0.0505,S,13434779,13046023,0,16:06:55.581
000931.SZ,09:52:18.810,95218810,13434788,5.05,100,0.0505,S,13434779,13046025,0,16:06:55.581
000931.SZ,09:52:18.810,95218810,13434789,5.05,100,0.0505,S,13434779,13046051,0,16:06:55.581
000931.SZ,09:52:18.810,95218810,13434790,5.05,100,0.0505,S,13434779,13046132,0,16:06:55.581
000931.SZ,09:52:18.810,95218810,13434791,5.05,100,0.0505,S,13434779,13046222,0,16:06:55.581
000931.SZ,09:52:18.810,95218810,13434792,5.05,9300,4.6965,S,13434779,13060827,0,16:06:55.581
000931.SZ,09:52:18.810,95218810,13434793,5.05,700,0.3535,S,13434779,13107153,0,16:06:55.581
000931.SZ,09:52:18.810,95218810,13434794,5.05,300,0.1515,S,13434779,13110233,0,16:06:55.581
000931.SZ,09:52:18.810,95218810,13434795,5.05,200,0.101,S,13434779,13163481,0,16:06:55.581
000931.SZ,09:52:18.810,95218810,13434796,5.05,200,0.101,S,13434779,13169709,0,16:06:55.581
000931.SZ,09:52:18.810,95218810,13434797,5.05,100,0.0505,S,13434779,13286646,0,16:06:55.581
000931.SZ,09:52:18.810,95218810,13434798,5.05,100,0.0505,S,13434779,13287088,0,16:06:55.581
000931.SZ,09:52:18.810,95218810,13434799,5.05,100,0.0505,S,13434779,13291691,0,16:06:55.581
000931.SZ,09:52:18.810,95218810,13434800,5.05,100,0.0505,S,13434779,13291738,0,16:06:55.581
000931.SZ,09:52:18.810,95218810,13434801,5.05,100,0.0505,S,13434779,13300539,0,16:06:55.581
000931.SZ,09:52:18.810,95218810,13434802,5.05,500,0.2525,S,13434779,13308683,0,16:06:55.581
000931.SZ,09:52:18.810,95218810,13434803,5.05,100,0.0505,S,13434779,13315489,0,16:06:55.581
000931.SZ,09:52:18.810,95218810,13434804,5.05,100,0.0505,S,13434779,13317438,0,16:06:55.581
000931.SZ,09:52:18.810,95218810,13434805,5.05,100,0.0505,S,13434779,13350442,0,16:06:55.581
000931.SZ,09:52:18.810,95218810,13434806,5.05,12000,6.06,S,13434779,13367931,0,16:06:55.581
000931.SZ,09:52:18.850,95218850,13434938,5.06,100,0.0506,B,12828728,13434937,0,16:06:55.581
000931.SZ,09:52:18.850,95218850,13434939,5.06,100,0.0506,B,12828814,13434937,0,16:06:55.581
000931.SZ,09:52:18.850,95218850,13434940,5.06,100,0.0506,B,12828816,13434937,0,16:06:55.581
000931.SZ,09:52:18.850,95218850,13434941,5.06,100,0.0506,B,12829302,13434937,0,16:06:55.581
000931.SZ,09:52:18.850,95218850,13434942,5.06,100,0.0506,B,12829775,13434937,0,16:06:55.581
000931.SZ,09:52:18.850,95218850,13434943,5.06,100,0.0506,B,12830415,13434937,0,16:06:55.581
000931.SZ,09:52:21.560,95221560,13448722,5.05,200,0.101,S,13448721,13447157,0,16:06:55.879
000931.SZ,09:52:24.100,95224100,13462015,5.05,100,0.0505,S,13462014,13460664,0,16:06:56.204
000931.SZ,09:52:28.540,95228540,13484160,5.05,200,0.101,S,13484159,13481858,0,16:06:56.690
000931.SZ,09:52:31.660,95231660,13507656,0.0,400,0.0,?,0,13435566,0,16:06:57.051
000931.SZ,09:52:33.540,95233540,13521958,0.0,300,0.0,?,13024367,0,0,16:06:57.299
000931.SZ,09:52:34.550,95234550,13529684,5.04,500,0.252,S,13529683,12715524,0,16:06:57.436
000931.SZ,09:52:34.920,95234920,13532030,0.0,5500,0.0,?,0,9484896,0,16:06:57.566
000931.SZ,09:52:36.430,95236430,13542728,0.0,1400,0.0,?,0,12588261,0,16:06:57.690
000931.SZ,09:52:45.290,95245290,13600809,5.04,800,0.4032,S,13600808,12715524,0,16:06:58.861
000931.SZ,09:52:50.620,95250620,13635650,0.0,500,0.0,?,0,12730959,0,16:06:59.449
000931.SZ,09:52:50.620,95250620,13635652,0.0,800,0.0,?,0,12730963,0,16:06:59.449
000931.SZ,09:52:50.620,95250620,13635653,0.0,300,0.0,?,0,12731300,0,16:06:59.449
000931.SZ,09:53:00.810,95300810,13693849,5.04,400,0.2016,S,13693848,12715524,0,16:07:00.753
000931.SZ,09:53:00.810,95300810,13693850,5.04,200,0.1008,S,13693848,12730937,0,16:07:00.753
000931.SZ,09:53:00.810,95300810,13693851,5.04,1300,0.6552,S,13693848,12731029,0,16:07:00.753
000931.SZ,09:53:00.810,95300810,13693852,5.04,5700,2.8728,S,13693848,12734994,0,16:07:00.753
000931.SZ,09:53:00.810,95300810,13693853,5.04,700,0.3528,S,13693848,12735934,0,16:07:00.753
000931.SZ,09:53:00.810,95300810,13693854,5.04,1100,0.5544,S,13693848,12735994,0,16:07:00.753
000931.SZ,09:53:00.810,95300810,13693855,5.04,100,0.0504,S,13693848,12740533,0,16:07:00.753
000931.SZ,09:53:00.810,95300810,13693856,5.04,100,0.0504,S,13693848,12742935,0,16:07:00.753
000931.SZ,09:53:00.810,95300810,13693857,5.04,200,0.1008,S,13693848,12746444,0,16:07:00.753
000931.SZ,09:53:00.810,95300810,13693858,5.04,200,0.1008,S,13693848,12802093,0,16:07:00.753
000931.SZ,09:53:00.810,95300810,13693859,5.04,3900,1.9656,S,13693848,12855018,0,16:07:00.753
000931.SZ,09:53:00.810,95300810,13693860,5.04,1100,0.5544,S,13693848,12926742,0,16:07:00.753
000931.SZ,09:53:00.810,95300810,13693861,5.04,1000,0.504,S,13693848,12942323,0,16:07:00.753
000931.SZ,09:53:00.810,95300810,13693862,5.04,700,0.3528,S,13693848,12959508,0,16:07:00.753
000931.SZ,09:53:00.810,95300810,13693863,5.04,1000,0.504,S,13693848,13233045,0,16:07:00.753
000931.SZ,09:53:00.810,95300810,13693864,5.04,2000,1.008,S,13693848,13296526,0,16:07:00.753
000931.SZ,09:53:00.810,95300810,13693865,5.04,1000,0.504,S,13693848,13382465,0,16:07:00.753
000931.SZ,09:53:00.810,95300810,13693866,5.04,300,0.1512,S,13693848,13435569,0,16:07:00.753
000931.SZ,09:53:00.810,95300810,13693867,5.04,100,0.0504,S,13693848,13435571,0,16:07:00.753
000931.SZ,09:53:00.810,95300810,13693868,5.04,200,0.1008,S,13693848,13435586,0,16:07:00.753
000931.SZ,09:53:00.810,95300810,13693869,5.04,100,0.0504,S,13693848,13435627,0,16:07:00.753
000931.SZ,09:53:00.810,95300810,13693870,5.04,100,0.0504,S,13693848,13452471,0,16:07:00.753
000931.SZ,09:53:00.810,95300810,13693871,5.04,2100,1.0584,S,13693848,13477296,0,16:07:00.753
000931.SZ,09:53:00.810,95300810,13693872,5.04,100,0.0504,S,13693848,13584271,0,16:07:00.753
000931.SZ,09:53:00.810,95300810,13693873,5.04,100,0.0504,S,13693848,13657580,0,16:07:00.753
000931.SZ,09:53:00.810,95300810,13693874,5.04,7000,3.528,S,13693848,13670191,0,16:07:00.753
000931.SZ,09:53:00.810,95300810,13693875,5.04,200,0.1008,S,13693848,13674994,0,16:07:00.753
000931.SZ,09:53:03.360,95303360,13710254,0.0,300,0.0,?,13447385,0,0,16:07:01.113
000931.SZ,09:53:03.360,95303360,13710275,0.0,300,0.0,?,13447389,0,0,16:07:01.113
000931.SZ,09:53:03.380,95303380,13710416,0.0,1600,0.0,?,13455690,0,0,16:07:01.113
000931.SZ,09:53:03.380,95303380,13710420,0.0,2400,0.0,?,13177180,0,0,16:07:01.113
000931.SZ,09:53:04.540,95304540,13717407,5.04,200,0.1008,S,13717406,13714116,0,16:07:01.249
000931.SZ,09:53:04.550,95304550,13717539,5.05,100,0.0505,B,13507549,13717538,0,16:07:01.249
000931.SZ,09:53:07.430,95307430,13734108,0.0,100,0.0,?,0,12708288,0,16:07:01.641
000931.SZ,09:53:07.940,95307940,13736923,0.0,1000,0.0,?,0,12932652,0,16:07:01.641
000931.SZ,09:53:09.210,95309210,13743513,5.04,200,0.1008,B,13734077,13743512,0,16:07:01.815
000931.SZ,09:53:09.210,95309210,13743517,5.04,200,0.1008,B,13734077,13743516,0,16:07:01.815
000931.SZ,09:53:09.210,95309210,13743526,5.04,400,0.2016,B,13734077,13743525,0,16:07:01.815
000931.SZ,09:53:09.210,95309210,13743528,5.04,200,0.1008,B,13734077,13743527,0,16:07:01.815
000931.SZ,09:53:09.250,95309250,13743763,5.04,100,0.0504,B,13734077,13743762,0,16:07:01.815
000931.SZ,09:53:09.430,95309430,13744726,0.0,3400,0.0,?,13435541,0,0,16:07:01.815
000931.SZ,09:53:09.570,95309570,13745410,5.04,300,0.1512,B,13734077,13745409,0,16:07:01.815
000931.SZ,09:53:09.700,95309700,13746096,5.04,300,0.1512,B,13734077,13746095,0,16:07:01.815
000931.SZ,09:53:09.730,95309730,13746221,5.04,400,0.2016,B,13734077,13746220,0,16:07:01.815
000931.SZ,09:53:10.540,95310540,13751184,5.04,200,0.1008,S,13751183,13746220,0,16:07:02.018
000931.SZ,09:53:10.540,95310540,13751185,5.04,100,0.0504,S,13751183,13746255,0,16:07:02.018
000931.SZ,09:53:10.540,95310540,13751186,5.04,600,0.3024,S,13751183,13749002,0,16:07:02.018
000931.SZ,09:53:11.210,95311210,13754430,5.04,1400,0.7056,S,13754429,13749002,0,16:07:02.018
000931.SZ,09:53:11.210,95311210,13754431,0.0,3000,0.0,?,13710414,0,0,16:07:02.018
000931.SZ,09:53:11.210,95311210,13754438,0.0,1800,0.0,?,13509306,0,0,16:07:02.018
000931.SZ,09:53:11.220,95311220,13754474,0.0,300,0.0,?,13434817,0,0,16:07:02.018
000931.SZ,09:53:12.040,95312040,13758239,5.04,300,0.1512,S,13758238,13749002,0,16:07:02.082
000931.SZ,09:53:12.040,95312040,13758240,5.03,800,0.4024,S,13758238,12091573,0,16:07:02.082
000931.SZ,09:53:12.040,95312040,13758241,5.03,200,0.1006,S,13758238,12106581,0,16:07:02.082
000931.SZ,09:53:12.040,95312040,13758242,5.03,1000,0.503,S,13758238,12108489,0,16:07:02.082
000931.SZ,09:53:12.040,95312040,13758243,5.03,400,0.2012,S,13758238,12108846,0,16:07:02.082
000931.SZ,09:53:16.340,95316340,13780680,5.03,700,0.3521,S,13780679,12108846,0,16:07:02.532
000931.SZ,09:53:16.340,95316340,13780681,5.03,1100,0.5533,S,13780679,12109332,0,16:07:02.532
000931.SZ,09:53:18.890,95318890,13792677,0.0,100,0.0,?,0,13762574,0,16:07:02.768
000931.SZ,09:53:18.890,95318890,13792719,0.0,400,0.0,?,0,13758308,0,16:07:02.768
000931.SZ,09:53:18.890,95318890,13792723,0.0,100,0.0,?,0,13758309,0,16:07:02.768
000931.SZ,09:53:19.710,95319710,13796841,0.0,10200,0.0,?,13746241,0,0,16:07:02.877
000931.SZ,09:53:19.710,95319710,13796842,0.0,62700,0.0,?,13754453,0,0,16:07:02.877
000931.SZ,09:53:19.710,95319710,13796843,0.0,1000,0.0,?,13758266,0,0,16:07:02.877
000931.SZ,09:53:20.070,95320070,13798565,5.04,300,0.1512,B,13792648,13798564,0,16:07:03.003
000931.SZ,09:53:21.230,95321230,13803728,0.0,300,0.0,?,13710563,0,0,16:07:03.003
000931.SZ,09:53:21.230,95321230,13803738,0.0,300,0.0,?,13710572,0,0,16:07:03.003
000931.SZ,09:53:21.370,95321370,13804283,0.0,900,0.0,?,13398689,0,0,16:07:03.003
000931.SZ,09:53:23.680,95323680,13814771,5.04,3400,1.7136,B,13792648,13814770,0,16:07:03.249
000931.SZ,09:53:23.680,95323680,13814772,5.04,300,0.1512,B,13803908,13814770,0,16:07:03.249
000931.SZ,09:53:23.680,95323680,13814773,5.04,300,0.1512,B,13803914,13814770,0,16:07:03.249
000931.SZ,09:53:23.680,95323680,13814792,5.04,1500,0.756,S,13814791,13814770,0,16:07:03.249
000931.SZ,09:53:24.540,95324540,13817984,5.04,200,0.1008,S,13817983,13814770,0,16:07:03.342
000931.SZ,09:53:25.520,95325520,13822574,5.04,100,0.0504,S,13822573,13814770,0,16:07:03.468
000931.SZ,09:53:25.540,95325540,13822662,0.0,1000,0.0,?,13447197,0,0,16:07:03.468
000931.SZ,09:53:31.540,95331540,13850589,5.04,100,0.0504,S,13850588,13814770,0,16:07:04.034
000931.SZ,09:53:32.820,95332820,13856022,0.0,5000,0.0,?,0,12675685,0,16:07:04.248
000931.SZ,09:53:37.530,95337530,13877793,5.04,100,0.0504,S,13877792,13814770,0,16:07:04.765
000931.SZ,09:53:43.060,95343060,13904738,5.04,600,0.3024,S,13904737,13814770,0,16:07:05.242
000931.SZ,09:53:43.060,95343060,13904739,5.04,300,0.1512,S,13904737,13814804,0,16:07:05.242
000931.SZ,09:53:43.070,95343070,13904806,5.04,100,0.0504,S,13904805,13814804,0,16:07:05.242
000931.SZ,09:53:43.070,95343070,13904807,5.04,800,0.4032,S,13904805,13820151,0,16:07:05.242
000931.SZ,09:53:43.070,95343070,13904808,5.04,200,0.1008,S,13904805,13829881,0,16:07:05.242
000931.SZ,09:53:43.070,95343070,13904809,5.04,1000,0.504,S,13904805,13833697,0,16:07:05.242
000931.SZ,09:53:43.070,95343070,13904810,5.04,900,0.4536,S,13904805,13846600,0,16:07:05.242
000931.SZ,09:53:43.070,95343070,13904820,5.04,1200,0.6048,S,13904819,13846600,0,16:07:05.242
000931.SZ,09:53:43.070,95343070,13904821,5.04,1100,0.5544,S,13904819,13846724,0,16:07:05.242
000931.SZ,09:53:43.070,95343070,13904822,5.04,100,0.0504,S,13904819,13903326,0,16:07:05.242
000931.SZ,09:53:43.070,95343070,13904844,0.0,43300,0.0,?,13814787,0,0,16:07:05.242
000931.SZ,09:53:44.120,95344120,13914315,0.0,30700,0.0,?,13904841,0,0,16:07:05.418
000931.SZ,09:53:44.170,95344170,13914679,0.0,3000,0.0,?,13904819,0,0,16:07:05.418
000931.SZ,09:53:46.310,95346310,13930077,5.03,300,0.1509,S,13930076,12109332,0,16:07:05.763
000931.SZ,09:53:46.310,95346310,13930078,5.03,200,0.1006,S,13930076,12109685,0,16:07:05.763
000931.SZ,09:53:46.330,95346330,13930157,0.0,5400,0.0,?,13904960,0,0,16:07:05.763
000931.SZ,09:53:47.350,95347350,13936289,0.0,2100,0.0,?,13796837,0,0,16:07:05.889
000931.SZ,09:53:48.370,95348370,13941523,5.04,300,0.1512,B,13904845,13941522,0,16:07:06.031
000931.SZ,09:53:49.530,95349530,13949292,5.04,3900,1.9656,B,13904845,13949291,0,16:07:06.156
000931.SZ,09:53:50.550,95350550,13954205,0.0,4800,0.0,?,13904845,0,0,16:07:06.257
000931.SZ,09:54:00.630,95400630,14004621,0.0,1200,0.0,?,0,13875718,0,16:07:07.306
000931.SZ,09:54:02.820,95402820,14018538,5.03,1300,0.6539,S,14018537,12109685,0,16:07:07.588
000931.SZ,09:54:02.820,95402820,14018539,5.03,1700,0.8551,S,14018537,12109856,0,16:07:07.588
000931.SZ,09:54:16.150,95416150,14080518,0.0,1600,0.0,?,13892407,0,0,16:07:09.042
000931.SZ,09:54:18.630,95418630,14092988,0.0,300,0.0,?,13580152,0,0,16:07:09.230
000931.SZ,09:54:27.280,95427280,14132105,5.04,700,0.3528,B,13904897,14132104,0,16:07:10.214
000931.SZ,09:54:27.290,95427290,14132206,0.0,5400,0.0,?,13975747,0,0,16:07:10.214
000931.SZ,09:54:28.580,95428580,14138099,5.04,400,0.2016,B,13904897,14138098,0,16:07:10.291
000931.SZ,09:54:28.580,95428580,14138155,5.04,700,0.3528,B,13904897,14138154,0,16:07:10.291
000931.SZ,09:54:28.580,95428580,14138156,5.04,700,0.3528,B,13936288,14138154,0,16:07:10.291
000931.SZ,09:54:30.280,95430280,14145045,0.0,100,0.0,?,13531940,0,0,16:07:10.495
000931.SZ,09:54:30.290,95430290,14145068,5.04,300,0.1512,B,13936288,14145067,0,16:07:10.495
000931.SZ,09:54:30.290,95430290,14145070,5.04,400,0.2016,B,13936288,14145069,0,16:07:10.495
000931.SZ,09:54:30.380,95430380,14145516,0.0,100,0.0,?,13526665,0,0,16:07:10.495
000931.SZ,09:54:30.480,95430480,14146051,5.03,100,0.0503,S,14146050,12109856,0,16:07:10.495
000931.SZ,09:54:30.580,95430580,14146634,5.03,100,0.0503,S,14146633,12109856,0,16:07:10.495
000931.SZ,09:54:31.760,95431760,14152600,0.0,100,0.0,?,13522119,0,0,16:07:10.605
000931.SZ,09:54:31.780,95431780,14152693,0.0,100,0.0,?,13522238,0,0,16:07:10.605
000931.SZ,09:54:31.960,95431960,14153510,5.03,100,0.0503,S,14153509,12109856,0,16:07:10.605
000931.SZ,09:54:31.990,95431990,14153625,5.03,100,0.0503,S,14153624,12109856,0,16:07:10.605
000931.SZ,09:54:32.500,95432500,14155977,5.04,300,0.1512,B,13936288,14155976,0,16:07:10.747
000931.SZ,09:54:33.470,95433470,14160073,5.04,100,0.0504,B,13936288,14160072,0,16:07:10.747
000931.SZ,09:54:34.380,95434380,14164931,0.0,100,0.0,?,13523706,0,0,16:07:10.968
000931.SZ,09:54:34.580,95434580,14165969,5.03,2100,1.0563,S,14165968,12109860,0,16:07:10.968
000931.SZ,09:54:34.580,95434580,14165970,5.03,1600,0.8048,S,14165968,12110005,0,16:07:10.968
000931.SZ,09:54:34.580,95434580,14165974,5.03,100,0.0503,S,14165973,12110005,0,16:07:10.968
000931.SZ,09:54:35.140,95435140,14168631,0.0,100,0.0,?,12857955,0,0,16:07:10.968
000931.SZ,09:54:35.330,95435330,14169519,5.03,100,0.0503,S,14169518,12110005,0,16:07:10.968
000931.SZ,09:54:35.860,95435860,14171499,0.0,100,0.0,?,13522801,0,0,16:07:11.063
000931.SZ,09:54:36.060,95436060,14172387,5.03,100,0.0503,S,14172386,12110005,0,16:07:11.063
000931.SZ,09:54:38.340,95438340,14183183,0.0,100,0.0,?,13544052,0,0,16:07:11.369
000931.SZ,09:54:38.540,95438540,14184057,5.03,100,0.0503,S,14184056,12110005,0,16:07:11.369
000931.SZ,09:54:38.910,95438910,14185289,0.0,100,0.0,?,13519966,0,0,16:07:11.369
000931.SZ,09:54:39.120,95439120,14186023,5.03,100,0.0503,S,14186022,12110005,0,16:07:11.369
000931.SZ,09:54:40.080,95440080,14190074,0.0,5300,0.0,?,0,8437098,0,16:07:11.481
000931.SZ,09:54:48.200,95448200,14225896,0.0,1800,0.0,?,13759903,0,0,16:07:12.185
000931.SZ,09:54:56.360,95456360,14261778,0.0,100,0.0,?,0,14095543,0,16:07:13.043
000931.SZ,09:54:57.180,95457180,14264667,5.04,200,0.1008,B,13936288,14264666,0,16:07:13.043
000931.SZ,09:54:57.180,95457180,14264668,5.04,100,0.0504,B,13951094,14264666,0,16:07:13.043
000931.SZ,09:54:57.180,95457180,14264672,5.04,100,0.0504,B,13951094,14264671,0,16:07:13.043
000931.SZ,09:54:57.210,95457210,14264833,5.04,200,0.1008,B,13951094,14264832,0,16:07:13.043
000931.SZ,09:54:57.210,95457210,14264835,5.04,200,0.1008,B,13951094,14264834,0,16:07:13.043
000931.SZ,09:55:00.230,95500230,14277736,5.04,200,0.1008,B,13951094,14277735,0,16:07:13.342
000931.SZ,09:55:00.260,95500260,14277866,0.0,900,0.0,?,13248125,0,0,16:07:13.342
000931.SZ,09:55:03.160,95503160,14293847,0.0,4100,0.0,?,0,14206151,0,16:07:13.805
000931.SZ,09:55:06.240,95506240,14308282,5.04,700,0.3528,B,13951094,14308281,0,16:07:14.135
000931.SZ,09:55:06.240,95506240,14308287,5.04,400,0.2016,B,13951094,14308286,0,16:07:14.135
000931.SZ,09:55:06.260,95506260,14308421,5.04,200,0.1008,B,13951094,14308420,0,16:07:14.135
000931.SZ,09:55:06.340,95506340,14308840,5.04,400,0.2016,B,13951094,14308839,0,16:07:14.135
000931.SZ,09:55:09.300,95509300,14321967,5.04,100,0.0504,B,13951094,14321966,0,16:07:14.553
000931.SZ,09:55:09.900,95509900,14324656,5.04,700,0.3528,B,13951094,14324655,0,16:07:14.553
000931.SZ,09:55:09.900,95509900,14324657,5.04,400,0.2016,B,13955334,14324655,0,16:07:14.553
000931.SZ,09:55:09.900,95509900,14324658,5.04,300,0.1512,B,14018648,14324655,0,16:07:14.553
000931.SZ,09:55:09.900,95509900,14324659,5.04,600,0.3024,B,14018656,14324655,0,16:07:14.553
000931.SZ,09:55:09.900,95509900,14324660,5.04,200,0.1008,B,14018658,14324655,0,16:07:14.553
000931.SZ,09:55:09.900,95509900,14324661,5.04,100,0.0504,B,14045567,14324655,0,16:07:14.553
000931.SZ,09:55:09.900,95509900,14324662,5.04,1000,0.504,B,14055358,14324655,0,16:07:14.553
000931.SZ,09:55:09.900,95509900,14324663,5.04,800,0.4032,B,14080517,14324655,0,16:07:14.553
000931.SZ,09:55:11.530,95511530,14333905,0.0,10000,0.0,?,13473576,0,0,16:07:14.663
000931.SZ,09:55:12.200,95512200,14336851,5.04,300,0.1512,B,14080517,14336850,0,16:07:14.774
000931.SZ,09:55:12.540,95512540,14338754,5.04,300,0.1512,B,14080517,14338753,0,16:07:14.774
000931.SZ,09:55:12.550,95512550,14338776,5.04,100,0.0504,B,14080517,14338775,0,16:07:14.774
000931.SZ,09:55:13.170,95513170,14341585,5.04,300,0.1512,B,14188480,14341584,0,16:07:14.916
000931.SZ,09:55:13.170,95513170,14341586,5.04,200,0.1008,B,14203093,14341584,0,16:07:14.916
000931.SZ,09:55:13.550,95513550,14343463,5.04,100,0.0504,B,14203093,14343462,0,16:07:14.916
000931.SZ,09:55:13.550,95513550,14343464,5.04,400,0.2016,B,14225895,14343462,0,16:07:14.916
000931.SZ,09:55:14.180,95514180,14346408,5.04,700,0.3528,B,14225895,14346407,0,16:07:15.025
000931.SZ,09:55:14.560,95514560,14348475,5.04,200,0.1008,B,14225895,14348474,0,16:07:15.025
000931.SZ,09:55:14.580,95514580,14348618,5.04,100,0.0504,B,14225895,14348617,0,16:07:15.025
000931.SZ,09:55:14.770,95514770,14349637,5.04,400,0.2016,B,14225895,14349636,0,16:07:15.025
000931.SZ,09:55:14.770,95514770,14349638,5.04,1000,0.504,B,14238862,14349636,0,16:07:15.025
000931.SZ,09:55:14.770,95514770,14349639,5.04,600,0.3024,B,14281398,14349636,0,16:07:15.025
000931.SZ,09:55:14.780,95514780,14349704,5.04,400,0.2016,B,14281398,14349703,0,16:07:15.025
000931.SZ,09:55:14.780,95514780,14349705,5.04,2200,1.1088,B,14281689,14349703,0,16:07:15.025
000931.SZ,09:55:15.270,95515270,14352811,0.0,300,0.0,?,0,14145087,0,16:07:15.167
000931.SZ,09:55:15.460,95515460,14354013,5.05,2300,1.1615,B,13507549,14354012,0,16:07:15.167
000931.SZ,09:55:15.470,95515470,14354031,0.0,300,0.0,?,0,11812662,0,16:07:15.167
000931.SZ,09:55:15.500,95515500,14354393,5.04,100,0.0504,S,14354392,14349726,0,16:07:15.167
000931.SZ,09:55:15.500,95515500,14354394,5.04,1000,0.504,S,14354392,14350850,0,16:07:15.167
000931.SZ,09:55:15.510,95515510,14354462,5.04,1200,0.6048,S,14354461,14350850,0,16:07:15.167
000931.SZ,09:55:15.510,95515510,14354463,5.04,300,0.1512,S,14354461,14350921,0,16:07:15.167
000931.SZ,09:55:15.510,95515510,14354464,5.04,100,0.0504,S,14354461,14350930,0,16:07:15.167
000931.SZ,09:55:15.510,95515510,14354465,5.04,100,0.0504,S,14354461,14350937,0,16:07:15.167
000931.SZ,09:55:15.510,95515510,14354466,5.04,1200,0.6048,S,14354461,14351014,0,16:07:15.167
000931.SZ,09:55:15.510,95515510,14354467,5.04,100,0.0504,S,14354461,14351026,0,16:07:15.167
000931.SZ,09:55:15.510,95515510,14354468,5.04,100,0.0504,S,14354461,14351028,0,16:07:15.167
000931.SZ,09:55:15.510,95515510,14354469,5.04,200,0.1008,S,14354461,14351040,0,16:07:15.167
000931.SZ,09:55:15.510,95515510,14354470,5.04,100,0.0504,S,14354461,14351121,0,16:07:15.167
000931.SZ,09:55:15.510,95515510,14354471,5.04,400,0.2016,S,14354461,14351186,0,16:07:15.167
000931.SZ,09:55:15.510,95515510,14354472,5.04,200,0.1008,S,14354461,14351882,0,16:07:15.167
000931.SZ,09:55:15.510,95515510,14354473,5.04,100,0.0504,S,14354461,14352784,0,16:07:15.167
000931.SZ,09:55:15.510,95515510,14354474,5.04,1400,0.7056,S,14354461,14352807,0,16:07:15.167
000931.SZ,09:55:15.510,95515510,14354475,5.04,200,0.1008,S,14354461,14354215,0,16:07:15.167
000931.SZ,09:55:16.420,95516420,14360306,0.0,4300,0.0,?,0,12512135,0,16:07:15.230
000931.SZ,09:55:16.420,95516420,14360327,5.04,100,0.0504,B,14354688,14360326,0,16:07:15.230
000931.SZ,09:55:16.420,95516420,14360365,5.04,200,0.1008,B,14354688,14360364,0,16:07:15.230
000931.SZ,09:55:16.430,95516430,14360371,5.04,200,0.1008,B,14354688,14360370,0,16:07:15.230
000931.SZ,09:55:16.550,95516550,14361319,0.0,73900,0.0,?,14354025,0,0,16:07:15.230
000931.SZ,09:55:16.570,95516570,14361402,5.04,300,0.1512,B,14354688,14361401,0,16:07:15.230
000931.SZ,09:55:16.640,95516640,14361732,5.04,300,0.1512,B,14354688,14361731,0,16:07:15.230
000931.SZ,09:55:17.090,95517090,14364269,5.04,200,0.1008,B,14354688,14364268,0,16:07:15.356
000931.SZ,09:55:17.090,95517090,14364271,5.04,200,0.1008,B,14354688,14364270,0,16:07:15.356
000931.SZ,09:55:17.100,95517100,14364327,0.0,5400,0.0,?,13508100,0,0,16:07:15.356
000931.SZ,09:55:18.540,95518540,14371935,5.04,100,0.0504,S,14371934,14364272,0,16:07:15.506
000931.SZ,09:55:20.700,95520700,14383350,0.0,200,0.0,?,0,12708274,0,16:07:15.647
000931.SZ,09:55:20.700,95520700,14383352,0.0,100,0.0,?,0,12708279,0,16:07:15.647
000931.SZ,09:55:20.700,95520700,14383355,0.0,100,0.0,?,0,12708278,0,16:07:15.647
000931.SZ,09:55:20.700,95520700,14383358,0.0,100,0.0,?,0,12708277,0,16:07:15.647
000931.SZ,09:55:20.700,95520700,14383360,0.0,100,0.0,?,0,12708283,0,16:07:15.647
000931.SZ,09:55:20.700,95520700,14383361,0.0,100,0.0,?,0,12708282,0,16:07:15.647
000931.SZ,09:55:20.700,95520700,14383364,0.0,100,0.0,?,0,12708286,0,16:07:15.647
000931.SZ,09:55:20.780,95520780,14383649,0.0,2000,0.0,?,0,11214606,0,16:07:15.773
000931.SZ,09:55:22.700,95522700,14396757,0.0,500,0.0,?,13507549,0,0,16:07:16.055
000931.SZ,09:55:22.850,95522850,14397574,0.0,600,0.0,?,0,13690531,0,16:07:16.055
000931.SZ,09:55:24.270,95524270,14405561,0.0,300,0.0,?,0,14341604,0,16:07:16.181
000931.SZ,09:55:24.850,95524850,14409717,0.0,800,0.0,?,0,11915112,0,16:07:16.181
000931.SZ,09:55:26.120,95526120,14417820,0.0,10000,0.0,?,13677709,0,0,16:07:16.473
000931.SZ,09:55:27.220,95527220,14423240,0.0,300,0.0,?,0,14360369,0,16:07:16.473
000931.SZ,09:55:27.240,95527240,14423484,5.05,200,0.101,B,13507733,14423483,0,16:07:16.473
000931.SZ,09:55:27.240,95527240,14423485,5.05,400,0.202,B,13507743,14423483,0,16:07:16.473
000931.SZ,09:55:27.240,95527240,14423486,5.05,300,0.1515,B,13525339,14423483,0,16:07:16.473
000931.SZ,09:55:28.060,95528060,14428670,5.05,800,0.404,B,13525339,14428669,0,16:07:16.599
000931.SZ,09:55:28.060,95528060,14428672,5.05,600,0.303,B,13525339,14428671,0,16:07:16.599
000931.SZ,09:55:28.070,95528070,14428686,5.05,400,0.202,B,13525339,14428685,0,16:07:16.599
000931.SZ,09:55:28.070,95528070,14428687,5.05,300,0.1515,B,13525353,14428685,0,16:07:16.599
000931.SZ,09:55:28.070,95528070,14428689,5.05,700,0.3535,B,13525353,14428688,0,16:07:16.599
000931.SZ,09:55:28.070,95528070,14428690,5.05,200,0.101,B,13542921,14428688,0,16:07:16.599
000931.SZ,09:55:28.070,95528070,14428691,5.05,100,0.0505,B,13556043,14428688,0,16:07:16.599
000931.SZ,09:55:28.070,95528070,14428727,5.05,300,0.1515,B,13556043,14428726,0,16:07:16.599
000931.SZ,09:55:28.080,95528080,14428733,5.05,300,0.1515,B,13571417,14428732,0,16:07:16.599
000931.SZ,09:55:28.080,95528080,14428736,5.05,200,0.101,B,13571417,14428735,0,16:07:16.599
000931.SZ,09:55:28.080,95528080,14428739,5.05,200,0.101,B,13571417,14428738,0,16:07:16.599
000931.SZ,09:55:28.080,95528080,14428744,5.05,200,0.101,B,13571417,14428743,0,16:07:16.599
000931.SZ,09:55:28.080,95528080,14428748,5.05,200,0.101,B,13571417,14428747,0,16:07:16.599
000931.SZ,09:55:28.080,95528080,14428752,5.05,200,0.101,B,13571417,14428751,0,16:07:16.599
000931.SZ,09:55:28.080,95528080,14428754,5.05,200,0.101,B,13571417,14428753,0,16:07:16.599
000931.SZ,09:55:28.080,95528080,14428756,5.05,200,0.101,B,13571417,14428755,0,16:07:16.599
000931.SZ,09:55:28.090,95528090,14428808,5.05,300,0.1515,B,13571417,14428807,0,16:07:16.599
000931.SZ,09:55:28.110,95528110,14428932,5.05,300,0.1515,B,13571417,14428931,0,16:07:16.599
000931.SZ,09:55:28.410,95528410,14431043,5.04,100,0.0504,S,14431042,14364272,0,16:07:16.599
000931.SZ,09:55:28.410,95528410,14431044,5.04,400,0.2016,S,14431042,14364273,0,16:07:16.599
000931.SZ,09:55:28.410,95528410,14431045,5.04,300,0.1512,S,14431042,14364274,0,16:07:16.599
000931.SZ,09:55:28.410,95528410,14431046,5.04,200,0.1008,S,14431042,14364277,0,16:07:16.599
000931.SZ,09:55:28.410,95528410,14431047,5.04,200,0.1008,S,14431042,14364278,0,16:07:16.599
000931.SZ,09:55:28.410,95528410,14431048,5.04,200,0.1008,S,14431042,14364279,0,16:07:16.599
000931.SZ,09:55:28.410,95528410,14431049,5.04,700,0.3528,S,14431042,14364280,0,16:07:16.599
000931.SZ,09:55:28.410,95528410,14431050,5.04,100,0.0504,S,14431042,14364408,0,16:07:16.599
000931.SZ,09:55:28.410,95528410,14431051,5.04,400,0.2016,S,14431042,14369923,0,16:07:16.599
000931.SZ,09:55:28.410,95528410,14431052,5.04,900,0.4536,S,14431042,14369928,0,16:07:16.599
000931.SZ,09:55:28.410,95528410,14431053,5.04,100,0.0504,S,14431042,14369932,0,16:07:16.599
000931.SZ,09:55:28.410,95528410,14431054,5.04,1000,0.504,S,14431042,14369934,0,16:07:16.599
000931.SZ,09:55:28.410,95528410,14431055,5.04,100,0.0504,S,14431042,14369985,0,16:07:16.599
000931.SZ,09:55:28.410,95528410,14431056,5.04,100,0.0504,S,14431042,14369986,0,16:07:16.599
000931.SZ,09:55:28.410,95528410,14431057,5.04,100,0.0504,S,14431042,14369987,0,16:07:16.599
000931.SZ,09:55:28.410,95528410,14431058,5.04,100,0.0504,S,14431042,14369988,0,16:07:16.599
000931.SZ,09:55:28.410,95528410,14431059,5.04,100,0.0504,S,14431042,14369989,0,16:07:16.599
000931.SZ,09:55:28.410,95528410,14431060,5.04,100,0.0504,S,14431042,14369990,0,16:07:16.599
000931.SZ,09:55:28.410,95528410,14431061,5.04,100,0.0504,S,14431042,14369995,0,16:07:16.599
000931.SZ,09:55:28.410,95528410,14431062,5.04,100,0.0504,S,14431042,14369999,0,16:07:16.599
000931.SZ,09:55:28.410,95528410,14431063,5.04,100,0.0504,S,14431042,14370082,0,16:07:16.599
000931.SZ,09:55:28.410,95528410,14431064,5.04,100,0.0504,S,14431042,14370093,0,16:07:16.599
000931.SZ,09:55:28.410,95528410,14431065,5.04,100,0.0504,S,14431042,14370102,0,16:07:16.599
000931.SZ,09:55:28.410,95528410,14431066,5.04,100,0.0504,S,14431042,14370131,0,16:07:16.599
000931.SZ,09:55:28.410,95528410,14431067,5.04,100,0.0504,S,14431042,14370136,0,16:07:16.599
000931.SZ,09:55:28.410,95528410,14431068,5.04,500,0.252,S,14431042,14370157,0,16:07:16.599
000931.SZ,09:55:28.410,95528410,14431069,5.04,100,0.0504,S,14431042,14370183,0,16:07:16.599
000931.SZ,09:55:28.410,95528410,14431070,5.04,100,0.0504,S,14431042,14370210,0,16:07:16.599
000931.SZ,09:55:28.410,95528410,14431071,5.04,100,0.0504,S,14431042,14370216,0,16:07:16.599
000931.SZ,09:55:28.410,95528410,14431072,5.04,1000,0.504,S,14431042,14370314,0,16:07:16.599
000931.SZ,09:55:28.410,95528410,14431073,5.04,200,0.1008,S,14431042,14405752,0,16:07:16.599
000931.SZ,09:55:28.410,95528410,14431074,5.04,300,0.1512,S,14431042,14423236,0,16:07:16.599
000931.SZ,09:55:28.410,95528410,14431075,5.04,100,0.0504,S,14431042,14423289,0,16:07:16.599
000931.SZ,09:55:28.410,95528410,14431076,5.04,100,0.0504,S,14431042,14423294,0,16:07:16.599
000931.SZ,09:55:28.410,95528410,14431077,5.04,5000,2.52,S,14431042,14423446,0,16:07:16.599
000931.SZ,09:55:28.420,95528420,14431112,5.05,500,0.2525,B,13571417,14431111,0,16:07:16.599
000931.SZ,09:55:29.080,95529080,14435198,0.0,1000,0.0,?,0,12693680,0,16:07:16.692
000931.SZ,09:55:30.250,95530250,14441973,0.0,200,0.0,?,0,14277727,0,16:07:16.865
000931.SZ,09:55:33.310,95533310,14462116,5.05,300,0.1515,B,13571417,14462115,0,16:07:17.164
000931.SZ,09:55:33.310,95533310,14462117,5.05,900,0.4545,B,13710834,14462115,0,16:07:17.164
000931.SZ,09:55:33.310,95533310,14462118,5.05,300,0.1515,B,13717595,14462115,0,16:07:17.164
000931.SZ,09:55:33.310,95533310,14462119,5.05,300,0.1515,B,13827875,14462115,0,16:07:17.164
000931.SZ,09:55:33.310,95533310,14462120,5.05,1000,0.505,B,13828005,14462115,0,16:07:17.164
000931.SZ,09:55:33.310,95533310,14462121,5.05,200,0.101,B,13845759,14462115,0,16:07:17.164
000931.SZ,09:55:33.550,95533550,14463729,5.04,300,0.1512,S,14463728,14423446,0,16:07:17.164
000931.SZ,09:55:34.500,95534500,14470169,0.0,6000,0.0,?,13570722,0,0,16:07:17.384
000931.SZ,09:55:37.320,95537320,14487939,5.04,580,0.2923,S,14487938,14423446,0,16:07:17.629
000931.SZ,09:55:38.100,95538100,14492861,5.04,1000,0.504,S,14492860,14423446,0,16:07:17.722
000931.SZ,09:55:38.530,95538530,14495225,5.04,100,0.0504,S,14495224,14423446,0,16:07:17.974
000931.SZ,09:55:39.300,95539300,14498793,0.0,100,0.0,?,0,14255407,0,16:07:17.974
000931.SZ,09:55:39.300,95539300,14498796,0.0,100,0.0,?,0,11589330,0,16:07:17.974
000931.SZ,09:55:44.470,95544470,14527946,5.05,300,0.1515,B,13845759,14527945,0,16:07:18.438
000931.SZ,09:55:44.480,95544480,14528004,0.0,1420,0.0,?,0,14423446,0,16:07:18.438
000931.SZ,09:55:44.580,95544580,14528365,5.04,100,0.0504,S,14528364,14427114,0,16:07:18.438
000931.SZ,09:55:53.430,95553430,14571449,5.04,200,0.1008,S,14571448,14427114,0,16:07:18.720
000931.SZ,09:55:53.430,95553430,14571450,5.04,400,0.2016,S,14571448,14427177,0,16:07:18.720
000931.SZ,09:55:53.430,95553430,14571451,5.04,100,0.0504,S,14571448,14427191,0,16:07:18.720
000931.SZ,09:55:53.430,95553430,14571452,5.04,100,0.0504,S,14571448,14427192,0,16:07:18.720
000931.SZ,09:55:53.430,95553430,14571453,5.04,100,0.0504,S,14571448,14427193,0,16:07:18.720
000931.SZ,09:55:53.430,95553430,14571454,5.04,200,0.1008,S,14571448,14427194,0,16:07:18.720
000931.SZ,09:55:53.430,95553430,14571455,5.04,100,0.0504,S,14571448,14427195,0,16:07:18.720
000931.SZ,09:55:53.430,95553430,14571456,5.04,200,0.1008,S,14571448,14427202,0,16:07:18.720
000931.SZ,09:55:53.430,95553430,14571457,5.04,100,0.0504,S,14571448,14427205,0,16:07:18.720
000931.SZ,09:55:53.430,95553430,14571458,5.04,100,0.0504,S,14571448,14427222,0,16:07:18.720
000931.SZ,09:55:53.430,95553430,14571459,5.04,100,0.0504,S,14571448,14427295,0,16:07:18.720
000931.SZ,09:55:54.540,95554540,14575867,5.04,100,0.0504,S,14575866,14427354,0,16:07:18.757
000931.SZ,09:56:00.920,95600920,14603729,0.0,1500,0.0,?,14335650,0,0,16:07:19.056
000931.SZ,09:56:03.070,95603070,14615087,0.0,600,0.0,?,0,12110033,0,16:07:19.160
000931.SZ,09:56:07.670,95607670,14641475,0.0,1300,0.0,?,0,12122903,0,16:07:19.465
000931.SZ,09:56:09.020,95609020,14647312,0.0,500,0.0,?,0,14377618,0,16:07:19.609
000931.SZ,09:56:11.460,95611460,14659402,5.05,100,0.0505,B,13845759,14659401,0,16:07:19.892
000931.SZ,09:56:11.460,95611460,14659403,5.05,500,0.2525,B,13897374,14659401,0,16:07:19.892
000931.SZ,09:56:11.470,95611470,14659436,5.05,200,0.101,B,13897374,14659435,0,16:07:19.892
000931.SZ,09:56:12.430,95612430,14663796,5.05,600,0.303,B,13897374,14663795,0,16:07:20.050
000931.SZ,09:56:12.430,95612430,14663849,5.05,700,0.3535,B,13897374,14663848,0,16:07:20.050
000931.SZ,09:56:12.430,95612430,14663850,5.05,1100,0.5555,B,14428701,14663848,0,16:07:20.050
000931.SZ,09:56:12.430,95612430,14663851,5.05,16100,8.1305,B,14431110,14663848,0,16:07:20.050
000931.SZ,09:56:12.430,95612430,14663852,5.05,56700,28.6335,B,14462149,14663848,0,16:07:20.050
000931.SZ,09:56:12.430,95612430,14663853,5.05,400,0.202,B,14464438,14663848,0,16:07:20.050
000931.SZ,09:56:12.430,95612430,14663854,5.05,100,0.0505,B,14470063,14663848,0,16:07:20.050
000931.SZ,09:56:12.430,95612430,14663855,5.05,100,0.0505,B,14492871,14663848,0,16:07:20.050
000931.SZ,09:56:12.430,95612430,14663856,5.05,3500,1.7675,B,14514208,14663848,0,16:07:20.050
000931.SZ,09:56:12.430,95612430,14663857,5.05,200,0.101,B,14572764,14663848,0,16:07:20.050
000931.SZ,09:56:12.430,95612430,14663858,5.05,600,0.303,B,14618703,14663848,0,16:07:20.050
000931.SZ,09:56:13.530,95613530,14669446,5.05,300,0.1515,S,14669445,14663878,0,16:07:20.050
000931.SZ,09:56:14.560,95614560,14674125,5.05,100,0.0505,S,14674124,14663878,0,16:07:20.191
000931.SZ,09:56:14.560,95614560,14674148,5.06,1300,0.6578,B,12860274,14674147,0,16:07:20.191
000931.SZ,09:56:15.250,95615250,14676803,0.0,700,0.0,?,0,14481209,0,16:07:20.191
000931.SZ,09:56:15.290,95615290,14676959,5.06,2400,1.2144,B,12860274,14676958,0,16:07:20.363
000931.SZ,09:56:15.290,95615290,14676960,5.06,1000,0.506,B,12965134,14676958,0,16:07:20.363
000931.SZ,09:56:15.290,95615290,14676961,5.06,200,0.1012,B,12997905,14676958,0,16:07:20.363
000931.SZ,09:56:15.290,95615290,14676962,5.06,600,0.3036,B,13086234,14676958,0,16:07:20.363
000931.SZ,09:56:15.290,95615290,14676963,5.06,900,0.4554,B,13144436,14676958,0,16:07:20.363
000931.SZ,09:56:15.290,95615290,14676964,5.06,200,0.1012,B,13144572,14676958,0,16:07:20.363
000931.SZ,09:56:15.290,95615290,14676965,5.06,3200,1.6192,B,13212873,14676958,0,16:07:20.363
000931.SZ,09:56:15.290,95615290,14676966,5.06,1500,0.759,B,13213044,14676958,0,16:07:20.363
000931.SZ,09:56:15.350,95615350,14677221,5.05,3000,1.515,S,14677220,14663878,0,16:07:20.363
000931.SZ,09:56:16.210,95616210,14681011,0.0,3900,0.0,?,0,13945850,0,16:07:20.363
000931.SZ,09:56:16.210,95616210,14681017,0.0,1000,0.0,?,0,14066419,0,16:07:20.363
000931.SZ,09:56:18.220,95618220,14690141,5.06,300,0.1518,B,13213044,14690140,0,16:07:20.624
000931.SZ,09:56:18.620,95618620,14692416,5.06,100,0.0506,B,13213044,14692415,0,16:07:20.624
000931.SZ,09:56:18.620,95618620,14692417,5.06,200,0.1012,B,13213076,14692415,0,16:07:20.624
000931.SZ,09:56:21.240,95621240,14704820,5.06,600,0.3036,B,13213076,14704819,0,16:07:20.907
000931.SZ,09:56:21.240,95621240,14704821,5.06,200,0.1012,B,13213469,14704819,0,16:07:20.907
000931.SZ,09:56:23.250,95623250,14715112,5.06,200,0.1012,B,13213469,14715111,0,16:07:21.017
000931.SZ,09:56:25.270,95625270,14725667,5.06,900,0.4554,B,13213469,14725666,0,16:07:21.316
000931.SZ,09:56:25.270,95625270,14725668,5.06,400,0.2024,B,13213800,14725666,0,16:07:21.316
000931.SZ,09:56:25.270,95625270,14725669,5.06,700,0.3542,B,13217655,14725666,0,16:07:21.316
000931.SZ,09:56:25.270,95625270,14725675,5.06,800,0.4048,B,13217655,14725674,0,16:07:21.316
000931.SZ,09:56:25.540,95625540,14727574,5.06,700,0.3542,B,13217655,14727573,0,16:07:21.316
000931.SZ,09:56:25.560,95625560,14727697,0.0,200,0.0,?,0,14477462,0,16:07:21.316
000931.SZ,09:56:25.590,95625590,14727871,5.06,700,0.3542,B,13217655,14727870,0,16:07:21.316
000931.SZ,09:56:25.590,95625590,14727872,5.06,1000,0.506,B,13258463,14727870,0,16:07:21.316
000931.SZ,09:56:25.590,95625590,14727873,5.06,600,0.3036,B,13373398,14727870,0,16:07:21.316
000931.SZ,09:56:26.210,95626210,14731114,5.06,100,0.0506,B,13452507,14731113,0,16:07:21.411
000931.SZ,09:56:26.210,95626210,14731115,5.06,600,0.3036,B,13648955,14731113,0,16:07:21.411
000931.SZ,09:56:26.210,95626210,14731116,5.06,200,0.1012,B,13727401,14731113,0,16:07:21.411
000931.SZ,09:56:26.210,95626210,14731117,5.06,400,0.2024,B,14592760,14731113,0,16:07:21.411
000931.SZ,09:56:26.220,95626220,14731151,0.0,400,0.0,?,0,14493398,0,16:07:21.411
000931.SZ,09:56:26.260,95626260,14731342,5.06,800,0.4048,B,14592760,14731341,0,16:07:21.411
000931.SZ,09:56:26.270,95626270,14731365,5.06,1300,0.6578,B,14592760,14731364,0,16:07:21.411
000931.SZ,09:56:26.560,95626560,14732696,5.06,200,0.1012,B,14592760,14732695,0,16:07:21.411
000931.SZ,09:56:26.560,95626560,14732702,5.06,100,0.0506,B,14592760,14732701,0,16:07:21.411
000931.SZ,09:56:26.560,95626560,14732704,5.06,100,0.0506,B,14592760,14732703,0,16:07:21.411
000931.SZ,09:56:26.590,95626590,14732825,0.0,100,0.0,?,0,13760103,0,16:07:21.411
000931.SZ,09:56:26.810,95626810,14733630,5.06,1200,0.6072,B,14592760,14733629,0,16:07:21.562
000931.SZ,09:56:26.820,95626820,14733644,5.06,100,0.0506,B,14592760,14733643,0,16:07:21.562
000931.SZ,09:56:26.870,95626870,14733829,5.06,800,0.4048,B,14592760,14733828,0,16:07:21.562
000931.SZ,09:56:27.220,95627220,14735156,5.06,400,0.2024,B,14592760,14735155,0,16:07:21.562
000931.SZ,09:56:27.220,95627220,14735171,5.06,200,0.1012,B,14592760,14735170,0,16:07:21.562
000931.SZ,09:56:27.220,95627220,14735174,5.06,200,0.1012,B,14592760,14735173,0,16:07:21.562
000931.SZ,09:56:27.240,95627240,14735323,5.06,100,0.0506,B,14592760,14735322,0,16:07:21.562
000931.SZ,09:56:29.160,95629160,14744450,5.06,100,0.0506,B,14592760,14744449,0,16:07:21.686
000931.SZ,09:56:29.160,95629160,14744451,5.06,500,0.253,B,14664232,14744449,0,16:07:21.686
000931.SZ,09:56:29.160,95629160,14744452,5.06,100,0.0506,B,14693942,14744449,0,16:07:21.686
000931.SZ,09:56:29.160,95629160,14744453,5.06,100,0.0506,B,14698532,14744449,0,16:07:21.686
000931.SZ,09:56:29.160,95629160,14744454,5.06,100,0.0506,B,14707023,14744449,0,16:07:21.686
000931.SZ,09:56:29.160,95629160,14744455,5.06,100,0.0506,B,14707569,14744449,0,16:07:21.686
000931.SZ,09:56:29.270,95629270,14744916,5.06,100,0.0506,B,14709455,14744915,0,16:07:21.686
000931.SZ,09:56:29.270,95629270,14744917,5.06,400,0.2024,B,14735234,14744915,0,16:07:21.686
000931.SZ,09:56:29.380,95629380,14745659,5.06,900,0.4554,B,14735240,14745658,0,16:07:21.686
000931.SZ,09:56:29.380,95629380,14745660,5.06,400,0.2024,B,14735241,14745658,0,16:07:21.686
000931.SZ,09:56:29.380,95629380,14745661,5.06,2100,1.0626,B,14735835,14745658,0,16:07:21.686
000931.SZ,09:56:29.380,95629380,14745662,5.06,100,0.0506,B,14736119,14745658,0,16:07:21.686
000931.SZ,09:56:29.380,95629380,14745663,5.06,100,0.0506,B,14742913,14745658,0,16:07:21.686
000931.SZ,09:56:29.390,95629390,14745677,5.06,39400,19.9364,S,14745676,14745658,0,16:07:21.686
000931.SZ,09:56:29.410,95629410,14745735,0.0,100,0.0,?,0,14659619,0,16:07:21.686
000931.SZ,09:56:29.560,95629560,14746321,5.06,100,0.0506,S,14746320,14745688,0,16:07:21.686
000931.SZ,09:56:29.560,95629560,14746322,5.06,100,0.0506,S,14746320,14745692,0,16:07:21.686
000931.SZ,09:56:29.560,95629560,14746352,5.06,100,0.0506,S,14746351,14745692,0,16:07:21.686
000931.SZ,09:56:29.560,95629560,14746353,5.06,100,0.0506,S,14746351,14745807,0,16:07:21.686
000931.SZ,09:56:29.600,95629600,14746518,0.0,100,0.0,?,0,14464766,0,16:07:21.686
000931.SZ,09:56:29.600,95629600,14746529,5.06,200,0.1012,B,14746354,14746528,0,16:07:21.686
000931.SZ,09:56:29.750,95629750,14747334,5.06,100,0.0506,S,14747333,14746585,0,16:07:21.812
000931.SZ,09:56:29.750,95629750,14747355,5.06,100,0.0506,S,14747354,14746585,0,16:07:21.812
000931.SZ,09:56:30.180,95630180,14749008,5.06,100,0.0506,S,14749007,14747819,0,16:07:21.812
000931.SZ,09:56:30.200,95630200,14749105,0.0,700,0.0,?,0,14690253,0,16:07:21.812
000931.SZ,09:56:30.220,95630220,14749244,5.06,100,0.0506,S,14749243,14749238,0,16:07:21.812
000931.SZ,09:56:30.320,95630320,14749822,5.06,100,0.0506,S,14749821,14749238,0,16:07:21.812
000931.SZ,09:56:30.430,95630430,14750586,0.0,700,0.0,?,0,14663815,0,16:07:21.812
000931.SZ,09:56:30.550,95630550,14751140,5.06,200,0.1012,B,14749821,14751139,0,16:07:21.812
000931.SZ,09:56:32.550,95632550,14760283,5.06,1600,0.8096,B,14749940,14760282,0,16:07:22.159
000931.SZ,09:56:32.550,95632550,14760286,5.06,500,0.253,B,14749940,14760285,0,16:07:22.159
000931.SZ,09:56:33.210,95633210,14763230,0.0,1100,0.0,?,0,14265429,0,16:07:22.159
000931.SZ,09:56:33.300,95633300,14763729,5.06,100,0.0506,S,14763728,14760479,0,16:07:22.159
000931.SZ,09:56:35.830,95635830,14777038,0.0,4300,0.0,?,0,14498192,0,16:07:22.459
000931.SZ,09:56:36.230,95636230,14779339,0.0,300,0.0,?,0,14719994,0,16:07:22.459
000931.SZ,09:56:36.230,95636230,14779343,0.0,400,0.0,?,0,14763122,0,16:07:22.459
000931.SZ,09:56:37.070,95637070,14783998,5.07,300,0.1521,B,8914325,14783997,0,16:07:22.579
000931.SZ,09:56:37.070,95637070,14783999,5.07,1000,0.507,B,8917039,14783997,0,16:07:22.579
000931.SZ,09:56:38.210,95638210,14789895,0.0,300,0.0,?,14700700,0,0,16:07:22.687
000931.SZ,09:56:38.700,95638700,14792047,0.0,100,0.0,?,0,12540354,0,16:07:22.687
000931.SZ,09:56:38.700,95638700,14792049,0.0,100,0.0,?,0,13975696,0,16:07:22.687
000931.SZ,09:56:39.290,95639290,14794507,0.0,800,0.0,?,0,14745674,0,16:07:22.845
000931.SZ,09:56:39.290,95639290,14794508,0.0,600,0.0,?,0,14745675,0,16:07:22.845
000931.SZ,09:56:46.080,95646080,14825814,0.0,500,0.0,?,0,14409774,0,16:07:23.456
000931.SZ,09:56:48.320,95648320,14836482,0.0,300,0.0,?,0,14719909,0,16:07:23.592
000931.SZ,09:56:48.590,95648590,14838290,0.0,1900,0.0,?,14749566,0,0,16:07:23.592
000931.SZ,09:56:54.800,95654800,14876333,0.0,200,0.0,?,0,14498797,0,16:07:24.306
000931.SZ,09:56:54.800,95654800,14876336,5.07,100,0.0507,B,8917039,14876335,0,16:07:24.306
000931.SZ,09:56:56.560,95656560,14886374,5.07,100,0.0507,B,8954644,14886373,0,16:07:24.572
000931.SZ,09:56:57.020,95657020,14889202,0.0,2000,0.0,?,1269974,0,0,16:07:24.572
000931.SZ,09:57:06.440,95706440,14941689,0.0,5500,0.0,?,0,13643333,0,16:07:25.617
000931.SZ,09:57:14.070,95714070,14976123,5.06,1600,0.8096,S,14976122,14760479,0,16:07:26.417
000931.SZ,09:57:15.070,95715070,14979891,0.0,3000,0.0,?,0,12927064,0,16:07:26.568
000931.SZ,09:57:22.740,95722740,15014120,0.0,5000,0.0,?,0,12277833,0,16:07:27.323
000931.SZ,09:57:31.450,95731450,15053530,5.06,300,0.1518,S,15053529,14760479,0,16:07:28.177
000931.SZ,09:57:31.450,95731450,15053531,5.06,700,0.3542,S,15053529,14763268,0,16:07:28.177
000931.SZ,09:57:31.450,95731450,15053550,0.0,400,0.0,?,0,14905740,0,16:07:28.177
000931.SZ,09:57:36.290,95736290,15074825,0.0,200,0.0,?,0,14940396,0,16:07:28.536
000931.SZ,09:57:39.810,95739810,15090425,0.0,2000,0.0,?,0,10976082,0,16:07:28.923
000931.SZ,09:57:56.010,95756010,15160472,0.0,3000,0.0,?,0,14993871,0,16:07:30.377
000931.SZ,09:57:56.020,95756020,15160504,5.06,3400,1.7204,S,15160503,14763731,0,16:07:30.377
000931.SZ,09:57:56.030,95756030,15160522,5.06,400,0.2024,S,15160521,14763731,0,16:07:30.377
000931.SZ,09:57:56.030,95756030,15160523,5.06,1700,0.8602,S,15160521,14764395,0,16:07:30.377
000931.SZ,09:57:56.030,95756030,15160524,5.06,200,0.1012,S,15160521,14764651,0,16:07:30.377
000931.SZ,09:57:56.030,95756030,15160525,5.06,100,0.0506,S,15160521,14765020,0,16:07:30.377
000931.SZ,09:57:56.030,95756030,15160526,5.06,700,0.3542,S,15160521,14767273,0,16:07:30.377
000931.SZ,09:57:56.030,95756030,15160527,5.06,200,0.1012,S,15160521,14782721,0,16:07:30.377
000931.SZ,09:57:56.030,95756030,15160528,5.06,700,0.3542,S,15160521,14790964,0,16:07:30.377
000931.SZ,09:57:56.030,95756030,15160529,5.06,200,0.1012,S,15160521,14792048,0,16:07:30.377
000931.SZ,09:57:56.030,95756030,15160530,5.06,200,0.1012,S,15160521,14811423,0,16:07:30.377
000931.SZ,09:57:56.030,95756030,15160531,5.06,300,0.1518,S,15160521,14854873,0,16:07:30.377
000931.SZ,09:57:56.030,95756030,15160532,5.06,300,0.1518,S,15160521,14890877,0,16:07:30.377
000931.SZ,09:57:56.030,95756030,15160533,5.06,5400,2.7324,S,15160521,14972848,0,16:07:30.377
000931.SZ,09:57:56.030,95756030,15160534,5.06,100,0.0506,S,15160521,15024479,0,16:07:30.377
000931.SZ,09:57:56.030,95756030,15160535,5.06,200,0.1012,S,15160521,15031545,0,16:07:30.377
000931.SZ,09:57:56.030,95756030,15160536,5.06,400,0.2024,S,15160521,15061428,0,16:07:30.377
000931.SZ,09:57:56.030,95756030,15160537,5.06,600,0.3036,S,15160521,15061483,0,16:07:30.377
000931.SZ,09:57:56.030,95756030,15160538,5.06,200,0.1012,S,15160521,15087726,0,16:07:30.377
000931.SZ,09:57:56.030,95756030,15160539,5.06,500,0.253,S,15160521,15115047,0,16:07:30.377
000931.SZ,09:57:56.030,95756030,15160540,5.06,100,0.0506,S,15160521,15154486,0,16:07:30.377
000931.SZ,09:57:56.570,95756570,15162769,5.06,400,0.2024,B,15161011,15162768,0,16:07:30.502
000931.SZ,09:57:56.570,95756570,15162791,5.06,400,0.2024,S,15162790,15162768,0,16:07:30.502
000931.SZ,09:57:57.540,95757540,15166973,5.06,200,0.1012,S,15166972,15162874,0,16:07:30.502
000931.SZ,09:57:57.540,95757540,15166974,5.06,300,0.1518,S,15166972,15162897,0,16:07:30.502
000931.SZ,09:57:57.540,95757540,15166975,5.06,200,0.1012,S,15166972,15162900,0,16:07:30.502
000931.SZ,09:57:57.540,95757540,15166976,5.06,100,0.0506,S,15166972,15162947,0,16:07:30.502
000931.SZ,09:57:57.540,95757540,15166977,5.06,100,0.0506,S,15166972,15164192,0,16:07:30.502
000931.SZ,09:57:57.580,95757580,15167113,0.0,2000,0.0,?,0,14686172,0,16:07:30.502
000931.SZ,09:57:58.540,95758540,15171356,5.06,600,0.3036,S,15171355,15166784,0,16:07:30.587
000931.SZ,09:57:59.970,95759970,15177511,5.06,1000,0.506,S,15177510,15166784,0,16:07:30.842
000931.SZ,09:57:59.970,95759970,15177512,5.06,700,0.3542,S,15177510,15168950,0,16:07:30.842
000931.SZ,09:58:00.080,95800080,15177953,0.0,100,0.0,?,0,14677270,0,16:07:30.842
000931.SZ,09:58:00.080,95800080,15177956,0.0,100,0.0,?,0,14677264,0,16:07:30.842
000931.SZ,09:58:00.280,95800280,15178898,5.06,1000,0.506,B,15177892,15178897,0,16:07:30.842
000931.SZ,09:58:00.280,95800280,15178936,0.0,100,0.0,?,0,14733729,0,16:07:30.842
000931.SZ,09:58:03.210,95803210,15193028,5.06,300,0.1518,B,15177892,15193027,0,16:07:31.283
000931.SZ,09:58:08.420,95808420,15217796,0.0,10000,0.0,?,0,14677034,0,16:07:31.826
000931.SZ,09:58:09.330,95809330,15222032,0.0,1800,0.0,?,15179372,0,0,16:07:31.826
000931.SZ,09:58:11.650,95811650,15233417,0.0,1000,0.0,?,0,14663878,0,16:07:32.189
000931.SZ,09:58:11.660,95811660,15233435,5.05,900,0.4545,S,15233434,14663993,0,16:07:32.189
000931.SZ,09:58:11.660,95811660,15233436,5.05,200,0.101,S,15233434,14663998,0,16:07:32.189
000931.SZ,09:58:11.660,95811660,15233437,5.05,400,0.202,S,15233434,14663999,0,16:07:32.189
000931.SZ,09:58:11.660,95811660,15233438,5.05,500,0.2525,S,15233434,14664000,0,16:07:32.189
000931.SZ,09:58:11.660,95811660,15233439,5.05,200,0.101,S,15233434,14664001,0,16:07:32.189
000931.SZ,09:58:11.660,95811660,15233440,5.05,700,0.3535,S,15233434,14664009,0,16:07:32.189
000931.SZ,09:58:11.660,95811660,15233441,5.05,400,0.202,S,15233434,14664214,0,16:07:32.189
000931.SZ,09:58:11.660,95811660,15233442,5.05,100,0.0505,S,15233434,14674160,0,16:07:32.189
000931.SZ,09:58:11.660,95811660,15233443,5.05,2400,1.212,S,15233434,14687453,0,16:07:32.189
000931.SZ,09:58:11.660,95811660,15233444,5.05,100,0.0505,S,15233434,14690194,0,16:07:32.189
000931.SZ,09:58:11.660,95811660,15233445,5.05,300,0.1515,S,15233434,14697320,0,16:07:32.189
000931.SZ,09:58:11.660,95811660,15233446,5.05,200,0.101,S,15233434,14717288,0,16:07:32.189
000931.SZ,09:58:11.660,95811660,15233447,5.05,200,0.101,S,15233434,14727345,0,16:07:32.189
000931.SZ,09:58:11.660,95811660,15233448,5.05,200,0.101,S,15233434,14736300,0,16:07:32.189
000931.SZ,09:58:11.660,95811660,15233449,5.05,3200,1.616,S,15233434,14744596,0,16:07:32.189
000931.SZ,09:58:11.660,95811660,15233450,5.05,94200,47.571,S,15233434,14760468,0,16:07:32.189
000931.SZ,09:58:11.660,95811660,15233451,5.05,200,0.101,S,15233434,15092614,0,16:07:32.189
000931.SZ,09:58:11.680,95811680,15233579,0.0,600,0.0,?,0,14664030,0,16:07:32.189
000931.SZ,09:58:11.680,95811680,15233582,0.0,1100,0.0,?,0,14664033,0,16:07:32.189
000931.SZ,09:58:11.870,95811870,15234157,0.0,10200,0.0,?,13796343,0,0,16:07:32.189
000931.SZ,09:58:13.150,95813150,15241415,0.0,3900,0.0,?,15233511,0,0,16:07:32.345
000931.SZ,09:58:15.080,95815080,15251065,0.0,2000,0.0,?,14984292,0,0,16:07:32.501
000931.SZ,09:58:19.350,95819350,15274220,5.04,100,0.0504,S,15274219,14431129,0,16:07:32.966
000931.SZ,09:58:19.350,95819350,15274221,5.04,200,0.1008,S,15274219,14431132,0,16:07:32.966
000931.SZ,09:58:19.350,95819350,15274222,5.04,200,0.1008,S,15274219,14431133,0,16:07:32.966
000931.SZ,09:58:21.590,95821590,15285033,0.0,3800,0.0,?,15274363,0,0,16:07:33.124
000931.SZ,09:58:24.320,95824320,15297903,0.0,200,0.0,?,15179268,0,0,16:07:33.392
000931.SZ,09:58:24.330,95824330,15297915,0.0,200,0.0,?,15179265,0,0,16:07:33.392
000931.SZ,09:58:28.440,95828440,15316160,5.05,200,0.101,B,15233541,15316159,0,16:07:33.824
000931.SZ,09:58:28.440,95828440,15316161,5.05,200,0.101,B,15233553,15316159,0,16:07:33.824
000931.SZ,09:58:28.440,95828440,15316162,5.05,400,0.202,B,15248357,15316159,0,16:07:33.824
000931.SZ,09:58:32.130,95832130,15331831,0.0,15000,0.0,?,9461267,0,0,16:07:34.107
000931.SZ,09:58:32.910,95832910,15334393,0.0,200,0.0,?,0,14488096,0,16:07:34.249
000931.SZ,09:58:33.590,95833590,15337074,0.0,100,0.0,?,0,14431133,0,16:07:34.249
000931.SZ,09:58:34.590,95834590,15341220,0.0,100,0.0,?,15217412,0,0,16:07:34.375
000931.SZ,09:58:35.130,95835130,15343190,0.0,300,0.0,?,0,14431138,0,16:07:34.375
000931.SZ,09:58:37.290,95837290,15352372,0.0,500,0.0,?,0,14557867,0,16:07:34.563
000931.SZ,09:58:43.010,95843010,15374855,5.04,300,0.1512,S,15374854,14431143,0,16:07:35.044
000931.SZ,09:58:43.010,95843010,15374856,5.04,1000,0.504,S,15374854,14440140,0,16:07:35.044
000931.SZ,09:58:43.010,95843010,15374857,5.04,100,0.0504,S,15374854,14463402,0,16:07:35.044
000931.SZ,09:58:43.010,95843010,15374858,5.04,1000,0.504,S,15374854,14490295,0,16:07:35.044
000931.SZ,09:58:43.010,95843010,15374859,5.04,100,0.0504,S,15374854,14502455,0,16:07:35.044
000931.SZ,09:58:43.010,95843010,15374860,5.04,200,0.1008,S,15374854,14519446,0,16:07:35.044
000931.SZ,09:58:43.010,95843010,15374861,5.04,300,0.1512,S,15374854,14520664,0,16:07:35.044
000931.SZ,09:58:43.010,95843010,15374862,5.04,100,0.0504,S,15374854,14520855,0,16:07:35.044
000931.SZ,09:58:43.010,95843010,15374863,5.04,700,0.3528,S,15374854,14536037,0,16:07:35.044
000931.SZ,09:58:45.350,95845350,15383762,0.0,3800,0.0,?,15333850,0,0,16:07:35.311
000931.SZ,09:58:49.420,95849420,15399306,0.0,11200,0.0,?,0,12346229,0,16:07:35.655
000931.SZ,09:58:52.350,95852350,15410523,5.04,2900,1.4616,S,15410522,14536037,0,16:07:35.775
000931.SZ,09:58:52.600,95852600,15411644,0.0,3000,0.0,?,15000820,0,0,16:07:35.949
000931.SZ,09:58:58.580,95858580,15434653,5.05,700,0.3535,B,15248357,15434652,0,16:07:36.357
000931.SZ,09:59:00.310,95900310,15441021,5.05,800,0.404,B,15248357,15441020,0,16:07:36.575
000931.SZ,09:59:01.960,95901960,15450078,0.0,1000,0.0,?,1228350,0,0,16:07:36.741
000931.SZ,09:59:02.300,95902300,15451667,0.0,800,0.0,?,15160970,0,0,16:07:36.869
000931.SZ,09:59:10.100,95910100,15482644,0.0,1000,0.0,?,803133,0,0,16:07:37.465
000931.SZ,09:59:12.160,95912160,15490565,0.0,3000,0.0,?,15236547,0,0,16:07:37.788
000931.SZ,09:59:12.180,95912180,15490687,5.05,400,0.202,B,15248357,15490686,0,16:07:37.788
000931.SZ,09:59:12.210,95912210,15490837,5.04,500,0.252,S,15490836,14536037,0,16:07:37.788
000931.SZ,09:59:12.750,95912750,15493527,0.0,3700,0.0,?,15445581,0,0,16:07:37.788
000931.SZ,09:59:19.540,95919540,15522531,0.0,400,0.0,?,0,859429,0,16:07:38.369
000931.SZ,09:59:20.130,95920130,15524820,5.04,3700,1.8648,S,15524819,14536037,0,16:07:38.369
000931.SZ,09:59:20.130,95920130,15524852,5.05,400,0.202,B,15248357,15524851,0,16:07:38.369
000931.SZ,09:59:30.210,95930210,15557993,0.0,500,0.0,?,0,14541262,0,16:07:39.258
000931.SZ,09:59:30.220,95930220,15558110,0.0,600,0.0,?,0,11996339,0,16:07:39.258
000931.SZ,09:59:30.240,95930240,15558296,0.0,400,0.0,?,0,14194981,0,16:07:39.258
000931.SZ,09:59:30.410,95930410,15559270,5.05,500,0.2525,B,15248357,15559269,0,16:07:39.258
000931.SZ,09:59:30.440,95930440,15559515,5.05,400,0.202,B,15248357,15559514,0,16:07:39.258
000931.SZ,09:59:30.770,95930770,15561182,5.05,100,0.0505,B,15248357,15561181,0,16:07:39.258
000931.SZ,09:59:30.770,95930770,15561183,5.05,400,0.202,B,15252287,15561181,0,16:07:39.258
000931.SZ,09:59:30.770,95930770,15561184,5.05,100,0.0505,B,15266628,15561181,0,16:07:39.258
000931.SZ,09:59:30.770,95930770,15561185,5.05,500,0.2525,B,15272733,15561181,0,16:07:39.258
000931.SZ,09:59:31.240,95931240,15563572,0.0,300,0.0,?,0,14188518,0,16:07:39.385
000931.SZ,09:59:31.250,95931250,15563594,5.05,500,0.2525,B,15272733,15563593,0,16:07:39.385
000931.SZ,09:59:31.250,95931250,15563595,5.05,400,0.202,B,15297659,15563593,0,16:07:39.385
000931.SZ,09:59:31.250,95931250,15563609,5.05,200,0.101,B,15297816,15563608,0,16:07:39.385
000931.SZ,09:59:31.250,95931250,15563610,5.05,200,0.101,B,15298540,15563608,0,16:07:39.385
000931.SZ,09:59:31.250,95931250,15563611,5.05,200,0.101,B,15298552,15563608,0,16:07:39.385
000931.SZ,09:59:31.250,95931250,15563612,5.05,300,0.1515,B,15331907,15563608,0,16:07:39.385
000931.SZ,09:59:31.360,95931360,15564192,5.05,100,0.0505,B,15331907,15564191,0,16:07:39.385
000931.SZ,09:59:31.440,95931440,15564631,5.05,300,0.1515,B,15331907,15564630,0,16:07:39.385
000931.SZ,09:59:32.030,95932030,15567542,0.0,2100,0.0,?,0,12553720,0,16:07:39.385
000931.SZ,09:59:32.030,95932030,15567543,0.0,2100,0.0,?,0,12495103,0,16:07:39.385
000931.SZ,09:59:32.140,95932140,15568119,0.0,1000,0.0,?,0,12110417,0,16:07:39.385
000931.SZ,09:59:32.240,95932240,15568684,5.05,1100,0.5555,B,15331907,15568683,0,16:07:39.541
000931.SZ,09:59:32.240,95932240,15568685,5.05,200,0.101,B,15341275,15568683,0,16:07:39.541
000931.SZ,09:59:32.240,95932240,15568686,5.05,100,0.0505,B,15343121,15568683,0,16:07:39.541
000931.SZ,09:59:32.240,95932240,15568687,5.05,200,0.101,B,15365314,15568683,0,16:07:39.541
000931.SZ,09:59:32.240,95932240,15568688,5.05,1000,0.505,B,15434886,15568683,0,16:07:39.541
000931.SZ,09:59:32.240,95932240,15568689,5.05,1100,0.5555,B,15441038,15568683,0,16:07:39.541
000931.SZ,09:59:32.240,95932240,15568690,5.05,500,0.2525,B,15445521,15568683,0,16:07:39.541
000931.SZ,09:59:32.330,95932330,15569114,5.05,500,0.2525,B,15445521,15569113,0,16:07:39.541
000931.SZ,09:59:32.330,95932330,15569115,5.05,500,0.2525,B,15451683,15569113,0,16:07:39.541
000931.SZ,09:59:33.060,95933060,15572699,0.0,2100,0.0,?,0,14255761,0,16:07:39.541
000931.SZ,09:59:33.060,95933060,15572701,0.0,2200,0.0,?,0,12110012,0,16:07:39.541
000931.SZ,09:59:33.060,95933060,15572702,0.0,2100,0.0,?,0,14147045,0,16:07:39.541
000931.SZ,09:59:33.260,95933260,15573745,5.05,4400,2.222,B,15451683,15573744,0,16:07:39.541
000931.SZ,09:59:33.260,95933260,15573746,5.05,800,0.404,B,15451856,15573744,0,16:07:39.541
000931.SZ,09:59:33.260,95933260,15573747,5.05,1200,0.606,B,15490563,15573744,0,16:07:39.541
000931.SZ,09:59:33.400,95933400,15574702,0.0,300,0.0,?,0,14328101,0,16:07:39.541
000931.SZ,09:59:33.590,95933590,15575496,5.05,700,0.3535,B,15490563,15575495,0,16:07:39.541
000931.SZ,09:59:33.590,95933590,15575513,5.05,100,0.0505,B,15490563,15575512,0,16:07:39.541
000931.SZ,09:59:33.590,95933590,15575514,5.05,300,0.1515,B,15518067,15575512,0,16:07:39.541
000931.SZ,09:59:33.600,95933600,15575665,5.05,300,0.1515,B,15518067,15575664,0,16:07:39.541
000931.SZ,09:59:33.760,95933760,15576383,0.0,1200,0.0,?,0,12483449,0,16:07:39.681
000931.SZ,09:59:33.860,95933860,15576867,0.0,100,0.0,?,5756951,0,0,16:07:39.681
000931.SZ,09:59:33.930,95933930,15577152,5.05,400,0.202,B,15518067,15577151,0,16:07:39.681
000931.SZ,09:59:33.930,95933930,15577153,5.05,200,0.101,B,15521192,15577151,0,16:07:39.681
000931.SZ,09:59:33.930,95933930,15577154,5.05,400,0.202,B,15571246,15577151,0,16:07:39.681
000931.SZ,09:59:34.040,95934040,15577614,0.0,2000,0.0,?,0,13762460,0,16:07:39.681
000931.SZ,09:59:34.040,95934040,15577616,0.0,2100,0.0,?,0,13793423,0,16:07:39.681
000931.SZ,09:59:34.040,95934040,15577617,0.0,2100,0.0,?,0,12113351,0,16:07:39.681
000931.SZ,09:59:34.060,95934060,15577793,5.05,100,0.0505,S,15577792,15577151,0,16:07:39.681
000931.SZ,09:59:35.040,95935040,15582841,0.0,600,0.0,?,0,13967722,0,16:07:39.818
000931.SZ,09:59:35.710,95935710,15585520,0.0,1200,0.0,?,0,12483447,0,16:07:39.818
000931.SZ,09:59:35.920,95935920,15586180,0.0,100,0.0,?,15182783,0,0,16:07:39.818
000931.SZ,09:59:36.120,95936120,15587302,5.05,100,0.0505,S,15587301,15577151,0,16:07:39.818
000931.SZ,09:59:36.330,95936330,15588375,0.0,600,0.0,?,0,15359738,0,16:07:39.818
000931.SZ,09:59:36.710,95936710,15590615,0.0,1000,0.0,?,6064313,0,0,16:07:40.005
000931.SZ,09:59:36.810,95936810,15590969,0.0,100,0.0,?,15195144,0,0,16:07:40.005
000931.SZ,09:59:36.900,95936900,15591417,5.05,300,0.1515,S,15591416,15577191,0,16:07:40.005
000931.SZ,09:59:36.900,95936900,15591418,5.05,400,0.202,S,15591416,15577200,0,16:07:40.005
000931.SZ,09:59:36.900,95936900,15591419,5.05,100,0.0505,S,15591416,15577201,0,16:07:40.005
000931.SZ,09:59:36.900,95936900,15591420,5.05,200,0.101,S,15591416,15577206,0,16:07:40.005
000931.SZ,09:59:36.900,95936900,15591421,5.05,100,0.0505,S,15591416,15577255,0,16:07:40.005
000931.SZ,09:59:36.900,95936900,15591422,5.05,900,0.4545,S,15591416,15578644,0,16:07:40.005
000931.SZ,09:59:37.010,95937010,15591961,5.05,100,0.0505,S,15591960,15578644,0,16:07:40.005
000931.SZ,09:59:37.300,95937300,15593657,5.06,100,0.0506,B,15177892,15593656,0,16:07:40.005
000931.SZ,09:59:38.950,95938950,15600944,5.06,200,0.1012,B,15177892,15600943,0,16:07:40.163
000931.SZ,09:59:38.950,95938950,15600945,5.06,100,0.0506,B,15179809,15600943,0,16:07:40.163
000931.SZ,09:59:38.950,95938950,15600946,5.06,100,0.0506,B,15188149,15600943,0,16:07:40.163
000931.SZ,09:59:39.190,95939190,15601918,5.06,600,0.3036,B,15188149,15601917,0,16:07:40.163
000931.SZ,09:59:39.260,95939260,15602311,0.0,300,0.0,?,0,12110005,0,16:07:40.163
000931.SZ,09:59:39.440,95939440,15603050,0.0,100,0.0,?,0,14298233,0,16:07:40.163
000931.SZ,09:59:39.460,95939460,15603200,5.06,300,0.1518,B,15188149,15603199,0,16:07:40.163
000931.SZ,09:59:39.640,95939640,15604198,5.06,100,0.0506,B,15188149,15604197,0,16:07:40.163
000931.SZ,09:59:41.220,95941220,15611920,0.0,600,0.0,?,0,15587719,0,16:07:40.352
000931.SZ,09:59:42.200,95942200,15615623,5.06,400,0.2024,B,15193038,15615622,0,16:07:40.415
000931.SZ,09:59:42.200,95942200,15615624,5.06,200,0.1012,B,15193039,15615622,0,16:07:40.415
000931.SZ,09:59:42.640,95942640,15617523,0.0,5200,0.0,?,0,15578644,0,16:07:40.415
000931.SZ,09:59:42.830,95942830,15618217,5.06,200,0.1012,B,15193039,15618216,0,16:07:40.415
000931.SZ,09:59:42.830,95942830,15618218,5.06,400,0.2024,B,15193040,15618216,0,16:07:40.415
000931.SZ,09:59:42.830,95942830,15618219,5.06,400,0.2024,B,15194539,15618216,0,16:07:40.415
000931.SZ,09:59:42.830,95942830,15618220,5.06,200,0.1012,B,15195097,15618216,0,16:07:40.415
000931.SZ,09:59:42.830,95942830,15618221,5.06,3800,1.9228,B,15217510,15618216,0,16:07:40.415
000931.SZ,09:59:42.830,95942830,15618222,5.06,200,0.1012,B,15217533,15618216,0,16:07:40.415
000931.SZ,09:59:43.240,95943240,15619501,0.0,600,0.0,?,0,15583785,0,16:07:40.525
000931.SZ,09:59:43.440,95943440,15620309,5.06,200,0.1012,B,15217736,15620308,0,16:07:40.525
000931.SZ,09:59:43.440,95943440,15620310,5.06,400,0.2024,B,15228771,15620308,0,16:07:40.525
000931.SZ,09:59:43.930,95943930,15622147,0.0,1200,0.0,?,0,15586091,0,16:07:40.525
000931.SZ,09:59:44.100,95944100,15622712,5.06,1200,0.6072,B,15228771,15622711,0,16:07:40.525
000931.SZ,09:59:46.530,95946530,15631153,0.0,2000,0.0,?,0,530182,0,16:07:40.769
000931.SZ,09:59:47.910,95947910,15635819,0.0,2300,0.0,?,0,12013039,0,16:07:40.926
000931.SZ,09:59:55.340,95955340,15662056,0.0,1900,0.0,?,0,15581121,0,16:07:41.430
000931.SZ,09:59:55.370,95955370,15662222,5.06,300,0.1518,B,15233504,15662221,0,16:07:41.430
000931.SZ,09:59:55.370,95955370,15662223,5.06,100,0.0506,B,15234790,15662221,0,16:07:41.430
000931.SZ,09:59:55.370,95955370,15662224,5.06,200,0.1012,B,15568244,15662221,0,16:07:41.430
000931.SZ,09:59:56.560,95956560,15666556,5.05,1400,0.707,S,15666555,15589413,0,16:07:41.570
000931.SZ,09:59:56.560,95956560,15666557,5.05,500,0.2525,S,15666555,15591030,0,16:07:41.570
000931.SZ,09:59:56.570,95956570,15666579,5.05,500,0.2525,S,15666578,15591030,0,16:07:41.570
000931.SZ,09:59:56.570,95956570,15666580,5.05,200,0.101,S,15666578,15611813,0,16:07:41.570
000931.SZ,09:59:56.570,95956570,15666581,5.05,400,0.202,S,15666578,15626537,0,16:07:41.570
000931.SZ,09:59:56.570,95956570,15666582,5.05,200,0.101,S,15666578,15658990,0,16:07:41.570
000931.SZ,09:59:56.570,95956570,15666583,5.05,1000,0.505,S,15666578,15660727,0,16:07:41.570
000931.SZ,09:59:56.570,95956570,15666584,5.05,200,0.101,S,15666578,15665953,0,16:07:41.570
000931.SZ,09:59:57.240,95957240,15668991,0.0,300,0.0,?,0,15573555,0,16:07:41.570
000931.SZ,09:59:57.240,95957240,15669032,0.0,700,0.0,?,0,15573554,0,16:07:41.570
000931.SZ,09:59:57.270,95957270,15669139,0.0,4700,0.0,?,0,15573621,0,16:07:41.696
000931.SZ,09:59:57.930,95957930,15671939,0.0,300,0.0,?,0,14268368,0,16:07:41.696
000931.SZ,10:00:00.580,100000580,15683724,5.06,2700,1.3662,B,15568244,15683723,0,16:07:42.002
000931.SZ,10:00:00.580,100000580,15683725,5.06,3700,1.8722,B,15618258,15683723,0,16:07:42.002
000931.SZ,10:00:00.580,100000580,15683726,5.06,4000,2.024,B,15662210,15683723,0,16:07:42.002
000931.SZ,10:00:01.310,100001310,15688580,0.0,1000,0.0,?,0,14577521,0,16:07:42.129
000931.SZ,10:00:01.530,100001530,15689924,5.05,100,0.0505,S,15689923,15682997,0,16:07:42.223
000931.SZ,10:00:02.240,100002240,15693308,0.0,1000,0.0,?,7712867,0,0,16:07:42.304
000931.SZ,10:00:04.540,100004540,15704048,5.05,100,0.0505,S,15704047,15682997,0,16:07:42.569
000931.SZ,10:00:09.380,100009380,15726369,5.05,100,0.0505,S,15726368,15682997,0,16:07:43.002
000931.SZ,10:00:10.240,100010240,15730748,0.0,900,0.0,?,0,15257374,0,16:07:43.129
000931.SZ,10:00:10.580,100010580,15732714,0.0,700,0.0,?,0,15253887,0,16:07:43.129
000931.SZ,10:00:10.600,100010600,15732756,0.0,700,0.0,?,0,15284985,0,16:07:43.129
000931.SZ,10:00:10.600,100010600,15732761,0.0,1100,0.0,?,0,15337011,0,16:07:43.129
000931.SZ,10:00:10.600,100010600,15732762,0.0,1500,0.0,?,0,15265369,0,16:07:43.129
000931.SZ,10:00:10.650,100010650,15732964,0.0,1000,0.0,?,0,15260447,0,16:07:43.129
000931.SZ,10:00:11.140,100011140,15734992,0.0,1000,0.0,?,0,15263530,0,16:07:43.129
000931.SZ,10:00:11.240,100011240,15735273,5.05,900,0.4545,B,15726368,15735272,0,16:07:43.129
000931.SZ,10:00:11.590,100011590,15736395,5.05,600,0.303,B,15726368,15736394,0,16:07:43.129
000931.SZ,10:00:11.590,100011590,15736396,5.05,100,0.0505,B,15726476,15736394,0,16:07:43.129
000931.SZ,10:00:11.590,100011590,15736397,5.05,1100,0.5555,B,15727568,15736394,0,16:07:43.129
000931.SZ,10:00:11.590,100011590,15736425,5.05,500,0.2525,B,15727568,15736424,0,16:07:43.129
000931.SZ,10:00:12.300,100012300,15739099,5.05,200,0.101,S,15739098,15736424,0,16:07:43.254
000931.SZ,10:00:12.300,100012300,15739100,5.05,300,0.1515,S,15739098,15736426,0,16:07:43.254
000931.SZ,10:00:12.420,100012420,15739569,5.05,100,0.0505,S,15739568,15736426,0,16:07:43.254
000931.SZ,10:00:12.420,100012420,15739593,5.05,100,0.0505,S,15739592,15736426,0,16:07:43.254
000931.SZ,10:00:12.430,100012430,15739623,5.05,800,0.404,S,15739622,15736426,0,16:07:43.254
000931.SZ,10:00:12.430,100012430,15739630,5.05,200,0.101,S,15739629,15736426,0,16:07:43.254
000931.SZ,10:00:12.430,100012430,15739631,5.05,400,0.202,S,15739629,15736632,0,16:07:43.254
000931.SZ,10:00:12.550,100012550,15740071,5.05,100,0.0505,S,15740070,15736632,0,16:07:43.254
000931.SZ,10:00:13.810,100013810,15745235,5.05,500,0.2525,S,15745234,15736632,0,16:07:43.365
000931.SZ,10:00:13.810,100013810,15745248,5.05,1000,0.505,S,15745247,15738249,0,16:07:43.365
000931.SZ,10:00:15.330,100015330,15751754,5.05,100,0.0505,S,15751753,15748859,0,16:07:43.631
000931.SZ,10:00:16.550,100016550,15759003,5.05,100,0.0505,S,15759002,15748859,0,16:07:43.796
000931.SZ,10:00:18.290,100018290,15767345,5.05,100,0.0505,S,15767344,15748867,0,16:07:43.970
000931.SZ,10:00:21.280,100021280,15782246,5.06,900,0.4554,B,15662210,15782245,0,16:07:44.258
000931.SZ,10:00:21.350,100021350,15782535,5.05,100,0.0505,S,15782534,15748927,0,16:07:44.258
000931.SZ,10:00:21.500,100021500,15783203,5.05,100,0.0505,S,15783202,15751288,0,16:07:44.258
000931.SZ,10:00:21.500,100021500,15783204,5.05,200,0.101,S,15783202,15751460,0,16:07:44.258
000931.SZ,10:00:21.500,100021500,15783205,5.05,100,0.0505,S,15783202,15759192,0,16:07:44.258
000931.SZ,10:00:21.500,100021500,15783206,5.05,100,0.0505,S,15783202,15759202,0,16:07:44.258
000931.SZ,10:00:21.500,100021500,15783207,5.05,100,0.0505,S,15783202,15759206,0,16:07:44.258
000931.SZ,10:00:21.500,100021500,15783208,5.05,100,0.0505,S,15783202,15759211,0,16:07:44.258
000931.SZ,10:00:21.500,100021500,15783209,5.05,100,0.0505,S,15783202,15759216,0,16:07:44.258
000931.SZ,10:00:21.500,100021500,15783210,5.05,200,0.101,S,15783202,15759217,0,16:07:44.258
000931.SZ,10:00:22.290,100022290,15787394,5.05,100,0.0505,S,15787393,15759403,0,16:07:44.258
000931.SZ,10:00:22.290,100022290,15787395,5.05,100,0.0505,S,15787393,15767054,0,16:07:44.258
000931.SZ,10:00:22.290,100022290,15787396,5.05,100,0.0505,S,15787393,15767062,0,16:07:44.258
000931.SZ,10:00:22.290,100022290,15787397,5.05,100,0.0505,S,15787393,15767319,0,16:07:44.258
000931.SZ,10:00:22.590,100022590,15789006,5.05,200,0.101,B,15787393,15789005,0,16:07:44.350
000931.SZ,10:00:23.240,100023240,15792040,0.0,800,0.0,?,0,15283338,0,16:07:44.350
000931.SZ,10:00:23.240,100023240,15792042,0.0,700,0.0,?,0,15283334,0,16:07:44.350
000931.SZ,10:00:24.200,100024200,15795811,5.05,100,0.0505,B,15787393,15795810,0,16:07:44.504
000931.SZ,10:00:24.240,100024240,15796030,5.05,200,0.101,B,15787393,15796029,0,16:07:44.504
000931.SZ,10:00:24.240,100024240,15796031,5.05,100,0.0505,B,15787491,15796029,0,16:07:44.504
000931.SZ,10:00:24.240,100024240,15796032,5.05,400,0.202,B,15795924,15796029,0,16:07:44.504
000931.SZ,10:00:24.550,100024550,15797501,5.05,100,0.0505,S,15797500,15796044,0,16:07:44.504
000931.SZ,10:00:25.120,100025120,15800392,0.0,1000,0.0,?,0,15787422,0,16:07:44.504
000931.SZ,10:00:27.350,100027350,15810133,0.0,1300,0.0,?,15669317,0,0,16:07:44.786
000931.SZ,10:00:28.540,100028540,15815818,5.05,100,0.0505,S,15815817,15796044,0,16:07:44.921
000931.SZ,10:00:28.920,100028920,15817311,5.05,100,0.0505,S,15817310,15796044,0,16:07:44.921
000931.SZ,10:00:30.380,100030380,15823483,5.05,100,0.0505,S,15823482,15796044,0,16:07:45.032
000931.SZ,10:00:31.630,100031630,15830381,5.05,400,0.202,S,15830380,15796044,0,16:07:45.157
000931.SZ,10:00:31.630,100031630,15830382,5.05,500,0.2525,S,15830380,15796197,0,16:07:45.157
000931.SZ,10:00:31.630,100031630,15830383,5.05,2900,1.4645,S,15830380,15800331,0,16:07:45.157
000931.SZ,10:00:31.890,100031890,15831647,5.05,200,0.101,S,15831646,15800331,0,16:07:45.252
000931.SZ,10:00:34.540,100034540,15844508,5.05,100,0.0505,S,15844507,15800331,0,16:07:45.536
000931.SZ,10:00:35.480,100035480,15848714,0.0,1000,0.0,?,8591894,0,0,16:07:45.536
000931.SZ,10:00:37.840,100037840,15860207,0.0,1000,0.0,?,14970280,0,0,16:07:45.889
000931.SZ,10:00:40.180,100040180,15872661,0.0,500,0.0,?,0,12582950,0,16:07:46.016
000931.SZ,10:00:40.530,100040530,15874703,5.05,100,0.0505,S,15874702,15800331,0,16:07:46.141
000931.SZ,10:00:41.570,100041570,15879810,0.0,10600,0.0,?,0,15160440,0,16:07:46.266
000931.SZ,10:00:46.150,100046150,15903882,5.05,900,0.4545,S,15903881,15800331,0,16:07:46.643
000931.SZ,10:00:46.240,100046240,15904477,5.05,800,0.404,S,15904476,15800331,0,16:07:46.643
000931.SZ,10:00:46.240,100046240,15904478,5.05,1600,0.808,S,15904476,15805364,0,16:07:46.643
000931.SZ,10:00:46.250,100046250,15904501,5.05,300,0.1515,S,15904500,15805364,0,16:07:46.643
000931.SZ,10:00:46.250,100046250,15904502,5.05,2000,1.01,S,15904500,15836271,0,16:07:46.643
000931.SZ,10:00:46.250,100046250,15904503,5.05,200,0.101,S,15904500,15877464,0,16:07:46.643
000931.SZ,10:00:46.250,100046250,15904504,5.05,100,0.0505,S,15904500,15904141,0,16:07:46.643
000931.SZ,10:00:46.250,100046250,15904523,5.05,1600,0.808,B,15904500,15904522,0,16:07:46.643
000931.SZ,10:00:47.590,100047590,15911922,5.05,700,0.3535,B,15904500,15911921,0,16:07:46.784
000931.SZ,10:00:48.250,100048250,15914912,5.05,600,0.303,B,15904500,15914911,0,16:07:46.904
000931.SZ,10:00:48.360,100048360,15915674,0.0,100,0.0,?,15739632,0,0,16:07:46.904
000931.SZ,10:00:48.500,100048500,15916293,5.04,100,0.0504,S,15916292,14536037,0,16:07:46.904
000931.SZ,10:00:50.000,100050000,15925107,0.0,2200,0.0,?,15683036,0,0,16:07:47.030
000931.SZ,10:00:50.020,100050020,15925189,0.0,2200,0.0,?,15683008,0,0,16:07:47.030
000931.SZ,10:00:52.260,100052260,15934886,0.0,20000,0.0,?,12330644,0,0,16:07:47.280
000931.SZ,10:00:53.020,100053020,15938441,0.0,2400,0.0,?,15781209,0,0,16:07:47.407
000931.SZ,10:00:54.200,100054200,15943066,0.0,100,0.0,?,15725539,0,0,16:07:47.407
000931.SZ,10:00:54.200,100054200,15943072,0.0,100,0.0,?,15723475,0,0,16:07:47.407
000931.SZ,10:00:54.230,100054230,15943216,0.0,300,0.0,?,15728729,0,0,16:07:47.407
000931.SZ,10:00:54.260,100054260,15943450,0.0,100,0.0,?,15725642,0,0,16:07:47.407
000931.SZ,10:00:58.250,100058250,15960985,0.0,400,0.0,?,15904500,0,0,16:07:47.815
000931.SZ,10:01:09.500,100109500,16017864,5.05,2200,1.111,B,15904505,16017863,0,16:07:49.069
000931.SZ,10:01:09.500,100109500,16017865,5.05,5400,2.727,B,15905833,16017863,0,16:07:49.069
000931.SZ,10:01:09.500,100109500,16017866,5.05,100,0.0505,B,15905837,16017863,0,16:07:49.069
000931.SZ,10:01:09.500,100109500,16017867,5.05,100,0.0505,B,15905838,16017863,0,16:07:49.069
000931.SZ,10:01:09.500,100109500,16017868,5.05,2600,1.313,B,15905844,16017863,0,16:07:49.069
000931.SZ,10:01:09.540,100109540,16018165,5.05,100,0.0505,B,15905844,16018164,0,16:07:49.069
000931.SZ,10:01:10.150,100110150,16021302,5.05,100,0.0505,B,15905844,16021301,0,16:07:49.178
000931.SZ,10:01:12.020,100112020,16030395,0.0,2400,0.0,?,15996748,0,0,16:07:49.274
000931.SZ,10:01:12.340,100112340,16031936,0.0,1900,0.0,?,15810129,0,0,16:07:49.398
000931.SZ,10:01:17.010,100117010,16057360,5.04,2100,1.0584,S,16057359,14536037,0,16:07:49.974
000931.SZ,10:01:17.010,100117010,16057361,5.04,100,0.0504,S,16057359,14541753,0,16:07:49.974
000931.SZ,10:01:17.010,100117010,16057362,5.04,200,0.1008,S,16057359,14559592,0,16:07:49.974
000931.SZ,10:01:17.050,100117050,16057623,5.04,100,0.0504,S,16057622,14586656,0,16:07:49.974
000931.SZ,10:01:17.050,100117050,16057624,5.04,200,0.1008,S,16057622,14739968,0,16:07:49.974
000931.SZ,10:01:17.050,100117050,16057625,5.04,500,0.252,S,16057622,14792223,0,16:07:49.974
000931.SZ,10:01:20.750,100120750,16079214,5.04,1000,0.504,S,16079213,14792223,0,16:07:50.350
000931.SZ,10:01:26.310,100126310,16107493,0.0,3000,0.0,?,210253,0,0,16:07:50.837
000931.SZ,10:01:30.710,100130710,16126242,5.04,3600,1.8144,S,16126241,14792223,0,16:07:51.239
000931.SZ,10:01:32.520,100132520,16133531,5.04,400,0.2016,S,16133530,14792223,0,16:07:51.477
000931.SZ,10:01:32.570,100132570,16133757,0.0,50000,0.0,?,7491658,0,0,16:07:51.477
000931.SZ,10:01:45.330,100145330,16185543,5.04,100,0.0504,S,16185542,14792223,0,16:07:52.491
000931.SZ,10:01:49.180,100149180,16202373,5.04,600,0.3024,S,16202372,14792223,0,16:07:52.898
000931.SZ,10:01:51.270,100151270,16212993,5.04,2200,1.1088,S,16212992,14792223,0,16:07:53.146
000931.SZ,10:01:51.310,100151310,16213275,5.04,1000,0.504,S,16213274,14792223,0,16:07:53.146
000931.SZ,10:01:51.380,100151380,16213667,5.04,100,0.0504,S,16213666,14792223,0,16:07:53.146
000931.SZ,10:01:53.510,100153510,16228401,5.04,1800,0.9072,S,16228400,14792223,0,16:07:53.368
000931.SZ,10:01:53.530,100153530,16228551,5.04,1000,0.504,S,16228550,14933977,0,16:07:53.368
000931.SZ,10:01:53.530,100153530,16228552,5.04,200,0.1008,S,16228550,15050384,0,16:07:53.368
000931.SZ,10:01:53.540,100153540,16228583,5.04,100,0.0504,S,16228582,15050384,0,16:07:53.368
000931.SZ,10:01:53.550,100153550,16228615,5.04,800,0.4032,S,16228614,15050384,0,16:07:53.368
000931.SZ,10:01:53.590,100153590,16228812,5.04,1000,0.504,S,16228811,15050384,0,16:07:53.368
000931.SZ,10:01:53.890,100153890,16230000,5.04,8200,4.1328,S,16229999,15050384,0,16:07:53.368
000931.SZ,10:01:53.890,100153890,16230016,5.04,200,0.1008,S,16230015,15050384,0,16:07:53.368
000931.SZ,10:01:53.890,100153890,16230018,5.04,2300,1.1592,S,16230017,15050384,0,16:07:53.368
000931.SZ,10:01:53.890,100153890,16230020,5.04,900,0.4536,S,16230019,15050384,0,16:07:53.368
000931.SZ,10:01:53.890,100153890,16230022,5.04,500,0.252,S,16230021,15050384,0,16:07:53.368
000931.SZ,10:01:53.890,100153890,16230024,5.04,1300,0.6552,S,16230023,15050384,0,16:07:53.368
000931.SZ,10:01:53.890,100153890,16230025,5.04,100,0.0504,S,16230023,15277854,0,16:07:53.368
000931.SZ,10:01:53.890,100153890,16230027,5.04,1900,0.9576,S,16230026,15277854,0,16:07:53.368
000931.SZ,10:01:53.890,100153890,16230028,5.04,1400,0.7056,S,16230026,15400098,0,16:07:53.368
000931.SZ,10:01:53.890,100153890,16230030,5.04,600,0.3024,S,16230029,15400098,0,16:07:53.368
000931.SZ,10:01:53.890,100153890,16230031,5.04,200,0.1008,S,16230029,15430816,0,16:07:53.368
000931.SZ,10:01:53.890,100153890,16230032,5.04,400,0.2016,S,16230029,15453387,0,16:07:53.368
000931.SZ,10:01:53.890,100153890,16230034,5.04,500,0.252,S,16230033,15453387,0,16:07:53.368
000931.SZ,10:01:53.890,100153890,16230036,5.04,1900,0.9576,S,16230035,15453387,0,16:07:53.368
000931.SZ,10:01:53.890,100153890,16230038,5.04,200,0.1008,S,16230037,15453387,0,16:07:53.368
000931.SZ,10:01:53.890,100153890,16230039,5.04,100,0.0504,S,16230037,15468875,0,16:07:53.368
000931.SZ,10:01:53.890,100153890,16230040,5.04,200,0.1008,S,16230037,15533424,0,16:07:53.368
000931.SZ,10:01:53.890,100153890,16230042,5.04,3300,1.6632,S,16230041,15533424,0,16:07:53.368
000931.SZ,10:01:53.890,100153890,16230044,5.04,2300,1.1592,S,16230043,15533424,0,16:07:53.368
000931.SZ,10:01:53.890,100153890,16230046,5.04,1600,0.8064,S,16230045,15533424,0,16:07:53.368
000931.SZ,10:01:53.890,100153890,16230048,5.04,600,0.3024,S,16230047,15533424,0,16:07:53.368
000931.SZ,10:01:53.890,100153890,16230050,5.04,900,0.4536,S,16230049,15533424,0,16:07:53.368
000931.SZ,10:01:53.890,100153890,16230052,5.04,700,0.3528,S,16230051,15533424,0,16:07:53.368
000931.SZ,10:01:53.890,100153890,16230054,5.04,400,0.2016,S,16230053,15533424,0,16:07:53.368
000931.SZ,10:01:53.890,100153890,16230055,5.04,100,0.0504,S,16230053,15541443,0,16:07:53.368
000931.SZ,10:01:53.890,100153890,16230056,5.04,100,0.0504,S,16230053,15544716,0,16:07:53.368
000931.SZ,10:01:53.890,100153890,16230057,5.04,1100,0.5544,S,16230053,15561146,0,16:07:53.368
000931.SZ,10:01:53.890,100153890,16230058,5.04,100,0.0504,S,16230053,15564168,0,16:07:53.368
000931.SZ,10:01:53.890,100153890,16230059,5.04,1000,0.504,S,16230053,15572334,0,16:07:53.368
000931.SZ,10:01:53.890,100153890,16230061,5.04,2300,1.1592,S,16230060,15572334,0,16:07:53.368
000931.SZ,10:01:53.890,100153890,16230063,5.04,700,0.3528,S,16230062,15572334,0,16:07:53.368
000931.SZ,10:01:53.890,100153890,16230064,5.04,1000,0.504,S,16230062,15746315,0,16:07:53.368
000931.SZ,10:01:53.890,100153890,16230065,5.04,100,0.0504,S,16230062,15779344,0,16:07:53.368
000931.SZ,10:01:53.890,100153890,16230066,5.04,100,0.0504,S,16230062,15796286,0,16:07:53.368
000931.SZ,10:01:53.890,100153890,16230067,5.04,1000,0.504,S,16230062,15911935,0,16:07:53.368
000931.SZ,10:01:53.890,100153890,16230068,5.04,1100,0.5544,S,16230062,15916633,0,16:07:53.368
000931.SZ,10:01:53.890,100153890,16230070,5.04,500,0.252,S,16230069,15916633,0,16:07:53.368
000931.SZ,10:01:53.890,100153890,16230072,5.04,2800,1.4112,S,16230071,15916633,0,16:07:53.368
000931.SZ,10:01:53.890,100153890,16230074,5.04,2300,1.1592,S,16230073,15916633,0,16:07:53.368
000931.SZ,10:01:53.890,100153890,16230076,5.04,700,0.3528,S,16230075,15916633,0,16:07:53.368
000931.SZ,10:01:53.890,100153890,16230078,5.04,1400,0.7056,S,16230077,15916633,0,16:07:53.368
000931.SZ,10:01:53.890,100153890,16230079,5.04,1500,0.756,S,16230077,15920055,0,16:07:53.368
000931.SZ,10:01:53.890,100153890,16230081,5.04,1900,0.9576,S,16230080,15920055,0,16:07:53.368
000931.SZ,10:01:53.890,100153890,16230083,5.04,1500,0.756,S,16230082,15920055,0,16:07:53.368
000931.SZ,10:01:53.890,100153890,16230084,5.04,600,0.3024,S,16230082,15942167,0,16:07:53.368
000931.SZ,10:01:53.890,100153890,16230086,5.04,1500,0.756,S,16230085,15942167,0,16:07:53.368
000931.SZ,10:01:53.890,100153890,16230090,5.04,400,0.2016,S,16230089,15942167,0,16:07:53.368
000931.SZ,10:01:53.890,100153890,16230092,5.04,2900,1.4616,S,16230091,15942167,0,16:07:53.368
000931.SZ,10:01:53.890,100153890,16230094,5.04,3600,1.8144,S,16230093,15942167,0,16:07:53.368
000931.SZ,10:01:53.890,100153890,16230096,5.04,900,0.4536,S,16230095,15942167,0,16:07:53.368
000931.SZ,10:01:53.890,100153890,16230097,5.04,100,0.0504,S,16230095,16021288,0,16:07:53.368
000931.SZ,10:01:53.890,100153890,16230098,5.04,100,0.0504,S,16230095,16100763,0,16:07:53.368
000931.SZ,10:01:53.890,100153890,16230099,5.04,500,0.252,S,16230095,16109096,0,16:07:53.368
000931.SZ,10:01:53.890,100153890,16230100,5.04,100,0.0504,S,16230095,16137999,0,16:07:53.368
000931.SZ,10:01:53.890,100153890,16230101,5.04,1100,0.5544,S,16230095,16138128,0,16:07:53.368
000931.SZ,10:01:53.890,100153890,16230103,5.04,500,0.252,S,16230102,16138128,0,16:07:53.368
000931.SZ,10:01:53.890,100153890,16230105,5.04,1400,0.7056,S,16230104,16138128,0,16:07:53.368
000931.SZ,10:01:53.890,100153890,16230106,5.04,200,0.1008,S,16230104,16140815,0,16:07:53.368
000931.SZ,10:01:53.890,100153890,16230107,5.04,100,0.0504,S,16230104,16186271,0,16:07:53.368
000931.SZ,10:01:53.890,100153890,16230108,5.04,200,0.1008,S,16230104,16187544,0,16:07:53.368
000931.SZ,10:01:53.890,100153890,16230109,5.04,200,0.1008,S,16230104,16189112,0,16:07:53.368
000931.SZ,10:01:53.890,100153890,16230110,5.04,100,0.0504,S,16230104,16189586,0,16:07:53.368
000931.SZ,10:01:53.890,100153890,16230111,5.04,100,0.0504,S,16230104,16195452,0,16:07:53.368
000931.SZ,10:01:53.890,100153890,16230112,5.04,400,0.2016,S,16230104,16214773,0,16:07:53.368
000931.SZ,10:01:53.900,100153900,16230166,5.03,100,0.0503,S,16230165,12341942,0,16:07:53.368
000931.SZ,10:01:53.900,100153900,16230168,5.03,100,0.0503,S,16230167,12341942,0,16:07:53.368
000931.SZ,10:01:53.900,100153900,16230172,5.03,200,0.1006,S,16230171,12555716,0,16:07:53.368
000931.SZ,10:01:53.900,100153900,16230174,5.03,300,0.1509,S,16230173,12580284,0,16:07:53.368
000931.SZ,10:01:53.900,100153900,16230186,0.0,100,0.0,?,16098236,0,0,16:07:53.368
000931.SZ,10:01:53.920,100153920,16230242,0.0,2800,0.0,?,16213398,0,0,16:07:53.368
000931.SZ,10:01:53.970,100153970,16230433,0.0,100,0.0,?,16057995,0,0,16:07:53.368
000931.SZ,10:01:54.050,100154050,16230781,0.0,100,0.0,?,15894804,0,0,16:07:53.368
000931.SZ,10:01:54.510,100154510,16233918,0.0,1000,0.0,?,14955823,0,0,16:07:53.478
000931.SZ,10:01:54.770,100154770,16235408,0.0,12700,0.0,?,0,15629943,0,16:07:53.478
000931.SZ,10:01:54.910,100154910,16236312,0.0,10700,0.0,?,16230149,0,0,16:07:53.478
000931.SZ,10:01:54.920,100154920,16236355,0.0,3100,0.0,?,16230145,0,0,16:07:53.478
000931.SZ,10:01:54.960,100154960,16236511,0.0,700,0.0,?,16188503,0,0,16:07:53.478
000931.SZ,10:01:55.000,100155000,16236749,0.0,6000,0.0,?,16230162,0,0,16:07:53.478
000931.SZ,10:01:55.320,100155320,16238467,5.03,200,0.1006,S,16238466,12744942,0,16:07:53.600
000931.SZ,10:01:55.320,100155320,16238468,5.03,100,0.0503,S,16238466,12809201,0,16:07:53.600
000931.SZ,10:01:56.140,100156140,16243372,0.0,100,0.0,?,16193471,0,0,16:07:53.600
000931.SZ,10:01:56.320,100156320,16244218,0.0,1200,0.0,?,16194107,0,0,16:07:53.600
000931.SZ,10:01:56.490,100156490,16245014,0.0,700,0.0,?,16182730,0,0,16:07:53.600
000931.SZ,10:01:56.520,100156520,16245073,5.03,500,0.2515,S,16245072,12809201,0,16:07:53.600
000931.SZ,10:01:56.590,100156590,16245418,5.03,300,0.1509,S,16245417,12809201,0,16:07:53.600
000931.SZ,10:01:56.720,100156720,16245914,0.0,300,0.0,?,16195624,0,0,16:07:53.692
000931.SZ,10:01:56.850,100156850,16246345,5.03,100,0.0503,S,16246344,12809201,0,16:07:53.692
000931.SZ,10:01:56.890,100156890,16246462,0.0,2400,0.0,?,16230116,0,0,16:07:53.692
000931.SZ,10:01:56.890,100156890,16246464,0.0,1400,0.0,?,16230121,0,0,16:07:53.692
000931.SZ,10:01:56.890,100156890,16246465,0.0,2600,0.0,?,16230118,0,0,16:07:53.692
000931.SZ,10:01:56.890,100156890,16246466,0.0,2900,0.0,?,16230123,0,0,16:07:53.692
000931.SZ,10:01:56.890,100156890,16246467,0.0,2400,0.0,?,16230115,0,0,16:07:53.692
000931.SZ,10:01:56.890,100156890,16246468,0.0,4500,0.0,?,16230128,0,0,16:07:53.692
000931.SZ,10:01:56.890,100156890,16246469,0.0,1400,0.0,?,16230124,0,0,16:07:53.692
000931.SZ,10:01:56.890,100156890,16246470,0.0,2700,0.0,?,16230122,0,0,16:07:53.692
000931.SZ,10:01:56.890,100156890,16246471,0.0,1600,0.0,?,16230113,0,0,16:07:53.692
000931.SZ,10:01:56.890,100156890,16246472,0.0,1400,0.0,?,16230114,0,0,16:07:53.692
000931.SZ,10:01:56.890,100156890,16246473,0.0,2100,0.0,?,16230125,0,0,16:07:53.692
000931.SZ,10:01:56.920,100156920,16246547,0.0,900,0.0,?,16230244,0,0,16:07:53.692
000931.SZ,10:01:56.980,100156980,16246759,0.0,1800,0.0,?,16230117,0,0,16:07:53.692
000931.SZ,10:01:56.980,100156980,16246760,0.0,300,0.0,?,16230104,0,0,16:07:53.692
000931.SZ,10:01:57.320,100157320,16248435,0.0,5300,0.0,?,16230177,0,0,16:07:53.692
000931.SZ,10:01:57.350,100157350,16248656,0.0,9600,0.0,?,16230178,0,0,16:07:53.692
000931.SZ,10:01:57.360,100157360,16248744,0.0,1900,0.0,?,16230120,0,0,16:07:53.692
000931.SZ,10:01:57.360,100157360,16248745,0.0,1700,0.0,?,16230119,0,0,16:07:53.692
000931.SZ,10:01:57.360,100157360,16248765,0.0,25400,0.0,?,16230195,0,0,16:07:53.692
000931.SZ,10:01:57.420,100157420,16249164,0.0,8500,0.0,?,16230308,0,0,16:07:53.692
000931.SZ,10:01:57.440,100157440,16249251,0.0,3900,0.0,?,16230539,0,0,16:07:53.692
000931.SZ,10:01:57.550,100157550,16250386,0.0,100,0.0,?,16186370,0,0,16:07:53.692
000931.SZ,10:01:57.630,100157630,16250798,5.03,100,0.0503,S,16250797,12809201,0,16:07:53.692
000931.SZ,10:01:57.660,100157660,16250945,5.03,100,0.0503,S,16250944,12809201,0,16:07:53.692
000931.SZ,10:01:58.130,100158130,16253510,0.0,400,0.0,?,16230212,0,0,16:07:53.849
000931.SZ,10:01:58.260,100158260,16254081,0.0,200,0.0,?,16188520,0,0,16:07:53.849
000931.SZ,10:01:58.660,100158660,16256689,0.0,12700,0.0,?,0,104910,0,16:07:53.849
000931.SZ,10:01:59.520,100159520,16261154,0.0,200,0.0,?,16194119,0,0,16:07:53.849
000931.SZ,10:01:59.630,100159630,16261800,0.0,3900,0.0,?,16230160,0,0,16:07:53.849
000931.SZ,10:01:59.840,100159840,16262838,0.0,300,0.0,?,16193441,0,0,16:07:53.849
000931.SZ,10:02:00.590,100200590,16267049,0.0,200,0.0,?,16182737,0,0,16:07:54.061
000931.SZ,10:02:00.850,100200850,16269085,5.03,100,0.0503,S,16269084,12809201,0,16:07:54.220
000931.SZ,10:02:01.660,100201660,16275227,0.0,300,0.0,?,16186361,0,0,16:07:54.220
000931.SZ,10:02:01.760,100201760,16275976,5.03,100,0.0503,S,16275975,12809201,0,16:07:54.375
000931.SZ,10:02:02.170,100202170,16278107,0.0,1000,0.0,?,0,15033371,0,16:07:54.375
000931.SZ,10:02:03.230,100203230,16283523,0.0,100,0.0,?,15943121,0,0,16:07:54.375
000931.SZ,10:02:03.230,100203230,16283524,0.0,100,0.0,?,15943114,0,0,16:07:54.375
000931.SZ,10:02:03.230,100203230,16283530,0.0,300,0.0,?,15943428,0,0,16:07:54.375
000931.SZ,10:02:03.270,100203270,16283736,0.0,100,0.0,?,15943601,0,0,16:07:54.375
000931.SZ,10:02:05.130,100205130,16293532,0.0,11100,0.0,?,0,15639561,0,16:07:54.691
000931.SZ,10:02:09.180,100209180,16311923,0.0,2200,0.0,?,15942413,0,0,16:07:55.060
000931.SZ,10:02:09.190,100209190,16311964,0.0,2300,0.0,?,15682976,0,0,16:07:55.060
000931.SZ,10:02:12.300,100212300,16325456,0.0,500,0.0,?,16198154,0,0,16:07:55.282
000931.SZ,10:02:19.170,100219170,16355471,0.0,12500,0.0,?,16230148,0,0,16:07:55.924
000931.SZ,10:02:21.610,100221610,16366406,5.04,3400,1.7136,B,16230143,16366405,0,16:07:56.184
000931.SZ,10:02:22.030,100222030,16368261,0.0,500,0.0,?,16230153,0,0,16:07:56.184
000931.SZ,10:02:24.250,100224250,16377071,5.04,300,0.1512,B,16230143,16377070,0,16:07:56.452
000931.SZ,10:02:24.250,100224250,16377073,5.04,200,0.1008,B,16230143,16377072,0,16:07:56.452
000931.SZ,10:02:24.700,100224700,16378832,0.0,600,0.0,?,16268048,0,0,16:07:56.452
000931.SZ,10:02:24.800,100224800,16379233,5.03,100,0.0503,S,16379232,12809201,0,16:07:56.452
000931.SZ,10:02:24.810,100224810,16379262,5.04,100,0.0504,B,16230143,16379261,0,16:07:56.452
000931.SZ,10:02:24.810,100224810,16379264,5.04,100,0.0504,B,16230143,16379263,0,16:07:56.452
000931.SZ,10:02:24.830,100224830,16379333,5.04,100,0.0504,B,16230143,16379332,0,16:07:56.452
000931.SZ,10:02:25.330,100225330,16381412,0.0,500,0.0,?,16230147,0,0,16:07:56.609
000931.SZ,10:02:25.630,100225630,16383347,0.0,600,0.0,?,16256496,0,0,16:07:56.609
000931.SZ,10:02:25.920,100225920,16384393,5.03,100,0.0503,S,16384392,12809201,0,16:07:56.609
000931.SZ,10:02:30.640,100230640,16406661,0.0,200,0.0,?,16267386,0,0,16:07:57.026
000931.SZ,10:02:31.740,100231740,16412108,5.03,100,0.0503,S,16412107,12809201,0,16:07:57.168
000931.SZ,10:02:38.380,100238380,16441423,0.0,12000,0.0,?,0,16232602,0,16:07:57.751
000931.SZ,10:02:41.030,100241030,16452665,0.0,5000,0.0,?,0,12102800,0,16:07:57.938
000931.SZ,10:02:43.000,100243000,16460816,0.0,1300,0.0,?,16212497,0,0,16:07:58.198
000931.SZ,10:02:48.420,100248420,16483336,5.04,100,0.0504,B,16230143,16483335,0,16:07:58.607
000931.SZ,10:02:52.870,100252870,16502453,5.03,1400,0.7042,S,16502452,12809201,0,16:07:58.983
000931.SZ,10:02:55.270,100255270,16513270,0.0,200,0.0,?,246171,0,0,16:07:59.198
000931.SZ,10:03:04.790,100304790,16557768,5.03,400,0.2012,S,16557767,12809201,0,16:08:00.290
000931.SZ,10:03:11.210,100311210,16585948,0.0,2200,0.0,?,16031935,0,0,16:08:00.825
000931.SZ,10:03:18.510,100318510,16614241,0.0,1900,0.0,?,16603259,0,0,16:08:01.514
000931.SZ,10:03:20.400,100320400,16621995,5.04,2000,1.008,B,16230143,16621994,0,16:08:01.655
000931.SZ,10:03:21.730,100321730,16627459,5.03,1500,0.7545,S,16627458,12809201,0,16:08:01.796
000931.SZ,10:03:21.730,100321730,16627460,5.03,500,0.2515,S,16627458,13064042,0,16:08:01.796
000931.SZ,10:03:21.730,100321730,16627461,5.03,200,0.1006,S,16627458,13113413,0,16:08:01.796
000931.SZ,10:03:21.730,100321730,16627462,5.03,3000,1.509,S,16627458,13412372,0,16:08:01.796
000931.SZ,10:03:21.730,100321730,16627463,5.03,2500,1.2575,S,16627458,13421481,0,16:08:01.796
000931.SZ,10:03:21.730,100321730,16627464,5.03,1300,0.6539,S,16627458,13635632,0,16:08:01.796
000931.SZ,10:03:22.840,100322840,16632444,0.0,1700,0.0,?,16624673,0,0,16:08:01.936
000931.SZ,10:03:23.730,100323730,16635617,0.0,900,0.0,?,16262383,0,0,16:08:01.936
000931.SZ,10:03:23.950,100323950,16636246,5.03,100,0.0503,S,16636245,13635632,0,16:08:01.936
000931.SZ,10:03:24.860,100324860,16640521,0.0,100,0.0,?,0,16366428,0,16:08:02.056
000931.SZ,10:03:24.870,100324870,16640547,5.03,600,0.3018,S,16640546,13635632,0,16:08:02.056
000931.SZ,10:03:24.870,100324870,16640548,5.03,100,0.0503,S,16640546,13743993,0,16:08:02.056
000931.SZ,10:03:24.870,100324870,16640549,5.03,100,0.0503,S,16640546,13843015,0,16:08:02.056
000931.SZ,10:03:25.840,100325840,16644353,5.03,1500,0.7545,S,16644352,13843015,0,16:08:02.182
000931.SZ,10:03:28.770,100328770,16657822,5.03,500,0.2515,S,16657821,13843015,0,16:08:02.418
000931.SZ,10:03:29.290,100329290,16659856,5.03,100,0.0503,S,16659855,13843015,0,16:08:02.418
000931.SZ,10:03:29.510,100329510,16660993,0.0,1200,0.0,?,15922321,0,0,16:08:02.544
000931.SZ,10:03:29.540,100329540,16661110,0.0,100,0.0,?,15922447,0,0,16:08:02.544
000931.SZ,10:03:29.540,100329540,16661112,0.0,100,0.0,?,15922439,0,0,16:08:02.544
000931.SZ,10:03:29.540,100329540,16661113,0.0,600,0.0,?,15922452,0,0,16:08:02.544
000931.SZ,10:03:29.540,100329540,16661123,0.0,400,0.0,?,15922442,0,0,16:08:02.544
000931.SZ,10:03:29.540,100329540,16661127,0.0,100,0.0,?,15922448,0,0,16:08:02.544
000931.SZ,10:03:29.600,100329600,16661332,0.0,300,0.0,?,15922854,0,0,16:08:02.544
000931.SZ,10:03:29.600,100329600,16661344,0.0,1000,0.0,?,15922835,0,0,16:08:02.544
000931.SZ,10:03:29.600,100329600,16661352,0.0,200,0.0,?,15922851,0,0,16:08:02.544
000931.SZ,10:03:29.600,100329600,16661353,0.0,1000,0.0,?,15922862,0,0,16:08:02.544
000931.SZ,10:03:29.600,100329600,16661375,0.0,1200,0.0,?,15922938,0,0,16:08:02.544
000931.SZ,10:03:29.600,100329600,16661376,0.0,1000,0.0,?,15922908,0,0,16:08:02.544
000931.SZ,10:03:29.610,100329610,16661422,0.0,100,0.0,?,15922805,0,0,16:08:02.544
000931.SZ,10:03:29.770,100329770,16661988,0.0,1000,0.0,?,15924076,0,0,16:08:02.544
000931.SZ,10:03:29.890,100329890,16662399,5.03,1000,0.503,S,16662398,13843015,0,16:08:02.544
000931.SZ,10:03:30.510,100330510,16666607,5.03,1200,0.6036,S,16666606,13843015,0,16:08:02.544
000931.SZ,10:03:30.560,100330560,16667048,5.03,100,0.0503,S,16667047,13843015,0,16:08:02.544
000931.SZ,10:03:30.560,100330560,16667080,5.03,100,0.0503,S,16667079,13843015,0,16:08:02.544
000931.SZ,10:03:30.560,100330560,16667091,5.03,400,0.2012,S,16667090,13843015,0,16:08:02.544
000931.SZ,10:03:30.560,100330560,16667097,5.03,100,0.0503,S,16667096,13843015,0,16:08:02.544
000931.SZ,10:03:30.560,100330560,16667119,5.03,600,0.3018,S,16667118,13843015,0,16:08:02.544
000931.SZ,10:03:30.600,100330600,16667278,5.03,100,0.0503,S,16667277,13843015,0,16:08:02.544
000931.SZ,10:03:30.600,100330600,16667280,5.03,200,0.1006,S,16667279,13843015,0,16:08:02.544
000931.SZ,10:03:30.600,100330600,16667282,5.03,1000,0.503,S,16667281,13843015,0,16:08:02.544
000931.SZ,10:03:30.600,100330600,16667290,5.03,200,0.1006,S,16667289,13986793,0,16:08:02.544
000931.SZ,10:03:30.600,100330600,16667291,5.03,100,0.0503,S,16667289,14127728,0,16:08:02.544
000931.SZ,10:03:30.600,100330600,16667295,5.03,200,0.1006,S,16667294,14263875,0,16:08:02.544
000931.SZ,10:03:30.600,100330600,16667296,5.03,800,0.4024,S,16667294,14394711,0,16:08:02.544
000931.SZ,10:03:30.600,100330600,16667315,5.03,100,0.0503,S,16667314,14394711,0,16:08:02.544
000931.SZ,10:03:30.600,100330600,16667319,5.03,1000,0.503,S,16667318,14394711,0,16:08:02.544
000931.SZ,10:03:30.600,100330600,16667320,0.0,800,0.0,?,16561473,0,0,16:08:02.544
000931.SZ,10:03:30.600,100330600,16667322,5.03,600,0.3018,S,16667321,14394711,0,16:08:02.544
000931.SZ,10:03:30.600,100330600,16667323,5.03,600,0.3018,S,16667321,14490820,0,16:08:02.544
000931.SZ,10:03:30.770,100330770,16668505,5.03,500,0.2515,S,16668504,14598406,0,16:08:02.716
000931.SZ,10:03:30.770,100330770,16668506,5.03,500,0.2515,S,16668504,14790104,0,16:08:02.716
000931.SZ,10:03:31.080,100331080,16670516,0.0,1000,0.0,?,12783425,0,0,16:08:02.716
000931.SZ,10:03:31.540,100331540,16673941,5.03,1700,0.8551,S,16673940,14790104,0,16:08:02.716
000931.SZ,10:03:31.540,100331540,16673942,5.03,500,0.2515,S,16673940,14919164,0,16:08:02.716
000931.SZ,10:03:31.540,100331540,16673943,5.03,600,0.3018,S,16673940,14999679,0,16:08:02.716
000931.SZ,10:03:31.570,100331570,16674313,5.03,400,0.2012,S,16674312,14999679,0,16:08:02.716
000931.SZ,10:03:31.570,100331570,16674314,5.03,500,0.2515,S,16674312,15073683,0,16:08:02.716
000931.SZ,10:03:32.660,100332660,16680584,5.03,500,0.2515,S,16680583,15309427,0,16:08:02.889
000931.SZ,10:03:32.660,100332660,16680585,5.03,500,0.2515,S,16680583,15333802,0,16:08:02.889
000931.SZ,10:03:32.890,100332890,16681363,5.03,2000,1.006,S,16681362,15333802,0,16:08:02.889
000931.SZ,10:03:33.190,100333190,16682894,5.03,500,0.2515,S,16682893,15333802,0,16:08:02.889
000931.SZ,10:03:33.190,100333190,16682895,5.03,1700,0.8551,S,16682893,15383725,0,16:08:02.889
000931.SZ,10:03:33.190,100333190,16682897,5.03,800,0.4024,S,16682896,15383725,0,16:08:02.889
000931.SZ,10:03:33.190,100333190,16682898,5.03,1100,0.5533,S,16682896,15413356,0,16:08:02.889
000931.SZ,10:03:33.200,100333200,16682966,5.03,7200,3.6216,S,16682965,15413356,0,16:08:02.889
000931.SZ,10:03:33.200,100333200,16682967,5.03,10000,5.03,S,16682965,15571518,0,16:08:02.889
000931.SZ,10:03:33.200,100333200,16682968,5.03,500,0.2515,S,16682965,15618283,0,16:08:02.889
000931.SZ,10:03:33.200,100333200,16682969,5.03,8600,4.3258,S,16682965,15709414,0,16:08:02.889
000931.SZ,10:03:33.200,100333200,16682970,5.03,1000,0.503,S,16682965,15975444,0,16:08:02.889
000931.SZ,10:03:33.200,100333200,16682971,5.03,1000,0.503,S,16682965,16141380,0,16:08:02.889
000931.SZ,10:03:33.200,100333200,16682972,5.03,100,0.0503,S,16682965,16233866,0,16:08:02.889
000931.SZ,10:03:33.200,100333200,16682973,5.03,100,0.0503,S,16682965,16248372,0,16:08:02.889
000931.SZ,10:03:33.200,100333200,16682974,5.03,500,0.2515,S,16682965,16330862,0,16:08:02.889
000931.SZ,10:03:33.200,100333200,16682975,5.03,2500,1.2575,S,16682965,16336398,0,16:08:02.889
000931.SZ,10:03:33.200,100333200,16682976,5.03,12700,6.3881,S,16682965,16355380,0,16:08:02.889
000931.SZ,10:03:33.200,100333200,16682977,5.03,100,0.0503,S,16682965,16375628,0,16:08:02.889
000931.SZ,10:03:33.200,100333200,16682978,5.03,100,0.0503,S,16682965,16384409,0,16:08:02.889
000931.SZ,10:03:33.200,100333200,16682979,5.03,500,0.2515,S,16682965,16387912,0,16:08:02.889
000931.SZ,10:03:33.200,100333200,16682980,5.03,200,0.1006,S,16682965,16390118,0,16:08:02.889
000931.SZ,10:03:33.200,100333200,16682981,5.03,200,0.1006,S,16682965,16392417,0,16:08:02.889
000931.SZ,10:03:33.200,100333200,16682982,5.03,400,0.2012,S,16682965,16453070,0,16:08:02.889
000931.SZ,10:03:33.200,100333200,16682983,5.03,100,0.0503,S,16682965,16511572,0,16:08:02.889
000931.SZ,10:03:33.200,100333200,16682984,5.03,100,0.0503,S,16682965,16635831,0,16:08:02.889
000931.SZ,10:03:33.200,100333200,16682985,5.03,200,0.1006,S,16682965,16640515,0,16:08:02.889
000931.SZ,10:03:33.200,100333200,16682986,5.03,400,0.2012,S,16682965,16647234,0,16:08:02.889
000931.SZ,10:03:33.200,100333200,16682987,5.03,200,0.1006,S,16682965,16649523,0,16:08:02.889
000931.SZ,10:03:33.200,100333200,16682988,5.03,100,0.0503,S,16682965,16652421,0,16:08:02.889
000931.SZ,10:03:33.200,100333200,16682989,5.03,500,0.2515,S,16682965,16658423,0,16:08:02.889
000931.SZ,10:03:33.200,100333200,16682990,5.03,100,0.0503,S,16682965,16658770,0,16:08:02.889
000931.SZ,10:03:33.200,100333200,16682991,5.03,2100,1.0563,S,16682965,16667436,0,16:08:02.889
000931.SZ,10:03:33.200,100333200,16682992,5.03,400,0.2012,S,16682965,16681745,0,16:08:02.889
000931.SZ,10:03:33.200,100333200,16683041,0.0,6000,0.0,?,16230146,0,0,16:08:02.889
000931.SZ,10:03:33.210,100333210,16683095,0.0,100,0.0,?,16230247,0,0,16:08:02.889
000931.SZ,10:03:33.210,100333210,16683129,0.0,3200,0.0,?,16649619,0,0,16:08:02.889
000931.SZ,10:03:33.770,100333770,16686062,0.0,13300,0.0,?,0,15236210,0,16:08:02.889
000931.SZ,10:03:33.850,100333850,16686337,0.0,3900,0.0,?,16256978,0,0,16:08:03.070
000931.SZ,10:03:33.850,100333850,16686341,0.0,200,0.0,?,16249308,0,0,16:08:03.070
000931.SZ,10:03:34.030,100334030,16687403,0.0,600,0.0,?,16320383,0,0,16:08:03.070
000931.SZ,10:03:34.300,100334300,16689430,0.0,3000,0.0,?,16667306,0,0,16:08:03.070
000931.SZ,10:03:34.300,100334300,16689431,0.0,1800,0.0,?,16666615,0,0,16:08:03.070
000931.SZ,10:03:34.900,100334900,16692913,0.0,500,0.0,?,16398420,0,0,16:08:03.070
000931.SZ,10:03:35.250,100335250,16695122,5.02,100,0.0502,S,16695121,4261629,0,16:08:03.070
000931.SZ,10:03:35.930,100335930,16698126,0.0,800,0.0,?,16648274,0,0,16:08:03.212
000931.SZ,10:03:35.970,100335970,16698237,5.03,1900,0.9557,B,16683017,16698236,0,16:08:03.212
000931.SZ,10:03:35.970,100335970,16698238,5.03,100,0.0503,B,16683038,16698236,0,16:08:03.212
000931.SZ,10:03:36.080,100336080,16698807,5.03,200,0.1006,B,16683038,16698806,0,16:08:03.212
000931.SZ,10:03:36.140,100336140,16699058,5.02,200,0.1004,S,16699057,4261629,0,16:08:03.212
000931.SZ,10:03:36.320,100336320,16700058,0.0,500,0.0,?,16337221,0,0,16:08:03.212
000931.SZ,10:03:36.320,100336320,16700061,5.03,300,0.1509,B,16683038,16700060,0,16:08:03.212
000931.SZ,10:03:36.390,100336390,16700624,0.0,1100,0.0,?,16632441,0,0,16:08:03.212
000931.SZ,10:03:36.390,100336390,16700633,0.0,2600,0.0,?,16232860,0,0,16:08:03.212
000931.SZ,10:03:36.810,100336810,16702617,0.0,500,0.0,?,16398013,0,0,16:08:03.212
000931.SZ,10:03:36.850,100336850,16702867,0.0,200,0.0,?,16286929,0,0,16:08:03.212
000931.SZ,10:03:36.910,100336910,16703203,5.02,400,0.2008,S,16703202,4261629,0,16:08:03.324
000931.SZ,10:03:37.740,100337740,16707845,0.0,100,0.0,?,16426059,0,0,16:08:03.418
000931.SZ,10:03:37.770,100337770,16707959,0.0,200,0.0,?,16296034,0,0,16:08:03.418
000931.SZ,10:03:37.860,100337860,16708284,5.02,100,0.0502,S,16708283,4261629,0,16:08:03.418
000931.SZ,10:03:37.870,100337870,16708305,5.02,100,0.0502,S,16708304,4261629,0,16:08:03.418
000931.SZ,10:03:38.230,100338230,16709843,5.02,100,0.0502,S,16709842,4261629,0,16:08:03.418
000931.SZ,10:03:38.230,100338230,16709844,5.02,200,0.1004,S,16709842,9050347,0,16:08:03.418
000931.SZ,10:03:39.110,100339110,16713215,0.0,2200,0.0,?,16314253,0,0,16:08:03.560
000931.SZ,10:03:39.120,100339120,16713254,0.0,2200,0.0,?,15942385,0,0,16:08:03.560
000931.SZ,10:03:39.140,100339140,16713348,5.02,500,0.251,S,16713347,9486743,0,16:08:03.560
000931.SZ,10:03:39.190,100339190,16713620,0.0,100,0.0,?,16283535,0,0,16:08:03.560
000931.SZ,10:03:39.190,100339190,16713626,0.0,100,0.0,?,16283534,0,0,16:08:03.560
000931.SZ,10:03:39.210,100339210,16713745,0.0,300,0.0,?,16283689,0,0,16:08:03.560
000931.SZ,10:03:39.220,100339220,16713753,0.0,100,0.0,?,16283817,0,0,16:08:03.560
000931.SZ,10:03:39.650,100339650,16715738,5.02,100,0.0502,S,16715737,9486743,0,16:08:03.560
000931.SZ,10:03:41.600,100341600,16725417,5.03,100,0.0503,B,16683038,16725416,0,16:08:03.685
000931.SZ,10:03:41.630,100341630,16725626,5.03,300,0.1509,B,16683038,16725625,0,16:08:03.685
000931.SZ,10:03:58.210,100358210,16795068,5.03,800,0.4024,B,16683038,16795067,0,16:08:05.117
000931.SZ,10:03:58.620,100358620,16796650,5.03,100,0.0503,B,16683038,16796649,0,16:08:05.274
000931.SZ,10:04:03.590,100403590,16818954,5.03,300,0.1509,B,16683038,16818953,0,16:08:05.792
000931.SZ,10:04:04.320,100404320,16822879,5.03,100,0.0503,B,16683038,16822878,0,16:08:05.965
000931.SZ,10:04:06.620,100406620,16833854,5.03,1100,0.5533,B,16683038,16833853,0,16:08:06.132
000931.SZ,10:04:06.620,100406620,16833855,5.03,300,0.1509,B,16683101,16833853,0,16:08:06.132
000931.SZ,10:04:06.620,100406620,16833856,5.03,400,0.2012,B,16683107,16833853,0,16:08:06.132
000931.SZ,10:04:09.260,100409260,16846005,5.03,100,0.0503,B,16683107,16846004,0,16:08:06.320
000931.SZ,10:04:09.260,100409260,16846006,5.03,100,0.0503,B,16683116,16846004,0,16:08:06.320
000931.SZ,10:04:09.260,100409260,16846011,5.03,100,0.0503,B,16683116,16846010,0,16:08:06.320
000931.SZ,10:04:09.260,100409260,16846012,5.03,100,0.0503,B,16686096,16846010,0,16:08:06.320
000931.SZ,10:04:09.260,100409260,16846013,5.03,100,0.0503,B,16686097,16846010,0,16:08:06.320
000931.SZ,10:04:15.200,100415200,16870626,5.03,100,0.0503,B,16686104,16870625,0,16:08:06.776
000931.SZ,10:04:15.200,100415200,16870627,5.03,100,0.0503,B,16686112,16870625,0,16:08:06.776
000931.SZ,10:04:15.210,100415210,16870710,5.03,200,0.1006,B,16686882,16870709,0,16:08:06.776
000931.SZ,10:04:15.210,100415210,16870711,5.03,600,0.3018,B,16686895,16870709,0,16:08:06.776
000931.SZ,10:04:15.460,100415460,16871888,5.03,2000,1.006,B,16686895,16871887,0,16:08:06.932
000931.SZ,10:04:15.850,100415850,16873443,5.03,100,0.0503,B,16686895,16873442,0,16:08:06.932
000931.SZ,10:04:18.220,100418220,16883537,5.03,400,0.2012,B,16686895,16883536,0,16:08:07.042
000931.SZ,10:04:19.860,100419860,16890997,0.0,100,0.0,?,16722350,0,0,16:08:07.194
000931.SZ,10:04:20.860,100420860,16894592,5.02,100,0.0502,S,16894591,9486743,0,16:08:07.288
000931.SZ,10:04:20.870,100420870,16894607,5.03,300,0.1509,B,16686895,16894606,0,16:08:07.288
000931.SZ,10:04:21.330,100421330,16896631,5.03,500,0.2515,B,16686895,16896630,0,16:08:07.288
000931.SZ,10:04:21.610,100421610,16898252,5.03,1500,0.7545,B,16688136,16898251,0,16:08:07.414
000931.SZ,10:04:21.610,100421610,16898253,5.03,400,0.2012,B,16690252,16898251,0,16:08:07.414
000931.SZ,10:04:21.630,100421630,16898383,5.02,200,0.1004,S,16898382,9486743,0,16:08:07.414
000931.SZ,10:04:21.870,100421870,16899708,0.0,100,0.0,?,16726958,0,0,16:08:07.414
000931.SZ,10:04:21.980,100421980,16900056,5.02,100,0.0502,S,16900055,9486743,0,16:08:07.414
000931.SZ,10:04:22.040,100422040,16900286,0.0,100,0.0,?,0,16713616,0,16:08:07.414
000931.SZ,10:04:24.280,100424280,16910009,5.03,100,0.0503,B,16690252,16910008,0,16:08:07.555
000931.SZ,10:04:29.660,100429660,16932236,5.03,600,0.3018,B,16690252,16932235,0,16:08:08.041
000931.SZ,10:04:29.660,100429660,16932237,5.03,3600,1.8108,B,16700570,16932235,0,16:08:08.041
000931.SZ,10:04:29.660,100429660,16932238,5.03,400,0.2012,B,16710874,16932235,0,16:08:08.041
000931.SZ,10:04:29.660,100429660,16932239,5.03,1000,0.503,B,16713615,16932235,0,16:08:08.041
000931.SZ,10:04:29.660,100429660,16932240,5.03,100,0.0503,B,16713642,16932235,0,16:08:08.041
000931.SZ,10:04:29.660,100429660,16932241,5.03,100,0.0503,B,16713645,16932235,0,16:08:08.041
000931.SZ,10:04:29.660,100429660,16932242,5.03,100,0.0503,B,16713845,16932235,0,16:08:08.041
000931.SZ,10:04:29.660,100429660,16932243,5.03,300,0.1509,B,16713880,16932235,0,16:08:08.041
000931.SZ,10:04:29.660,100429660,16932244,5.03,2200,1.1066,B,16714235,16932235,0,16:08:08.041
000931.SZ,10:04:29.660,100429660,16932245,5.03,100,0.0503,B,16723719,16932235,0,16:08:08.041
000931.SZ,10:04:29.660,100429660,16932246,5.03,100,0.0503,B,16728051,16932235,0,16:08:08.041
000931.SZ,10:04:29.660,100429660,16932247,5.03,100,0.0503,B,16732069,16932235,0,16:08:08.041
000931.SZ,10:04:29.660,100429660,16932248,5.03,1300,0.6539,B,16732277,16932235,0,16:08:08.041
000931.SZ,10:04:29.670,100429670,16932268,5.03,700,0.3521,B,16732277,16932267,0,16:08:08.041
000931.SZ,10:04:29.670,100429670,16932270,5.03,100,0.0503,B,16741821,16932269,0,16:08:08.041
000931.SZ,10:04:29.670,100429670,16932275,5.03,300,0.1509,B,16743857,16932274,0,16:08:08.041
000931.SZ,10:04:30.310,100430310,16934570,5.03,300,0.1509,B,16743857,16934569,0,16:08:08.041
000931.SZ,10:04:30.310,100430310,16934579,5.03,400,0.2012,B,16743857,16934578,0,16:08:08.041
000931.SZ,10:04:30.310,100430310,16934586,5.03,300,0.1509,B,16743904,16934585,0,16:08:08.041
000931.SZ,10:04:30.310,100430310,16934597,5.03,200,0.1006,B,16743904,16934596,0,16:08:08.041
000931.SZ,10:04:30.310,100430310,16934649,5.03,600,0.3018,B,16743904,16934648,0,16:08:08.041
000931.SZ,10:04:30.310,100430310,16934650,5.03,600,0.3018,B,16745304,16934648,0,16:08:08.041
000931.SZ,10:04:30.340,100430340,16934848,5.03,100,0.0503,B,16745304,16934847,0,16:08:08.041
000931.SZ,10:04:30.340,100430340,16934850,5.03,200,0.1006,B,16745304,16934849,0,16:08:08.041
000931.SZ,10:04:30.340,100430340,16934852,5.03,100,0.0503,B,16745304,16934851,0,16:08:08.041
000931.SZ,10:04:30.340,100430340,16934853,5.03,100,0.0503,B,16749960,16934851,0,16:08:08.041
000931.SZ,10:04:30.440,100430440,16935243,0.0,100,0.0,?,0,16765626,0,16:08:08.041
000931.SZ,10:04:31.120,100431120,16938176,5.03,200,0.1006,B,16749960,16938175,0,16:08:08.177
000931.SZ,10:04:31.130,100431130,16938183,5.03,100,0.0503,B,16749960,16938182,0,16:08:08.177
000931.SZ,10:04:31.130,100431130,16938185,5.03,100,0.0503,B,16749960,16938184,0,16:08:08.177
000931.SZ,10:04:31.370,100431370,16939212,0.0,1300,0.0,?,16934089,0,0,16:08:08.177
000931.SZ,10:04:31.480,100431480,16940032,0.0,100,0.0,?,0,16928578,0,16:08:08.177
000931.SZ,10:04:31.680,100431680,16940975,5.03,100,0.0503,B,16749960,16940974,0,16:08:08.177
000931.SZ,10:04:32.040,100432040,16942482,5.03,100,0.0503,B,16749960,16942481,0,16:08:08.304
000931.SZ,10:04:32.500,100432500,16944498,5.03,400,0.2012,B,16749960,16944497,0,16:08:08.304
000931.SZ,10:04:32.500,100432500,16944499,5.03,100,0.0503,B,16765614,16944497,0,16:08:08.304
000931.SZ,10:04:32.500,100432500,16944500,5.03,800,0.4024,B,16794118,16944497,0,16:08:08.304
000931.SZ,10:04:32.500,100432500,16944501,5.03,300,0.1509,B,16816695,16944497,0,16:08:08.304
000931.SZ,10:04:32.500,100432500,16944502,5.03,100,0.0503,B,16816696,16944497,0,16:08:08.304
000931.SZ,10:04:32.500,100432500,16944503,5.03,1000,0.503,B,16885122,16944497,0,16:08:08.304
000931.SZ,10:04:32.500,100432500,16944513,5.03,500,0.2515,B,16934955,16944512,0,16:08:08.304
000931.SZ,10:04:32.500,100432500,16944516,5.03,300,0.1509,B,16934955,16944515,0,16:08:08.304
000931.SZ,10:04:32.500,100432500,16944521,0.0,100,0.0,?,0,16752075,0,16:08:08.304
000931.SZ,10:04:32.670,100432670,16945066,0.0,300,0.0,?,15942912,0,0,16:08:08.304
000931.SZ,10:04:32.720,100432720,16945267,5.03,100,0.0503,B,16934955,16945266,0,16:08:08.304
000931.SZ,10:04:32.840,100432840,16945654,5.03,300,0.1509,B,16934955,16945653,0,16:08:08.304
000931.SZ,10:04:33.070,100433070,16946472,5.03,400,0.2012,B,16942982,16946471,0,16:08:08.304
000931.SZ,10:04:33.250,100433250,16947248,0.0,100,0.0,?,0,16883532,0,16:08:08.304
000931.SZ,10:04:33.250,100433250,16947250,5.03,100,0.0503,S,16947249,16946490,0,16:08:08.304
000931.SZ,10:04:33.250,100433250,16947251,5.03,100,0.0503,S,16947249,16946491,0,16:08:08.304
000931.SZ,10:04:33.250,100433250,16947252,5.03,100,0.0503,S,16947249,16946492,0,16:08:08.304
000931.SZ,10:04:33.250,100433250,16947253,5.03,200,0.1006,S,16947249,16946493,0,16:08:08.304
000931.SZ,10:04:33.250,100433250,16947254,5.03,100,0.0503,S,16947249,16946494,0,16:08:08.304
000931.SZ,10:04:33.250,100433250,16947255,5.03,100,0.0503,S,16947249,16946497,0,16:08:08.304
000931.SZ,10:04:33.250,100433250,16947256,5.03,100,0.0503,S,16947249,16946498,0,16:08:08.304
000931.SZ,10:04:33.250,100433250,16947257,5.03,100,0.0503,S,16947249,16946499,0,16:08:08.304
000931.SZ,10:04:33.530,100433530,16948691,5.03,100,0.0503,S,16948690,16946500,0,16:08:08.304
000931.SZ,10:04:33.530,100433530,16948692,5.03,100,0.0503,S,16948690,16946501,0,16:08:08.304
000931.SZ,10:04:33.530,100433530,16948693,5.03,100,0.0503,S,16948690,16946502,0,16:08:08.304
000931.SZ,10:04:33.530,100433530,16948694,5.03,100,0.0503,S,16948690,16946503,0,16:08:08.304
000931.SZ,10:04:33.530,100433530,16948695,5.03,100,0.0503,S,16948690,16946504,0,16:08:08.304
000931.SZ,10:04:33.530,100433530,16948696,5.03,100,0.0503,S,16948690,16946505,0,16:08:08.304
000931.SZ,10:04:33.530,100433530,16948697,5.03,200,0.1006,S,16948690,16946506,0,16:08:08.304
000931.SZ,10:04:33.530,100433530,16948698,5.03,100,0.0503,S,16948690,16946507,0,16:08:08.304
000931.SZ,10:04:33.530,100433530,16948699,5.03,100,0.0503,S,16948690,16946508,0,16:08:08.304
000931.SZ,10:04:33.660,100433660,16949563,5.04,100,0.0504,B,16230143,16949562,0,16:08:08.492
000931.SZ,10:04:33.850,100433850,16950218,5.03,100,0.0503,S,16950217,16946509,0,16:08:08.492
000931.SZ,10:04:35.550,100435550,16958477,0.0,400,0.0,?,0,16679905,0,16:08:08.492
000931.SZ,10:04:35.560,100435560,16958509,5.03,100,0.0503,S,16958508,16946510,0,16:08:08.665
000931.SZ,10:04:35.750,100435750,16959282,5.04,400,0.2016,B,16230143,16959281,0,16:08:08.665
000931.SZ,10:04:36.320,100436320,16961578,0.0,3900,0.0,?,16275912,0,0,16:08:08.665
000931.SZ,10:04:38.130,100438130,16970085,0.0,10000,0.0,?,0,12370338,0,16:08:08.789
000931.SZ,10:04:39.260,100439260,16974626,0.0,100,0.0,?,15992410,0,0,16:08:08.932
000931.SZ,10:04:39.280,100439280,16974689,0.0,300,0.0,?,0,16846020,0,16:08:08.932
000931.SZ,10:04:39.460,100439460,16975485,5.03,100,0.0503,S,16975484,16946512,0,16:08:08.932
000931.SZ,10:04:39.690,100439690,16976434,0.0,100,0.0,?,0,16712400,0,16:08:08.932
000931.SZ,10:04:39.890,100439890,16977222,5.04,100,0.0504,B,16230143,16977221,0,16:08:08.932
000931.SZ,10:04:39.990,100439990,16977766,0.0,100,0.0,?,0,16949272,0,16:08:08.932
000931.SZ,10:04:40.190,100440190,16978778,5.04,100,0.0504,B,16230143,16978777,0,16:08:08.932
000931.SZ,10:04:43.190,100443190,16992907,0.0,3100,0.0,?,16948711,0,0,16:08:09.208
000931.SZ,10:04:45.310,100445310,17002379,0.0,100,0.0,?,0,16935646,0,16:08:09.443
000931.SZ,10:04:57.190,100457190,17055354,0.0,600,0.0,?,0,16921664,0,16:08:10.573
000931.SZ,10:05:00.230,100500230,17066883,0.0,800,0.0,?,0,16934571,0,16:08:10.745
000931.SZ,10:05:00.230,100500230,17066884,0.0,100,0.0,?,0,16934573,0,16:08:10.745
000931.SZ,10:05:14.170,100514170,17126868,0.0,100,0.0,?,15746398,0,0,16:08:12.164
000931.SZ,10:05:42.950,100542950,17246006,0.0,1600,0.0,?,16729329,0,0,16:08:14.491
000931.SZ,10:05:49.060,100549060,17269935,5.03,200,0.1006,S,17269934,16946521,0,16:08:15.118
000931.SZ,10:05:49.060,100549060,17269936,5.03,100,0.0503,S,17269934,16946522,0,16:08:15.118
000931.SZ,10:05:49.060,100549060,17269937,5.03,100,0.0503,S,17269934,16946561,0,16:08:15.118
000931.SZ,10:05:49.060,100549060,17269938,5.03,100,0.0503,S,17269934,16946573,0,16:08:15.118
000931.SZ,10:05:49.060,100549060,17269939,5.03,100,0.0503,S,17269934,16946581,0,16:08:15.118
000931.SZ,10:05:49.060,100549060,17269940,5.03,100,0.0503,S,17269934,16946635,0,16:08:15.118
000931.SZ,10:05:49.060,100549060,17269941,5.03,300,0.1509,S,17269934,16947938,0,16:08:15.118
000931.SZ,10:05:49.060,100549060,17269942,5.03,200,0.1006,S,17269934,16948710,0,16:08:15.118
000931.SZ,10:05:49.060,100549060,17269943,5.03,100,0.0503,S,17269934,16948712,0,16:08:15.118
000931.SZ,10:05:49.060,100549060,17269947,0.0,1400,0.0,?,17261200,0,0,16:08:15.118
000931.SZ,10:05:53.380,100553380,17287799,0.0,1200,0.0,?,17280719,0,0,16:08:15.489
000931.SZ,10:05:55.730,100555730,17297805,5.04,300,0.1512,B,16230143,17297804,0,16:08:15.615
000931.SZ,10:05:58.290,100558290,17307885,0.0,700,0.0,?,15961194,0,0,16:08:15.866
000931.SZ,10:06:05.860,100605860,17339294,0.0,10000,0.0,?,760880,0,0,16:08:16.678
000931.SZ,10:06:10.060,100610060,17359488,5.04,1000,0.504,B,16230143,17359487,0,16:08:17.025
000931.SZ,10:06:10.130,100610130,17359804,0.0,100,0.0,?,17118232,0,0,16:08:17.025
000931.SZ,10:06:10.140,100610140,17359844,5.04,100,0.0504,B,16230143,17359843,0,16:08:17.025
000931.SZ,10:06:12.190,100612190,17368809,5.04,200,0.1008,B,16230143,17368808,0,16:08:17.180
000931.SZ,10:06:12.860,100612860,17371184,5.04,100,0.0504,B,16230143,17371183,0,16:08:17.323
000931.SZ,10:06:13.470,100613470,17373731,5.04,100,0.0504,B,16230143,17373730,0,16:08:17.323
000931.SZ,10:06:13.470,100613470,17373732,5.04,600,0.3024,B,16230144,17373730,0,16:08:17.323
000931.SZ,10:06:13.470,100613470,17373734,5.04,1200,0.6048,B,16230144,17373733,0,16:08:17.323
000931.SZ,10:06:13.470,100613470,17373743,0.0,3100,0.0,?,17359499,0,0,16:08:17.323
000931.SZ,10:06:13.470,100613470,17373745,0.0,6600,0.0,?,16230144,0,0,16:08:17.323
000931.SZ,10:06:13.640,100613640,17374736,5.04,200,0.1008,B,16230183,17374735,0,16:08:17.323
000931.SZ,10:06:13.640,100613640,17374737,5.04,300,0.1512,B,16230189,17374735,0,16:08:17.323
000931.SZ,10:06:13.640,100613640,17374738,5.04,100,0.0504,B,16233490,17374735,0,16:08:17.323
000931.SZ,10:06:13.640,100613640,17374739,5.04,100,0.0504,B,16233626,17374735,0,16:08:17.323
000931.SZ,10:06:13.640,100613640,17374740,5.04,100,0.0504,B,16233701,17374735,0,16:08:17.323
000931.SZ,10:06:13.640,100613640,17374741,5.04,300,0.1512,B,16237283,17374735,0,16:08:17.323
000931.SZ,10:06:13.710,100613710,17375098,5.04,100,0.0504,B,16237283,17375097,0,16:08:17.432
000931.SZ,10:06:13.710,100613710,17375100,5.04,100,0.0504,B,16237283,17375099,0,16:08:17.432
000931.SZ,10:06:13.900,100613900,17375803,5.04,100,0.0504,B,16237283,17375802,0,16:08:17.432
000931.SZ,10:06:14.540,100614540,17378008,5.04,100,0.0504,B,16237283,17378007,0,16:08:17.432
000931.SZ,10:06:15.290,100615290,17380758,5.04,100,0.0504,B,16237283,17380757,0,16:08:17.605
000931.SZ,10:06:15.320,100615320,17380897,5.04,200,0.1008,B,16237283,17380896,0,16:08:17.605
000931.SZ,10:06:15.320,100615320,17380898,5.04,100,0.0504,B,16242662,17380896,0,16:08:17.605
000931.SZ,10:06:16.670,100616670,17387320,5.04,100,0.0504,B,16242662,17387319,0,16:08:17.605
000931.SZ,10:06:20.920,100620920,17406297,0.0,100,0.0,?,16722537,0,0,16:08:18.037
000931.SZ,10:06:21.020,100621020,17406627,5.03,100,0.0503,S,17406626,16965333,0,16:08:18.037
000931.SZ,10:06:22.920,100622920,17415376,0.0,580,0.0,?,293113,0,0,16:08:18.252
000931.SZ,10:06:30.710,100630710,17443714,5.03,100,0.0503,S,17443713,16977078,0,16:08:18.520
000931.SZ,10:06:30.710,100630710,17443715,5.03,100,0.0503,S,17443713,16977801,0,16:08:18.520
000931.SZ,10:06:30.710,100630710,17443716,5.03,100,0.0503,S,17443713,16983496,0,16:08:18.520
000931.SZ,10:06:31.380,100631380,17446302,0.0,1000,0.0,?,0,16823481,0,16:08:18.520
000931.SZ,10:06:34.690,100634690,17458437,5.03,200,0.1006,S,17458436,16983496,0,16:08:18.773
000931.SZ,10:06:34.690,100634690,17458438,5.03,200,0.1006,S,17458436,16988771,0,16:08:18.773
000931.SZ,10:06:37.950,100637950,17469117,0.0,100,0.0,?,16393296,0,0,16:08:19.002
000931.SZ,10:06:46.160,100646160,17495837,5.03,580,0.2917,S,17495836,16988771,0,16:08:19.617
000931.SZ,10:06:47.340,100647340,17500324,0.0,100,0.0,?,16194171,0,0,16:08:19.822
000931.SZ,10:06:50.020,100650020,17510986,0.0,3000,0.0,?,17382907,0,0,16:08:19.988
000931.SZ,10:06:51.230,100651230,17515344,0.0,200,0.0,?,0,17407398,0,16:08:20.080
000931.SZ,10:06:51.550,100651550,17516618,0.0,100,0.0,?,16214817,0,0,16:08:20.222
000931.SZ,10:06:51.550,100651550,17516619,0.0,100,0.0,?,16214816,0,0,16:08:20.222
000931.SZ,10:07:01.610,100701610,17556377,5.04,200,0.1008,B,16242662,17556376,0,16:08:21.193
000931.SZ,10:07:01.610,100701610,17556378,5.04,800,0.4032,B,16314207,17556376,0,16:08:21.193
000931.SZ,10:07:03.810,100703810,17564393,0.0,100,0.0,?,17469917,0,0,16:08:21.337
000931.SZ,10:07:04.070,100704070,17565298,5.04,100,0.0504,B,16314207,17565297,0,16:08:21.337
000931.SZ,10:07:04.570,100704570,17567712,5.03,3000,1.509,S,17567711,16988771,0,16:08:21.337
000931.SZ,10:07:08.470,100708470,17579829,0.0,100,0.0,?,0,13713012,0,16:08:21.778
000931.SZ,10:07:12.790,100712790,17593257,0.0,1000,0.0,?,0,13670916,0,16:08:22.023
000931.SZ,10:07:17.090,100717090,17607429,5.03,5000,2.515,S,17607428,16988771,0,16:08:22.402
000931.SZ,10:07:46.400,100746400,17721501,5.03,2000,1.006,S,17721500,16988771,0,16:08:24.809
000931.SZ,10:07:54.010,100754010,17750313,0.0,100,0.0,?,0,17578217,0,16:08:25.445
000931.SZ,10:07:54.810,100754810,17753936,0.0,8300,0.0,?,0,17359560,0,16:08:25.445
000931.SZ,10:07:55.560,100755560,17757253,5.03,3300,1.6599,S,17757252,16988771,0,16:08:25.588
000931.SZ,10:07:55.870,100755870,17758581,0.0,1000,0.0,?,0,11448197,0,16:08:25.588
000931.SZ,10:08:00.270,100800270,17779893,5.03,100,0.0503,S,17779892,16988771,0,16:08:26.153
000931.SZ,10:08:05.230,100805230,17806339,5.03,600,0.3018,S,17806338,16988771,0,16:08:26.634
000931.SZ,10:08:14.190,100814190,17848476,5.03,2000,1.006,S,17848475,16988771,0,16:08:27.474
000931.SZ,10:08:16.710,100816710,17859958,5.03,500,0.2515,S,17859957,16988771,0,16:08:27.798
000931.SZ,10:08:16.740,100816740,17860198,5.04,100,0.0504,B,16314207,17860197,0,16:08:27.798
000931.SZ,10:08:16.740,100816740,17860200,5.04,100,0.0504,B,16314207,17860199,0,16:08:27.798
000931.SZ,10:08:16.740,100816740,17860230,5.04,100,0.0504,B,16314207,17860229,0,16:08:27.798
000931.SZ,10:08:16.750,100816750,17860279,5.04,100,0.0504,B,16314207,17860278,0,16:08:27.798
000931.SZ,10:08:16.750,100816750,17860281,5.04,100,0.0504,B,16314207,17860280,0,16:08:27.798
000931.SZ,10:08:16.750,100816750,17860300,5.04,100,0.0504,B,16314207,17860299,0,16:08:27.798
000931.SZ,10:08:16.780,100816780,17860360,5.04,100,0.0504,B,16314207,17860359,0,16:08:27.798
000931.SZ,10:08:22.500,100822500,17882736,5.04,100,0.0504,B,16314207,17882735,0,16:08:28.358
000931.SZ,10:08:23.660,100823660,17886870,0.0,1000,0.0,?,15601126,0,0,16:08:28.358
000931.SZ,10:08:25.830,100825830,17894782,0.0,1000,0.0,?,15778830,0,0,16:08:28.545
000931.SZ,10:08:31.860,100831860,17926782,5.03,100,0.0503,S,17926781,16988771,0,16:08:29.144
000931.SZ,10:08:33.480,100833480,17936309,5.03,100,0.0503,S,17936308,16988771,0,16:08:29.435
000931.SZ,10:08:34.530,100834530,17944160,5.03,600,0.3018,S,17944159,16988771,0,16:08:29.435
000931.SZ,10:08:36.610,100836610,17954396,5.03,500,0.2515,S,17954395,16988771,0,16:08:29.672
000931.SZ,10:08:36.710,100836710,17955311,5.03,100,0.0503,S,17955310,16988771,0,16:08:29.672
000931.SZ,10:08:37.520,100837520,17960352,5.03,100,0.0503,S,17960351,16988771,0,16:08:29.814
000931.SZ,10:08:38.090,100838090,17963492,5.03,9800,4.9294,S,17963491,16988771,0,16:08:29.814
000931.SZ,10:08:38.090,100838090,17963502,5.03,2400,1.2072,S,17963501,16988771,0,16:08:29.814
000931.SZ,10:08:38.120,100838120,17963588,5.03,800,0.4024,S,17963587,16988771,0,16:08:29.814
000931.SZ,10:08:38.120,100838120,17963595,5.03,1400,0.7042,S,17963594,16988771,0,16:08:29.814
000931.SZ,10:08:38.910,100838910,17966610,5.03,520,0.2615,S,17966609,16988771,0,16:08:29.893
000931.SZ,10:08:38.910,100838910,17966611,5.03,500,0.2515,S,17966609,16990578,0,16:08:29.893
000931.SZ,10:08:38.910,100838910,17966612,5.03,5080,2.5552,S,17966609,16991995,0,16:08:29.893
000931.SZ,10:08:38.920,100838920,17966678,5.03,2500,1.2575,S,17966677,16991995,0,16:08:29.893
000931.SZ,10:08:38.920,100838920,17966681,5.03,2420,1.2172,S,17966680,16991995,0,16:08:29.893
000931.SZ,10:08:38.920,100838920,17966682,5.03,100,0.0503,S,17966680,17002440,0,16:08:29.893
000931.SZ,10:08:38.920,100838920,17966683,5.03,200,0.1006,S,17966680,17046727,0,16:08:29.893
000931.SZ,10:08:38.920,100838920,17966684,5.03,100,0.0503,S,17966680,17051594,0,16:08:29.893
000931.SZ,10:08:38.920,100838920,17966685,5.03,100,0.0503,S,17966680,17091325,0,16:08:29.893
000931.SZ,10:08:38.920,100838920,17966686,5.03,100,0.0503,S,17966680,17091329,0,16:08:29.893
000931.SZ,10:08:38.920,100838920,17966687,5.03,200,0.1006,S,17966680,17181796,0,16:08:29.893
000931.SZ,10:08:38.920,100838920,17966688,5.03,600,0.3018,S,17966680,17215807,0,16:08:29.893
000931.SZ,10:08:38.920,100838920,17966689,5.03,200,0.1006,S,17966680,17217419,0,16:08:29.893
000931.SZ,10:08:38.920,100838920,17966690,5.03,400,0.2012,S,17966680,17219071,0,16:08:29.893
000931.SZ,10:08:38.920,100838920,17966691,5.03,500,0.2515,S,17966680,17219292,0,16:08:29.893
000931.SZ,10:08:38.920,100838920,17966692,5.03,1000,0.503,S,17966680,17221173,0,16:08:29.893
000931.SZ,10:08:38.920,100838920,17966693,5.03,2000,1.006,S,17966680,17229633,0,16:08:29.893
000931.SZ,10:08:38.920,100838920,17966694,5.03,1200,0.6036,S,17966680,17249023,0,16:08:29.893
000931.SZ,10:08:38.920,100838920,17966695,5.03,1100,0.5533,S,17966680,17261137,0,16:08:29.893
000931.SZ,10:08:38.920,100838920,17966696,5.03,100,0.0503,S,17966680,17291802,0,16:08:29.893
000931.SZ,10:08:38.920,100838920,17966697,5.03,100,0.0503,S,17966680,17305610,0,16:08:29.893
000931.SZ,10:08:38.920,100838920,17966698,5.03,280,0.1408,S,17966680,17316404,0,16:08:29.893
000931.SZ,10:08:38.920,100838920,17966709,5.03,320,0.1609,S,17966708,17316404,0,16:08:29.893
000931.SZ,10:08:38.920,100838920,17966710,5.03,980,0.4929,S,17966708,17331494,0,16:08:29.893
000931.SZ,10:08:38.920,100838920,17966712,5.03,20,0.01,S,17966711,17331494,0,16:08:29.893
000931.SZ,10:08:38.920,100838920,17966713,5.03,1100,0.5533,S,17966711,17333648,0,16:08:29.893
000931.SZ,10:08:38.920,100838920,17966714,5.03,1600,0.8048,S,17966711,17343422,0,16:08:29.893
000931.SZ,10:08:38.920,100838920,17966715,5.03,600,0.3018,S,17966711,17343701,0,16:08:29.893
000931.SZ,10:08:38.920,100838920,17966716,5.03,200,0.1006,S,17966711,17366536,0,16:08:29.893
000931.SZ,10:08:38.920,100838920,17966717,5.03,800,0.4024,S,17966711,17368810,0,16:08:29.893
000931.SZ,10:08:38.920,100838920,17966718,5.03,500,0.2515,S,17966711,17370475,0,16:08:29.893
000931.SZ,10:08:38.920,100838920,17966719,5.03,600,0.3018,S,17966711,17373747,0,16:08:29.893
000931.SZ,10:08:38.920,100838920,17966720,5.03,400,0.2012,S,17966711,17375061,0,16:08:29.893
000931.SZ,10:08:38.920,100838920,17966721,5.03,100,0.0503,S,17966711,17421020,0,16:08:29.893
000931.SZ,10:08:38.920,100838920,17966722,5.03,200,0.1006,S,17966711,17433161,0,16:08:29.893
000931.SZ,10:08:38.920,100838920,17966723,5.03,300,0.1509,S,17966711,17470259,0,16:08:29.893
000931.SZ,10:08:38.920,100838920,17966724,5.03,600,0.3018,S,17966711,17473488,0,16:08:29.893
000931.SZ,10:08:38.920,100838920,17966725,5.03,100,0.0503,S,17966711,17539108,0,16:08:29.893
000931.SZ,10:08:38.920,100838920,17966726,5.03,980,0.4929,S,17966711,17545562,0,16:08:29.893
000931.SZ,10:08:38.930,100838930,17966742,5.03,500,0.2515,S,17966741,17545562,0,16:08:29.893
000931.SZ,10:08:38.930,100838930,17966744,0.0,1700,0.0,?,17721551,0,0,16:08:29.893
000931.SZ,10:08:38.930,100838930,17966745,0.0,3100,0.0,?,17556410,0,0,16:08:29.893
000931.SZ,10:08:38.930,100838930,17966747,5.03,100,0.0503,S,17966746,17545562,0,16:08:29.893
000931.SZ,10:08:38.930,100838930,17966749,5.03,520,0.2615,S,17966748,17545562,0,16:08:29.893
000931.SZ,10:08:38.930,100838930,17966750,5.03,680,0.342,S,17966748,17555591,0,16:08:29.893
000931.SZ,10:08:38.930,100838930,17966752,0.0,200,0.0,?,17804727,0,0,16:08:29.893
000931.SZ,10:08:38.930,100838930,17966756,5.03,320,0.1609,S,17966755,17555591,0,16:08:29.893
000931.SZ,10:08:38.930,100838930,17966757,5.03,1000,0.503,S,17966755,17579733,0,16:08:29.893
000931.SZ,10:08:38.930,100838930,17966758,5.03,200,0.1006,S,17966755,17587316,0,16:08:29.893
000931.SZ,10:08:38.930,100838930,17966759,5.03,700,0.3521,S,17966755,17605090,0,16:08:29.893
000931.SZ,10:08:38.930,100838930,17966760,5.03,100,0.0503,S,17966755,17612746,0,16:08:29.893
000931.SZ,10:08:38.930,100838930,17966761,5.03,100,0.0503,S,17966755,17633940,0,16:08:29.893
000931.SZ,10:08:38.930,100838930,17966762,5.03,100,0.0503,S,17966755,17635849,0,16:08:29.893
000931.SZ,10:08:38.930,100838930,17966763,5.03,1000,0.503,S,17966755,17653281,0,16:08:29.893
000931.SZ,10:08:38.930,100838930,17966764,5.03,100,0.0503,S,17966755,17660188,0,16:08:29.893
000931.SZ,10:08:38.930,100838930,17966765,5.03,4000,2.012,S,17966755,17667808,0,16:08:29.893
000931.SZ,10:08:38.930,100838930,17966766,5.03,600,0.3018,S,17966755,17685551,0,16:08:29.893
000931.SZ,10:08:38.930,100838930,17966767,5.03,600,0.3018,S,17966755,17703563,0,16:08:29.893
000931.SZ,10:08:38.930,100838930,17966768,5.03,100,0.0503,S,17966755,17753913,0,16:08:29.893
000931.SZ,10:08:38.930,100838930,17966769,5.03,200,0.1006,S,17966755,17762447,0,16:08:29.893
000931.SZ,10:08:38.930,100838930,17966770,5.03,1500,0.7545,S,17966755,17774345,0,16:08:29.893
000931.SZ,10:08:38.930,100838930,17966771,5.03,1000,0.503,S,17966755,17802999,0,16:08:29.893
000931.SZ,10:08:38.930,100838930,17966772,5.03,2500,1.2575,S,17966755,17804665,0,16:08:29.893
000931.SZ,10:08:38.930,100838930,17966773,5.03,2000,1.006,S,17966755,17813174,0,16:08:29.893
000931.SZ,10:08:38.930,100838930,17966774,5.03,2000,1.006,S,17966755,17838830,0,16:08:29.893
000931.SZ,10:08:38.930,100838930,17966775,5.03,400,0.2012,S,17966755,17860822,0,16:08:29.893
000931.SZ,10:08:38.930,100838930,17966776,5.03,100,0.0503,S,17966755,17882757,0,16:08:29.893
000931.SZ,10:08:38.930,100838930,17966777,5.03,100,0.0503,S,17966755,17882758,0,16:08:29.893
000931.SZ,10:08:38.930,100838930,17966778,5.03,100,0.0503,S,17966755,17882759,0,16:08:29.893
000931.SZ,10:08:38.930,100838930,17966779,5.03,100,0.0503,S,17966755,17882760,0,16:08:29.893
000931.SZ,10:08:38.930,100838930,17966780,5.03,100,0.0503,S,17966755,17882763,0,16:08:29.893
000931.SZ,10:08:38.930,100838930,17966781,5.03,100,0.0503,S,17966755,17882764,0,16:08:29.893
000931.SZ,10:08:38.930,100838930,17966782,5.03,100,0.0503,S,17966755,17882765,0,16:08:29.893
000931.SZ,10:08:38.930,100838930,17966783,5.03,100,0.0503,S,17966755,17882766,0,16:08:29.893
000931.SZ,10:08:38.930,100838930,17966784,5.03,600,0.3018,S,17966755,17889097,0,16:08:29.893
000931.SZ,10:08:38.930,100838930,17966785,5.03,100,0.0503,S,17966755,17899389,0,16:08:29.893
000931.SZ,10:08:38.940,100838940,17966814,5.02,200,0.1004,S,17966813,9853813,0,16:08:29.893
000931.SZ,10:08:38.940,100838940,17966823,5.02,300,0.1506,S,17966822,9853813,0,16:08:29.893
000931.SZ,10:08:38.940,100838940,17966824,5.02,100,0.0502,S,17966822,10395583,0,16:08:29.893
000931.SZ,10:08:39.000,100839000,17966967,0.0,100,0.0,?,17757525,0,0,16:08:29.893
000931.SZ,10:08:39.290,100839290,17968249,0.0,500,0.0,?,17080542,0,0,16:08:29.893
000931.SZ,10:08:39.390,100839390,17968672,0.0,100,0.0,?,15912363,0,0,16:08:29.893
000931.SZ,10:08:39.490,100839490,17969299,0.0,2700,0.0,?,15905844,0,0,16:08:29.987
000931.SZ,10:08:39.550,100839550,17969512,0.0,1100,0.0,?,15922317,0,0,16:08:29.987
000931.SZ,10:08:39.570,100839570,17969578,0.0,1200,0.0,?,15922449,0,0,16:08:29.987
000931.SZ,10:08:39.650,100839650,17969881,0.0,1000,0.0,?,15922823,0,0,16:08:29.987
000931.SZ,10:08:39.770,100839770,17970399,0.0,13200,0.0,?,0,16232544,0,16:08:29.987
000931.SZ,10:08:39.960,100839960,17971214,0.0,3100,0.0,?,17966793,0,0,16:08:29.987
000931.SZ,10:08:40.940,100840940,17977213,0.0,2500,0.0,?,17967021,0,0,16:08:30.112
000931.SZ,10:08:41.660,100841660,17980285,0.0,2680,0.0,?,17966755,0,0,16:08:30.285
000931.SZ,10:08:41.720,100841720,17980436,0.0,8500,0.0,?,17966922,0,0,16:08:30.285
000931.SZ,10:08:42.050,100842050,17981355,0.0,100,0.0,?,17966790,0,0,16:08:30.285
000931.SZ,10:08:42.460,100842460,17983831,0.0,400,0.0,?,17966800,0,0,16:08:30.285
000931.SZ,10:08:43.660,100843660,17990592,0.0,300,0.0,?,17966788,0,0,16:08:30.404
000931.SZ,10:08:45.270,100845270,17996160,0.0,300,0.0,?,17966786,0,0,16:08:30.576
000931.SZ,10:08:47.180,100847180,18004415,0.0,500,0.0,?,17966789,0,0,16:08:30.695
000931.SZ,10:08:47.850,100847850,18006667,0.0,100,0.0,?,17966794,0,0,16:08:30.695
000931.SZ,10:08:51.080,100851080,18019866,0.0,200,0.0,?,17966803,0,0,16:08:31.023
000931.SZ,10:08:51.080,100851080,18019868,0.0,400,0.0,?,17966807,0,0,16:08:31.023
000931.SZ,10:08:51.080,100851080,18019872,0.0,400,0.0,?,17966809,0,0,16:08:31.023
000931.SZ,10:08:51.080,100851080,18019877,0.0,200,0.0,?,17966826,0,0,16:08:31.023
000931.SZ,10:08:54.080,100854080,18031883,0.0,2200,0.0,?,16714302,0,0,16:08:31.259
000931.SZ,10:09:03.040,100903040,18068724,5.03,300,0.1509,B,17966787,18068723,0,16:08:32.149
000931.SZ,10:09:07.280,100907280,18088338,5.02,900,0.4518,S,18088337,10395583,0,16:08:32.487
000931.SZ,10:09:07.280,100907280,18088339,5.02,5000,2.51,S,18088337,10993199,0,16:08:32.487
000931.SZ,10:09:07.280,100907280,18088340,5.02,200,0.1004,S,18088337,11065742,0,16:08:32.487
000931.SZ,10:09:09.260,100909260,18097644,0.0,1000,0.0,?,17982984,0,0,16:08:32.708
000931.SZ,10:09:12.220,100912220,18111906,5.02,1000,0.502,S,18111905,11065742,0,16:08:32.928
000931.SZ,10:09:12.810,100912810,18115098,0.0,26800,0.0,?,0,17629847,0,16:08:32.928
000931.SZ,10:09:15.790,100915790,18128723,0.0,300,0.0,?,17421776,0,0,16:08:33.211
000931.SZ,10:09:16.790,100916790,18133420,5.02,300,0.1506,S,18133419,11065742,0,16:08:33.350
000931.SZ,10:09:20.360,100920360,18147303,0.0,100,0.0,?,0,17962076,0,16:08:33.615
000931.SZ,10:09:24.320,100924320,18161102,5.02,1400,0.7028,S,18161101,11065742,0,16:08:34.086
000931.SZ,10:09:30.730,100930730,18184236,0.0,200,0.0,?,0,16936283,0,16:08:34.456
000931.SZ,10:09:30.730,100930730,18184237,0.0,200,0.0,?,0,16936284,0,16:08:34.456
000931.SZ,10:09:30.730,100930730,18184238,0.0,200,0.0,?,0,16936285,0,16:08:34.456
000931.SZ,10:09:30.730,100930730,18184241,0.0,200,0.0,?,0,16936303,0,16:08:34.456
000931.SZ,10:09:31.800,100931800,18188728,0.0,100,0.0,?,17459995,0,0,16:08:34.550
000931.SZ,10:09:32.010,100932010,18189413,5.02,100,0.0502,S,18189412,11065742,0,16:08:34.550
000931.SZ,10:09:32.010,100932010,18189435,0.0,100,0.0,?,0,16942267,0,16:08:34.550
000931.SZ,10:09:34.000,100934000,18198011,5.02,200,0.1004,S,18198010,11065742,0,16:08:34.771
000931.SZ,10:09:35.300,100935300,18203273,5.03,100,0.0503,B,17966787,18203272,0,16:08:34.850
000931.SZ,10:09:35.430,100935430,18203876,5.03,100,0.0503,B,17966787,18203875,0,16:08:34.850
000931.SZ,10:09:36.000,100936000,18206037,0.0,500,0.0,?,0,15835902,0,16:08:34.850
000931.SZ,10:09:36.210,100936210,18206757,0.0,2500,0.0,?,0,16901919,0,16:08:34.990
000931.SZ,10:09:36.310,100936310,18207263,0.0,100,0.0,?,17278680,0,0,16:08:34.990
000931.SZ,10:09:36.390,100936390,18207622,0.0,100,0.0,?,17325015,0,0,16:08:34.990
000931.SZ,10:09:36.510,100936510,18208041,5.02,100,0.0502,S,18208040,11065742,0,16:08:34.990
000931.SZ,10:09:36.620,100936620,18208560,5.02,100,0.0502,S,18208559,11065742,0,16:08:34.990
000931.SZ,10:09:36.880,100936880,18209356,0.0,100,0.0,?,17483437,0,0,16:08:34.990
000931.SZ,10:09:37.080,100937080,18210375,5.02,100,0.0502,S,18210374,11065742,0,16:08:34.990
000931.SZ,10:09:37.630,100937630,18212733,0.0,3900,0.0,?,17966810,0,0,16:08:35.069
000931.SZ,10:09:37.670,100937670,18212901,5.02,100,0.0502,S,18212900,11065742,0,16:08:35.069
000931.SZ,10:09:38.840,100938840,18217131,0.0,100,0.0,?,17474956,0,0,16:08:35.210
000931.SZ,10:09:39.040,100939040,18217904,5.02,100,0.0502,S,18217903,11065742,0,16:08:35.210
000931.SZ,10:09:39.150,100939150,18218362,5.03,100,0.0503,B,17966797,18218361,0,16:08:35.210
000931.SZ,10:09:39.690,100939690,18220348,0.0,100,0.0,?,17444530,0,0,16:08:35.210
000931.SZ,10:09:39.890,100939890,18220945,5.02,100,0.0502,S,18220944,11065742,0,16:08:35.210
000931.SZ,10:09:43.400,100943400,18234309,0.0,1700,0.0,?,18111927,0,0,16:08:35.471
000931.SZ,10:09:43.400,100943400,18234310,0.0,3100,0.0,?,18088352,0,0,16:08:35.471
000931.SZ,10:09:44.540,100944540,18238556,5.03,100,0.0503,B,17966797,18238555,0,16:08:35.628
000931.SZ,10:09:49.430,100949430,18255873,0.0,5000,0.0,?,0,11706837,0,16:08:35.926
000931.SZ,10:09:54.030,100954030,18271131,0.0,2000,0.0,?,17976671,0,0,16:08:36.303
000931.SZ,10:09:56.230,100956230,18279684,0.0,200,0.0,?,17051785,0,0,16:08:36.406
000931.SZ,10:10:01.220,101001220,18300518,5.02,200,0.1004,S,18300517,11065742,0,16:08:36.973
000931.SZ,10:10:01.380,101001380,18301161,0.0,100,0.0,?,18019848,0,0,16:08:36.973
000931.SZ,10:10:12.090,101012090,18343292,0.0,400,0.0,?,17118277,0,0,16:08:37.847
000931.SZ,10:10:16.280,101016280,18362400,0.0,200,0.0,?,18343862,0,0,16:08:38.271
000931.SZ,10:10:22.100,101022100,18390868,5.03,2000,1.006,B,17966797,18390867,0,16:08:38.923
000931.SZ,10:10:26.170,101026170,18409979,5.03,200,0.1006,B,17966797,18409978,0,16:08:39.207
000931.SZ,10:10:28.610,101028610,18420772,0.0,1100,0.0,?,17815891,0,0,16:08:39.482
000931.SZ,10:10:30.270,101030270,18426879,0.0,100,0.0,?,18415825,0,0,16:08:39.544
000931.SZ,10:10:30.320,101030320,18427291,0.0,3100,0.0,?,18390902,0,0,16:08:39.544
000931.SZ,10:10:38.130,101038130,18458130,0.0,200,0.0,?,0,18403956,0,16:08:40.220
000931.SZ,10:10:48.050,101048050,18492231,0.0,100,0.0,?,17469532,0,0,16:08:41.016
000931.SZ,10:10:52.540,101052540,18508097,5.03,1100,0.5533,B,17966797,18508096,0,16:08:41.345
000931.SZ,10:11:05.370,101105370,18559470,5.03,500,0.2515,B,17966797,18559469,0,16:08:42.438
000931.SZ,10:11:08.540,101108540,18572696,0.0,100,0.0,?,17375729,0,0,16:08:42.795
000931.SZ,10:11:09.420,101109420,18575372,5.02,400,0.2008,S,18575371,11065742,0,16:08:42.795
000931.SZ,10:11:17.860,101117860,18607047,5.03,300,0.1509,B,17966797,18607046,0,16:08:43.604
000931.SZ,10:11:17.860,101117860,18607048,5.03,200,0.1006,B,17966953,18607046,0,16:08:43.604
000931.SZ,10:11:19.950,101119950,18615999,0.0,200,0.0,?,18572454,0,0,16:08:43.746
000931.SZ,10:11:19.950,101119950,18616000,0.0,900,0.0,?,18572455,0,0,16:08:43.746
000931.SZ,10:11:19.950,101119950,18616001,0.0,1000,0.0,?,18572456,0,0,16:08:43.746
000931.SZ,10:11:19.950,101119950,18616002,0.0,100,0.0,?,18572462,0,0,16:08:43.746
000931.SZ,10:11:19.950,101119950,18616003,0.0,700,0.0,?,18572463,0,0,16:08:43.746
000931.SZ,10:11:19.950,101119950,18616004,0.0,600,0.0,?,18572461,0,0,16:08:43.746
000931.SZ,10:11:19.950,101119950,18616005,0.0,1100,0.0,?,18572468,0,0,16:08:43.746
000931.SZ,10:11:19.950,101119950,18616006,0.0,700,0.0,?,18572457,0,0,16:08:43.746
000931.SZ,10:11:19.950,101119950,18616007,0.0,700,0.0,?,18572466,0,0,16:08:43.746
000931.SZ,10:11:19.950,101119950,18616008,0.0,500,0.0,?,18572465,0,0,16:08:43.746
000931.SZ,10:11:19.960,101119960,18616020,0.0,6900,0.0,?,18572680,0,0,16:08:43.746
000931.SZ,10:11:19.960,101119960,18616024,0.0,2100,0.0,?,18572520,0,0,16:08:43.746
000931.SZ,10:11:26.090,101126090,18641701,0.0,2100,0.0,?,18300324,0,0,16:08:44.202
000931.SZ,10:11:26.540,101126540,18643250,5.03,100,0.0503,B,17967014,18643249,0,16:08:44.202
000931.SZ,10:11:26.540,101126540,18643252,5.03,100,0.0503,B,17967014,18643251,0,16:08:44.202
000931.SZ,10:11:26.540,101126540,18643270,5.03,300,0.1509,B,17967014,18643269,0,16:08:44.202
000931.SZ,10:11:26.720,101126720,18643872,5.03,400,0.2012,B,17967014,18643871,0,16:08:44.359
000931.SZ,10:11:27.020,101127020,18644648,5.03,100,0.0503,B,17968524,18644647,0,16:08:44.359
000931.SZ,10:11:27.180,101127180,18645279,5.03,200,0.1006,B,17968524,18645278,0,16:08:44.359
000931.SZ,10:11:27.200,101127200,18645376,5.03,500,0.2515,B,17968524,18645375,0,16:08:44.359
000931.SZ,10:11:27.500,101127500,18646774,5.03,300,0.1509,B,17968524,18646773,0,16:08:44.359
000931.SZ,10:11:27.500,101127500,18646775,5.03,100,0.0503,B,17970554,18646773,0,16:08:44.359
000931.SZ,10:11:27.500,101127500,18646776,5.03,200,0.1006,B,17970611,18646773,0,16:08:44.359
000931.SZ,10:11:27.500,101127500,18646777,5.03,200,0.1006,B,17977223,18646773,0,16:08:44.359
000931.SZ,10:11:27.500,101127500,18646810,5.03,100,0.0503,B,17977223,18646809,0,16:08:44.359
000931.SZ,10:11:27.550,101127550,18646936,0.0,3100,0.0,?,18508110,0,0,16:08:44.359
000931.SZ,10:11:27.870,101127870,18648393,5.03,1700,0.8551,B,17977223,18648392,0,16:08:44.359
000931.SZ,10:11:27.870,101127870,18648394,5.03,100,0.0503,B,17981397,18648392,0,16:08:44.359
000931.SZ,10:11:27.870,101127870,18648395,5.03,1300,0.6539,B,17983818,18648392,0,16:08:44.359
000931.SZ,10:11:27.900,101127900,18648699,0.0,800,0.0,?,18643534,0,0,16:08:44.359
000931.SZ,10:11:28.230,101128230,18649943,5.03,400,0.2012,B,17983818,18649942,0,16:08:44.359
000931.SZ,10:11:28.230,101128230,18649944,5.03,300,0.1509,B,17998355,18649942,0,16:08:44.359
000931.SZ,10:11:28.300,101128300,18650416,5.03,200,0.1006,B,17998355,18650415,0,16:08:44.359
000931.SZ,10:11:28.300,101128300,18650417,5.03,200,0.1006,B,18006524,18650415,0,16:08:44.359
000931.SZ,10:11:28.560,101128560,18651695,5.03,100,0.0503,B,18006524,18651694,0,16:08:44.483
000931.SZ,10:11:28.560,101128560,18651702,5.03,200,0.1006,B,18006524,18651701,0,16:08:44.483
000931.SZ,10:11:28.630,101128630,18651983,5.03,1000,0.503,B,18006524,18651982,0,16:08:44.483
000931.SZ,10:11:28.650,101128650,18652062,5.03,600,0.3018,B,18006524,18652061,0,16:08:44.483
000931.SZ,10:11:29.070,101129070,18653389,5.03,300,0.1509,B,18006524,18653388,0,16:08:44.483
000931.SZ,10:11:29.150,101129150,18653578,0.0,600,0.0,?,18649122,0,0,16:08:44.483
000931.SZ,10:11:31.040,101131040,18661786,5.03,200,0.1006,B,18006524,18661785,0,16:08:44.681
000931.SZ,10:11:32.060,101132060,18666074,5.03,600,0.3018,B,18006524,18666073,0,16:08:44.791
000931.SZ,10:11:33.320,101133320,18671551,5.03,300,0.1509,B,18006524,18671550,0,16:08:44.791
000931.SZ,10:11:33.330,101133330,18671553,5.03,400,0.2012,B,18006524,18671552,0,16:08:44.791
000931.SZ,10:11:33.330,101133330,18671555,5.03,400,0.2012,B,18006524,18671554,0,16:08:44.791
000931.SZ,10:11:33.330,101133330,18671557,5.03,700,0.3521,B,18006524,18671556,0,16:08:44.791
000931.SZ,10:11:33.330,101133330,18671559,5.03,300,0.1509,B,18006524,18671558,0,16:08:44.791
000931.SZ,10:11:33.330,101133330,18671561,5.03,800,0.4024,B,18006524,18671560,0,16:08:44.791
000931.SZ,10:11:33.330,101133330,18671563,5.03,300,0.1509,B,18006524,18671562,0,16:08:44.791
000931.SZ,10:11:33.330,101133330,18671565,5.03,400,0.2012,B,18006524,18671564,0,16:08:44.791
000931.SZ,10:11:33.330,101133330,18671567,5.03,200,0.1006,B,18006524,18671566,0,16:08:44.791
000931.SZ,10:11:33.330,101133330,18671569,5.03,400,0.2012,B,18006524,18671568,0,16:08:44.791
000931.SZ,10:11:33.330,101133330,18671571,5.03,300,0.1509,B,18006524,18671570,0,16:08:44.791
000931.SZ,10:11:33.330,101133330,18671573,5.03,200,0.1006,B,18006524,18671572,0,16:08:44.791
000931.SZ,10:11:33.330,101133330,18671575,5.03,200,0.1006,B,18006524,18671574,0,16:08:44.791
000931.SZ,10:11:33.330,101133330,18671577,5.03,200,0.1006,B,18006524,18671576,0,16:08:44.791
000931.SZ,10:11:33.330,101133330,18671579,5.03,500,0.2515,B,18006524,18671578,0,16:08:44.791
000931.SZ,10:11:33.330,101133330,18671581,5.03,100,0.0503,B,18006524,18671580,0,16:08:44.791
000931.SZ,10:11:33.330,101133330,18671584,5.03,200,0.1006,B,18020022,18671583,0,16:08:44.791
000931.SZ,10:11:33.330,101133330,18671586,5.03,200,0.1006,B,18020029,18671585,0,16:08:44.791
000931.SZ,10:11:33.330,101133330,18671588,5.03,200,0.1006,B,18020029,18671587,0,16:08:44.791
000931.SZ,10:11:33.330,101133330,18671589,5.03,200,0.1006,B,18020030,18671587,0,16:08:44.791
000931.SZ,10:11:33.330,101133330,18671591,5.03,200,0.1006,B,18020039,18671590,0,16:08:44.791
000931.SZ,10:11:33.330,101133330,18671592,5.03,100,0.0503,B,18032907,18671590,0,16:08:44.791
000931.SZ,10:11:33.330,101133330,18671596,5.03,400,0.2012,B,18032907,18671595,0,16:08:44.791
000931.SZ,10:11:33.340,101133340,18671675,0.0,100,0.0,?,17511014,0,0,16:08:44.791
000931.SZ,10:11:33.640,101133640,18673340,5.03,400,0.2012,B,18032907,18673339,0,16:08:44.950
000931.SZ,10:11:34.250,101134250,18676231,5.03,200,0.1006,B,18032907,18676230,0,16:08:44.950
000931.SZ,10:11:34.250,101134250,18676232,5.03,500,0.2515,B,18065318,18676230,0,16:08:44.950
000931.SZ,10:11:34.250,101134250,18676233,5.03,200,0.1006,B,18065572,18676230,0,16:08:44.950
000931.SZ,10:11:34.250,101134250,18676234,5.03,700,0.3521,B,18135104,18676230,0,16:08:44.950
000931.SZ,10:11:34.840,101134840,18679024,5.03,100,0.0503,B,18135104,18679023,0,16:08:44.950
000931.SZ,10:11:34.840,101134840,18679026,5.03,400,0.2012,B,18153573,18679025,0,16:08:44.950
000931.SZ,10:11:34.840,101134840,18679030,5.03,200,0.1006,B,18153573,18679029,0,16:08:44.950
000931.SZ,10:11:34.840,101134840,18679032,5.03,200,0.1006,B,18238597,18679031,0,16:08:44.950
000931.SZ,10:11:34.840,101134840,18679033,5.03,100,0.0503,B,18241957,18679031,0,16:08:44.950
000931.SZ,10:11:34.840,101134840,18679035,5.03,100,0.0503,B,18241957,18679034,0,16:08:44.950
000931.SZ,10:11:34.910,101134910,18679231,5.03,200,0.1006,B,18241957,18679230,0,16:08:44.950
000931.SZ,10:11:34.910,101134910,18679233,5.03,500,0.2515,B,18241957,18679232,0,16:08:44.950
000931.SZ,10:11:34.910,101134910,18679235,5.03,100,0.0503,B,18241957,18679234,0,16:08:45.045
000931.SZ,10:11:34.910,101134910,18679236,5.03,200,0.1006,B,18242423,18679234,0,16:08:45.045
000931.SZ,10:11:34.910,101134910,18679239,5.03,500,0.2515,B,18242423,18679238,0,16:08:45.045
000931.SZ,10:11:34.990,101134990,18679952,5.03,200,0.1006,B,18242423,18679951,0,16:08:45.045
000931.SZ,10:11:35.200,101135200,18681205,5.03,100,0.0503,B,18242423,18681204,0,16:08:45.045
000931.SZ,10:11:35.420,101135420,18681959,5.03,1200,0.6036,B,18242423,18681958,0,16:08:45.045
000931.SZ,10:11:36.300,101136300,18685272,5.03,2200,1.1066,B,18242423,18685271,0,16:08:45.263
000931.SZ,10:11:37.960,101137960,18691752,0.0,100,0.0,?,17469180,0,0,16:08:45.263
000931.SZ,10:11:39.910,101139910,18697834,0.0,2500,0.0,?,17575009,0,0,16:08:45.435
000931.SZ,10:11:41.450,101141450,18702810,0.0,1100,0.0,?,18032935,0,0,16:08:45.602
000931.SZ,10:11:41.470,101141470,18702839,0.0,600,0.0,?,16314207,0,0,16:08:45.602
000931.SZ,10:11:41.470,101141470,18702848,0.0,1500,0.0,?,0,17976933,0,16:08:45.602
000931.SZ,10:11:43.160,101143160,18708277,5.03,1200,0.6036,B,18242423,18708276,0,16:08:45.602
000931.SZ,10:11:43.160,101143160,18708278,5.03,500,0.2515,B,18263286,18708276,0,16:08:45.602
000931.SZ,10:11:43.160,101143160,18708279,5.03,100,0.0503,B,18267482,18708276,0,16:08:45.602
000931.SZ,10:11:44.610,101144610,18713242,5.03,500,0.2515,B,18267482,18713241,0,16:08:45.727
000931.SZ,10:11:53.870,101153870,18744995,0.0,1000,0.0,?,0,12114188,0,16:08:46.418
000931.SZ,10:12:06.370,101206370,18789461,5.02,1100,0.5522,S,18789460,11065742,0,16:08:47.542
000931.SZ,10:12:15.230,101215230,18822168,5.02,800,0.4016,S,18822167,11065742,0,16:08:48.401
000931.SZ,10:12:15.300,101215300,18822439,0.0,900,0.0,?,18616358,0,0,16:08:48.401
000931.SZ,10:12:15.300,101215300,18822440,0.0,1600,0.0,?,18616359,0,0,16:08:48.401
000931.SZ,10:12:15.300,101215300,18822448,0.0,700,0.0,?,18616360,0,0,16:08:48.401
000931.SZ,10:12:15.310,101215310,18822449,0.0,1600,0.0,?,18616362,0,0,16:08:48.401
000931.SZ,10:12:15.310,101215310,18822450,0.0,700,0.0,?,18616361,0,0,16:08:48.401
000931.SZ,10:12:15.310,101215310,18822451,0.0,600,0.0,?,18616363,0,0,16:08:48.401
000931.SZ,10:12:15.310,101215310,18822452,0.0,400,0.0,?,18616364,0,0,16:08:48.401
000931.SZ,10:12:16.430,101216430,18828749,5.03,100,0.0503,B,18267482,18828748,0,16:08:48.401
000931.SZ,10:12:18.630,101218630,18839298,5.02,2200,1.1044,S,18839297,11065742,0,16:08:48.656
000931.SZ,10:12:22.310,101222310,18855713,5.02,600,0.3012,S,18855712,11065742,0,16:08:48.938
000931.SZ,10:12:22.310,101222310,18855715,5.02,600,0.3012,S,18855714,11065742,0,16:08:48.938
000931.SZ,10:12:22.310,101222310,18855717,5.02,600,0.3012,S,18855716,11065742,0,16:08:48.938
000931.SZ,10:12:22.480,101222480,18856569,5.02,600,0.3012,S,18856568,11065742,0,16:08:49.064
000931.SZ,10:12:22.480,101222480,18856571,5.02,600,0.3012,S,18856570,11065742,0,16:08:49.064
000931.SZ,10:12:23.130,101223130,18858979,5.02,700,0.3514,S,18858978,11065742,0,16:08:49.064
000931.SZ,10:12:23.500,101223500,18859917,5.03,300,0.1509,B,18267482,18859916,0,16:08:49.064
000931.SZ,10:12:23.560,101223560,18860077,5.02,900,0.4518,S,18860076,11065742,0,16:08:49.064
000931.SZ,10:12:23.560,101223560,18860078,5.02,2800,1.4056,S,18860076,11198697,0,16:08:49.064
000931.SZ,10:12:27.060,101227060,18871284,0.0,10400,0.0,?,18752224,0,0,16:08:49.286
000931.SZ,10:12:33.090,101233090,18890030,5.02,200,0.1004,S,18890029,11198697,0,16:08:49.795
000931.SZ,10:12:33.090,101233090,18890032,5.02,100,0.0502,S,18890031,11198697,0,16:08:49.795
000931.SZ,10:12:33.090,101233090,18890033,5.02,200,0.1004,S,18890031,11239959,0,16:08:49.795
000931.SZ,10:12:37.760,101237760,18905462,5.02,10400,5.2208,S,18905461,11239959,0,16:08:50.141
000931.SZ,10:12:38.310,101238310,18907426,5.02,400,0.2008,S,18907425,11239959,0,16:08:50.238
000931.SZ,10:12:38.310,101238310,18907427,5.02,600,0.3012,S,18907425,11272470,0,16:08:50.238
000931.SZ,10:12:38.440,101238440,18907770,5.02,500,0.251,S,18907769,11272470,0,16:08:50.238
000931.SZ,10:12:38.530,101238530,18908004,5.02,1000,0.502,S,18908003,11272470,0,16:08:50.238
000931.SZ,10:12:38.590,101238590,18908122,5.02,300,0.1506,S,18908121,11272470,0,16:08:50.238
000931.SZ,10:12:38.920,101238920,18909046,5.02,100,0.0502,S,18909045,11272470,0,16:08:50.238
000931.SZ,10:12:39.590,101239590,18911557,5.02,100,0.0502,S,18911556,11272470,0,16:08:50.238
000931.SZ,10:12:40.490,101240490,18914777,5.02,1400,0.7028,S,18914776,11272470,0,16:08:50.330
000931.SZ,10:12:40.670,101240670,18915295,0.0,100,0.0,?,0,14268353,0,16:08:50.330
000931.SZ,10:12:40.920,101240920,18916146,0.0,1300,0.0,?,15917884,0,0,16:08:50.424
000931.SZ,10:12:41.310,101241310,18917261,5.02,600,0.3012,S,18917260,11272470,0,16:08:50.424
000931.SZ,10:12:41.310,101241310,18917262,5.02,200,0.1004,S,18917260,11315161,0,16:08:50.424
000931.SZ,10:12:41.310,101241310,18917263,5.02,200,0.1004,S,18917260,11353211,0,16:08:50.424
000931.SZ,10:12:41.310,101241310,18917264,5.02,400,0.2008,S,18917260,11357985,0,16:08:50.424
000931.SZ,10:12:41.310,101241310,18917266,5.02,1400,0.7028,S,18917265,11357985,0,16:08:50.424
000931.SZ,10:12:41.310,101241310,18917268,5.02,1400,0.7028,S,18917267,11357985,0,16:08:50.424
000931.SZ,10:12:41.310,101241310,18917278,5.02,100,0.0502,S,18917277,11357985,0,16:08:50.424
000931.SZ,10:12:41.340,101241340,18917361,5.03,100,0.0503,B,18285156,18917360,0,16:08:50.424
000931.SZ,10:12:41.350,101241350,18917391,5.03,100,0.0503,B,18285156,18917390,0,16:08:50.424
000931.SZ,10:12:41.350,101241350,18917405,5.03,100,0.0503,B,18285156,18917404,0,16:08:50.424
000931.SZ,10:12:41.360,101241360,18917431,5.03,100,0.0503,B,18285156,18917430,0,16:08:50.424
000931.SZ,10:12:41.360,101241360,18917456,5.03,100,0.0503,B,18285156,18917455,0,16:08:50.424
000931.SZ,10:12:41.490,101241490,18917975,5.02,1400,0.7028,S,18917974,11357985,0,16:08:50.424
000931.SZ,10:12:44.120,101244120,18926966,5.02,300,0.1506,S,18926965,11357985,0,16:08:50.586
000931.SZ,10:12:44.120,101244120,18926967,5.02,200,0.1004,S,18926965,11605981,0,16:08:50.586
000931.SZ,10:12:44.120,101244120,18926968,5.02,500,0.251,S,18926965,11723435,0,16:08:50.586
000931.SZ,10:12:44.120,101244120,18926969,5.02,1000,0.502,S,18926965,11728134,0,16:08:50.586
000931.SZ,10:12:44.120,101244120,18926970,5.02,8000,4.016,S,18926965,11815485,0,16:08:50.586
000931.SZ,10:12:44.130,101244130,18926984,5.02,1300,0.6526,S,18926983,11815485,0,16:08:50.586
000931.SZ,10:12:44.150,101244150,18927071,5.03,100,0.0503,B,18285156,18927070,0,16:08:50.586
000931.SZ,10:12:44.150,101244150,18927085,5.03,100,0.0503,B,18313785,18927084,0,16:08:50.586
000931.SZ,10:12:44.170,101244170,18927124,5.03,100,0.0503,B,18313785,18927123,0,16:08:50.586
000931.SZ,10:12:44.580,101244580,18928275,5.02,100,0.0502,S,18928274,11815485,0,16:08:50.731
000931.SZ,10:12:45.410,101245410,18930483,5.02,300,0.1506,S,18930482,11815485,0,16:08:50.731
000931.SZ,10:12:45.830,101245830,18931784,5.02,300,0.1506,S,18931783,11815485,0,16:08:50.731
000931.SZ,10:12:45.830,101245830,18931785,5.02,100,0.0502,S,18931783,11816597,0,16:08:50.731
000931.SZ,10:12:45.830,101245830,18931786,5.02,1600,0.8032,S,18931783,11866328,0,16:08:50.731
000931.SZ,10:12:48.000,101248000,18937762,5.02,600,0.3012,S,18937761,11866328,0,16:08:50.907
000931.SZ,10:12:48.000,101248000,18937763,5.02,900,0.4518,S,18937761,11918345,0,16:08:50.907
000931.SZ,10:12:49.120,101249120,18941056,0.0,3100,0.0,?,18926996,0,0,16:08:50.907
000931.SZ,10:12:50.540,101250540,18945408,5.02,100,0.0502,S,18945407,11954540,0,16:08:51.079
000931.SZ,10:12:56.590,101256590,18964365,5.02,100,0.0502,S,18964364,11954540,0,16:08:51.520
000931.SZ,10:13:01.840,101301840,18985173,5.02,1000,0.502,S,18985172,11954540,0,16:08:52.084
000931.SZ,10:13:02.570,101302570,18987438,5.02,100,0.0502,S,18987437,11954540,0,16:08:52.084
000931.SZ,10:13:03.200,101303200,18989298,5.02,500,0.251,S,18989297,11954540,0,16:08:52.084
000931.SZ,10:13:03.370,101303370,18989769,5.03,700,0.3521,B,18313785,18989768,0,16:08:52.084
000931.SZ,10:13:03.540,101303540,18990208,0.0,100,0.0,?,18806761,0,0,16:08:52.084
000931.SZ,10:13:09.540,101309540,19010182,5.02,100,0.0502,S,19010181,11954540,0,16:08:52.564
000931.SZ,10:13:16.560,101316560,19032417,5.02,100,0.0502,S,19032416,11954540,0,16:08:53.165
000931.SZ,10:13:21.540,101321540,19055876,5.02,100,0.0502,S,19055875,11954540,0,16:08:53.453
000931.SZ,10:13:36.470,101336470,19106995,5.02,100,0.0502,S,19106994,11954540,0,16:08:54.595
000931.SZ,10:13:39.250,101339250,19115668,5.03,600,0.3018,B,18313785,19115667,0,16:08:54.766
000931.SZ,10:13:41.450,101341450,19122511,0.0,600,0.0,?,15814510,0,0,16:08:54.909
000931.SZ,10:13:45.180,101345180,19133951,0.0,300,0.0,?,0,18708287,0,16:08:55.169
000931.SZ,10:13:51.800,101351800,19154755,0.0,500,0.0,?,0,5562032,0,16:08:55.644
000931.SZ,10:13:58.090,101358090,19174329,5.03,500,0.2515,B,18313785,19174328,0,16:08:56.105
000931.SZ,10:13:58.090,101358090,19174330,5.03,1800,0.9054,B,18318489,19174328,0,16:08:56.105
000931.SZ,10:13:58.090,101358090,19174331,5.03,1000,0.503,B,18398738,19174328,0,16:08:56.105
000931.SZ,10:13:58.090,101358090,19174332,5.03,500,0.2515,B,18401696,19174328,0,16:08:56.105
000931.SZ,10:13:58.090,101358090,19174333,5.03,800,0.4024,B,18405529,19174328,0,16:08:56.105
000931.SZ,10:13:58.090,101358090,19174334,5.03,100,0.0503,B,18407910,19174328,0,16:08:56.105
000931.SZ,10:13:58.090,101358090,19174335,5.03,300,0.1509,B,18409030,19174328,0,16:08:56.105
000931.SZ,10:14:18.480,101418480,19241312,5.03,200,0.1006,B,18409030,19241311,0,16:08:57.557
000931.SZ,10:14:22.030,101422030,19251945,0.0,200,0.0,?,0,18372242,0,16:08:57.865
000931.SZ,10:14:22.030,101422030,19251969,0.0,700,0.0,?,0,18356368,0,16:08:57.865
000931.SZ,10:14:24.230,101424230,19258447,5.03,200,0.1006,B,18410689,19258446,0,16:08:58.008
000931.SZ,10:14:25.030,101425030,19261059,0.0,400,0.0,?,0,18426859,0,16:08:58.008
000931.SZ,10:14:25.800,101425800,19263274,5.02,100,0.0502,S,19263273,11954540,0,16:08:58.166
000931.SZ,10:14:28.020,101428020,19269660,0.0,500,0.0,?,0,18426904,0,16:08:58.352
000931.SZ,10:14:29.090,101429090,19272699,0.0,600,0.0,?,0,18351440,0,16:08:58.352
000931.SZ,10:14:29.220,101429220,19273127,0.0,300,0.0,?,0,18361724,0,16:08:58.352
000931.SZ,10:14:29.220,101429220,19273129,0.0,100,0.0,?,0,18356200,0,16:08:58.352
000931.SZ,10:14:29.220,101429220,19273130,0.0,200,0.0,?,0,18366830,0,16:08:58.352
000931.SZ,10:14:30.110,101430110,19276230,5.03,600,0.3018,B,18410689,19276229,0,16:08:58.526
000931.SZ,10:14:30.220,101430220,19276794,5.03,200,0.1006,B,18410689,19276793,0,16:08:58.526
000931.SZ,10:14:30.220,101430220,19276796,5.03,100,0.0503,B,18410689,19276795,0,16:08:58.526
000931.SZ,10:14:30.220,101430220,19276798,5.03,300,0.1509,B,18411227,19276797,0,16:08:58.526
000931.SZ,10:14:30.290,101430290,19277028,0.0,200,0.0,?,0,18458498,0,16:08:58.526
000931.SZ,10:14:30.300,101430300,19277036,0.0,100,0.0,?,0,18662687,0,16:08:58.526
000931.SZ,10:14:30.650,101430650,19278110,0.0,100,0.0,?,0,18664016,0,16:08:58.526
000931.SZ,10:14:30.660,101430660,19278149,0.0,200,0.0,?,0,18664331,0,16:08:58.526
000931.SZ,10:14:30.660,101430660,19278154,0.0,100,0.0,?,0,18673334,0,16:08:58.526
000931.SZ,10:14:30.670,101430670,19278164,0.0,700,0.0,?,0,18659759,0,16:08:58.526
000931.SZ,10:14:30.670,101430670,19278171,0.0,100,0.0,?,0,18445118,0,16:08:58.526
000931.SZ,10:14:30.700,101430700,19278260,5.03,100,0.0503,B,18411227,19278259,0,16:08:58.526
000931.SZ,10:14:30.890,101430890,19278778,0.0,500,0.0,?,0,19257758,0,16:08:58.526
000931.SZ,10:14:31.070,101431070,19279321,5.03,100,0.0503,B,18411227,19279320,0,16:08:58.526
000931.SZ,10:14:31.070,101431070,19279322,5.03,100,0.0503,B,18492284,19279320,0,16:08:58.526
000931.SZ,10:14:31.070,101431070,19279323,5.03,300,0.1509,B,18610073,19279320,0,16:08:58.526
000931.SZ,10:14:31.290,101431290,19280165,5.03,200,0.1006,B,18610073,19280164,0,16:08:58.526
000931.SZ,10:14:31.290,101431290,19280170,5.03,100,0.0503,B,18610073,19280169,0,16:08:58.526
000931.SZ,10:14:31.600,101431600,19281274,5.03,100,0.0503,B,18610073,19281273,0,16:08:58.526
000931.SZ,10:14:31.670,101431670,19281517,5.03,100,0.0503,B,18610073,19281516,0,16:08:58.526
000931.SZ,10:14:31.670,101431670,19281519,5.03,700,0.3521,B,18610073,19281518,0,16:08:58.526
000931.SZ,10:14:31.670,101431670,19281521,5.03,200,0.1006,B,18610073,19281520,0,16:08:58.526
000931.SZ,10:14:31.670,101431670,19281529,5.03,100,0.0503,B,18610073,19281528,0,16:08:58.526
000931.SZ,10:14:32.500,101432500,19284480,0.0,100,0.0,?,0,18459120,0,16:08:58.681
000931.SZ,10:14:32.500,101432500,19284481,0.0,300,0.0,?,0,18459128,0,16:08:58.681
000931.SZ,10:14:32.500,101432500,19284486,0.0,300,0.0,?,0,18451606,0,16:08:58.681
000931.SZ,10:14:32.750,101432750,19285179,0.0,200,0.0,?,0,19271840,0,16:08:58.681
000931.SZ,10:14:32.950,101432950,19285759,5.03,200,0.1006,B,18610073,19285758,0,16:08:58.681
000931.SZ,10:14:34.240,101434240,19290489,0.0,100,0.0,?,0,18257142,0,16:08:58.865
000931.SZ,10:14:34.440,101434440,19291260,5.03,100,0.0503,B,18647455,19291259,0,16:08:58.865
000931.SZ,10:14:34.490,101434490,19291522,5.03,100,0.0503,B,18647456,19291521,0,16:08:58.865
000931.SZ,10:14:35.490,101435490,19295243,5.03,100,0.0503,B,18647499,19295242,0,16:08:58.865
000931.SZ,10:14:35.490,101435490,19295244,5.03,200,0.1006,B,18654048,19295242,0,16:08:58.865
000931.SZ,10:14:35.490,101435490,19295246,5.03,300,0.1509,B,18654048,19295245,0,16:08:58.865
000931.SZ,10:14:36.230,101436230,19297724,0.0,100,0.0,?,0,17854385,0,16:08:58.865
000931.SZ,10:14:36.430,101436430,19298463,5.03,100,0.0503,B,18654048,19298462,0,16:08:58.865
000931.SZ,10:14:36.650,101436650,19299443,0.0,100,0.0,?,0,18930470,0,16:08:58.865
000931.SZ,10:14:36.830,101436830,19299998,5.03,100,0.0503,B,18654048,19299997,0,16:08:59.024
000931.SZ,10:14:38.590,101438590,19306613,0.0,100,0.0,?,17444252,0,0,16:08:59.024
000931.SZ,10:14:38.790,101438790,19307133,5.02,100,0.0502,S,19307132,11954540,0,16:08:59.180
000931.SZ,10:14:38.980,101438980,19307641,0.0,100,0.0,?,18670883,0,0,16:08:59.180
000931.SZ,10:14:39.000,101439000,19307739,5.03,100,0.0503,B,18654048,19307738,0,16:08:59.180
000931.SZ,10:14:39.180,101439180,19308286,5.02,100,0.0502,S,19308285,11954540,0,16:08:59.180
000931.SZ,10:14:52.500,101452500,19353343,5.03,100,0.0503,B,18658177,19353342,0,16:09:00.083
000931.SZ,10:14:59.110,101459110,19375333,0.0,300,0.0,?,15918787,0,0,16:09:00.569
000931.SZ,10:14:59.270,101459270,19375816,5.02,300,0.1506,S,19375815,11954540,0,16:09:00.569
000931.SZ,10:15:00.040,101500040,19378039,0.0,400,0.0,?,0,19276724,0,16:09:00.569
000931.SZ,10:15:00.060,101500060,19378087,0.0,500,0.0,?,0,19287073,0,16:09:00.569
000931.SZ,10:15:00.060,101500060,19378094,0.0,700,0.0,?,0,19267502,0,16:09:00.569
000931.SZ,10:15:05.800,101505800,19400417,5.02,2000,1.004,S,19400416,11954540,0,16:09:01.193
000931.SZ,10:15:18.910,101518910,19446926,5.02,100,0.0502,S,19446925,11954540,0,16:09:02.168
000931.SZ,10:15:19.600,101519600,19449497,5.03,500,0.2515,B,18658177,19449496,0,16:09:02.168
000931.SZ,10:15:19.600,101519600,19449498,5.03,100,0.0503,B,18685487,19449496,0,16:09:02.168
000931.SZ,10:15:19.600,101519600,19449499,5.03,400,0.2012,B,18703541,19449496,0,16:09:02.168
000931.SZ,10:15:20.980,101520980,19453763,0.0,500,0.0,?,0,19438433,0,16:09:02.292
000931.SZ,10:15:21.510,101521510,19456187,5.03,200,0.1006,B,18703541,19456186,0,16:09:02.292
000931.SZ,10:15:21.510,101521510,19456188,5.03,300,0.1509,B,18706442,19456186,0,16:09:02.292
000931.SZ,10:15:22.500,101522500,19459979,5.03,100,0.0503,B,18706442,19459978,0,16:09:02.417
000931.SZ,10:15:23.400,101523400,19462742,0.0,500,0.0,?,0,16794748,0,16:09:02.589
000931.SZ,10:15:26.370,101526370,19475302,0.0,500,0.0,?,18703587,0,0,16:09:02.715
000931.SZ,10:15:26.390,101526390,19475357,0.0,600,0.0,?,18703558,0,0,16:09:02.715
000931.SZ,10:15:29.890,101529890,19486024,5.03,500,0.2515,B,18706442,19486023,0,16:09:02.993
000931.SZ,10:15:39.130,101539130,19515426,0.0,500,0.0,?,0,19226444,0,16:09:03.666
000931.SZ,10:15:40.070,101540070,19519402,5.02,100,0.0502,S,19519401,11954540,0,16:09:03.666
000931.SZ,10:15:40.070,101540070,19519403,5.02,100,0.0502,S,19519401,12011275,0,16:09:03.666
000931.SZ,10:15:40.070,101540070,19519404,5.02,1000,0.502,S,19519401,12039695,0,16:09:03.666
000931.SZ,10:15:40.070,101540070,19519405,5.02,200,0.1004,S,19519401,12152829,0,16:09:03.666
000931.SZ,10:15:40.070,101540070,19519406,5.02,15000,7.53,S,19519401,12217364,0,16:09:03.666
000931.SZ,10:15:40.070,101540070,19519407,5.02,3000,1.506,S,19519401,12286822,0,16:09:03.666
000931.SZ,10:15:40.070,101540070,19519408,5.02,1900,0.9538,S,19519401,12323626,0,16:09:03.666
000931.SZ,10:15:40.070,101540070,19519409,5.02,600,0.3012,S,19519401,12568027,0,16:09:03.666
000931.SZ,10:15:40.070,101540070,19519410,5.02,500,0.251,S,19519401,12932439,0,16:09:03.666
000931.SZ,10:15:40.070,101540070,19519411,5.02,500,0.251,S,19519401,13048682,0,16:09:03.666
000931.SZ,10:15:40.070,101540070,19519412,5.02,2500,1.255,S,19519401,13171391,0,16:09:03.666
000931.SZ,10:15:43.080,101543080,19529690,5.02,1400,0.7028,S,19529689,13171391,0,16:09:03.943
000931.SZ,10:15:45.310,101545310,19536518,5.03,100,0.0503,B,18706442,19536517,0,16:09:04.041
000931.SZ,10:15:45.310,101545310,19536519,5.03,1000,0.503,B,18707922,19536517,0,16:09:04.041
000931.SZ,10:15:45.310,101545310,19536520,5.03,500,0.2515,B,18716650,19536517,0,16:09:04.041
000931.SZ,10:15:46.530,101546530,19541133,5.03,300,0.1509,B,18716650,19541132,0,16:09:04.183
000931.SZ,10:15:46.880,101546880,19542134,5.02,1100,0.5522,S,19542133,13171391,0,16:09:04.183
000931.SZ,10:15:46.880,101546880,19542135,5.02,900,0.4518,S,19542133,13535274,0,16:09:04.183
000931.SZ,10:15:47.090,101547090,19542762,5.02,100,0.0502,S,19542761,13535274,0,16:09:04.183
000931.SZ,10:15:47.090,101547090,19542763,5.02,500,0.251,S,19542761,13721243,0,16:09:04.183
000931.SZ,10:15:47.090,101547090,19542764,5.02,300,0.1506,S,19542761,13891551,0,16:09:04.183
000931.SZ,10:15:47.090,101547090,19542765,5.02,500,0.251,S,19542761,13979193,0,16:09:04.183
000931.SZ,10:15:48.260,101548260,19546016,0.0,200,0.0,?,308920,0,0,16:09:04.385
000931.SZ,10:15:49.990,101549990,19552718,0.0,1000,0.0,?,0,16598669,0,16:09:04.385
000931.SZ,10:15:50.050,101550050,19552956,5.02,800,0.4016,S,19552955,15115015,0,16:09:04.385
000931.SZ,10:15:52.100,101552100,19560464,5.02,700,0.3514,S,19560463,15115015,0,16:09:04.588
000931.SZ,10:15:56.060,101556060,19575587,5.02,600,0.3012,S,19575586,15115015,0,16:09:04.912
000931.SZ,10:16:00.070,101600070,19590278,5.02,600,0.3012,S,19590277,15115015,0,16:09:05.212
000931.SZ,10:16:01.850,101601850,19598686,0.0,16800,0.0,?,0,19315609,0,16:09:05.587
000931.SZ,10:16:03.730,101603730,19605082,0.0,100,0.0,?,19192272,0,0,16:09:05.587
000931.SZ,10:16:06.080,101606080,19613557,5.02,600,0.3012,S,19613556,15115015,0,16:09:05.766
000931.SZ,10:16:06.200,101606200,19613868,5.02,400,0.2008,S,19613867,15115015,0,16:09:05.766
000931.SZ,10:16:11.060,101611060,19631059,5.02,600,0.3012,S,19631058,15115015,0,16:09:06.100
000931.SZ,10:16:16.510,101616510,19649292,5.02,200,0.1004,S,19649291,15115015,0,16:09:06.555
000931.SZ,10:16:22.500,101622500,19670871,5.03,100,0.0503,B,18717205,19670870,0,16:09:07.004
000931.SZ,10:16:25.080,101625080,19678576,5.02,500,0.251,S,19678575,15115015,0,16:09:07.242
000931.SZ,10:16:25.080,101625080,19678577,5.02,200,0.1004,S,19678575,15389734,0,16:09:07.242
000931.SZ,10:16:26.750,101626750,19684000,0.0,200,0.0,?,0,18643913,0,16:09:07.397
000931.SZ,10:16:26.750,101626750,19684001,0.0,200,0.0,?,0,18643914,0,16:09:07.397
000931.SZ,10:16:26.750,101626750,19684006,0.0,200,0.0,?,0,18643912,0,16:09:07.397
000931.SZ,10:16:26.750,101626750,19684010,0.0,200,0.0,?,0,18643915,0,16:09:07.397
000931.SZ,10:16:27.030,101627030,19684665,0.0,100,0.0,?,0,18644629,0,16:09:07.397
000931.SZ,10:16:28.100,101628100,19688243,5.02,700,0.3514,S,19688242,15389734,0,16:09:07.397
000931.SZ,10:16:31.060,101631060,19698517,5.02,700,0.3514,S,19698516,15389734,0,16:09:07.727
000931.SZ,10:16:31.950,101631950,19702490,5.02,400,0.2008,S,19702489,15389734,0,16:09:07.727
000931.SZ,10:16:31.950,101631950,19702491,5.02,100,0.0502,S,19702489,15491213,0,16:09:07.727
000931.SZ,10:16:31.950,101631950,19702492,5.02,1000,0.502,S,19702489,15536407,0,16:09:07.727
000931.SZ,10:16:31.950,101631950,19702493,5.02,1000,0.502,S,19702489,16398746,0,16:09:07.727
000931.SZ,10:16:31.950,101631950,19702494,5.02,100,0.0502,S,19702489,16581230,0,16:09:07.727
000931.SZ,10:16:31.950,101631950,19702495,5.02,100,0.0502,S,19702489,16780632,0,16:09:07.727
000931.SZ,10:16:31.950,101631950,19702496,5.02,900,0.4518,S,19702489,16863553,0,16:09:07.727
000931.SZ,10:16:31.950,101631950,19702497,5.02,600,0.3012,S,19702489,16873427,0,16:09:07.727
000931.SZ,10:16:31.950,101631950,19702498,5.02,200,0.1004,S,19702489,16908290,0,16:09:07.727
000931.SZ,10:16:31.950,101631950,19702499,5.02,200,0.1004,S,19702489,16945641,0,16:09:07.727
000931.SZ,10:16:31.950,101631950,19702500,5.02,400,0.2008,S,19702489,16945642,0,16:09:07.727
000931.SZ,10:16:31.950,101631950,19702501,5.02,900,0.4518,S,19702489,16945643,0,16:09:07.727
000931.SZ,10:16:31.950,101631950,19702502,5.02,400,0.2008,S,19702489,16945659,0,16:09:07.727
000931.SZ,10:16:31.960,101631960,19702526,5.02,100,0.0502,S,19702525,16945661,0,16:09:07.727
000931.SZ,10:16:32.560,101632560,19704841,5.02,200,0.1004,S,19704840,16945661,0,16:09:07.727
000931.SZ,10:16:32.560,101632560,19704842,5.02,200,0.1004,S,19704840,16945664,0,16:09:07.727
000931.SZ,10:16:32.560,101632560,19704843,5.02,100,0.0502,S,19704840,16945667,0,16:09:07.727
000931.SZ,10:16:32.560,101632560,19704844,5.02,2600,1.3052,S,19704840,17498679,0,16:09:07.727
000931.SZ,10:16:32.640,101632640,19705086,0.0,100,0.0,?,17498885,0,0,16:09:07.727
000931.SZ,10:16:32.650,101632650,19705104,5.02,100,0.0502,S,19705103,17498679,0,16:09:07.727
000931.SZ,10:16:32.670,101632670,19705157,5.02,700,0.3514,S,19705156,17498679,0,16:09:07.727
000931.SZ,10:16:32.670,101632670,19705159,5.02,1600,0.8032,S,19705158,17498679,0,16:09:07.727
000931.SZ,10:16:32.670,101632670,19705160,5.02,400,0.2008,S,19705158,17527267,0,16:09:07.727
000931.SZ,10:16:32.670,101632670,19705176,5.02,600,0.3012,S,19705175,17527267,0,16:09:07.727
000931.SZ,10:16:32.670,101632670,19705177,5.02,500,0.251,S,19705175,17559077,0,16:09:07.727
000931.SZ,10:16:32.670,101632670,19705179,5.02,100,0.0502,S,19705178,17670599,0,16:09:07.727
000931.SZ,10:16:32.670,101632670,19705180,5.02,300,0.1506,S,19705178,18136666,0,16:09:07.727
000931.SZ,10:16:32.670,101632670,19705192,5.02,300,0.1506,S,19705191,18197923,0,16:09:07.727
000931.SZ,10:16:32.670,101632670,19705193,5.02,1000,0.502,S,19705191,18203114,0,16:09:07.727
000931.SZ,10:16:32.670,101632670,19705194,5.02,700,0.3514,S,19705191,18210780,0,16:09:07.727
000931.SZ,10:16:32.730,101632730,19705380,5.02,100,0.0502,S,19705379,18210780,0,16:09:07.727
000931.SZ,10:16:32.810,101632810,19705569,5.02,100,0.0502,S,19705568,18210780,0,16:09:07.727
000931.SZ,10:16:32.940,101632940,19705982,5.02,100,0.0502,S,19705981,18210780,0,16:09:07.893
000931.SZ,10:16:33.110,101633110,19706628,0.0,700,0.0,?,19552772,0,0,16:09:07.893
000931.SZ,10:16:33.110,101633110,19706629,0.0,1300,0.0,?,19530911,0,0,16:09:07.893
000931.SZ,10:16:33.110,101633110,19706635,0.0,2400,0.0,?,19530910,0,0,16:09:07.893
000931.SZ,10:16:33.130,101633130,19706672,0.0,1000,0.0,?,19552820,0,0,16:09:07.893
000931.SZ,10:16:33.130,101633130,19706673,0.0,700,0.0,?,19520493,0,0,16:09:07.893
000931.SZ,10:16:33.130,101633130,19706687,0.0,2000,0.0,?,19531005,0,0,16:09:07.893
000931.SZ,10:16:33.140,101633140,19706729,0.0,2500,0.0,?,19531183,0,0,16:09:07.893
000931.SZ,10:16:33.140,101633140,19706730,0.0,1200,0.0,?,19520931,0,0,16:09:07.893
000931.SZ,10:16:33.280,101633280,19707135,5.02,2200,1.1044,S,19707134,18210780,0,16:09:07.893
000931.SZ,10:16:33.310,101633310,19707312,5.02,100,0.0502,S,19707311,18210780,0,16:09:07.893
000931.SZ,10:16:33.320,101633320,19707345,5.02,2300,1.1546,S,19707344,18210780,0,16:09:07.893
000931.SZ,10:16:33.320,101633320,19707348,5.02,700,0.3514,S,19707347,18210780,0,16:09:07.893
000931.SZ,10:16:33.320,101633320,19707352,5.02,100,0.0502,S,19707351,18210780,0,16:09:07.893
000931.SZ,10:16:33.380,101633380,19707743,5.02,1500,0.753,S,19707742,18210780,0,16:09:07.893
000931.SZ,10:16:33.380,101633380,19707745,5.02,2100,1.0542,S,19707744,18210780,0,16:09:07.893
000931.SZ,10:16:33.380,101633380,19707746,5.02,200,0.1004,S,19707744,18229479,0,16:09:07.893
000931.SZ,10:16:33.380,101633380,19707747,5.02,3000,1.506,S,19707744,18278853,0,16:09:07.893
000931.SZ,10:16:33.380,101633380,19707749,5.02,3600,1.8072,S,19707748,18278853,0,16:09:07.893
000931.SZ,10:16:33.380,101633380,19707751,5.02,2000,1.004,S,19707750,18278853,0,16:09:07.893
000931.SZ,10:16:33.390,101633390,19707757,5.02,300,0.1506,S,19707756,18278853,0,16:09:07.893
000931.SZ,10:16:33.400,101633400,19707785,5.02,1100,0.5522,S,19707784,18278853,0,16:09:07.893
000931.SZ,10:16:33.400,101633400,19707786,5.02,100,0.0502,S,19707784,18281291,0,16:09:07.893
000931.SZ,10:16:33.400,101633400,19707787,5.02,800,0.4016,S,19707784,18306192,0,16:09:07.893
000931.SZ,10:16:33.400,101633400,19707788,5.02,500,0.251,S,19707784,18341612,0,16:09:07.893
000931.SZ,10:16:33.400,101633400,19707789,5.02,400,0.2008,S,19707784,18393799,0,16:09:07.893
000931.SZ,10:16:33.400,101633400,19707790,5.02,100,0.0502,S,19707784,18395318,0,16:09:07.893
000931.SZ,10:16:33.400,101633400,19707791,5.02,300,0.1506,S,19707784,18397189,0,16:09:07.893
000931.SZ,10:16:33.400,101633400,19707792,5.02,100,0.0502,S,19707784,18398412,0,16:09:07.893
000931.SZ,10:16:33.400,101633400,19707793,5.02,200,0.1004,S,19707784,18398417,0,16:09:07.893
000931.SZ,10:16:33.400,101633400,19707794,5.02,100,0.0502,S,19707784,18402507,0,16:09:07.893
000931.SZ,10:16:33.400,101633400,19707795,5.02,100,0.0502,S,19707784,18415345,0,16:09:07.893
000931.SZ,10:16:33.400,101633400,19707796,5.02,300,0.1506,S,19707784,18425708,0,16:09:07.893
000931.SZ,10:16:33.400,101633400,19707799,5.02,3000,1.506,S,19707798,18425708,0,16:09:07.893
000931.SZ,10:16:33.400,101633400,19707815,5.02,700,0.3514,S,19707814,18425708,0,16:09:07.893
000931.SZ,10:16:33.410,101633410,19707821,5.02,3100,1.5562,S,19707820,18425708,0,16:09:07.893
000931.SZ,10:16:33.410,101633410,19707826,5.02,2100,1.0542,S,19707825,18425708,0,16:09:07.893
000931.SZ,10:16:33.410,101633410,19707844,5.02,700,0.3514,S,19707843,18425708,0,16:09:07.893
000931.SZ,10:16:33.410,101633410,19707845,5.02,1500,0.753,S,19707843,18463547,0,16:09:07.893
000931.SZ,10:16:33.410,101633410,19707846,5.02,1100,0.5522,S,19707843,18471757,0,16:09:07.893
000931.SZ,10:16:33.410,101633410,19707848,5.02,2500,1.255,S,19707847,18471757,0,16:09:07.893
000931.SZ,10:16:33.410,101633410,19707851,5.02,1000,0.502,S,19707850,18471757,0,16:09:07.893
000931.SZ,10:16:33.410,101633410,19707853,5.02,1200,0.6024,S,19707852,18471757,0,16:09:07.893
000931.SZ,10:16:33.410,101633410,19707855,5.02,1900,0.9538,S,19707854,18471757,0,16:09:07.893
000931.SZ,10:16:33.410,101633410,19707856,5.02,800,0.4016,S,19707854,18481825,0,16:09:07.893
000931.SZ,10:16:33.410,101633410,19707857,5.02,300,0.1506,S,19707854,18481993,0,16:09:07.893
000931.SZ,10:16:33.410,101633410,19707858,5.02,600,0.3012,S,19707854,18506167,0,16:09:07.893
000931.SZ,10:16:33.410,101633410,19707859,5.02,200,0.1004,S,19707854,18523182,0,16:09:07.893
000931.SZ,10:16:33.410,101633410,19707860,5.02,1000,0.502,S,19707854,18534269,0,16:09:07.893
000931.SZ,10:16:33.410,101633410,19707861,5.02,1600,0.8032,S,19707854,18632147,0,16:09:07.893
000931.SZ,10:16:33.430,101633430,19707913,5.02,400,0.2008,S,19707912,18632147,0,16:09:07.893
000931.SZ,10:16:33.430,101633430,19707914,5.02,900,0.4518,S,19707912,18633642,0,16:09:07.893
000931.SZ,10:16:33.430,101633430,19707915,5.02,600,0.3012,S,19707912,18633661,0,16:09:07.893
000931.SZ,10:16:33.430,101633430,19707916,5.02,100,0.0502,S,19707912,18635826,0,16:09:07.893
000931.SZ,10:16:33.430,101633430,19707917,5.02,300,0.1506,S,19707912,18637576,0,16:09:07.893
000931.SZ,10:16:33.430,101633430,19707926,5.02,100,0.0502,S,19707925,18637576,0,16:09:07.893
000931.SZ,10:16:33.430,101633430,19707927,5.02,300,0.1506,S,19707925,18639997,0,16:09:07.893
000931.SZ,10:16:33.430,101633430,19707928,5.02,700,0.3514,S,19707925,18640731,0,16:09:07.893
000931.SZ,10:16:33.430,101633430,19707929,5.02,100,0.0502,S,19707925,18648215,0,16:09:07.893
000931.SZ,10:16:33.430,101633430,19707930,5.02,200,0.1004,S,19707925,18649613,0,16:09:07.893
000931.SZ,10:16:33.430,101633430,19707931,5.02,200,0.1004,S,19707925,18649614,0,16:09:07.893
000931.SZ,10:16:33.430,101633430,19707932,5.02,100,0.0502,S,19707925,18711533,0,16:09:07.893
000931.SZ,10:16:33.430,101633430,19707933,5.02,2000,1.004,S,19707925,18734070,0,16:09:07.893
000931.SZ,10:16:33.430,101633430,19707934,5.02,1100,0.5522,S,19707925,18754786,0,16:09:07.893
000931.SZ,10:16:33.430,101633430,19707936,5.02,400,0.2008,S,19707935,18754786,0,16:09:07.893
000931.SZ,10:16:33.430,101633430,19707937,5.02,200,0.1004,S,19707935,18755736,0,16:09:07.893
000931.SZ,10:16:33.430,101633430,19707938,5.02,500,0.251,S,19707935,18755822,0,16:09:07.893
000931.SZ,10:16:33.430,101633430,19707940,5.02,500,0.251,S,19707939,18755822,0,16:09:07.893
000931.SZ,10:16:33.430,101633430,19707941,5.02,400,0.2008,S,19707939,18782600,0,16:09:07.893
000931.SZ,10:16:33.440,101633440,19707955,5.02,200,0.1004,S,19707954,18782600,0,16:09:07.893
000931.SZ,10:16:33.440,101633440,19707957,5.02,200,0.1004,S,19707956,18782600,0,16:09:07.893
000931.SZ,10:16:33.440,101633440,19707959,5.02,500,0.251,S,19707958,18838039,0,16:09:07.893
000931.SZ,10:16:33.440,101633440,19707960,5.02,300,0.1506,S,19707958,18838451,0,16:09:07.893
000931.SZ,10:16:33.440,101633440,19708019,5.02,100,0.0502,S,19708018,18865771,0,16:09:07.893
000931.SZ,10:16:33.440,101633440,19708020,5.02,100,0.0502,S,19708018,18868594,0,16:09:07.893
000931.SZ,10:16:33.440,101633440,19708021,5.02,100,0.0502,S,19708018,18965365,0,16:09:07.893
000931.SZ,10:16:33.440,101633440,19708022,5.02,100,0.0502,S,19708018,19019806,0,16:09:07.893
000931.SZ,10:16:33.440,101633440,19708026,5.02,100,0.0502,S,19708025,19019806,0,16:09:07.893
000931.SZ,10:16:33.440,101633440,19708027,5.02,300,0.1506,S,19708025,19058670,0,16:09:07.893
000931.SZ,10:16:33.440,101633440,19708055,5.02,100,0.0502,S,19708054,19058670,0,16:09:07.893
000931.SZ,10:16:33.600,101633600,19708584,5.02,100,0.0502,S,19708583,19058670,0,16:09:07.893
000931.SZ,10:16:33.610,101633610,19708603,5.02,300,0.1506,S,19708602,19065320,0,16:09:07.893
000931.SZ,10:16:33.610,101633610,19708604,5.02,100,0.0502,S,19708602,19068045,0,16:09:07.893
000931.SZ,10:16:33.610,101633610,19708605,5.02,100,0.0502,S,19708602,19077793,0,16:09:07.893
000931.SZ,10:16:33.610,101633610,19708606,5.02,200,0.1004,S,19708602,19078451,0,16:09:07.893
000931.SZ,10:16:33.610,101633610,19708607,5.02,1700,0.8534,S,19708602,19107283,0,16:09:07.893
000931.SZ,10:16:33.610,101633610,19708611,5.02,100,0.0502,S,19708610,19107283,0,16:09:07.893
000931.SZ,10:16:33.650,101633650,19708826,5.02,2500,1.255,S,19708825,19107283,0,16:09:07.893
000931.SZ,10:16:33.660,101633660,19708864,5.02,100,0.0502,S,19708863,19107283,0,16:09:07.893
000931.SZ,10:16:33.800,101633800,19709699,5.02,100,0.0502,S,19709698,19107283,0,16:09:07.893
000931.SZ,10:16:34.060,101634060,19710610,5.02,1300,0.6526,S,19710609,19107283,0,16:09:07.893
000931.SZ,10:16:34.080,101634080,19710667,5.02,100,0.0502,S,19710666,19107283,0,16:09:07.893
000931.SZ,10:16:34.120,101634120,19710853,0.0,1000,0.0,?,16677282,0,0,16:09:07.893
000931.SZ,10:16:34.550,101634550,19712501,5.02,100,0.0502,S,19712500,19107283,0,16:09:07.893
000931.SZ,10:16:34.660,101634660,19713025,0.0,54800,0.0,?,17936926,0,0,16:09:07.893
000931.SZ,10:16:34.700,101634700,19713136,5.02,39300,19.7286,S,19713135,19107283,0,16:09:07.893
000931.SZ,10:16:34.700,101634700,19713137,5.02,1000,0.502,S,19713135,19112522,0,16:09:07.893
000931.SZ,10:16:34.700,101634700,19713138,5.02,3000,1.506,S,19713135,19117101,0,16:09:07.893
000931.SZ,10:16:34.700,101634700,19713139,5.02,700,0.3514,S,19713135,19159467,0,16:09:08.067
000931.SZ,10:16:34.700,101634700,19713140,5.02,300,0.1506,S,19713135,19160967,0,16:09:08.067
000931.SZ,10:16:34.700,101634700,19713141,5.02,1000,0.502,S,19713135,19162720,0,16:09:08.067
000931.SZ,10:16:34.700,101634700,19713142,5.02,400,0.2008,S,19713135,19162725,0,16:09:08.067
000931.SZ,10:16:34.700,101634700,19713143,5.02,600,0.3012,S,19713135,19162817,0,16:09:08.067
000931.SZ,10:16:34.700,101634700,19713144,5.02,200,0.1004,S,19713135,19165918,0,16:09:08.067
000931.SZ,10:16:34.700,101634700,19713145,5.02,600,0.3012,S,19713135,19167449,0,16:09:08.067
000931.SZ,10:16:34.700,101634700,19713146,5.02,10000,5.02,S,19713135,19169328,0,16:09:08.067
000931.SZ,10:16:34.700,101634700,19713147,5.02,100,0.0502,S,19713135,19173493,0,16:09:08.067
000931.SZ,10:16:34.700,101634700,19713148,5.02,100,0.0502,S,19713135,19233429,0,16:09:08.067
000931.SZ,10:16:34.700,101634700,19713149,5.02,900,0.4518,S,19713135,19240787,0,16:09:08.067
000931.SZ,10:16:34.700,101634700,19713150,5.02,500,0.251,S,19713135,19246498,0,16:09:08.067
000931.SZ,10:16:34.700,101634700,19713151,5.02,500,0.251,S,19713135,19246732,0,16:09:08.067
000931.SZ,10:16:34.700,101634700,19713152,5.02,100,0.0502,S,19713135,19247933,0,16:09:08.067
000931.SZ,10:16:34.700,101634700,19713153,5.02,300,0.1506,S,19713135,19249418,0,16:09:08.067
000931.SZ,10:16:34.700,101634700,19713154,5.02,100,0.0502,S,19713135,19260963,0,16:09:08.067
000931.SZ,10:16:34.700,101634700,19713155,5.02,500,0.251,S,19713135,19265757,0,16:09:08.067
000931.SZ,10:16:34.700,101634700,19713156,5.02,200,0.1004,S,19713135,19266531,0,16:09:08.067
000931.SZ,10:16:34.700,101634700,19713157,5.02,600,0.3012,S,19713135,19280168,0,16:09:08.067
000931.SZ,10:16:34.700,101634700,19713158,5.02,800,0.4016,S,19713135,19290228,0,16:09:08.067
000931.SZ,10:16:34.700,101634700,19713159,5.02,400,0.2008,S,19713135,19345163,0,16:09:08.067
000931.SZ,10:16:34.700,101634700,19713160,5.02,200,0.1004,S,19713135,19355392,0,16:09:08.067
000931.SZ,10:16:34.700,101634700,19713161,5.02,100,0.0502,S,19713135,19367319,0,16:09:08.067
000931.SZ,10:16:34.700,101634700,19713162,5.02,1000,0.502,S,19713135,19370057,0,16:09:08.067
000931.SZ,10:16:34.700,101634700,19713163,5.02,800,0.4016,S,19713135,19403561,0,16:09:08.067
000931.SZ,10:16:34.700,101634700,19713164,5.02,500,0.251,S,19713135,19441450,0,16:09:08.067
000931.SZ,10:16:34.700,101634700,19713165,5.02,100,0.0502,S,19713135,19477910,0,16:09:08.067
000931.SZ,10:16:34.700,101634700,19713166,5.02,300,0.1506,S,19713135,19486039,0,16:09:08.067
000931.SZ,10:16:34.700,101634700,19713167,5.02,700,0.3514,S,19713135,19525417,0,16:09:08.067
000931.SZ,10:16:34.700,101634700,19713168,5.02,1000,0.502,S,19713135,19531883,0,16:09:08.067
000931.SZ,10:16:34.700,101634700,19713169,5.02,500,0.251,S,19713135,19567630,0,16:09:08.067
000931.SZ,10:16:34.700,101634700,19713170,5.02,200,0.1004,S,19713135,19576452,0,16:09:08.067
000931.SZ,10:16:34.700,101634700,19713171,5.02,1600,0.8032,S,19713135,19591834,0,16:09:08.067
000931.SZ,10:16:34.700,101634700,19713172,5.02,1000,0.502,S,19713135,19633918,0,16:09:08.067
000931.SZ,10:16:34.700,101634700,19713173,5.02,800,0.4016,S,19713135,19646691,0,16:09:08.067
000931.SZ,10:16:34.700,101634700,19713174,5.02,100,0.0502,S,19713135,19681677,0,16:09:08.067
000931.SZ,10:16:35.090,101635090,19714773,0.0,1700,0.0,?,19449514,0,0,16:09:08.067
000931.SZ,10:16:35.090,101635090,19714774,0.0,3100,0.0,?,19174349,0,0,16:09:08.067
000931.SZ,10:16:35.720,101635720,19716598,0.0,7300,0.0,?,19713199,0,0,16:09:08.067
000931.SZ,10:16:36.210,101636210,19718022,5.02,200,0.1004,B,19713196,19718021,0,16:09:08.067
000931.SZ,10:16:36.210,101636210,19718023,5.02,100,0.0502,B,19713197,19718021,0,16:09:08.067
000931.SZ,10:16:36.210,101636210,19718024,5.02,300,0.1506,B,19713198,19718021,0,16:09:08.067
000931.SZ,10:16:36.210,101636210,19718026,5.02,500,0.251,B,19714847,19718025,0,16:09:08.067
000931.SZ,10:16:36.210,101636210,19718028,5.02,100,0.0502,B,19717905,19718027,0,16:09:08.067
000931.SZ,10:16:36.210,101636210,19718053,5.02,200,0.1004,S,19718052,19718027,0,16:09:08.067
000931.SZ,10:16:36.210,101636210,19718055,5.02,200,0.1004,S,19718054,19718027,0,16:09:08.067
000931.SZ,10:16:36.350,101636350,19718776,0.0,100,0.0,?,18947582,0,0,16:09:08.067
000931.SZ,10:16:36.360,101636360,19718818,5.02,100,0.0502,B,19718056,19718817,0,16:09:08.067
000931.SZ,10:16:36.360,101636360,19718820,5.02,100,0.0502,B,19718056,19718819,0,16:09:08.067
000931.SZ,10:16:36.400,101636400,19719066,0.0,900,0.0,?,16213691,0,0,16:09:08.067
000931.SZ,10:16:39.180,101639180,19728146,5.02,100,0.0502,B,19718056,19728145,0,16:09:08.365
000931.SZ,10:16:39.190,101639190,19728151,5.02,200,0.1004,B,19718081,19728150,0,16:09:08.365
000931.SZ,10:16:39.190,101639190,19728170,5.02,200,0.1004,B,19718081,19728169,0,16:09:08.365
000931.SZ,10:16:39.190,101639190,19728171,5.02,200,0.1004,B,19718092,19728169,0,16:09:08.365
000931.SZ,10:16:39.190,101639190,19728172,5.02,100,0.0502,B,19718095,19728169,0,16:09:08.365
000931.SZ,10:16:39.190,101639190,19728174,5.02,500,0.251,B,19718095,19728173,0,16:09:08.365
000931.SZ,10:16:39.190,101639190,19728177,5.02,400,0.2008,B,19718095,19728176,0,16:09:08.365
000931.SZ,10:16:39.190,101639190,19728178,5.02,600,0.3012,B,19718107,19728176,0,16:09:08.365
000931.SZ,10:16:39.190,101639190,19728179,5.02,100,0.0502,B,19718111,19728176,0,16:09:08.365
000931.SZ,10:16:39.190,101639190,19728181,5.02,300,0.1506,B,19718111,19728180,0,16:09:08.365
000931.SZ,10:16:39.190,101639190,19728182,5.02,300,0.1506,B,19718115,19728180,0,16:09:08.365
000931.SZ,10:16:39.190,101639190,19728201,0.0,3100,0.0,?,19718051,0,0,16:09:08.365
000931.SZ,10:16:39.200,101639200,19728210,5.02,300,0.1506,B,19718115,19728209,0,16:09:08.365
000931.SZ,10:16:40.190,101640190,19731420,5.02,100,0.0502,B,19718115,19731419,0,16:09:08.365
000931.SZ,10:16:40.190,101640190,19731421,5.02,400,0.2008,B,19718116,19731419,0,16:09:08.365
000931.SZ,10:16:40.190,101640190,19731422,5.02,100,0.0502,B,19718121,19731419,0,16:09:08.365
000931.SZ,10:16:40.200,101640200,19731432,5.02,100,0.0502,B,19718121,19731431,0,16:09:08.365
000931.SZ,10:16:40.200,101640200,19731435,5.02,100,0.0502,B,19718121,19731434,0,16:09:08.365
000931.SZ,10:16:40.200,101640200,19731437,5.02,100,0.0502,B,19718121,19731436,0,16:09:08.365
000931.SZ,10:16:40.210,101640210,19731460,5.02,100,0.0502,B,19718121,19731459,0,16:09:08.365
000931.SZ,10:16:40.810,101640810,19733712,5.02,100,0.0502,B,19718121,19733711,0,16:09:08.365
000931.SZ,10:16:40.810,101640810,19733713,5.02,400,0.2008,B,19718147,19733711,0,16:09:08.365
000931.SZ,10:16:40.810,101640810,19733714,5.02,600,0.3012,B,19718156,19733711,0,16:09:08.365
000931.SZ,10:16:40.840,101640840,19733817,5.02,600,0.3012,B,19718156,19733816,0,16:09:08.365
000931.SZ,10:16:41.010,101641010,19734511,5.02,400,0.2008,B,19718156,19734510,0,16:09:08.491
000931.SZ,10:16:41.010,101641010,19734513,5.02,300,0.1506,B,19718387,19734512,0,16:09:08.491
000931.SZ,10:16:41.010,101641010,19734516,5.02,300,0.1506,B,19720873,19734515,0,16:09:08.491
000931.SZ,10:16:41.020,101641020,19734542,5.02,700,0.3514,B,19720873,19734541,0,16:09:08.491
000931.SZ,10:16:41.020,101641020,19734543,5.02,100,0.0502,B,19720949,19734541,0,16:09:08.491
000931.SZ,10:16:41.160,101641160,19735094,5.02,300,0.1506,B,19720949,19735093,0,16:09:08.491
000931.SZ,10:16:41.340,101641340,19736162,0.0,20100,0.0,?,19132059,0,0,16:09:08.491
000931.SZ,10:16:41.350,101641350,19736187,0.0,300,0.0,?,19476522,0,0,16:09:08.491
000931.SZ,10:16:41.360,101641360,19736240,0.0,400,0.0,?,19476452,0,0,16:09:08.491
000931.SZ,10:16:41.430,101641430,19736465,5.02,100,0.0502,B,19720949,19736464,0,16:09:08.491
000931.SZ,10:16:41.550,101641550,19736814,5.02,200,0.1004,B,19720949,19736813,0,16:09:08.491
000931.SZ,10:16:41.550,101641550,19736819,5.02,400,0.2008,B,19720949,19736818,0,16:09:08.491
000931.SZ,10:16:41.800,101641800,19737578,0.0,400,0.0,?,8215858,0,0,16:09:08.491
000931.SZ,10:16:45.220,101645220,19749565,5.02,300,0.1506,B,19720949,19749564,0,16:09:08.810
000931.SZ,10:16:45.320,101645320,19749892,0.0,100,0.0,?,19156454,0,0,16:09:08.810
000931.SZ,10:16:45.330,101645330,19749919,0.0,100,0.0,?,19340935,0,0,16:09:08.810
000931.SZ,10:16:48.000,101648000,19758373,5.02,100,0.0502,B,19720949,19758372,0,16:09:08.955
000931.SZ,10:16:48.000,101648000,19758374,5.02,1700,0.8534,B,19728202,19758372,0,16:09:08.955
000931.SZ,10:16:48.000,101648000,19758375,5.02,200,0.1004,B,19733724,19758372,0,16:09:08.955
000931.SZ,10:16:48.150,101648150,19758820,0.0,1600,0.0,?,18978637,0,0,16:09:08.955
000931.SZ,10:16:48.170,101648170,19758856,0.0,1700,0.0,?,18978534,0,0,16:09:08.955
000931.SZ,10:16:49.330,101649330,19762909,5.01,1000,0.501,S,19762908,29492,0,16:09:09.113
000931.SZ,10:16:49.330,101649330,19762910,5.01,20000,10.02,S,19762908,223606,0,16:09:09.113
000931.SZ,10:16:49.330,101649330,19762911,5.01,9000,4.509,S,19762908,691626,0,16:09:09.113
000931.SZ,10:16:51.220,101651220,19769281,0.0,100,0.0,?,19411342,0,0,16:09:09.271
000931.SZ,10:16:51.220,101651220,19769288,0.0,900,0.0,?,19410441,0,0,16:09:09.271
000931.SZ,10:16:51.220,101651220,19769290,0.0,100,0.0,?,19410201,0,0,16:09:09.271
000931.SZ,10:16:51.240,101651240,19769334,0.0,100,0.0,?,19418544,0,0,16:09:09.271
000931.SZ,10:16:51.250,101651250,19769352,0.0,100,0.0,?,19409799,0,0,16:09:09.271
000931.SZ,10:16:51.260,101651260,19769391,0.0,100,0.0,?,19413768,0,0,16:09:09.271
000931.SZ,10:16:51.260,101651260,19769392,0.0,100,0.0,?,19411376,0,0,16:09:09.271
000931.SZ,10:16:51.340,101651340,19769795,5.01,7000,3.507,S,19769794,691626,0,16:09:09.271
000931.SZ,10:16:51.340,101651340,19769796,5.01,400,0.2004,S,19769794,714596,0,16:09:09.271
000931.SZ,10:16:51.340,101651340,19769797,5.01,1000,0.501,S,19769794,875556,0,16:09:09.271
000931.SZ,10:16:51.340,101651340,19769798,5.01,2600,1.3026,S,19769794,1174569,0,16:09:09.271
000931.SZ,10:16:53.900,101653900,19779874,0.0,100,0.0,?,18745050,0,0,16:09:09.521
000931.SZ,10:17:02.880,101702880,19819258,5.02,500,0.251,B,19733724,19819257,0,16:09:10.294
000931.SZ,10:17:04.050,101704050,19823733,0.0,200,0.0,?,17486786,0,0,16:09:10.481
000931.SZ,10:17:05.020,101705020,19828186,5.02,2000,1.004,B,19733724,19828185,0,16:09:10.481
000931.SZ,10:17:05.990,101705990,19831862,5.02,400,0.2008,B,19733724,19831861,0,16:09:10.481
000931.SZ,10:17:05.990,101705990,19831863,5.02,300,0.1506,B,19734731,19831861,0,16:09:10.481
000931.SZ,10:17:06.170,101706170,19832668,0.0,600,0.0,?,0,19718046,0,16:09:10.481
000931.SZ,10:17:06.220,101706220,19832895,0.0,1400,0.0,?,19506343,0,0,16:09:10.638
000931.SZ,10:17:09.210,101709210,19843428,5.02,600,0.3012,B,19737499,19843427,0,16:09:10.826
000931.SZ,10:17:15.930,101715930,19865646,0.0,100,0.0,?,18946876,0,0,16:09:11.325
000931.SZ,10:17:23.150,101723150,19890039,0.0,100,0.0,?,18859005,0,0,16:09:11.810
000931.SZ,10:17:31.580,101731580,19919753,5.02,200,0.1004,B,19737499,19919752,0,16:09:12.528
000931.SZ,10:17:31.580,101731580,19919754,5.02,400,0.2008,B,19737505,19919752,0,16:09:12.528
000931.SZ,10:17:31.580,101731580,19919755,5.02,200,0.1004,B,19749952,19919752,0,16:09:12.528
000931.SZ,10:17:31.580,101731580,19919756,5.02,2600,1.3052,B,19751079,19919752,0,16:09:12.528
000931.SZ,10:17:31.580,101731580,19919757,5.02,1700,0.8534,B,19761024,19919752,0,16:09:12.528
000931.SZ,10:17:31.580,101731580,19919758,5.02,900,0.4518,B,19762000,19919752,0,16:09:12.528
000931.SZ,10:17:32.780,101732780,19923705,0.0,500,0.0,?,19819747,0,0,16:09:12.528
000931.SZ,10:17:33.200,101733200,19924930,0.0,1600,0.0,?,19761055,0,0,16:09:12.528
000931.SZ,10:17:33.210,101733210,19924945,0.0,1700,0.0,?,18978404,0,0,16:09:12.528
000931.SZ,10:17:40.500,101740500,19950660,0.0,100,0.0,?,18914802,0,0,16:09:13.086
000931.SZ,10:17:41.450,101741450,19953757,0.0,300,0.0,?,19737543,0,0,16:09:13.229
000931.SZ,10:17:41.460,101741460,19953786,0.0,400,0.0,?,19476426,0,0,16:09:13.229
000931.SZ,10:17:42.350,101742350,19956357,5.01,2400,1.2024,S,19956356,1174569,0,16:09:13.229
000931.SZ,10:17:42.350,101742350,19956358,5.01,900,0.4509,S,19956356,1946450,0,16:09:13.229
000931.SZ,10:17:42.350,101742350,19956359,5.01,100,0.0501,S,19956356,3139192,0,16:09:13.229
000931.SZ,10:17:42.350,101742350,19956360,5.01,200,0.1002,S,19956356,5032693,0,16:09:13.229
000931.SZ,10:17:42.350,101742350,19956361,5.01,600,0.3006,S,19956356,5836498,0,16:09:13.229
000931.SZ,10:17:42.350,101742350,19956362,5.01,1000,0.501,S,19956356,9022813,0,16:09:13.229
000931.SZ,10:17:42.350,101742350,19956363,5.01,2000,1.002,S,19956356,10012813,0,16:09:13.229
000931.SZ,10:17:42.350,101742350,19956364,5.01,5000,2.505,S,19956356,10451743,0,16:09:13.229
000931.SZ,10:17:42.350,101742350,19956365,5.01,2000,1.002,S,19956356,10925971,0,16:09:13.229
000931.SZ,10:17:42.350,101742350,19956366,5.01,5000,2.505,S,19956356,11311549,0,16:09:13.229
000931.SZ,10:17:42.350,101742350,19956367,5.01,900,0.4509,S,19956356,11477482,0,16:09:13.229
000931.SZ,10:17:43.620,101743620,19960722,5.02,200,0.1004,B,19762000,19960721,0,16:09:13.354
000931.SZ,10:17:43.620,101743620,19960723,5.02,200,0.1004,B,19762049,19960721,0,16:09:13.354
000931.SZ,10:17:43.640,101743640,19960854,5.02,100,0.0502,B,19762049,19960853,0,16:09:13.354
000931.SZ,10:17:43.660,101743660,19960908,5.02,100,0.0502,B,19762049,19960907,0,16:09:13.354
000931.SZ,10:17:43.660,101743660,19960917,5.02,100,0.0502,B,19762049,19960916,0,16:09:13.354
000931.SZ,10:17:44.590,101744590,19963940,5.02,100,0.0502,B,19762049,19963939,0,16:09:13.511
000931.SZ,10:17:44.590,101744590,19963942,5.02,100,0.0502,B,19762049,19963941,0,16:09:13.511
000931.SZ,10:17:44.590,101744590,19963944,5.02,100,0.0502,B,19762049,19963943,0,16:09:13.511
000931.SZ,10:17:44.600,101744600,19963961,5.02,100,0.0502,B,19762049,19963960,0,16:09:13.511
000931.SZ,10:17:44.620,101744620,19964029,5.02,100,0.0502,B,19762049,19964028,0,16:09:13.511
000931.SZ,10:17:49.950,101749950,19982227,5.02,100,0.0502,B,19762082,19982226,0,16:09:13.824
000931.SZ,10:17:50.370,101750370,19983746,0.0,2500,0.0,?,19869583,0,0,16:09:13.929
000931.SZ,10:17:53.400,101753400,19993455,5.02,100,0.0502,B,19762082,19993454,0,16:09:14.164
000931.SZ,10:17:53.430,101753430,19993542,5.02,100,0.0502,B,19762082,19993541,0,16:09:14.164
000931.SZ,10:17:53.430,101753430,19993553,5.02,100,0.0502,B,19762082,19993552,0,16:09:14.164
000931.SZ,10:17:58.110,101758110,20008538,0.0,1000,0.0,?,0,13841938,0,16:09:14.477
000931.SZ,10:18:02.890,101802890,20025791,5.02,600,0.3012,B,19762082,20025790,0,16:09:14.891
000931.SZ,10:18:02.890,101802890,20025792,5.02,300,0.1506,B,19767286,20025790,0,16:09:14.891
000931.SZ,10:18:02.890,101802890,20025793,5.02,100,0.0502,B,19769298,20025790,0,16:09:14.891
000931.SZ,10:18:02.890,101802890,20025794,5.02,100,0.0502,B,19769309,20025790,0,16:09:14.891
000931.SZ,10:18:02.890,101802890,20025795,5.02,900,0.4518,B,19769314,20025790,0,16:09:14.891
000931.SZ,10:18:02.890,101802890,20025796,5.02,100,0.0502,B,19769386,20025790,0,16:09:14.891
000931.SZ,10:18:02.890,101802890,20025797,5.02,100,0.0502,B,19769404,20025790,0,16:09:14.891
000931.SZ,10:18:02.890,101802890,20025798,5.02,100,0.0502,B,19769593,20025790,0,16:09:14.891
000931.SZ,10:18:02.890,101802890,20025799,5.02,100,0.0502,B,19769594,20025790,0,16:09:14.891
000931.SZ,10:18:02.890,101802890,20025800,5.02,300,0.1506,B,19769728,20025790,0,16:09:14.891
000931.SZ,10:18:02.890,101802890,20025801,5.02,300,0.1506,B,19770781,20025790,0,16:09:14.891
000931.SZ,10:18:02.890,101802890,20025802,5.02,1600,0.8032,B,19771476,20025790,0,16:09:14.891
000931.SZ,10:18:02.890,101802890,20025803,5.02,1600,0.8032,B,19771493,20025790,0,16:09:14.891
000931.SZ,10:18:02.890,101802890,20025804,5.02,300,0.1506,B,19771697,20025790,0,16:09:14.891
000931.SZ,10:18:02.890,101802890,20025805,5.02,1000,0.502,B,19772443,20025790,0,16:09:14.891
000931.SZ,10:18:02.890,101802890,20025806,5.02,200,0.1004,B,19772479,20025790,0,16:09:14.891
000931.SZ,10:18:02.890,101802890,20025807,5.02,200,0.1004,B,19772487,20025790,0,16:09:14.891
000931.SZ,10:18:02.890,101802890,20025808,5.02,1000,0.502,B,19772772,20025790,0,16:09:14.891
000931.SZ,10:18:02.890,101802890,20025809,5.02,1000,0.502,B,19772801,20025790,0,16:09:14.891
000931.SZ,10:18:02.890,101802890,20025810,5.02,400,0.2008,B,19773677,20025790,0,16:09:14.891
000931.SZ,10:18:02.890,101802890,20025811,5.02,900,0.4518,B,19773863,20025790,0,16:09:14.891
000931.SZ,10:18:05.640,101805640,20036829,5.01,100,0.0501,S,20036828,11477482,0,16:09:15.226
000931.SZ,10:18:08.790,101808790,20048797,0.0,500,0.0,?,0,19830924,0,16:09:15.414
000931.SZ,10:18:11.910,101811910,20060004,5.01,200,0.1002,S,20060003,11477482,0,16:09:15.617
000931.SZ,10:18:13.730,101813730,20066752,0.0,3000,0.0,?,0,19963857,0,16:09:15.773
000931.SZ,10:18:15.270,101815270,20071278,5.02,300,0.1506,B,19773863,20071277,0,16:09:15.899
000931.SZ,10:18:15.270,101815270,20071279,5.02,800,0.4016,B,19773940,20071277,0,16:09:15.899
000931.SZ,10:18:16.510,101816510,20075769,5.02,600,0.3012,B,19773940,20075768,0,16:09:16.018
000931.SZ,10:18:16.510,101816510,20075770,5.02,300,0.1506,B,19774245,20075768,0,16:09:16.018
000931.SZ,10:18:20.460,101820460,20087558,5.02,100,0.0502,B,19779786,20087557,0,16:09:16.350
000931.SZ,10:18:25.910,101825910,20104822,5.01,100,0.0501,S,20104821,11477482,0,16:09:16.602
000931.SZ,10:18:27.200,101827200,20108199,5.02,200,0.1004,B,19779786,20108198,0,16:09:16.741
000931.SZ,10:18:27.200,101827200,20108200,5.02,300,0.1506,B,19780468,20108198,0,16:09:16.741
000931.SZ,10:18:27.200,101827200,20108201,5.02,100,0.0502,B,19786698,20108198,0,16:09:16.741
000931.SZ,10:18:27.580,101827580,20109332,0.0,500,0.0,?,0,19956385,0,16:09:16.741
000931.SZ,10:18:32.080,101832080,20122690,5.01,100,0.0501,S,20122689,11477482,0,16:09:17.080
000931.SZ,10:18:33.720,101833720,20127236,0.0,900,0.0,?,19534752,0,0,16:09:17.080
000931.SZ,10:18:34.230,101834230,20128613,5.02,100,0.0502,B,19786698,20128612,0,16:09:17.286
000931.SZ,10:18:35.860,101835860,20133443,5.01,1600,0.8016,S,20133442,11477482,0,16:09:17.286
000931.SZ,10:18:35.860,101835860,20133444,5.01,300,0.1503,S,20133442,11591100,0,16:09:17.286
000931.SZ,10:18:42.190,101842190,20151888,0.0,500,0.0,?,0,19728168,0,16:09:17.663
000931.SZ,10:18:42.190,101842190,20151889,0.0,700,0.0,?,0,19728175,0,16:09:17.663
000931.SZ,10:18:45.200,101845200,20161075,5.01,100,0.0501,S,20161074,11591100,0,16:09:17.850
000931.SZ,10:18:45.990,101845990,20163773,0.0,100,0.0,?,18791303,0,0,16:09:17.971
000931.SZ,10:18:46.550,101846550,20165938,5.01,300,0.1503,S,20165937,11591100,0,16:09:17.971
000931.SZ,10:18:48.940,101848940,20173987,0.0,100,0.0,?,0,19919771,0,16:09:18.019
000931.SZ,10:18:48.940,101848940,20173988,0.0,400,0.0,?,0,20133453,0,16:09:18.019
000931.SZ,10:18:48.940,101848940,20173989,0.0,100,0.0,?,0,20071293,0,16:09:18.019
000931.SZ,10:18:48.940,101848940,20173990,0.0,200,0.0,?,0,20025817,0,16:09:18.019
000931.SZ,10:18:53.000,101853000,20185955,5.01,100,0.0501,S,20185954,11591100,0,16:09:18.169
000931.SZ,10:19:01.560,101901560,20216564,5.01,500,0.2505,S,20216563,11591100,0,16:09:18.440
000931.SZ,10:19:06.670,101906670,20233061,5.01,100,0.0501,S,20233060,11591100,0,16:09:18.597
000931.SZ,10:19:12.260,101912260,20249752,0.0,1000,0.0,?,19726930,0,0,16:09:18.730
000931.SZ,10:19:12.940,101912940,20251765,5.01,100,0.0501,S,20251764,11591100,0,16:09:18.730
000931.SZ,10:19:17.500,101917500,20264431,5.01,500,0.2505,S,20264430,11591100,0,16:09:18.875
000931.SZ,10:19:17.500,101917500,20264432,5.01,1000,0.501,S,20264430,11737289,0,16:09:18.875
000931.SZ,10:19:17.500,101917500,20264433,5.01,100,0.0501,S,20264430,12568052,0,16:09:18.875
000931.SZ,10:19:26.530,101926530,20295158,5.01,100,0.0501,S,20295157,12568052,0,16:09:19.607
000931.SZ,10:19:31.290,101931290,20309717,0.0,100,0.0,?,0,20288290,0,16:09:19.936
000931.SZ,10:19:31.490,101931490,20310571,5.02,100,0.0502,B,19786698,20310570,0,16:09:19.936
000931.SZ,10:19:32.970,101932970,20316334,5.01,100,0.0501,S,20316333,12568052,0,16:09:20.071
000931.SZ,10:19:38.880,101938880,20339155,0.0,1300,0.0,?,0,20102799,0,16:09:20.591
000931.SZ,10:19:38.880,101938880,20339167,0.0,1400,0.0,?,0,18468187,0,16:09:20.591
000931.SZ,10:19:39.070,101939070,20339673,5.02,300,0.1506,B,19787520,20339672,0,16:09:20.591
000931.SZ,10:19:39.070,101939070,20339674,5.02,300,0.1506,B,19791808,20339672,0,16:09:20.591
000931.SZ,10:19:39.070,101939070,20339675,5.02,300,0.1506,B,19792247,20339672,0,16:09:20.591
000931.SZ,10:19:39.070,101939070,20339676,5.02,900,0.4518,B,19793381,20339672,0,16:09:20.591
000931.SZ,10:19:39.070,101939070,20339677,5.02,500,0.251,B,19802224,20339672,0,16:09:20.591
000931.SZ,10:19:39.070,101939070,20339678,5.02,300,0.1506,B,19805064,20339672,0,16:09:20.591
000931.SZ,10:19:39.070,101939070,20339679,5.02,100,0.0502,B,19819303,20339672,0,16:09:20.591
000931.SZ,10:19:42.450,101942450,20350133,0.0,600,0.0,?,19473835,0,0,16:09:20.763
000931.SZ,10:19:42.630,101942630,20350621,0.0,1100,0.0,?,19480577,0,0,16:09:20.763
000931.SZ,10:19:42.790,101942790,20351082,5.01,600,0.3006,S,20351081,12568052,0,16:09:20.763
000931.SZ,10:19:43.140,101943140,20351968,5.01,1100,0.5511,S,20351967,12568052,0,16:09:20.937
000931.SZ,10:19:46.380,101946380,20365054,5.01,100,0.0501,S,20365053,12568052,0,16:09:21.071
000931.SZ,10:19:46.950,101946950,20367936,5.02,100,0.0502,B,19819303,20367935,0,16:09:21.182
000931.SZ,10:19:46.950,101946950,20367937,5.02,1400,0.7028,B,19836629,20367935,0,16:09:21.182
000931.SZ,10:19:46.950,101946950,20367938,5.02,1000,0.502,B,19846244,20367935,0,16:09:21.182
000931.SZ,10:19:46.950,101946950,20367939,5.02,1100,0.5522,B,19846513,20367935,0,16:09:21.182
000931.SZ,10:19:46.950,101946950,20367940,5.02,1100,0.5522,B,19846932,20367935,0,16:09:21.182
000931.SZ,10:19:46.950,101946950,20367941,5.02,100,0.0502,B,19865656,20367935,0,16:09:21.182
000931.SZ,10:19:46.950,101946950,20367942,5.02,200,0.1004,B,19882347,20367935,0,16:09:21.182
000931.SZ,10:19:51.420,101951420,20383491,5.02,800,0.4016,B,19882347,20383490,0,16:09:21.481
000931.SZ,10:19:51.420,101951420,20383492,5.02,100,0.0502,B,19896550,20383490,0,16:09:21.481
000931.SZ,10:19:51.420,101951420,20383493,5.02,100,0.0502,B,19901829,20383490,0,16:09:21.481
000931.SZ,10:19:51.780,101951780,20384631,5.02,2000,1.004,B,19901829,20384630,0,16:09:21.481
000931.SZ,10:19:53.610,101953610,20390011,5.01,100,0.0501,S,20390010,12568052,0,16:09:21.623
000931.SZ,10:19:54.550,101954550,20392555,0.0,600,0.0,?,0,20351972,0,16:09:21.762
000931.SZ,10:19:54.550,101954550,20392556,0.0,300,0.0,?,0,20384648,0,16:09:21.762
000931.SZ,10:19:54.550,101954550,20392557,0.0,100,0.0,?,0,20383504,0,16:09:21.762
000931.SZ,10:20:00.190,102000190,20408136,0.0,1600,0.0,?,18822833,0,0,16:09:22.118
000931.SZ,10:20:00.190,102000190,20408138,0.0,1600,0.0,?,18822840,0,0,16:09:22.118
000931.SZ,10:20:00.190,102000190,20408139,0.0,600,0.0,?,18822841,0,0,16:09:22.118
000931.SZ,10:20:00.190,102000190,20408140,0.0,1400,0.0,?,18822839,0,0,16:09:22.118
000931.SZ,10:20:00.190,102000190,20408141,0.0,1300,0.0,?,18822842,0,0,16:09:22.118
000931.SZ,10:20:00.200,102000200,20408170,0.0,400,0.0,?,19000731,0,0,16:09:22.118
000931.SZ,10:20:00.200,102000200,20408173,0.0,4300,0.0,?,18736369,0,0,16:09:22.118
000931.SZ,10:20:00.200,102000200,20408174,0.0,1800,0.0,?,18965530,0,0,16:09:22.118
000931.SZ,10:20:00.200,102000200,20408178,0.0,100,0.0,?,19707893,0,0,16:09:22.118
000931.SZ,10:20:00.200,102000200,20408179,0.0,900,0.0,?,19191507,0,0,16:09:22.118
000931.SZ,10:20:00.200,102000200,20408191,0.0,2100,0.0,?,18729022,0,0,16:09:22.118
000931.SZ,10:20:06.410,102006410,20429678,5.01,7800,3.9078,S,20429677,12568052,0,16:09:22.747
000931.SZ,10:20:06.410,102006410,20429679,5.01,500,0.2505,S,20429677,14054868,0,16:09:22.747
000931.SZ,10:20:06.410,102006410,20429680,5.01,500,0.2505,S,20429677,14615637,0,16:09:22.747
000931.SZ,10:20:06.410,102006410,20429681,5.01,5000,2.505,S,20429677,14694773,0,16:09:22.747
000931.SZ,10:20:06.410,102006410,20429682,5.01,500,0.2505,S,20429677,14748650,0,16:09:22.747
000931.SZ,10:20:06.410,102006410,20429683,5.01,1500,0.7515,S,20429677,15448877,0,16:09:22.747
000931.SZ,10:20:06.410,102006410,20429684,5.01,1200,0.6012,S,20429677,15520702,0,16:09:22.747
000931.SZ,10:20:06.410,102006410,20429685,5.01,11200,5.6112,S,20429677,16381263,0,16:09:22.747
000931.SZ,10:20:06.410,102006410,20429686,5.01,800,0.4008,S,20429677,16688596,0,16:09:22.747
000931.SZ,10:20:06.410,102006410,20429687,5.01,1000,0.501,S,20429677,16768512,0,16:09:22.747
000931.SZ,10:20:06.410,102006410,20429688,5.01,2000,1.002,S,20429677,16932484,0,16:09:22.747
000931.SZ,10:20:06.410,102006410,20429689,5.01,8000,4.008,S,20429677,16965316,0,16:09:22.747
000931.SZ,10:20:06.410,102006410,20429690,5.01,800,0.4008,S,20429677,18259268,0,16:09:22.747
000931.SZ,10:20:06.410,102006410,20429691,5.01,800,0.4008,S,20429677,18904727,0,16:09:22.747
000931.SZ,10:20:06.410,102006410,20429692,5.01,800,0.4008,S,20429677,18981427,0,16:09:22.747
000931.SZ,10:20:06.410,102006410,20429693,5.01,200,0.1002,S,20429677,18989935,0,16:09:22.747
000931.SZ,10:20:06.410,102006410,20429694,5.01,800,0.4008,S,20429677,19010886,0,16:09:22.747
000931.SZ,10:20:06.410,102006410,20429695,5.01,800,0.4008,S,20429677,19085543,0,16:09:22.747
000931.SZ,10:20:06.410,102006410,20429696,5.01,1000,0.501,S,20429677,19240264,0,16:09:22.747
000931.SZ,10:20:06.410,102006410,20429697,5.01,800,0.4008,S,20429677,19255416,0,16:09:22.747
000931.SZ,10:20:06.410,102006410,20429698,5.01,800,0.4008,S,20429677,19534977,0,16:09:22.747
000931.SZ,10:20:06.410,102006410,20429699,5.01,800,0.4008,S,20429677,19548056,0,16:09:22.747
000931.SZ,10:20:06.410,102006410,20429700,5.01,8500,4.2585,S,20429677,19718460,0,16:09:22.747
000931.SZ,10:20:06.410,102006410,20429701,5.01,200,0.1002,S,20429677,19723888,0,16:09:22.747
000931.SZ,10:20:06.410,102006410,20429702,5.01,200,0.1002,S,20429677,19723889,0,16:09:22.747
000931.SZ,10:20:06.410,102006410,20429703,5.01,200,0.1002,S,20429677,19723893,0,16:09:22.747
000931.SZ,10:20:06.410,102006410,20429704,5.01,200,0.1002,S,20429677,19723894,0,16:09:22.747
000931.SZ,10:20:06.410,102006410,20429705,5.01,100,0.0501,S,20429677,19724623,0,16:09:22.747
000931.SZ,10:20:06.410,102006410,20429706,5.01,2600,1.3026,S,20429677,19727626,0,16:09:22.747
000931.SZ,10:20:06.410,102006410,20429707,5.01,100,0.0501,S,20429677,19740291,0,16:09:22.747
000931.SZ,10:20:06.410,102006410,20429708,5.01,100,0.0501,S,20429677,19744171,0,16:09:22.747
000931.SZ,10:20:06.410,102006410,20429709,5.01,400,0.2004,S,20429677,19761171,0,16:09:22.747
000931.SZ,10:20:06.410,102006410,20429710,5.01,9900,4.9599,S,20429677,19770513,0,16:09:22.747
000931.SZ,10:20:06.410,102006410,20429711,5.01,100,0.0501,S,20429677,19784560,0,16:09:22.747
000931.SZ,10:20:06.410,102006410,20429712,5.01,100,0.0501,S,20429677,19784690,0,16:09:22.747
000931.SZ,10:20:06.410,102006410,20429713,5.01,800,0.4008,S,20429677,19798148,0,16:09:22.747
000931.SZ,10:20:06.410,102006410,20429714,5.01,200,0.1002,S,20429677,19798161,0,16:09:22.747
000931.SZ,10:20:06.410,102006410,20429715,5.01,800,0.4008,S,20429677,19802806,0,16:09:22.747
000931.SZ,10:20:06.410,102006410,20429716,5.01,4400,2.2044,S,20429677,19820101,0,16:09:22.747
000931.SZ,10:20:06.410,102006410,20429717,5.01,100,0.0501,S,20429677,19830937,0,16:09:22.747
000931.SZ,10:20:06.410,102006410,20429718,5.01,100,0.0501,S,20429677,19851139,0,16:09:22.747
000931.SZ,10:20:06.410,102006410,20429719,5.01,800,0.4008,S,20429677,19855607,0,16:09:22.747
000931.SZ,10:20:06.410,102006410,20429720,5.01,1000,0.501,S,20429677,19872218,0,16:09:22.747
000931.SZ,10:20:06.410,102006410,20429721,5.01,1000,0.501,S,20429677,19890501,0,16:09:22.747
000931.SZ,10:20:06.410,102006410,20429722,5.01,100,0.0501,S,20429677,19896523,0,16:09:22.747
000931.SZ,10:20:06.410,102006410,20429723,5.01,800,0.4008,S,20429677,19896769,0,16:09:22.747
000931.SZ,10:20:06.410,102006410,20429724,5.01,200,0.1002,S,20429677,19903561,0,16:09:22.747
000931.SZ,10:20:06.410,102006410,20429725,5.01,100,0.0501,S,20429677,19998031,0,16:09:22.747
000931.SZ,10:20:06.410,102006410,20429726,5.01,100,0.0501,S,20429677,20003342,0,16:09:22.747
000931.SZ,10:20:06.410,102006410,20429727,5.01,800,0.4008,S,20429677,20069991,0,16:09:22.747
000931.SZ,10:20:06.410,102006410,20429728,5.01,500,0.2505,S,20429677,20070682,0,16:09:22.747
000931.SZ,10:20:06.410,102006410,20429729,5.01,500,0.2505,S,20429677,20084736,0,16:09:22.747
000931.SZ,10:20:06.410,102006410,20429730,5.01,500,0.2505,S,20429677,20087809,0,16:09:22.747
000931.SZ,10:20:06.410,102006410,20429731,5.01,200,0.1002,S,20429677,20105017,0,16:09:22.747
000931.SZ,10:20:06.410,102006410,20429732,5.01,1000,0.501,S,20429677,20122927,0,16:09:22.747
000931.SZ,10:20:06.410,102006410,20429733,5.01,100,0.0501,S,20429677,20199953,0,16:09:22.747
000931.SZ,10:20:06.410,102006410,20429734,5.01,800,0.4008,S,20429677,20209814,0,16:09:22.747
000931.SZ,10:20:06.410,102006410,20429735,5.01,500,0.2505,S,20429677,20226814,0,16:09:22.747
000931.SZ,10:20:06.410,102006410,20429736,5.01,100,0.0501,S,20429677,20272716,0,16:09:22.747
000931.SZ,10:20:06.410,102006410,20429737,5.01,800,0.4008,S,20429677,20280396,0,16:09:22.747
000931.SZ,10:20:06.410,102006410,20429738,5.01,100,0.0501,S,20429677,20280713,0,16:09:22.747
000931.SZ,10:20:06.410,102006410,20429739,5.01,100,0.0501,S,20429677,20288559,0,16:09:22.747
000931.SZ,10:20:06.410,102006410,20429740,5.01,100,0.0501,S,20429677,20297639,0,16:09:22.747
000931.SZ,10:20:06.410,102006410,20429741,5.01,5000,2.505,S,20429677,20299661,0,16:09:22.747
000931.SZ,10:20:06.410,102006410,20429742,5.01,300,0.1503,S,20429677,20301062,0,16:09:22.747
000931.SZ,10:20:06.410,102006410,20429743,5.01,100,0.0501,S,20429677,20318931,0,16:09:22.747
000931.SZ,10:20:06.410,102006410,20429744,5.01,300,0.1503,S,20429677,20345916,0,16:09:22.747
000931.SZ,10:20:06.410,102006410,20429745,5.01,2900,1.4529,S,20429677,20350539,0,16:09:22.747
000931.SZ,10:20:06.410,102006410,20429746,5.01,2700,1.3527,S,20429677,20350542,0,16:09:22.747
000931.SZ,10:20:06.410,102006410,20429747,5.01,1800,0.9018,S,20429677,20350543,0,16:09:22.747
000931.SZ,10:20:06.420,102006420,20429790,5.01,200,0.1002,S,20429789,20350543,0,16:09:22.747
000931.SZ,10:20:06.430,102006430,20429845,5.01,800,0.4008,S,20429844,20350543,0,16:09:22.747
000931.SZ,10:20:06.430,102006430,20429846,5.01,2000,1.002,S,20429844,20377492,0,16:09:22.747
000931.SZ,10:20:06.430,102006430,20429847,5.01,10000,5.01,S,20429844,20393473,0,16:09:22.747
000931.SZ,10:20:06.430,102006430,20429848,5.01,200,0.1002,S,20429844,20398616,0,16:09:22.747
000931.SZ,10:20:06.430,102006430,20429849,5.01,100,0.0501,S,20429844,20407562,0,16:09:22.747
000931.SZ,10:20:06.430,102006430,20429850,5.01,100,0.0501,S,20429844,20419613,0,16:09:22.747
000931.SZ,10:20:06.430,102006430,20429851,5.01,5000,2.505,S,20429844,20422040,0,16:09:22.747
000931.SZ,10:20:06.430,102006430,20429852,5.01,200,0.1002,S,20429844,20429788,0,16:09:22.747
000931.SZ,10:20:06.450,102006450,20429908,5.01,4200,2.1042,B,20429893,20429907,0,16:09:22.747
000931.SZ,10:20:06.560,102006560,20430268,0.0,100,0.0,?,17417322,0,0,16:09:22.747
000931.SZ,10:20:06.560,102006560,20430271,0.0,100,0.0,?,17417323,0,0,16:09:22.747
000931.SZ,10:20:06.570,102006570,20430298,0.0,100,0.0,?,17417355,0,0,16:09:22.747
000931.SZ,10:20:08.520,102008520,20436772,5.01,100,0.0501,S,20436771,20430314,0,16:09:22.888
000931.SZ,10:20:08.540,102008540,20436843,5.01,100,0.0501,S,20436842,20430314,0,16:09:22.888
000931.SZ,10:20:08.540,102008540,20436844,5.01,300,0.1503,S,20436842,20430317,0,16:09:22.888
000931.SZ,10:20:08.540,102008540,20436845,5.01,300,0.1503,S,20436842,20430319,0,16:09:22.888
000931.SZ,10:20:08.540,102008540,20436846,5.01,2800,1.4028,S,20436842,20431070,0,16:09:22.888
000931.SZ,10:20:09.270,102009270,20439403,5.01,700,0.3507,S,20439402,20431070,0,16:09:22.888
000931.SZ,10:20:09.330,102009330,20439650,5.01,200,0.1002,S,20439649,20431070,0,16:09:22.888
000931.SZ,10:20:09.350,102009350,20439752,5.01,1300,0.6513,S,20439751,20431070,0,16:09:22.888
000931.SZ,10:20:09.350,102009350,20439753,5.01,500,0.2505,S,20439751,20432756,0,16:09:22.888
000931.SZ,10:20:09.350,102009350,20439754,5.01,100,0.0501,S,20439751,20435935,0,16:09:22.888
000931.SZ,10:20:09.350,102009350,20439755,5.01,400,0.2004,S,20439751,20439398,0,16:09:22.888
000931.SZ,10:20:09.350,102009350,20439756,5.01,100,0.0501,S,20439751,20439411,0,16:09:22.888
000931.SZ,10:20:09.360,102009360,20439763,5.0,500,0.25,S,20439762,35847,0,16:09:22.888
000931.SZ,10:20:09.360,102009360,20439764,5.0,1000,0.5,S,20439762,37170,0,16:09:22.888
000931.SZ,10:20:09.360,102009360,20439765,5.0,200,0.1,S,20439762,72712,0,16:09:22.888
000931.SZ,10:20:09.360,102009360,20439766,5.0,1100,0.55,S,20439762,127886,0,16:09:22.888
000931.SZ,10:20:09.370,102009370,20439816,5.01,400,0.2004,B,20439751,20439815,0,16:09:22.888
000931.SZ,10:20:09.380,102009380,20439909,5.01,200,0.1002,B,20439809,20439908,0,16:09:22.888
000931.SZ,10:20:09.380,102009380,20439910,5.01,200,0.1002,B,20439861,20439908,0,16:09:22.888
000931.SZ,10:20:09.380,102009380,20439911,5.01,100,0.0501,B,20439877,20439908,0,16:09:22.888
000931.SZ,10:20:09.380,102009380,20439913,5.01,100,0.0501,B,20439877,20439912,0,16:09:22.888
000931.SZ,10:20:09.380,102009380,20439914,5.01,500,0.2505,B,20439878,20439912,0,16:09:22.888
000931.SZ,10:20:09.380,102009380,20439916,5.01,700,0.3507,B,20439878,20439915,0,16:09:22.888
000931.SZ,10:20:09.380,102009380,20439920,5.01,200,0.1002,B,20439878,20439919,0,16:09:22.888
000931.SZ,10:20:09.380,102009380,20439922,5.01,200,0.1002,B,20439878,20439921,0,16:09:22.888
000931.SZ,10:20:09.380,102009380,20439927,5.01,500,0.2505,B,20439878,20439926,0,16:09:22.888
000931.SZ,10:20:09.390,102009390,20440008,5.01,200,0.1002,B,20439881,20440007,0,16:09:22.888
000931.SZ,10:20:09.760,102009760,20441398,5.01,800,0.4008,B,20439881,20441397,0,16:09:23.004
000931.SZ,10:20:09.760,102009760,20441421,5.01,800,0.4008,B,20439881,20441420,0,16:09:23.004
000931.SZ,10:20:10.060,102010060,20442464,5.01,500,0.2505,B,20439881,20442463,0,16:09:23.004
000931.SZ,10:20:10.060,102010060,20442466,5.01,700,0.3507,B,20439881,20442465,0,16:09:23.004
000931.SZ,10:20:10.070,102010070,20442485,5.01,200,0.1002,B,20439881,20442484,0,16:09:23.004
000931.SZ,10:20:10.070,102010070,20442487,5.01,300,0.1503,B,20439881,20442486,0,16:09:23.004
000931.SZ,10:20:10.070,102010070,20442491,5.01,300,0.1503,B,20439881,20442490,0,16:09:23.004
000931.SZ,10:20:10.080,102010080,20442523,5.01,200,0.1002,B,20439881,20442522,0,16:09:23.004
000931.SZ,10:20:10.080,102010080,20442540,5.01,1100,0.5511,B,20439881,20442539,0,16:09:23.004
000931.SZ,10:20:10.080,102010080,20442544,5.01,100,0.0501,B,20439881,20442543,0,16:09:23.004
000931.SZ,10:20:10.080,102010080,20442546,5.01,200,0.1002,B,20439881,20442545,0,16:09:23.004
000931.SZ,10:20:10.080,102010080,20442548,5.01,200,0.1002,B,20439881,20442547,0,16:09:23.004
000931.SZ,10:20:10.080,102010080,20442550,5.01,100,0.0501,B,20439881,20442549,0,16:09:23.004
000931.SZ,10:20:10.080,102010080,20442552,5.01,100,0.0501,B,20439881,20442551,0,16:09:23.004
000931.SZ,10:20:10.080,102010080,20442554,5.01,300,0.1503,B,20439881,20442553,0,16:09:23.004
000931.SZ,10:20:10.080,102010080,20442556,5.01,200,0.1002,B,20439881,20442555,0,16:09:23.004
000931.SZ,10:20:10.080,102010080,20442559,5.01,100,0.0501,B,20439881,20442558,0,16:09:23.004
000931.SZ,10:20:10.080,102010080,20442562,5.01,100,0.0501,B,20439881,20442561,0,16:09:23.004
000931.SZ,10:20:10.080,102010080,20442564,5.01,200,0.1002,B,20439881,20442563,0,16:09:23.004
000931.SZ,10:20:10.080,102010080,20442566,5.01,100,0.0501,B,20439881,20442565,0,16:09:23.004
000931.SZ,10:20:10.080,102010080,20442570,5.01,200,0.1002,B,20439881,20442569,0,16:09:23.004
000931.SZ,10:20:10.080,102010080,20442576,5.01,200,0.1002,B,20439881,20442575,0,16:09:23.004
000931.SZ,10:20:10.080,102010080,20442578,5.01,100,0.0501,B,20439881,20442577,0,16:09:23.004
000931.SZ,10:20:10.080,102010080,20442580,5.01,100,0.0501,B,20439881,20442579,0,16:09:23.004
000931.SZ,10:20:10.080,102010080,20442582,5.01,200,0.1002,B,20439881,20442581,0,16:09:23.004
000931.SZ,10:20:10.080,102010080,20442584,5.01,300,0.1503,B,20439881,20442583,0,16:09:23.004
000931.SZ,10:20:10.080,102010080,20442586,5.01,200,0.1002,B,20439881,20442585,0,16:09:23.004
000931.SZ,10:20:10.080,102010080,20442588,5.01,100,0.0501,B,20439881,20442587,0,16:09:23.004
000931.SZ,10:20:10.090,102010090,20442590,5.01,300,0.1503,B,20439881,20442589,0,16:09:23.004
000931.SZ,10:20:10.090,102010090,20442592,5.01,200,0.1002,B,20439881,20442591,0,16:09:23.004
000931.SZ,10:20:10.090,102010090,20442594,5.01,300,0.1503,B,20439881,20442593,0,16:09:23.004
000931.SZ,10:20:10.090,102010090,20442596,5.01,200,0.1002,B,20439881,20442595,0,16:09:23.004
000931.SZ,10:20:10.090,102010090,20442599,5.01,100,0.0501,B,20439881,20442598,0,16:09:23.004
000931.SZ,10:20:10.090,102010090,20442601,5.01,100,0.0501,B,20439881,20442600,0,16:09:23.004
000931.SZ,10:20:10.090,102010090,20442602,5.01,100,0.0501,B,20439887,20442600,0,16:09:23.004
000931.SZ,10:20:10.090,102010090,20442604,5.01,100,0.0501,B,20439887,20442603,0,16:09:23.004
000931.SZ,10:20:10.090,102010090,20442605,5.01,100,0.0501,B,20440006,20442603,0,16:09:23.004
000931.SZ,10:20:10.090,102010090,20442609,5.01,100,0.0501,B,20440006,20442608,0,16:09:23.004
000931.SZ,10:20:10.090,102010090,20442611,5.01,300,0.1503,B,20442479,20442610,0,16:09:23.004
000931.SZ,10:20:10.090,102010090,20442613,5.01,200,0.1002,B,20442479,20442612,0,16:09:23.004
000931.SZ,10:20:10.370,102010370,20443726,0.0,900,0.0,?,0,20439785,0,16:09:23.004
000931.SZ,10:20:10.510,102010510,20444284,0.0,6000,0.0,?,0,20439882,0,16:09:23.004
000931.SZ,10:20:11.110,102011110,20446198,0.0,800,0.0,?,0,20442574,0,16:09:23.186
000931.SZ,10:20:11.560,102011560,20447283,5.01,100,0.0501,S,20447282,20442615,0,16:09:23.186
000931.SZ,10:20:12.390,102012390,20449338,0.0,5000,0.0,?,0,20315618,0,16:09:23.186
000931.SZ,10:20:13.390,102013390,20452066,5.01,200,0.1002,S,20452065,20442615,0,16:09:23.186
000931.SZ,10:20:13.390,102013390,20452067,5.01,600,0.3006,S,20452065,20442616,0,16:09:23.186
000931.SZ,10:20:13.390,102013390,20452068,5.01,100,0.0501,S,20452065,20442617,0,16:09:23.186
000931.SZ,10:20:13.390,102013390,20452069,5.01,200,0.1002,S,20452065,20442628,0,16:09:23.186
000931.SZ,10:20:13.390,102013390,20452070,5.01,200,0.1002,S,20452065,20442629,0,16:09:23.186
000931.SZ,10:20:13.390,102013390,20452071,5.01,200,0.1002,S,20452065,20442630,0,16:09:23.186
000931.SZ,10:20:13.390,102013390,20452072,5.01,100,0.0501,S,20452065,20443771,0,16:09:23.186
000931.SZ,10:20:13.390,102013390,20452073,5.01,100,0.0501,S,20452065,20444247,0,16:09:23.186
000931.SZ,10:20:13.390,102013390,20452074,5.01,400,0.2004,S,20452065,20449393,0,16:09:23.186
000931.SZ,10:20:14.070,102014070,20454250,5.01,100,0.0501,S,20454249,20449393,0,16:09:23.352
000931.SZ,10:20:14.850,102014850,20456724,5.01,1000,0.501,S,20456723,20449393,0,16:09:23.352
000931.SZ,10:20:17.180,102017180,20466636,0.0,600,0.0,?,20388839,0,0,16:09:23.526
000931.SZ,10:20:17.180,102017180,20466637,0.0,8900,0.0,?,20388842,0,0,16:09:23.526
000931.SZ,10:20:17.340,102017340,20467498,0.0,9500,0.0,?,20389503,0,0,16:09:23.526
000931.SZ,10:20:17.340,102017340,20467503,0.0,9500,0.0,?,20389542,0,0,16:09:23.526
000931.SZ,10:20:17.350,102017350,20467552,0.0,2600,0.0,?,20347021,0,0,16:09:23.526
000931.SZ,10:20:18.890,102018890,20474253,5.01,500,0.2505,S,20474252,20449393,0,16:09:23.667
000931.SZ,10:20:18.890,102018890,20474254,5.01,800,0.4008,S,20474252,20450264,0,16:09:23.667
000931.SZ,10:20:18.890,102018890,20474255,5.01,800,0.4008,S,20474252,20450282,0,16:09:23.667
000931.SZ,10:20:18.890,102018890,20474256,5.01,200,0.1002,S,20474252,20458574,0,16:09:23.667
000931.SZ,10:20:18.890,102018890,20474257,5.01,1600,0.8016,S,20474252,20461512,0,16:09:23.667
000931.SZ,10:20:18.890,102018890,20474258,5.01,800,0.4008,S,20474252,20461570,0,16:09:23.667
000931.SZ,10:20:18.890,102018890,20474259,5.01,100,0.0501,S,20474252,20461680,0,16:09:23.667
000931.SZ,10:20:18.890,102018890,20474260,5.01,100,0.0501,S,20474252,20461754,0,16:09:23.667
000931.SZ,10:20:18.890,102018890,20474261,5.01,100,0.0501,S,20474252,20466566,0,16:09:23.667
000931.SZ,10:20:18.890,102018890,20474262,5.01,100,0.0501,S,20474252,20466590,0,16:09:23.667
000931.SZ,10:20:18.890,102018890,20474263,5.01,100,0.0501,S,20474252,20466593,0,16:09:23.667
000931.SZ,10:20:18.890,102018890,20474264,5.01,100,0.0501,S,20474252,20466618,0,16:09:23.667
000931.SZ,10:20:18.890,102018890,20474265,5.01,100,0.0501,S,20474252,20467712,0,16:09:23.667
000931.SZ,10:20:18.890,102018890,20474266,5.01,100,0.0501,S,20474252,20471264,0,16:09:23.667
000931.SZ,10:20:18.890,102018890,20474267,5.01,100,0.0501,S,20474252,20471428,0,16:09:23.667
000931.SZ,10:20:18.890,102018890,20474268,5.01,200,0.1002,S,20474252,20474113,0,16:09:23.667
000931.SZ,10:20:19.080,102019080,20475003,5.01,200,0.1002,B,20474252,20475002,0,16:09:23.667
000931.SZ,10:20:19.220,102019220,20475465,0.0,100,0.0,?,18720577,0,0,16:09:23.667
000931.SZ,10:20:19.220,102019220,20475466,0.0,100,0.0,?,18720578,0,0,16:09:23.667
000931.SZ,10:20:19.220,102019220,20475467,0.0,100,0.0,?,18720580,0,0,16:09:23.667
000931.SZ,10:20:19.220,102019220,20475468,0.0,100,0.0,?,18720579,0,0,16:09:23.667
000931.SZ,10:20:19.220,102019220,20475470,5.0,200,0.1,S,20475469,127886,0,16:09:23.667
000931.SZ,10:20:19.220,102019220,20475472,0.0,100,0.0,?,20263170,0,0,16:09:23.667
000931.SZ,10:20:19.510,102019510,20476872,5.0,700,0.35,S,20476871,127886,0,16:09:23.791
000931.SZ,10:20:19.580,102019580,20477150,5.0,300,0.15,S,20477149,127886,0,16:09:23.791
000931.SZ,10:20:20.170,102020170,20479586,5.0,100,0.05,S,20479585,127886,0,16:09:23.791
000931.SZ,10:20:20.450,102020450,20480634,5.0,500,0.25,S,20480633,127886,0,16:09:23.791
000931.SZ,10:20:20.590,102020590,20481008,5.0,500,0.25,S,20481007,127886,0,16:09:23.791
000931.SZ,10:20:20.670,102020670,20481334,0.0,300,0.0,?,19747937,0,0,16:09:23.791
000931.SZ,10:20:21.290,102021290,20483508,0.0,600,0.0,?,18813138,0,0,16:09:23.791
000931.SZ,10:20:21.290,102021290,20483514,0.0,600,0.0,?,18865445,0,0,16:09:23.791
000931.SZ,10:20:21.420,102021420,20483959,0.0,1000,0.0,?,17551662,0,0,16:09:23.791
000931.SZ,10:20:21.520,102021520,20484372,5.01,200,0.1002,B,20474252,20484371,0,16:09:23.924
000931.SZ,10:20:21.780,102021780,20485439,5.0,100,0.05,S,20485438,127886,0,16:09:23.924
000931.SZ,10:20:22.250,102022250,20487270,5.01,600,0.3006,B,20474252,20487269,0,16:09:23.924
000931.SZ,10:20:23.320,102023320,20493212,5.0,300,0.15,S,20493211,127886,0,16:09:23.991
000931.SZ,10:20:24.920,102024920,20499757,5.01,200,0.1002,B,20474252,20499756,0,16:09:24.126
000931.SZ,10:20:26.220,102026220,20505690,5.01,600,0.3006,B,20474252,20505689,0,16:09:24.292
000931.SZ,10:20:26.270,102026270,20505832,0.0,200,0.0,?,19954976,0,0,16:09:24.292
000931.SZ,10:20:26.300,102026300,20505915,0.0,200,0.0,?,19954927,0,0,16:09:24.292
000931.SZ,10:20:26.780,102026780,20507674,0.0,400,0.0,?,15010379,0,0,16:09:24.292
000931.SZ,10:20:27.000,102027000,20508283,5.01,1300,0.6513,B,20474252,20508282,0,16:09:24.292
000931.SZ,10:20:27.660,102027660,20511271,5.01,200,0.1002,B,20474252,20511270,0,16:09:24.394
000931.SZ,10:20:28.310,102028310,20514358,5.0,100,0.05,S,20514357,127886,0,16:09:24.394
000931.SZ,10:20:28.330,102028330,20514457,5.01,1300,0.6513,B,20474252,20514456,0,16:09:24.394
000931.SZ,10:20:28.330,102028330,20514467,5.01,800,0.4008,B,20474252,20514466,0,16:09:24.394
000931.SZ,10:20:28.560,102028560,20515838,5.01,1100,0.5511,B,20474252,20515837,0,16:09:24.502
000931.SZ,10:20:28.740,102028740,20516791,0.0,1200,0.0,?,0,14184951,0,16:09:24.502
000931.SZ,10:20:28.930,102028930,20517564,5.01,400,0.2004,B,20474252,20517563,0,16:09:24.502
000931.SZ,10:20:29.080,102029080,20518174,5.01,100,0.0501,B,20474252,20518173,0,16:09:24.502
000931.SZ,10:20:29.660,102029660,20520483,5.01,1500,0.7515,B,20474252,20520482,0,16:09:24.502
000931.SZ,10:20:30.990,102030990,20526307,0.0,1000,0.0,?,0,432489,0,16:09:24.674
000931.SZ,10:20:31.360,102031360,20528151,0.0,300,0.0,?,19748122,0,0,16:09:24.674
000931.SZ,10:20:32.530,102032530,20533063,5.0,1100,0.55,S,20533062,127886,0,16:09:24.799
000931.SZ,10:20:32.530,102032530,20533064,5.0,2000,1.0,S,20533062,169532,0,16:09:24.799
000931.SZ,10:20:32.530,102032530,20533065,5.0,3000,1.5,S,20533062,175153,0,16:09:24.799
000931.SZ,10:20:32.730,102032730,20533671,5.01,1000,0.501,B,20474252,20533670,0,16:09:24.799
000931.SZ,10:20:33.090,102033090,20534875,5.01,300,0.1503,B,20474252,20534874,0,16:09:24.799
000931.SZ,10:20:33.130,102033130,20535052,0.0,1100,0.0,?,19927300,0,0,16:09:24.799
000931.SZ,10:20:34.030,102034030,20538646,0.0,400,0.0,?,0,19705557,0,16:09:24.957
000931.SZ,10:20:34.310,102034310,20540246,5.0,1000,0.5,S,20540245,175153,0,16:09:24.957
000931.SZ,10:20:34.310,102034310,20540247,5.0,100,0.05,S,20540245,187375,0,16:09:24.957
000931.SZ,10:20:34.310,102034310,20540248,5.0,800,0.4,S,20540245,208110,0,16:09:24.957
000931.SZ,10:20:35.400,102035400,20544727,5.0,100,0.05,S,20544726,208110,0,16:09:24.957
000931.SZ,10:20:35.540,102035540,20545107,5.0,100,0.05,S,20545106,208110,0,16:09:24.957
000931.SZ,10:20:37.660,102037660,20552822,5.01,1000,0.501,B,20474252,20552821,0,16:09:25.264
000931.SZ,10:20:41.890,102041890,20568483,5.01,100,0.0501,B,20474252,20568482,0,16:09:25.533
000931.SZ,10:20:43.410,102043410,20574756,0.0,300,0.0,?,19744102,0,0,16:09:25.642
000931.SZ,10:20:45.080,102045080,20579390,5.01,1000,0.501,B,20474252,20579389,0,16:09:25.642
000931.SZ,10:20:45.180,102045180,20579660,0.0,100,0.0,?,20495461,0,0,16:09:25.797
000931.SZ,10:20:46.730,102046730,20587065,5.01,1000,0.501,B,20474252,20587064,0,16:09:25.797
000931.SZ,10:20:48.380,102048380,20592443,0.0,300,0.0,?,19820217,0,0,16:09:25.987
000931.SZ,10:20:49.220,102049220,20595407,5.01,2200,1.1022,B,20474252,20595406,0,16:09:25.987
000931.SZ,10:20:49.280,102049280,20595756,5.01,300,0.1503,B,20474252,20595755,0,16:09:26.091
000931.SZ,10:20:49.660,102049660,20597287,5.01,100,0.0501,B,20474252,20597286,0,16:09:26.091
000931.SZ,10:20:49.660,102049660,20597301,5.01,100,0.0501,B,20474252,20597300,0,16:09:26.091
000931.SZ,10:20:49.680,102049680,20597338,5.01,100,0.0501,B,20474252,20597337,0,16:09:26.091
000931.SZ,10:20:50.470,102050470,20599970,0.0,600,0.0,?,19125281,0,0,16:09:26.091
000931.SZ,10:20:50.480,102050480,20599992,5.01,100,0.0501,B,20474252,20599991,0,16:09:26.091
000931.SZ,10:20:50.480,102050480,20599995,5.01,100,0.0501,B,20474252,20599994,0,16:09:26.091
000931.SZ,10:20:50.480,102050480,20599997,5.01,100,0.0501,B,20474252,20599996,0,16:09:26.091
000931.SZ,10:20:50.480,102050480,20599999,5.01,100,0.0501,B,20474252,20599998,0,16:09:26.091
000931.SZ,10:20:50.480,102050480,20600002,5.01,100,0.0501,B,20474252,20600001,0,16:09:26.091
000931.SZ,10:20:50.480,102050480,20600004,5.01,100,0.0501,B,20474252,20600003,0,16:09:26.091
000931.SZ,10:20:50.480,102050480,20600006,5.01,100,0.0501,B,20474252,20600005,0,16:09:26.091
000931.SZ,10:20:50.480,102050480,20600015,5.01,200,0.1002,B,20474252,20600014,0,16:09:26.091
000931.SZ,10:20:50.490,102050490,20600025,5.01,100,0.0501,B,20474252,20600024,0,16:09:26.091
000931.SZ,10:20:50.660,102050660,20600628,5.01,100,0.0501,B,20474252,20600627,0,16:09:26.091
000931.SZ,10:20:50.840,102050840,20601129,5.01,100,0.0501,B,20474252,20601128,0,16:09:26.091
000931.SZ,10:20:50.840,102050840,20601132,5.01,100,0.0501,B,20474252,20601131,0,16:09:26.091
000931.SZ,10:20:50.840,102050840,20601134,5.01,900,0.4509,B,20474252,20601133,0,16:09:26.091
000931.SZ,10:20:51.300,102051300,20603000,5.01,100,0.0501,B,20474252,20602999,0,16:09:26.247
000931.SZ,10:20:51.330,102051330,20603075,5.01,100,0.0501,B,20474252,20603074,0,16:09:26.247
000931.SZ,10:21:02.770,102102770,20643394,5.01,14300,7.1643,B,20474252,20643393,0,16:09:27.153
000931.SZ,10:21:02.770,102102770,20643395,5.01,100,0.0501,B,20475510,20643393,0,16:09:27.153
000931.SZ,10:21:02.770,102102770,20643396,5.01,2480,1.2424,B,20480764,20643393,0,16:09:27.153
000931.SZ,10:21:02.770,102102770,20643397,5.01,300,0.1503,B,20485572,20643393,0,16:09:27.153
000931.SZ,10:21:02.770,102102770,20643398,5.01,1000,0.501,B,20487806,20643393,0,16:09:27.153
000931.SZ,10:21:02.770,102102770,20643399,5.01,900,0.4509,B,20489728,20643393,0,16:09:27.153
000931.SZ,10:21:02.770,102102770,20643400,5.01,300,0.1503,B,20489778,20643393,0,16:09:27.153
000931.SZ,10:21:02.770,102102770,20643401,5.01,600,0.3006,B,20493071,20643393,0,16:09:27.153
000931.SZ,10:21:02.770,102102770,20643402,5.01,500,0.2505,B,20494259,20643393,0,16:09:27.153
000931.SZ,10:21:02.770,102102770,20643403,5.01,300,0.1503,B,20495551,20643393,0,16:09:27.153
000931.SZ,10:21:02.770,102102770,20643404,5.01,500,0.2505,B,20497803,20643393,0,16:09:27.153
000931.SZ,10:21:02.770,102102770,20643405,5.01,200,0.1002,B,20507509,20643393,0,16:09:27.153
000931.SZ,10:21:02.770,102102770,20643406,5.01,800,0.4008,B,20507671,20643393,0,16:09:27.153
000931.SZ,10:21:02.770,102102770,20643407,5.01,300,0.1503,B,20508593,20643393,0,16:09:27.153
000931.SZ,10:21:02.770,102102770,20643408,5.01,400,0.2004,B,20509777,20643393,0,16:09:27.153
000931.SZ,10:21:02.770,102102770,20643409,5.01,200,0.1002,B,20511778,20643393,0,16:09:27.153
000931.SZ,10:21:02.770,102102770,20643410,5.01,1100,0.5511,B,20536624,20643393,0,16:09:27.153
000931.SZ,10:21:02.770,102102770,20643411,5.01,100,0.0501,B,20547662,20643393,0,16:09:27.153
000931.SZ,10:21:02.770,102102770,20643412,5.01,300,0.1503,B,20557400,20643393,0,16:09:27.153
000931.SZ,10:21:02.770,102102770,20643413,5.01,1000,0.501,B,20557631,20643393,0,16:09:27.153
000931.SZ,10:21:02.770,102102770,20643414,5.01,300,0.1503,B,20604481,20643393,0,16:09:27.153
000931.SZ,10:21:02.770,102102770,20643415,5.01,4200,2.1042,B,20612502,20643393,0,16:09:27.153
000931.SZ,10:21:02.770,102102770,20643416,5.01,100,0.0501,B,20623816,20643393,0,16:09:27.153
000931.SZ,10:21:02.770,102102770,20643423,0.0,900,0.0,?,0,20515847,0,16:09:27.153
000931.SZ,10:21:02.770,102102770,20643424,0.0,800,0.0,?,0,20514473,0,16:09:27.153
000931.SZ,10:21:02.770,102102770,20643425,0.0,1100,0.0,?,0,20474280,0,16:09:27.153
000931.SZ,10:21:02.770,102102770,20643426,0.0,500,0.0,?,0,20508303,0,16:09:27.153
000931.SZ,10:21:03.130,102103130,20644458,0.0,1100,0.0,?,19927280,0,0,16:09:27.308
000931.SZ,10:21:03.140,102103140,20644476,0.0,1100,0.0,?,19927269,0,0,16:09:27.308
000931.SZ,10:21:03.240,102103240,20644839,0.0,100,0.0,?,0,20442483,0,16:09:27.308
000931.SZ,10:21:03.250,102103250,20644877,0.0,500,0.0,?,0,20483240,0,16:09:27.308
000931.SZ,10:21:03.250,102103250,20644882,0.0,700,0.0,?,0,20483239,0,16:09:27.308
000931.SZ,10:21:04.540,102104540,20650399,5.01,800,0.4008,S,20650398,20643393,0,16:09:27.419
000931.SZ,10:21:05.580,102105580,20654068,5.01,100,0.0501,S,20654067,20643393,0,16:09:27.419
000931.SZ,10:21:07.830,102107830,20662151,5.01,100,0.0501,S,20662150,20643393,0,16:09:27.790
000931.SZ,10:21:08.100,102108100,20662942,5.01,9000,4.509,S,20662941,20643393,0,16:09:27.790
000931.SZ,10:21:09.560,102109560,20667536,5.01,500,0.2505,S,20667535,20643393,0,16:09:27.790
000931.SZ,10:21:10.050,102110050,20669160,5.01,700,0.3507,S,20669159,20643393,0,16:09:27.790
000931.SZ,10:21:11.310,102111310,20673296,5.01,2000,1.002,S,20673295,20643393,0,16:09:27.929
000931.SZ,10:21:12.550,102112550,20676745,5.01,100,0.0501,S,20676744,20643393,0,16:09:27.929
000931.SZ,10:21:15.080,102115080,20683964,5.01,600,0.3006,S,20683963,20643393,0,16:09:28.254
000931.SZ,10:21:17.820,102117820,20692657,5.01,5820,2.9158,S,20692656,20643393,0,16:09:28.427
000931.SZ,10:21:17.820,102117820,20692658,5.01,300,0.1503,S,20692656,20643433,0,16:09:28.427
000931.SZ,10:21:17.820,102117820,20692659,5.01,100,0.0501,S,20692656,20643434,0,16:09:28.427
000931.SZ,10:21:17.820,102117820,20692660,5.01,200,0.1002,S,20692656,20643437,0,16:09:28.427
000931.SZ,10:21:17.820,102117820,20692661,5.01,100,0.0501,S,20692656,20643438,0,16:09:28.427
000931.SZ,10:21:17.820,102117820,20692662,5.01,100,0.0501,S,20692656,20643439,0,16:09:28.427
000931.SZ,10:21:17.820,102117820,20692663,5.01,100,0.0501,S,20692656,20643440,0,16:09:28.427
000931.SZ,10:21:17.820,102117820,20692664,5.01,100,0.0501,S,20692656,20643441,0,16:09:28.427
000931.SZ,10:21:17.820,102117820,20692665,5.01,300,0.1503,S,20692656,20643442,0,16:09:28.427
000931.SZ,10:21:17.820,102117820,20692666,5.01,200,0.1002,S,20692656,20643443,0,16:09:28.427
000931.SZ,10:21:17.820,102117820,20692667,5.01,100,0.0501,S,20692656,20643444,0,16:09:28.427
000931.SZ,10:21:17.820,102117820,20692668,5.01,100,0.0501,S,20692656,20643445,0,16:09:28.427
000931.SZ,10:21:17.820,102117820,20692669,5.01,100,0.0501,S,20692656,20643447,0,16:09:28.427
000931.SZ,10:21:17.820,102117820,20692670,5.01,200,0.1002,S,20692656,20643448,0,16:09:28.427
000931.SZ,10:21:17.820,102117820,20692671,5.01,200,0.1002,S,20692656,20643449,0,16:09:28.427
000931.SZ,10:21:17.820,102117820,20692672,5.01,200,0.1002,S,20692656,20643450,0,16:09:28.427
000931.SZ,10:21:17.820,102117820,20692673,5.01,200,0.1002,S,20692656,20643451,0,16:09:28.427
000931.SZ,10:21:17.820,102117820,20692674,5.01,100,0.0501,S,20692656,20643452,0,16:09:28.427
000931.SZ,10:21:17.820,102117820,20692675,5.01,300,0.1503,S,20692656,20643453,0,16:09:28.427
000931.SZ,10:21:17.820,102117820,20692676,5.01,200,0.1002,S,20692656,20643455,0,16:09:28.427
000931.SZ,10:21:17.820,102117820,20692677,5.01,100,0.0501,S,20692656,20643466,0,16:09:28.427
000931.SZ,10:21:17.820,102117820,20692678,5.01,100,0.0501,S,20692656,20643467,0,16:09:28.427
000931.SZ,10:21:17.820,102117820,20692679,5.01,200,0.1002,S,20692656,20643472,0,16:09:28.427
000931.SZ,10:21:17.820,102117820,20692680,5.01,100,0.0501,S,20692656,20643482,0,16:09:28.427
000931.SZ,10:21:17.820,102117820,20692681,5.01,100,0.0501,S,20692656,20643510,0,16:09:28.427
000931.SZ,10:21:17.820,102117820,20692682,5.01,100,0.0501,S,20692656,20643517,0,16:09:28.427
000931.SZ,10:21:17.820,102117820,20692683,5.01,100,0.0501,S,20692656,20643552,0,16:09:28.427
000931.SZ,10:21:17.820,102117820,20692684,5.01,100,0.0501,S,20692656,20645774,0,16:09:28.427
000931.SZ,10:21:17.820,102117820,20692685,5.01,5600,2.8056,S,20692656,20662012,0,16:09:28.427
000931.SZ,10:21:17.820,102117820,20692686,5.01,100,0.0501,S,20692656,20662939,0,16:09:28.427
000931.SZ,10:21:17.820,102117820,20692687,5.01,200,0.1002,S,20692656,20677176,0,16:09:28.427
000931.SZ,10:21:17.820,102117820,20692697,5.01,1000,0.501,B,20692656,20692696,0,16:09:28.427
000931.SZ,10:21:20.930,102120930,20701936,0.0,10000,0.0,?,0,17057028,0,16:09:28.553
000931.SZ,10:21:24.840,102124840,20713551,0.0,300,0.0,?,19741621,0,0,16:09:28.867
000931.SZ,10:21:26.320,102126320,20718615,0.0,200,0.0,?,20507545,0,0,16:09:29.008
000931.SZ,10:21:26.340,102126340,20718670,0.0,300,0.0,?,19954899,0,0,16:09:29.008
000931.SZ,10:21:27.390,102127390,20721476,0.0,500,0.0,?,19913271,0,0,16:09:29.008
000931.SZ,10:21:29.490,102129490,20727774,5.01,4300,2.1543,B,20692656,20727773,0,16:09:29.205
000931.SZ,10:21:30.570,102130570,20730700,5.01,1680,0.8416,B,20692656,20730699,0,16:09:29.205
000931.SZ,10:21:30.570,102130570,20730701,5.01,300,0.1503,B,20692731,20730699,0,16:09:29.205
000931.SZ,10:21:30.570,102130570,20730702,5.01,20,0.01,B,20701508,20730699,0,16:09:29.205
000931.SZ,10:21:30.570,102130570,20730719,5.01,380,0.1903,B,20701508,20730718,0,16:09:29.205
000931.SZ,10:21:30.570,102130570,20730720,5.01,220,0.1102,B,20702962,20730718,0,16:09:29.205
000931.SZ,10:21:30.580,102130580,20730729,5.01,180,0.0901,B,20702962,20730728,0,16:09:29.205
000931.SZ,10:21:30.580,102130580,20730730,5.01,20,0.01,B,20702963,20730728,0,16:09:29.205
000931.SZ,10:21:30.580,102130580,20730732,5.01,300,0.1503,B,20702963,20730731,0,16:09:29.205
000931.SZ,10:21:30.580,102130580,20730734,5.01,80,0.04,B,20702963,20730733,0,16:09:29.205
000931.SZ,10:21:30.580,102130580,20730735,5.01,120,0.0601,B,20702965,20730733,0,16:09:29.205
000931.SZ,10:21:30.580,102130580,20730737,5.01,280,0.1402,B,20702965,20730736,0,16:09:29.205
000931.SZ,10:21:30.580,102130580,20730738,5.01,20,0.01,B,20702967,20730736,0,16:09:29.205
000931.SZ,10:21:33.140,102133140,20738067,0.0,700,0.0,?,20646133,0,0,16:09:29.364
000931.SZ,10:21:33.150,102133150,20738110,0.0,700,0.0,?,20646104,0,0,16:09:29.364
000931.SZ,10:21:33.330,102133330,20738553,5.01,200,0.1002,B,20702967,20738552,0,16:09:29.364
000931.SZ,10:21:33.330,102133330,20738561,0.0,400,0.0,?,20702970,0,0,16:09:29.364
000931.SZ,10:21:33.330,102133330,20738576,0.0,180,0.0,?,20702967,0,0,16:09:29.364
000931.SZ,10:21:34.020,102134020,20740674,0.0,6100,0.0,?,17489355,0,0,16:09:29.492
000931.SZ,10:21:35.990,102135990,20746951,0.0,5000,0.0,?,0,18520206,0,16:09:29.631
000931.SZ,10:21:38.580,102138580,20755604,5.01,300,0.1503,B,20712051,20755603,0,16:09:29.819
000931.SZ,10:21:38.580,102138580,20755605,5.01,300,0.1503,B,20716088,20755603,0,16:09:29.819
000931.SZ,10:21:38.580,102138580,20755606,5.01,300,0.1503,B,20719458,20755603,0,16:09:29.819
000931.SZ,10:21:38.580,102138580,20755607,5.01,100,0.0501,B,20719888,20755603,0,16:09:29.819
000931.SZ,10:21:38.730,102138730,20755965,5.01,100,0.0501,B,20719888,20755964,0,16:09:29.819
000931.SZ,10:21:41.280,102141280,20764263,0.0,100,0.0,?,20719943,0,0,16:09:29.959
000931.SZ,10:21:41.290,102141290,20764283,0.0,200,0.0,?,20719913,0,0,16:09:29.959
000931.SZ,10:21:44.680,102144680,20774766,5.01,300,0.1503,B,20721343,20774765,0,16:09:30.129
000931.SZ,10:21:44.680,102144680,20774767,5.01,200,0.1002,B,20721381,20774765,0,16:09:30.129
000931.SZ,10:21:44.680,102144680,20774768,5.01,200,0.1002,B,20721388,20774765,0,16:09:30.129
000931.SZ,10:21:44.680,102144680,20774769,5.01,200,0.1002,B,20721392,20774765,0,16:09:30.129
000931.SZ,10:21:44.680,102144680,20774770,5.01,100,0.0501,B,20724969,20774765,0,16:09:30.129
000931.SZ,10:21:45.220,102145220,20776275,0.0,400,0.0,?,20757437,0,0,16:09:30.298
000931.SZ,10:21:46.760,102146760,20781197,0.0,1800,0.0,?,18719969,0,0,16:09:30.298
000931.SZ,10:21:52.290,102152290,20798604,5.0,39000,19.5,S,20798603,208110,0,16:09:30.724
000931.SZ,10:21:52.290,102152290,20798605,5.0,5000,2.5,S,20798603,263121,0,16:09:30.724
000931.SZ,10:21:52.290,102152290,20798606,5.0,500,0.25,S,20798603,270022,0,16:09:30.724
000931.SZ,10:21:52.290,102152290,20798607,5.0,500,0.25,S,20798603,277679,0,16:09:30.724
000931.SZ,10:21:52.290,102152290,20798608,5.0,5000,2.5,S,20798603,511701,0,16:09:30.724
000931.SZ,10:21:58.540,102158540,20818199,0.0,900,0.0,?,20148381,0,0,16:09:31.122
000931.SZ,10:22:01.530,102201530,20830844,5.0,100,0.05,S,20830843,511701,0,16:09:31.565
000931.SZ,10:22:03.300,102203300,20837917,0.0,400,0.0,?,20804993,0,0,16:09:31.770
000931.SZ,10:22:09.230,102209230,20861903,0.0,400,0.0,?,20804994,0,0,16:09:32.114
000931.SZ,10:22:10.430,102210430,20865848,0.0,20000,0.0,?,9061937,0,0,16:09:32.345
000931.SZ,10:22:12.520,102212520,20872448,0.0,5000,0.0,?,0,3492319,0,16:09:32.345
000931.SZ,10:22:14.770,102214770,20879205,0.0,2000,0.0,?,0,16132369,0,16:09:32.486
000931.SZ,10:22:15.180,102215180,20880387,0.0,6000,0.0,?,17961242,0,0,16:09:32.645
000931.SZ,10:22:23.310,102223310,20904403,5.01,200,0.1002,B,20724969,20904402,0,16:09:33.114
000931.SZ,10:22:23.310,102223310,20904404,5.01,700,0.3507,B,20739346,20904402,0,16:09:33.114
000931.SZ,10:22:23.310,102223310,20904405,5.01,200,0.1002,B,20748385,20904402,0,16:09:33.114
000931.SZ,10:22:26.460,102226460,20913588,0.0,400,0.0,?,0,15601070,0,16:09:33.299
000931.SZ,10:22:26.970,102226970,20915044,0.0,300,0.0,?,20668958,0,0,16:09:33.422
000931.SZ,10:22:27.080,102227080,20915309,0.0,1000,0.0,?,0,16381196,0,16:09:33.422
000931.SZ,10:22:27.470,102227470,20916819,5.0,4900,2.45,S,20916818,511701,0,16:09:33.422
000931.SZ,10:22:27.470,102227470,20916820,5.0,500,0.25,S,20916818,793396,0,16:09:33.422
000931.SZ,10:22:27.470,102227470,20916821,5.0,2600,1.3,S,20916818,1287397,0,16:09:33.422
000931.SZ,10:22:29.740,102229740,20924228,0.0,2000,0.0,?,0,10907070,0,16:09:33.479
000931.SZ,10:22:30.890,102230890,20927661,0.0,900,0.0,?,20850936,0,0,16:09:33.537
000931.SZ,10:22:33.110,102233110,20935141,0.0,700,0.0,?,20739361,0,0,16:09:33.786
000931.SZ,10:22:33.120,102233120,20935170,0.0,800,0.0,?,20646061,0,0,16:09:33.786
000931.SZ,10:22:33.490,102233490,20936226,0.0,900,0.0,?,0,1306539,0,16:09:33.786
000931.SZ,10:22:35.020,102235020,20940749,5.0,2400,1.2,S,20940748,1287397,0,16:09:33.957
000931.SZ,10:22:35.020,102235020,20940750,5.0,1000,0.5,S,20940748,2221129,0,16:09:33.957
000931.SZ,10:22:35.020,102235020,20940751,5.0,1000,0.5,S,20940748,3941758,0,16:09:33.957
000931.SZ,10:22:35.020,102235020,20940752,5.0,1200,0.6,S,20940748,4797062,0,16:09:33.957
000931.SZ,10:22:35.020,102235020,20940753,5.0,300,0.15,S,20940748,4993800,0,16:09:33.957
000931.SZ,10:22:35.020,102235020,20940754,5.0,1000,0.5,S,20940748,5197710,0,16:09:33.957
000931.SZ,10:22:35.020,102235020,20940755,5.0,800,0.4,S,20940748,5410189,0,16:09:33.957
000931.SZ,10:22:38.330,102238330,20950711,5.01,200,0.1002,B,20748385,20950710,0,16:09:34.147
000931.SZ,10:22:38.330,102238330,20950712,5.01,100,0.0501,B,20765261,20950710,0,16:09:34.147
000931.SZ,10:22:38.330,102238330,20950713,5.01,200,0.1002,B,20798681,20950710,0,16:09:34.147
000931.SZ,10:22:38.330,102238330,20950714,5.01,400,0.2004,B,20798873,20950710,0,16:09:34.147
000931.SZ,10:22:39.890,102239890,20955284,5.01,500,0.2505,B,20798873,20955283,0,16:09:34.147
000931.SZ,10:22:41.330,102241330,20959595,0.0,100,0.0,?,20765292,0,0,16:09:34.332
000931.SZ,10:22:41.350,102241350,20959650,0.0,100,0.0,?,20765282,0,0,16:09:34.332
000931.SZ,10:22:47.160,102247160,20977076,5.01,100,0.0501,B,20798873,20977075,0,16:09:34.737
000931.SZ,10:22:47.160,102247160,20977077,5.01,1500,0.7515,B,20798893,20977075,0,16:09:34.737
000931.SZ,10:22:47.160,102247160,20977078,5.01,800,0.4008,B,20800945,20977075,0,16:09:34.737
000931.SZ,10:22:49.270,102249270,20983251,5.01,1000,0.501,B,20800945,20983250,0,16:09:34.894
000931.SZ,10:22:49.270,102249270,20983252,5.01,600,0.3006,B,20804752,20983250,0,16:09:34.894
000931.SZ,10:22:49.270,102249270,20983253,5.01,400,0.2004,B,20823759,20983250,0,16:09:34.894
000931.SZ,10:22:49.270,102249270,20983254,5.01,200,0.1002,B,20873467,20983250,0,16:09:34.894
000931.SZ,10:22:49.270,102249270,20983255,5.01,500,0.2505,B,20882819,20983250,0,16:09:34.894
000931.SZ,10:22:49.270,102249270,20983256,5.01,1000,0.501,B,20888021,20983250,0,16:09:34.894
000931.SZ,10:22:49.270,102249270,20983257,5.01,1400,0.7014,B,20889917,20983250,0,16:09:34.894
000931.SZ,10:22:52.230,102252230,20992160,5.01,1600,0.8016,B,20889917,20992159,0,16:09:35.050
000931.SZ,10:22:52.230,102252230,20992161,5.01,300,0.1503,B,20900474,20992159,0,16:09:35.050
000931.SZ,10:22:52.230,102252230,20992162,5.01,300,0.1503,B,20904444,20992159,0,16:09:35.050
000931.SZ,10:22:52.230,102252230,20992163,5.01,300,0.1503,B,20905168,20992159,0,16:09:35.050
000931.SZ,10:22:52.230,102252230,20992164,5.01,300,0.1503,B,20910906,20992159,0,16:09:35.050
000931.SZ,10:22:52.230,102252230,20992165,5.01,8100,4.0581,B,20911371,20992159,0,16:09:35.050
000931.SZ,10:22:54.020,102254020,20997612,5.01,14700,7.3647,B,20911371,20997611,0,16:09:35.202
000931.SZ,10:22:54.020,102254020,20997613,5.01,400,0.2004,B,20920701,20997611,0,16:09:35.202
000931.SZ,10:22:54.020,102254020,20997614,5.01,600,0.3006,B,20920821,20997611,0,16:09:35.202
000931.SZ,10:22:54.020,102254020,20997615,5.01,300,0.1503,B,20920869,20997611,0,16:09:35.202
000931.SZ,10:22:54.020,102254020,20997616,5.01,300,0.1503,B,20921274,20997611,0,16:09:35.202
000931.SZ,10:22:54.020,102254020,20997617,5.01,100,0.0501,B,20925577,20997611,0,16:09:35.202
000931.SZ,10:22:54.020,102254020,20997618,5.01,300,0.1503,B,20935481,20997611,0,16:09:35.202
000931.SZ,10:22:54.020,102254020,20997619,5.01,500,0.2505,B,20936469,20997611,0,16:09:35.202
000931.SZ,10:22:54.020,102254020,20997620,5.01,400,0.2004,B,20950587,20997611,0,16:09:35.202
000931.SZ,10:22:54.020,102254020,20997621,5.01,300,0.1503,B,20951192,20997611,0,16:09:35.202
000931.SZ,10:22:54.020,102254020,20997622,5.01,100,0.0501,B,20960793,20997611,0,16:09:35.202
000931.SZ,10:22:54.020,102254020,20997623,5.01,900,0.4509,B,20963656,20997611,0,16:09:35.202
000931.SZ,10:22:54.020,102254020,20997624,5.01,600,0.3006,B,20973693,20997611,0,16:09:35.202
000931.SZ,10:22:54.020,102254020,20997625,5.01,300,0.1503,B,20996644,20997611,0,16:09:35.202
000931.SZ,10:22:54.030,102254030,20997631,0.0,1200,0.0,?,0,20692698,0,16:09:35.202
000931.SZ,10:22:54.030,102254030,20997632,0.0,1000,0.0,?,0,20755613,0,16:09:35.202
000931.SZ,10:22:54.030,102254030,20997633,0.0,1600,0.0,?,0,20727792,0,16:09:35.202
000931.SZ,10:22:54.030,102254030,20997634,0.0,1000,0.0,?,0,20774782,0,16:09:35.202
000931.SZ,10:22:54.330,102254330,20998520,0.0,700,0.0,?,0,20693853,0,16:09:35.202
000931.SZ,10:22:54.330,102254330,20998522,0.0,100,0.0,?,0,20757428,0,16:09:35.202
000931.SZ,10:22:54.330,102254330,20998523,0.0,100,0.0,?,0,20776228,0,16:09:35.202
000931.SZ,10:22:54.330,102254330,20998527,0.0,500,0.0,?,0,20693854,0,16:09:35.202
000931.SZ,10:22:54.380,102254380,20998767,5.01,2200,1.1022,S,20998766,20997611,0,16:09:35.202
000931.SZ,10:22:54.550,102254550,20999481,5.01,100,0.0501,S,20999480,20997611,0,16:09:35.202
000931.SZ,10:22:54.550,102254550,20999492,5.01,100,0.0501,S,20999491,20997611,0,16:09:35.202
000931.SZ,10:22:54.550,102254550,20999497,5.01,1700,0.8517,S,20999496,20997611,0,16:09:35.202
000931.SZ,10:22:55.100,102255100,21001175,0.0,100,0.0,?,0,20909821,0,16:09:35.202
000931.SZ,10:22:57.000,102257000,21006390,0.0,10000,0.0,?,0,20495490,0,16:09:35.407
000931.SZ,10:22:57.310,102257310,21007459,5.01,1900,0.9519,S,21007458,20997611,0,16:09:35.407
000931.SZ,10:22:59.070,102259070,21012932,5.01,4300,2.1543,S,21012931,20997611,0,16:09:35.626
000931.SZ,10:22:59.100,102259100,21012982,5.01,1400,0.7014,S,21012981,20997611,0,16:09:35.626
000931.SZ,10:22:59.100,102259100,21012986,5.01,1500,0.7515,S,21012985,20997611,0,16:09:35.626
000931.SZ,10:22:59.320,102259320,21013558,5.01,600,0.3006,S,21013557,20997611,0,16:09:35.626
000931.SZ,10:22:59.710,102259710,21014571,0.0,800,0.0,?,18908392,0,0,16:09:35.626
000931.SZ,10:23:00.010,102300010,21015152,0.0,8500,0.0,?,0,20579194,0,16:09:35.626
000931.SZ,10:23:00.160,102300160,21015521,0.0,1000,0.0,?,19717755,0,0,16:09:35.626
000931.SZ,10:23:00.530,102300530,21016707,5.01,100,0.0501,S,21016706,20997611,0,16:09:35.626
000931.SZ,10:23:01.130,102301130,21019034,5.01,1000,0.501,S,21019033,20997611,0,16:09:35.845
000931.SZ,10:23:01.670,102301670,21020987,5.01,2200,1.1022,S,21020986,20997611,0,16:09:35.845
000931.SZ,10:23:01.680,102301680,21020996,5.01,900,0.4509,S,21020995,20997611,0,16:09:35.845
000931.SZ,10:23:02.100,102302100,21022628,5.01,600,0.3006,S,21022627,20997611,0,16:09:35.845
000931.SZ,10:23:03.290,102303290,21026450,5.01,300,0.1503,S,21026449,20997611,0,16:09:35.987
000931.SZ,10:23:03.310,102303310,21026505,5.01,500,0.2505,S,21026504,20997611,0,16:09:35.987
000931.SZ,10:23:03.310,102303310,21026509,5.01,100,0.0501,S,21026508,20997611,0,16:09:35.987
000931.SZ,10:23:03.310,102303310,21026511,5.01,200,0.1002,S,21026510,20997611,0,16:09:35.987
000931.SZ,10:23:03.310,102303310,21026513,5.01,100,0.0501,S,21026512,20997611,0,16:09:35.987
000931.SZ,10:23:03.360,102303360,21026737,5.01,200,0.1002,S,21026736,20997611,0,16:09:35.987
000931.SZ,10:23:06.520,102306520,21039451,5.01,100,0.0501,S,21039450,20997611,0,16:09:36.295
000931.SZ,10:23:07.090,102307090,21042405,5.01,1000,0.501,S,21042404,20997611,0,16:09:36.295
000931.SZ,10:23:09.390,102309390,21052925,5.01,500,0.2505,S,21052924,20997611,0,16:09:36.468
000931.SZ,10:23:09.620,102309620,21054197,0.0,100,0.0,?,20163789,0,0,16:09:36.468
000931.SZ,10:23:09.630,102309630,21054242,5.01,200,0.1002,S,21054241,20997611,0,16:09:36.657
000931.SZ,10:23:10.100,102310100,21056280,0.0,100,0.0,?,0,20494926,0,16:09:36.657
000931.SZ,10:23:12.550,102312550,21066879,5.01,100,0.0501,S,21066878,20997611,0,16:09:36.847
000931.SZ,10:23:12.680,102312680,21067327,5.01,5700,2.8557,S,21067326,20997611,0,16:09:36.847
000931.SZ,10:23:12.680,102312680,21067328,5.01,1000,0.501,S,21067326,21001064,0,16:09:36.847
000931.SZ,10:23:12.680,102312680,21067329,5.01,200,0.1002,S,21067326,21001176,0,16:09:36.847
000931.SZ,10:23:12.680,102312680,21067330,5.01,300,0.1503,S,21067326,21007959,0,16:09:36.847
000931.SZ,10:23:12.680,102312680,21067331,5.01,100,0.0501,S,21067326,21038565,0,16:09:36.847
000931.SZ,10:23:12.680,102312680,21067332,5.01,800,0.4008,S,21067326,21044086,0,16:09:36.847
000931.SZ,10:23:12.680,102312680,21067333,5.01,100,0.0501,S,21067326,21056279,0,16:09:36.847
000931.SZ,10:23:12.680,102312680,21067334,5.01,700,0.3507,S,21067326,21057417,0,16:09:36.847
000931.SZ,10:23:12.690,102312690,21067367,5.01,100,0.0501,S,21067366,21057417,0,16:09:36.847
000931.SZ,10:23:12.690,102312690,21067368,5.01,800,0.4008,S,21067366,21057642,0,16:09:36.847
000931.SZ,10:23:18.540,102318540,21090519,5.01,100,0.0501,S,21090518,21060961,0,16:09:37.324
000931.SZ,10:23:24.540,102324540,21112774,5.01,100,0.0501,S,21112773,21060986,0,16:09:37.967
000931.SZ,10:23:45.050,102345050,21171653,0.0,100,0.0,?,20160497,0,0,16:09:39.322
000931.SZ,10:23:46.100,102346100,21174947,0.0,6700,0.0,?,0,21085953,0,16:09:39.322
000931.SZ,10:23:46.530,102346530,21176901,5.01,300,0.1503,S,21176900,21060986,0,16:09:39.322
000931.SZ,10:23:48.260,102348260,21181811,5.01,200,0.1002,S,21181810,21066488,0,16:09:39.495
000931.SZ,10:23:48.260,102348260,21181812,5.01,200,0.1002,S,21181810,21067381,0,16:09:39.495
000931.SZ,10:23:48.260,102348260,21181813,5.01,100,0.0501,S,21181810,21067385,0,16:09:39.495
000931.SZ,10:23:48.260,102348260,21181814,5.01,200,0.1002,S,21181810,21067443,0,16:09:39.495
000931.SZ,10:23:48.260,102348260,21181815,5.01,800,0.4008,S,21181810,21067800,0,16:09:39.495
000931.SZ,10:23:48.260,102348260,21181816,5.01,700,0.3507,S,21181810,21067827,0,16:09:39.495
000931.SZ,10:23:49.580,102349580,21186264,5.01,100,0.0501,S,21186263,21067827,0,16:09:39.689
000931.SZ,10:23:55.200,102355200,21201729,0.0,100,0.0,?,0,20712571,0,16:09:39.919
000931.SZ,10:23:56.560,102356560,21205334,5.01,100,0.0501,S,21205333,21067936,0,16:09:40.091
000931.SZ,10:24:10.470,102410470,21251178,0.0,500,0.0,?,0,21138412,0,16:09:41.287
000931.SZ,10:24:10.530,102410530,21251398,5.02,200,0.1004,B,19901829,21251397,0,16:09:41.287
000931.SZ,10:24:15.570,102415570,21265582,5.01,200,0.1002,S,21265581,21069015,0,16:09:41.476
000931.SZ,10:24:15.570,102415570,21265583,5.01,600,0.3006,S,21265581,21070088,0,16:09:41.476
000931.SZ,10:24:15.570,102415570,21265584,5.01,300,0.1503,S,21265581,21070172,0,16:09:41.476
000931.SZ,10:24:22.020,102422020,21283532,5.01,200,0.1002,S,21283531,21070172,0,16:09:41.917
000931.SZ,10:24:22.020,102422020,21283533,5.01,200,0.1002,S,21283531,21071621,0,16:09:41.917
000931.SZ,10:24:30.710,102430710,21308553,5.01,100,0.0501,S,21308552,21071621,0,16:09:42.477
000931.SZ,10:24:30.820,102430820,21308956,5.02,100,0.0502,B,19901829,21308955,0,16:09:42.477
000931.SZ,10:24:35.610,102435610,21325589,0.0,100,0.0,?,0,21089840,0,16:09:42.901
000931.SZ,10:24:35.810,102435810,21326151,5.02,100,0.0502,B,19901829,21326150,0,16:09:42.901
000931.SZ,10:24:36.490,102436490,21328466,5.02,300,0.1506,B,19901829,21328465,0,16:09:42.901
000931.SZ,10:24:38.270,102438270,21334064,5.02,400,0.2008,B,19901829,21334063,0,16:09:43.025
000931.SZ,10:24:38.620,102438620,21334868,0.0,100,0.0,?,0,21090831,0,16:09:43.025
000931.SZ,10:24:38.820,102438820,21335258,5.02,100,0.0502,B,19901829,21335257,0,16:09:43.137
000931.SZ,10:24:53.720,102453720,21374557,0.0,11900,0.0,?,15122338,0,0,16:09:44.104
000931.SZ,10:24:58.520,102458520,21387259,5.01,700,0.3507,S,21387258,21071621,0,16:09:44.382
000931.SZ,10:24:58.520,102458520,21387260,5.01,1600,0.8016,S,21387258,21071748,0,16:09:44.382
000931.SZ,10:24:58.520,102458520,21387261,5.01,700,0.3507,S,21387258,21071769,0,16:09:44.382
000931.SZ,10:24:58.520,102458520,21387262,5.01,800,0.4008,S,21387258,21078352,0,16:09:44.382
000931.SZ,10:24:58.520,102458520,21387263,5.01,300,0.1503,S,21387258,21078472,0,16:09:44.382
000931.SZ,10:24:58.520,102458520,21387264,5.01,100,0.0501,S,21387258,21078979,0,16:09:44.382
000931.SZ,10:24:58.520,102458520,21387265,5.01,100,0.0501,S,21387258,21079736,0,16:09:44.382
000931.SZ,10:24:58.520,102458520,21387266,5.01,400,0.2004,S,21387258,21085852,0,16:09:44.382
000931.SZ,10:24:58.520,102458520,21387267,5.01,800,0.4008,S,21387258,21091689,0,16:09:44.382
000931.SZ,10:24:58.520,102458520,21387268,5.01,100,0.0501,S,21387258,21108379,0,16:09:44.382
000931.SZ,10:24:58.520,102458520,21387269,5.01,100,0.0501,S,21387258,21113870,0,16:09:44.382
000931.SZ,10:24:58.520,102458520,21387270,5.01,200,0.1002,S,21387258,21118980,0,16:09:44.382
000931.SZ,10:24:58.520,102458520,21387271,5.01,500,0.2505,S,21387258,21122317,0,16:09:44.382
000931.SZ,10:24:58.520,102458520,21387272,5.01,800,0.4008,S,21387258,21122446,0,16:09:44.382
000931.SZ,10:24:58.520,102458520,21387273,5.01,200,0.1002,S,21387258,21140794,0,16:09:44.382
000931.SZ,10:24:58.520,102458520,21387274,5.01,100,0.0501,S,21387258,21145352,0,16:09:44.382
000931.SZ,10:24:58.520,102458520,21387275,5.01,1000,0.501,S,21387258,21156605,0,16:09:44.382
000931.SZ,10:24:58.520,102458520,21387276,5.01,800,0.4008,S,21387258,21164786,0,16:09:44.382
000931.SZ,10:24:58.520,102458520,21387277,5.01,700,0.3507,S,21387258,21166088,0,16:09:44.382
000931.SZ,10:24:58.570,102458570,21387454,5.01,400,0.2004,S,21387453,21166088,0,16:09:44.382
000931.SZ,10:24:58.570,102458570,21387455,5.01,500,0.2505,S,21387453,21174310,0,16:09:44.382
000931.SZ,10:24:58.570,102458570,21387456,5.01,1200,0.6012,S,21387453,21188373,0,16:09:44.382
000931.SZ,10:24:58.570,102458570,21387457,5.01,100,0.0501,S,21387453,21201727,0,16:09:44.382
000931.SZ,10:24:58.570,102458570,21387458,5.01,100,0.0501,S,21387453,21208667,0,16:09:44.382
000931.SZ,10:24:58.570,102458570,21387459,5.01,500,0.2505,S,21387453,21211350,0,16:09:44.382
000931.SZ,10:24:58.570,102458570,21387460,5.01,5500,2.7555,S,21387453,21219017,0,16:09:44.382
000931.SZ,10:24:58.570,102458570,21387461,5.01,2000,1.002,S,21387453,21219087,0,16:09:44.382
000931.SZ,10:24:58.570,102458570,21387462,5.01,1000,0.501,S,21387453,21262913,0,16:09:44.382
000931.SZ,10:24:58.570,102458570,21387463,5.01,800,0.4008,S,21387453,21274847,0,16:09:44.382
000931.SZ,10:24:58.570,102458570,21387464,5.01,100,0.0501,S,21387453,21292781,0,16:09:44.382
000931.SZ,10:24:58.570,102458570,21387465,5.01,200,0.1002,S,21387453,21298532,0,16:09:44.382
000931.SZ,10:24:58.570,102458570,21387466,5.01,1000,0.501,S,21387453,21318233,0,16:09:44.382
000931.SZ,10:24:58.570,102458570,21387467,5.01,100,0.0501,S,21387453,21334271,0,16:09:44.382
000931.SZ,10:24:59.550,102459550,21390020,5.01,200,0.1002,S,21390019,21334271,0,16:09:44.382
000931.SZ,10:24:59.550,102459550,21390021,5.01,100,0.0501,S,21390019,21335689,0,16:09:44.382
000931.SZ,10:24:59.550,102459550,21390022,5.01,500,0.2505,S,21390019,21367130,0,16:09:44.382
000931.SZ,10:24:59.550,102459550,21390023,5.01,200,0.1002,S,21390019,21379047,0,16:09:44.382
000931.SZ,10:25:00.990,102500990,21394928,5.01,200,0.1002,S,21394927,21379047,0,16:09:44.634
000931.SZ,10:25:01.540,102501540,21397000,5.01,100,0.0501,S,21396999,21379047,0,16:09:44.868
000931.SZ,10:25:05.760,102505760,21409860,5.01,1000,0.501,S,21409859,21379047,0,16:09:45.025
000931.SZ,10:25:05.760,102505760,21409861,5.01,100,0.0501,S,21409859,21381968,0,16:09:45.025
000931.SZ,10:25:05.760,102505760,21409862,5.01,200,0.1002,S,21409859,21390041,0,16:09:45.025
000931.SZ,10:25:05.760,102505760,21409863,5.01,800,0.4008,S,21409859,21394352,0,16:09:45.025
000931.SZ,10:25:05.780,102505780,21409886,5.01,400,0.2004,S,21409885,21403211,0,16:09:45.025
000931.SZ,10:25:05.780,102505780,21409888,5.01,400,0.2004,S,21409887,21403211,0,16:09:45.025
000931.SZ,10:25:07.540,102507540,21415022,5.01,100,0.0501,S,21415021,21411018,0,16:09:45.166
000931.SZ,10:25:11.470,102511470,21426599,0.0,4500,0.0,?,0,14263246,0,16:09:45.349
000931.SZ,10:25:13.410,102513410,21432909,0.0,1000,0.0,?,0,21398798,0,16:09:45.536
000931.SZ,10:25:13.540,102513540,21433332,5.01,100,0.0501,S,21433331,21411018,0,16:09:45.536
000931.SZ,10:25:19.480,102519480,21456819,0.0,9100,0.0,?,18742433,0,0,16:09:46.055
000931.SZ,10:25:30.340,102530340,21493022,0.0,1300,0.0,?,16098213,0,0,16:09:46.758
000931.SZ,10:26:12.160,102612160,21623249,5.01,1100,0.5511,S,21623248,21411018,0,16:09:49.667
000931.SZ,10:26:12.160,102612160,21623250,5.01,100,0.0501,S,21623248,21411142,0,16:09:49.667
000931.SZ,10:26:12.160,102612160,21623251,5.01,200,0.1002,S,21623248,21411149,0,16:09:49.667
000931.SZ,10:26:12.160,102612160,21623252,5.01,800,0.4008,S,21623248,21421308,0,16:09:49.667
000931.SZ,10:26:12.160,102612160,21623253,5.01,800,0.4008,S,21623248,21422850,0,16:09:49.667
000931.SZ,10:26:12.160,102612160,21623254,5.01,900,0.4509,S,21623248,21430118,0,16:09:49.667
000931.SZ,10:26:24.550,102624550,21666326,0.0,500,0.0,?,21083257,0,0,16:09:50.713
000931.SZ,10:26:30.240,102630240,21684376,5.01,800,0.4008,S,21684375,21430194,0,16:09:51.046
000931.SZ,10:26:30.240,102630240,21684377,5.01,500,0.2505,S,21684375,21434779,0,16:09:51.046
000931.SZ,10:26:30.240,102630240,21684378,5.01,1000,0.501,S,21684375,21434829,0,16:09:51.046
000931.SZ,10:27:18.850,102718850,21817397,0.0,200,0.0,?,0,1872261,0,16:09:54.103
000931.SZ,10:27:19.760,102719760,21820080,5.02,1200,0.6024,B,19901829,21820079,0,16:09:54.103
000931.SZ,10:27:28.030,102728030,21841958,5.01,100,0.0501,S,21841957,21434829,0,16:09:54.553
000931.SZ,10:27:36.210,102736210,21865411,0.0,700,0.0,?,0,21492554,0,16:09:55.164
000931.SZ,10:27:36.810,102736810,21867170,5.01,1000,0.501,S,21867169,21434829,0,16:09:55.164
000931.SZ,10:27:39.240,102739240,21874410,5.02,700,0.3514,B,19901829,21874409,0,16:09:55.290
000931.SZ,10:27:42.210,102742210,21882537,0.0,500,0.0,?,0,21517831,0,16:09:55.433
000931.SZ,10:27:45.280,102745280,21890788,5.02,500,0.251,B,19901829,21890787,0,16:09:55.597
000931.SZ,10:27:54.820,102754820,21916558,0.0,100,0.0,?,0,12212818,0,16:09:56.211
000931.SZ,10:27:54.990,102754990,21916940,5.01,3900,1.9539,S,21916939,21434829,0,16:09:56.211
000931.SZ,10:27:54.990,102754990,21916941,5.01,100,0.0501,S,21916939,21439744,0,16:09:56.211
000931.SZ,10:27:56.780,102756780,21921384,5.02,1500,0.753,B,19901829,21921383,0,16:09:56.289
000931.SZ,10:28:00.600,102800600,21932427,0.0,100,0.0,?,21754055,0,0,16:09:56.643
000931.SZ,10:28:00.610,102800610,21932528,5.01,200,0.1002,S,21932527,21439744,0,16:09:56.643
000931.SZ,10:28:01.990,102801990,21938840,0.0,1000,0.0,?,0,18826696,0,16:09:56.770
000931.SZ,10:28:26.680,102826680,22020881,0.0,3000,0.0,?,0,20984875,0,16:09:58.675
000931.SZ,10:28:36.060,102836060,22056526,0.0,1200,0.0,?,20408454,0,0,16:09:59.379
000931.SZ,10:28:36.060,102836060,22056527,0.0,800,0.0,?,20408455,0,0,16:09:59.379
000931.SZ,10:28:36.070,102836070,22056529,0.0,1300,0.0,?,20408456,0,0,16:09:59.379
000931.SZ,10:28:36.070,102836070,22056530,0.0,800,0.0,?,20408457,0,0,16:09:59.379
000931.SZ,10:28:36.070,102836070,22056535,0.0,1200,0.0,?,20408466,0,0,16:09:59.379
000931.SZ,10:28:36.070,102836070,22056551,0.0,5600,0.0,?,20713763,0,0,16:09:59.379
000931.SZ,10:28:36.070,102836070,22056552,0.0,1500,0.0,?,20422226,0,0,16:09:59.379
000931.SZ,10:28:36.070,102836070,22056558,0.0,2500,0.0,?,20408533,0,0,16:09:59.379
000931.SZ,10:28:36.070,102836070,22056563,0.0,1200,0.0,?,20408458,0,0,16:09:59.379
000931.SZ,10:28:45.650,102845650,22087631,0.0,2500,0.0,?,0,21754046,0,16:10:00.004
000931.SZ,10:28:45.650,102845650,22087632,0.0,2700,0.0,?,0,21750855,0,16:10:00.004
000931.SZ,10:28:45.650,102845650,22087635,0.0,2500,0.0,?,0,21774364,0,16:10:00.004
000931.SZ,10:28:46.650,102846650,22091140,5.02,2500,1.255,B,19901829,22091139,0,16:10:00.114
000931.SZ,10:28:46.650,102846650,22091141,5.02,200,0.1004,B,19902342,22091139,0,16:10:00.114
000931.SZ,10:28:46.660,102846660,22091145,5.02,200,0.1004,B,19902342,22091144,0,16:10:00.114
000931.SZ,10:28:46.660,102846660,22091146,5.02,400,0.2008,B,19908536,22091144,0,16:10:00.114
000931.SZ,10:28:46.660,102846660,22091147,5.02,400,0.2008,B,19935911,22091144,0,16:10:00.114
000931.SZ,10:28:46.660,102846660,22091148,5.02,300,0.1506,B,20027128,22091144,0,16:10:00.114
000931.SZ,10:28:46.660,102846660,22091149,5.02,200,0.1004,B,20070836,22091144,0,16:10:00.114
000931.SZ,10:28:46.660,102846660,22091150,5.02,1000,0.502,B,20082474,22091144,0,16:10:00.114
000931.SZ,10:28:46.660,102846660,22091153,5.02,1400,0.7028,B,20082474,22091152,0,16:10:00.114
000931.SZ,10:28:46.660,102846660,22091154,5.02,800,0.4016,B,20082479,22091152,0,16:10:00.114
000931.SZ,10:28:46.660,102846660,22091155,5.02,300,0.1506,B,20083282,22091152,0,16:10:00.114
000931.SZ,10:28:46.660,102846660,22091163,5.02,700,0.3514,B,20083282,22091162,0,16:10:00.114
000931.SZ,10:28:46.660,102846660,22091164,5.02,2400,1.2048,B,20091752,22091162,0,16:10:00.114
000931.SZ,10:28:46.660,102846660,22091165,5.02,800,0.4016,B,20091796,22091162,0,16:10:00.114
000931.SZ,10:28:46.660,102846660,22091166,5.02,800,0.4016,B,20101001,22091162,0,16:10:00.114
000931.SZ,10:28:46.660,102846660,22091167,5.02,400,0.2008,B,20112456,22091162,0,16:10:00.114
000931.SZ,10:28:46.660,102846660,22091168,5.02,1000,0.502,B,20119553,22091162,0,16:10:00.114
000931.SZ,10:28:46.660,102846660,22091169,5.02,200,0.1004,B,20148405,22091162,0,16:10:00.114
000931.SZ,10:28:46.660,102846660,22091170,5.02,600,0.3012,B,20156234,22091162,0,16:10:00.114
000931.SZ,10:28:46.660,102846660,22091171,5.02,100,0.0502,B,20163774,22091162,0,16:10:00.114
000931.SZ,10:28:46.660,102846660,22091172,5.02,2400,1.2048,B,20173485,22091162,0,16:10:00.114
000931.SZ,10:28:46.660,102846660,22091173,5.02,600,0.3012,B,20173500,22091162,0,16:10:00.114
000931.SZ,10:28:46.850,102846850,22091911,0.0,2500,0.0,?,22056894,0,0,16:10:00.114
000931.SZ,10:28:46.860,102846860,22091920,5.02,300,0.1506,B,20173500,22091919,0,16:10:00.114
000931.SZ,10:28:46.860,102846860,22091925,5.02,200,0.1004,B,20173500,22091924,0,16:10:00.114
000931.SZ,10:28:46.890,102846890,22092001,5.02,100,0.0502,B,20173500,22092000,0,16:10:00.114
000931.SZ,10:28:46.900,102846900,22092012,5.02,100,0.0502,B,20173500,22092011,0,16:10:00.114
000931.SZ,10:28:46.910,102846910,22092041,5.02,300,0.1506,B,20173500,22092040,0,16:10:00.114
000931.SZ,10:28:46.910,102846910,22092042,5.02,400,0.2008,B,20173795,22092040,0,16:10:00.114
000931.SZ,10:28:47.070,102847070,22092591,5.02,200,0.1004,B,20173795,22092590,0,16:10:00.114
000931.SZ,10:28:47.070,102847070,22092595,5.02,300,0.1506,B,20173795,22092594,0,16:10:00.114
000931.SZ,10:28:47.080,102847080,22092605,5.02,100,0.0502,B,20173795,22092604,0,16:10:00.114
000931.SZ,10:28:47.080,102847080,22092606,5.02,100,0.0502,B,20174416,22092604,0,16:10:00.114
000931.SZ,10:28:47.080,102847080,22092608,5.02,100,0.0502,B,20174416,22092607,0,16:10:00.114
000931.SZ,10:28:47.080,102847080,22092611,5.02,200,0.1004,B,20174416,22092610,0,16:10:00.114
000931.SZ,10:28:47.080,102847080,22092613,5.02,100,0.0502,B,20174416,22092612,0,16:10:00.114
000931.SZ,10:28:47.100,102847100,22092671,5.02,100,0.0502,B,20174416,22092670,0,16:10:00.114
000931.SZ,10:28:47.260,102847260,22093073,5.02,400,0.2008,B,20174416,22093072,0,16:10:00.269
000931.SZ,10:28:47.260,102847260,22093074,5.02,400,0.2008,B,20174574,22093072,0,16:10:00.269
000931.SZ,10:28:48.630,102848630,22096970,0.0,4000,0.0,?,180565,0,0,16:10:00.269
000931.SZ,10:28:49.210,102849210,22098807,0.0,100,0.0,?,0,20774929,0,16:10:00.269
000931.SZ,10:28:54.290,102854290,22113026,0.0,500,0.0,?,0,21754246,0,16:10:00.671
000931.SZ,10:28:56.220,102856220,22118549,0.0,2500,0.0,?,22113455,0,0,16:10:00.753
000931.SZ,10:29:09.180,102909180,22161287,5.02,100,0.0502,B,20174574,22161286,0,16:10:01.811
000931.SZ,10:29:12.240,102912240,22171076,5.02,400,0.2008,B,20174574,22171075,0,16:10:02.065
000931.SZ,10:29:17.780,102917780,22188755,0.0,1000,0.0,?,20350753,0,0,16:10:02.557
000931.SZ,10:29:17.780,102917780,22188757,0.0,600,0.0,?,20420448,0,0,16:10:02.557
000931.SZ,10:29:17.780,102917780,22188762,0.0,1200,0.0,?,20651096,0,0,16:10:02.557
000931.SZ,10:29:18.780,102918780,22191425,5.01,100,0.0501,S,22191424,21440905,0,16:10:02.557
000931.SZ,10:29:18.780,102918780,22191426,5.01,200,0.1002,S,22191424,21442791,0,16:10:02.557
000931.SZ,10:29:18.780,102918780,22191427,5.01,100,0.0501,S,22191424,21450304,0,16:10:02.557
000931.SZ,10:29:18.780,102918780,22191428,5.01,100,0.0501,S,22191424,21450311,0,16:10:02.557
000931.SZ,10:29:18.780,102918780,22191429,5.01,200,0.1002,S,22191424,21450316,0,16:10:02.557
000931.SZ,10:29:18.780,102918780,22191430,5.01,200,0.1002,S,22191424,21450345,0,16:10:02.557
000931.SZ,10:29:18.780,102918780,22191431,5.01,100,0.0501,S,22191424,21450347,0,16:10:02.557
000931.SZ,10:29:18.780,102918780,22191432,5.01,100,0.0501,S,22191424,21450369,0,16:10:02.557
000931.SZ,10:29:18.780,102918780,22191433,5.01,100,0.0501,S,22191424,21450384,0,16:10:02.557
000931.SZ,10:29:18.780,102918780,22191434,5.01,100,0.0501,S,22191424,21450386,0,16:10:02.557
000931.SZ,10:29:18.780,102918780,22191435,5.01,100,0.0501,S,22191424,21450390,0,16:10:02.557
000931.SZ,10:29:18.780,102918780,22191436,5.01,100,0.0501,S,22191424,21450397,0,16:10:02.557
000931.SZ,10:29:18.780,102918780,22191437,5.01,100,0.0501,S,22191424,21450399,0,16:10:02.557
000931.SZ,10:29:18.780,102918780,22191438,5.01,100,0.0501,S,22191424,21450426,0,16:10:02.557
000931.SZ,10:29:18.780,102918780,22191439,5.01,100,0.0501,S,22191424,21450429,0,16:10:02.557
000931.SZ,10:29:18.780,102918780,22191440,5.01,100,0.0501,S,22191424,21450487,0,16:10:02.557
000931.SZ,10:29:18.780,102918780,22191441,5.01,800,0.4008,S,22191424,21453265,0,16:10:02.557
000931.SZ,10:29:18.780,102918780,22191442,5.01,100,0.0501,S,22191424,21457046,0,16:10:02.557
000931.SZ,10:29:18.830,102918830,22191623,5.02,100,0.0502,B,20174574,22191622,0,16:10:02.557
000931.SZ,10:29:18.830,102918830,22191624,5.02,900,0.4518,B,20176292,22191622,0,16:10:02.557
000931.SZ,10:29:18.840,102918840,22191638,0.0,400,0.0,?,0,22091184,0,16:10:02.557
000931.SZ,10:29:19.800,102919800,22194783,0.0,100,0.0,?,0,22191454,0,16:10:02.698
000931.SZ,10:29:22.500,102922500,22203288,0.0,100,0.0,?,0,21665863,0,16:10:02.856
000931.SZ,10:29:22.500,102922500,22203289,0.0,100,0.0,?,0,21477780,0,16:10:02.856
000931.SZ,10:29:25.500,102925500,22210869,5.02,100,0.0502,B,20176292,22210868,0,16:10:03.015
000931.SZ,10:29:25.500,102925500,22210870,5.02,100,0.0502,B,20219134,22210868,0,16:10:03.015
000931.SZ,10:29:25.530,102925530,22210935,0.0,13900,0.0,?,1087958,0,0,16:10:03.015
000931.SZ,10:29:27.940,102927940,22217148,0.0,2500,0.0,?,22141867,0,0,16:10:03.187
000931.SZ,10:29:28.380,102928380,22218453,5.02,200,0.1004,B,20219134,22218452,0,16:10:03.187
000931.SZ,10:29:30.210,102930210,22223087,0.0,100,0.0,?,22106287,0,0,16:10:03.327
000931.SZ,10:29:30.410,102930410,22223958,5.01,100,0.0501,S,22223957,21470294,0,16:10:03.327
000931.SZ,10:29:32.490,102932490,22231941,5.01,100,0.0501,S,22231940,21470882,0,16:10:03.589
000931.SZ,10:29:33.160,102933160,22233783,0.0,100,0.0,?,0,21633758,0,16:10:03.589
000931.SZ,10:29:33.360,102933360,22234318,5.02,100,0.0502,B,20219134,22234317,0,16:10:03.589
000931.SZ,10:29:34.200,102934200,22236757,5.02,100,0.0502,B,20219134,22236756,0,16:10:03.589
000931.SZ,10:29:35.470,102935470,22240425,0.0,700,0.0,?,0,19732505,0,16:10:03.732
000931.SZ,10:29:35.480,102935480,22240455,0.0,200,0.0,?,0,20035492,0,16:10:03.732
000931.SZ,10:29:35.660,102935660,22240850,5.02,700,0.3514,B,20219134,22240849,0,16:10:03.732
000931.SZ,10:29:35.690,102935690,22240907,0.0,100,0.0,?,0,21477870,0,16:10:03.732
000931.SZ,10:29:38.230,102938230,22248209,0.0,100,0.0,?,0,20959271,0,16:10:03.883
000931.SZ,10:29:38.280,102938280,22248339,5.02,100,0.0502,B,20219134,22248338,0,16:10:03.883
000931.SZ,10:29:38.430,102938430,22248691,5.02,100,0.0502,B,20219134,22248690,0,16:10:03.883
000931.SZ,10:29:46.890,102946890,22269704,5.02,1200,0.6024,B,20219134,22269703,0,16:10:04.411
000931.SZ,10:29:46.890,102946890,22269706,5.02,1000,0.502,B,20219134,22269705,0,16:10:04.411
000931.SZ,10:29:47.150,102947150,22270288,0.0,1000,0.0,?,21765468,0,0,16:10:04.411
000931.SZ,10:29:47.160,102947160,22270293,5.02,1100,0.5522,B,20219134,22270292,0,16:10:04.411
000931.SZ,10:29:47.160,102947160,22270294,5.02,300,0.1506,B,20221721,22270292,0,16:10:04.411
000931.SZ,10:29:47.160,102947160,22270305,0.0,1000,0.0,?,20318498,0,0,16:10:04.411
000931.SZ,10:29:47.160,102947160,22270307,5.01,1000,0.501,S,22270306,21470882,0,16:10:04.411
000931.SZ,10:29:47.200,102947200,22270407,5.01,1000,0.501,S,22270406,21470882,0,16:10:04.523
000931.SZ,10:29:48.200,102948200,22272338,5.01,1000,0.501,S,22272337,21470882,0,16:10:04.523
000931.SZ,10:29:49.140,102949140,22274395,5.02,200,0.1004,B,20221721,22274394,0,16:10:04.523
000931.SZ,10:29:49.140,102949140,22274396,5.02,300,0.1506,B,20344025,22274394,0,16:10:04.523
000931.SZ,10:29:49.140,102949140,22274397,5.02,900,0.4518,B,20344758,22274394,0,16:10:04.523
000931.SZ,10:29:49.140,102949140,22274398,5.02,100,0.0502,B,20348166,22274394,0,16:10:04.523
000931.SZ,10:29:58.070,102958070,22293789,5.02,300,0.1506,B,20348166,22293788,0,16:10:05.112
000931.SZ,10:29:58.070,102958070,22293790,5.02,200,0.1004,B,20368148,22293788,0,16:10:05.112
000931.SZ,10:29:58.070,102958070,22293791,5.02,500,0.251,B,20389988,22293788,0,16:10:05.112
000931.SZ,10:29:58.070,102958070,22293792,5.02,600,0.3012,B,20394858,22293788,0,16:10:05.112
000931.SZ,10:29:58.070,102958070,22293793,5.02,500,0.251,B,20395691,22293788,0,16:10:05.112
000931.SZ,10:29:58.070,102958070,22293794,5.02,800,0.4016,B,20397850,22293788,0,16:10:05.112
000931.SZ,10:29:58.070,102958070,22293795,5.02,1000,0.502,B,20400168,22293788,0,16:10:05.112
000931.SZ,10:29:58.070,102958070,22293796,5.02,100,0.0502,B,20431340,22293788,0,16:10:05.112
000931.SZ,10:29:58.070,102958070,22293797,5.02,100,0.0502,B,20431341,22293788,0,16:10:05.112
000931.SZ,10:29:58.070,102958070,22293798,5.02,100,0.0502,B,20431358,22293788,0,16:10:05.112
000931.SZ,10:29:58.070,102958070,22293799,5.02,500,0.251,B,20440447,22293788,0,16:10:05.112
000931.SZ,10:29:58.070,102958070,22293800,5.02,300,0.1506,B,20441655,22293788,0,16:10:05.112
000931.SZ,10:29:58.070,102958070,22293801,5.02,300,0.1506,B,20466426,22293788,0,16:10:05.112
000931.SZ,10:29:58.070,102958070,22293802,5.02,100,0.0502,B,20475513,22293788,0,16:10:05.112
000931.SZ,10:29:58.070,102958070,22293803,5.02,100,0.0502,B,20475514,22293788,0,16:10:05.112
000931.SZ,10:29:58.070,102958070,22293804,5.02,100,0.0502,B,20475519,22293788,0,16:10:05.112
000931.SZ,10:29:58.070,102958070,22293805,5.02,100,0.0502,B,20475521,22293788,0,16:10:05.112
000931.SZ,10:29:58.070,102958070,22293806,5.02,300,0.1506,B,20480081,22293788,0,16:10:05.112
000931.SZ,10:29:58.070,102958070,22293807,5.02,300,0.1506,B,20528388,22293788,0,16:10:05.112
000931.SZ,10:29:58.070,102958070,22293808,5.02,300,0.1506,B,20672797,22293788,0,16:10:05.112
000931.SZ,10:29:58.070,102958070,22293809,5.02,100,0.0502,B,20871908,22293788,0,16:10:05.112
000931.SZ,10:29:58.070,102958070,22293810,5.02,500,0.251,B,20936498,22293788,0,16:10:05.112
000931.SZ,10:29:58.070,102958070,22293811,5.02,100,0.0502,B,20960815,22293788,0,16:10:05.112
000931.SZ,10:29:58.070,102958070,22293812,5.02,100,0.0502,B,20962026,22293788,0,16:10:05.112
000931.SZ,10:29:58.070,102958070,22293813,5.02,100,0.0502,B,21007924,22293788,0,16:10:05.112
000931.SZ,10:29:58.070,102958070,22293814,5.02,1100,0.5522,B,21072820,22293788,0,16:10:05.112
000931.SZ,10:29:58.070,102958070,22293815,5.02,600,0.3012,B,21093140,22293788,0,16:10:05.112
000931.SZ,10:29:58.070,102958070,22293816,5.02,600,0.3012,B,21174889,22293788,0,16:10:05.112
000931.SZ,10:29:58.070,102958070,22293817,5.02,800,0.4016,B,21205732,22293788,0,16:10:05.112
000931.SZ,10:29:58.070,102958070,22293818,5.02,1000,0.502,B,21209674,22293788,0,16:10:05.112
000931.SZ,10:29:58.070,102958070,22293819,5.02,800,0.4016,B,21273205,22293788,0,16:10:05.112
000931.SZ,10:29:58.070,102958070,22293820,5.02,100,0.0502,B,21394369,22293788,0,16:10:05.112
000931.SZ,10:29:58.070,102958070,22293821,5.02,700,0.3514,B,21394371,22293788,0,16:10:05.112
000931.SZ,10:29:58.070,102958070,22293822,5.02,100,0.0502,B,21611685,22293788,0,16:10:05.112
000931.SZ,10:29:58.070,102958070,22293823,5.02,1700,0.8534,B,21765313,22293788,0,16:10:05.112
000931.SZ,10:29:58.070,102958070,22293824,5.02,500,0.251,B,21863225,22293788,0,16:10:05.112
000931.SZ,10:29:58.070,102958070,22293825,5.02,3100,1.5562,B,21922374,22293788,0,16:10:05.112
000931.SZ,10:29:58.070,102958070,22293832,5.02,1900,0.9538,B,21922374,22293831,0,16:10:05.112
000931.SZ,10:29:58.070,102958070,22293834,5.02,1000,0.502,B,21922374,22293833,0,16:10:05.112
000931.SZ,10:29:58.070,102958070,22293837,5.02,3000,1.506,B,21922374,22293836,0,16:10:05.112
000931.SZ,10:29:58.070,102958070,22293838,5.02,900,0.4518,B,21922911,22293836,0,16:10:05.112
000931.SZ,10:29:58.070,102958070,22293839,5.02,200,0.1004,B,22087717,22293836,0,16:10:05.112
000931.SZ,10:29:58.070,102958070,22293840,5.02,1300,0.6526,B,22124372,22293836,0,16:10:05.112
000931.SZ,10:29:58.070,102958070,22293845,5.02,8700,4.3674,B,22124372,22293844,0,16:10:05.112
000931.SZ,10:29:58.070,102958070,22293846,5.02,200,0.1004,B,22141952,22293844,0,16:10:05.112
000931.SZ,10:29:58.070,102958070,22293847,5.02,400,0.2008,B,22141962,22293844,0,16:10:05.112
000931.SZ,10:29:58.070,102958070,22293848,5.02,3900,1.9578,B,22178383,22293844,0,16:10:05.112
000931.SZ,10:29:58.070,102958070,22293849,5.02,1000,0.502,B,22184979,22293844,0,16:10:05.112
000931.SZ,10:29:58.070,102958070,22293850,5.02,300,0.1506,B,22283002,22293844,0,16:10:05.112
000931.SZ,10:29:58.080,102958080,22293884,0.0,1000,0.0,?,0,22272345,0,16:10:05.112
000931.SZ,10:29:58.080,102958080,22293887,0.0,1000,0.0,?,0,22274408,0,16:10:05.112
000931.SZ,10:29:58.080,102958080,22293888,0.0,1000,0.0,?,0,22269717,0,16:10:05.112
000931.SZ,10:29:58.080,102958080,22293889,0.0,1000,0.0,?,0,22270303,0,16:10:05.112
000931.SZ,10:30:00.180,103000180,22299239,0.0,6800,0.0,?,0,21470882,0,16:10:05.347
000931.SZ,10:30:01.470,103001470,22304201,0.0,8300,0.0,?,0,22293844,0,16:10:05.505
000931.SZ,10:30:03.010,103003010,22308391,0.0,8500,0.0,?,0,21898256,0,16:10:05.505
000931.SZ,10:30:03.230,103003230,22309016,5.03,100,0.0503,B,18717205,22309015,0,16:10:05.673
000931.SZ,10:30:03.230,103003230,22309039,0.0,800,0.0,?,0,22293855,0,16:10:05.673
000931.SZ,10:30:04.240,103004240,22311863,5.02,100,0.0502,S,22311862,22293891,0,16:10:05.673
000931.SZ,10:30:05.540,103005540,22315691,5.02,4800,2.4096,S,22315690,22293891,0,16:10:05.673
000931.SZ,10:30:05.540,103005540,22315699,5.02,800,0.4016,S,22315698,22293891,0,16:10:05.673
000931.SZ,10:30:05.560,103005560,22315721,5.02,400,0.2008,S,22315720,22293891,0,16:10:05.673
000931.SZ,10:30:05.560,103005560,22315722,5.02,100,0.0502,S,22315720,22293945,0,16:10:05.673
000931.SZ,10:30:05.560,103005560,22315723,5.02,100,0.0502,S,22315720,22295187,0,16:10:05.673
000931.SZ,10:30:05.560,103005560,22315724,5.02,100,0.0502,S,22315720,22295188,0,16:10:05.673
000931.SZ,10:30:05.560,103005560,22315725,5.02,100,0.0502,S,22315720,22295191,0,16:10:05.673
000931.SZ,10:30:05.560,103005560,22315726,5.02,100,0.0502,S,22315720,22295192,0,16:10:05.673
000931.SZ,10:30:05.560,103005560,22315727,5.02,200,0.1004,S,22315720,22295193,0,16:10:05.673
000931.SZ,10:30:05.560,103005560,22315728,5.02,100,0.0502,S,22315720,22295194,0,16:10:05.673
000931.SZ,10:30:05.560,103005560,22315729,5.02,100,0.0502,S,22315720,22295195,0,16:10:05.673
000931.SZ,10:30:05.560,103005560,22315730,5.02,200,0.1004,S,22315720,22295196,0,16:10:05.673
000931.SZ,10:30:05.560,103005560,22315731,5.02,100,0.0502,S,22315720,22295197,0,16:10:05.673
000931.SZ,10:30:05.560,103005560,22315732,5.02,100,0.0502,S,22315720,22295198,0,16:10:05.673
000931.SZ,10:30:05.560,103005560,22315733,5.02,100,0.0502,S,22315720,22295199,0,16:10:05.673
000931.SZ,10:30:05.560,103005560,22315734,5.02,200,0.1004,S,22315720,22295200,0,16:10:05.673
000931.SZ,10:30:05.560,103005560,22315735,5.02,100,0.0502,S,22315720,22295201,0,16:10:05.673
000931.SZ,10:30:05.560,103005560,22315736,5.02,100,0.0502,S,22315720,22295202,0,16:10:05.673
000931.SZ,10:30:05.560,103005560,22315737,5.02,200,0.1004,S,22315720,22295203,0,16:10:05.673
000931.SZ,10:30:05.560,103005560,22315738,5.02,100,0.0502,S,22315720,22295204,0,16:10:05.673
000931.SZ,10:30:05.560,103005560,22315739,5.02,100,0.0502,S,22315720,22295205,0,16:10:05.673
000931.SZ,10:30:05.560,103005560,22315740,5.02,200,0.1004,S,22315720,22295206,0,16:10:05.673
000931.SZ,10:30:05.560,103005560,22315741,5.02,100,0.0502,S,22315720,22295207,0,16:10:05.673
000931.SZ,10:30:05.560,103005560,22315742,5.02,100,0.0502,S,22315720,22295208,0,16:10:05.673
000931.SZ,10:30:05.560,103005560,22315743,5.02,100,0.0502,S,22315720,22295213,0,16:10:05.673
000931.SZ,10:30:05.560,103005560,22315745,5.02,100,0.0502,S,22315744,22295213,0,16:10:05.673
000931.SZ,10:30:05.560,103005560,22315746,5.02,100,0.0502,S,22315744,22295216,0,16:10:05.673
000931.SZ,10:30:05.560,103005560,22315747,5.02,100,0.0502,S,22315744,22295227,0,16:10:05.673
000931.SZ,10:30:05.560,103005560,22315748,5.02,100,0.0502,S,22315744,22295231,0,16:10:05.673
000931.SZ,10:30:05.560,103005560,22315749,5.02,100,0.0502,S,22315744,22295270,0,16:10:05.673
000931.SZ,10:30:05.560,103005560,22315750,5.02,100,0.0502,S,22315744,22295271,0,16:10:05.673
000931.SZ,10:30:05.560,103005560,22315751,5.02,100,0.0502,S,22315744,22295272,0,16:10:05.673
000931.SZ,10:30:05.560,103005560,22315752,5.02,100,0.0502,S,22315744,22295318,0,16:10:05.673
000931.SZ,10:30:05.560,103005560,22315753,5.02,1300,0.6526,S,22315744,22299835,0,16:10:05.673
000931.SZ,10:30:05.560,103005560,22315754,5.02,700,0.3514,S,22315744,22307750,0,16:10:05.673
000931.SZ,10:30:05.560,103005560,22315763,5.02,300,0.1506,S,22315762,22307750,0,16:10:05.673
000931.SZ,10:30:05.560,103005560,22315764,5.02,200,0.1004,S,22315762,22315703,0,16:10:05.673
000931.SZ,10:30:05.560,103005560,22315765,5.02,200,0.1004,S,22315762,22315708,0,16:10:05.673
000931.SZ,10:30:05.570,103005570,22315777,5.02,800,0.4016,B,22315762,22315776,0,16:10:05.673
000931.SZ,10:30:05.570,103005570,22315782,5.02,100,0.0502,B,22315762,22315781,0,16:10:05.673
000931.SZ,10:30:05.570,103005570,22315784,5.02,100,0.0502,B,22315762,22315783,0,16:10:05.673
000931.SZ,10:30:05.570,103005570,22315786,5.02,100,0.0502,B,22315762,22315785,0,16:10:05.673
000931.SZ,10:30:05.570,103005570,22315788,5.02,100,0.0502,B,22315762,22315787,0,16:10:05.673
000931.SZ,10:30:05.570,103005570,22315790,5.02,100,0.0502,B,22315762,22315789,0,16:10:05.673
000931.SZ,10:30:05.570,103005570,22315793,5.02,100,0.0502,B,22315762,22315792,0,16:10:05.673
000931.SZ,10:30:05.570,103005570,22315795,5.02,100,0.0502,B,22315762,22315794,0,16:10:05.673
000931.SZ,10:30:05.570,103005570,22315797,5.02,100,0.0502,B,22315762,22315796,0,16:10:05.673
000931.SZ,10:30:05.570,103005570,22315799,5.02,100,0.0502,B,22315762,22315798,0,16:10:05.673
000931.SZ,10:30:05.570,103005570,22315801,5.02,100,0.0502,B,22315762,22315800,0,16:10:05.673
000931.SZ,10:30:05.580,103005580,22315814,5.02,200,0.1004,B,22315762,22315813,0,16:10:05.673
000931.SZ,10:30:07.210,103007210,22320197,0.0,100,0.0,?,0,22161505,0,16:10:05.793
000931.SZ,10:30:09.500,103009500,22325210,5.02,200,0.1004,B,22315762,22325209,0,16:10:05.959
000931.SZ,10:30:09.560,103009560,22325350,5.02,100,0.0502,B,22315762,22325349,0,16:10:05.959
000931.SZ,10:30:12.200,103012200,22332061,5.02,100,0.0502,B,22315780,22332060,0,16:10:06.098
000931.SZ,10:30:12.390,103012390,22332497,5.02,100,0.0502,B,22315780,22332496,0,16:10:06.098
000931.SZ,10:30:12.390,103012390,22332498,5.02,200,0.1004,B,22315804,22332496,0,16:10:06.098
000931.SZ,10:30:12.390,103012390,22332499,5.02,400,0.2008,B,22315806,22332496,0,16:10:06.098
000931.SZ,10:30:12.390,103012390,22332500,5.02,600,0.3012,B,22318349,22332496,0,16:10:06.098
000931.SZ,10:30:12.540,103012540,22332854,5.02,100,0.0502,S,22332853,22332496,0,16:10:06.098
000931.SZ,10:30:15.000,103015000,22340598,5.02,200,0.1004,S,22340597,22332496,0,16:10:06.379
000931.SZ,10:30:15.360,103015360,22341963,5.02,2400,1.2048,S,22341962,22332496,0,16:10:06.379
000931.SZ,10:30:15.550,103015550,22342762,5.02,100,0.0502,S,22342761,22332496,0,16:10:06.379
000931.SZ,10:30:21.550,103021550,22363894,5.02,100,0.0502,S,22363893,22332496,0,16:10:06.765
000931.SZ,10:30:22.000,103022000,22365392,0.0,1000,0.0,?,0,21095629,0,16:10:06.860
000931.SZ,10:30:26.530,103026530,22382945,5.02,4300,2.1586,S,22382944,22332496,0,16:10:07.145
000931.SZ,10:30:26.530,103026530,22382946,5.02,300,0.1506,S,22382944,22332519,0,16:10:07.145
000931.SZ,10:30:26.530,103026530,22382947,5.02,100,0.0502,S,22382944,22332520,0,16:10:07.145
000931.SZ,10:30:26.530,103026530,22382948,5.02,300,0.1506,S,22382944,22332521,0,16:10:07.145
000931.SZ,10:30:26.530,103026530,22382949,5.02,100,0.0502,S,22382944,22332522,0,16:10:07.145
000931.SZ,10:30:26.530,103026530,22382950,5.02,100,0.0502,S,22382944,22332780,0,16:10:07.145
000931.SZ,10:30:26.530,103026530,22382951,5.02,800,0.4016,S,22382944,22336654,0,16:10:07.145
000931.SZ,10:30:26.530,103026530,22382952,5.02,300,0.1506,S,22382944,22337755,0,16:10:07.145
000931.SZ,10:30:26.530,103026530,22382953,5.02,100,0.0502,S,22382944,22340617,0,16:10:07.145
000931.SZ,10:30:26.530,103026530,22382954,5.02,2000,1.004,S,22382944,22348082,0,16:10:07.145
000931.SZ,10:30:26.530,103026530,22382955,5.02,100,0.0502,S,22382944,22348124,0,16:10:07.145
000931.SZ,10:30:26.530,103026530,22382956,5.02,100,0.0502,S,22382944,22348173,0,16:10:07.145
000931.SZ,10:30:26.530,103026530,22382957,5.02,100,0.0502,S,22382944,22348444,0,16:10:07.145
000931.SZ,10:30:26.530,103026530,22382958,5.02,100,0.0502,S,22382944,22348468,0,16:10:07.145
000931.SZ,10:30:26.530,103026530,22382959,5.02,100,0.0502,S,22382944,22348854,0,16:10:07.145
000931.SZ,10:30:26.530,103026530,22382960,5.02,100,0.0502,S,22382944,22353319,0,16:10:07.145
000931.SZ,10:30:26.530,103026530,22382961,5.02,100,0.0502,S,22382944,22353324,0,16:10:07.145
000931.SZ,10:30:26.530,103026530,22382962,5.02,100,0.0502,S,22382944,22353327,0,16:10:07.145
000931.SZ,10:30:26.530,103026530,22382963,5.02,100,0.0502,S,22382944,22353329,0,16:10:07.145
000931.SZ,10:30:26.530,103026530,22382964,5.02,800,0.4016,S,22382944,22355161,0,16:10:07.145
000931.SZ,10:30:26.530,103026530,22382965,5.02,800,0.4016,S,22382944,22364672,0,16:10:07.145
000931.SZ,10:30:26.530,103026530,22382966,5.02,800,0.4016,S,22382944,22365102,0,16:10:07.145
000931.SZ,10:30:26.530,103026530,22382967,5.02,1000,0.502,S,22382944,22368089,0,16:10:07.145
000931.SZ,10:30:26.530,103026530,22382968,5.02,100,0.0502,S,22382944,22376295,0,16:10:07.145
000931.SZ,10:30:26.530,103026530,22382969,5.02,700,0.3514,S,22382944,22382738,0,16:10:07.145
000931.SZ,10:30:26.530,103026530,22382976,5.02,1900,0.9538,B,22382944,22382975,0,16:10:07.145
000931.SZ,10:30:26.540,103026540,22382999,5.02,200,0.1004,B,22382944,22382998,0,16:10:07.145
000931.SZ,10:30:26.580,103026580,22383111,5.02,1400,0.7028,B,22382944,22383110,0,16:10:07.145
000931.SZ,10:30:26.590,103026590,22383134,5.02,100,0.0502,B,22382944,22383133,0,16:10:07.145
000931.SZ,10:30:26.590,103026590,22383136,5.02,100,0.0502,B,22382944,22383135,0,16:10:07.145
000931.SZ,10:30:26.590,103026590,22383139,5.02,300,0.1506,B,22382944,22383138,0,16:10:07.145
000931.SZ,10:30:26.590,103026590,22383142,5.02,8600,4.3172,B,22382944,22383141,0,16:10:07.145
000931.SZ,10:30:26.590,103026590,22383144,5.02,1600,0.8032,B,22382944,22383143,0,16:10:07.145
000931.SZ,10:30:26.600,103026600,22383161,5.02,2300,1.1546,B,22382944,22383160,0,16:10:07.145
000931.SZ,10:30:26.600,103026600,22383163,5.02,1700,0.8534,B,22382944,22383162,0,16:10:07.145
000931.SZ,10:30:26.600,103026600,22383165,5.02,1000,0.502,B,22382944,22383164,0,16:10:07.145
000931.SZ,10:30:26.600,103026600,22383167,5.02,14600,7.3292,B,22382944,22383166,0,16:10:07.145
000931.SZ,10:30:26.600,103026600,22383212,5.02,1000,0.502,B,22382944,22383211,0,16:10:07.145
000931.SZ,10:30:26.600,103026600,22383219,5.02,100,0.0502,B,22382944,22383218,0,16:10:07.145
000931.SZ,10:30:26.600,103026600,22383221,5.02,100,0.0502,B,22382944,22383220,0,16:10:07.145
000931.SZ,10:30:26.600,103026600,22383223,5.02,100,0.0502,B,22382944,22383222,0,16:10:07.145
000931.SZ,10:30:26.600,103026600,22383225,5.02,500,0.251,B,22382944,22383224,0,16:10:07.145
000931.SZ,10:30:26.600,103026600,22383230,5.02,100,0.0502,B,22382944,22383229,0,16:10:07.145
000931.SZ,10:30:26.600,103026600,22383232,5.02,100,0.0502,B,22382944,22383231,0,16:10:07.145
000931.SZ,10:30:26.610,103026610,22383236,5.02,200,0.1004,B,22382944,22383235,0,16:10:07.145
000931.SZ,10:30:26.610,103026610,22383242,5.02,300,0.1506,B,22382944,22383241,0,16:10:07.145
000931.SZ,10:30:26.610,103026610,22383244,5.02,500,0.251,B,22382944,22383243,0,16:10:07.145
000931.SZ,10:30:26.610,103026610,22383246,5.02,200,0.1004,B,22382944,22383245,0,16:10:07.145
000931.SZ,10:30:26.610,103026610,22383248,5.02,400,0.2008,B,22382944,22383247,0,16:10:07.145
000931.SZ,10:30:26.610,103026610,22383250,5.02,200,0.1004,B,22382944,22383249,0,16:10:07.145
000931.SZ,10:30:26.610,103026610,22383252,5.02,100,0.0502,B,22382944,22383251,0,16:10:07.145
000931.SZ,10:30:26.610,103026610,22383255,5.02,300,0.1506,B,22382944,22383254,0,16:10:07.145
000931.SZ,10:30:26.630,103026630,22383301,5.02,1100,0.5522,B,22382944,22383300,0,16:10:07.145
000931.SZ,10:30:26.660,103026660,22383370,5.02,100,0.0502,B,22382944,22383369,0,16:10:07.145
000931.SZ,10:30:26.820,103026820,22383706,5.02,500,0.251,B,22382944,22383705,0,16:10:07.145
000931.SZ,10:30:26.820,103026820,22383708,5.02,100,0.0502,B,22382944,22383707,0,16:10:07.145
000931.SZ,10:30:26.820,103026820,22383710,5.02,200,0.1004,B,22382944,22383709,0,16:10:07.145
000931.SZ,10:30:27.080,103027080,22384541,5.02,500,0.251,B,22382944,22384540,0,16:10:07.287
000931.SZ,10:30:27.080,103027080,22384543,5.02,400,0.2008,B,22382944,22384542,0,16:10:07.287
000931.SZ,10:30:27.080,103027080,22384561,5.02,100,0.0502,B,22382944,22384560,0,16:10:07.287
000931.SZ,10:30:27.080,103027080,22384563,5.02,500,0.251,B,22382944,22384562,0,16:10:07.287
000931.SZ,10:30:27.080,103027080,22384567,5.02,300,0.1506,B,22382944,22384566,0,16:10:07.287
000931.SZ,10:30:27.080,103027080,22384569,5.02,100,0.0502,B,22382944,22384568,0,16:10:07.287
000931.SZ,10:30:27.080,103027080,22384571,5.02,300,0.1506,B,22382944,22384570,0,16:10:07.287
000931.SZ,10:30:27.280,103027280,22385601,5.02,600,0.3012,B,22382944,22385600,0,16:10:07.287
000931.SZ,10:30:27.280,103027280,22385631,5.02,200,0.1004,B,22382944,22385630,0,16:10:07.287
000931.SZ,10:30:27.280,103027280,22385633,5.02,200,0.1004,B,22382944,22385632,0,16:10:07.287
000931.SZ,10:30:27.280,103027280,22385635,5.02,600,0.3012,B,22382944,22385634,0,16:10:07.287
000931.SZ,10:30:27.290,103027290,22385666,5.02,200,0.1004,B,22382944,22385665,0,16:10:07.287
000931.SZ,10:30:27.290,103027290,22385671,5.02,200,0.1004,B,22382944,22385670,0,16:10:07.287
000931.SZ,10:30:27.290,103027290,22385698,5.02,200,0.1004,B,22382944,22385697,0,16:10:07.287
000931.SZ,10:30:27.290,103027290,22385710,5.02,300,0.1506,B,22382944,22385709,0,16:10:07.287
000931.SZ,10:30:27.300,103027300,22385744,5.02,200,0.1004,B,22382944,22385743,0,16:10:07.287
000931.SZ,10:30:27.320,103027320,22385801,5.02,100,0.0502,B,22382944,22385800,0,16:10:07.287
000931.SZ,10:30:27.320,103027320,22385821,5.02,200,0.1004,B,22382944,22385820,0,16:10:07.287
000931.SZ,10:30:27.320,103027320,22385823,5.02,3000,1.506,B,22382944,22385822,0,16:10:07.287
000931.SZ,10:30:27.320,103027320,22385826,5.02,1000,0.502,B,22382944,22385825,0,16:10:07.287
000931.SZ,10:30:27.370,103027370,22385985,0.0,100,0.0,?,22341945,0,0,16:10:07.287
000931.SZ,10:30:27.380,103027380,22386039,5.02,100,0.0502,B,22382944,22386038,0,16:10:07.287
000931.SZ,10:30:27.380,103027380,22386074,5.02,100,0.0502,B,22382944,22386073,0,16:10:07.287
000931.SZ,10:30:27.960,103027960,22388588,5.02,100,0.0502,B,22382944,22388587,0,16:10:07.287
000931.SZ,10:30:27.960,103027960,22388589,5.02,200,0.1004,B,22385738,22388587,0,16:10:07.287
000931.SZ,10:30:28.050,103028050,22388985,5.02,200,0.1004,B,22385738,22388984,0,16:10:07.287
000931.SZ,10:30:28.540,103028540,22391075,5.02,100,0.0502,S,22391074,22388984,0,16:10:07.395
000931.SZ,10:30:29.140,103029140,22392933,5.03,500,0.2515,B,18717205,22392932,0,16:10:07.395
000931.SZ,10:30:31.420,103031420,22402185,5.02,700,0.3514,S,22402184,22388984,0,16:10:07.567
000931.SZ,10:30:31.420,103031420,22402186,5.02,100,0.0502,S,22402184,22389247,0,16:10:07.567
000931.SZ,10:30:31.420,103031420,22402187,5.02,100,0.0502,S,22402184,22389311,0,16:10:07.567
000931.SZ,10:30:31.420,103031420,22402188,5.02,1800,0.9036,S,22402184,22395594,0,16:10:07.567
000931.SZ,10:30:34.550,103034550,22412979,5.02,100,0.0502,S,22412978,22395594,0,16:10:07.845
000931.SZ,10:30:37.260,103037260,22422669,5.02,2200,1.1044,S,22422668,22395594,0,16:10:07.989
000931.SZ,10:30:37.350,103037350,22423092,5.02,100,0.0502,S,22423091,22395594,0,16:10:08.079
000931.SZ,10:30:40.530,103040530,22435585,5.02,100,0.0502,S,22435584,22395594,0,16:10:08.283
000931.SZ,10:30:43.490,103043490,22444372,5.02,2000,1.004,S,22444371,22395594,0,16:10:08.517
000931.SZ,10:30:47.550,103047550,22456855,5.02,100,0.0502,S,22456854,22395594,0,16:10:08.841
000931.SZ,10:30:50.320,103050320,22468116,5.02,100,0.0502,S,22468115,22395594,0,16:10:09.063
000931.SZ,10:30:51.560,103051560,22473160,5.02,100,0.0502,S,22473159,22395594,0,16:10:09.172
000931.SZ,10:30:57.570,103057570,22498559,5.02,100,0.0502,S,22498558,22395594,0,16:10:09.714
000931.SZ,10:31:03.000,103103000,22519546,0.0,9600,0.0,?,0,22299292,0,16:10:10.249
000931.SZ,10:31:16.010,103116010,22562755,0.0,3200,0.0,?,0,22178757,0,16:10:11.225
000931.SZ,10:31:16.550,103116550,22564613,5.02,500,0.251,S,22564612,22395594,0,16:10:11.225
000931.SZ,10:31:16.550,103116550,22564614,5.02,1300,0.6526,S,22564612,22397294,0,16:10:11.225
000931.SZ,10:31:42.280,103142280,22639135,5.03,900,0.4527,B,18717205,22639134,0,16:10:12.905
000931.SZ,10:31:42.280,103142280,22639136,5.03,700,0.3521,B,18717469,22639134,0,16:10:12.905
000931.SZ,10:31:42.280,103142280,22639152,5.02,100,0.0502,S,22639151,22397294,0,16:10:12.905
000931.SZ,10:31:42.280,103142280,22639153,5.02,900,0.4518,S,22639151,22397297,0,16:10:12.905
000931.SZ,10:31:42.280,103142280,22639154,5.02,200,0.1004,S,22639151,22397303,0,16:10:12.905
000931.SZ,10:31:42.280,103142280,22639155,5.02,1300,0.6526,S,22639151,22403654,0,16:10:12.905
000931.SZ,10:31:42.280,103142280,22639156,5.02,1500,0.753,S,22639151,22403701,0,16:10:12.905
000931.SZ,10:31:42.280,103142280,22639157,5.02,2300,1.1546,S,22639151,22405509,0,16:10:12.905
000931.SZ,10:31:42.280,103142280,22639158,5.02,100,0.0502,S,22639151,22409288,0,16:10:12.905
000931.SZ,10:31:42.280,103142280,22639159,5.02,200,0.1004,S,22639151,22417465,0,16:10:12.905
000931.SZ,10:31:42.280,103142280,22639160,5.02,5000,2.51,S,22639151,22425551,0,16:10:12.905
000931.SZ,10:31:42.280,103142280,22639161,5.02,600,0.3012,S,22639151,22438642,0,16:10:12.905
000931.SZ,10:31:42.280,103142280,22639162,5.02,1500,0.753,S,22639151,22442085,0,16:10:12.905
000931.SZ,10:31:42.280,103142280,22639163,5.02,1000,0.502,S,22639151,22451005,0,16:10:12.905
000931.SZ,10:31:42.280,103142280,22639164,5.02,800,0.4016,S,22639151,22463010,0,16:10:12.905
000931.SZ,10:31:42.280,103142280,22639165,5.02,9900,4.9698,S,22639151,22486281,0,16:10:12.905
000931.SZ,10:31:42.280,103142280,22639166,5.02,200,0.1004,S,22639151,22496354,0,16:10:12.905
000931.SZ,10:31:42.280,103142280,22639167,5.02,3600,1.8072,S,22639151,22504327,0,16:10:12.905
000931.SZ,10:31:42.280,103142280,22639168,5.02,100,0.0502,S,22639151,22527345,0,16:10:12.905
000931.SZ,10:31:42.280,103142280,22639169,5.02,700,0.3514,S,22639151,22549388,0,16:10:12.905
000931.SZ,10:31:48.600,103148600,22657300,0.0,1000,0.0,?,0,19863452,0,16:10:13.375
000931.SZ,10:31:58.260,103158260,22686566,5.02,300,0.1506,S,22686565,22549388,0,16:10:14.081
000931.SZ,10:31:58.260,103158260,22686567,5.02,300,0.1506,S,22686565,22577236,0,16:10:14.081
000931.SZ,10:31:58.260,103158260,22686568,5.02,600,0.3012,S,22686565,22588606,0,16:10:14.081
000931.SZ,10:31:58.260,103158260,22686569,5.02,100,0.0502,S,22686565,22588630,0,16:10:14.081
000931.SZ,10:31:58.260,103158260,22686570,5.02,100,0.0502,S,22686565,22596584,0,16:10:14.081
000931.SZ,10:31:58.260,103158260,22686571,5.02,200,0.1004,S,22686565,22614128,0,16:10:14.081
000931.SZ,10:31:58.260,103158260,22686572,5.02,1100,0.5522,S,22686565,22621378,0,16:10:14.081
000931.SZ,10:31:58.260,103158260,22686573,5.02,33400,16.7668,S,22686565,22623833,0,16:10:14.081
000931.SZ,10:31:58.260,103158260,22686574,5.02,1500,0.753,S,22686565,22636332,0,16:10:14.081
000931.SZ,10:31:58.260,103158260,22686575,5.02,100,0.0502,S,22686565,22649886,0,16:10:14.081
000931.SZ,10:31:58.260,103158260,22686576,5.02,100,0.0502,S,22686565,22649887,0,16:10:14.081
000931.SZ,10:31:58.260,103158260,22686577,5.02,100,0.0502,S,22686565,22649888,0,16:10:14.081
000931.SZ,10:31:58.260,103158260,22686578,5.02,100,0.0502,S,22686565,22649889,0,16:10:14.081
000931.SZ,10:31:58.260,103158260,22686579,5.02,100,0.0502,S,22686565,22649890,0,16:10:14.081
000931.SZ,10:31:58.260,103158260,22686580,5.02,100,0.0502,S,22686565,22649891,0,16:10:14.081
000931.SZ,10:31:58.260,103158260,22686581,5.02,300,0.1506,S,22686565,22649894,0,16:10:14.081
000931.SZ,10:31:58.260,103158260,22686582,5.02,100,0.0502,S,22686565,22649895,0,16:10:14.081
000931.SZ,10:31:58.260,103158260,22686583,5.02,200,0.1004,S,22686565,22649911,0,16:10:14.081
000931.SZ,10:31:58.260,103158260,22686584,5.02,100,0.0502,S,22686565,22649940,0,16:10:14.081
000931.SZ,10:31:58.260,103158260,22686585,5.02,200,0.1004,S,22686565,22681393,0,16:10:14.081
000931.SZ,10:31:58.280,103158280,22686638,0.0,5600,0.0,?,0,22274446,0,16:10:14.081
000931.SZ,10:31:58.290,103158290,22686688,5.02,200,0.1004,S,22686687,22686607,0,16:10:14.081
000931.SZ,10:31:58.290,103158290,22686697,5.02,200,0.1004,S,22686696,22686607,0,16:10:14.081
000931.SZ,10:31:58.300,103158300,22686704,5.02,100,0.0502,S,22686703,22686607,0,16:10:14.081
000931.SZ,10:31:58.380,103158380,22686995,0.0,1200,0.0,?,0,22391176,0,16:10:14.081
000931.SZ,10:31:58.680,103158680,22688348,0.0,600,0.0,?,0,22387468,0,16:10:14.081
000931.SZ,10:31:58.820,103158820,22688829,0.0,700,0.0,?,22467158,0,0,16:10:14.081
000931.SZ,10:31:58.820,103158820,22688831,0.0,1200,0.0,?,22467157,0,0,16:10:14.081
000931.SZ,10:31:58.820,103158820,22688832,0.0,1000,0.0,?,22467159,0,0,16:10:14.081
000931.SZ,10:31:58.820,103158820,22688833,0.0,1200,0.0,?,22467160,0,0,16:10:14.081
000931.SZ,10:31:58.830,103158830,22688870,0.0,1300,0.0,?,22467209,0,0,16:10:14.081
000931.SZ,10:31:58.840,103158840,22688889,0.0,1300,0.0,?,22467232,0,0,16:10:14.081
000931.SZ,10:31:58.840,103158840,22688898,0.0,1000,0.0,?,22467242,0,0,16:10:14.081
000931.SZ,10:31:58.850,103158850,22688899,0.0,1200,0.0,?,22467250,0,0,16:10:14.081
000931.SZ,10:31:58.850,103158850,22688900,0.0,1700,0.0,?,22467243,0,0,16:10:14.081
000931.SZ,10:31:59.250,103159250,22690314,0.0,700,0.0,?,0,22393358,0,16:10:14.081
000931.SZ,10:31:59.500,103159500,22691334,0.0,200,0.0,?,22686703,0,0,16:10:14.081
000931.SZ,10:31:59.500,103159500,22691335,0.0,300,0.0,?,22686705,0,0,16:10:14.081
000931.SZ,10:31:59.500,103159500,22691336,0.0,100,0.0,?,22686706,0,0,16:10:14.081
000931.SZ,10:31:59.510,103159510,22691351,0.0,8800,0.0,?,22686639,0,0,16:10:14.081
000931.SZ,10:31:59.540,103159540,22691430,5.02,1200,0.6024,B,22686873,22691429,0,16:10:14.081
000931.SZ,10:31:59.580,103159580,22691483,0.0,1800,0.0,?,22686873,0,0,16:10:14.081
000931.SZ,10:31:59.690,103159690,22691688,5.02,600,0.3012,B,22690634,22691687,0,16:10:14.081
000931.SZ,10:31:59.870,103159870,22692270,0.0,100,0.0,?,0,22395044,0,16:10:14.313
000931.SZ,10:32:00.210,103200210,22693719,5.02,500,0.251,B,22690634,22693718,0,16:10:14.313
000931.SZ,10:32:00.220,103200220,22693783,5.02,600,0.3012,B,22690635,22693782,0,16:10:14.313
000931.SZ,10:32:00.220,103200220,22693789,5.02,200,0.1004,B,22690635,22693788,0,16:10:14.313
000931.SZ,10:32:00.220,103200220,22693791,5.02,200,0.1004,B,22690635,22693790,0,16:10:14.313
000931.SZ,10:32:00.220,103200220,22693793,5.02,300,0.1506,B,22690635,22693792,0,16:10:14.313
000931.SZ,10:32:00.240,103200240,22693924,5.02,300,0.1506,B,22690635,22693923,0,16:10:14.313
000931.SZ,10:32:00.240,103200240,22693925,5.02,600,0.3012,B,22690636,22693923,0,16:10:14.313
000931.SZ,10:32:00.240,103200240,22693926,5.02,800,0.4016,B,22690637,22693923,0,16:10:14.313
000931.SZ,10:32:00.240,103200240,22693927,5.02,400,0.2008,B,22690638,22693923,0,16:10:14.313
000931.SZ,10:32:00.320,103200320,22694302,5.01,500,0.2505,S,22694301,21474026,0,16:10:14.313
000931.SZ,10:32:00.320,103200320,22694303,5.01,100,0.0501,S,22694301,21483569,0,16:10:14.313
000931.SZ,10:32:00.320,103200320,22694304,5.01,500,0.2505,S,22694301,21490278,0,16:10:14.313
000931.SZ,10:32:00.320,103200320,22694305,5.01,2200,1.1022,S,22694301,21502401,0,16:10:14.313
000931.SZ,10:32:00.500,103200500,22695084,0.0,1500,0.0,?,0,17829701,0,16:10:14.313
000931.SZ,10:32:00.880,103200880,22697517,5.02,100,0.0502,B,22690638,22697516,0,16:10:14.440
000931.SZ,10:32:00.880,103200880,22697518,5.02,800,0.4016,B,22690686,22697516,0,16:10:14.440
000931.SZ,10:32:00.880,103200880,22697561,5.02,100,0.0502,B,22690686,22697560,0,16:10:14.440
000931.SZ,10:32:00.880,103200880,22697562,5.02,300,0.1506,B,22690704,22697560,0,16:10:14.440
000931.SZ,10:32:00.940,103200940,22697951,5.02,100,0.0502,B,22690704,22697950,0,16:10:14.440
000931.SZ,10:32:02.370,103202370,22704487,0.0,6400,0.0,?,0,22179251,0,16:10:14.581
000931.SZ,10:32:03.070,103203070,22706782,0.0,500,0.0,?,20936548,0,0,16:10:14.581
000931.SZ,10:32:04.500,103204500,22713255,5.02,500,0.251,B,22690704,22713254,0,16:10:14.730
000931.SZ,10:32:04.500,103204500,22713256,5.02,500,0.251,B,22690721,22713254,0,16:10:14.730
000931.SZ,10:32:06.440,103206440,22722091,5.02,500,0.251,B,22690721,22722090,0,16:10:14.891
000931.SZ,10:32:07.440,103207440,22726876,0.0,27300,0.0,?,0,18326825,0,16:10:15.045
000931.SZ,10:32:16.880,103216880,22753286,0.0,100,0.0,?,19828054,0,0,16:10:15.531
000931.SZ,10:32:16.990,103216990,22753684,0.0,1500,0.0,?,19736858,0,0,16:10:15.655
000931.SZ,10:32:17.000,103217000,22753704,0.0,300,0.0,?,22297643,0,0,16:10:15.655
000931.SZ,10:32:17.010,103217010,22753718,0.0,300,0.0,?,22691745,0,0,16:10:15.655
000931.SZ,10:32:17.020,103217020,22753753,0.0,800,0.0,?,22747384,0,0,16:10:15.655
000931.SZ,10:32:17.080,103217080,22753897,0.0,300,0.0,?,22738778,0,0,16:10:15.655
000931.SZ,10:32:17.080,103217080,22753898,0.0,600,0.0,?,22749126,0,0,16:10:15.655
000931.SZ,10:32:17.080,103217080,22753911,0.0,900,0.0,?,19743631,0,0,16:10:15.655
000931.SZ,10:32:17.080,103217080,22753929,0.0,300,0.0,?,22297180,0,0,16:10:15.655
000931.SZ,10:32:17.120,103217120,22754042,0.0,200,0.0,?,21092300,0,0,16:10:15.655
000931.SZ,10:32:17.280,103217280,22754677,5.02,200,0.1004,B,22690721,22754676,0,16:10:15.655
000931.SZ,10:32:17.280,103217280,22754678,5.02,600,0.3012,B,22690722,22754676,0,16:10:15.655
000931.SZ,10:32:17.280,103217280,22754679,5.02,1100,0.5522,B,22690723,22754676,0,16:10:15.655
000931.SZ,10:32:17.280,103217280,22754680,5.02,800,0.4016,B,22690726,22754676,0,16:10:15.655
000931.SZ,10:32:17.280,103217280,22754681,5.02,1400,0.7028,B,22691510,22754676,0,16:10:15.655
000931.SZ,10:32:17.280,103217280,22754682,5.02,400,0.2008,B,22697946,22754676,0,16:10:15.655
000931.SZ,10:32:17.280,103217280,22754683,5.02,500,0.251,B,22698179,22754676,0,16:10:15.655
000931.SZ,10:32:17.290,103217290,22754690,0.0,2300,0.0,?,19759698,0,0,16:10:15.655
000931.SZ,10:32:17.290,103217290,22754718,0.0,500,0.0,?,22295176,0,0,16:10:15.655
000931.SZ,10:32:17.300,103217300,22754740,0.0,400,0.0,?,22701020,0,0,16:10:15.655
000931.SZ,10:32:17.490,103217490,22755311,0.0,800,0.0,?,22752286,0,0,16:10:15.655
000931.SZ,10:32:17.490,103217490,22755312,0.0,300,0.0,?,22713199,0,0,16:10:15.655
000931.SZ,10:32:17.490,103217490,22755314,0.0,300,0.0,?,22312505,0,0,16:10:15.655
000931.SZ,10:32:17.500,103217500,22755316,0.0,1500,0.0,?,19732695,0,0,16:10:15.655
000931.SZ,10:32:17.660,103217660,22755705,0.0,300,0.0,?,22736805,0,0,16:10:15.655
000931.SZ,10:32:17.660,103217660,22755712,0.0,900,0.0,?,19760351,0,0,16:10:15.655
000931.SZ,10:32:17.660,103217660,22755721,0.0,300,0.0,?,22295275,0,0,16:10:15.655
000931.SZ,10:32:17.670,103217670,22755750,0.0,300,0.0,?,19824453,0,0,16:10:15.655
000931.SZ,10:32:17.710,103217710,22755826,0.0,300,0.0,?,22346086,0,0,16:10:15.655
000931.SZ,10:32:17.710,103217710,22755833,0.0,400,0.0,?,19740525,0,0,16:10:15.655
000931.SZ,10:32:17.710,103217710,22755834,0.0,300,0.0,?,22711039,0,0,16:10:15.655
000931.SZ,10:32:17.710,103217710,22755845,0.0,700,0.0,?,19735011,0,0,16:10:15.655
000931.SZ,10:32:17.710,103217710,22755852,0.0,300,0.0,?,22300260,0,0,16:10:15.655
000931.SZ,10:32:17.710,103217710,22755860,0.0,500,0.0,?,22747854,0,0,16:10:15.655
000931.SZ,10:32:18.250,103218250,22757711,0.0,1800,0.0,?,22752406,0,0,16:10:15.655
000931.SZ,10:32:18.480,103218480,22758439,0.0,500,0.0,?,22752630,0,0,16:10:15.655
000931.SZ,10:32:18.570,103218570,22758856,0.0,1000,0.0,?,22698179,0,0,16:10:15.655
000931.SZ,10:32:18.570,103218570,22758858,0.0,300,0.0,?,22754985,0,0,16:10:15.655
000931.SZ,10:32:21.510,103221510,22766802,5.02,200,0.1004,B,22707568,22766801,0,16:10:15.901
000931.SZ,10:32:21.510,103221510,22766803,5.02,1700,0.8534,B,22711485,22766801,0,16:10:15.901
000931.SZ,10:32:21.510,103221510,22766804,5.02,400,0.2008,B,22720777,22766801,0,16:10:15.901
000931.SZ,10:32:21.510,103221510,22766805,5.02,100,0.0502,B,22720831,22766801,0,16:10:15.901
000931.SZ,10:32:21.510,103221510,22766806,5.02,400,0.2008,B,22720847,22766801,0,16:10:15.901
000931.SZ,10:32:21.510,103221510,22766807,5.02,2000,1.004,B,22740778,22766801,0,16:10:15.901
000931.SZ,10:32:21.510,103221510,22766808,5.02,600,0.3012,B,22740801,22766801,0,16:10:15.901
000931.SZ,10:32:21.510,103221510,22766809,5.02,800,0.4016,B,22740844,22766801,0,16:10:15.901
000931.SZ,10:32:21.510,103221510,22766810,5.02,1400,0.7028,B,22740845,22766801,0,16:10:15.901
000931.SZ,10:32:21.510,103221510,22766811,5.02,700,0.3514,B,22740846,22766801,0,16:10:15.901
000931.SZ,10:32:21.510,103221510,22766812,5.02,1200,0.6024,B,22740921,22766801,0,16:10:15.901
000931.SZ,10:32:21.510,103221510,22766813,5.02,800,0.4016,B,22740974,22766801,0,16:10:15.901
000931.SZ,10:32:21.510,103221510,22766814,5.02,600,0.3012,B,22741004,22766801,0,16:10:15.901
000931.SZ,10:32:21.510,103221510,22766815,5.02,1500,0.753,B,22741189,22766801,0,16:10:15.901
000931.SZ,10:32:21.510,103221510,22766816,5.02,15300,7.6806,B,22746101,22766801,0,16:10:15.901
000931.SZ,10:32:24.310,103224310,22774501,5.02,5000,2.51,B,22746101,22774500,0,16:10:16.076
000931.SZ,10:32:26.200,103226200,22780369,5.02,1000,0.502,B,22746101,22780368,0,16:10:16.185
000931.SZ,10:32:33.040,103233040,22800812,0.0,100,0.0,?,22707651,0,0,16:10:16.701
000931.SZ,10:32:33.060,103233060,22800848,0.0,200,0.0,?,22707620,0,0,16:10:16.701
000931.SZ,10:32:42.210,103242210,22837267,0.0,1500,0.0,?,22341840,0,0,16:10:17.388
000931.SZ,10:32:42.210,103242210,22837270,0.0,200,0.0,?,22341834,0,0,16:10:17.388
000931.SZ,10:32:58.260,103258260,22883642,5.01,100,0.0501,S,22883641,21502401,0,16:10:18.355
000931.SZ,10:33:06.180,103306180,22910357,0.0,1000,0.0,?,22056779,0,0,16:10:18.840
000931.SZ,10:33:06.180,103306180,22910358,0.0,100,0.0,?,22056799,0,0,16:10:18.840
000931.SZ,10:33:06.180,103306180,22910359,0.0,400,0.0,?,22056784,0,0,16:10:18.840
000931.SZ,10:33:06.180,103306180,22910360,0.0,700,0.0,?,22056783,0,0,16:10:18.840
000931.SZ,10:33:06.180,103306180,22910361,0.0,100,0.0,?,22056782,0,0,16:10:18.840
000931.SZ,10:33:06.180,103306180,22910362,0.0,500,0.0,?,22056778,0,0,16:10:18.840
000931.SZ,10:33:06.180,103306180,22910363,0.0,900,0.0,?,22056786,0,0,16:10:18.840
000931.SZ,10:33:06.180,103306180,22910364,0.0,400,0.0,?,22056790,0,0,16:10:18.840
000931.SZ,10:33:06.180,103306180,22910365,0.0,500,0.0,?,22056785,0,0,16:10:18.840
000931.SZ,10:33:06.180,103306180,22910366,0.0,100,0.0,?,22056787,0,0,16:10:18.840
000931.SZ,10:33:06.180,103306180,22910367,0.0,500,0.0,?,22056788,0,0,16:10:18.840
000931.SZ,10:33:06.180,103306180,22910368,0.0,700,0.0,?,22056789,0,0,16:10:18.840
000931.SZ,10:33:06.180,103306180,22910377,0.0,7100,0.0,?,22056798,0,0,16:10:18.840
000931.SZ,10:33:06.180,103306180,22910385,0.0,2500,0.0,?,22294013,0,0,16:10:18.840
000931.SZ,10:33:06.190,103306190,22910415,0.0,600,0.0,?,22056830,0,0,16:10:18.840
000931.SZ,10:33:10.050,103310050,22922372,5.01,100,0.0501,S,22922371,21502401,0,16:10:18.929
000931.SZ,10:33:30.820,103330820,22984751,0.0,1100,0.0,?,0,20955647,0,16:10:19.786
000931.SZ,10:33:34.980,103334980,22999992,5.02,1000,0.502,B,22746101,22999991,0,16:10:20.212
000931.SZ,10:33:36.790,103336790,23005050,5.01,2900,1.4529,S,23005049,21502401,0,16:10:20.212
000931.SZ,10:33:36.790,103336790,23005051,5.01,1800,0.9018,S,23005049,21510612,0,16:10:20.212
000931.SZ,10:33:36.790,103336790,23005052,5.01,200,0.1002,S,23005049,21567874,0,16:10:20.212
000931.SZ,10:33:36.790,103336790,23005053,5.01,100,0.0501,S,23005049,21576892,0,16:10:20.212
000931.SZ,10:33:41.670,103341670,23018806,0.0,100,0.0,?,22614109,0,0,16:10:20.620
000931.SZ,10:33:47.220,103347220,23033173,5.01,9900,4.9599,S,23033172,21576892,0,16:10:20.928
000931.SZ,10:33:47.220,103347220,23033174,5.01,100,0.0501,S,23033172,21596023,0,16:10:20.928
000931.SZ,10:33:47.220,103347220,23033175,5.01,100,0.0501,S,23033172,21675503,0,16:10:20.928
000931.SZ,10:33:47.220,103347220,23033176,5.01,800,0.4008,S,23033172,21720186,0,16:10:20.928
000931.SZ,10:33:47.220,103347220,23033177,5.01,200,0.1002,S,23033172,21760702,0,16:10:20.928
000931.SZ,10:33:47.220,103347220,23033178,5.01,13800,6.9138,S,23033172,21763682,0,16:10:20.928
000931.SZ,10:33:47.240,103347240,23033234,5.01,4800,2.4048,S,23033233,21763682,0,16:10:20.928
000931.SZ,10:33:47.260,103347260,23033291,5.01,14100,7.0641,S,23033290,21763682,0,16:10:20.928
000931.SZ,10:33:47.270,103347270,23033334,5.01,200,0.1002,S,23033333,21763682,0,16:10:20.928
000931.SZ,10:33:47.270,103347270,23033342,5.01,200,0.1002,S,23033341,21763682,0,16:10:20.928
000931.SZ,10:33:47.270,103347270,23033346,5.01,200,0.1002,S,23033345,21763682,0,16:10:20.928
000931.SZ,10:33:47.270,103347270,23033350,5.01,400,0.2004,S,23033349,21763682,0,16:10:20.928
000931.SZ,10:33:47.270,103347270,23033360,0.0,100,0.0,?,0,22093095,0,16:10:20.928
000931.SZ,10:33:47.280,103347280,23033369,0.0,200,0.0,?,0,22093091,0,16:10:20.928
000931.SZ,10:33:47.280,103347280,23033371,0.0,100,0.0,?,0,22093092,0,16:10:20.928
000931.SZ,10:33:47.280,103347280,23033373,5.01,7700,3.8577,S,23033372,21763682,0,16:10:20.928
000931.SZ,10:33:47.280,103347280,23033374,5.01,100,0.0501,S,23033372,21837140,0,16:10:20.928
000931.SZ,10:33:47.280,103347280,23033375,5.01,900,0.4509,S,23033372,21838768,0,16:10:20.928
000931.SZ,10:33:47.280,103347280,23033376,5.01,2000,1.002,S,23033372,21868454,0,16:10:20.928
000931.SZ,10:33:47.280,103347280,23033377,5.01,4200,2.1042,S,23033372,21870731,0,16:10:20.928
000931.SZ,10:33:47.280,103347280,23033378,5.01,1300,0.6513,S,23033372,21876060,0,16:10:20.928
000931.SZ,10:33:47.280,103347280,23033379,5.01,1900,0.9519,S,23033372,21911842,0,16:10:20.928
000931.SZ,10:33:47.280,103347280,23033380,5.01,200,0.1002,S,23033372,21923294,0,16:10:20.928
000931.SZ,10:33:47.280,103347280,23033381,5.01,2000,1.002,S,23033372,21939321,0,16:10:20.928
000931.SZ,10:33:47.280,103347280,23033382,5.01,1500,0.7515,S,23033372,21967551,0,16:10:20.928
000931.SZ,10:33:47.280,103347280,23033383,5.01,100,0.0501,S,23033372,22021368,0,16:10:20.928
000931.SZ,10:33:47.280,103347280,23033384,5.01,100,0.0501,S,23033372,22118354,0,16:10:20.928
000931.SZ,10:33:47.280,103347280,23033385,5.01,4000,2.004,S,23033372,22119443,0,16:10:20.928
000931.SZ,10:33:47.290,103347290,23033443,5.01,1000,0.501,S,23033442,22119443,0,16:10:20.928
000931.SZ,10:33:47.290,103347290,23033444,5.01,3000,1.503,S,23033442,22143120,0,16:10:20.928
000931.SZ,10:33:47.300,103347300,23033480,5.01,600,0.3006,S,23033479,22158811,0,16:10:20.928
000931.SZ,10:33:47.300,103347300,23033481,5.01,400,0.2004,S,23033479,22198180,0,16:10:20.928
000931.SZ,10:33:47.320,103347320,23033518,5.01,2000,1.002,S,23033517,22198180,0,16:10:20.928
000931.SZ,10:33:47.320,103347320,23033522,5.01,1900,0.9519,S,23033521,22198180,0,16:10:20.928
000931.SZ,10:33:47.380,103347380,23033687,5.01,700,0.3507,S,23033686,22198180,0,16:10:20.928
000931.SZ,10:33:47.380,103347380,23033688,5.01,2000,1.002,S,23033686,22215634,0,16:10:20.928
000931.SZ,10:33:47.380,103347380,23033689,5.01,200,0.1002,S,23033686,22216555,0,16:10:20.928
000931.SZ,10:33:47.380,103347380,23033690,5.01,6000,3.006,S,23033686,22219163,0,16:10:20.928
000931.SZ,10:33:47.380,103347380,23033691,5.01,6000,3.006,S,23033686,22262840,0,16:10:20.928
000931.SZ,10:33:47.380,103347380,23033692,5.01,600,0.3006,S,23033686,22267872,0,16:10:20.928
000931.SZ,10:33:47.380,103347380,23033693,5.01,2600,1.3026,S,23033686,22292270,0,16:10:20.928
000931.SZ,10:33:47.380,103347380,23033694,5.01,100,0.0501,S,23033686,22293443,0,16:10:20.928
000931.SZ,10:33:47.380,103347380,23033695,5.01,100,0.0501,S,23033686,22387511,0,16:10:20.928
000931.SZ,10:33:47.380,103347380,23033696,5.01,100,0.0501,S,23033686,22387513,0,16:10:20.928
000931.SZ,10:33:47.380,103347380,23033697,5.01,400,0.2004,S,23033686,22388047,0,16:10:20.928
000931.SZ,10:33:47.380,103347380,23033698,5.01,100,0.0501,S,23033686,22388572,0,16:10:20.928
000931.SZ,10:33:47.380,103347380,23033699,5.01,300,0.1503,S,23033686,22395066,0,16:10:20.928
000931.SZ,10:33:47.380,103347380,23033700,5.01,3000,1.503,S,23033686,22504481,0,16:10:20.928
000931.SZ,10:33:47.380,103347380,23033701,5.01,1000,0.501,S,23033686,22572083,0,16:10:20.928
000931.SZ,10:33:47.380,103347380,23033702,5.01,300,0.1503,S,23033686,22686610,0,16:10:20.928
000931.SZ,10:33:47.380,103347380,23033703,5.01,6500,3.2565,S,23033686,22687573,0,16:10:20.928
000931.SZ,10:33:47.380,103347380,23033715,5.01,2200,1.1022,S,23033714,22687573,0,16:10:20.928
000931.SZ,10:33:47.390,103347390,23033720,5.01,1200,0.6012,S,23033719,22687573,0,16:10:20.928
000931.SZ,10:33:47.390,103347390,23033721,5.01,700,0.3507,S,23033719,22694010,0,16:10:20.928
000931.SZ,10:33:47.390,103347390,23033722,5.01,300,0.1503,S,23033719,22714343,0,16:10:20.928
000931.SZ,10:33:47.390,103347390,23033723,5.01,300,0.1503,S,23033719,22714939,0,16:10:20.928
000931.SZ,10:33:47.390,103347390,23033724,5.01,300,0.1503,S,23033719,22714940,0,16:10:20.928
000931.SZ,10:33:47.390,103347390,23033725,5.01,200,0.1002,S,23033719,22714941,0,16:10:20.928
000931.SZ,10:33:47.390,103347390,23033726,5.01,100,0.0501,S,23033719,22714942,0,16:10:20.928
000931.SZ,10:33:47.390,103347390,23033727,5.01,100,0.0501,S,23033719,22714944,0,16:10:20.928
000931.SZ,10:33:47.390,103347390,23033728,5.01,200,0.1002,S,23033719,22715079,0,16:10:20.928
000931.SZ,10:33:47.390,103347390,23033729,5.01,200,0.1002,S,23033719,22715080,0,16:10:20.928
000931.SZ,10:33:47.390,103347390,23033730,5.01,100,0.0501,S,23033719,22715081,0,16:10:20.928
000931.SZ,10:33:47.390,103347390,23033731,5.01,100,0.0501,S,23033719,22715193,0,16:10:20.928
000931.SZ,10:33:47.390,103347390,23033732,5.01,200,0.1002,S,23033719,22715194,0,16:10:20.928
000931.SZ,10:33:47.390,103347390,23033733,5.01,300,0.1503,S,23033719,22715195,0,16:10:20.928
000931.SZ,10:33:47.390,103347390,23033734,5.01,300,0.1503,S,23033719,22715196,0,16:10:20.928
000931.SZ,10:33:47.390,103347390,23033735,5.01,300,0.1503,S,23033719,22715400,0,16:10:20.928
000931.SZ,10:33:47.390,103347390,23033736,5.01,200,0.1002,S,23033719,22715401,0,16:10:20.928
000931.SZ,10:33:47.390,103347390,23033737,5.01,300,0.1503,S,23033719,22715403,0,16:10:20.928
000931.SZ,10:33:47.390,103347390,23033738,5.01,100,0.0501,S,23033719,22715404,0,16:10:20.928
000931.SZ,10:33:47.390,103347390,23033739,5.01,3600,1.8036,S,23033719,22742449,0,16:10:20.928
000931.SZ,10:33:47.390,103347390,23033741,5.01,1400,0.7014,S,23033740,22742449,0,16:10:20.928
000931.SZ,10:33:47.390,103347390,23033742,5.01,100,0.0501,S,23033740,22784254,0,16:10:20.928
000931.SZ,10:33:47.390,103347390,23033743,5.01,100,0.0501,S,23033740,22791988,0,16:10:20.928
000931.SZ,10:33:47.390,103347390,23033744,5.01,200,0.1002,S,23033740,22792522,0,16:10:20.928
000931.SZ,10:33:47.390,103347390,23033745,5.01,500,0.2505,S,23033740,22794753,0,16:10:20.928
000931.SZ,10:33:47.390,103347390,23033746,5.01,500,0.2505,S,23033740,22956329,0,16:10:20.928
000931.SZ,10:33:47.390,103347390,23033747,5.01,300,0.1503,S,23033740,22993302,0,16:10:20.928
000931.SZ,10:33:47.390,103347390,23033748,5.01,400,0.2004,S,23033740,22993809,0,16:10:20.928
000931.SZ,10:33:47.390,103347390,23033749,5.01,100,0.0501,S,23033740,22995633,0,16:10:20.928
000931.SZ,10:33:47.390,103347390,23033750,5.01,100,0.0501,S,23033740,22997775,0,16:10:20.928
000931.SZ,10:33:47.390,103347390,23033751,5.01,1100,0.5511,S,23033740,22999475,0,16:10:20.928
000931.SZ,10:33:47.390,103347390,23033752,5.01,700,0.3507,S,23033740,22999497,0,16:10:20.928
000931.SZ,10:33:47.390,103347390,23033753,5.01,500,0.2505,S,23033740,23001110,0,16:10:20.928
000931.SZ,10:33:47.390,103347390,23033754,5.01,400,0.2004,S,23033740,23001111,0,16:10:20.928
000931.SZ,10:33:47.390,103347390,23033755,5.01,900,0.4509,S,23033740,23006592,0,16:10:20.928
000931.SZ,10:33:47.440,103347440,23033919,5.01,1300,0.6513,B,23033740,23033918,0,16:10:20.928
000931.SZ,10:33:47.590,103347590,23034219,0.0,1000,0.0,?,2821014,0,0,16:10:20.928
000931.SZ,10:33:48.360,103348360,23035806,5.0,200,0.1,S,23035805,5410189,0,16:10:20.928
000931.SZ,10:33:48.360,103348360,23035807,5.0,200,0.1,S,23035805,5736452,0,16:10:20.928
000931.SZ,10:33:48.360,103348360,23035808,5.0,500,0.25,S,23035805,5826920,0,16:10:20.928
000931.SZ,10:33:48.360,103348360,23035809,5.0,2000,1.0,S,23035805,6001709,0,16:10:20.928
000931.SZ,10:33:48.360,103348360,23035810,5.0,300,0.15,S,23035805,6934834,0,16:10:20.928
000931.SZ,10:33:48.360,103348360,23035811,5.0,500,0.25,S,23035805,7025884,0,16:10:20.928
000931.SZ,10:33:48.360,103348360,23035812,5.0,2000,1.0,S,23035805,7446905,0,16:10:20.928
000931.SZ,10:33:48.360,103348360,23035813,5.0,500,0.25,S,23035805,8055533,0,16:10:20.928
000931.SZ,10:33:48.360,103348360,23035814,5.0,200,0.1,S,23035805,8807896,0,16:10:20.928
000931.SZ,10:33:48.360,103348360,23035815,5.0,200,0.1,S,23035805,9509089,0,16:10:20.928
000931.SZ,10:33:48.360,103348360,23035816,5.0,100,0.05,S,23035805,9725520,0,16:10:20.928
000931.SZ,10:33:48.440,103348440,23036027,0.0,4100,0.0,?,22454885,0,0,16:10:20.928
000931.SZ,10:33:48.490,103348490,23036215,0.0,10000,0.0,?,23033740,0,0,16:10:20.928
000931.SZ,10:33:48.550,103348550,23036368,0.0,300,0.0,?,22785197,0,0,16:10:20.928
000931.SZ,10:33:48.560,103348560,23036487,0.0,1300,0.0,?,22759149,0,0,16:10:20.928
000931.SZ,10:33:48.590,103348590,23036636,0.0,500,0.0,?,23033761,0,0,16:10:20.928
000931.SZ,10:33:48.590,103348590,23036637,0.0,4700,0.0,?,23033762,0,0,16:10:20.928
000931.SZ,10:33:48.590,103348590,23036638,0.0,1800,0.0,?,23033763,0,0,16:10:20.928
000931.SZ,10:33:48.590,103348590,23036639,0.0,800,0.0,?,23033765,0,0,16:10:20.928
000931.SZ,10:33:48.620,103348620,23036688,0.0,1500,0.0,?,23033764,0,0,16:10:20.928
000931.SZ,10:33:49.760,103349760,23040718,5.0,300,0.15,S,23040717,9725520,0,16:10:21.054
000931.SZ,10:33:50.210,103350210,23042345,0.0,300,0.0,?,22786036,0,0,16:10:21.054
000931.SZ,10:33:50.340,103350340,23042763,0.0,800,0.0,?,22783649,0,0,16:10:21.054
000931.SZ,10:33:50.360,103350360,23042817,0.0,8500,0.0,?,23033872,0,0,16:10:21.054
000931.SZ,10:33:50.430,103350430,23043016,5.0,300,0.15,S,23043015,9725520,0,16:10:21.054
000931.SZ,10:33:50.450,103350450,23043051,5.0,800,0.4,S,23043050,9725520,0,16:10:21.054
000931.SZ,10:33:50.800,103350800,23044039,0.0,900,0.0,?,22782484,0,0,16:10:21.196
000931.SZ,10:33:51.170,103351170,23045310,5.0,900,0.45,S,23045309,9725520,0,16:10:21.196
000931.SZ,10:33:51.940,103351940,23047983,0.0,400,0.0,?,22786216,0,0,16:10:21.196
000931.SZ,10:33:52.040,103352040,23048311,5.0,400,0.2,S,23048310,9725520,0,16:10:21.196
000931.SZ,10:33:53.860,103353860,23054191,0.0,19400,0.0,?,23018653,0,0,16:10:21.342
000931.SZ,10:33:53.860,103353860,23054192,0.0,8700,0.0,?,23033799,0,0,16:10:21.342
000931.SZ,10:33:53.870,103353870,23054203,0.0,19400,0.0,?,23018691,0,0,16:10:21.342
000931.SZ,10:33:53.870,103353870,23054215,0.0,100,0.0,?,23018607,0,0,16:10:21.342
000931.SZ,10:33:53.870,103353870,23054216,0.0,2300,0.0,?,23018608,0,0,16:10:21.342
000931.SZ,10:33:53.870,103353870,23054217,0.0,9300,0.0,?,23018609,0,0,16:10:21.342
000931.SZ,10:33:53.870,103353870,23054218,0.0,7700,0.0,?,23018616,0,0,16:10:21.342
000931.SZ,10:33:56.070,103356070,23060956,0.0,200,0.0,?,307455,0,0,16:10:21.510
000931.SZ,10:33:57.120,103357120,23063368,0.0,1000,0.0,?,0,237534,0,16:10:21.510
000931.SZ,10:34:02.180,103402180,23077691,0.0,1800,0.0,?,23061079,0,0,16:10:22.024
000931.SZ,10:34:03.140,103403140,23079701,0.0,100,0.0,?,22801384,0,0,16:10:22.024
000931.SZ,10:34:03.240,103403240,23079960,5.01,300,0.1503,B,23033766,23079959,0,16:10:22.024
000931.SZ,10:34:05.850,103405850,23087004,5.01,100,0.0501,B,23033766,23087003,0,16:10:22.183
000931.SZ,10:34:06.820,103406820,23089790,5.01,500,0.2505,B,23033766,23089789,0,16:10:22.341
000931.SZ,10:34:06.820,103406820,23089791,5.01,500,0.2505,B,23036818,23089789,0,16:10:22.341
000931.SZ,10:34:08.710,103408710,23095080,0.0,100,0.0,?,22530265,0,0,16:10:22.341
000931.SZ,10:34:08.710,103408710,23095081,0.0,100,0.0,?,23006225,0,0,16:10:22.341
000931.SZ,10:34:08.720,103408720,23095105,0.0,100,0.0,?,22799538,0,0,16:10:22.341
000931.SZ,10:34:13.270,103413270,23107978,0.0,1000,0.0,?,0,202288,0,16:10:22.729
000931.SZ,10:34:15.360,103415360,23112963,5.01,800,0.4008,B,23036818,23112962,0,16:10:22.729
000931.SZ,10:34:15.360,103415360,23112964,5.01,400,0.2004,B,23039816,23112962,0,16:10:22.729
000931.SZ,10:34:15.360,103415360,23112965,5.01,100,0.0501,B,23039817,23112962,0,16:10:22.729
000931.SZ,10:34:15.510,103415510,23113478,5.01,2200,1.1022,B,23039817,23113477,0,16:10:22.729
000931.SZ,10:34:15.510,103415510,23113479,5.01,500,0.2505,B,23039818,23113477,0,16:10:22.729
000931.SZ,10:34:15.510,103415510,23113480,5.01,300,0.1503,B,23039819,23113477,0,16:10:22.729
000931.SZ,10:34:18.160,103418160,23120288,0.0,10000,0.0,?,23018404,0,0,16:10:22.870
000931.SZ,10:34:25.840,103425840,23144352,5.01,300,0.1503,B,23039819,23144351,0,16:10:23.431
000931.SZ,10:34:26.680,103426680,23146929,5.01,200,0.1002,B,23039819,23146928,0,16:10:23.431
000931.SZ,10:34:28.020,103428020,23150820,5.01,500,0.2505,B,23039819,23150819,0,16:10:23.555
000931.SZ,10:34:28.020,103428020,23150821,5.01,700,0.3507,B,23039820,23150819,0,16:10:23.555
000931.SZ,10:34:29.800,103429800,23156384,5.01,700,0.3507,B,23039859,23156383,0,16:10:23.680
000931.SZ,10:34:29.800,103429800,23156385,5.01,700,0.3507,B,23039900,23156383,0,16:10:23.680
000931.SZ,10:34:29.800,103429800,23156386,5.01,500,0.2505,B,23039922,23156383,0,16:10:23.680
000931.SZ,10:34:29.800,103429800,23156387,5.01,1000,0.501,B,23039923,23156383,0,16:10:23.680
000931.SZ,10:34:29.800,103429800,23156388,5.01,900,0.4509,B,23039925,23156383,0,16:10:23.680
000931.SZ,10:34:29.800,103429800,23156389,5.01,700,0.3507,B,23039926,23156383,0,16:10:23.680
000931.SZ,10:34:29.800,103429800,23156390,5.01,400,0.2004,B,23051701,23156383,0,16:10:23.680
000931.SZ,10:34:29.800,103429800,23156391,5.01,100,0.0501,B,23080205,23156383,0,16:10:23.680
000931.SZ,10:34:29.930,103429930,23156679,5.01,200,0.1002,B,23095124,23156678,0,16:10:23.680
000931.SZ,10:34:29.930,103429930,23156680,5.01,200,0.1002,B,23104726,23156678,0,16:10:23.680
000931.SZ,10:34:29.930,103429930,23156681,5.01,100,0.0501,B,23113252,23156678,0,16:10:23.680
000931.SZ,10:34:30.220,103430220,23157791,0.0,100,0.0,?,22837336,0,0,16:10:23.680
000931.SZ,10:34:30.220,103430220,23157811,0.0,1100,0.0,?,22837321,0,0,16:10:23.680
000931.SZ,10:34:32.960,103432960,23166951,0.0,100,0.0,?,22802185,0,0,16:10:23.919
000931.SZ,10:34:33.140,103433140,23167632,0.0,100,0.0,?,22801366,0,0,16:10:23.919
000931.SZ,10:34:33.150,103433150,23167679,0.0,100,0.0,?,22801315,0,0,16:10:23.919
000931.SZ,10:34:33.160,103433160,23167705,5.0,100,0.05,S,23167704,9725520,0,16:10:23.919
000931.SZ,10:35:11.130,103511130,23293930,0.0,6200,0.0,?,0,21900748,0,16:10:26.600
000931.SZ,10:35:14.140,103514140,23303135,0.0,2000,0.0,?,0,20774525,0,16:10:26.819
000931.SZ,10:35:27.280,103527280,23343772,0.0,100,0.0,?,23113252,0,0,16:10:27.614
000931.SZ,10:35:27.290,103527290,23343798,0.0,200,0.0,?,23330483,0,0,16:10:27.614
000931.SZ,10:35:30.310,103530310,23353440,5.01,1100,0.5511,B,23114817,23353439,0,16:10:27.806
000931.SZ,10:35:30.310,103530310,23353441,5.01,200,0.1002,B,23120613,23353439,0,16:10:27.806
000931.SZ,10:35:30.310,103530310,23353456,5.01,200,0.1002,B,23120613,23353455,0,16:10:27.806
000931.SZ,10:35:34.460,103534460,23368548,5.01,400,0.2004,B,23120614,23368547,0,16:10:28.221
000931.SZ,10:35:34.460,103534460,23368549,5.01,400,0.2004,B,23120615,23368547,0,16:10:28.221
000931.SZ,10:35:34.460,103534460,23368550,5.01,400,0.2004,B,23120625,23368547,0,16:10:28.221
000931.SZ,10:35:34.460,103534460,23368551,5.01,400,0.2004,B,23120628,23368547,0,16:10:28.221
000931.SZ,10:35:34.460,103534460,23368552,5.01,400,0.2004,B,23120668,23368547,0,16:10:28.221
000931.SZ,10:35:34.460,103534460,23368553,5.01,400,0.2004,B,23120717,23368547,0,16:10:28.221
000931.SZ,10:35:34.460,103534460,23368554,5.01,1000,0.501,B,23135541,23368547,0,16:10:28.221
000931.SZ,10:35:34.460,103534460,23368555,5.01,1700,0.8517,B,23135626,23368547,0,16:10:28.221
000931.SZ,10:35:34.460,103534460,23368556,5.01,700,0.3507,B,23141265,23368547,0,16:10:28.221
000931.SZ,10:35:36.750,103536750,23376466,5.01,400,0.2004,B,23141265,23376465,0,16:10:28.341
000931.SZ,10:35:36.750,103536750,23376467,5.01,400,0.2004,B,23148405,23376465,0,16:10:28.341
000931.SZ,10:35:37.490,103537490,23379459,5.01,100,0.0501,B,23148405,23379458,0,16:10:28.341
000931.SZ,10:35:40.070,103540070,23386689,0.0,200,0.0,?,0,23060654,0,16:10:28.545
000931.SZ,10:35:44.140,103544140,23396884,0.0,100,0.0,?,22697250,0,0,16:10:28.797
000931.SZ,10:35:48.470,103548470,23407173,5.01,200,0.1002,B,23148405,23407172,0,16:10:28.997
000931.SZ,10:35:51.280,103551280,23414768,5.01,100,0.0501,B,23148405,23414767,0,16:10:29.140
000931.SZ,10:36:03.390,103603390,23452248,0.0,6400,0.0,?,23406407,0,0,16:10:30.104
000931.SZ,10:36:13.360,103613360,23480050,0.0,100,0.0,?,22220638,0,0,16:10:30.748
000931.SZ,10:36:16.350,103616350,23488805,5.01,1000,0.501,B,23148405,23488804,0,16:10:30.903
000931.SZ,10:36:27.090,103627090,23519997,5.01,1000,0.501,B,23148405,23519996,0,16:10:31.612
000931.SZ,10:36:27.750,103627750,23521982,5.01,800,0.4008,B,23148405,23521981,0,16:10:31.722
000931.SZ,10:36:27.920,103627920,23522502,5.01,6400,3.2064,B,23148405,23522501,0,16:10:31.722
000931.SZ,10:36:28.250,103628250,23523662,0.0,1500,0.0,?,0,23199444,0,16:10:31.722
000931.SZ,10:36:28.250,103628250,23523667,5.01,100,0.0501,B,23156729,23523666,0,16:10:31.722
000931.SZ,10:36:28.250,103628250,23523669,5.01,200,0.1002,B,23156729,23523668,0,16:10:31.722
000931.SZ,10:36:28.250,103628250,23523671,5.01,100,0.0501,B,23156729,23523670,0,16:10:31.722
000931.SZ,10:36:30.760,103630760,23531495,5.01,800,0.4008,B,23156729,23531494,0,16:10:31.847
000931.SZ,10:36:30.790,103630790,23531590,5.01,100,0.0501,B,23156729,23531589,0,16:10:31.847
000931.SZ,10:36:30.890,103630890,23531830,5.01,500,0.2505,B,23156729,23531829,0,16:10:31.847
000931.SZ,10:36:30.890,103630890,23531831,5.01,100,0.0501,B,23156730,23531829,0,16:10:31.847
000931.SZ,10:36:30.890,103630890,23531851,5.01,100,0.0501,B,23156730,23531850,0,16:10:31.847
000931.SZ,10:36:31.700,103631700,23534319,0.0,1500,0.0,?,0,23530091,0,16:10:32.014
000931.SZ,10:36:33.750,103633750,23539977,5.01,300,0.1503,B,23156730,23539976,0,16:10:32.014
000931.SZ,10:36:33.750,103633750,23539978,5.01,500,0.2505,B,23156731,23539976,0,16:10:32.014
000931.SZ,10:36:34.100,103634100,23540908,5.01,900,0.4509,B,23156731,23540907,0,16:10:32.109
000931.SZ,10:36:34.100,103634100,23540909,5.01,100,0.0501,B,23156732,23540907,0,16:10:32.109
000931.SZ,10:36:34.110,103634110,23540929,0.0,1500,0.0,?,0,23535951,0,16:10:32.109
000931.SZ,10:36:34.140,103634140,23541024,5.01,100,0.0501,B,23156733,23541023,0,16:10:32.109
000931.SZ,10:36:35.310,103635310,23544671,5.01,500,0.2505,B,23156733,23544670,0,16:10:32.109
000931.SZ,10:36:35.310,103635310,23544672,5.01,700,0.3507,B,23156734,23544670,0,16:10:32.109
000931.SZ,10:36:35.310,103635310,23544673,5.01,300,0.1503,B,23156783,23544670,0,16:10:32.109
000931.SZ,10:36:36.170,103636170,23546900,5.01,500,0.2505,B,23156783,23546899,0,16:10:32.253
000931.SZ,10:36:36.170,103636170,23546901,5.01,300,0.1503,B,23156802,23546899,0,16:10:32.253
000931.SZ,10:36:36.170,103636170,23546903,5.01,300,0.1503,B,23156802,23546902,0,16:10:32.253
000931.SZ,10:36:36.180,103636180,23546918,5.01,200,0.1002,B,23156802,23546917,0,16:10:32.253
000931.SZ,10:36:36.180,103636180,23546919,5.01,600,0.3006,B,23156808,23546917,0,16:10:32.253
000931.SZ,10:36:36.180,103636180,23546920,5.01,1000,0.501,B,23156809,23546917,0,16:10:32.253
000931.SZ,10:36:36.180,103636180,23546921,5.01,900,0.4509,B,23156810,23546917,0,16:10:32.253
000931.SZ,10:36:36.180,103636180,23546922,5.01,300,0.1503,B,23156812,23546917,0,16:10:32.253
000931.SZ,10:36:36.180,103636180,23546927,5.01,400,0.2004,B,23156812,23546926,0,16:10:32.253
000931.SZ,10:36:36.180,103636180,23546928,5.01,100,0.0501,B,23157837,23546926,0,16:10:32.253
000931.SZ,10:36:36.190,103636190,23546970,0.0,100,0.0,?,23157837,0,0,16:10:32.253
000931.SZ,10:36:36.190,103636190,23546971,0.0,1200,0.0,?,23157872,0,0,16:10:32.253
000931.SZ,10:36:36.270,103636270,23547215,5.01,1000,0.501,B,23159274,23547214,0,16:10:32.253
000931.SZ,10:36:36.270,103636270,23547216,5.01,200,0.1002,B,23160813,23547214,0,16:10:32.253
000931.SZ,10:36:36.730,103636730,23548462,5.01,200,0.1002,B,23160813,23548461,0,16:10:32.253
000931.SZ,10:36:36.730,103636730,23548468,5.01,600,0.3006,B,23160813,23548467,0,16:10:32.253
000931.SZ,10:36:36.730,103636730,23548469,5.01,100,0.0501,B,23168264,23548467,0,16:10:32.253
000931.SZ,10:36:36.730,103636730,23548470,5.01,400,0.2004,B,23245654,23548467,0,16:10:32.253
000931.SZ,10:36:36.730,103636730,23548471,5.01,900,0.4509,B,23249545,23548467,0,16:10:32.253
000931.SZ,10:36:36.730,103636730,23548472,5.01,200,0.1002,B,23325797,23548467,0,16:10:32.253
000931.SZ,10:36:36.730,103636730,23548473,5.01,900,0.4509,B,23326006,23548467,0,16:10:32.253
000931.SZ,10:36:36.730,103636730,23548477,5.01,100,0.0501,B,23326006,23548476,0,16:10:32.253
000931.SZ,10:36:36.730,103636730,23548478,5.01,100,0.0501,B,23342730,23548476,0,16:10:32.253
000931.SZ,10:36:36.740,103636740,23548480,5.01,100,0.0501,B,23342730,23548479,0,16:10:32.253
000931.SZ,10:36:36.740,103636740,23548482,5.01,100,0.0501,B,23374418,23548481,0,16:10:32.253
000931.SZ,10:36:36.740,103636740,23548484,5.01,100,0.0501,B,23374418,23548483,0,16:10:32.253
000931.SZ,10:36:36.740,103636740,23548486,5.01,300,0.1503,B,23374418,23548485,0,16:10:32.253
000931.SZ,10:36:36.740,103636740,23548488,5.01,100,0.0501,B,23374418,23548487,0,16:10:32.253
000931.SZ,10:36:36.740,103636740,23548490,5.01,100,0.0501,B,23375321,23548489,0,16:10:32.253
000931.SZ,10:36:36.740,103636740,23548491,5.01,100,0.0501,B,23375734,23548489,0,16:10:32.253
000931.SZ,10:36:36.740,103636740,23548493,5.01,100,0.0501,B,23375734,23548492,0,16:10:32.253
000931.SZ,10:36:36.740,103636740,23548495,5.01,100,0.0501,B,23375734,23548494,0,16:10:32.253
000931.SZ,10:36:36.740,103636740,23548497,5.01,100,0.0501,B,23375734,23548496,0,16:10:32.253
000931.SZ,10:36:36.740,103636740,23548499,5.01,200,0.1002,B,23375734,23548498,0,16:10:32.253
000931.SZ,10:36:36.740,103636740,23548501,5.01,100,0.0501,B,23375734,23548500,0,16:10:32.253
000931.SZ,10:36:36.740,103636740,23548503,5.01,100,0.0501,B,23375734,23548502,0,16:10:32.253
000931.SZ,10:36:36.740,103636740,23548505,5.01,100,0.0501,B,23375734,23548504,0,16:10:32.253
000931.SZ,10:36:36.750,103636750,23548550,5.01,100,0.0501,B,23375734,23548549,0,16:10:32.253
000931.SZ,10:36:36.750,103636750,23548570,5.01,100,0.0501,B,23375734,23548569,0,16:10:32.253
000931.SZ,10:36:36.810,103636810,23548735,5.01,100,0.0501,B,23375734,23548734,0,16:10:32.253
000931.SZ,10:36:36.970,103636970,23549313,5.01,100,0.0501,B,23375734,23549312,0,16:10:32.253
000931.SZ,10:36:37.060,103637060,23549753,5.01,100,0.0501,B,23375734,23549752,0,16:10:32.253
000931.SZ,10:36:37.060,103637060,23549754,5.01,300,0.1503,B,23376238,23549752,0,16:10:32.253
000931.SZ,10:36:38.060,103638060,23552921,5.01,300,0.1503,B,23376238,23552920,0,16:10:32.376
000931.SZ,10:36:38.060,103638060,23552922,5.01,900,0.4509,B,23376239,23552920,0,16:10:32.376
000931.SZ,10:36:39.210,103639210,23555510,5.01,700,0.3507,B,23378474,23555509,0,16:10:32.376
000931.SZ,10:36:39.210,103639210,23555512,5.01,100,0.0501,B,23378474,23555511,0,16:10:32.376
000931.SZ,10:36:39.210,103639210,23555513,5.01,100,0.0501,B,23384929,23555511,0,16:10:32.376
000931.SZ,10:36:39.210,103639210,23555514,5.01,100,0.0501,B,23385339,23555511,0,16:10:32.376
000931.SZ,10:36:39.210,103639210,23555516,5.01,300,0.1503,B,23385339,23555515,0,16:10:32.376
000931.SZ,10:36:39.210,103639210,23555518,5.01,600,0.3006,B,23385339,23555517,0,16:10:32.376
000931.SZ,10:36:39.210,103639210,23555521,5.01,300,0.1503,B,23385339,23555520,0,16:10:32.376
000931.SZ,10:36:39.210,103639210,23555523,5.01,300,0.1503,B,23385628,23555522,0,16:10:32.376
000931.SZ,10:36:39.210,103639210,23555525,5.01,200,0.1002,B,23385628,23555524,0,16:10:32.376
000931.SZ,10:36:39.210,103639210,23555527,5.01,300,0.1503,B,23385628,23555526,0,16:10:32.376
000931.SZ,10:36:39.220,103639220,23555553,5.01,100,0.0501,B,23396909,23555552,0,16:10:32.376
000931.SZ,10:36:39.220,103639220,23555554,5.01,200,0.1002,B,23397001,23555552,0,16:10:32.376
000931.SZ,10:36:39.220,103639220,23555559,5.01,900,0.4509,B,23416328,23555558,0,16:10:32.376
000931.SZ,10:36:39.220,103639220,23555560,5.01,200,0.1002,B,23439703,23555558,0,16:10:32.376
000931.SZ,10:36:39.220,103639220,23555561,5.01,100,0.0501,B,23480061,23555558,0,16:10:32.376
000931.SZ,10:36:39.220,103639220,23555562,5.01,600,0.3006,B,23513717,23555558,0,16:10:32.376
000931.SZ,10:36:39.220,103639220,23555563,5.01,700,0.3507,B,23515316,23555558,0,16:10:32.376
000931.SZ,10:36:39.550,103639550,23556560,5.01,100,0.0501,S,23556559,23555595,0,16:10:32.376
000931.SZ,10:36:39.600,103639600,23556683,5.01,100,0.0501,S,23556682,23556612,0,16:10:32.376
000931.SZ,10:36:39.620,103639620,23556708,0.0,200,0.0,?,16946772,0,0,16:10:32.376
000931.SZ,10:36:40.560,103640560,23558959,5.01,100,0.0501,S,23558958,23556613,0,16:10:32.535
000931.SZ,10:36:40.560,103640560,23558960,5.01,100,0.0501,S,23558958,23556615,0,16:10:32.535
000931.SZ,10:36:40.560,103640560,23558961,5.01,100,0.0501,S,23558958,23556616,0,16:10:32.535
000931.SZ,10:36:40.560,103640560,23558962,5.01,200,0.1002,S,23558958,23556617,0,16:10:32.535
000931.SZ,10:36:40.560,103640560,23558963,5.01,100,0.0501,S,23558958,23556621,0,16:10:32.535
000931.SZ,10:36:40.560,103640560,23558964,5.01,100,0.0501,S,23558958,23556634,0,16:10:32.535
000931.SZ,10:36:40.560,103640560,23558965,5.01,100,0.0501,S,23558958,23556646,0,16:10:32.535
000931.SZ,10:36:40.560,103640560,23558966,5.01,100,0.0501,S,23558958,23556647,0,16:10:32.535
000931.SZ,10:36:40.560,103640560,23558967,5.01,100,0.0501,S,23558958,23556657,0,16:10:32.535
000931.SZ,10:36:40.560,103640560,23558968,5.01,100,0.0501,S,23558958,23556667,0,16:10:32.535
000931.SZ,10:36:40.560,103640560,23558969,5.01,100,0.0501,S,23558958,23556668,0,16:10:32.535
000931.SZ,10:36:40.560,103640560,23558970,5.01,100,0.0501,S,23558958,23556670,0,16:10:32.535
000931.SZ,10:36:40.560,103640560,23558971,5.01,100,0.0501,S,23558958,23556671,0,16:10:32.535
000931.SZ,10:36:40.560,103640560,23558972,5.01,100,0.0501,S,23558958,23556672,0,16:10:32.535
000931.SZ,10:36:40.560,103640560,23558973,5.01,100,0.0501,S,23558958,23556687,0,16:10:32.535
000931.SZ,10:36:40.560,103640560,23558974,5.01,100,0.0501,S,23558958,23556690,0,16:10:32.535
000931.SZ,10:36:40.560,103640560,23558975,5.01,100,0.0501,S,23558958,23556691,0,16:10:32.535
000931.SZ,10:36:40.560,103640560,23558976,5.01,300,0.1503,S,23558958,23556701,0,16:10:32.535
000931.SZ,10:36:40.560,103640560,23558977,5.01,800,0.4008,S,23558958,23557099,0,16:10:32.535
000931.SZ,10:36:40.560,103640560,23558978,5.01,100,0.0501,S,23558958,23557116,0,16:10:32.535
000931.SZ,10:36:40.560,103640560,23558979,5.01,100,0.0501,S,23558958,23557119,0,16:10:32.535
000931.SZ,10:36:40.560,103640560,23558980,5.01,100,0.0501,S,23558958,23557618,0,16:10:32.535
000931.SZ,10:36:42.360,103642360,23562568,5.01,100,0.0501,S,23562567,23562408,0,16:10:32.535
000931.SZ,10:36:43.370,103643370,23565541,0.0,100,0.0,?,19954130,0,0,16:10:32.690
000931.SZ,10:36:58.290,103658290,23600924,0.0,100,0.0,?,22686636,0,0,16:10:33.564
000931.SZ,10:36:58.610,103658610,23601880,5.01,1700,0.8517,B,23584154,23601879,0,16:10:33.564
000931.SZ,10:37:00.190,103700190,23605376,5.01,300,0.1503,B,23584154,23605375,0,16:10:33.564
000931.SZ,10:37:00.190,103700190,23605378,5.01,200,0.1002,B,23584154,23605377,0,16:10:33.564
000931.SZ,10:37:00.190,103700190,23605379,5.01,100,0.0501,B,23590602,23605377,0,16:10:33.564
000931.SZ,10:37:00.190,103700190,23605386,5.01,100,0.0501,B,23590602,23605385,0,16:10:33.564
000931.SZ,10:37:00.490,103700490,23606253,5.01,100,0.0501,B,23590602,23606252,0,16:10:33.768
000931.SZ,10:37:00.570,103700570,23606561,5.01,100,0.0501,B,23590602,23606560,0,16:10:33.768
000931.SZ,10:37:00.570,103700570,23606562,5.01,700,0.3507,B,23590608,23606560,0,16:10:33.768
000931.SZ,10:37:00.570,103700570,23606563,5.01,200,0.1002,B,23598075,23606560,0,16:10:33.768
000931.SZ,10:37:00.750,103700750,23607273,5.01,200,0.1002,B,23598075,23607272,0,16:10:33.768
000931.SZ,10:37:00.800,103700800,23607366,5.01,300,0.1503,S,23607365,23607272,0,16:10:33.768
000931.SZ,10:37:00.800,103700800,23607368,5.01,300,0.1503,S,23607367,23607272,0,16:10:33.768
000931.SZ,10:37:02.560,103702560,23612797,0.0,1100,0.0,?,0,23451318,0,16:10:33.924
000931.SZ,10:37:03.040,103703040,23613768,0.0,100,0.0,?,23168275,0,0,16:10:33.924
000931.SZ,10:37:06.420,103706420,23623765,5.01,100,0.0501,B,23614296,23623764,0,16:10:34.139
000931.SZ,10:37:06.550,103706550,23624050,5.01,2100,1.0521,S,23624049,23623764,0,16:10:34.139
000931.SZ,10:37:10.560,103710560,23635252,5.01,200,0.1002,B,23625009,23635251,0,16:10:34.344
000931.SZ,10:37:10.600,103710600,23635333,5.01,800,0.4008,S,23635332,23635251,0,16:10:34.344
000931.SZ,10:37:10.610,103710610,23635357,5.01,100,0.0501,S,23635356,23635251,0,16:10:34.344
000931.SZ,10:37:11.660,103711660,23637649,0.0,100,0.0,?,23635382,0,0,16:10:34.531
000931.SZ,10:37:14.000,103714000,23643239,5.01,1000,0.501,B,23635551,23643238,0,16:10:34.625
000931.SZ,10:37:14.000,103714000,23643240,5.01,400,0.2004,B,23635869,23643238,0,16:10:34.625
000931.SZ,10:37:15.330,103715330,23645838,0.0,500,0.0,?,0,23638843,0,16:10:34.625
000931.SZ,10:37:15.330,103715330,23645839,0.0,200,0.0,?,0,23638850,0,16:10:34.625
000931.SZ,10:37:15.330,103715330,23645840,0.0,800,0.0,?,0,23638852,0,16:10:34.625
000931.SZ,10:37:15.330,103715330,23645841,0.0,300,0.0,?,0,23638851,0,16:10:34.625
000931.SZ,10:37:15.330,103715330,23645842,0.0,100,0.0,?,0,23638854,0,16:10:34.625
000931.SZ,10:37:15.330,103715330,23645843,0.0,100,0.0,?,0,23598194,0,16:10:34.625
000931.SZ,10:37:15.330,103715330,23645844,0.0,1300,0.0,?,0,23638846,0,16:10:34.625
000931.SZ,10:37:15.330,103715330,23645845,0.0,1200,0.0,?,0,23638853,0,16:10:34.625
000931.SZ,10:37:15.330,103715330,23645847,0.0,200,0.0,?,0,23638847,0,16:10:34.625
000931.SZ,10:37:15.330,103715330,23645850,0.0,100,0.0,?,0,23638856,0,16:10:34.625
000931.SZ,10:37:15.330,103715330,23645861,0.0,200,0.0,?,0,23638873,0,16:10:34.625
000931.SZ,10:37:15.340,103715340,23645865,0.0,800,0.0,?,0,23598211,0,16:10:34.625
000931.SZ,10:37:15.340,103715340,23645867,0.0,13900,0.0,?,0,23598212,0,16:10:34.625
000931.SZ,10:37:15.340,103715340,23645868,0.0,1300,0.0,?,0,23638883,0,16:10:34.625
000931.SZ,10:37:15.340,103715340,23645875,0.0,800,0.0,?,0,23638886,0,16:10:34.625
000931.SZ,10:37:15.340,103715340,23645885,0.0,500,0.0,?,0,23638902,0,16:10:34.625
000931.SZ,10:37:15.340,103715340,23645889,0.0,300,0.0,?,0,23638940,0,16:10:34.625
000931.SZ,10:37:15.350,103715350,23645903,0.0,800,0.0,?,0,23638913,0,16:10:34.625
000931.SZ,10:37:15.380,103715380,23645974,0.0,3500,0.0,?,0,23639008,0,16:10:34.625
000931.SZ,10:37:15.540,103715540,23646289,5.01,100,0.0501,S,23646288,23645871,0,16:10:34.625
000931.SZ,10:37:35.600,103735600,23698815,5.01,100,0.0501,S,23698814,23697984,0,16:10:35.906
000931.SZ,10:37:37.500,103737500,23703788,0.0,1100,0.0,?,330939,0,0,16:10:35.995
000931.SZ,10:37:43.420,103743420,23717449,5.0,700,0.35,S,23717448,9725520,0,16:10:36.262
000931.SZ,10:37:45.910,103745910,23722751,0.0,1000,0.0,?,0,11862859,0,16:10:36.405
000931.SZ,10:37:48.730,103748730,23728884,5.02,600,0.3012,B,22746101,23728883,0,16:10:36.515
000931.SZ,10:38:00.560,103800560,23758676,5.01,1400,0.7014,S,23758675,23758150,0,16:10:37.198
000931.SZ,10:38:01.070,103801070,23760273,5.01,100,0.0501,S,23760272,23758150,0,16:10:37.405
000931.SZ,10:38:01.160,103801160,23760514,5.01,100,0.0501,S,23760513,23758150,0,16:10:37.405
000931.SZ,10:38:03.260,103803260,23766216,0.0,500,0.0,?,0,23546898,0,16:10:37.554
000931.SZ,10:38:03.310,103803310,23766405,0.0,100,0.0,?,0,23544656,0,16:10:37.554
000931.SZ,10:38:03.570,103803570,23767155,0.0,200,0.0,?,0,23410174,0,16:10:37.554
000931.SZ,10:38:06.000,103806000,23774216,0.0,2600,0.0,?,0,23054578,0,16:10:37.670
000931.SZ,10:38:06.430,103806430,23775799,5.01,200,0.1002,S,23775798,23758150,0,16:10:37.904
000931.SZ,10:38:14.500,103814500,23795312,0.0,500,0.0,?,0,19080390,0,16:10:38.308
000931.SZ,10:38:23.770,103823770,23816814,5.01,1800,0.9018,S,23816813,23758150,0,16:10:38.761
000931.SZ,10:38:23.770,103823770,23816815,5.01,100,0.0501,S,23816813,23767193,0,16:10:38.761
000931.SZ,10:38:23.770,103823770,23816816,5.01,800,0.4008,S,23816813,23767538,0,16:10:38.761
000931.SZ,10:38:23.770,103823770,23816817,5.01,800,0.4008,S,23816813,23767551,0,16:10:38.761
000931.SZ,10:38:23.770,103823770,23816818,5.01,400,0.2004,S,23816813,23768369,0,16:10:38.761
000931.SZ,10:38:23.770,103823770,23816819,5.01,900,0.4509,S,23816813,23768481,0,16:10:38.761
000931.SZ,10:38:37.300,103837300,23847228,0.0,1400,0.0,?,0,23294357,0,16:10:39.573
000931.SZ,10:38:39.970,103839970,23853660,0.0,100,0.0,?,23175422,0,0,16:10:39.715
000931.SZ,10:38:39.980,103839980,23853667,5.01,100,0.0501,S,23853666,23768481,0,16:10:39.715
000931.SZ,10:38:50.650,103850650,23879651,0.0,2600,0.0,?,0,23752834,0,16:10:40.290
000931.SZ,10:38:55.860,103855860,23890233,5.02,5100,2.5602,B,22746101,23890232,0,16:10:40.634
000931.SZ,10:38:59.430,103859430,23896973,5.01,500,0.2505,S,23896972,23775046,0,16:10:40.821
000931.SZ,10:38:59.430,103859430,23896974,5.01,600,0.3006,S,23896972,23775086,0,16:10:40.821
000931.SZ,10:38:59.430,103859430,23896975,5.01,800,0.4008,S,23896972,23776771,0,16:10:40.821
000931.SZ,10:38:59.430,103859430,23896976,5.01,800,0.4008,S,23896972,23776828,0,16:10:40.821
000931.SZ,10:38:59.430,103859430,23896977,5.01,800,0.4008,S,23896972,23784795,0,16:10:40.821
000931.SZ,10:38:59.430,103859430,23896978,5.01,300,0.1503,S,23896972,23790322,0,16:10:40.821
000931.SZ,10:38:59.430,103859430,23896979,5.01,1000,0.501,S,23896972,23796801,0,16:10:40.821
000931.SZ,10:38:59.430,103859430,23896980,5.01,100,0.0501,S,23896972,23799529,0,16:10:40.821
000931.SZ,10:38:59.430,103859430,23896981,5.01,100,0.0501,S,23896972,23806096,0,16:10:40.821
000931.SZ,10:39:06.810,103906810,23916446,0.0,4100,0.0,?,0,20339383,0,16:10:41.337
000931.SZ,10:39:06.980,103906980,23916933,5.01,100,0.0501,S,23916932,23806096,0,16:10:41.337
000931.SZ,10:39:14.230,103914230,23932918,5.02,11800,5.9236,B,22746101,23932917,0,16:10:41.847
000931.SZ,10:39:15.630,103915630,23935406,5.01,2600,1.3026,S,23935405,23806096,0,16:10:41.847
000931.SZ,10:39:21.430,103921430,23947294,0.0,1100,0.0,?,23795168,0,0,16:10:42.063
000931.SZ,10:39:22.970,103922970,23951126,0.0,500,0.0,?,0,9949570,0,16:10:42.287
000931.SZ,10:39:27.660,103927660,23960498,5.02,3100,1.5562,B,22746101,23960497,0,16:10:42.445
000931.SZ,10:39:27.660,103927660,23960499,5.02,1200,0.6024,B,22755688,23960497,0,16:10:42.445
000931.SZ,10:39:27.660,103927660,23960500,5.02,200,0.1004,B,22755693,23960497,0,16:10:42.445
000931.SZ,10:39:30.040,103930040,23965369,0.0,100,0.0,?,23916934,0,0,16:10:42.570
000931.SZ,10:39:30.060,103930060,23965425,5.01,100,0.0501,S,23965424,23806096,0,16:10:42.570
000931.SZ,10:39:31.820,103931820,23969569,5.02,400,0.2008,B,22755693,23969568,0,16:10:42.712
000931.SZ,10:39:31.820,103931820,23969570,5.02,800,0.4016,B,22755694,23969568,0,16:10:42.712
000931.SZ,10:39:31.820,103931820,23969571,5.02,800,0.4016,B,22755698,23969568,0,16:10:42.712
000931.SZ,10:39:37.000,103937000,23982420,0.0,1600,0.0,?,22910490,0,0,16:10:42.979
000931.SZ,10:39:37.000,103937000,23982421,0.0,1600,0.0,?,22910502,0,0,16:10:42.979
000931.SZ,10:39:37.000,103937000,23982422,0.0,1400,0.0,?,22910504,0,0,16:10:42.979
000931.SZ,10:39:37.000,103937000,23982423,0.0,1700,0.0,?,22910493,0,0,16:10:42.979
000931.SZ,10:39:37.000,103937000,23982424,0.0,200,0.0,?,22910503,0,0,16:10:42.979
000931.SZ,10:39:37.000,103937000,23982427,0.0,2500,0.0,?,22910451,0,0,16:10:42.979
000931.SZ,10:39:37.000,103937000,23982430,0.0,2500,0.0,?,23583070,0,0,16:10:42.979
000931.SZ,10:39:37.000,103937000,23982432,0.0,600,0.0,?,22985186,0,0,16:10:42.979
000931.SZ,10:39:37.010,103937010,23982464,0.0,3900,0.0,?,23583198,0,0,16:10:42.979
000931.SZ,10:39:37.060,103937060,23982724,5.02,1200,0.6024,B,22755698,23982723,0,16:10:42.979
000931.SZ,10:39:38.020,103938020,23986209,0.0,300,0.0,?,0,20836514,0,16:10:43.129
000931.SZ,10:39:47.550,103947550,24013332,0.0,100,0.0,?,23095091,0,0,16:10:43.612
000931.SZ,10:39:47.560,103947560,24013348,5.01,100,0.0501,S,24013347,23806096,0,16:10:43.612
000931.SZ,10:39:55.390,103955390,24032679,5.02,500,0.251,B,22755699,24032678,0,16:10:44.154
000931.SZ,10:39:59.550,103959550,24041409,0.0,900,0.0,?,23982671,0,0,16:10:44.298
000931.SZ,10:39:59.550,103959550,24041410,0.0,1000,0.0,?,23982673,0,0,16:10:44.298
000931.SZ,10:39:59.550,103959550,24041411,0.0,700,0.0,?,23982675,0,0,16:10:44.298
000931.SZ,10:39:59.550,103959550,24041412,0.0,700,0.0,?,23982676,0,0,16:10:44.298
000931.SZ,10:39:59.550,103959550,24041413,0.0,1300,0.0,?,23982680,0,0,16:10:44.298
000931.SZ,10:39:59.550,103959550,24041414,0.0,700,0.0,?,23982678,0,0,16:10:44.298
000931.SZ,10:39:59.550,103959550,24041415,0.0,300,0.0,?,23982681,0,0,16:10:44.298
000931.SZ,10:39:59.550,103959550,24041416,0.0,900,0.0,?,23982688,0,0,16:10:44.298
000931.SZ,10:39:59.550,103959550,24041418,0.0,7000,0.0,?,23982703,0,0,16:10:44.298
000931.SZ,10:39:59.590,103959590,24041488,0.0,1500,0.0,?,23948193,0,0,16:10:44.298
000931.SZ,10:39:59.600,103959600,24041517,5.01,1900,0.9519,S,24041516,23806096,0,16:10:44.298
000931.SZ,10:39:59.700,103959700,24041850,5.01,100,0.0501,S,24041849,23806096,0,16:10:44.455
000931.SZ,10:40:00.560,104000560,24044167,5.01,2000,1.002,S,24044166,23806096,0,16:10:44.455
000931.SZ,10:40:00.660,104000660,24044617,5.01,100,0.0501,S,24044616,23806096,0,16:10:44.562
000931.SZ,10:40:01.570,104001570,24047807,0.0,300,0.0,?,0,23951937,0,16:10:44.657
000931.SZ,10:40:09.630,104009630,24070238,5.01,2100,1.0521,S,24070237,23806096,0,16:10:45.101
000931.SZ,10:40:09.730,104009730,24070402,5.01,100,0.0501,S,24070401,23806096,0,16:10:45.101
000931.SZ,10:40:11.570,104011570,24074821,5.01,100,0.0501,S,24074820,23810502,0,16:10:45.233
000931.SZ,10:40:14.550,104014550,24082071,5.01,100,0.0501,S,24082070,23810502,0,16:10:45.484
000931.SZ,10:40:17.890,104017890,24092035,0.0,10000,0.0,?,0,20800714,0,16:10:45.609
000931.SZ,10:40:25.060,104025060,24111455,5.02,500,0.251,B,22755699,24111454,0,16:10:46.064
000931.SZ,10:40:25.060,104025060,24111456,5.02,1000,0.502,B,22755739,24111454,0,16:10:46.064
000931.SZ,10:40:25.060,104025060,24111457,5.02,1000,0.502,B,22755756,24111454,0,16:10:46.064
000931.SZ,10:40:25.060,104025060,24111458,5.02,800,0.4016,B,22755768,24111454,0,16:10:46.064
000931.SZ,10:40:25.060,104025060,24111459,5.02,1400,0.7028,B,22755770,24111454,0,16:10:46.064
000931.SZ,10:40:25.060,104025060,24111460,5.02,1300,0.6526,B,22755771,24111454,0,16:10:46.064
000931.SZ,10:40:25.060,104025060,24111461,5.02,1000,0.502,B,22755772,24111454,0,16:10:46.064
000931.SZ,10:40:25.060,104025060,24111462,5.02,400,0.2008,B,22761444,24111454,0,16:10:46.064
000931.SZ,10:40:25.060,104025060,24111463,5.02,200,0.1004,B,22783700,24111454,0,16:10:46.064
000931.SZ,10:40:25.060,104025060,24111464,5.02,200,0.1004,B,22836716,24111454,0,16:10:46.064
000931.SZ,10:40:25.060,104025060,24111465,5.02,600,0.3012,B,22839821,24111454,0,16:10:46.064
000931.SZ,10:40:25.060,104025060,24111466,5.02,2700,1.3554,B,22888106,24111454,0,16:10:46.064
000931.SZ,10:40:25.060,104025060,24111467,5.02,1000,0.502,B,22891211,24111454,0,16:10:46.064
000931.SZ,10:40:25.060,104025060,24111468,5.02,200,0.1004,B,22910120,24111454,0,16:10:46.064
000931.SZ,10:40:25.060,104025060,24111469,5.02,100,0.0502,B,23018872,24111454,0,16:10:46.064
000931.SZ,10:40:25.060,104025060,24111470,5.02,200,0.1004,B,23041065,24111454,0,16:10:46.064
000931.SZ,10:40:25.060,104025060,24111471,5.02,200,0.1004,B,23556640,24111454,0,16:10:46.064
000931.SZ,10:40:25.060,104025060,24111472,5.02,600,0.3012,B,23556641,24111454,0,16:10:46.064
000931.SZ,10:40:25.060,104025060,24111473,5.02,300,0.1506,B,23556642,24111454,0,16:10:46.064
000931.SZ,10:40:25.060,104025060,24111474,5.02,300,0.1506,B,23556643,24111454,0,16:10:46.064
000931.SZ,10:40:25.060,104025060,24111475,5.02,300,0.1506,B,23556689,24111454,0,16:10:46.064
000931.SZ,10:40:25.060,104025060,24111476,5.02,300,0.1506,B,23556704,24111454,0,16:10:46.064
000931.SZ,10:40:25.060,104025060,24111477,5.02,300,0.1506,B,23556709,24111454,0,16:10:46.064
000931.SZ,10:40:25.060,104025060,24111478,5.02,400,0.2008,B,23556712,24111454,0,16:10:46.064
000931.SZ,10:40:25.060,104025060,24111479,5.02,400,0.2008,B,23556713,24111454,0,16:10:46.064
000931.SZ,10:40:25.060,104025060,24111480,5.02,300,0.1506,B,23556717,24111454,0,16:10:46.064
000931.SZ,10:40:25.060,104025060,24111481,5.02,1900,0.9538,B,23562509,24111454,0,16:10:46.064
000931.SZ,10:40:25.060,104025060,24111482,5.02,200,0.1004,B,23562510,24111454,0,16:10:46.064
000931.SZ,10:40:25.060,104025060,24111483,5.02,200,0.1004,B,23565041,24111454,0,16:10:46.064
000931.SZ,10:40:25.060,104025060,24111484,5.02,100,0.0502,B,23612803,24111454,0,16:10:46.064
000931.SZ,10:40:25.060,104025060,24111485,5.02,600,0.3012,B,23614314,24111454,0,16:10:46.064
000931.SZ,10:40:25.060,104025060,24111486,5.02,100,0.0502,B,23643247,24111454,0,16:10:46.064
000931.SZ,10:40:25.060,104025060,24111487,5.02,600,0.3012,B,23940303,24111454,0,16:10:46.064
000931.SZ,10:40:25.060,104025060,24111488,5.02,5000,2.51,B,23948017,24111454,0,16:10:46.064
000931.SZ,10:40:25.060,104025060,24111489,5.02,1600,0.8032,B,23948165,24111454,0,16:10:46.064
000931.SZ,10:40:25.060,104025060,24111490,5.02,1300,0.6526,B,23967701,24111454,0,16:10:46.064
000931.SZ,10:40:25.060,104025060,24111491,5.02,900,0.4518,B,24030611,24111454,0,16:10:46.064
000931.SZ,10:40:25.060,104025060,24111492,5.02,2500,1.255,B,24037401,24111454,0,16:10:46.064
000931.SZ,10:40:25.060,104025060,24111493,5.02,42000,21.084,B,24041350,24111454,0,16:10:46.064
000931.SZ,10:40:25.140,104025140,24111864,5.02,100,0.0502,B,24041350,24111863,0,16:10:46.064
000931.SZ,10:40:25.140,104025140,24111869,5.02,100,0.0502,B,24041350,24111868,0,16:10:46.064
000931.SZ,10:40:25.150,104025150,24111875,5.01,100,0.0501,S,24111874,23810502,0,16:10:46.064
000931.SZ,10:40:25.250,104025250,24112234,5.01,1700,0.8517,S,24112233,23810502,0,16:10:46.064
000931.SZ,10:40:27.780,104027780,24118948,5.01,3000,1.503,S,24118947,23810502,0,16:10:46.294
000931.SZ,10:40:27.780,104027780,24118949,5.01,800,0.4008,S,24118947,23814127,0,16:10:46.294
000931.SZ,10:40:27.870,104027870,24119148,5.01,100,0.0501,S,24119147,23814127,0,16:10:46.294
000931.SZ,10:40:30.240,104030240,24125518,0.0,500,0.0,?,0,24023918,0,16:10:46.450
000931.SZ,10:40:31.550,104031550,24128851,5.02,2000,1.004,B,24041350,24128850,0,16:10:46.686
000931.SZ,10:40:31.640,104031640,24129110,5.01,100,0.0501,S,24129109,23814127,0,16:10:46.686
000931.SZ,10:40:31.730,104031730,24129293,5.01,100,0.0501,S,24129292,23818792,0,16:10:46.686
000931.SZ,10:40:57.010,104057010,24188517,0.0,8100,0.0,?,0,24111697,0,16:10:47.905
000931.SZ,10:41:18.430,104118430,24241013,5.02,400,0.2008,B,24041350,24241012,0,16:10:49.284
000931.SZ,10:41:20.680,104120680,24246364,0.0,1000,0.0,?,0,23682129,0,16:10:49.440
000931.SZ,10:41:23.580,104123580,24253020,0.0,100,0.0,?,0,23510892,0,16:10:49.597
000931.SZ,10:41:23.580,104123580,24253021,0.0,100,0.0,?,0,23510886,0,16:10:49.597
000931.SZ,10:41:24.460,104124460,24254947,5.01,300,0.1503,S,24254946,23818792,0,16:10:49.597
000931.SZ,10:41:28.260,104128260,24264361,0.0,200,0.0,?,0,23523649,0,16:10:49.835
000931.SZ,10:41:35.730,104135730,24283698,0.0,100,0.0,?,0,23545765,0,16:10:50.314
000931.SZ,10:41:35.740,104135740,24283700,0.0,100,0.0,?,0,23545754,0,16:10:50.314
000931.SZ,10:41:35.740,104135740,24283701,0.0,200,0.0,?,0,23545755,0,16:10:50.314
000931.SZ,10:41:37.080,104137080,24287110,0.0,100,0.0,?,0,23549783,0,16:10:50.456
000931.SZ,10:41:37.920,104137920,24289556,0.0,7300,0.0,?,0,12710999,0,16:10:50.456
000931.SZ,10:41:54.920,104154920,24324870,0.0,200,0.0,?,0,23258933,0,16:10:51.290
000931.SZ,10:42:02.080,104202080,24339325,5.02,2000,1.004,B,24041350,24339324,0,16:10:51.880
000931.SZ,10:42:07.550,104207550,24350836,0.0,400,0.0,?,18725932,0,0,16:10:52.051
000931.SZ,10:42:15.210,104215210,24365515,5.01,100,0.0501,S,24365514,23818792,0,16:10:52.527
000931.SZ,10:42:20.860,104220860,24379015,0.0,13000,0.0,?,24321063,0,0,16:10:52.833
000931.SZ,10:42:31.260,104231260,24402210,0.0,100,0.0,?,0,23932932,0,16:10:53.345
000931.SZ,10:42:31.260,104231260,24402212,0.0,100,0.0,?,0,23932948,0,16:10:53.345
000931.SZ,10:42:31.260,104231260,24402213,0.0,100,0.0,?,0,23932928,0,16:10:53.345
000931.SZ,10:42:31.260,104231260,24402214,0.0,100,0.0,?,0,23932934,0,16:10:53.345
000931.SZ,10:42:31.260,104231260,24402215,0.0,100,0.0,?,0,23932929,0,16:10:53.345
000931.SZ,10:42:31.260,104231260,24402216,0.0,100,0.0,?,0,23932935,0,16:10:53.345
000931.SZ,10:42:31.260,104231260,24402217,0.0,100,0.0,?,0,23932933,0,16:10:53.345
000931.SZ,10:42:31.270,104231270,24402226,0.0,100,0.0,?,0,23932970,0,16:10:53.345
000931.SZ,10:42:31.290,104231290,24402263,0.0,100,0.0,?,0,23933024,0,16:10:53.345
000931.SZ,10:42:40.980,104240980,24423662,5.02,400,0.2008,B,24041350,24423661,0,16:10:53.609
000931.SZ,10:42:51.330,104251330,24447723,5.01,300,0.1503,S,24447722,23818792,0,16:10:54.278
000931.SZ,10:42:51.330,104251330,24447724,5.01,500,0.2505,S,24447722,23824068,0,16:10:54.278
000931.SZ,10:42:51.330,104251330,24447725,5.01,300,0.1503,S,24447722,23825573,0,16:10:54.278
000931.SZ,10:42:51.330,104251330,24447726,5.01,900,0.4509,S,24447722,23826281,0,16:10:54.278
000931.SZ,10:42:58.230,104258230,24464952,0.0,9000,0.0,?,0,13955219,0,16:10:54.607
000931.SZ,10:43:06.900,104306900,24491078,0.0,300,0.0,?,1002002,0,0,16:10:55.229
000931.SZ,10:43:06.910,104306910,24491086,0.0,100,0.0,?,24453456,0,0,16:10:55.229
000931.SZ,10:43:06.910,104306910,24491087,0.0,13100,0.0,?,24453455,0,0,16:10:55.229
000931.SZ,10:43:06.910,104306910,24491088,0.0,400,0.0,?,24453454,0,0,16:10:55.229
000931.SZ,10:43:14.830,104314830,24510067,0.0,700,0.0,?,0,24256323,0,16:10:55.718
000931.SZ,10:43:21.390,104321390,24533274,5.01,1000,0.501,S,24533273,23826281,0,16:10:56.201
000931.SZ,10:43:21.390,104321390,24533275,5.01,400,0.2004,S,24533273,23832878,0,16:10:56.201
000931.SZ,10:43:21.390,104321390,24533276,5.01,800,0.4008,S,24533273,23839037,0,16:10:56.201
000931.SZ,10:43:21.390,104321390,24533277,5.01,200,0.1002,S,24533273,23891616,0,16:10:56.201
000931.SZ,10:43:21.390,104321390,24533278,5.01,600,0.3006,S,24533273,23898719,0,16:10:56.201
000931.SZ,10:43:21.390,104321390,24533279,5.01,300,0.1503,S,24533273,23908969,0,16:10:56.201
000931.SZ,10:43:21.390,104321390,24533280,5.01,100,0.0501,S,24533273,23921091,0,16:10:56.201
000931.SZ,10:43:21.390,104321390,24533281,5.01,200,0.1002,S,24533273,23921711,0,16:10:56.201
000931.SZ,10:43:25.680,104325680,24548398,0.0,2100,0.0,?,0,10090758,0,16:10:56.590
000931.SZ,10:43:38.730,104338730,24578301,5.01,1100,0.5511,S,24578300,23921711,0,16:10:57.231
000931.SZ,10:43:42.460,104342460,24586576,5.01,100,0.0501,S,24586575,23921711,0,16:10:57.540
000931.SZ,10:44:07.390,104407390,24644429,0.0,5000,0.0,?,0,20704560,0,16:10:58.978
000931.SZ,10:44:08.020,104408020,24645803,5.01,100,0.0501,S,24645802,23921711,0,16:10:58.978
000931.SZ,10:44:08.030,104408030,24645818,0.0,100,0.0,?,0,24092058,0,16:10:58.978
000931.SZ,10:44:08.030,104408030,24645819,0.0,100,0.0,?,0,24235199,0,16:10:58.978
000931.SZ,10:44:08.030,104408030,24645820,0.0,100,0.0,?,0,24092062,0,16:10:58.978
000931.SZ,10:44:09.570,104409570,24649366,5.01,800,0.4008,S,24649365,23921711,0,16:10:59.088
000931.SZ,10:44:09.580,104409580,24649392,5.01,300,0.1503,S,24649391,23921711,0,16:10:59.088
000931.SZ,10:44:09.580,104409580,24649393,5.01,1000,0.501,S,24649391,23923637,0,16:10:59.088
000931.SZ,10:44:09.580,104409580,24649394,5.01,100,0.0501,S,24649391,23923662,0,16:10:59.088
000931.SZ,10:44:09.580,104409580,24649395,5.01,33000,16.533,S,24649391,23947980,0,16:10:59.088
000931.SZ,10:44:09.580,104409580,24649396,5.01,100,0.0501,S,24649391,23958731,0,16:10:59.088
000931.SZ,10:44:09.580,104409580,24649397,5.01,200,0.1002,S,24649391,23976101,0,16:10:59.088
000931.SZ,10:44:09.580,104409580,24649398,5.01,100,0.0501,S,24649391,23978847,0,16:10:59.088
000931.SZ,10:44:09.580,104409580,24649399,5.01,400,0.2004,S,24649391,23979674,0,16:10:59.088
000931.SZ,10:44:09.580,104409580,24649400,5.01,300,0.1503,S,24649391,23979682,0,16:10:59.088
000931.SZ,10:44:09.580,104409580,24649401,5.01,100,0.0501,S,24649391,23979893,0,16:10:59.088
000931.SZ,10:44:09.580,104409580,24649402,5.01,100,0.0501,S,24649391,23982018,0,16:10:59.088
000931.SZ,10:44:09.580,104409580,24649403,5.01,100,0.0501,S,24649391,23987242,0,16:10:59.088
000931.SZ,10:44:09.580,104409580,24649404,5.01,200,0.1002,S,24649391,24037165,0,16:10:59.088
000931.SZ,10:44:09.580,104409580,24649405,5.01,200,0.1002,S,24649391,24042893,0,16:10:59.088
000931.SZ,10:44:09.580,104409580,24649406,5.01,300,0.1503,S,24649391,24043066,0,16:10:59.088
000931.SZ,10:44:09.580,104409580,24649407,5.01,300,0.1503,S,24649391,24053404,0,16:10:59.088
000931.SZ,10:44:09.580,104409580,24649408,5.01,2000,1.002,S,24649391,24058221,0,16:10:59.088
000931.SZ,10:44:09.580,104409580,24649409,5.01,200,0.1002,S,24649391,24090188,0,16:10:59.088
000931.SZ,10:44:09.580,104409580,24649410,5.01,100,0.0501,S,24649391,24092119,0,16:10:59.088
000931.SZ,10:44:09.580,104409580,24649411,5.01,100,0.0501,S,24649391,24111857,0,16:10:59.088
000931.SZ,10:44:09.580,104409580,24649412,5.01,100,0.0501,S,24649391,24115397,0,16:10:59.088
000931.SZ,10:44:09.580,104409580,24649413,5.01,100,0.0501,S,24649391,24115409,0,16:10:59.088
000931.SZ,10:44:09.580,104409580,24649414,5.01,100,0.0501,S,24649391,24115410,0,16:10:59.088
000931.SZ,10:44:09.580,104409580,24649415,5.01,100,0.0501,S,24649391,24115411,0,16:10:59.088
000931.SZ,10:44:09.580,104409580,24649416,5.01,100,0.0501,S,24649391,24115413,0,16:10:59.088
000931.SZ,10:44:09.580,104409580,24649417,5.01,100,0.0501,S,24649391,24115416,0,16:10:59.088
000931.SZ,10:44:09.580,104409580,24649418,5.01,100,0.0501,S,24649391,24115417,0,16:10:59.088
000931.SZ,10:44:09.580,104409580,24649419,5.01,100,0.0501,S,24649391,24115418,0,16:10:59.088
000931.SZ,10:44:09.580,104409580,24649420,5.01,100,0.0501,S,24649391,24115419,0,16:10:59.088
000931.SZ,10:44:09.580,104409580,24649421,5.01,100,0.0501,S,24649391,24115420,0,16:10:59.088
000931.SZ,10:44:09.580,104409580,24649422,5.01,100,0.0501,S,24649391,24115422,0,16:10:59.088
000931.SZ,10:44:09.580,104409580,24649423,5.01,6300,3.1563,S,24649391,24132239,0,16:10:59.088
000931.SZ,10:44:09.580,104409580,24649425,5.01,1100,0.5511,S,24649424,24132239,0,16:10:59.088
000931.SZ,10:44:09.580,104409580,24649426,5.01,800,0.4008,S,24649424,24139851,0,16:10:59.088
000931.SZ,10:44:09.580,104409580,24649427,5.01,100,0.0501,S,24649424,24147691,0,16:10:59.088
000931.SZ,10:44:09.580,104409580,24649428,5.01,800,0.4008,S,24649424,24186787,0,16:10:59.088
000931.SZ,10:44:09.580,104409580,24649429,5.01,100,0.0501,S,24649424,24188953,0,16:10:59.088
000931.SZ,10:44:09.580,104409580,24649430,5.01,20000,10.02,S,24649424,24213974,0,16:10:59.088
000931.SZ,10:44:09.580,104409580,24649431,5.01,5000,2.505,S,24649424,24235180,0,16:10:59.088
000931.SZ,10:44:09.580,104409580,24649432,5.01,17100,8.5671,S,24649424,24236102,0,16:10:59.088
000931.SZ,10:44:09.580,104409580,24649433,5.01,1000,0.501,S,24649424,24237954,0,16:10:59.088
000931.SZ,10:44:09.580,104409580,24649434,5.01,300,0.1503,S,24649424,24253124,0,16:10:59.088
000931.SZ,10:44:09.580,104409580,24649435,5.01,300,0.1503,S,24649424,24258195,0,16:10:59.088
000931.SZ,10:44:09.580,104409580,24649436,5.01,100,0.0501,S,24649424,24258349,0,16:10:59.088
000931.SZ,10:44:09.580,104409580,24649437,5.01,200,0.1002,S,24649424,24260508,0,16:10:59.088
000931.SZ,10:44:09.580,104409580,24649438,5.01,300,0.1503,S,24649424,24262102,0,16:10:59.088
000931.SZ,10:44:09.580,104409580,24649439,5.01,2000,1.002,S,24649424,24266789,0,16:10:59.088
000931.SZ,10:44:09.580,104409580,24649440,5.01,10000,5.01,S,24649424,24281612,0,16:10:59.088
000931.SZ,10:44:09.580,104409580,24649441,5.01,600,0.3006,S,24649424,24284885,0,16:10:59.088
000931.SZ,10:44:09.580,104409580,24649442,5.01,100,0.0501,S,24649424,24290918,0,16:10:59.088
000931.SZ,10:44:09.580,104409580,24649443,5.01,1500,0.7515,S,24649424,24292832,0,16:10:59.088
000931.SZ,10:44:09.580,104409580,24649444,5.01,10000,5.01,S,24649424,24308110,0,16:10:59.088
000931.SZ,10:44:09.580,104409580,24649445,5.01,100,0.0501,S,24649424,24329051,0,16:10:59.088
000931.SZ,10:44:09.580,104409580,24649446,5.01,1500,0.7515,S,24649424,24360399,0,16:10:59.088
000931.SZ,10:44:09.580,104409580,24649447,5.01,1000,0.501,S,24649424,24386832,0,16:10:59.088
000931.SZ,10:44:09.580,104409580,24649448,5.01,200,0.1002,S,24649424,24394444,0,16:10:59.088
000931.SZ,10:44:09.580,104409580,24649449,5.01,500,0.2505,S,24649424,24402204,0,16:10:59.088
000931.SZ,10:44:09.580,104409580,24649450,5.01,5000,2.505,S,24649424,24422012,0,16:10:59.088
000931.SZ,10:44:09.580,104409580,24649451,5.01,100,0.0501,S,24649424,24422959,0,16:10:59.088
000931.SZ,10:44:09.580,104409580,24649452,5.01,100,0.0501,S,24649424,24422960,0,16:10:59.088
000931.SZ,10:44:09.580,104409580,24649453,5.01,100,0.0501,S,24649424,24447740,0,16:10:59.088
000931.SZ,10:44:09.580,104409580,24649454,5.01,800,0.4008,S,24649424,24456320,0,16:10:59.088
000931.SZ,10:44:09.580,104409580,24649455,5.01,100,0.0501,S,24649424,24460123,0,16:10:59.088
000931.SZ,10:44:09.580,104409580,24649456,5.01,5000,2.505,S,24649424,24468195,0,16:10:59.088
000931.SZ,10:44:09.580,104409580,24649457,5.01,13400,6.7134,S,24649424,24496429,0,16:10:59.088
000931.SZ,10:44:09.580,104409580,24649458,5.01,400,0.2004,S,24649424,24508740,0,16:10:59.088
000931.SZ,10:44:09.580,104409580,24649459,5.01,1000,0.501,S,24649424,24515877,0,16:10:59.088
000931.SZ,10:44:09.580,104409580,24649460,5.01,1000,0.501,S,24649424,24520191,0,16:10:59.088
000931.SZ,10:44:09.580,104409580,24649461,5.01,100,0.0501,S,24649424,24528445,0,16:10:59.088
000931.SZ,10:44:09.580,104409580,24649462,5.01,200,0.1002,S,24649424,24552092,0,16:10:59.088
000931.SZ,10:44:09.580,104409580,24649463,5.01,100,0.0501,S,24649424,24616134,0,16:10:59.088
000931.SZ,10:44:09.580,104409580,24649464,5.01,300,0.1503,S,24649424,24616997,0,16:10:59.088
000931.SZ,10:44:09.580,104409580,24649465,5.01,800,0.4008,S,24649424,24630855,0,16:10:59.088
000931.SZ,10:44:09.580,104409580,24649466,5.01,100,0.0501,S,24649424,24646471,0,16:10:59.088
000931.SZ,10:44:09.670,104409670,24649765,0.0,500,0.0,?,24041542,0,0,16:10:59.088
000931.SZ,10:44:09.670,104409670,24649766,0.0,500,0.0,?,24041541,0,0,16:10:59.088
000931.SZ,10:44:09.670,104409670,24649767,0.0,100,0.0,?,24041543,0,0,16:10:59.088
000931.SZ,10:44:09.670,104409670,24649769,0.0,1000,0.0,?,24041544,0,0,16:10:59.088
000931.SZ,10:44:09.670,104409670,24649770,0.0,800,0.0,?,24041539,0,0,16:10:59.088
000931.SZ,10:44:09.670,104409670,24649771,0.0,700,0.0,?,24041540,0,0,16:10:59.088
000931.SZ,10:44:09.670,104409670,24649772,0.0,300,0.0,?,24041551,0,0,16:10:59.088
000931.SZ,10:44:09.670,104409670,24649773,0.0,500,0.0,?,24041545,0,0,16:10:59.088
000931.SZ,10:44:09.670,104409670,24649775,0.0,100,0.0,?,24041553,0,0,16:10:59.088
000931.SZ,10:44:09.670,104409670,24649776,0.0,500,0.0,?,24041554,0,0,16:10:59.088
000931.SZ,10:44:09.670,104409670,24649777,0.0,400,0.0,?,24041552,0,0,16:10:59.088
000931.SZ,10:44:09.670,104409670,24649778,0.0,1100,0.0,?,24041555,0,0,16:10:59.088
000931.SZ,10:44:09.670,104409670,24649847,0.0,7000,0.0,?,24041557,0,0,16:10:59.088
000931.SZ,10:44:09.690,104409690,24649886,5.01,100,0.0501,B,24649476,24649885,0,16:10:59.088
000931.SZ,10:44:09.700,104409700,24649891,5.01,100,0.0501,B,24649476,24649890,0,16:10:59.088
000931.SZ,10:44:09.700,104409700,24649893,5.01,100,0.0501,B,24649476,24649892,0,16:10:59.088
000931.SZ,10:44:09.700,104409700,24649895,5.01,500,0.2505,B,24649476,24649894,0,16:10:59.088
000931.SZ,10:44:09.700,104409700,24649897,5.01,100,0.0501,B,24649476,24649896,0,16:10:59.088
000931.SZ,10:44:09.700,104409700,24649900,5.01,100,0.0501,B,24649476,24649899,0,16:10:59.088
000931.SZ,10:44:09.700,104409700,24649904,5.01,100,0.0501,B,24649476,24649903,0,16:10:59.088
000931.SZ,10:44:09.700,104409700,24649907,5.01,100,0.0501,B,24649476,24649906,0,16:10:59.088
000931.SZ,10:44:09.700,104409700,24649909,5.01,100,0.0501,B,24649476,24649908,0,16:10:59.088
000931.SZ,10:44:09.700,104409700,24649911,5.01,100,0.0501,B,24649476,24649910,0,16:10:59.088
000931.SZ,10:44:09.710,104409710,24649938,5.01,100,0.0501,B,24649476,24649937,0,16:10:59.088
000931.SZ,10:44:09.710,104409710,24649947,5.01,100,0.0501,B,24649476,24649946,0,16:10:59.088
000931.SZ,10:44:09.720,104409720,24649957,5.01,100,0.0501,B,24649476,24649956,0,16:10:59.088
000931.SZ,10:44:09.720,104409720,24649966,5.01,100,0.0501,B,24649476,24649965,0,16:10:59.088
000931.SZ,10:44:09.730,104409730,24649979,5.01,100,0.0501,B,24649476,24649978,0,16:10:59.088
000931.SZ,10:44:10.680,104410680,24653011,0.0,101400,0.0,?,24649476,0,0,16:10:59.088
000931.SZ,10:44:10.690,104410690,24653024,0.0,10000,0.0,?,24649477,0,0,16:10:59.088
000931.SZ,10:44:10.690,104410690,24653047,5.01,100,0.0501,B,24649483,24653046,0,16:10:59.088
000931.SZ,10:44:10.690,104410690,24653048,5.01,200,0.1002,B,24649487,24653046,0,16:10:59.088
000931.SZ,10:44:10.690,104410690,24653050,5.01,300,0.1503,B,24649487,24653049,0,16:10:59.088
000931.SZ,10:44:10.690,104410690,24653052,5.01,100,0.0501,B,24649487,24653051,0,16:10:59.088
000931.SZ,10:44:10.690,104410690,24653053,5.01,300,0.1503,B,24649488,24653051,0,16:10:59.088
000931.SZ,10:44:10.690,104410690,24653055,5.01,500,0.2505,B,24649488,24653054,0,16:10:59.088
000931.SZ,10:44:10.690,104410690,24653057,5.01,500,0.2505,B,24649488,24653056,0,16:10:59.088
000931.SZ,10:44:10.690,104410690,24653066,5.01,500,0.2505,B,24649488,24653065,0,16:10:59.088
000931.SZ,10:44:10.700,104410700,24653068,5.01,400,0.2004,B,24649488,24653067,0,16:10:59.088
000931.SZ,10:44:10.750,104410750,24653183,5.01,100,0.0501,B,24649488,24653182,0,16:10:59.088
000931.SZ,10:44:10.750,104410750,24653185,5.01,100,0.0501,B,24649488,24653184,0,16:10:59.088
000931.SZ,10:44:10.750,104410750,24653187,5.01,100,0.0501,B,24649488,24653186,0,16:10:59.088
000931.SZ,10:44:12.310,104412310,24656862,5.0,1400,0.7,S,24656861,9725520,0,16:10:59.213
000931.SZ,10:44:12.310,104412310,24656863,5.0,1000,0.5,S,24656861,9732832,0,16:10:59.213
000931.SZ,10:44:12.310,104412310,24656864,5.0,2000,1.0,S,24656861,9747883,0,16:10:59.213
000931.SZ,10:44:12.310,104412310,24656865,5.0,800,0.4,S,24656861,9986859,0,16:10:59.213
000931.SZ,10:44:12.310,104412310,24656866,5.0,500,0.25,S,24656861,10142101,0,16:10:59.213
000931.SZ,10:44:12.310,104412310,24656867,5.0,100,0.05,S,24656861,10216536,0,16:10:59.213
000931.SZ,10:44:12.310,104412310,24656868,5.0,1200,0.6,S,24656861,10503859,0,16:10:59.213
000931.SZ,10:44:12.390,104412390,24657172,0.0,2200,0.0,?,24649774,0,0,16:10:59.213
000931.SZ,10:44:17.020,104417020,24669167,0.0,23400,0.0,?,24649492,0,0,16:10:59.587
000931.SZ,10:44:17.130,104417130,24669526,0.0,10300,0.0,?,24649488,0,0,16:10:59.587
000931.SZ,10:44:17.130,104417130,24669527,0.0,11200,0.0,?,24649570,0,0,16:10:59.587
000931.SZ,10:44:17.140,104417140,24669580,0.0,5400,0.0,?,24649489,0,0,16:10:59.587
000931.SZ,10:44:17.140,104417140,24669581,0.0,500,0.0,?,24649491,0,0,16:10:59.587
000931.SZ,10:44:17.140,104417140,24669585,0.0,100,0.0,?,24649493,0,0,16:10:59.587
000931.SZ,10:44:17.140,104417140,24669587,0.0,12200,0.0,?,24649495,0,0,16:10:59.587
000931.SZ,10:44:17.140,104417140,24669589,0.0,3900,0.0,?,24649500,0,0,16:10:59.587
000931.SZ,10:44:17.140,104417140,24669590,0.0,7800,0.0,?,24649499,0,0,16:10:59.587
000931.SZ,10:44:17.250,104417250,24669874,0.0,18100,0.0,?,24649559,0,0,16:10:59.587
000931.SZ,10:44:17.400,104417400,24670213,0.0,2900,0.0,?,24189127,0,0,16:10:59.587
000931.SZ,10:44:19.260,104419260,24675098,5.01,200,0.1002,B,24649490,24675097,0,16:10:59.757
000931.SZ,10:44:19.270,104419270,24675136,0.0,7300,0.0,?,24649490,0,0,16:10:59.757
000931.SZ,10:44:19.270,104419270,24675137,0.0,7900,0.0,?,24649498,0,0,16:10:59.757
000931.SZ,10:44:19.270,104419270,24675138,0.0,8600,0.0,?,24649497,0,0,16:10:59.757
000931.SZ,10:44:19.280,104419280,24675155,5.01,200,0.1002,B,24649549,24675154,0,16:10:59.757
000931.SZ,10:44:19.280,104419280,24675156,5.01,500,0.2505,B,24649550,24675154,0,16:10:59.757
000931.SZ,10:44:19.280,104419280,24675157,5.01,200,0.1002,B,24649551,24675154,0,16:10:59.757
000931.SZ,10:44:19.330,104419330,24675223,5.01,100,0.0501,B,24649551,24675222,0,16:10:59.757
000931.SZ,10:44:19.330,104419330,24675224,5.01,500,0.2505,B,24649564,24675222,0,16:10:59.757
000931.SZ,10:44:19.390,104419390,24675365,5.01,100,0.0501,B,24649564,24675364,0,16:10:59.757
000931.SZ,10:44:19.490,104419490,24675627,5.01,100,0.0501,B,24649564,24675626,0,16:10:59.757
000931.SZ,10:44:19.680,104419680,24676100,5.01,100,0.0501,B,24649564,24676099,0,16:10:59.757
000931.SZ,10:44:19.680,104419680,24676101,5.01,200,0.1002,B,24649878,24676099,0,16:10:59.757
000931.SZ,10:44:19.880,104419880,24676443,5.01,400,0.2004,B,24649878,24676442,0,16:10:59.757
000931.SZ,10:44:19.880,104419880,24676449,5.01,100,0.0501,B,24649879,24676448,0,16:10:59.757
000931.SZ,10:44:19.880,104419880,24676450,5.01,700,0.3507,B,24649880,24676448,0,16:10:59.757
000931.SZ,10:44:19.990,104419990,24676582,5.01,100,0.0501,B,24649880,24676581,0,16:10:59.757
000931.SZ,10:44:20.070,104420070,24676815,5.01,100,0.0501,B,24649880,24676814,0,16:10:59.757
000931.SZ,10:44:20.090,104420090,24676850,5.01,200,0.1002,B,24649880,24676849,0,16:10:59.757
000931.SZ,10:44:20.090,104420090,24676851,5.01,100,0.0501,B,24649881,24676849,0,16:10:59.757
000931.SZ,10:44:21.050,104421050,24679144,0.0,100,0.0,?,24526458,0,0,16:10:59.757
000931.SZ,10:44:21.080,104421080,24679243,5.01,500,0.2505,B,24649881,24679242,0,16:10:59.757
000931.SZ,10:44:31.090,104431090,24702242,0.0,100,0.0,?,24676859,0,0,16:11:00.300
000931.SZ,10:44:31.290,104431290,24702971,5.0,100,0.05,S,24702970,10503859,0,16:11:00.300
000931.SZ,10:44:32.120,104432120,24705206,0.0,300,0.0,?,0,21442694,0,16:11:00.441
000931.SZ,10:44:32.990,104432990,24707003,0.0,200,0.0,?,24484623,0,0,16:11:00.441
000931.SZ,10:44:33.190,104433190,24707528,5.0,200,0.1,S,24707527,10503859,0,16:11:00.441
000931.SZ,10:44:34.980,104434980,24711909,0.0,100,0.0,?,24681330,0,0,16:11:00.616
000931.SZ,10:44:35.180,104435180,24712374,5.0,100,0.05,S,24712373,10503859,0,16:11:00.616
000931.SZ,10:44:36.620,104436620,24715092,0.0,83,0.0,?,7808192,0,0,16:11:00.616
000931.SZ,10:44:39.140,104439140,24719940,0.0,23517,0.0,?,7942841,0,0,16:11:00.772
000931.SZ,10:44:39.300,104439300,24720317,5.01,100,0.0501,B,24649881,24720316,0,16:11:00.772
000931.SZ,10:44:44.030,104444030,24730786,5.01,1000,0.501,B,24649881,24730785,0,16:11:01.070
000931.SZ,10:44:44.030,104444030,24730787,5.01,100,0.0501,B,24649882,24730785,0,16:11:01.070
000931.SZ,10:44:44.030,104444030,24730788,5.01,600,0.3006,B,24649883,24730785,0,16:11:01.070
000931.SZ,10:44:44.030,104444030,24730789,5.01,300,0.1503,B,24649884,24730785,0,16:11:01.070
000931.SZ,10:44:44.030,104444030,24730790,5.01,900,0.4509,B,24649887,24730785,0,16:11:01.070
000931.SZ,10:44:44.030,104444030,24730791,5.01,400,0.2004,B,24649889,24730785,0,16:11:01.070
000931.SZ,10:44:48.180,104448180,24738951,0.0,1000,0.0,?,24653226,0,0,16:11:01.228
000931.SZ,10:44:48.240,104448240,24739050,5.0,400,0.2,S,24739049,10503859,0,16:11:01.228
000931.SZ,10:44:48.240,104448240,24739051,5.0,600,0.3,S,24739049,10510271,0,16:11:01.228
000931.SZ,10:44:55.880,104455880,24754613,5.0,83,0.0415,S,24754612,10510271,0,16:11:01.550
000931.SZ,10:45:00.330,104500330,24763234,0.0,1000,0.0,?,0,24662603,0,16:11:01.928
000931.SZ,10:45:01.700,104501700,24767872,5.01,300,0.1503,B,24649889,24767871,0,16:11:02.085
000931.SZ,10:45:05.510,104505510,24777038,5.01,100,0.0501,B,24649889,24777037,0,16:11:02.179
000931.SZ,10:45:05.510,104505510,24777039,5.01,300,0.1503,B,24649948,24777037,0,16:11:02.179
000931.SZ,10:45:05.510,104505510,24777040,5.01,4600,2.3046,B,24653155,24777037,0,16:11:02.179
000931.SZ,10:45:05.510,104505510,24777043,5.01,400,0.2004,B,24653155,24777042,0,16:11:02.179
000931.SZ,10:45:05.510,104505510,24777045,5.01,2000,1.002,B,24653155,24777044,0,16:11:02.179
000931.SZ,10:45:05.510,104505510,24777046,5.01,200,0.1002,B,24653156,24777044,0,16:11:02.179
000931.SZ,10:45:05.510,104505510,24777048,5.01,800,0.4008,B,24653156,24777047,0,16:11:02.179
000931.SZ,10:45:05.510,104505510,24777049,5.01,200,0.1002,B,24653157,24777047,0,16:11:02.179
000931.SZ,10:45:05.510,104505510,24777051,5.01,600,0.3006,B,24653157,24777050,0,16:11:02.179
000931.SZ,10:45:05.510,104505510,24777061,5.01,600,0.3006,B,24653157,24777060,0,16:11:02.179
000931.SZ,10:45:05.510,104505510,24777062,5.01,100,0.0501,B,24653188,24777060,0,16:11:02.179
000931.SZ,10:45:05.520,104505520,24777065,5.01,200,0.1002,B,24653188,24777064,0,16:11:02.179
000931.SZ,10:45:05.520,104505520,24777067,5.01,700,0.3507,B,24653188,24777066,0,16:11:02.179
000931.SZ,10:45:05.520,104505520,24777069,5.01,300,0.1503,B,24653188,24777068,0,16:11:02.179
000931.SZ,10:45:05.520,104505520,24777070,5.01,1700,0.8517,B,24657157,24777068,0,16:11:02.179
000931.SZ,10:45:05.520,104505520,24777072,5.01,100,0.0501,B,24657157,24777071,0,16:11:02.179
000931.SZ,10:45:05.520,104505520,24777074,5.01,1100,0.5511,B,24657157,24777073,0,16:11:02.179
000931.SZ,10:45:05.520,104505520,24777076,5.01,100,0.0501,B,24657157,24777075,0,16:11:02.179
000931.SZ,10:45:05.520,104505520,24777078,5.01,500,0.2505,B,24657157,24777077,0,16:11:02.179
000931.SZ,10:45:05.520,104505520,24777080,5.01,1200,0.6012,B,24657157,24777079,0,16:11:02.179
000931.SZ,10:45:05.520,104505520,24777082,5.01,1100,0.5511,B,24657157,24777081,0,16:11:02.179
000931.SZ,10:45:05.520,104505520,24777084,5.01,400,0.2004,B,24657157,24777083,0,16:11:02.179
000931.SZ,10:45:05.520,104505520,24777085,5.01,2100,1.0521,B,24657183,24777083,0,16:11:02.179
000931.SZ,10:45:05.520,104505520,24777087,5.01,800,0.4008,B,24657862,24777086,0,16:11:02.179
000931.SZ,10:45:05.520,104505520,24777089,5.01,200,0.1002,B,24657862,24777088,0,16:11:02.179
000931.SZ,10:45:05.520,104505520,24777091,5.01,300,0.1503,B,24657862,24777090,0,16:11:02.179
000931.SZ,10:45:05.520,104505520,24777093,5.01,100,0.0501,B,24657862,24777092,0,16:11:02.179
000931.SZ,10:45:05.520,104505520,24777095,5.01,200,0.1002,B,24657862,24777094,0,16:11:02.179
000931.SZ,10:45:05.520,104505520,24777096,5.01,1100,0.5511,B,24662869,24777094,0,16:11:02.179
000931.SZ,10:45:05.520,104505520,24777098,5.01,1100,0.5511,B,24662869,24777097,0,16:11:02.179
000931.SZ,10:45:05.520,104505520,24777099,5.01,800,0.4008,B,24663331,24777097,0,16:11:02.179
000931.SZ,10:45:05.520,104505520,24777100,5.01,200,0.1002,B,24669100,24777097,0,16:11:02.179
000931.SZ,10:45:05.520,104505520,24777102,5.01,800,0.4008,B,24669100,24777101,0,16:11:02.179
000931.SZ,10:45:05.520,104505520,24777103,5.01,900,0.4509,B,24670433,24777101,0,16:11:02.179
000931.SZ,10:45:05.520,104505520,24777105,5.01,2000,1.002,B,24670433,24777104,0,16:11:02.179
000931.SZ,10:45:05.520,104505520,24777106,5.01,200,0.1002,B,24675232,24777104,0,16:11:02.179
000931.SZ,10:45:05.520,104505520,24777107,5.01,100,0.0501,B,24681650,24777104,0,16:11:02.179
000931.SZ,10:45:05.520,104505520,24777108,5.01,200,0.1002,B,24698336,24777104,0,16:11:02.179
000931.SZ,10:45:05.520,104505520,24777110,5.01,200,0.1002,B,24702289,24777109,0,16:11:02.179
000931.SZ,10:45:05.520,104505520,24777111,5.01,900,0.4509,B,24708075,24777109,0,16:11:02.179
000931.SZ,10:45:05.520,104505520,24777113,5.01,100,0.0501,B,24708075,24777112,0,16:11:02.179
000931.SZ,10:45:05.520,104505520,24777114,5.01,800,0.4008,B,24721877,24777112,0,16:11:02.179
000931.SZ,10:45:05.520,104505520,24777116,5.01,200,0.1002,B,24721877,24777115,0,16:11:02.179
000931.SZ,10:45:05.520,104505520,24777117,5.01,1200,0.6012,B,24731665,24777115,0,16:11:02.179
000931.SZ,10:45:05.520,104505520,24777118,5.01,200,0.1002,B,24731942,24777115,0,16:11:02.179
000931.SZ,10:45:05.520,104505520,24777120,5.01,800,0.4008,B,24731942,24777119,0,16:11:02.179
000931.SZ,10:45:05.520,104505520,24777121,5.01,200,0.1002,B,24738190,24777119,0,16:11:02.179
000931.SZ,10:45:05.520,104505520,24777122,5.01,400,0.2004,B,24743310,24777119,0,16:11:02.179
000931.SZ,10:45:05.520,104505520,24777124,5.01,300,0.1503,B,24743310,24777123,0,16:11:02.179
000931.SZ,10:45:05.520,104505520,24777126,5.01,100,0.0501,B,24743310,24777125,0,16:11:02.179
000931.SZ,10:45:05.520,104505520,24777127,5.01,1700,0.8517,B,24750767,24777125,0,16:11:02.179
000931.SZ,10:45:05.520,104505520,24777129,5.01,200,0.1002,B,24750767,24777128,0,16:11:02.179
000931.SZ,10:45:05.520,104505520,24777131,5.01,2000,1.002,B,24750767,24777130,0,16:11:02.179
000931.SZ,10:45:05.520,104505520,24777134,5.01,300,0.1503,B,24750767,24777133,0,16:11:02.179
000931.SZ,10:45:05.520,104505520,24777136,5.01,200,0.1002,B,24750767,24777135,0,16:11:02.179
000931.SZ,10:45:05.550,104505550,24777183,5.01,200,0.1002,B,24750767,24777182,0,16:11:02.179
000931.SZ,10:45:05.560,104505560,24777190,5.01,1600,0.8016,B,24750767,24777189,0,16:11:02.179
000931.SZ,10:45:05.560,104505560,24777192,5.01,400,0.2004,B,24750767,24777191,0,16:11:02.179
000931.SZ,10:45:05.560,104505560,24777203,5.01,900,0.4509,S,24777202,24777191,0,16:11:02.179
000931.SZ,10:45:05.600,104505600,24777277,5.01,100,0.0501,S,24777276,24777204,0,16:11:02.179
000931.SZ,10:45:05.600,104505600,24777278,5.01,100,0.0501,S,24777276,24777205,0,16:11:02.179
000931.SZ,10:45:05.600,104505600,24777279,5.01,100,0.0501,S,24777276,24777217,0,16:11:02.179
000931.SZ,10:45:06.200,104506200,24778429,5.01,100,0.0501,B,24777276,24778428,0,16:11:02.179
000931.SZ,10:45:07.340,104507340,24781926,5.01,100,0.0501,B,24777276,24781925,0,16:11:02.326
000931.SZ,10:45:07.340,104507340,24781927,5.01,100,0.0501,B,24778454,24781925,0,16:11:02.326
000931.SZ,10:45:07.340,104507340,24781928,5.01,100,0.0501,B,24778457,24781925,0,16:11:02.326
000931.SZ,10:45:07.340,104507340,24781929,5.01,100,0.0501,B,24779160,24781925,0,16:11:02.326
000931.SZ,10:45:07.340,104507340,24781930,5.01,200,0.1002,B,24779201,24781925,0,16:11:02.326
000931.SZ,10:45:07.340,104507340,24781931,5.01,200,0.1002,B,24779632,24781925,0,16:11:02.326
000931.SZ,10:45:07.350,104507350,24781955,5.01,200,0.1002,B,24779632,24781954,0,16:11:02.326
000931.SZ,10:45:10.120,104510120,24787971,0.0,1700,0.0,?,24427456,0,0,16:11:02.486
000931.SZ,10:45:10.290,104510290,24788356,5.0,1700,0.85,S,24788355,10510271,0,16:11:02.486
000931.SZ,10:45:11.300,104511300,24790786,0.0,200,0.0,?,6628765,0,0,16:11:02.486
000931.SZ,10:45:13.860,104513860,24796370,5.01,200,0.1002,B,24779632,24796369,0,16:11:02.675
000931.SZ,10:45:15.850,104515850,24801843,5.01,200,0.1002,B,24779632,24801842,0,16:11:02.849
000931.SZ,10:45:19.730,104519730,24812844,0.0,100,0.0,?,24744020,0,0,16:11:02.990
000931.SZ,10:45:21.210,104521210,24815833,5.0,2100,1.05,S,24815832,10510271,0,16:11:03.146
000931.SZ,10:45:23.420,104523420,24821608,5.01,100,0.0501,B,24779632,24821607,0,16:11:03.146
000931.SZ,10:45:24.050,104524050,24823205,5.01,200,0.1002,B,24779632,24823204,0,16:11:03.146
000931.SZ,10:45:24.050,104524050,24823206,5.01,200,0.1002,B,24779935,24823204,0,16:11:03.146
000931.SZ,10:45:52.440,104552440,24909456,0.0,700,0.0,?,24257585,0,0,16:11:05.117
000931.SZ,10:45:53.440,104553440,24911352,5.0,517,0.2585,S,24911351,10510271,0,16:11:05.117
000931.SZ,10:45:53.440,104553440,24911353,5.0,183,0.0915,S,24911351,10704890,0,16:11:05.117
000931.SZ,10:46:00.310,104600310,24927212,5.0,217,0.1085,S,24927211,10704890,0,16:11:05.662
000931.SZ,10:46:00.310,104600310,24927213,5.0,100,0.05,S,24927211,11326606,0,16:11:05.662
000931.SZ,10:46:00.310,104600310,24927214,5.0,1500,0.75,S,24927211,11424221,0,16:11:05.662
000931.SZ,10:46:00.310,104600310,24927215,5.0,400,0.2,S,24927211,11538069,0,16:11:05.662
000931.SZ,10:46:00.310,104600310,24927216,5.0,300,0.15,S,24927211,11556262,0,16:11:05.662
000931.SZ,10:46:00.310,104600310,24927217,5.0,1100,0.55,S,24927211,11582602,0,16:11:05.662
000931.SZ,10:46:00.310,104600310,24927218,5.0,183,0.0915,S,24927211,11777496,0,16:11:05.662
000931.SZ,10:46:02.770,104602770,24934930,0.0,13200,0.0,?,0,21199106,0,16:11:05.819
000931.SZ,10:46:14.150,104614150,24963894,0.0,10000,0.0,?,0,23494893,0,16:11:06.518
000931.SZ,10:46:20.550,104620550,24977860,0.0,500,0.0,?,0,24669736,0,16:11:06.820
000931.SZ,10:46:21.460,104621460,24979818,0.0,5000,0.0,?,0,22249107,0,16:11:06.820
000931.SZ,10:46:58.060,104658060,25063163,5.01,500,0.2505,B,24779935,25063162,0,16:11:08.833
000931.SZ,10:46:58.060,104658060,25063164,5.01,100,0.0501,B,24781072,25063162,0,16:11:08.833
000931.SZ,10:46:58.060,104658060,25063165,5.01,400,0.2004,B,24781728,25063162,0,16:11:08.833
000931.SZ,10:47:03.280,104703280,25074298,0.0,500,0.0,?,24191050,0,0,16:11:09.302
000931.SZ,10:47:03.280,104703280,25074304,0.0,100,0.0,?,24188484,0,0,16:11:09.302
000931.SZ,10:47:14.560,104714560,25098540,5.01,200,0.1002,B,24781728,25098539,0,16:11:09.986
000931.SZ,10:47:26.050,104726050,25127603,5.01,100,0.0501,B,24781728,25127602,0,16:11:10.537
000931.SZ,10:47:33.670,104733670,25142460,0.0,1000,0.0,?,0,20094151,0,16:11:10.993
000931.SZ,10:47:53.950,104753950,25183971,5.01,2000,1.002,B,24781728,25183970,0,16:11:12.053
000931.SZ,10:48:01.190,104801190,25198667,0.0,1600,0.0,?,0,1694247,0,16:11:12.565
000931.SZ,10:48:17.460,104817460,25230546,5.01,2000,1.002,B,24781728,25230545,0,16:11:13.412
000931.SZ,10:48:23.060,104823060,25242244,5.01,1000,0.501,B,24781728,25242243,0,16:11:13.817
000931.SZ,10:48:31.500,104831500,25259378,5.01,500,0.2505,B,24781728,25259377,0,16:11:14.223
000931.SZ,10:48:55.600,104855600,25306546,0.0,300,0.0,?,0,24420651,0,16:11:15.515
000931.SZ,10:49:06.080,104906080,25326796,0.0,8000,0.0,?,25106586,0,0,16:11:16.113
000931.SZ,10:49:06.080,104906080,25326797,0.0,100,0.0,?,25134009,0,0,16:11:16.113
000931.SZ,10:49:06.080,104906080,25326798,0.0,7900,0.0,?,25134010,0,0,16:11:16.113
000931.SZ,10:49:13.410,104913410,25340557,5.01,10000,5.01,B,24781728,25340556,0,16:11:16.497
000931.SZ,10:49:13.410,104913410,25340566,5.01,200,0.1002,B,24781728,25340565,0,16:11:16.497
000931.SZ,10:49:13.410,104913410,25340568,5.01,200,0.1002,B,24781728,25340567,0,16:11:16.497
000931.SZ,10:49:13.410,104913410,25340570,5.01,1100,0.5511,B,24781728,25340569,0,16:11:16.497
000931.SZ,10:49:13.410,104913410,25340572,5.01,1900,0.9519,B,24781728,25340571,0,16:11:16.497
000931.SZ,10:49:13.430,104913430,25340597,0.0,5500,0.0,?,24847558,0,0,16:11:16.497
000931.SZ,10:49:13.700,104913700,25341060,5.01,100,0.0501,B,24781728,25341059,0,16:11:16.497
000931.SZ,10:49:13.710,104913710,25341108,5.01,300,0.1503,B,24781728,25341107,0,16:11:16.497
000931.SZ,10:49:13.710,104913710,25341110,5.01,200,0.1002,B,24781728,25341109,0,16:11:16.497
000931.SZ,10:49:13.710,104913710,25341112,5.01,100,0.0501,B,24781728,25341111,0,16:11:16.497
000931.SZ,10:49:13.710,104913710,25341114,0.0,900,0.0,?,24898661,0,0,16:11:16.497
000931.SZ,10:49:13.710,104913710,25341115,0.0,200,0.0,?,25010349,0,0,16:11:16.497
000931.SZ,10:49:13.710,104913710,25341118,5.01,100,0.0501,B,24781728,25341117,0,16:11:16.497
000931.SZ,10:49:13.730,104913730,25341159,5.01,100,0.0501,B,24781728,25341158,0,16:11:16.497
000931.SZ,10:49:13.730,104913730,25341161,5.01,100,0.0501,B,24781728,25341160,0,16:11:16.497
000931.SZ,10:49:13.730,104913730,25341163,5.01,100,0.0501,B,24781728,25341162,0,16:11:16.497
000931.SZ,10:49:13.730,104913730,25341166,5.01,100,0.0501,B,24781728,25341165,0,16:11:16.497
000931.SZ,10:49:13.730,104913730,25341168,5.01,100,0.0501,B,24781728,25341167,0,16:11:16.497
000931.SZ,10:49:13.740,104913740,25341172,5.01,100,0.0501,B,24781728,25341171,0,16:11:16.497
000931.SZ,10:49:13.740,104913740,25341177,5.01,100,0.0501,B,24781728,25341176,0,16:11:16.497
000931.SZ,10:49:13.740,104913740,25341179,5.01,100,0.0501,B,24781728,25341178,0,16:11:16.497
000931.SZ,10:49:13.740,104913740,25341181,5.01,100,0.0501,B,24781728,25341180,0,16:11:16.497
000931.SZ,10:49:13.740,104913740,25341183,5.01,100,0.0501,B,24781728,25341182,0,16:11:16.497
000931.SZ,10:49:13.740,104913740,25341185,5.01,100,0.0501,B,24781728,25341184,0,16:11:16.497
000931.SZ,10:49:13.740,104913740,25341188,5.01,100,0.0501,B,24781728,25341187,0,16:11:16.497
000931.SZ,10:49:13.740,104913740,25341190,5.01,100,0.0501,B,24781728,25341189,0,16:11:16.497
000931.SZ,10:49:13.740,104913740,25341192,5.01,100,0.0501,B,24781728,25341191,0,16:11:16.497
000931.SZ,10:49:13.750,104913750,25341207,5.01,100,0.0501,B,24781728,25341206,0,16:11:16.497
000931.SZ,10:49:13.870,104913870,25341426,5.01,100,0.0501,B,24781728,25341425,0,16:11:16.497
000931.SZ,10:49:14.020,104914020,25341630,5.01,100,0.0501,B,24781728,25341629,0,16:11:16.497
000931.SZ,10:49:14.470,104914470,25342436,5.01,100,0.0501,B,24781728,25342435,0,16:11:16.497
000931.SZ,10:49:14.810,104914810,25342839,5.01,700,0.3507,B,24781728,25342838,0,16:11:16.497
000931.SZ,10:49:18.260,104918260,25349406,5.01,617,0.3091,B,24781728,25349405,0,16:11:16.670
000931.SZ,10:49:18.260,104918260,25349407,5.01,600,0.3006,B,24781761,25349405,0,16:11:16.670
000931.SZ,10:49:18.260,104918260,25349408,5.01,100,0.0501,B,24782197,25349405,0,16:11:16.670
000931.SZ,10:49:18.260,104918260,25349409,5.01,100,0.0501,B,24788401,25349405,0,16:11:16.670
000931.SZ,10:49:18.260,104918260,25349410,5.01,83,0.0415,B,24788406,25349405,0,16:11:16.670
000931.SZ,10:49:18.270,104918270,25349415,5.01,17,0.0085,B,24788406,25349414,0,16:11:16.670
000931.SZ,10:49:18.270,104918270,25349416,5.01,100,0.0501,B,24792535,25349414,0,16:11:16.670
000931.SZ,10:49:18.270,104918270,25349417,5.01,83,0.0415,B,24792537,25349414,0,16:11:16.670
000931.SZ,10:49:18.270,104918270,25349444,0.0,17,0.0,?,24792537,0,0,16:11:16.670
000931.SZ,10:49:18.310,104918310,25349545,5.01,400,0.2004,B,24792589,25349544,0,16:11:16.670
000931.SZ,10:49:18.310,104918310,25349546,5.01,100,0.0501,B,24792590,25349544,0,16:11:16.670
000931.SZ,10:49:20.290,104920290,25353610,0.0,200,0.0,?,0,24677454,0,16:11:16.782
000931.SZ,10:49:21.120,104921120,25355380,0.0,100,0.0,?,0,24679277,0,16:11:16.782
000931.SZ,10:49:28.420,104928420,25371513,5.01,300,0.1503,B,24792608,25371512,0,16:11:17.253
000931.SZ,10:49:36.700,104936700,25389236,0.0,100,0.0,?,25375384,0,0,16:11:17.796
000931.SZ,10:49:36.900,104936900,25389602,5.0,100,0.05,S,25389601,11777496,0,16:11:17.796
000931.SZ,10:49:46.560,104946560,25408472,5.01,200,0.1002,B,24792608,25408471,0,16:11:18.206
000931.SZ,10:49:56.170,104956170,25428949,5.01,100,0.0501,B,24792613,25428948,0,16:11:18.605
000931.SZ,10:49:56.170,104956170,25428950,5.01,100,0.0501,B,24792614,25428948,0,16:11:18.605
000931.SZ,10:49:56.910,104956910,25430070,5.01,200,0.1002,B,24792614,25430069,0,16:11:18.605
000931.SZ,10:49:56.910,104956910,25430073,5.01,200,0.1002,B,24792614,25430072,0,16:11:18.605
000931.SZ,10:49:56.920,104956920,25430081,5.01,100,0.0501,B,24792643,25430080,0,16:11:18.605
000931.SZ,10:49:56.930,104956930,25430091,5.01,200,0.1002,B,24802054,25430090,0,16:11:18.605
000931.SZ,10:50:00.770,105000770,25436827,0.0,500,0.0,?,0,25412465,0,16:11:18.692
000931.SZ,10:50:03.260,105003260,25441784,5.01,1000,0.501,B,24802054,25441783,0,16:11:18.770
000931.SZ,10:50:03.260,105003260,25441785,5.01,1000,0.501,B,24802396,25441783,0,16:11:18.770
000931.SZ,10:50:03.300,105003300,25441846,5.01,100,0.0501,B,24802396,25441845,0,16:11:18.770
000931.SZ,10:50:03.300,105003300,25441847,5.01,300,0.1503,B,24802428,25441845,0,16:11:18.770
000931.SZ,10:50:03.830,105003830,25442746,5.01,700,0.3507,B,24802428,25442745,0,16:11:18.770
000931.SZ,10:50:03.830,105003830,25442747,5.01,600,0.3006,B,24808723,25442745,0,16:11:18.770
000931.SZ,10:50:03.830,105003830,25442748,5.01,600,0.3006,B,24808726,25442745,0,16:11:18.770
000931.SZ,10:50:03.830,105003830,25442749,5.01,100,0.0501,B,24808781,25442745,0,16:11:18.770
000931.SZ,10:50:07.370,105007370,25450457,0.0,1300,0.0,?,25066892,0,0,16:11:18.837
000931.SZ,10:50:12.420,105012420,25460779,0.0,100,0.0,?,17469908,0,0,16:11:18.998
000931.SZ,10:50:18.260,105018260,25474302,5.01,300,0.1503,B,24808781,25474301,0,16:11:19.058
000931.SZ,10:50:18.260,105018260,25474303,5.01,400,0.2004,B,24808794,25474301,0,16:11:19.058
000931.SZ,10:50:18.260,105018260,25474304,5.01,700,0.3507,B,24808883,25474301,0,16:11:19.058
000931.SZ,10:50:18.260,105018260,25474305,5.01,800,0.4008,B,24809994,25474301,0,16:11:19.058
000931.SZ,10:50:18.260,105018260,25474306,5.01,800,0.4008,B,24810692,25474301,0,16:11:19.058
000931.SZ,10:50:18.260,105018260,25474313,5.01,200,0.1002,B,24810692,25474312,0,16:11:19.058
000931.SZ,10:50:18.260,105018260,25474314,5.01,300,0.1503,B,24810747,25474312,0,16:11:19.058
000931.SZ,10:50:18.260,105018260,25474317,5.01,700,0.3507,B,24810747,25474316,0,16:11:19.058
000931.SZ,10:50:18.260,105018260,25474318,5.01,100,0.0501,B,24816934,25474316,0,16:11:19.058
000931.SZ,10:50:21.210,105021210,25481667,5.01,100,0.0501,B,24816934,25481666,0,16:11:19.136
000931.SZ,10:50:21.220,105021220,25481704,5.01,100,0.0501,B,24816934,25481703,0,16:11:19.136
000931.SZ,10:50:21.240,105021240,25481733,0.0,100,0.0,?,24823667,0,0,16:11:19.136
000931.SZ,10:50:21.240,105021240,25481735,0.0,500,0.0,?,24823668,0,0,16:11:19.136
000931.SZ,10:50:22.310,105022310,25484336,5.01,100,0.0501,B,24816934,25484335,0,16:11:19.180
000931.SZ,10:50:24.270,105024270,25488832,5.01,100,0.0501,B,24816934,25488831,0,16:11:19.180
000931.SZ,10:50:30.750,105030750,25503181,5.01,300,0.1503,B,24816934,25503180,0,16:11:19.354
000931.SZ,10:50:30.750,105030750,25503182,5.01,700,0.3507,B,24816944,25503180,0,16:11:19.354
000931.SZ,10:50:33.640,105033640,25509007,0.0,5400,0.0,?,0,24455101,0,16:11:19.432
000931.SZ,10:50:34.310,105034310,25510355,0.0,5000,0.0,?,0,24961125,0,16:11:19.432
000931.SZ,10:50:36.750,105036750,25515528,0.0,5500,0.0,?,0,25457902,0,16:11:19.596
000931.SZ,10:50:38.930,105038930,25520912,0.0,2100,0.0,?,0,25190284,0,16:11:19.817
000931.SZ,10:50:39.930,105039930,25522668,5.01,2100,1.0521,B,24816944,25522667,0,16:11:19.817
000931.SZ,10:50:54.320,105054320,25550249,0.0,100,0.0,?,0,25481668,0,16:11:20.612
000931.SZ,10:50:54.880,105054880,25551756,0.0,600,0.0,?,24629106,0,0,16:11:20.612
000931.SZ,10:50:55.460,105055460,25553418,0.0,400,0.0,?,24257588,0,0,16:11:20.612
000931.SZ,10:50:55.880,105055880,25554180,5.0,600,0.3,S,25554179,11777496,0,16:11:20.612
000931.SZ,10:50:56.460,105056460,25555221,5.0,117,0.0585,S,25555220,11777496,0,16:11:20.612
000931.SZ,10:50:56.460,105056460,25555222,5.0,100,0.05,S,25555220,11844460,0,16:11:20.612
000931.SZ,10:50:56.460,105056460,25555223,5.0,100,0.05,S,25555220,11884922,0,16:11:20.612
000931.SZ,10:50:56.460,105056460,25555224,5.0,83,0.0415,S,25555220,11907591,0,16:11:20.612
000931.SZ,10:51:01.720,105101720,25565118,0.0,5000,0.0,?,0,22271556,0,16:11:21.006
000931.SZ,10:51:03.630,105103630,25568734,5.01,400,0.2004,B,24816944,25568733,0,16:11:21.178
000931.SZ,10:51:03.630,105103630,25568735,5.01,600,0.3006,B,24816945,25568733,0,16:11:21.178
000931.SZ,10:51:04.880,105104880,25571310,0.0,4400,0.0,?,25548325,0,0,16:11:21.178
000931.SZ,10:51:04.890,105104890,25571333,0.0,5400,0.0,?,25548463,0,0,16:11:21.178
000931.SZ,10:51:09.350,105109350,25579809,5.0,917,0.4585,S,25579808,11907591,0,16:11:21.351
000931.SZ,10:51:09.350,105109350,25579810,5.0,800,0.4,S,25579808,11971784,0,16:11:21.351
000931.SZ,10:51:09.350,105109350,25579811,5.0,383,0.1915,S,25579808,12091455,0,16:11:21.351
000931.SZ,10:51:15.750,105115750,25591782,5.0,117,0.0585,S,25591781,12091455,0,16:11:21.690
000931.SZ,10:51:15.750,105115750,25591783,5.0,2000,1.0,S,25591781,12122661,0,16:11:21.690
000931.SZ,10:51:15.750,105115750,25591784,5.0,700,0.35,S,25591781,12151636,0,16:11:21.690
000931.SZ,10:51:15.750,105115750,25591785,5.0,83,0.0415,S,25591781,12192427,0,16:11:21.690
000931.SZ,10:51:22.410,105122410,25606076,5.01,400,0.2004,B,24816945,25606075,0,16:11:22.071
000931.SZ,10:51:22.410,105122410,25606077,5.01,100,0.0501,B,24816971,25606075,0,16:11:22.071
000931.SZ,10:51:31.710,105131710,25624275,5.0,400,0.2,S,25624274,12192427,0,16:11:22.526
000931.SZ,10:51:46.430,105146430,25653323,5.01,700,0.3507,B,24816971,25653322,0,16:11:23.242
000931.SZ,10:51:46.430,105146430,25653324,5.01,800,0.4008,B,24824981,25653322,0,16:11:23.242
000931.SZ,10:51:49.860,105149860,25660313,5.01,200,0.1002,B,24824981,25660312,0,16:11:23.442
000931.SZ,10:51:49.860,105149860,25660314,5.01,1600,0.8016,B,24825103,25660312,0,16:11:23.442
000931.SZ,10:51:49.860,105149860,25660315,5.01,200,0.1002,B,24825125,25660312,0,16:11:23.442
000931.SZ,10:51:51.880,105151880,25664137,5.01,500,0.2505,B,24825125,25664136,0,16:11:23.625
000931.SZ,10:51:56.230,105156230,25672773,0.0,200,0.0,?,24972689,0,0,16:11:23.782
000931.SZ,10:52:01.700,105201700,25686687,0.0,500,0.0,?,17074192,0,0,16:11:24.230
000931.SZ,10:52:08.790,105208790,25707704,5.0,200,0.1,S,25707703,12192427,0,16:11:24.588
000931.SZ,10:52:15.770,105215770,25728477,5.01,100,0.0501,B,24825125,25728476,0,16:11:25.219
000931.SZ,10:52:15.770,105215770,25728478,5.01,1000,0.501,B,24825971,25728476,0,16:11:25.219
000931.SZ,10:52:15.770,105215770,25728479,5.01,800,0.4008,B,24833464,25728476,0,16:11:25.219
000931.SZ,10:52:15.770,105215770,25728480,5.01,800,0.4008,B,24833483,25728476,0,16:11:25.219
000931.SZ,10:52:15.770,105215770,25728481,5.01,1000,0.501,B,24834490,25728476,0,16:11:25.219
000931.SZ,10:52:15.770,105215770,25728482,5.01,1000,0.501,B,24834794,25728476,0,16:11:25.219
000931.SZ,10:52:15.770,105215770,25728483,5.01,300,0.1503,B,24834873,25728476,0,16:11:25.219
000931.SZ,10:52:16.420,105216420,25731013,0.0,100,0.0,?,25599807,0,0,16:11:25.219
000931.SZ,10:52:18.720,105218720,25737089,5.0,700,0.35,S,25737088,12192427,0,16:11:25.219
000931.SZ,10:52:19.310,105219310,25739030,5.0,700,0.35,S,25739029,12192427,0,16:11:25.219
000931.SZ,10:52:19.460,105219460,25740098,5.0,100,0.05,S,25740097,12192427,0,16:11:25.315
000931.SZ,10:52:19.580,105219580,25741244,5.0,817,0.4085,S,25741243,12192427,0,16:11:25.315
000931.SZ,10:52:19.580,105219580,25741245,5.0,400,0.2,S,25741243,12225201,0,16:11:25.315
000931.SZ,10:52:19.580,105219580,25741246,5.0,283,0.1415,S,25741243,12270209,0,16:11:25.315
000931.SZ,10:52:19.720,105219720,25741576,5.0,700,0.35,S,25741575,12270209,0,16:11:25.315
000931.SZ,10:52:21.310,105221310,25746462,5.0,700,0.35,S,25746461,12270209,0,16:11:25.315
000931.SZ,10:52:21.460,105221460,25747006,5.0,100,0.05,S,25747005,12270209,0,16:11:25.472
000931.SZ,10:52:21.580,105221580,25747348,5.0,1217,0.6085,S,25747347,12270209,0,16:11:25.472
000931.SZ,10:52:21.580,105221580,25747349,5.0,383,0.1915,S,25747347,12305476,0,16:11:25.472
000931.SZ,10:52:21.720,105221720,25747684,5.0,1300,0.65,S,25747683,12305476,0,16:11:25.472
000931.SZ,10:52:21.720,105221720,25747686,5.0,317,0.1585,S,25747685,12305476,0,16:11:25.472
000931.SZ,10:52:21.720,105221720,25747687,5.0,383,0.1915,S,25747685,12316145,0,16:11:25.472
000931.SZ,10:52:23.170,105223170,25751776,5.0,700,0.35,S,25751775,12316145,0,16:11:25.472
000931.SZ,10:52:23.600,105223600,25752450,5.0,700,0.35,S,25752449,12316145,0,16:11:25.472
000931.SZ,10:52:24.010,105224010,25753038,5.0,700,0.35,S,25753037,12316145,0,16:11:25.472
000931.SZ,10:52:24.310,105224310,25753646,5.0,1000,0.5,S,25753645,12316145,0,16:11:25.653
000931.SZ,10:52:24.590,105224590,25754217,5.0,1517,0.7585,S,25754216,12316145,0,16:11:25.653
000931.SZ,10:52:24.590,105224590,25754218,5.0,683,0.3415,S,25754216,12428556,0,16:11:25.653
000931.SZ,10:52:24.720,105224720,25754435,5.0,317,0.1585,S,25754434,12428556,0,16:11:25.653
000931.SZ,10:52:24.720,105224720,25754436,5.0,200,0.1,S,25754434,12463610,0,16:11:25.653
000931.SZ,10:52:24.720,105224720,25754437,5.0,983,0.4915,S,25754434,12506694,0,16:11:25.653
000931.SZ,10:52:24.720,105224720,25754440,5.0,317,0.1585,S,25754439,12506694,0,16:11:25.653
000931.SZ,10:52:24.720,105224720,25754441,5.0,383,0.1915,S,25754439,12553169,0,16:11:25.653
000931.SZ,10:52:25.170,105225170,25755483,5.0,617,0.3085,S,25755482,12553169,0,16:11:25.653
000931.SZ,10:52:25.170,105225170,25755484,5.0,583,0.2915,S,25755482,13248003,0,16:11:25.653
000931.SZ,10:52:25.460,105225460,25756307,5.0,100,0.05,S,25756306,13248003,0,16:11:25.653
000931.SZ,10:52:25.600,105225600,25756626,5.0,900,0.45,S,25756625,13248003,0,16:11:25.653
000931.SZ,10:52:25.610,105225610,25756639,5.0,100,0.05,S,25756638,13248003,0,16:11:25.653
000931.SZ,10:52:25.650,105225650,25756710,5.0,1200,0.6,S,25756709,13248003,0,16:11:25.653
000931.SZ,10:52:25.660,105225660,25756735,5.0,600,0.3,S,25756734,13248003,0,16:11:25.653
000931.SZ,10:52:26.760,105226760,25758444,5.0,100,0.05,S,25758443,13248003,0,16:11:25.653
000931.SZ,10:52:27.580,105227580,25759820,5.0,2200,1.1,S,25759819,13248003,0,16:11:25.653
000931.SZ,10:52:27.710,105227710,25760069,5.0,1600,0.8,S,25760068,13248003,0,16:11:25.796
000931.SZ,10:52:28.010,105228010,25760511,5.0,700,0.35,S,25760510,13248003,0,16:11:25.796
000931.SZ,10:52:29.710,105229710,25764091,5.0,1100,0.55,S,25764090,13248003,0,16:11:25.796
000931.SZ,10:52:29.730,105229730,25764111,0.0,4300,0.0,?,25733611,0,0,16:11:25.796
000931.SZ,10:52:29.730,105229730,25764112,0.0,4300,0.0,?,25733764,0,0,16:11:25.796
000931.SZ,10:52:40.460,105240460,25789240,5.0,300,0.15,S,25789239,13248003,0,16:11:26.548
000931.SZ,10:52:41.870,105241870,25791747,5.0,7117,3.5585,S,25791746,13248003,0,16:11:26.548
000931.SZ,10:52:41.870,105241870,25791748,5.0,2500,1.25,S,25791746,13507566,0,16:11:26.548
000931.SZ,10:52:41.870,105241870,25791749,5.0,500,0.25,S,25791746,13690689,0,16:11:26.548
000931.SZ,10:52:41.870,105241870,25791750,5.0,1383,0.6915,S,25791746,13961676,0,16:11:26.548
000931.SZ,10:52:41.900,105241900,25791826,5.01,100,0.0501,B,24834873,25791825,0,16:11:26.548
000931.SZ,10:52:41.900,105241900,25791828,5.01,100,0.0501,B,24834873,25791827,0,16:11:26.548
000931.SZ,10:52:41.900,105241900,25791832,5.01,100,0.0501,B,24834873,25791831,0,16:11:26.548
000931.SZ,10:52:41.900,105241900,25791836,5.01,100,0.0501,B,24834873,25791835,0,16:11:26.548
000931.SZ,10:52:41.900,105241900,25791844,5.01,100,0.0501,B,24834873,25791843,0,16:11:26.548
000931.SZ,10:52:41.910,105241910,25791847,5.01,100,0.0501,B,24834873,25791846,0,16:11:26.548
000931.SZ,10:52:41.910,105241910,25791877,5.01,100,0.0501,B,24834873,25791876,0,16:11:26.548
000931.SZ,10:52:41.930,105241930,25791897,5.01,100,0.0501,B,24834892,25791896,0,16:11:26.548
000931.SZ,10:52:41.980,105241980,25791981,5.01,100,0.0501,B,24834892,25791980,0,16:11:26.548
000931.SZ,10:52:43.310,105243310,25794306,5.0,1617,0.8085,S,25794305,13961676,0,16:11:26.548
000931.SZ,10:52:43.310,105243310,25794307,5.0,483,0.2415,S,25794305,14099183,0,16:11:26.548
000931.SZ,10:52:44.310,105244310,25796314,5.0,17,0.0085,S,25796313,14099183,0,16:11:26.548
000931.SZ,10:52:44.310,105244310,25796315,5.0,300,0.15,S,25796313,14186830,0,16:11:26.548
000931.SZ,10:52:44.310,105244310,25796316,5.0,783,0.3915,S,25796313,14497180,0,16:11:26.548
000931.SZ,10:52:47.580,105247580,25801806,5.0,417,0.2085,S,25801805,14497180,0,16:11:26.714
000931.SZ,10:52:47.580,105247580,25801807,5.0,500,0.25,S,25801805,15228449,0,16:11:26.714
000931.SZ,10:52:47.580,105247580,25801808,5.0,100,0.05,S,25801805,15534169,0,16:11:26.714
000931.SZ,10:52:47.580,105247580,25801809,5.0,1000,0.5,S,25801805,15535174,0,16:11:26.714
000931.SZ,10:52:47.580,105247580,25801810,5.0,1000,0.5,S,25801805,15925630,0,16:11:26.714
000931.SZ,10:52:47.580,105247580,25801811,5.0,7000,3.5,S,25801805,16508431,0,16:11:26.714
000931.SZ,10:52:47.580,105247580,25801812,5.0,2000,1.0,S,25801805,16710752,0,16:11:26.714
000931.SZ,10:52:47.580,105247580,25801813,5.0,500,0.25,S,25801805,16865450,0,16:11:26.714
000931.SZ,10:52:47.580,105247580,25801814,5.0,1100,0.55,S,25801805,16867212,0,16:11:26.714
000931.SZ,10:52:47.580,105247580,25801815,5.0,500,0.25,S,25801805,16974730,0,16:11:26.714
000931.SZ,10:52:47.580,105247580,25801816,5.0,300,0.15,S,25801805,17095961,0,16:11:26.714
000931.SZ,10:52:47.580,105247580,25801817,5.0,1000,0.5,S,25801805,17288455,0,16:11:26.714
000931.SZ,10:52:47.580,105247580,25801818,5.0,1100,0.55,S,25801805,17842349,0,16:11:26.714
000931.SZ,10:52:47.580,105247580,25801819,5.0,383,0.1915,S,25801805,17887071,0,16:11:26.714
000931.SZ,10:52:47.620,105247620,25801858,5.0,1300,0.65,S,25801857,17887071,0,16:11:26.714
000931.SZ,10:52:49.070,105249070,25805354,5.01,800,0.4008,B,24834892,25805353,0,16:11:26.870
000931.SZ,10:52:49.070,105249070,25805355,5.01,100,0.0501,B,24875597,25805353,0,16:11:26.870
000931.SZ,10:52:49.070,105249070,25805356,5.01,100,0.0501,B,24875792,25805353,0,16:11:26.870
000931.SZ,10:52:49.070,105249070,25805357,5.01,400,0.2004,B,24879747,25805353,0,16:11:26.870
000931.SZ,10:52:49.070,105249070,25805358,5.01,400,0.2004,B,24883048,25805353,0,16:11:26.870
000931.SZ,10:52:49.070,105249070,25805359,5.01,200,0.1002,B,24883186,25805353,0,16:11:26.870
000931.SZ,10:52:49.070,105249070,25805360,5.01,500,0.2505,B,24886127,25805353,0,16:11:26.870
000931.SZ,10:52:49.070,105249070,25805361,5.01,500,0.2505,B,24890281,25805353,0,16:11:26.870
000931.SZ,10:52:49.070,105249070,25805362,5.01,600,0.3006,B,24890334,25805353,0,16:11:26.870
000931.SZ,10:52:49.070,105249070,25805363,5.01,1100,0.5511,B,24890949,25805353,0,16:11:26.870
000931.SZ,10:52:49.070,105249070,25805364,5.01,300,0.1503,B,24898659,25805353,0,16:11:26.870
000931.SZ,10:52:49.070,105249070,25805365,5.01,100,0.0501,B,24898660,25805353,0,16:11:26.870
000931.SZ,10:52:49.070,105249070,25805366,5.01,400,0.2004,B,24898662,25805353,0,16:11:26.870
000931.SZ,10:52:49.070,105249070,25805367,5.01,200,0.1002,B,24898713,25805353,0,16:11:26.870
000931.SZ,10:52:49.070,105249070,25805368,5.01,300,0.1503,B,24898714,25805353,0,16:11:26.870
000931.SZ,10:52:49.070,105249070,25805369,5.01,200,0.1002,B,24898716,25805353,0,16:11:26.870
000931.SZ,10:52:49.070,105249070,25805370,5.01,100,0.0501,B,24898723,25805353,0,16:11:26.870
000931.SZ,10:52:50.330,105250330,25810833,0.0,14900,0.0,?,25552954,0,0,16:11:26.870
000931.SZ,10:52:50.800,105250800,25812443,0.0,1900,0.0,?,25551582,0,0,16:11:27.063
000931.SZ,10:52:51.410,105251410,25814514,5.01,100,0.0501,B,24898723,25814513,0,16:11:27.063
000931.SZ,10:52:51.410,105251410,25814515,5.01,1100,0.5511,B,24906589,25814513,0,16:11:27.063
000931.SZ,10:52:51.410,105251410,25814516,5.01,1800,0.9018,B,24933115,25814513,0,16:11:27.063
000931.SZ,10:52:55.270,105255270,25824823,0.0,4300,0.0,?,25733011,0,0,16:11:27.356
000931.SZ,10:52:55.270,105255270,25824824,0.0,4300,0.0,?,25733594,0,0,16:11:27.356
000931.SZ,10:52:55.460,105255460,25825398,0.0,200,0.0,?,0,24793069,0,16:11:27.356
000931.SZ,10:52:56.460,105256460,25828374,5.01,200,0.1002,B,24933115,25828373,0,16:11:27.356
000931.SZ,10:53:00.640,105300640,25838481,5.0,100,0.05,S,25838480,17887071,0,16:11:27.679
000931.SZ,10:53:06.970,105306970,25853940,5.01,600,0.3006,B,24933115,25853939,0,16:11:28.130
000931.SZ,10:53:06.970,105306970,25853941,5.01,900,0.4509,B,24979266,25853939,0,16:11:28.130
000931.SZ,10:53:06.970,105306970,25853942,5.01,200,0.1002,B,25002030,25853939,0,16:11:28.130
000931.SZ,10:53:06.970,105306970,25853943,5.01,200,0.1002,B,25041393,25853939,0,16:11:28.130
000931.SZ,10:53:06.970,105306970,25853944,5.01,500,0.2505,B,25060065,25853939,0,16:11:28.130
000931.SZ,10:53:06.970,105306970,25853945,5.01,300,0.1503,B,25080838,25853939,0,16:11:28.130
000931.SZ,10:53:06.970,105306970,25853946,5.01,100,0.0501,B,25083219,25853939,0,16:11:28.130
000931.SZ,10:53:06.970,105306970,25853947,5.01,1000,0.501,B,25106545,25853939,0,16:11:28.130
000931.SZ,10:53:06.970,105306970,25853948,5.01,200,0.1002,B,25122054,25853939,0,16:11:28.130
000931.SZ,10:53:07.050,105307050,25854403,0.0,100,0.0,?,17465360,0,0,16:11:28.130
000931.SZ,10:53:07.490,105307490,25855478,0.0,100,0.0,?,17465372,0,0,16:11:28.130
000931.SZ,10:53:08.480,105308480,25857487,0.0,100,0.0,?,17469921,0,0,16:11:28.130
000931.SZ,10:53:17.620,105317620,25872599,0.0,5000,0.0,?,0,10998536,0,16:11:28.548
000931.SZ,10:53:39.100,105339100,25907651,5.01,800,0.4008,B,25122054,25907650,0,16:11:29.527
000931.SZ,10:53:39.100,105339100,25907652,5.01,800,0.4008,B,25341136,25907650,0,16:11:29.527
000931.SZ,10:53:39.100,105339100,25907653,5.01,100,0.0501,B,25341138,25907650,0,16:11:29.527
000931.SZ,10:53:39.100,105339100,25907654,5.01,200,0.1002,B,25349454,25907650,0,16:11:29.527
000931.SZ,10:53:39.100,105339100,25907655,5.01,100,0.0501,B,25390375,25907650,0,16:11:29.527
000931.SZ,10:53:39.100,105339100,25907656,5.01,200,0.1002,B,25405827,25907650,0,16:11:29.527
000931.SZ,10:53:47.590,105347590,25923069,0.0,1000,0.0,?,0,25897126,0,16:11:29.850
000931.SZ,10:54:01.610,105401610,25948639,5.01,800,0.4008,B,25405827,25948638,0,16:11:30.655
000931.SZ,10:54:01.610,105401610,25948640,5.01,200,0.1002,B,25437050,25948638,0,16:11:30.655
000931.SZ,10:54:01.610,105401610,25948650,5.01,100,0.0501,B,25437050,25948649,0,16:11:30.655
000931.SZ,10:54:01.640,105401640,25948802,5.0,400,0.2,S,25948801,17887071,0,16:11:30.655
000931.SZ,10:54:03.530,105403530,25952761,0.0,100,0.0,?,17469913,0,0,16:11:30.848
000931.SZ,10:54:08.380,105408380,25962076,0.0,13300,0.0,?,25892426,0,0,16:11:30.977
000931.SZ,10:54:08.380,105408380,25962077,0.0,13300,0.0,?,25892452,0,0,16:11:30.977
000931.SZ,10:54:14.180,105414180,25973960,0.0,900,0.0,?,0,25802185,0,16:11:31.415
000931.SZ,10:54:14.780,105414780,25974895,0.0,100,0.0,?,0,25342792,0,16:11:31.415
000931.SZ,10:54:14.780,105414780,25974896,0.0,200,0.0,?,0,25342793,0,16:11:31.415
000931.SZ,10:54:14.780,105414780,25974897,0.0,100,0.0,?,0,25342794,0,16:11:31.415
000931.SZ,10:54:21.300,105421300,25989618,0.0,200,0.0,?,0,25355838,0,16:11:31.601
000931.SZ,10:54:22.140,105422140,25992154,0.0,100,0.0,?,0,25358230,0,16:11:31.751
000931.SZ,10:54:30.420,105430420,26008641,0.0,100,0.0,?,22295551,0,0,16:11:32.051
000931.SZ,10:54:30.420,105430420,26008644,0.0,100,0.0,?,19295569,0,0,16:11:32.051
000931.SZ,10:54:30.420,105430420,26008645,0.0,100,0.0,?,19295570,0,0,16:11:32.051
000931.SZ,10:54:30.440,105430440,26008698,0.0,100,0.0,?,19295606,0,0,16:11:32.051
000931.SZ,10:54:30.450,105430450,26008737,0.0,100,0.0,?,22295601,0,0,16:11:32.051
000931.SZ,10:54:31.460,105431460,26011131,5.0,100,0.05,S,26011130,17887071,0,16:11:32.178
000931.SZ,10:54:31.460,105431460,26011133,5.0,200,0.1,S,26011132,17887071,0,16:11:32.178
000931.SZ,10:54:31.470,105431470,26011170,5.0,100,0.05,S,26011169,17887071,0,16:11:32.178
000931.SZ,10:54:31.480,105431480,26011215,5.0,100,0.05,S,26011214,17887071,0,16:11:32.178
000931.SZ,10:54:31.880,105431880,26012077,5.01,100,0.0501,B,25437050,26012076,0,16:11:32.178
000931.SZ,10:54:36.090,105436090,26020392,0.0,100,0.0,?,0,25854543,0,16:11:32.412
000931.SZ,10:54:36.190,105436190,26020602,0.0,100,0.0,?,0,25841940,0,16:11:32.412
000931.SZ,10:54:36.280,105436280,26020763,5.01,100,0.0501,B,25437050,26020762,0,16:11:32.412
000931.SZ,10:54:36.380,105436380,26020967,5.01,100,0.0501,B,25437050,26020966,0,16:11:32.412
000931.SZ,10:54:38.880,105438880,26025196,5.01,100,0.0501,B,25437050,26025195,0,16:11:32.538
000931.SZ,10:54:38.970,105438970,26025328,5.01,100,0.0501,B,25437050,26025327,0,16:11:32.538
000931.SZ,10:54:43.360,105443360,26032984,5.01,300,0.1503,B,25437050,26032983,0,16:11:32.686
000931.SZ,10:54:43.370,105443370,26033021,0.0,100,0.0,?,25872078,0,0,16:11:32.686
000931.SZ,10:54:43.380,105443380,26033043,5.0,100,0.05,S,26033042,17887071,0,16:11:32.686
000931.SZ,10:54:53.200,105453200,26048454,5.01,300,0.1503,B,25437050,26048453,0,16:11:33.113
000931.SZ,10:54:53.200,105453200,26048455,5.01,200,0.1002,B,25445096,26048453,0,16:11:33.113
000931.SZ,10:55:00.900,105500900,26062475,5.0,4200,2.1,S,26062474,17887071,0,16:11:33.597
000931.SZ,10:55:01.530,105501530,26064372,5.0,1000,0.5,S,26064371,17887071,0,16:11:33.694
000931.SZ,10:55:04.520,105504520,26070493,5.0,500,0.25,S,26070492,17887071,0,16:11:33.828
000931.SZ,10:55:12.060,105512060,26084895,5.0,1517,0.7585,S,26084894,17887071,0,16:11:34.095
000931.SZ,10:55:12.060,105512060,26084896,5.0,383,0.1915,S,26084894,18562386,0,16:11:34.095
000931.SZ,10:55:21.100,105521100,26101968,0.0,700,0.0,?,0,470946,0,16:11:34.550
000931.SZ,10:56:16.570,105616570,26219711,5.0,517,0.2585,S,26219710,18562386,0,16:11:37.731
000931.SZ,10:56:16.570,105616570,26219712,5.0,100,0.05,S,26219710,18631441,0,16:11:37.731
000931.SZ,10:56:16.570,105616570,26219713,5.0,83,0.0415,S,26219710,18756564,0,16:11:37.731
000931.SZ,10:56:16.720,105616720,26220080,5.0,900,0.45,S,26220079,18756564,0,16:11:37.731
000931.SZ,10:56:18.590,105618590,26225041,5.0,600,0.3,S,26225040,18756564,0,16:11:37.822
000931.SZ,10:56:19.340,105619340,26227529,5.0,2617,1.3085,S,26227528,18756564,0,16:11:37.822
000931.SZ,10:56:19.340,105619340,26227530,5.0,700,0.35,S,26227528,18830525,0,16:11:37.822
000931.SZ,10:56:19.340,105619340,26227531,5.0,10000,5.0,S,26227528,19277704,0,16:11:37.822
000931.SZ,10:56:19.340,105619340,26227532,5.0,100,0.05,S,26227528,19412429,0,16:11:37.822
000931.SZ,10:56:19.340,105619340,26227533,5.0,1000,0.5,S,26227528,19563654,0,16:11:37.822
000931.SZ,10:56:19.340,105619340,26227534,5.0,483,0.2415,S,26227528,19899718,0,16:11:37.822
000931.SZ,10:56:19.340,105619340,26227568,5.0,1517,0.7585,S,26227567,19899718,0,16:11:37.822
000931.SZ,10:56:19.340,105619340,26227569,5.0,2000,1.0,S,26227567,19947734,0,16:11:37.822
000931.SZ,10:56:19.340,105619340,26227570,5.0,500,0.25,S,26227567,19997848,0,16:11:37.822
000931.SZ,10:56:19.340,105619340,26227571,5.0,1000,0.5,S,26227567,20052210,0,16:11:37.822
000931.SZ,10:56:19.340,105619340,26227572,5.0,5000,2.5,S,26227567,20192698,0,16:11:37.822
000931.SZ,10:56:19.340,105619340,26227573,5.0,200,0.1,S,26227567,20264307,0,16:11:37.822
000931.SZ,10:56:19.340,105619340,26227574,5.0,500,0.25,S,26227567,20312691,0,16:11:37.822
000931.SZ,10:56:19.340,105619340,26227575,5.0,200,0.1,S,26227567,20509709,0,16:11:37.822
000931.SZ,10:56:19.340,105619340,26227576,5.0,100,0.05,S,26227567,20570342,0,16:11:37.822
000931.SZ,10:56:19.340,105619340,26227577,5.0,10000,5.0,S,26227567,20590412,0,16:11:37.822
000931.SZ,10:56:19.340,105619340,26227578,5.0,1000,0.5,S,26227567,20610336,0,16:11:37.822
000931.SZ,10:56:19.340,105619340,26227579,5.0,500,0.25,S,26227567,20611988,0,16:11:37.822
000931.SZ,10:56:19.340,105619340,26227580,5.0,100,0.05,S,26227567,20623973,0,16:11:37.822
000931.SZ,10:56:19.340,105619340,26227581,5.0,100,0.05,S,26227567,20669133,0,16:11:37.822
000931.SZ,10:56:19.340,105619340,26227582,5.0,100,0.05,S,26227567,20814399,0,16:11:37.822
000931.SZ,10:56:19.340,105619340,26227583,5.0,300,0.15,S,26227567,20884225,0,16:11:37.822
000931.SZ,10:56:19.340,105619340,26227584,5.0,1000,0.5,S,26227567,20889609,0,16:11:37.822
000931.SZ,10:56:19.340,105619340,26227585,5.0,100,0.05,S,26227567,20918368,0,16:11:37.822
000931.SZ,10:56:19.340,105619340,26227586,5.0,500,0.25,S,26227567,20926257,0,16:11:37.822
000931.SZ,10:56:19.340,105619340,26227587,5.0,100,0.05,S,26227567,20940258,0,16:11:37.822
000931.SZ,10:56:19.340,105619340,26227588,5.0,1200,0.6,S,26227567,20945894,0,16:11:37.822
000931.SZ,10:56:19.340,105619340,26227589,5.0,1000,0.5,S,26227567,20982758,0,16:11:37.822
000931.SZ,10:56:19.340,105619340,26227590,5.0,900,0.45,S,26227567,21068986,0,16:11:37.822
000931.SZ,10:56:19.340,105619340,26227591,5.0,1000,0.5,S,26227567,21133144,0,16:11:37.822
000931.SZ,10:56:19.340,105619340,26227592,5.0,1000,0.5,S,26227567,21211987,0,16:11:37.822
000931.SZ,10:56:19.340,105619340,26227593,5.0,500,0.25,S,26227567,21253418,0,16:11:37.822
000931.SZ,10:56:19.340,105619340,26227594,5.0,1000,0.5,S,26227567,21474969,0,16:11:37.822
000931.SZ,10:56:19.340,105619340,26227595,5.0,600,0.3,S,26227567,21562690,0,16:11:37.822
000931.SZ,10:56:19.340,105619340,26227596,5.0,500,0.25,S,26227567,21610538,0,16:11:37.822
000931.SZ,10:56:19.340,105619340,26227597,5.0,1200,0.6,S,26227567,21628169,0,16:11:37.822
000931.SZ,10:56:19.340,105619340,26227598,5.0,1000,0.5,S,26227567,21630668,0,16:11:37.822
000931.SZ,10:56:19.340,105619340,26227599,5.0,1000,0.5,S,26227567,21938711,0,16:11:37.822
000931.SZ,10:56:19.340,105619340,26227600,5.0,28000,14.0,S,26227567,21981652,0,16:11:37.822
000931.SZ,10:56:19.340,105619340,26227601,5.0,3000,1.5,S,26227567,22114851,0,16:11:37.822
000931.SZ,10:56:19.340,105619340,26227602,5.0,200,0.1,S,26227567,22169239,0,16:11:37.822
000931.SZ,10:56:19.340,105619340,26227603,5.0,1000,0.5,S,26227567,22198231,0,16:11:37.822
000931.SZ,10:56:19.340,105619340,26227604,5.0,2000,1.0,S,26227567,22368757,0,16:11:37.822
000931.SZ,10:56:19.340,105619340,26227605,5.0,1000,0.5,S,26227567,22415067,0,16:11:37.822
000931.SZ,10:56:19.340,105619340,26227606,5.0,3000,1.5,S,26227567,22447350,0,16:11:37.822
000931.SZ,10:56:19.340,105619340,26227607,5.0,2000,1.0,S,26227567,22503153,0,16:11:37.822
000931.SZ,10:56:19.340,105619340,26227608,5.0,200,0.1,S,26227567,22527317,0,16:11:37.822
000931.SZ,10:56:19.340,105619340,26227609,5.0,5000,2.5,S,26227567,22867465,0,16:11:37.822
000931.SZ,10:56:19.340,105619340,26227610,5.0,500,0.25,S,26227567,22937548,0,16:11:37.822
000931.SZ,10:56:19.340,105619340,26227611,5.0,1000,0.5,S,26227567,23061390,0,16:11:37.822
000931.SZ,10:56:19.340,105619340,26227612,5.0,1000,0.5,S,26227567,23080935,0,16:11:37.822
000931.SZ,10:56:19.340,105619340,26227613,5.0,2000,1.0,S,26227567,23124251,0,16:11:37.822
000931.SZ,10:56:19.340,105619340,26227614,5.0,1000,0.5,S,26227567,23183161,0,16:11:37.822
000931.SZ,10:56:19.340,105619340,26227615,5.0,800,0.4,S,26227567,23257631,0,16:11:37.822
000931.SZ,10:56:19.340,105619340,26227616,5.0,12400,6.2,S,26227567,23354338,0,16:11:37.822
000931.SZ,10:56:19.340,105619340,26227617,5.0,900,0.45,S,26227567,23363548,0,16:11:37.822
000931.SZ,10:56:19.340,105619340,26227618,5.0,1000,0.5,S,26227567,23475548,0,16:11:37.822
000931.SZ,10:56:19.340,105619340,26227619,5.0,1000,0.5,S,26227567,23475686,0,16:11:37.822
000931.SZ,10:56:19.340,105619340,26227620,5.0,1000,0.5,S,26227567,23564632,0,16:11:37.822
000931.SZ,10:56:19.340,105619340,26227621,5.0,400,0.2,S,26227567,23623716,0,16:11:37.822
000931.SZ,10:56:19.340,105619340,26227622,5.0,500,0.25,S,26227567,23671891,0,16:11:37.822
000931.SZ,10:56:19.340,105619340,26227623,5.0,5000,2.5,S,26227567,23729335,0,16:11:37.822
000931.SZ,10:56:19.340,105619340,26227624,5.0,2000,1.0,S,26227567,23755582,0,16:11:37.822
000931.SZ,10:56:19.340,105619340,26227625,5.0,3000,1.5,S,26227567,23758145,0,16:11:37.822
000931.SZ,10:56:19.340,105619340,26227626,5.0,5000,2.5,S,26227567,23780455,0,16:11:37.822
000931.SZ,10:56:19.340,105619340,26227627,5.0,100,0.05,S,26227567,23808009,0,16:11:37.822
000931.SZ,10:56:19.340,105619340,26227628,5.0,1000,0.5,S,26227567,23890936,0,16:11:37.822
000931.SZ,10:56:19.340,105619340,26227629,5.0,200,0.1,S,26227567,24116753,0,16:11:37.822
000931.SZ,10:56:19.340,105619340,26227630,5.0,10000,5.0,S,26227567,24129585,0,16:11:37.822
000931.SZ,10:56:19.340,105619340,26227631,5.0,10000,5.0,S,26227567,24164746,0,16:11:37.822
000931.SZ,10:56:19.340,105619340,26227632,5.0,10000,5.0,S,26227567,24167379,0,16:11:37.822
000931.SZ,10:56:19.340,105619340,26227633,5.0,500,0.25,S,26227567,24303803,0,16:11:37.822
000931.SZ,10:56:19.340,105619340,26227634,5.0,1000,0.5,S,26227567,24316691,0,16:11:37.822
000931.SZ,10:56:19.340,105619340,26227635,5.0,7200,3.6,S,26227567,24327296,0,16:11:37.822
000931.SZ,10:56:19.340,105619340,26227636,5.0,300,0.15,S,26227567,24375203,0,16:11:37.822
000931.SZ,10:56:19.340,105619340,26227637,5.0,300,0.15,S,26227567,24383380,0,16:11:37.822
000931.SZ,10:56:19.340,105619340,26227638,5.0,2000,1.0,S,26227567,24426718,0,16:11:37.822
000931.SZ,10:56:19.340,105619340,26227639,5.0,10000,5.0,S,26227567,24663707,0,16:11:37.822
000931.SZ,10:56:19.340,105619340,26227640,5.0,100,0.05,S,26227567,24672380,0,16:11:37.822
000931.SZ,10:56:19.340,105619340,26227641,5.0,2000,1.0,S,26227567,24774750,0,16:11:37.822
000931.SZ,10:56:19.340,105619340,26227642,5.0,200,0.1,S,26227567,24918735,0,16:11:37.822
000931.SZ,10:56:19.340,105619340,26227643,5.0,10000,5.0,S,26227567,24927566,0,16:11:37.822
000931.SZ,10:56:19.340,105619340,26227644,5.0,400,0.2,S,26227567,24959709,0,16:11:37.822
000931.SZ,10:56:19.340,105619340,26227645,5.0,500,0.25,S,26227567,24972443,0,16:11:37.822
000931.SZ,10:56:19.340,105619340,26227646,5.0,2000,1.0,S,26227567,24989667,0,16:11:37.822
000931.SZ,10:56:19.340,105619340,26227647,5.0,100,0.05,S,26227567,24992545,0,16:11:37.822
000931.SZ,10:56:19.340,105619340,26227648,5.0,500,0.25,S,26227567,25002003,0,16:11:37.822
000931.SZ,10:56:19.340,105619340,26227649,5.0,200,0.1,S,26227567,25062490,0,16:11:37.822
000931.SZ,10:56:19.340,105619340,26227650,5.0,100,0.05,S,26227567,25077619,0,16:11:37.822
000931.SZ,10:56:19.340,105619340,26227651,5.0,800,0.4,S,26227567,25121962,0,16:11:37.822
000931.SZ,10:56:19.340,105619340,26227652,5.0,100,0.05,S,26227567,25130499,0,16:11:37.822
000931.SZ,10:56:19.340,105619340,26227653,5.0,1200,0.6,S,26227567,25131002,0,16:11:37.822
000931.SZ,10:56:19.340,105619340,26227654,5.0,1000,0.5,S,26227567,25143330,0,16:11:37.822
000931.SZ,10:56:19.340,105619340,26227655,5.0,100,0.05,S,26227567,25143985,0,16:11:37.822
000931.SZ,10:56:19.340,105619340,26227656,5.0,200,0.1,S,26227567,25191170,0,16:11:37.822
000931.SZ,10:56:19.340,105619340,26227657,5.0,800,0.4,S,26227567,25204068,0,16:11:37.822
000931.SZ,10:56:19.340,105619340,26227658,5.0,1600,0.8,S,26227567,25230919,0,16:11:37.822
000931.SZ,10:56:19.340,105619340,26227659,5.0,3900,1.95,S,26227567,25237640,0,16:11:37.822
000931.SZ,10:56:19.340,105619340,26227660,5.0,600,0.3,S,26227567,25248477,0,16:11:37.822
000931.SZ,10:56:19.340,105619340,26227661,5.0,100,0.05,S,26227567,25250388,0,16:11:37.822
000931.SZ,10:56:19.340,105619340,26227662,5.0,1400,0.7,S,26227567,25259516,0,16:11:37.822
000931.SZ,10:56:19.340,105619340,26227663,5.0,100,0.05,S,26227567,25273008,0,16:11:37.822
000931.SZ,10:56:19.340,105619340,26227664,5.0,800,0.4,S,26227567,25281929,0,16:11:37.822
000931.SZ,10:56:19.340,105619340,26227665,5.0,800,0.4,S,26227567,25288772,0,16:11:37.822
000931.SZ,10:56:19.340,105619340,26227666,5.0,100,0.05,S,26227567,25310975,0,16:11:37.822
000931.SZ,10:56:19.340,105619340,26227667,5.0,1000,0.5,S,26227567,25312418,0,16:11:37.822
000931.SZ,10:56:19.340,105619340,26227668,5.0,2500,1.25,S,26227567,25318914,0,16:11:37.822
000931.SZ,10:56:19.340,105619340,26227669,5.0,200,0.1,S,26227567,25366471,0,16:11:37.822
000931.SZ,10:56:19.340,105619340,26227670,5.0,600,0.3,S,26227567,25428871,0,16:11:37.822
000931.SZ,10:56:19.340,105619340,26227671,5.0,100,0.05,S,26227567,25430014,0,16:11:37.822
000931.SZ,10:56:19.340,105619340,26227672,5.0,3600,1.8,S,26227567,25442819,0,16:11:37.822
000931.SZ,10:56:19.340,105619340,26227673,5.0,300,0.15,S,26227567,25444983,0,16:11:37.822
000931.SZ,10:56:19.340,105619340,26227674,5.0,3500,1.75,S,26227567,25444984,0,16:11:37.822
000931.SZ,10:56:19.340,105619340,26227675,5.0,3600,1.8,S,26227567,25445006,0,16:11:37.822
000931.SZ,10:56:19.340,105619340,26227676,5.0,800,0.4,S,26227567,25453023,0,16:11:37.822
000931.SZ,10:56:19.340,105619340,26227677,5.0,400,0.2,S,26227567,25459327,0,16:11:37.822
000931.SZ,10:56:19.340,105619340,26227678,5.0,200,0.1,S,26227567,25495275,0,16:11:37.822
000931.SZ,10:56:19.340,105619340,26227679,5.0,1100,0.55,S,26227567,25520498,0,16:11:37.822
000931.SZ,10:56:19.340,105619340,26227680,5.0,800,0.4,S,26227567,25520941,0,16:11:37.822
000931.SZ,10:56:19.340,105619340,26227681,5.0,100,0.05,S,26227567,25556597,0,16:11:37.822
000931.SZ,10:56:19.340,105619340,26227682,5.0,300,0.15,S,26227567,25562109,0,16:11:37.822
000931.SZ,10:56:19.340,105619340,26227683,5.0,3500,1.75,S,26227567,25577789,0,16:11:37.822
000931.SZ,10:56:19.340,105619340,26227684,5.0,800,0.4,S,26227567,25584131,0,16:11:37.822
000931.SZ,10:56:19.340,105619340,26227685,5.0,1000,0.5,S,26227567,25602517,0,16:11:37.822
000931.SZ,10:56:19.340,105619340,26227686,5.0,1100,0.55,S,26227567,25608829,0,16:11:37.822
000931.SZ,10:56:19.340,105619340,26227687,5.0,200,0.1,S,26227567,25614268,0,16:11:37.822
000931.SZ,10:56:19.340,105619340,26227688,5.0,1500,0.75,S,26227567,25624002,0,16:11:37.822
000931.SZ,10:56:19.340,105619340,26227689,5.0,2000,1.0,S,26227567,25662089,0,16:11:37.822
000931.SZ,10:56:19.340,105619340,26227690,5.0,100,0.05,S,26227567,25672861,0,16:11:37.822
000931.SZ,10:56:19.340,105619340,26227691,5.0,200,0.1,S,26227567,25727136,0,16:11:37.822
000931.SZ,10:56:19.340,105619340,26227692,5.0,100,0.05,S,26227567,25732004,0,16:11:37.822
000931.SZ,10:56:19.340,105619340,26227693,5.0,100,0.05,S,26227567,25732213,0,16:11:37.822
000931.SZ,10:56:19.340,105619340,26227694,5.0,200,0.1,S,26227567,25757221,0,16:11:37.822
000931.SZ,10:56:19.340,105619340,26227695,5.0,1000,0.5,S,26227567,25813410,0,16:11:37.822
000931.SZ,10:56:19.340,105619340,26227696,5.0,100,0.05,S,26227567,25827761,0,16:11:37.822
000931.SZ,10:56:19.340,105619340,26227697,5.0,700,0.35,S,26227567,25851333,0,16:11:37.822
000931.SZ,10:56:19.340,105619340,26227698,5.0,100,0.05,S,26227567,25888220,0,16:11:37.822
000931.SZ,10:56:19.340,105619340,26227699,5.0,5000,2.5,S,26227567,25898240,0,16:11:37.822
000931.SZ,10:56:19.340,105619340,26227700,5.0,800,0.4,S,26227567,25911264,0,16:11:37.822
000931.SZ,10:56:19.340,105619340,26227701,5.0,3000,1.5,S,26227567,25926538,0,16:11:37.822
000931.SZ,10:56:19.340,105619340,26227702,5.0,2000,1.0,S,26227567,25926822,0,16:11:37.822
000931.SZ,10:56:19.340,105619340,26227703,5.0,1000,0.5,S,26227567,25935009,0,16:11:37.822
000931.SZ,10:56:19.340,105619340,26227704,5.0,200,0.1,S,26227567,25938922,0,16:11:37.822
000931.SZ,10:56:19.340,105619340,26227705,5.0,100,0.05,S,26227567,25966970,0,16:11:37.822
000931.SZ,10:56:19.340,105619340,26227706,5.0,100,0.05,S,26227567,26001079,0,16:11:37.822
000931.SZ,10:56:19.340,105619340,26227707,5.0,1600,0.8,S,26227567,26001186,0,16:11:37.822
000931.SZ,10:56:19.340,105619340,26227708,5.0,300,0.15,S,26227567,26002173,0,16:11:37.822
000931.SZ,10:56:19.340,105619340,26227709,5.0,900,0.45,S,26227567,26003334,0,16:11:37.822
000931.SZ,10:56:19.340,105619340,26227710,5.0,200,0.1,S,26227567,26003950,0,16:11:37.822
000931.SZ,10:56:19.340,105619340,26227711,5.0,200,0.1,S,26227567,26004963,0,16:11:37.822
000931.SZ,10:56:19.340,105619340,26227712,5.0,200,0.1,S,26227567,26007164,0,16:11:37.822
000931.SZ,10:56:19.340,105619340,26227713,5.0,1200,0.6,S,26227567,26007193,0,16:11:37.822
000931.SZ,10:56:19.340,105619340,26227714,5.0,300,0.15,S,26227567,26018610,0,16:11:37.822
000931.SZ,10:56:19.340,105619340,26227715,5.0,200,0.1,S,26227567,26057129,0,16:11:37.822
000931.SZ,10:56:19.340,105619340,26227716,5.0,1100,0.55,S,26227567,26105491,0,16:11:37.914
000931.SZ,10:56:19.340,105619340,26227717,5.0,1000,0.5,S,26227567,26105971,0,16:11:37.914
000931.SZ,10:56:19.340,105619340,26227718,5.0,100,0.05,S,26227567,26115760,0,16:11:37.914
000931.SZ,10:56:19.340,105619340,26227719,5.0,500,0.25,S,26227567,26136768,0,16:11:37.914
000931.SZ,10:56:19.340,105619340,26227720,5.0,2700,1.35,S,26227567,26154475,0,16:11:37.914
000931.SZ,10:56:19.340,105619340,26227721,5.0,1400,0.7,S,26227567,26155906,0,16:11:37.914
000931.SZ,10:56:19.340,105619340,26227722,5.0,200,0.1,S,26227567,26173248,0,16:11:37.914
000931.SZ,10:56:19.340,105619340,26227723,5.0,183,0.0915,S,26227567,26175118,0,16:11:37.914
000931.SZ,10:56:19.340,105619340,26227730,5.0,17,0.0085,S,26227729,26175118,0,16:11:37.914
000931.SZ,10:56:19.350,105619350,26227767,0.0,7500,0.0,?,25892406,0,0,16:11:37.914
000931.SZ,10:56:19.350,105619350,26227770,0.0,1400,0.0,?,25892408,0,0,16:11:37.914
000931.SZ,10:56:19.430,105619430,26228398,0.0,1000,0.0,?,25944429,0,0,16:11:37.914
000931.SZ,10:56:19.430,105619430,26228402,0.0,1000,0.0,?,25935109,0,0,16:11:37.914
000931.SZ,10:56:19.430,105619430,26228406,0.0,1000,0.0,?,26139599,0,0,16:11:37.914
000931.SZ,10:56:19.460,105619460,26228533,0.0,1000,0.0,?,25933904,0,0,16:11:37.914
000931.SZ,10:56:19.530,105619530,26228736,0.0,500,0.0,?,25789474,0,0,16:11:37.914
000931.SZ,10:56:19.530,105619530,26228738,0.0,200,0.0,?,25789481,0,0,16:11:37.914
000931.SZ,10:56:19.530,105619530,26228739,0.0,500,0.0,?,25789480,0,0,16:11:37.914
000931.SZ,10:56:19.530,105619530,26228740,0.0,100,0.0,?,25789478,0,0,16:11:37.914
000931.SZ,10:56:19.530,105619530,26228741,0.0,100,0.0,?,25789476,0,0,16:11:37.914
000931.SZ,10:56:19.530,105619530,26228742,0.0,300,0.0,?,25789475,0,0,16:11:37.914
000931.SZ,10:56:19.530,105619530,26228744,0.0,100,0.0,?,25789487,0,0,16:11:37.914
000931.SZ,10:56:19.530,105619530,26228745,0.0,200,0.0,?,25789488,0,0,16:11:37.914
000931.SZ,10:56:19.540,105619540,26228758,0.0,500,0.0,?,25789509,0,0,16:11:37.914
000931.SZ,10:56:19.540,105619540,26228760,0.0,300,0.0,?,25789513,0,0,16:11:37.914
000931.SZ,10:56:19.560,105619560,26228803,0.0,300,0.0,?,25789577,0,0,16:11:37.914
000931.SZ,10:56:21.310,105621310,26233659,4.99,2200,1.0978,S,26233658,998424,0,16:11:37.982
000931.SZ,10:56:21.310,105621310,26233660,4.99,2200,1.0978,S,26233658,6887347,0,16:11:37.982
000931.SZ,10:56:21.310,105621310,26233661,4.99,2500,1.2475,S,26233658,6933695,0,16:11:37.982
000931.SZ,10:56:21.310,105621310,26233662,4.99,900,0.4491,S,26233658,9836007,0,16:11:37.982
000931.SZ,10:56:21.320,105621320,26233858,0.0,600,0.0,?,25484308,0,0,16:11:37.982
000931.SZ,10:56:21.320,105621320,26233859,0.0,600,0.0,?,25488945,0,0,16:11:37.982
000931.SZ,10:56:21.400,105621400,26234327,4.99,100,0.0499,S,26234326,9836007,0,16:11:37.982
000931.SZ,10:56:21.430,105621430,26234378,0.0,900,0.0,?,19696382,0,0,16:11:37.982
000931.SZ,10:56:21.430,105621430,26234379,0.0,1000,0.0,?,19000423,0,0,16:11:37.982
000931.SZ,10:56:21.430,105621430,26234380,0.0,900,0.0,?,22649863,0,0,16:11:37.982
000931.SZ,10:56:21.500,105621500,26234506,0.0,300,0.0,?,25448299,0,0,16:11:37.982
000931.SZ,10:56:22.410,105622410,26237306,0.0,100,0.0,?,26227741,0,0,16:11:38.136
000931.SZ,10:56:22.510,105622510,26237690,0.0,5600,0.0,?,26233657,0,0,16:11:38.136
000931.SZ,10:56:22.520,105622520,26237711,4.99,300,0.1497,S,26237710,9836007,0,16:11:38.136
000931.SZ,10:56:22.530,105622530,26237755,0.0,100,0.0,?,26227751,0,0,16:11:38.136
000931.SZ,10:56:23.140,105623140,26239189,0.0,100,0.0,?,26227779,0,0,16:11:38.136
000931.SZ,10:56:23.310,105623310,26239579,0.0,100,0.0,?,26227744,0,0,16:11:38.136
000931.SZ,10:56:24.120,105624120,26241008,0.0,100,0.0,?,26227749,0,0,16:11:38.136
000931.SZ,10:56:24.530,105624530,26241999,0.0,100,0.0,?,26227742,0,0,16:11:38.274
000931.SZ,10:56:24.770,105624770,26242498,0.0,100,0.0,?,26227971,0,0,16:11:38.274
000931.SZ,10:56:25.640,105625640,26245076,0.0,100,0.0,?,26227739,0,0,16:11:38.274
000931.SZ,10:56:25.820,105625820,26245504,0.0,100,0.0,?,26227745,0,0,16:11:38.274
000931.SZ,10:56:25.990,105625990,26245933,0.0,100,0.0,?,26227743,0,0,16:11:38.274
000931.SZ,10:56:26.160,105626160,26246250,0.0,100,0.0,?,26227879,0,0,16:11:38.274
000931.SZ,10:56:26.810,105626810,26247783,0.0,100,0.0,?,26227740,0,0,16:11:38.432
000931.SZ,10:56:26.900,105626900,26247989,0.0,100,0.0,?,26227747,0,0,16:11:38.432
000931.SZ,10:56:27.480,105627480,26250111,4.99,100,0.0499,S,26250110,9836007,0,16:11:38.432
000931.SZ,10:56:27.480,105627480,26250127,0.0,4100,0.0,?,26227764,0,0,16:11:38.432
000931.SZ,10:56:28.320,105628320,26252511,0.0,100,0.0,?,26227748,0,0,16:11:38.432
000931.SZ,10:56:29.350,105629350,26254729,0.0,21300,0.0,?,26227892,0,0,16:11:38.588
000931.SZ,10:56:29.350,105629350,26254730,0.0,29500,0.0,?,26227757,0,0,16:11:38.588
000931.SZ,10:56:29.350,105629350,26254732,0.0,12000,0.0,?,26227758,0,0,16:11:38.588
000931.SZ,10:56:29.350,105629350,26254733,0.0,7400,0.0,?,26227893,0,0,16:11:38.588
000931.SZ,10:56:29.350,105629350,26254735,0.0,14200,0.0,?,26227899,0,0,16:11:38.588
000931.SZ,10:56:29.360,105629360,26254756,0.0,1000,0.0,?,26227888,0,0,16:11:38.588
000931.SZ,10:56:29.360,105629360,26254758,0.0,100,0.0,?,25849129,0,0,16:11:38.588
000931.SZ,10:56:29.360,105629360,26254759,0.0,4200,0.0,?,26227890,0,0,16:11:38.588
000931.SZ,10:56:29.360,105629360,26254760,0.0,4100,0.0,?,26227900,0,0,16:11:38.588
000931.SZ,10:56:29.360,105629360,26254761,0.0,18700,0.0,?,26227891,0,0,16:11:38.588
000931.SZ,10:56:29.360,105629360,26254762,0.0,3900,0.0,?,26227897,0,0,16:11:38.588
000931.SZ,10:56:29.360,105629360,26254763,0.0,7700,0.0,?,25849146,0,0,16:11:38.588
000931.SZ,10:56:29.360,105629360,26254764,0.0,7100,0.0,?,26227889,0,0,16:11:38.588
000931.SZ,10:56:29.360,105629360,26254765,0.0,3900,0.0,?,26227901,0,0,16:11:38.588
000931.SZ,10:56:29.360,105629360,26254766,0.0,4900,0.0,?,25849145,0,0,16:11:38.588
000931.SZ,10:56:29.360,105629360,26254767,0.0,13300,0.0,?,25871702,0,0,16:11:38.588
000931.SZ,10:56:29.360,105629360,26254768,0.0,28800,0.0,?,26227763,0,0,16:11:38.588
000931.SZ,10:56:29.360,105629360,26254769,0.0,5400,0.0,?,26227761,0,0,16:11:38.588
000931.SZ,10:56:29.360,105629360,26254770,0.0,8800,0.0,?,26227760,0,0,16:11:38.588
000931.SZ,10:56:29.360,105629360,26254771,0.0,1600,0.0,?,26227762,0,0,16:11:38.588
000931.SZ,10:56:29.360,105629360,26254773,0.0,18100,0.0,?,26228112,0,0,16:11:38.588
000931.SZ,10:56:29.370,105629370,26254776,0.0,8700,0.0,?,26227776,0,0,16:11:38.588
000931.SZ,10:56:29.370,105629370,26254777,0.0,32500,0.0,?,26227783,0,0,16:11:38.588
000931.SZ,10:56:29.440,105629440,26254902,0.0,200,0.0,?,25907886,0,0,16:11:38.588
000931.SZ,10:56:29.440,105629440,26254903,0.0,200,0.0,?,25907885,0,0,16:11:38.588
000931.SZ,10:56:29.440,105629440,26254904,0.0,100,0.0,?,25907887,0,0,16:11:38.588
000931.SZ,10:56:29.440,105629440,26254905,0.0,100,0.0,?,25907888,0,0,16:11:38.588
000931.SZ,10:56:29.440,105629440,26254906,0.0,100,0.0,?,25907889,0,0,16:11:38.588
000931.SZ,10:56:29.440,105629440,26254907,0.0,200,0.0,?,25907890,0,0,16:11:38.588
000931.SZ,10:56:29.440,105629440,26254908,0.0,300,0.0,?,25907891,0,0,16:11:38.588
000931.SZ,10:56:29.440,105629440,26254909,0.0,100,0.0,?,25907892,0,0,16:11:38.588
000931.SZ,10:56:29.460,105629460,26254936,0.0,300,0.0,?,25907953,0,0,16:11:38.588
000931.SZ,10:56:29.460,105629460,26254937,0.0,100,0.0,?,25907956,0,0,16:11:38.588
000931.SZ,10:56:29.460,105629460,26254938,0.0,300,0.0,?,25907954,0,0,16:11:38.588
000931.SZ,10:56:29.460,105629460,26254939,0.0,100,0.0,?,25907958,0,0,16:11:38.588
000931.SZ,10:56:29.460,105629460,26254940,0.0,400,0.0,?,25907955,0,0,16:11:38.588
000931.SZ,10:56:29.460,105629460,26254941,0.0,300,0.0,?,25907957,0,0,16:11:38.588
000931.SZ,10:56:29.460,105629460,26254942,0.0,100,0.0,?,25907959,0,0,16:11:38.588
000931.SZ,10:56:29.460,105629460,26254949,0.0,100,0.0,?,25907960,0,0,16:11:38.588
000931.SZ,10:56:29.470,105629470,26254995,0.0,100,0.0,?,25907976,0,0,16:11:38.588
000931.SZ,10:56:30.260,105630260,26256413,0.0,5500,0.0,?,26244409,0,0,16:11:38.588
000931.SZ,10:56:32.350,105632350,26268123,0.0,7883,0.0,?,26227729,0,0,16:11:38.744
000931.SZ,10:56:34.130,105634130,26276075,0.0,100,0.0,?,24506773,0,0,16:11:38.990
000931.SZ,10:56:34.130,105634130,26276076,0.0,100,0.0,?,25062769,0,0,16:11:38.990
000931.SZ,10:56:34.130,105634130,26276077,0.0,100,0.0,?,25310146,0,0,16:11:38.990
000931.SZ,10:56:34.130,105634130,26276078,0.0,100,0.0,?,26140923,0,0,16:11:38.990
000931.SZ,10:56:34.860,105634860,26279431,0.0,5400,0.0,?,26258644,0,0,16:11:38.990
000931.SZ,10:56:42.720,105642720,26300721,0.0,18900,0.0,?,15662210,0,0,16:11:39.554
000931.SZ,10:56:46.950,105646950,26308864,0.0,3500,0.0,?,19832226,0,0,16:11:39.694
000931.SZ,10:56:53.230,105653230,26319380,4.99,2200,1.0978,S,26319379,9836007,0,16:11:39.973
000931.SZ,10:56:53.230,105653230,26319381,4.99,600,0.2994,S,26319379,10391809,0,16:11:39.973
000931.SZ,10:56:56.470,105656470,26325062,4.99,3200,1.5968,S,26325061,10391809,0,16:11:40.270
000931.SZ,10:56:56.470,105656470,26325063,4.99,800,0.3992,S,26325061,12077949,0,16:11:40.270
000931.SZ,10:56:56.470,105656470,26325064,4.99,4000,1.996,S,26325061,12131205,0,16:11:40.270
000931.SZ,10:56:56.470,105656470,26325065,4.99,1000,0.499,S,26325061,12405207,0,16:11:40.270
000931.SZ,10:56:56.470,105656470,26325066,4.99,2000,0.998,S,26325061,12600514,0,16:11:40.270
000931.SZ,10:56:56.470,105656470,26325067,4.99,3900,1.9461,S,26325061,12642794,0,16:11:40.270
000931.SZ,10:56:57.220,105657220,26326081,0.0,800,0.0,?,25765493,0,0,16:11:40.270
000931.SZ,10:56:57.220,105657220,26326082,0.0,100,0.0,?,25765500,0,0,16:11:40.270
000931.SZ,10:57:03.550,105703550,26338394,0.0,100,0.0,?,25846472,0,0,16:11:40.615
000931.SZ,10:57:03.900,105703900,26339083,0.0,200,0.0,?,25846417,0,0,16:11:40.615
000931.SZ,10:57:06.450,105706450,26343873,0.0,100,0.0,?,25857206,0,0,16:11:40.772
000931.SZ,10:57:11.630,105711630,26352984,0.0,500,0.0,?,0,21025538,0,16:11:41.066
000931.SZ,10:57:11.810,105711810,26353174,4.99,400,0.1996,S,26353173,12642794,0,16:11:41.066
000931.SZ,10:57:15.440,105715440,26359581,0.0,1000,0.0,?,0,14097820,0,16:11:41.158
000931.SZ,10:57:18.510,105718510,26366016,5.0,500,0.25,B,26227746,26366015,0,16:11:41.442
000931.SZ,10:57:20.070,105720070,26369319,0.0,100,0.0,?,24348857,0,0,16:11:41.442
000931.SZ,10:57:20.070,105720070,26369320,0.0,100,0.0,?,26276086,0,0,16:11:41.442
000931.SZ,10:57:20.090,105720090,26369341,4.99,200,0.0998,S,26369340,12642794,0,16:11:41.442
000931.SZ,10:57:24.750,105724750,26377897,5.0,10200,5.1,B,26227746,26377896,0,16:11:41.709
000931.SZ,10:57:24.750,105724750,26377898,5.0,7500,3.75,B,26227750,26377896,0,16:11:41.709
000931.SZ,10:57:24.750,105724750,26377907,5.0,2700,1.35,B,26227750,26377906,0,16:11:41.709
000931.SZ,10:57:24.750,105724750,26377908,0.0,10000,0.0,?,26227753,0,0,16:11:41.709
000931.SZ,10:57:24.780,105724780,26378033,5.0,600,0.3,B,26227750,26378032,0,16:11:41.709
000931.SZ,10:57:24.780,105724780,26378057,0.0,600,0.0,?,25606740,0,0,16:11:41.709
000931.SZ,10:57:25.310,105725310,26378914,5.0,100,0.05,B,26227750,26378913,0,16:11:41.709
000931.SZ,10:57:25.330,105725330,26378931,5.0,100,0.05,B,26227750,26378930,0,16:11:41.709
000931.SZ,10:57:28.080,105728080,26383293,0.0,500,0.0,?,25837971,0,0,16:11:41.806
000931.SZ,10:57:28.100,105728100,26383398,5.0,1100,0.55,B,26227750,26383397,0,16:11:41.806
000931.SZ,10:57:35.010,105735010,26394564,0.0,5700,0.0,?,26384810,0,0,16:11:42.125
000931.SZ,10:57:36.830,105736830,26397482,5.0,2000,1.0,B,26227750,26397481,0,16:11:42.125
000931.SZ,10:57:38.530,105738530,26400517,5.0,100,0.05,B,26227750,26400516,0,16:11:42.298
000931.SZ,10:57:38.560,105738560,26400555,5.0,1700,0.85,B,26227750,26400554,0,16:11:42.298
000931.SZ,10:57:40.470,105740470,26404830,0.0,443000,0.0,?,24041350,0,0,16:11:42.440
000931.SZ,10:57:40.500,105740500,26404930,5.0,100,0.05,B,26227750,26404929,0,16:11:42.440
000931.SZ,10:57:40.520,105740520,26404974,5.0,100,0.05,B,26227750,26404973,0,16:11:42.440
000931.SZ,10:57:42.240,105742240,26407891,5.0,100,0.05,B,26227750,26407890,0,16:11:42.440
000931.SZ,10:57:42.270,105742270,26407936,5.0,100,0.05,B,26227750,26407935,0,16:11:42.440
000931.SZ,10:57:45.310,105745310,26413186,5.0,100,0.05,B,26227750,26413185,0,16:11:42.612
000931.SZ,10:57:46.700,105746700,26415869,0.0,32800,0.0,?,26227750,0,0,16:11:42.751
000931.SZ,10:57:46.750,105746750,26415916,5.0,300,0.15,B,26227759,26415915,0,16:11:42.751
000931.SZ,10:57:48.200,105748200,26418003,5.0,200,0.1,B,26227771,26418002,0,16:11:42.751
000931.SZ,10:57:48.200,105748200,26418004,5.0,500,0.25,B,26227898,26418002,0,16:11:42.751
000931.SZ,10:57:48.220,105748220,26418035,5.0,400,0.2,B,26228147,26418034,0,16:11:42.751
000931.SZ,10:57:48.220,105748220,26418037,5.0,300,0.15,B,26228147,26418036,0,16:11:42.751
000931.SZ,10:57:48.220,105748220,26418039,5.0,400,0.2,B,26228147,26418038,0,16:11:42.751
000931.SZ,10:57:48.220,105748220,26418040,5.0,200,0.1,B,26228222,26418038,0,16:11:42.751
000931.SZ,10:57:48.230,105748230,26418058,0.0,3600,0.0,?,25695930,0,0,16:11:42.751
000931.SZ,10:57:50.980,105750980,26422204,0.0,700,0.0,?,25557755,0,0,16:11:43.030
000931.SZ,10:57:56.080,105756080,26430559,5.0,200,0.1,B,26228222,26430558,0,16:11:43.155
000931.SZ,10:57:58.150,105758150,26433951,0.0,5600,0.0,?,26400222,0,0,16:11:43.155
000931.SZ,10:58:01.740,105801740,26443106,4.99,500,0.2495,S,26443105,12642794,0,16:11:43.594
000931.SZ,10:58:01.740,105801740,26443107,4.99,1700,0.8483,S,26443105,15009812,0,16:11:43.594
000931.SZ,10:58:03.610,105803610,26449610,0.0,200,0.0,?,0,26399720,0,16:11:43.594
000931.SZ,10:58:05.080,105805080,26452893,0.0,16700,0.0,?,26448610,0,0,16:11:43.723
000931.SZ,10:58:06.290,105806290,26455540,0.0,5400,0.0,?,26443103,0,0,16:11:43.723
000931.SZ,10:58:10.770,105810770,26463562,5.0,2000,1.0,B,26228222,26463561,0,16:11:44.012
000931.SZ,10:58:11.320,105811320,26464468,0.0,5300,0.0,?,26459914,0,0,16:11:44.012
000931.SZ,10:58:12.010,105812010,26465364,0.0,1100,0.0,?,25868126,0,0,16:11:44.012
000931.SZ,10:58:15.120,105815120,26470342,0.0,5200,0.0,?,26466191,0,0,16:11:44.123
000931.SZ,10:58:18.540,105818540,26476280,4.99,300,0.1497,S,26476279,15009812,0,16:11:44.359
000931.SZ,10:58:18.540,105818540,26476281,4.99,500,0.2495,S,26476279,15031577,0,16:11:44.359
000931.SZ,10:58:18.540,105818540,26476282,4.99,500,0.2495,S,26476279,15518361,0,16:11:44.359
000931.SZ,10:58:18.540,105818540,26476283,4.99,5000,2.495,S,26476279,17840462,0,16:11:44.359
000931.SZ,10:58:18.540,105818540,26476284,4.99,10500,5.2395,S,26476279,18102668,0,16:11:44.359
000931.SZ,10:58:19.820,105819820,26478508,0.0,1900,0.0,?,26381329,0,0,16:11:44.359
000931.SZ,10:58:19.850,105819850,26478569,0.0,5100,0.0,?,26472509,0,0,16:11:44.359
000931.SZ,10:58:20.810,105820810,26480323,4.99,1900,0.9481,S,26480322,18102668,0,16:11:44.497
000931.SZ,10:58:20.980,105820980,26480538,4.99,700,0.3493,S,26480537,18102668,0,16:11:44.497
000931.SZ,10:58:27.270,105827270,26490478,4.99,400,0.1996,S,26490477,18102668,0,16:11:44.749
000931.SZ,10:58:27.270,105827270,26490479,4.99,400,0.1996,S,26490477,18365995,0,16:11:44.749
000931.SZ,10:58:29.230,105829230,26494094,0.0,100,0.0,?,26474125,0,0,16:11:44.915
000931.SZ,10:58:29.230,105829230,26494095,0.0,900,0.0,?,26474129,0,0,16:11:44.915
000931.SZ,10:58:29.230,105829230,26494096,0.0,7900,0.0,?,26474134,0,0,16:11:44.915
000931.SZ,10:58:29.230,105829230,26494097,0.0,9700,0.0,?,26474136,0,0,16:11:44.915
000931.SZ,10:58:29.230,105829230,26494098,0.0,17900,0.0,?,26474128,0,0,16:11:44.915
000931.SZ,10:58:29.330,105829330,26494287,4.99,1200,0.5988,S,26494286,18365995,0,16:11:44.915
000931.SZ,10:58:36.170,105836170,26505242,0.0,1000,0.0,?,0,25836666,0,16:11:45.213
000931.SZ,10:58:39.140,105839140,26510733,0.0,700,0.0,?,0,26238384,0,16:11:45.213
000931.SZ,10:58:39.240,105839240,26510932,5.0,700,0.35,B,26228222,26510931,0,16:11:45.354
000931.SZ,10:58:42.110,105842110,26517300,0.0,2100,0.0,?,0,21131938,0,16:11:45.354
000931.SZ,10:58:43.550,105843550,26521142,5.0,1400,0.7,B,26228222,26521141,0,16:11:45.495
000931.SZ,10:58:43.550,105843550,26521143,5.0,1000,0.5,B,26237911,26521141,0,16:11:45.495
000931.SZ,10:58:43.550,105843550,26521144,5.0,1300,0.65,B,26238287,26521141,0,16:11:45.495
000931.SZ,10:58:43.550,105843550,26521145,5.0,900,0.45,B,26241763,26521141,0,16:11:45.495
000931.SZ,10:58:43.550,105843550,26521146,5.0,400,0.2,B,26250077,26521141,0,16:11:45.495
000931.SZ,10:58:43.750,105843750,26521494,0.0,1000,0.0,?,26256311,0,0,16:11:45.495
000931.SZ,10:58:43.800,105843800,26521575,4.99,1000,0.499,S,26521574,18365995,0,16:11:45.495
000931.SZ,10:58:43.870,105843870,26521689,0.0,1000,0.0,?,26256372,0,0,16:11:45.495
000931.SZ,10:58:43.920,105843920,26521788,4.99,1000,0.499,S,26521787,18365995,0,16:11:45.495
000931.SZ,10:58:44.380,105844380,26522913,0.0,1000,0.0,?,26256381,0,0,16:11:45.495
000931.SZ,10:58:44.430,105844430,26522966,4.99,1000,0.499,S,26522965,18365995,0,16:11:45.495
000931.SZ,10:58:44.970,105844970,26523836,0.0,1000,0.0,?,26256395,0,0,16:11:45.495
000931.SZ,10:58:45.030,105845030,26523973,4.99,400,0.1996,S,26523972,18365995,0,16:11:45.495
000931.SZ,10:58:45.030,105845030,26523974,4.99,600,0.2994,S,26523972,20448659,0,16:11:45.495
000931.SZ,10:58:46.220,105846220,26527161,0.0,1000,0.0,?,26256304,0,0,16:11:45.652
000931.SZ,10:58:46.270,105846270,26527299,4.99,1000,0.499,S,26527298,20448659,0,16:11:45.652
000931.SZ,10:58:51.110,105851110,26538538,5.0,500,0.25,B,26250077,26538537,0,16:11:45.824
000931.SZ,10:58:59.810,105859810,26556609,0.0,8100,0.0,?,0,21007677,0,16:11:46.353
000931.SZ,10:59:02.100,105902100,26563036,4.99,100,0.0499,S,26563035,20448659,0,16:11:46.557
000931.SZ,10:59:20.290,105920290,26601734,0.0,500,0.0,?,0,26535979,0,16:11:47.490
000931.SZ,10:59:34.800,105934800,26628269,0.0,500,0.0,?,0,23192191,0,16:11:48.255
000931.SZ,10:59:35.580,105935580,26629790,0.0,100,0.0,?,26406531,0,0,16:11:48.255
000931.SZ,10:59:35.590,105935590,26629807,4.99,100,0.0499,S,26629806,20448659,0,16:11:48.255
000931.SZ,10:59:35.890,105935890,26630256,0.0,100,0.0,?,26397918,0,0,16:11:48.255
000931.SZ,10:59:36.090,105936090,26630549,4.99,100,0.0499,S,26630548,20448659,0,16:11:48.255
000931.SZ,10:59:37.150,105937150,26632662,0.0,400,0.0,?,0,26465862,0,16:11:48.255
000931.SZ,10:59:37.350,105937350,26633090,5.0,200,0.1,B,26256768,26633089,0,16:11:48.255
000931.SZ,10:59:37.350,105937350,26633091,5.0,200,0.1,B,26256773,26633089,0,16:11:48.255
000931.SZ,10:59:37.980,105937980,26634172,0.0,100,0.0,?,26224479,0,0,16:11:48.426
000931.SZ,10:59:38.180,105938180,26634453,4.99,100,0.0499,S,26634452,20448659,0,16:11:48.426
000931.SZ,10:59:41.430,105941430,26639750,4.99,1000,0.499,S,26639749,20448659,0,16:11:48.599
000931.SZ,10:59:41.430,105941430,26639751,4.99,1300,0.6487,S,26639749,20824645,0,16:11:48.599
000931.SZ,10:59:41.430,105941430,26639752,0.0,5000,0.0,?,26480545,0,0,16:11:48.599
000931.SZ,10:59:42.920,105942920,26642297,0.0,500,0.0,?,0,24745669,0,16:11:48.599
000931.SZ,10:59:46.700,105946700,26647808,0.0,3700,0.0,?,0,26596147,0,16:11:48.761
000931.SZ,10:59:49.590,105949590,26651791,4.99,700,0.3493,S,26651790,20824645,0,16:11:48.845
000931.SZ,10:59:49.590,105949590,26651792,4.99,2000,0.998,S,26651790,20994078,0,16:11:48.845
000931.SZ,10:59:49.590,105949590,26651793,4.99,2000,0.998,S,26651790,21028391,0,16:11:48.845
000931.SZ,10:59:49.590,105949590,26651794,4.99,3000,1.497,S,26651790,21091505,0,16:11:48.845
000931.SZ,10:59:49.590,105949590,26651795,4.99,4500,2.2455,S,26651790,21548523,0,16:11:48.845
000931.SZ,10:59:49.590,105949590,26651796,4.99,2000,0.998,S,26651790,22058817,0,16:11:48.845
000931.SZ,10:59:49.590,105949590,26651797,4.99,1000,0.499,S,26651790,22192595,0,16:11:48.845
000931.SZ,10:59:49.590,105949590,26651798,4.99,4000,1.996,S,26651790,22451189,0,16:11:48.845
000931.SZ,10:59:49.590,105949590,26651799,4.99,800,0.3992,S,26651790,23163748,0,16:11:48.845
000931.SZ,10:59:49.590,105949590,26651800,4.99,500,0.2495,S,26651790,23257734,0,16:11:48.845
000931.SZ,10:59:49.590,105949590,26651801,4.99,1000,0.499,S,26651790,23406334,0,16:11:48.845
000931.SZ,10:59:49.590,105949590,26651802,4.99,800,0.3992,S,26651790,24890150,0,16:11:48.845
000931.SZ,10:59:49.590,105949590,26651803,4.99,1000,0.499,S,26651790,24898372,0,16:11:48.845
000931.SZ,10:59:49.590,105949590,26651804,4.99,1000,0.499,S,26651790,24960547,0,16:11:48.845
000931.SZ,10:59:49.590,105949590,26651805,4.99,800,0.3992,S,26651790,24962242,0,16:11:48.845
000931.SZ,10:59:49.590,105949590,26651806,4.99,700,0.3493,S,26651790,24984104,0,16:11:48.845
000931.SZ,10:59:49.590,105949590,26651807,4.99,800,0.3992,S,26651790,25040791,0,16:11:48.845
000931.SZ,10:59:49.590,105949590,26651808,4.99,1000,0.499,S,26651790,25062508,0,16:11:48.845
000931.SZ,10:59:49.590,105949590,26651809,4.99,200,0.0998,S,26651790,25167098,0,16:11:48.845
000931.SZ,10:59:49.590,105949590,26651810,4.99,3000,1.497,S,26651790,25201277,0,16:11:48.845
000931.SZ,10:59:49.590,105949590,26651811,4.99,2800,1.3972,S,26651790,25219629,0,16:11:48.845
000931.SZ,10:59:49.590,105949590,26651812,4.99,1000,0.499,S,26651790,25243630,0,16:11:48.845
000931.SZ,10:59:49.590,105949590,26651813,4.99,800,0.3992,S,26651790,25311459,0,16:11:48.845
000931.SZ,10:59:49.590,105949590,26651814,4.99,900,0.4491,S,26651790,25394771,0,16:11:48.845
000931.SZ,10:59:49.590,105949590,26651815,4.99,800,0.3992,S,26651790,25465252,0,16:11:48.845
000931.SZ,10:59:49.590,105949590,26651816,4.99,800,0.3992,S,26651790,25644139,0,16:11:48.845
000931.SZ,10:59:49.590,105949590,26651817,4.99,800,0.3992,S,26651790,25650049,0,16:11:48.845
000931.SZ,10:59:49.590,105949590,26651818,4.99,800,0.3992,S,26651790,25798434,0,16:11:48.845
000931.SZ,10:59:49.590,105949590,26651819,4.99,1200,0.5988,S,26651790,25812477,0,16:11:48.845
000931.SZ,10:59:49.590,105949590,26651820,4.99,800,0.3992,S,26651790,25887580,0,16:11:48.845
000931.SZ,10:59:49.590,105949590,26651821,4.99,800,0.3992,S,26651790,25900358,0,16:11:48.845
000931.SZ,10:59:49.590,105949590,26651822,4.99,10000,4.99,S,26651790,25906271,0,16:11:48.845
000931.SZ,10:59:49.590,105949590,26651823,4.99,800,0.3992,S,26651790,26069070,0,16:11:48.845
000931.SZ,10:59:49.590,105949590,26651824,4.99,1000,0.499,S,26651790,26077997,0,16:11:48.845
000931.SZ,10:59:49.590,105949590,26651825,4.99,800,0.3992,S,26651790,26104915,0,16:11:48.845
000931.SZ,10:59:49.590,105949590,26651826,4.99,800,0.3992,S,26651790,26160233,0,16:11:48.845
000931.SZ,10:59:49.590,105949590,26651827,4.99,1600,0.7984,S,26651790,26235071,0,16:11:48.845
000931.SZ,10:59:49.590,105949590,26651828,4.99,1000,0.499,S,26651790,26236282,0,16:11:48.845
000931.SZ,10:59:49.590,105949590,26651829,4.99,200,0.0998,S,26651790,26248515,0,16:11:48.845
000931.SZ,10:59:49.590,105949590,26651830,4.99,1100,0.5489,S,26651790,26266228,0,16:11:48.845
000931.SZ,10:59:49.590,105949590,26651831,4.99,100,0.0499,S,26651790,26286837,0,16:11:48.845
000931.SZ,10:59:51.210,105951210,26653855,4.99,100,0.0499,S,26653854,26286837,0,16:11:48.946
000931.SZ,10:59:51.240,105951240,26653924,4.99,100,0.0499,S,26653923,26286837,0,16:11:48.946
000931.SZ,11:00:02.930,110002930,26672906,4.99,500,0.2495,S,26672905,26286837,0,16:11:49.638
000931.SZ,11:00:04.000,110004000,26674533,0.0,400,0.0,?,25732212,0,0,16:11:49.638
000931.SZ,11:00:05.000,110005000,26676231,4.99,400,0.1996,S,26676230,26293486,0,16:11:49.638
000931.SZ,11:00:11.400,110011400,26687467,0.0,3000,0.0,?,0,10863202,0,16:11:49.929
000931.SZ,11:00:21.110,110021110,26708400,0.0,3000,0.0,?,0,20802170,0,16:11:50.557
000931.SZ,11:00:25.310,110025310,26717248,4.99,2800,1.3972,S,26717247,26294106,0,16:11:50.731
000931.SZ,11:00:26.190,110026190,26719381,0.0,1000,0.0,?,0,26683641,0,16:11:50.731
000931.SZ,11:00:42.610,110042610,26756911,0.0,5000,0.0,?,0,10423536,0,16:11:51.602
000931.SZ,11:00:50.070,110050070,26772998,0.0,6400,0.0,?,0,26555949,0,16:11:52.050
000931.SZ,11:00:53.870,110053870,26780666,5.0,200,0.1,B,26256778,26780665,0,16:11:52.213
000931.SZ,11:00:53.870,110053870,26780667,5.0,100,0.05,B,26256780,26780665,0,16:11:52.213
000931.SZ,11:00:53.870,110053870,26780668,5.0,200,0.1,B,26256781,26780665,0,16:11:52.213
000931.SZ,11:01:02.050,110102050,26800101,5.0,100,0.05,B,26256781,26800100,0,16:11:52.729
000931.SZ,11:01:02.050,110102050,26800102,5.0,100,0.05,B,26256783,26800100,0,16:11:52.729
000931.SZ,11:01:02.050,110102050,26800103,5.0,100,0.05,B,26256786,26800100,0,16:11:52.729
000931.SZ,11:01:02.050,110102050,26800104,5.0,100,0.05,B,26256792,26800100,0,16:11:52.729
000931.SZ,11:01:02.050,110102050,26800105,5.0,300,0.15,B,26256827,26800100,0,16:11:52.729
000931.SZ,11:01:02.050,110102050,26800106,5.0,300,0.15,B,26256829,26800100,0,16:11:52.729
000931.SZ,11:01:02.050,110102050,26800107,5.0,400,0.2,B,26256830,26800100,0,16:11:52.729
000931.SZ,11:01:02.050,110102050,26800108,5.0,100,0.05,B,26256831,26800100,0,16:11:52.729
000931.SZ,11:01:02.050,110102050,26800109,5.0,100,0.05,B,26256832,26800100,0,16:11:52.729
000931.SZ,11:01:02.050,110102050,26800110,5.0,100,0.05,B,26256833,26800100,0,16:11:52.729
000931.SZ,11:01:02.050,110102050,26800111,5.0,100,0.05,B,26256839,26800100,0,16:11:52.729
000931.SZ,11:01:02.050,110102050,26800112,5.0,100,0.05,B,26256840,26800100,0,16:11:52.729
000931.SZ,11:01:02.050,110102050,26800113,5.0,100,0.05,B,26256946,26800100,0,16:11:52.729
000931.SZ,11:01:02.050,110102050,26800114,5.0,2200,1.1,B,26286064,26800100,0,16:11:52.729
000931.SZ,11:01:02.050,110102050,26800115,5.0,800,0.4,B,26290522,26800100,0,16:11:52.729
000931.SZ,11:01:02.050,110102050,26800116,5.0,600,0.3,B,26290524,26800100,0,16:11:52.729
000931.SZ,11:01:02.050,110102050,26800117,5.0,100,0.05,B,26311351,26800100,0,16:11:52.729
000931.SZ,11:01:02.050,110102050,26800118,5.0,100,0.05,B,26326151,26800100,0,16:11:52.729
000931.SZ,11:01:02.050,110102050,26800119,5.0,1100,0.55,B,26326154,26800100,0,16:11:52.729
000931.SZ,11:01:02.050,110102050,26800120,5.0,2900,1.45,B,26445393,26800100,0,16:11:52.729
000931.SZ,11:01:02.050,110102050,26800121,5.0,200,0.1,B,26448173,26800100,0,16:11:52.729
000931.SZ,11:01:20.780,110120780,26841752,0.0,3000,0.0,?,0,26734695,0,16:11:53.402
000931.SZ,11:01:28.090,110128090,26856329,0.0,200,0.0,?,0,26651848,0,16:11:53.841
000931.SZ,11:01:28.090,110128090,26856330,0.0,600,0.0,?,0,26651862,0,16:11:53.841
000931.SZ,11:01:28.090,110128090,26856331,0.0,300,0.0,?,0,26651854,0,16:11:53.841
000931.SZ,11:01:28.090,110128090,26856332,0.0,200,0.0,?,0,26651858,0,16:11:53.841
000931.SZ,11:01:28.090,110128090,26856333,0.0,100,0.0,?,0,26651846,0,16:11:53.841
000931.SZ,11:01:28.090,110128090,26856335,0.0,200,0.0,?,0,26651850,0,16:11:53.841
000931.SZ,11:01:28.090,110128090,26856336,0.0,200,0.0,?,0,26651852,0,16:11:53.841
000931.SZ,11:01:28.090,110128090,26856337,0.0,400,0.0,?,0,26651860,0,16:11:53.841
000931.SZ,11:01:28.090,110128090,26856338,0.0,600,0.0,?,0,26651847,0,16:11:53.841
000931.SZ,11:01:28.090,110128090,26856345,0.0,600,0.0,?,0,26651864,0,16:11:53.841
000931.SZ,11:01:28.090,110128090,26856346,0.0,200,0.0,?,0,26651861,0,16:11:53.841
000931.SZ,11:01:28.090,110128090,26856349,0.0,200,0.0,?,0,26651855,0,16:11:53.841
000931.SZ,11:01:28.090,110128090,26856354,0.0,300,0.0,?,0,26651865,0,16:11:53.841
000931.SZ,11:01:28.100,110128100,26856361,0.0,200,0.0,?,0,26651870,0,16:11:53.841
000931.SZ,11:01:28.100,110128100,26856362,0.0,100,0.0,?,0,26651871,0,16:11:53.841
000931.SZ,11:01:28.100,110128100,26856369,0.0,100,0.0,?,0,26651890,0,16:11:53.841
000931.SZ,11:01:28.110,110128110,26856396,0.0,300,0.0,?,0,26651886,0,16:11:53.841
000931.SZ,11:01:28.110,110128110,26856398,4.99,300,0.1497,S,26856397,26294106,0,16:11:53.841
000931.SZ,11:01:28.130,110128130,26856420,0.0,200,0.0,?,0,26651901,0,16:11:53.841
000931.SZ,11:01:29.110,110129110,26858354,4.99,200,0.0998,S,26858353,26294106,0,16:11:53.841
000931.SZ,11:01:29.110,110129110,26858355,4.99,800,0.3992,S,26858353,26295239,0,16:11:53.841
000931.SZ,11:01:29.110,110129110,26858356,4.99,100,0.0499,S,26858353,26298860,0,16:11:53.841
000931.SZ,11:01:29.110,110129110,26858357,4.99,100,0.0499,S,26858353,26299365,0,16:11:53.841
000931.SZ,11:01:29.110,110129110,26858358,4.99,1000,0.499,S,26858353,26301531,0,16:11:53.841
000931.SZ,11:01:40.750,110140750,26883482,0.0,1000,0.0,?,0,15487165,0,16:11:54.355
000931.SZ,11:01:41.400,110141400,26884819,0.0,700,0.0,?,26807771,0,0,16:11:54.355
000931.SZ,11:01:41.400,110141400,26884820,0.0,10800,0.0,?,26807770,0,0,16:11:54.355
000931.SZ,11:01:41.420,110141420,26884842,0.0,400,0.0,?,26834451,0,0,16:11:54.355
000931.SZ,11:01:41.420,110141420,26884843,0.0,100,0.0,?,26834452,0,0,16:11:54.355
000931.SZ,11:01:41.420,110141420,26884844,0.0,1200,0.0,?,26834454,0,0,16:11:54.355
000931.SZ,11:01:41.420,110141420,26884845,0.0,2100,0.0,?,26834460,0,0,16:11:54.355
000931.SZ,11:01:41.420,110141420,26884846,0.0,7700,0.0,?,26834456,0,0,16:11:54.355
000931.SZ,11:02:00.150,110200150,26925138,4.99,800,0.3992,S,26925137,26305990,0,16:11:55.383
000931.SZ,11:02:00.150,110200150,26925139,4.99,500,0.2495,S,26925137,26306395,0,16:11:55.383
000931.SZ,11:02:00.150,110200150,26925140,4.99,400,0.1996,S,26925137,26315341,0,16:11:55.383
000931.SZ,11:02:03.230,110203230,26932540,4.99,2200,1.0978,S,26932539,26315341,0,16:11:55.556
000931.SZ,11:02:25.320,110225320,26980081,0.0,200,0.0,?,0,26378897,0,16:11:56.713
000931.SZ,11:02:25.810,110225810,26981134,0.0,200,0.0,?,0,26379880,0,16:11:56.713
000931.SZ,11:02:25.810,110225810,26981135,0.0,100,0.0,?,0,26379879,0,16:11:56.713
000931.SZ,11:02:25.810,110225810,26981136,0.0,100,0.0,?,0,26379881,0,16:11:56.713
000931.SZ,11:02:29.170,110229170,26988395,0.0,100,0.0,?,0,26385111,0,16:11:56.855
000931.SZ,11:02:41.020,110241020,27011155,0.0,300,0.0,?,0,23534299,0,16:11:57.463
000931.SZ,11:02:46.020,110246020,27020601,0.0,4500,0.0,?,26646463,0,0,16:11:57.729
000931.SZ,11:02:49.050,110249050,27026969,0.0,10000,0.0,?,26610465,0,0,16:11:57.837
000931.SZ,11:02:49.060,110249060,27026989,5.0,200,0.1,B,26448173,27026988,0,16:11:57.837
000931.SZ,11:02:49.060,110249060,27026997,5.0,100,0.05,B,26448173,27026996,0,16:11:57.837
000931.SZ,11:02:49.060,110249060,27027000,5.0,100,0.05,B,26448173,27026999,0,16:11:57.837
000931.SZ,11:02:49.060,110249060,27027001,5.0,100,0.05,B,26448609,27026999,0,16:11:57.837
000931.SZ,11:02:49.060,110249060,27027005,5.0,100,0.05,B,26448611,27027004,0,16:11:57.837
000931.SZ,11:02:49.060,110249060,27027006,5.0,100,0.05,B,26474577,27027004,0,16:11:57.837
000931.SZ,11:02:49.070,110249070,27027025,5.0,200,0.1,B,26474577,27027024,0,16:11:57.837
000931.SZ,11:02:49.080,110249080,27027054,5.0,100,0.05,B,26474577,27027053,0,16:11:57.837
000931.SZ,11:02:49.190,110249190,27027466,0.0,50700,0.0,?,0,26951478,0,16:11:57.837
000931.SZ,11:02:50.230,110250230,27029591,5.0,100,0.05,B,26474577,27029590,0,16:11:58.034
000931.SZ,11:02:50.230,110250230,27029593,5.0,100,0.05,B,26474577,27029592,0,16:11:58.034
000931.SZ,11:02:50.230,110250230,27029595,5.0,300,0.15,B,26474577,27029594,0,16:11:58.034
000931.SZ,11:02:57.040,110257040,27041754,0.0,4300,0.0,?,27029570,0,0,16:11:58.193
000931.SZ,11:02:59.230,110259230,27045746,4.99,1000,0.499,S,27045745,26315341,0,16:11:58.396
000931.SZ,11:03:04.050,110304050,27056455,0.0,200,0.0,?,0,26474641,0,16:11:58.679
000931.SZ,11:03:04.050,110304050,27056456,0.0,100,0.0,?,0,26683635,0,16:11:58.679
000931.SZ,11:03:07.520,110307520,27063415,0.0,200,0.0,?,26971065,0,0,16:11:58.835
000931.SZ,11:03:07.520,110307520,27063417,4.99,100,0.0499,S,27063416,26315341,0,16:11:58.835
000931.SZ,11:03:10.910,110310910,27071418,5.0,600,0.3,B,26474577,27071417,0,16:11:59.034
000931.SZ,11:03:22.650,110322650,27100658,0.0,5000,0.0,?,0,2008070,0,16:11:59.760
000931.SZ,11:03:29.810,110329810,27115626,5.0,2000,1.0,B,26474577,27115625,0,16:12:00.079
000931.SZ,11:03:36.540,110336540,27130547,5.0,1600,0.8,B,26474577,27130546,0,16:12:00.347
000931.SZ,11:03:50.310,110350310,27158476,0.0,7000,0.0,?,0,27025381,0,16:12:01.064
000931.SZ,11:03:50.550,110350550,27158997,5.0,2000,1.0,B,26474577,27158996,0,16:12:01.064
000931.SZ,11:03:57.420,110357420,27173922,4.99,2600,1.2974,S,27173921,26315341,0,16:12:01.425
000931.SZ,11:03:57.450,110357450,27174061,5.0,100,0.05,B,26474577,27174060,0,16:12:01.425
000931.SZ,11:03:57.450,110357450,27174063,5.0,100,0.05,B,26474577,27174062,0,16:12:01.425
000931.SZ,11:03:57.450,110357450,27174083,5.0,100,0.05,B,26474577,27174082,0,16:12:01.425
000931.SZ,11:03:57.450,110357450,27174085,5.0,100,0.05,B,26474577,27174084,0,16:12:01.425
000931.SZ,11:03:57.450,110357450,27174087,5.0,100,0.05,B,26474577,27174086,0,16:12:01.425
000931.SZ,11:03:57.460,110357460,27174099,5.0,100,0.05,B,26474577,27174098,0,16:12:01.425
000931.SZ,11:03:57.460,110357460,27174149,5.0,100,0.05,B,26474577,27174148,0,16:12:01.425
000931.SZ,11:03:57.460,110357460,27174153,5.0,100,0.05,B,26474577,27174152,0,16:12:01.425
000931.SZ,11:03:57.460,110357460,27174155,5.0,100,0.05,B,26474577,27174154,0,16:12:01.425
000931.SZ,11:03:57.460,110357460,27174158,5.0,100,0.05,B,26474577,27174157,0,16:12:01.425
000931.SZ,11:03:57.470,110357470,27174175,5.0,100,0.05,B,26474577,27174174,0,16:12:01.425
000931.SZ,11:03:57.470,110357470,27174179,5.0,100,0.05,B,26474577,27174178,0,16:12:01.425
000931.SZ,11:03:57.470,110357470,27174182,5.0,100,0.05,B,26474577,27174181,0,16:12:01.425
000931.SZ,11:03:57.480,110357480,27174191,5.0,100,0.05,B,26474577,27174190,0,16:12:01.425
000931.SZ,11:03:57.480,110357480,27174210,5.0,100,0.05,B,26474577,27174209,0,16:12:01.425
000931.SZ,11:04:02.110,110402110,27185864,0.0,100,0.0,?,0,26563054,0,16:12:01.895
000931.SZ,11:04:02.110,110402110,27185865,0.0,100,0.0,?,0,26563056,0,16:12:01.895
000931.SZ,11:04:02.110,110402110,27185866,0.0,100,0.0,?,0,26563055,0,16:12:01.895
000931.SZ,11:04:02.110,110402110,27185870,0.0,100,0.0,?,0,26563053,0,16:12:01.895
000931.SZ,11:04:02.110,110402110,27185871,0.0,100,0.0,?,0,26563058,0,16:12:01.895
000931.SZ,11:04:02.110,110402110,27185872,0.0,100,0.0,?,0,26563059,0,16:12:01.895
000931.SZ,11:04:02.110,110402110,27185878,0.0,100,0.0,?,0,26563057,0,16:12:01.895
000931.SZ,11:04:02.110,110402110,27185882,0.0,100,0.0,?,0,26563065,0,16:12:01.895
000931.SZ,11:04:02.120,110402120,27185903,0.0,100,0.0,?,0,26563082,0,16:12:01.895
000931.SZ,11:04:02.970,110402970,27187651,0.0,100,0.0,?,0,26474635,0,16:12:01.895
000931.SZ,11:04:07.070,110407070,27196906,0.0,100,0.0,?,0,26945819,0,16:12:02.155
000931.SZ,11:04:07.080,110407080,27197012,0.0,200,0.0,?,0,26474669,0,16:12:02.155
000931.SZ,11:04:14.330,110414330,27210860,0.0,300,0.0,?,0,26590320,0,16:12:02.440
000931.SZ,11:04:20.160,110420160,27222248,4.99,100,0.0499,S,27222247,26315341,0,16:12:02.737
000931.SZ,11:04:29.510,110429510,27239176,0.0,2500,0.0,?,27192533,0,0,16:12:03.251
000931.SZ,11:04:29.510,110429510,27239178,0.0,2500,0.0,?,27216706,0,0,16:12:03.251
000931.SZ,11:04:32.020,110432020,27243843,0.0,200,0.0,?,0,26721511,0,16:12:03.251
000931.SZ,11:04:32.150,110432150,27244144,0.0,100,0.0,?,0,27039962,0,16:12:03.251
000931.SZ,11:04:32.150,110432150,27244146,4.99,100,0.0499,S,27244145,26315341,0,16:12:03.251
000931.SZ,11:04:32.220,110432220,27244298,5.0,200,0.1,B,26474577,27244297,0,16:12:03.251
000931.SZ,11:04:33.330,110433330,27245939,0.0,200,0.0,?,0,26625001,0,16:12:03.438
000931.SZ,11:04:33.330,110433330,27245940,0.0,200,0.0,?,0,26625003,0,16:12:03.438
000931.SZ,11:04:33.330,110433330,27245941,0.0,200,0.0,?,0,26625004,0,16:12:03.438
000931.SZ,11:04:33.330,110433330,27245943,0.0,200,0.0,?,0,26625007,0,16:12:03.438
000931.SZ,11:04:33.330,110433330,27245944,0.0,200,0.0,?,0,26625006,0,16:12:03.438
000931.SZ,11:04:33.340,110433340,27245954,0.0,200,0.0,?,0,26625081,0,16:12:03.438
000931.SZ,11:04:33.980,110433980,27247223,0.0,1000,0.0,?,0,413109,0,16:12:03.438
000931.SZ,11:04:35.700,110435700,27250868,0.0,100,0.0,?,0,26658084,0,16:12:03.438
000931.SZ,11:04:35.900,110435900,27251159,5.0,100,0.05,B,26474577,27251158,0,16:12:03.438
000931.SZ,11:04:36.730,110436730,27252948,0.0,100,0.0,?,0,26984388,0,16:12:03.438
000931.SZ,11:04:36.930,110436930,27253258,5.0,100,0.05,B,26474577,27253257,0,16:12:03.438
000931.SZ,11:04:38.320,110438320,27256251,0.0,200,0.0,?,0,26960719,0,16:12:03.596
000931.SZ,11:04:38.520,110438520,27256595,5.0,200,0.1,B,26474577,27256594,0,16:12:03.596
000931.SZ,11:04:38.730,110438730,27256881,0.0,5000,0.0,?,0,26405290,0,16:12:03.596
000931.SZ,11:04:41.210,110441210,27261100,0.0,2500,0.0,?,27239067,0,0,16:12:03.736
000931.SZ,11:04:49.600,110449600,27277911,0.0,400,0.0,?,0,26651856,0,16:12:04.065
000931.SZ,11:04:49.600,110449600,27277912,0.0,100,0.0,?,0,26651853,0,16:12:04.065
000931.SZ,11:04:56.030,110456030,27289261,4.99,100,0.0499,S,27289260,26315341,0,16:12:04.422
000931.SZ,11:04:56.060,110456060,27289299,5.0,200,0.1,B,26474577,27289298,0,16:12:04.422
000931.SZ,11:04:56.060,110456060,27289302,5.0,200,0.1,B,26474577,27289301,0,16:12:04.422
000931.SZ,11:04:56.070,110456070,27289313,5.0,200,0.1,B,26474577,27289312,0,16:12:04.422
000931.SZ,11:04:56.090,110456090,27289378,5.0,200,0.1,B,26474577,27289377,0,16:12:04.422
000931.SZ,11:04:56.100,110456100,27289401,5.0,200,0.1,B,26474577,27289400,0,16:12:04.422
000931.SZ,11:04:58.030,110458030,27292521,5.0,200,0.1,B,26474577,27292520,0,16:12:04.422
000931.SZ,11:04:58.040,110458040,27292543,5.0,200,0.1,B,26474577,27292542,0,16:12:04.422
000931.SZ,11:04:59.190,110459190,27294416,5.0,100,0.05,B,26474577,27294415,0,16:12:04.594
000931.SZ,11:04:59.200,110459200,27294422,0.0,1000,0.0,?,26808223,0,0,16:12:04.594
000931.SZ,11:04:59.210,110459210,27294431,5.0,100,0.05,B,26474577,27294430,0,16:12:04.594
000931.SZ,11:05:00.160,110500160,27295982,5.0,200,0.1,B,26474577,27295981,0,16:12:04.594
000931.SZ,11:05:00.160,110500160,27295984,5.0,100,0.05,B,26474577,27295983,0,16:12:04.594
000931.SZ,11:05:00.160,110500160,27295988,5.0,100,0.05,B,26474577,27295987,0,16:12:04.594
000931.SZ,11:05:02.040,110502040,27299878,5.0,300,0.15,B,26474577,27299877,0,16:12:04.723
000931.SZ,11:05:02.060,110502060,27299910,5.0,400,0.2,B,26474577,27299909,0,16:12:04.723
000931.SZ,11:05:02.090,110502090,27299993,5.0,200,0.1,B,26474577,27299992,0,16:12:04.723
000931.SZ,11:05:02.150,110502150,27300154,5.0,200,0.1,B,26474577,27300153,0,16:12:04.723
000931.SZ,11:05:04.390,110504390,27306444,0.0,100,0.0,?,26979999,0,0,16:12:04.892
000931.SZ,11:05:04.390,110504390,27306445,0.0,100,0.0,?,27244148,0,0,16:12:04.892
000931.SZ,11:05:05.770,110505770,27310248,5.0,100,0.05,B,26474577,27310247,0,16:12:05.079
000931.SZ,11:05:11.480,110511480,27326306,4.99,200,0.0998,S,27326305,26315341,0,16:12:05.395
000931.SZ,11:05:13.320,110513320,27335301,4.99,3200,1.5968,S,27335300,26315341,0,16:12:05.489
000931.SZ,11:05:13.320,110513320,27335302,4.99,100,0.0499,S,27335300,26326992,0,16:12:05.489
000931.SZ,11:05:13.320,110513320,27335303,4.99,800,0.3992,S,27335300,26327059,0,16:12:05.489
000931.SZ,11:05:13.320,110513320,27335304,4.99,800,0.3992,S,27335300,26332598,0,16:12:05.489
000931.SZ,11:05:13.320,110513320,27335305,4.99,800,0.3992,S,27335300,26332698,0,16:12:05.489
000931.SZ,11:05:13.320,110513320,27335306,4.99,100,0.0499,S,27335300,26341212,0,16:12:05.489
000931.SZ,11:05:13.320,110513320,27335307,4.99,2700,1.3473,S,27335300,26341213,0,16:12:05.489
000931.SZ,11:05:13.320,110513320,27335308,4.99,800,0.3992,S,27335300,26344371,0,16:12:05.489
000931.SZ,11:05:13.320,110513320,27335309,4.99,300,0.1497,S,27335300,26354822,0,16:12:05.489
000931.SZ,11:05:13.320,110513320,27335310,4.99,200,0.0998,S,27335300,26381317,0,16:12:05.489
000931.SZ,11:05:13.320,110513320,27335311,4.99,100,0.0499,S,27335300,26385605,0,16:12:05.489
000931.SZ,11:05:13.320,110513320,27335312,4.99,100,0.0499,S,27335300,26385606,0,16:12:05.489
000931.SZ,11:05:13.320,110513320,27335313,4.99,400,0.1996,S,27335300,26396190,0,16:12:05.489
000931.SZ,11:05:13.320,110513320,27335314,4.99,100,0.0499,S,27335300,26418010,0,16:12:05.489
000931.SZ,11:05:13.320,110513320,27335315,4.99,3500,1.7465,S,27335300,26430286,0,16:12:05.489
000931.SZ,11:05:13.320,110513320,27335316,4.99,300,0.1497,S,27335300,26431599,0,16:12:05.489
000931.SZ,11:05:13.320,110513320,27335317,4.99,100,0.0499,S,27335300,26431852,0,16:12:05.489
000931.SZ,11:05:13.320,110513320,27335318,4.99,15300,7.6347,S,27335300,26467457,0,16:12:05.489
000931.SZ,11:05:13.320,110513320,27335319,4.99,1600,0.7984,S,27335300,26486199,0,16:12:05.489
000931.SZ,11:05:13.320,110513320,27335320,4.99,100,0.0499,S,27335300,26490900,0,16:12:05.489
000931.SZ,11:05:13.320,110513320,27335321,4.99,300,0.1497,S,27335300,26503983,0,16:12:05.489
000931.SZ,11:05:13.320,110513320,27335322,4.99,100,0.0499,S,27335300,26504927,0,16:12:05.489
000931.SZ,11:05:13.320,110513320,27335323,4.99,100,0.0499,S,27335300,26506134,0,16:12:05.489
000931.SZ,11:05:13.320,110513320,27335324,4.99,600,0.2994,S,27335300,26507057,0,16:12:05.489
000931.SZ,11:05:13.320,110513320,27335325,4.99,1000,0.499,S,27335300,26511034,0,16:12:05.489
000931.SZ,11:05:13.320,110513320,27335326,4.99,200,0.0998,S,27335300,26549513,0,16:12:05.489
000931.SZ,11:05:13.320,110513320,27335327,4.99,200,0.0998,S,27335300,26549823,0,16:12:05.489
000931.SZ,11:05:13.320,110513320,27335328,4.99,100,0.0499,S,27335300,26569332,0,16:12:05.489
000931.SZ,11:05:13.320,110513320,27335329,4.99,3400,1.6966,S,27335300,26588582,0,16:12:05.489
000931.SZ,11:05:13.320,110513320,27335330,4.99,100,0.0499,S,27335300,26613416,0,16:12:05.489
000931.SZ,11:05:13.320,110513320,27335331,4.99,800,0.3992,S,27335300,26631390,0,16:12:05.489
000931.SZ,11:05:13.320,110513320,27335332,4.99,800,0.3992,S,27335300,26654612,0,16:12:05.489
000931.SZ,11:05:13.320,110513320,27335333,4.99,800,0.3992,S,27335300,26659020,0,16:12:05.489
000931.SZ,11:05:13.320,110513320,27335334,4.99,800,0.3992,S,27335300,26659056,0,16:12:05.489
000931.SZ,11:05:13.320,110513320,27335335,4.99,800,0.3992,S,27335300,26659796,0,16:12:05.489
000931.SZ,11:05:13.320,110513320,27335336,4.99,200,0.0998,S,27335300,26661872,0,16:12:05.489
000931.SZ,11:05:13.320,110513320,27335337,4.99,300,0.1497,S,27335300,26664372,0,16:12:05.489
000931.SZ,11:05:13.320,110513320,27335338,4.99,1000,0.499,S,27335300,26669198,0,16:12:05.489
000931.SZ,11:05:13.340,110513340,27335489,4.99,100,0.0499,S,27335488,26674470,0,16:12:05.489
000931.SZ,11:05:13.340,110513340,27335491,4.99,700,0.3493,S,27335490,26674470,0,16:12:05.489
000931.SZ,11:05:13.340,110513340,27335492,4.99,1000,0.499,S,27335490,26680199,0,16:12:05.489
000931.SZ,11:05:13.340,110513340,27335493,4.99,100,0.0499,S,27335490,26702506,0,16:12:05.489
000931.SZ,11:05:13.340,110513340,27335494,4.99,200,0.0998,S,27335490,26707204,0,16:12:05.489
000931.SZ,11:05:13.340,110513340,27335495,4.99,100,0.0499,S,27335490,26708935,0,16:12:05.489
000931.SZ,11:05:13.340,110513340,27335496,4.99,4000,1.996,S,27335490,26710525,0,16:12:05.489
000931.SZ,11:05:13.340,110513340,27335497,4.99,100,0.0499,S,27335490,26720543,0,16:12:05.489
000931.SZ,11:05:13.340,110513340,27335498,4.99,2300,1.1477,S,27335490,26723916,0,16:12:05.489
000931.SZ,11:05:13.340,110513340,27335500,4.99,400,0.1996,S,27335499,26723916,0,16:12:05.489
000931.SZ,11:05:13.340,110513340,27335504,4.99,800,0.3992,S,27335503,26723916,0,16:12:05.489
000931.SZ,11:05:13.340,110513340,27335507,4.99,600,0.2994,S,27335506,26723916,0,16:12:05.489
000931.SZ,11:05:13.350,110513350,27335572,0.0,100,0.0,?,0,27187698,0,16:12:05.489
000931.SZ,11:05:13.350,110513350,27335587,4.99,100,0.0499,S,27335586,26723916,0,16:12:05.489
000931.SZ,11:05:13.360,110513360,27335655,4.99,800,0.3992,S,27335654,26723916,0,16:12:05.489
000931.SZ,11:05:13.370,110513370,27335745,4.99,200,0.0998,S,27335744,26723916,0,16:12:05.489
000931.SZ,11:05:13.480,110513480,27336611,4.99,10800,5.3892,S,27336610,26723916,0,16:12:05.489
000931.SZ,11:05:13.480,110513480,27336612,4.99,200,0.0998,S,27336610,26734477,0,16:12:05.489
000931.SZ,11:05:13.480,110513480,27336613,4.99,1000,0.499,S,27336610,26736480,0,16:12:05.489
000931.SZ,11:05:13.480,110513480,27336614,4.99,100,0.0499,S,27336610,26738553,0,16:12:05.489
000931.SZ,11:05:13.480,110513480,27336615,4.99,500,0.2495,S,27336610,26739706,0,16:12:05.489
000931.SZ,11:05:13.480,110513480,27336616,4.99,5100,2.5449,S,27336610,26756598,0,16:12:05.489
000931.SZ,11:05:13.480,110513480,27336617,4.99,100,0.0499,S,27336610,26777039,0,16:12:05.489
000931.SZ,11:05:13.480,110513480,27336618,4.99,200,0.0998,S,27336610,26787589,0,16:12:05.489
000931.SZ,11:05:13.480,110513480,27336619,4.99,800,0.3992,S,27336610,26789048,0,16:12:05.489
000931.SZ,11:05:13.480,110513480,27336620,4.99,1000,0.499,S,27336610,26792062,0,16:12:05.489
000931.SZ,11:05:13.480,110513480,27336621,4.99,1100,0.5489,S,27336610,26821195,0,16:12:05.489
000931.SZ,11:05:13.480,110513480,27336622,4.99,100,0.0499,S,27336610,26856313,0,16:12:05.489
000931.SZ,11:05:13.480,110513480,27336623,4.99,300,0.1497,S,27336610,26860185,0,16:12:05.489
000931.SZ,11:05:13.480,110513480,27336624,4.99,3000,1.497,S,27336610,26860703,0,16:12:05.489
000931.SZ,11:05:13.480,110513480,27336625,4.99,500,0.2495,S,27336610,26890922,0,16:12:05.489
000931.SZ,11:05:13.480,110513480,27336626,4.99,1000,0.499,S,27336610,26911730,0,16:12:05.489
000931.SZ,11:05:13.480,110513480,27336627,4.99,100,0.0499,S,27336610,26915684,0,16:12:05.489
000931.SZ,11:05:13.480,110513480,27336628,4.99,100,0.0499,S,27336610,26925179,0,16:12:05.489
000931.SZ,11:05:13.480,110513480,27336629,4.99,100,0.0499,S,27336610,26925180,0,16:12:05.489
000931.SZ,11:05:13.480,110513480,27336630,4.99,100,0.0499,S,27336610,26925211,0,16:12:05.489
000931.SZ,11:05:13.480,110513480,27336631,4.99,300,0.1497,S,27336610,26932138,0,16:12:05.489
000931.SZ,11:05:13.480,110513480,27336632,4.99,300,0.1497,S,27336610,26932139,0,16:12:05.489
000931.SZ,11:05:13.480,110513480,27336633,4.99,200,0.0998,S,27336610,26970784,0,16:12:05.489
000931.SZ,11:05:13.480,110513480,27336634,4.99,200,0.0998,S,27336610,26976303,0,16:12:05.489
000931.SZ,11:05:13.480,110513480,27336635,4.99,500,0.2495,S,27336610,26976569,0,16:12:05.489
000931.SZ,11:05:13.480,110513480,27336636,4.99,400,0.1996,S,27336610,26978303,0,16:12:05.489
000931.SZ,11:05:13.480,110513480,27336637,4.99,100,0.0499,S,27336610,26979401,0,16:12:05.489
000931.SZ,11:05:13.480,110513480,27336638,4.99,100,0.0499,S,27336610,26982064,0,16:12:05.489
000931.SZ,11:05:13.480,110513480,27336683,4.99,100,0.0499,S,27336682,26982064,0,16:12:05.489
000931.SZ,11:05:13.480,110513480,27336684,4.99,200,0.0998,S,27336682,26982601,0,16:12:05.489
000931.SZ,11:05:13.480,110513480,27336685,4.99,400,0.1996,S,27336682,26987924,0,16:12:05.489
000931.SZ,11:05:13.480,110513480,27336686,4.99,7500,3.7425,S,27336682,26989675,0,16:12:05.489
000931.SZ,11:05:13.480,110513480,27336687,4.99,5000,2.495,S,27336682,26998241,0,16:12:05.489
000931.SZ,11:05:13.480,110513480,27336688,4.99,200,0.0998,S,27336682,27019341,0,16:12:05.489
000931.SZ,11:05:13.480,110513480,27336689,4.99,400,0.1996,S,27336682,27025810,0,16:12:05.489
000931.SZ,11:05:13.480,110513480,27336690,4.99,800,0.3992,S,27336682,27039957,0,16:12:05.489
000931.SZ,11:05:13.480,110513480,27336691,4.99,100,0.0499,S,27336682,27042445,0,16:12:05.489
000931.SZ,11:05:13.480,110513480,27336692,4.99,3300,1.6467,S,27336682,27045710,0,16:12:05.489
000931.SZ,11:05:13.480,110513480,27336693,4.99,200,0.0998,S,27336682,27045712,0,16:12:05.489
000931.SZ,11:05:13.480,110513480,27336694,4.99,100,0.0499,S,27336682,27045713,0,16:12:05.489
000931.SZ,11:05:13.480,110513480,27336695,4.99,500,0.2495,S,27336682,27046292,0,16:12:05.489
000931.SZ,11:05:13.480,110513480,27336696,4.99,100,0.0499,S,27336682,27047356,0,16:12:05.489
000931.SZ,11:05:13.480,110513480,27336697,4.99,700,0.3493,S,27336682,27047381,0,16:12:05.489
000931.SZ,11:05:13.480,110513480,27336698,4.99,100,0.0499,S,27336682,27047434,0,16:12:05.489
000931.SZ,11:05:13.480,110513480,27336699,4.99,800,0.3992,S,27336682,27055938,0,16:12:05.489
000931.SZ,11:05:13.480,110513480,27336700,4.99,1000,0.499,S,27336682,27109015,0,16:12:05.489
000931.SZ,11:05:13.480,110513480,27336701,4.99,200,0.0998,S,27336682,27109221,0,16:12:05.489
000931.SZ,11:05:13.480,110513480,27336702,4.99,10000,4.99,S,27336682,27141131,0,16:12:05.489
000931.SZ,11:05:13.480,110513480,27336703,4.99,200,0.0998,S,27336682,27150993,0,16:12:05.489
000931.SZ,11:05:13.480,110513480,27336704,4.99,100,0.0499,S,27336682,27174374,0,16:12:05.489
000931.SZ,11:05:13.480,110513480,27336705,4.99,100,0.0499,S,27336682,27187667,0,16:12:05.489
000931.SZ,11:05:13.480,110513480,27336706,4.99,300,0.1497,S,27336682,27187670,0,16:12:05.489
000931.SZ,11:05:13.480,110513480,27336707,4.99,100,0.0499,S,27336682,27187673,0,16:12:05.489
000931.SZ,11:05:13.480,110513480,27336708,4.99,100,0.0499,S,27336682,27187674,0,16:12:05.489
000931.SZ,11:05:13.480,110513480,27336709,4.99,100,0.0499,S,27336682,27187677,0,16:12:05.489
000931.SZ,11:05:13.480,110513480,27336710,4.99,100,0.0499,S,27336682,27224649,0,16:12:05.489
000931.SZ,11:05:13.480,110513480,27336711,4.99,200,0.0998,S,27336682,27233451,0,16:12:05.489
000931.SZ,11:05:13.480,110513480,27336712,4.99,800,0.3992,S,27336682,27246673,0,16:12:05.489
000931.SZ,11:05:13.480,110513480,27336713,4.99,800,0.3992,S,27336682,27269639,0,16:12:05.489
000931.SZ,11:05:13.480,110513480,27336714,4.99,8200,4.0918,S,27336682,27278992,0,16:12:05.489
000931.SZ,11:05:13.480,110513480,27336715,4.99,700,0.3493,S,27336682,27279004,0,16:12:05.489
000931.SZ,11:05:13.480,110513480,27336716,4.99,200,0.0998,S,27336682,27281758,0,16:12:05.489
000931.SZ,11:05:13.480,110513480,27336717,4.99,100,0.0499,S,27336682,27292487,0,16:12:05.489
000931.SZ,11:05:13.480,110513480,27336718,4.99,100,0.0499,S,27336682,27299873,0,16:12:05.489
000931.SZ,11:05:13.480,110513480,27336719,4.99,100,0.0499,S,27336682,27299874,0,16:12:05.489
000931.SZ,11:05:13.480,110513480,27336720,4.99,100,0.0499,S,27336682,27304962,0,16:12:05.489
000931.SZ,11:05:13.480,110513480,27336721,4.99,100,0.0499,S,27336682,27314262,0,16:12:05.489
000931.SZ,11:05:13.490,110513490,27336739,4.99,100,0.0499,B,27336728,27336738,0,16:12:05.489
000931.SZ,11:05:13.490,110513490,27336740,5.0,1500,0.75,B,26474577,27336738,0,16:12:05.489
000931.SZ,11:05:13.500,110513500,27336809,0.0,100,0.0,?,25952826,0,0,16:12:05.489
000931.SZ,11:05:13.500,110513500,27336849,0.0,8500,0.0,?,25552989,0,0,16:12:05.489
000931.SZ,11:05:13.510,110513510,27336956,0.0,100,0.0,?,17488556,0,0,16:12:05.489
000931.SZ,11:05:13.520,110513520,27337041,0.0,800,0.0,?,25842033,0,0,16:12:05.489
000931.SZ,11:05:13.520,110513520,27337054,0.0,800,0.0,?,26065020,0,0,16:12:05.489
000931.SZ,11:05:13.540,110513540,27337121,0.0,100,0.0,?,25855579,0,0,16:12:05.489
000931.SZ,11:05:13.540,110513540,27337131,0.0,100,0.0,?,25857501,0,0,16:12:05.568
000931.SZ,11:05:13.540,110513540,27337144,0.0,100,0.0,?,25857555,0,0,16:12:05.568
000931.SZ,11:05:13.540,110513540,27337176,4.99,200,0.0998,B,27336810,27337175,0,16:12:05.568
000931.SZ,11:05:13.550,110513550,27337257,0.0,500,0.0,?,26946558,0,0,16:12:05.568
000931.SZ,11:05:13.550,110513550,27337258,0.0,300,0.0,?,26946559,0,0,16:12:05.568
000931.SZ,11:05:13.550,110513550,27337263,0.0,500,0.0,?,26946562,0,0,16:12:05.568
000931.SZ,11:05:13.550,110513550,27337270,0.0,300,0.0,?,26946579,0,0,16:12:05.568
000931.SZ,11:05:13.550,110513550,27337272,0.0,100,0.0,?,26946578,0,0,16:12:05.568
000931.SZ,11:05:13.550,110513550,27337273,0.0,100,0.0,?,26946577,0,0,16:12:05.568
000931.SZ,11:05:13.550,110513550,27337279,0.0,200,0.0,?,26946566,0,0,16:12:05.568
000931.SZ,11:05:13.550,110513550,27337280,0.0,500,0.0,?,26946565,0,0,16:12:05.568
000931.SZ,11:05:13.550,110513550,27337302,0.0,200,0.0,?,26946572,0,0,16:12:05.568
000931.SZ,11:05:13.550,110513550,27337303,0.0,100,0.0,?,26946571,0,0,16:12:05.568
000931.SZ,11:05:13.560,110513560,27337357,0.0,500,0.0,?,26946584,0,0,16:12:05.568
000931.SZ,11:05:13.560,110513560,27337363,0.0,300,0.0,?,26946585,0,0,16:12:05.568
000931.SZ,11:05:13.580,110513580,27337479,0.0,500,0.0,?,26946631,0,0,16:12:05.568
000931.SZ,11:05:13.580,110513580,27337480,0.0,300,0.0,?,26946630,0,0,16:12:05.568
000931.SZ,11:05:15.060,110515060,27345165,0.0,200,0.0,?,26831569,0,0,16:12:05.692
000931.SZ,11:05:15.060,110515060,27345166,0.0,100,0.0,?,26831570,0,0,16:12:05.692
000931.SZ,11:05:15.060,110515060,27345167,0.0,900,0.0,?,26831567,0,0,16:12:05.692
000931.SZ,11:05:15.060,110515060,27345168,0.0,100,0.0,?,26831571,0,0,16:12:05.692
000931.SZ,11:05:15.060,110515060,27345169,0.0,200,0.0,?,26831568,0,0,16:12:05.692
000931.SZ,11:05:15.060,110515060,27345170,0.0,800,0.0,?,26831576,0,0,16:12:05.692
000931.SZ,11:05:15.060,110515060,27345178,0.0,1800,0.0,?,26831572,0,0,16:12:05.692
000931.SZ,11:05:15.060,110515060,27345185,0.0,900,0.0,?,26831578,0,0,16:12:05.692
000931.SZ,11:05:15.070,110515070,27345193,0.0,600,0.0,?,26831577,0,0,16:12:05.692
000931.SZ,11:05:15.070,110515070,27345194,0.0,200,0.0,?,26831575,0,0,16:12:05.692
000931.SZ,11:05:15.070,110515070,27345197,0.0,300,0.0,?,26549551,0,0,16:12:05.692
000931.SZ,11:05:15.070,110515070,27345240,0.0,600,0.0,?,26831618,0,0,16:12:05.692
000931.SZ,11:05:15.070,110515070,27345243,0.0,100,0.0,?,26831662,0,0,16:12:05.692
000931.SZ,11:05:15.070,110515070,27345244,0.0,500,0.0,?,26831619,0,0,16:12:05.692
000931.SZ,11:05:15.070,110515070,27345245,0.0,200,0.0,?,26831663,0,0,16:12:05.692
000931.SZ,11:05:15.070,110515070,27345251,0.0,300,0.0,?,26831621,0,0,16:12:05.692
000931.SZ,11:05:15.070,110515070,27345252,0.0,200,0.0,?,26831622,0,0,16:12:05.692
000931.SZ,11:05:15.070,110515070,27345253,0.0,700,0.0,?,26831624,0,0,16:12:05.692
000931.SZ,11:05:15.080,110515080,27345306,4.99,100,0.0499,B,27336810,27345305,0,16:12:05.692
000931.SZ,11:05:15.080,110515080,27345307,4.99,100,0.0499,B,27336937,27345305,0,16:12:05.692
000931.SZ,11:05:15.080,110515080,27345318,0.0,300,0.0,?,26831651,0,0,16:12:05.692
000931.SZ,11:05:15.380,110515380,27346999,0.0,100,0.0,?,26858871,0,0,16:12:05.819
000931.SZ,11:05:15.570,110515570,27348172,0.0,100,0.0,?,26979152,0,0,16:12:05.819
000931.SZ,11:05:15.640,110515640,27348572,0.0,100,0.0,?,26978492,0,0,16:12:05.819
000931.SZ,11:05:15.700,110515700,27348769,4.98,100,0.0498,S,27348768,19695,0,16:12:05.819
000931.SZ,11:05:15.750,110515750,27348919,4.98,100,0.0498,S,27348918,19695,0,16:12:05.819
000931.SZ,11:05:15.760,110515760,27348984,0.0,2500,0.0,?,25731720,0,0,16:12:05.819
000931.SZ,11:05:15.840,110515840,27349493,0.0,1600,0.0,?,25731792,0,0,16:12:05.819
000931.SZ,11:05:16.040,110516040,27350543,0.0,1400,0.0,?,25732163,0,0,16:12:05.819
000931.SZ,11:05:16.040,110516040,27350546,0.0,700,0.0,?,25732169,0,0,16:12:05.819
000931.SZ,11:05:16.300,110516300,27351764,0.0,400,0.0,?,26977652,0,0,16:12:05.819
000931.SZ,11:05:16.400,110516400,27352206,4.98,400,0.1992,S,27352205,19695,0,16:12:05.913
000931.SZ,11:05:16.680,110516680,27354278,0.0,400,0.0,?,26975800,0,0,16:12:05.913
000931.SZ,11:05:16.680,110516680,27354285,0.0,300,0.0,?,26989038,0,0,16:12:05.913
000931.SZ,11:05:17.010,110517010,27355491,4.98,300,0.1494,S,27355490,19695,0,16:12:05.913
000931.SZ,11:05:17.070,110517070,27356012,0.0,100,0.0,?,26974644,0,0,16:12:05.913
000931.SZ,11:05:17.340,110517340,27357034,4.98,100,0.0498,S,27357033,19695,0,16:12:05.913
000931.SZ,11:05:17.490,110517490,27357586,4.98,400,0.1992,S,27357585,19695,0,16:12:06.068
000931.SZ,11:05:18.010,110518010,27358692,0.0,200,0.0,?,26993783,0,0,16:12:06.068
000931.SZ,11:05:18.160,110518160,27359346,0.0,800,0.0,?,26975649,0,0,16:12:06.068
000931.SZ,11:05:18.360,110518360,27360002,4.98,200,0.0996,S,27360001,19695,0,16:12:06.068
000931.SZ,11:05:18.470,110518470,27360407,0.0,800,0.0,?,26978861,0,0,16:12:06.068
000931.SZ,11:05:18.500,110518500,27360457,4.98,800,0.3984,S,27360456,19695,0,16:12:06.068
000931.SZ,11:05:18.570,110518570,27360666,4.98,800,0.3984,S,27360665,19695,0,16:12:06.068
000931.SZ,11:05:18.910,110518910,27361559,0.0,300,0.0,?,26983771,0,0,16:12:06.068
000931.SZ,11:05:19.170,110519170,27362681,0.0,100,0.0,?,27063749,0,0,16:12:06.068
000931.SZ,11:05:19.910,110519910,27365356,4.98,300,0.1494,S,27365355,19695,0,16:12:06.172
000931.SZ,11:05:20.470,110520470,27366683,0.0,400,0.0,?,16209273,0,0,16:12:06.172
000931.SZ,11:05:25.780,110525780,27379818,4.99,100,0.0499,B,27336937,27379817,0,16:12:06.442
000931.SZ,11:05:27.040,110527040,27382030,4.99,100,0.0499,B,27336937,27382029,0,16:12:06.565
000931.SZ,11:05:27.040,110527040,27382031,4.99,100,0.0499,B,27336951,27382029,0,16:12:06.565
000931.SZ,11:05:27.040,110527040,27382032,4.99,100,0.0499,B,27336958,27382029,0,16:12:06.565
000931.SZ,11:05:27.040,110527040,27382033,4.99,100,0.0499,B,27336962,27382029,0,16:12:06.565
000931.SZ,11:05:27.800,110527800,27383607,4.99,100,0.0499,B,27337006,27383606,0,16:12:06.565
000931.SZ,11:05:27.810,110527810,27383634,4.99,100,0.0499,B,27337006,27383633,0,16:12:06.565
000931.SZ,11:05:28.200,110528200,27384464,4.99,100,0.0499,B,27337006,27384463,0,16:12:06.565
000931.SZ,11:05:28.250,110528250,27384604,4.99,400,0.1996,B,27337006,27384603,0,16:12:06.565
000931.SZ,11:05:28.310,110528310,27384689,4.99,100,0.0499,B,27337006,27384688,0,16:12:06.660
000931.SZ,11:05:28.450,110528450,27384973,4.99,1400,0.6986,B,27337006,27384972,0,16:12:06.660
000931.SZ,11:05:28.450,110528450,27384975,4.99,100,0.0499,B,27337006,27384974,0,16:12:06.660
000931.SZ,11:05:28.800,110528800,27385642,4.99,300,0.1497,B,27337006,27385641,0,16:12:06.660
000931.SZ,11:05:28.860,110528860,27385736,0.0,3500,0.0,?,27361755,0,0,16:12:06.660
000931.SZ,11:05:29.250,110529250,27386346,4.99,300,0.1497,B,27337006,27386345,0,16:12:06.660
000931.SZ,11:05:29.310,110529310,27386425,4.99,100,0.0499,B,27337006,27386424,0,16:12:06.660
000931.SZ,11:05:29.330,110529330,27386453,0.0,2600,0.0,?,27260925,0,0,16:12:06.660
000931.SZ,11:05:29.350,110529350,27386482,0.0,100,0.0,?,27087162,0,0,16:12:06.660
000931.SZ,11:05:29.350,110529350,27386483,0.0,300,0.0,?,27087161,0,0,16:12:06.660
000931.SZ,11:05:29.350,110529350,27386484,0.0,4500,0.0,?,27337006,0,0,16:12:06.660
000931.SZ,11:05:29.350,110529350,27386487,0.0,5300,0.0,?,27337007,0,0,16:12:06.660
000931.SZ,11:05:29.350,110529350,27386488,0.0,2500,0.0,?,27087166,0,0,16:12:06.660
000931.SZ,11:05:29.780,110529780,27387324,0.0,2000,0.0,?,27299906,0,0,16:12:06.660
000931.SZ,11:05:29.790,110529790,27387348,0.0,2000,0.0,?,27299884,0,0,16:12:06.660
000931.SZ,11:05:30.510,110530510,27388780,4.99,200,0.0998,B,27337048,27388779,0,16:12:06.770
000931.SZ,11:05:30.780,110530780,27389218,4.98,100,0.0498,S,27389217,19695,0,16:12:06.770
000931.SZ,11:05:30.820,110530820,27389262,0.0,100,0.0,?,26777805,0,0,16:12:06.770
000931.SZ,11:05:31.600,110531600,27391276,4.99,600,0.2994,B,27337048,27391275,0,16:12:06.770
000931.SZ,11:05:31.600,110531600,27391280,4.99,100,0.0499,B,27337048,27391279,0,16:12:06.770
000931.SZ,11:05:34.580,110534580,27396580,4.99,1000,0.499,B,27337048,27396579,0,16:12:06.879
000931.SZ,11:05:34.580,110534580,27396581,4.99,100,0.0499,B,27337050,27396579,0,16:12:06.879
000931.SZ,11:05:34.580,110534580,27396582,4.99,100,0.0499,B,27337058,27396579,0,16:12:06.879
000931.SZ,11:05:34.580,110534580,27396583,4.99,100,0.0499,B,27337114,27396579,0,16:12:06.879
000931.SZ,11:05:34.580,110534580,27396584,4.99,100,0.0499,B,27337408,27396579,0,16:12:06.879
000931.SZ,11:05:34.580,110534580,27396585,4.99,1900,0.9481,B,27337432,27396579,0,16:12:06.879
000931.SZ,11:05:34.580,110534580,27396586,4.99,100,0.0499,B,27337450,27396579,0,16:12:06.879
000931.SZ,11:05:34.580,110534580,27396587,4.99,200,0.0998,B,27345199,27396579,0,16:12:06.879
000931.SZ,11:05:34.580,110534580,27396588,4.99,1400,0.6986,B,27345282,27396579,0,16:12:06.879
000931.SZ,11:05:34.580,110534580,27396589,4.99,200,0.0998,B,27347726,27396579,0,16:12:06.879
000931.SZ,11:05:34.580,110534580,27396590,4.99,700,0.3493,B,27347730,27396579,0,16:12:06.879
000931.SZ,11:05:34.580,110534580,27396591,4.99,100,0.0499,B,27347731,27396579,0,16:12:06.879
000931.SZ,11:05:34.580,110534580,27396592,4.99,600,0.2994,B,27347732,27396579,0,16:12:06.879
000931.SZ,11:05:34.580,110534580,27396593,4.99,200,0.0998,B,27347733,27396579,0,16:12:06.879
000931.SZ,11:05:34.580,110534580,27396594,4.99,500,0.2495,B,27347734,27396579,0,16:12:06.879
000931.SZ,11:05:34.580,110534580,27396595,4.99,1600,0.7984,B,27347735,27396579,0,16:12:06.879
000931.SZ,11:05:34.580,110534580,27396596,4.99,700,0.3493,B,27347743,27396579,0,16:12:06.879
000931.SZ,11:05:34.580,110534580,27396597,4.99,100,0.0499,B,27347752,27396579,0,16:12:06.879
000931.SZ,11:05:34.580,110534580,27396598,4.99,300,0.1497,B,27347844,27396579,0,16:12:06.879
000931.SZ,11:05:34.580,110534580,27396599,4.99,100,0.0499,B,27347845,27396579,0,16:12:06.879
000931.SZ,11:05:34.580,110534580,27396600,4.99,500,0.2495,B,27347846,27396579,0,16:12:06.879
000931.SZ,11:05:34.580,110534580,27396601,4.99,500,0.2495,B,27347853,27396579,0,16:12:06.879
000931.SZ,11:05:34.580,110534580,27396602,4.99,200,0.0998,B,27347863,27396579,0,16:12:06.879
000931.SZ,11:05:34.580,110534580,27396603,4.99,100,0.0499,B,27347864,27396579,0,16:12:06.879
000931.SZ,11:05:34.580,110534580,27396604,4.99,200,0.0998,B,27347869,27396579,0,16:12:06.879
000931.SZ,11:05:34.580,110534580,27396605,4.99,400,0.1996,B,27347892,27396579,0,16:12:06.879
000931.SZ,11:05:35.070,110535070,27397502,4.99,100,0.0499,B,27352146,27397501,0,16:12:07.021
000931.SZ,11:05:42.240,110542240,27410754,4.99,200,0.0998,B,27355652,27410753,0,16:12:07.272
000931.SZ,11:05:42.250,110542250,27410768,0.0,7500,0.0,?,26834381,0,0,16:12:07.272
000931.SZ,11:05:42.260,110542260,27410769,0.0,600,0.0,?,26834380,0,0,16:12:07.272
000931.SZ,11:05:42.260,110542260,27410771,0.0,2000,0.0,?,27299883,0,0,16:12:07.272
000931.SZ,11:05:45.970,110545970,27417763,4.99,100,0.0499,B,27355652,27417762,0,16:12:07.348
000931.SZ,11:05:45.970,110545970,27417764,4.99,300,0.1497,B,27358723,27417762,0,16:12:07.348
000931.SZ,11:05:45.970,110545970,27417765,4.99,3300,1.6467,B,27359466,27417762,0,16:12:07.348
000931.SZ,11:05:45.970,110545970,27417766,4.99,3900,1.9461,B,27359467,27417762,0,16:12:07.348
000931.SZ,11:05:45.970,110545970,27417767,4.99,700,0.3493,B,27359477,27417762,0,16:12:07.348
000931.SZ,11:05:45.970,110545970,27417768,4.99,700,0.3493,B,27359508,27417762,0,16:12:07.348
000931.SZ,11:05:45.970,110545970,27417769,4.99,800,0.3992,B,27359510,27417762,0,16:12:07.348
000931.SZ,11:05:45.970,110545970,27417770,4.99,200,0.0998,B,27361910,27417762,0,16:12:07.458
000931.SZ,11:05:45.970,110545970,27417771,4.99,200,0.0998,B,27362822,27417762,0,16:12:07.458
000931.SZ,11:05:45.970,110545970,27417772,4.99,400,0.1996,B,27366778,27417762,0,16:12:07.458
000931.SZ,11:05:45.970,110545970,27417773,4.99,200,0.0998,B,27382157,27417762,0,16:12:07.458
000931.SZ,11:05:45.970,110545970,27417774,4.99,100,0.0499,B,27383414,27417762,0,16:12:07.458
000931.SZ,11:05:45.970,110545970,27417775,4.99,100,0.0499,B,27388427,27417762,0,16:12:07.458
000931.SZ,11:05:45.970,110545970,27417776,4.99,200,0.0998,B,27396939,27417762,0,16:12:07.458
000931.SZ,11:05:45.970,110545970,27417777,4.99,100,0.0499,B,27396940,27417762,0,16:12:07.458
000931.SZ,11:05:45.970,110545970,27417778,4.99,1000,0.499,B,27396941,27417762,0,16:12:07.458
000931.SZ,11:05:45.970,110545970,27417779,4.99,300,0.1497,B,27396942,27417762,0,16:12:07.458
000931.SZ,11:05:45.970,110545970,27417780,4.99,100,0.0499,B,27396943,27417762,0,16:12:07.458
000931.SZ,11:05:45.970,110545970,27417781,4.99,1100,0.5489,B,27396944,27417762,0,16:12:07.458
000931.SZ,11:05:45.970,110545970,27417782,4.99,900,0.4491,B,27396945,27417762,0,16:12:07.458
000931.SZ,11:05:45.970,110545970,27417783,4.99,400,0.1996,B,27396947,27417762,0,16:12:07.458
000931.SZ,11:05:45.970,110545970,27417784,4.99,700,0.3493,B,27396948,27417762,0,16:12:07.458
000931.SZ,11:05:45.970,110545970,27417785,4.99,1000,0.499,B,27396949,27417762,0,16:12:07.458
000931.SZ,11:05:45.970,110545970,27417786,4.99,600,0.2994,B,27396968,27417762,0,16:12:07.458
000931.SZ,11:05:45.970,110545970,27417787,4.99,700,0.3493,B,27396969,27417762,0,16:12:07.458
000931.SZ,11:05:45.970,110545970,27417788,4.99,200,0.0998,B,27396970,27417762,0,16:12:07.458
000931.SZ,11:05:45.970,110545970,27417789,4.99,200,0.0998,B,27396971,27417762,0,16:12:07.458
000931.SZ,11:05:45.970,110545970,27417790,4.99,200,0.0998,B,27396972,27417762,0,16:12:07.458
000931.SZ,11:05:45.970,110545970,27417791,4.99,800,0.3992,B,27396973,27417762,0,16:12:07.458
000931.SZ,11:05:45.970,110545970,27417792,4.99,400,0.1996,B,27396974,27417762,0,16:12:07.458
000931.SZ,11:05:45.970,110545970,27417793,4.99,400,0.1996,B,27396979,27417762,0,16:12:07.458
000931.SZ,11:05:45.970,110545970,27417794,4.99,100,0.0499,B,27410671,27417762,0,16:12:07.458
000931.SZ,11:05:45.970,110545970,27417795,4.99,100,0.0499,B,27410772,27417762,0,16:12:07.458
000931.SZ,11:05:45.970,110545970,27417796,4.99,100,0.0499,B,27410773,27417762,0,16:12:07.458
000931.SZ,11:05:45.970,110545970,27417809,4.99,700,0.3493,S,27417808,27417762,0,16:12:07.458
000931.SZ,11:05:46.010,110546010,27417909,0.0,2300,0.0,?,0,27345101,0,16:12:07.458
000931.SZ,11:05:47.350,110547350,27420469,0.0,1600,0.0,?,0,27416282,0,16:12:07.458
000931.SZ,11:05:48.690,110548690,27422793,0.0,100,0.0,?,0,27418085,0,16:12:07.599
000931.SZ,11:05:51.290,110551290,27427148,4.99,500,0.2495,S,27427147,27417762,0,16:12:07.599
000931.SZ,11:05:51.310,110551310,27427171,4.99,1900,0.9481,S,27427170,27417762,0,16:12:07.599
000931.SZ,11:05:51.770,110551770,27428316,4.99,100,0.0499,S,27428315,27417762,0,16:12:07.730
000931.SZ,11:05:52.010,110552010,27428755,4.99,100,0.0499,S,27428754,27417762,0,16:12:07.730
000931.SZ,11:05:52.060,110552060,27428878,4.99,100,0.0499,S,27428877,27417762,0,16:12:07.730
000931.SZ,11:05:52.770,110552770,27430298,4.99,2500,1.2475,S,27430297,27417762,0,16:12:07.730
000931.SZ,11:05:52.800,110552800,27430341,4.99,400,0.1996,S,27430340,27417762,0,16:12:07.730
000931.SZ,11:05:52.800,110552800,27430352,4.99,100,0.0499,S,27430351,27417762,0,16:12:07.730
000931.SZ,11:05:52.840,110552840,27430426,4.99,1600,0.7984,S,27430425,27417762,0,16:12:07.730
000931.SZ,11:05:52.880,110552880,27430480,4.99,100,0.0499,S,27430479,27417762,0,16:12:07.730
000931.SZ,11:05:53.030,110553030,27430658,4.99,2700,1.3473,S,27430657,27417762,0,16:12:07.730
000931.SZ,11:05:53.040,110553040,27430690,4.99,300,0.1497,S,27430689,27417762,0,16:12:07.730
000931.SZ,11:05:53.060,110553060,27430715,4.99,1400,0.6986,S,27430714,27417762,0,16:12:07.730
000931.SZ,11:05:54.220,110554220,27432888,4.99,500,0.2495,S,27432887,27417762,0,16:12:07.730
000931.SZ,11:05:54.220,110554220,27432890,4.99,1900,0.9481,S,27432889,27417762,0,16:12:07.730
000931.SZ,11:05:54.220,110554220,27432892,4.99,2300,1.1477,S,27432891,27417762,0,16:12:07.730
000931.SZ,11:05:54.220,110554220,27432901,4.99,200,0.0998,S,27432900,27417762,0,16:12:07.730
000931.SZ,11:05:54.220,110554220,27432902,4.99,100,0.0499,S,27432900,27417815,0,16:12:07.730
000931.SZ,11:05:54.220,110554220,27432903,4.99,400,0.1996,S,27432900,27417816,0,16:12:07.730
000931.SZ,11:05:54.220,110554220,27432904,4.99,200,0.0998,S,27432900,27417817,0,16:12:07.730
000931.SZ,11:05:54.220,110554220,27432905,4.99,200,0.0998,S,27432900,27417818,0,16:12:07.730
000931.SZ,11:05:54.220,110554220,27432906,4.99,200,0.0998,S,27432900,27417821,0,16:12:07.730
000931.SZ,11:05:54.220,110554220,27432907,4.99,300,0.1497,S,27432900,27417822,0,16:12:07.730
000931.SZ,11:05:54.220,110554220,27432908,4.99,200,0.0998,S,27432900,27417823,0,16:12:07.730
000931.SZ,11:05:54.220,110554220,27432909,4.99,100,0.0499,S,27432900,27417824,0,16:12:07.730
000931.SZ,11:05:54.220,110554220,27432910,4.99,100,0.0499,S,27432900,27417825,0,16:12:07.730
000931.SZ,11:05:54.220,110554220,27432911,4.99,300,0.1497,S,27432900,27417826,0,16:12:07.730
000931.SZ,11:05:54.230,110554230,27432917,4.99,200,0.0998,S,27432916,27417827,0,16:12:07.730
000931.SZ,11:05:54.230,110554230,27432920,4.99,200,0.0998,S,27432919,27417828,0,16:12:07.730
000931.SZ,11:05:54.230,110554230,27432922,4.99,400,0.1996,S,27432921,27417828,0,16:12:07.730
000931.SZ,11:05:54.230,110554230,27432923,4.99,200,0.0998,S,27432921,27417829,0,16:12:07.730
000931.SZ,11:05:54.230,110554230,27432924,4.99,200,0.0998,S,27432921,27417830,0,16:12:07.730
000931.SZ,11:05:54.230,110554230,27432925,4.99,700,0.3493,S,27432921,27417831,0,16:12:07.730
000931.SZ,11:05:54.230,110554230,27432927,4.99,100,0.0499,S,27432926,27417831,0,16:12:07.730
000931.SZ,11:05:54.230,110554230,27432928,4.99,200,0.0998,S,27432926,27417832,0,16:12:07.730
000931.SZ,11:05:54.230,110554230,27432929,4.99,300,0.1497,S,27432926,27417833,0,16:12:07.730
000931.SZ,11:05:54.230,110554230,27432930,4.99,300,0.1497,S,27432926,27417834,0,16:12:07.730
000931.SZ,11:05:54.230,110554230,27432931,4.99,800,0.3992,S,27432926,27417835,0,16:12:07.730
000931.SZ,11:05:54.230,110554230,27432932,4.99,100,0.0499,S,27432926,27417836,0,16:12:07.730
000931.SZ,11:05:54.230,110554230,27432933,4.99,100,0.0499,S,27432926,27417837,0,16:12:07.730
000931.SZ,11:05:54.230,110554230,27432934,4.99,100,0.0499,S,27432926,27417838,0,16:12:07.730
000931.SZ,11:05:54.230,110554230,27432935,4.99,200,0.0998,S,27432926,27417839,0,16:12:07.730
000931.SZ,11:05:54.230,110554230,27432936,4.99,300,0.1497,S,27432926,27417840,0,16:12:07.730
000931.SZ,11:05:54.230,110554230,27432937,4.99,100,0.0499,S,27432926,27417841,0,16:12:07.730
000931.SZ,11:05:54.230,110554230,27432938,4.99,700,0.3493,S,27432926,27417842,0,16:12:07.730
000931.SZ,11:05:54.230,110554230,27432940,4.99,100,0.0499,S,27432939,27417842,0,16:12:07.730
000931.SZ,11:05:54.230,110554230,27432941,4.99,100,0.0499,S,27432939,27417843,0,16:12:07.730
000931.SZ,11:05:54.230,110554230,27432947,4.99,100,0.0499,S,27432946,27417843,0,16:12:07.730
000931.SZ,11:05:54.230,110554230,27432948,4.99,100,0.0499,S,27432946,27417844,0,16:12:07.730
000931.SZ,11:05:54.230,110554230,27432949,4.99,200,0.0998,S,27432946,27417845,0,16:12:07.730
000931.SZ,11:05:54.230,110554230,27432950,4.99,100,0.0499,S,27432946,27417846,0,16:12:07.730
000931.SZ,11:05:54.230,110554230,27432951,4.99,200,0.0998,S,27432946,27417847,0,16:12:07.730
000931.SZ,11:05:54.230,110554230,27432952,4.99,100,0.0499,S,27432946,27417849,0,16:12:07.730
000931.SZ,11:05:54.230,110554230,27432953,4.99,400,0.1996,S,27432946,27417851,0,16:12:07.730
000931.SZ,11:05:54.230,110554230,27432954,4.99,300,0.1497,S,27432946,27417855,0,16:12:07.730
000931.SZ,11:05:54.230,110554230,27432955,4.99,300,0.1497,S,27432946,27417859,0,16:12:07.730
000931.SZ,11:05:54.230,110554230,27432956,4.99,100,0.0499,S,27432946,27417860,0,16:12:07.730
000931.SZ,11:05:54.230,110554230,27432957,4.99,200,0.0998,S,27432946,27417861,0,16:12:07.730
000931.SZ,11:05:54.230,110554230,27432958,4.99,200,0.0998,S,27432946,27417869,0,16:12:07.730
000931.SZ,11:05:54.230,110554230,27432959,4.99,400,0.1996,S,27432946,27417877,0,16:12:07.730
000931.SZ,11:05:54.230,110554230,27432960,4.99,100,0.0499,S,27432946,27417880,0,16:12:07.730
000931.SZ,11:05:54.230,110554230,27432961,4.99,300,0.1497,S,27432946,27417900,0,16:12:07.730
000931.SZ,11:05:54.230,110554230,27432962,4.99,800,0.3992,S,27432946,27422869,0,16:12:07.730
000931.SZ,11:05:54.230,110554230,27432963,4.99,100,0.0499,S,27432946,27422900,0,16:12:07.821
000931.SZ,11:05:54.230,110554230,27432964,4.99,1600,0.7984,S,27432946,27423125,0,16:12:07.821
000931.SZ,11:05:54.230,110554230,27432965,4.99,1000,0.499,S,27432946,27423208,0,16:12:07.821
000931.SZ,11:05:54.230,110554230,27432966,4.99,1000,0.499,S,27432946,27423389,0,16:12:07.821
000931.SZ,11:05:54.230,110554230,27432967,4.99,1100,0.5489,S,27432946,27423666,0,16:12:07.821
000931.SZ,11:05:54.240,110554240,27432994,4.99,100,0.0499,S,27432993,27423666,0,16:12:07.821
000931.SZ,11:05:54.250,110554250,27433003,4.99,1000,0.499,S,27433002,27423666,0,16:12:07.821
000931.SZ,11:05:54.300,110554300,27433090,4.99,800,0.3992,S,27433089,27423666,0,16:12:07.821
000931.SZ,11:05:54.300,110554300,27433091,4.99,100,0.0499,S,27433089,27425144,0,16:12:07.821
000931.SZ,11:05:54.300,110554300,27433092,4.99,100,0.0499,S,27433089,27427633,0,16:12:07.821
000931.SZ,11:05:54.300,110554300,27433093,4.99,100,0.0499,S,27433089,27429596,0,16:12:07.821
000931.SZ,11:05:54.340,110554340,27433177,0.0,200,0.0,?,27422128,0,0,16:12:07.821
000931.SZ,11:05:54.760,110554760,27434037,0.0,100,0.0,?,25818712,0,0,16:12:07.821
000931.SZ,11:05:54.760,110554760,27434039,0.0,100,0.0,?,25818718,0,0,16:12:07.821
000931.SZ,11:05:54.760,110554760,27434043,0.0,100,0.0,?,25818720,0,0,16:12:07.821
000931.SZ,11:05:54.780,110554780,27434085,0.0,100,0.0,?,25818740,0,0,16:12:07.821
000931.SZ,11:05:54.780,110554780,27434091,0.0,100,0.0,?,25818742,0,0,16:12:07.821
000931.SZ,11:05:54.780,110554780,27434092,0.0,100,0.0,?,25818743,0,0,16:12:07.821
000931.SZ,11:05:54.780,110554780,27434093,0.0,100,0.0,?,25818741,0,0,16:12:07.821
000931.SZ,11:05:54.780,110554780,27434099,0.0,100,0.0,?,25818745,0,0,16:12:07.821
000931.SZ,11:05:54.920,110554920,27434294,0.0,100,0.0,?,25818708,0,0,16:12:07.821
000931.SZ,11:05:54.920,110554920,27434295,0.0,200,0.0,?,25818707,0,0,16:12:07.821
000931.SZ,11:05:54.920,110554920,27434296,0.0,100,0.0,?,25818711,0,0,16:12:07.821
000931.SZ,11:05:54.920,110554920,27434297,0.0,800,0.0,?,25818710,0,0,16:12:07.821
000931.SZ,11:05:54.920,110554920,27434300,0.0,300,0.0,?,25818717,0,0,16:12:07.821
000931.SZ,11:05:54.920,110554920,27434301,0.0,400,0.0,?,25818716,0,0,16:12:07.821
000931.SZ,11:05:54.930,110554930,27434304,0.0,100,0.0,?,25818744,0,0,16:12:07.821
000931.SZ,11:05:54.950,110554950,27434352,0.0,100,0.0,?,25818757,0,0,16:12:07.821
000931.SZ,11:05:55.060,110555060,27434578,4.99,300,0.1497,B,27433089,27434577,0,16:12:07.821
000931.SZ,11:05:55.060,110555060,27434580,4.99,100,0.0499,B,27433089,27434579,0,16:12:07.821
000931.SZ,11:05:55.060,110555060,27434582,4.99,100,0.0499,B,27433089,27434581,0,16:12:07.821
000931.SZ,11:05:55.060,110555060,27434584,4.99,100,0.0499,B,27433089,27434583,0,16:12:07.821
000931.SZ,11:05:55.060,110555060,27434586,4.99,100,0.0499,B,27433089,27434585,0,16:12:07.821
000931.SZ,11:05:55.060,110555060,27434588,4.99,200,0.0998,B,27433089,27434587,0,16:12:07.821
000931.SZ,11:05:55.060,110555060,27434591,4.99,200,0.0998,B,27433089,27434590,0,16:12:07.821
000931.SZ,11:05:55.060,110555060,27434593,4.99,100,0.0499,B,27433089,27434592,0,16:12:07.821
000931.SZ,11:05:55.070,110555070,27434607,4.99,700,0.3493,B,27433089,27434606,0,16:12:07.821
000931.SZ,11:05:55.070,110555070,27434608,4.99,600,0.2994,B,27433114,27434606,0,16:12:07.821
000931.SZ,11:05:55.070,110555070,27434609,4.99,400,0.1996,B,27433158,27434606,0,16:12:07.821
000931.SZ,11:05:55.070,110555070,27434610,4.99,100,0.0499,B,27433161,27434606,0,16:12:07.821
000931.SZ,11:05:55.070,110555070,27434611,4.99,100,0.0499,B,27433166,27434606,0,16:12:07.821
000931.SZ,11:05:55.070,110555070,27434612,4.99,100,0.0499,B,27433200,27434606,0,16:12:07.821
000931.SZ,11:05:55.070,110555070,27434613,4.99,100,0.0499,B,27433202,27434606,0,16:12:07.821
000931.SZ,11:05:55.070,110555070,27434614,4.99,200,0.0998,B,27433243,27434606,0,16:12:07.821
000931.SZ,11:05:55.070,110555070,27434619,4.99,100,0.0499,B,27433298,27434618,0,16:12:07.821
000931.SZ,11:05:55.070,110555070,27434622,4.99,100,0.0499,B,27433298,27434621,0,16:12:07.821
000931.SZ,11:05:55.070,110555070,27434624,4.99,100,0.0499,B,27433792,27434623,0,16:12:07.821
000931.SZ,11:05:55.070,110555070,27434626,4.99,100,0.0499,B,27434032,27434625,0,16:12:07.821
000931.SZ,11:05:55.070,110555070,27434628,4.99,100,0.0499,B,27434032,27434627,0,16:12:07.821
000931.SZ,11:05:55.070,110555070,27434630,4.99,100,0.0499,B,27434033,27434629,0,16:12:07.821
000931.SZ,11:05:55.070,110555070,27434632,4.99,100,0.0499,B,27434033,27434631,0,16:12:07.821
000931.SZ,11:05:55.070,110555070,27434634,4.99,100,0.0499,B,27434033,27434633,0,16:12:07.821
000931.SZ,11:05:55.070,110555070,27434637,4.99,100,0.0499,B,27434034,27434636,0,16:12:07.821
000931.SZ,11:05:55.070,110555070,27434639,4.99,100,0.0499,B,27434034,27434638,0,16:12:07.821
000931.SZ,11:05:55.070,110555070,27434641,4.99,100,0.0499,B,27434034,27434640,0,16:12:07.821
000931.SZ,11:05:55.070,110555070,27434643,4.99,100,0.0499,B,27434035,27434642,0,16:12:07.821
000931.SZ,11:05:55.070,110555070,27434645,4.99,100,0.0499,B,27434035,27434644,0,16:12:07.821
000931.SZ,11:05:55.070,110555070,27434647,4.99,100,0.0499,B,27434035,27434646,0,16:12:07.821
000931.SZ,11:05:55.070,110555070,27434649,4.99,100,0.0499,B,27434035,27434648,0,16:12:07.821
000931.SZ,11:05:55.070,110555070,27434651,4.99,100,0.0499,B,27434035,27434650,0,16:12:07.821
000931.SZ,11:05:55.070,110555070,27434653,4.99,100,0.0499,B,27434035,27434652,0,16:12:07.821
000931.SZ,11:05:55.080,110555080,27434657,4.99,300,0.1497,B,27434035,27434656,0,16:12:07.821
000931.SZ,11:05:55.080,110555080,27434659,4.99,100,0.0499,B,27434035,27434658,0,16:12:07.821
000931.SZ,11:05:55.080,110555080,27434660,4.99,200,0.0998,B,27434036,27434658,0,16:12:07.821
000931.SZ,11:05:55.080,110555080,27434661,4.99,400,0.1996,B,27434038,27434658,0,16:12:07.821
000931.SZ,11:05:55.080,110555080,27434662,4.99,900,0.4491,B,27434040,27434658,0,16:12:07.821
000931.SZ,11:05:55.080,110555080,27434663,4.99,600,0.2994,B,27434041,27434658,0,16:12:07.821
000931.SZ,11:05:55.080,110555080,27434664,4.99,1000,0.499,B,27434042,27434658,0,16:12:07.821
000931.SZ,11:05:55.080,110555080,27434665,4.99,1000,0.499,B,27434082,27434658,0,16:12:07.821
000931.SZ,11:05:55.080,110555080,27434666,4.99,600,0.2994,B,27434083,27434658,0,16:12:07.821
000931.SZ,11:05:55.080,110555080,27434667,4.99,200,0.0998,B,27434084,27434658,0,16:12:07.821
000931.SZ,11:05:55.080,110555080,27434668,4.99,300,0.1497,B,27434086,27434658,0,16:12:07.821
000931.SZ,11:05:55.080,110555080,27434669,4.99,400,0.1996,B,27434096,27434658,0,16:12:07.821
000931.SZ,11:05:55.080,110555080,27434670,4.99,300,0.1497,B,27434097,27434658,0,16:12:07.821
000931.SZ,11:05:55.080,110555080,27434671,4.99,800,0.3992,B,27434098,27434658,0,16:12:07.821
000931.SZ,11:05:55.080,110555080,27434672,4.99,400,0.1996,B,27434107,27434658,0,16:12:07.821
000931.SZ,11:05:55.080,110555080,27434688,4.99,1400,0.6986,S,27434687,27434658,0,16:12:07.821
000931.SZ,11:05:55.110,110555110,27434755,4.99,100,0.0499,S,27434754,27434658,0,16:12:07.821
000931.SZ,11:05:55.120,110555120,27434761,4.99,100,0.0499,S,27434760,27434658,0,16:12:07.821
000931.SZ,11:05:55.120,110555120,27434762,4.99,200,0.0998,S,27434760,27434737,0,16:12:07.821
000931.SZ,11:05:56.410,110556410,27437189,4.99,100,0.0499,S,27437188,27434819,0,16:12:07.943
000931.SZ,11:05:56.410,110556410,27437201,4.99,100,0.0499,S,27437200,27434821,0,16:12:07.943
000931.SZ,11:05:56.410,110556410,27437203,4.99,100,0.0499,S,27437202,27434822,0,16:12:07.943
000931.SZ,11:05:56.410,110556410,27437205,4.99,100,0.0499,S,27437204,27434823,0,16:12:07.943
000931.SZ,11:05:56.410,110556410,27437208,4.99,100,0.0499,S,27437207,27434975,0,16:12:07.943
000931.SZ,11:05:56.410,110556410,27437217,4.99,100,0.0499,S,27437216,27434987,0,16:12:07.943
000931.SZ,11:05:56.410,110556410,27437218,0.0,1600,0.0,?,0,27434602,0,16:12:07.943
000931.SZ,11:05:56.720,110556720,27437724,4.99,100,0.0499,B,27437220,27437723,0,16:12:07.943
000931.SZ,11:05:56.720,110556720,27437725,4.99,100,0.0499,B,27437224,27437723,0,16:12:07.943
000931.SZ,11:05:57.070,110557070,27438174,4.99,100,0.0499,B,27437397,27438173,0,16:12:07.943
000931.SZ,11:05:57.070,110557070,27438180,4.99,100,0.0499,B,27437404,27438179,0,16:12:07.943
000931.SZ,11:05:57.070,110557070,27438181,4.99,100,0.0499,B,27437523,27438179,0,16:12:07.943
000931.SZ,11:05:57.070,110557070,27438182,4.99,100,0.0499,B,27437549,27438179,0,16:12:07.943
000931.SZ,11:05:57.270,110557270,27438571,4.99,100,0.0499,S,27438570,27438179,0,16:12:07.943
000931.SZ,11:06:00.210,110600210,27444027,4.99,100,0.0499,B,27438824,27444026,0,16:12:08.122
000931.SZ,11:06:00.600,110600600,27445246,4.99,200,0.0998,B,27438824,27445245,0,16:12:08.122
000931.SZ,11:06:01.370,110601370,27446964,0.0,1600,0.0,?,0,27438066,0,16:12:08.266
000931.SZ,11:06:05.470,110605470,27455489,4.99,1100,0.5489,B,27438824,27455488,0,16:12:08.519
000931.SZ,11:06:05.470,110605470,27455490,4.99,200,0.0998,B,27438825,27455488,0,16:12:08.519
000931.SZ,11:06:05.470,110605470,27455491,4.99,400,0.1996,B,27443726,27455488,0,16:12:08.519
000931.SZ,11:06:05.470,110605470,27455492,4.99,100,0.0499,B,27444028,27455488,0,16:12:08.519
000931.SZ,11:06:06.880,110606880,27458128,0.0,1000,0.0,?,0,27402449,0,16:12:08.519
000931.SZ,11:06:14.970,110614970,27472953,4.99,400,0.1996,B,27444028,27472952,0,16:12:08.910
000931.SZ,11:06:14.970,110614970,27472954,4.99,600,0.2994,B,27444031,27472952,0,16:12:08.910
000931.SZ,11:06:14.970,110614970,27472957,0.0,1700,0.0,?,0,27450793,0,16:12:08.910
000931.SZ,11:06:15.020,110615020,27473025,4.99,1100,0.5489,B,27444031,27473024,0,16:12:08.910
000931.SZ,11:06:15.020,110615020,27473026,4.99,400,0.1996,B,27444032,27473024,0,16:12:08.910
000931.SZ,11:06:15.030,110615030,27473033,4.99,100,0.0499,B,27444032,27473032,0,16:12:08.910
000931.SZ,11:06:15.030,110615030,27473034,4.99,200,0.0998,B,27447168,27473032,0,16:12:08.910
000931.SZ,11:06:15.030,110615030,27473035,4.99,100,0.0499,B,27447169,27473032,0,16:12:08.910
000931.SZ,11:06:15.030,110615030,27473036,4.99,100,0.0499,B,27447170,27473032,0,16:12:08.910
000931.SZ,11:06:18.310,110618310,27478893,4.99,100,0.0499,B,27447170,27478892,0,16:12:09.052
000931.SZ,11:06:18.310,110618310,27478894,4.99,100,0.0499,B,27447171,27478892,0,16:12:09.052
000931.SZ,11:06:18.310,110618310,27478895,4.99,800,0.3992,B,27447172,27478892,0,16:12:09.052
000931.SZ,11:06:18.310,110618310,27478896,4.99,400,0.1996,B,27447178,27478892,0,16:12:09.052
000931.SZ,11:06:18.310,110618310,27478897,4.99,300,0.1497,B,27447179,27478892,0,16:12:09.052
000931.SZ,11:06:28.580,110628580,27496987,0.0,1000,0.0,?,0,18489891,0,16:12:09.518
000931.SZ,11:06:30.340,110630340,27499936,4.99,100,0.0499,B,27447180,27499935,0,16:12:09.518
000931.SZ,11:06:30.340,110630340,27499937,4.99,100,0.0499,B,27447182,27499935,0,16:12:09.518
000931.SZ,11:06:30.340,110630340,27499938,4.99,100,0.0499,B,27447187,27499935,0,16:12:09.518
000931.SZ,11:06:30.340,110630340,27499939,4.99,100,0.0499,B,27447238,27499935,0,16:12:09.518
000931.SZ,11:06:30.340,110630340,27499940,4.99,100,0.0499,B,27447239,27499935,0,16:12:09.518
000931.SZ,11:06:30.340,110630340,27499941,4.99,100,0.0499,B,27447240,27499935,0,16:12:09.518
000931.SZ,11:06:30.340,110630340,27499942,4.99,100,0.0499,B,27447241,27499935,0,16:12:09.518
000931.SZ,11:06:30.340,110630340,27499943,4.99,100,0.0499,B,27447242,27499935,0,16:12:09.518
000931.SZ,11:06:30.340,110630340,27499944,4.99,100,0.0499,B,27447243,27499935,0,16:12:09.518
000931.SZ,11:06:38.260,110638260,27514007,0.0,20000,0.0,?,0,23697960,0,16:12:09.973
000931.SZ,11:06:43.470,110643470,27523016,4.99,100,0.0499,B,27447244,27523015,0,16:12:10.151
000931.SZ,11:06:43.470,110643470,27523017,4.99,100,0.0499,B,27447246,27523015,0,16:12:10.151
000931.SZ,11:06:43.470,110643470,27523018,4.99,100,0.0499,B,27447260,27523015,0,16:12:10.151
000931.SZ,11:06:43.470,110643470,27523019,4.99,500,0.2495,B,27450789,27523015,0,16:12:10.151
000931.SZ,11:06:43.470,110643470,27523020,4.99,500,0.2495,B,27450790,27523015,0,16:12:10.151
000931.SZ,11:06:43.470,110643470,27523021,4.99,500,0.2495,B,27473453,27523015,0,16:12:10.151
000931.SZ,11:06:43.470,110643470,27523022,4.99,100,0.0499,B,27482631,27523015,0,16:12:10.151
000931.SZ,11:06:43.470,110643470,27523023,4.99,400,0.1996,B,27502038,27523015,0,16:12:10.151
000931.SZ,11:06:43.470,110643470,27523024,4.99,100,0.0499,B,27506020,27523015,0,16:12:10.151
000931.SZ,11:06:43.470,110643470,27523025,4.99,500,0.2495,B,27520906,27523015,0,16:12:10.151
000931.SZ,11:06:43.480,110643480,27523068,4.99,200,0.0998,S,27523067,27523015,0,16:12:10.151
000931.SZ,11:06:43.480,110643480,27523070,4.99,100,0.0499,S,27523069,27523015,0,16:12:10.151
000931.SZ,11:06:43.480,110643480,27523075,4.99,100,0.0499,S,27523074,27523015,0,16:12:10.151
000931.SZ,11:06:43.480,110643480,27523084,4.99,300,0.1497,S,27523083,27523015,0,16:12:10.151
000931.SZ,11:06:43.480,110643480,27523086,4.99,100,0.0499,S,27523085,27523015,0,16:12:10.151
000931.SZ,11:06:43.490,110643490,27523094,4.99,300,0.1497,S,27523093,27523015,0,16:12:10.151
000931.SZ,11:06:44.350,110644350,27524684,4.99,200,0.0998,S,27524683,27523044,0,16:12:10.151
000931.SZ,11:06:44.350,110644350,27524685,4.99,100,0.0499,S,27524683,27523045,0,16:12:10.151
000931.SZ,11:06:44.360,110644360,27524771,4.99,200,0.0998,S,27524770,27523052,0,16:12:10.151
000931.SZ,11:06:44.360,110644360,27524774,4.99,100,0.0499,S,27524773,27523071,0,16:12:10.151
000931.SZ,11:06:44.360,110644360,27524782,4.99,100,0.0499,S,27524781,27523071,0,16:12:10.151
000931.SZ,11:06:44.360,110644360,27524789,4.99,300,0.1497,S,27524788,27523146,0,16:12:10.151
000931.SZ,11:06:44.370,110644370,27524806,4.99,200,0.0998,S,27524805,27523146,0,16:12:10.151
000931.SZ,11:06:44.370,110644370,27524807,4.99,100,0.0499,S,27524805,27524778,0,16:12:10.151
000931.SZ,11:06:44.450,110644450,27524894,4.99,200,0.0998,S,27524893,27524778,0,16:12:10.151
000931.SZ,11:06:44.550,110644550,27525066,4.99,100,0.0499,S,27525065,27525046,0,16:12:10.151
000931.SZ,11:06:44.550,110644550,27525082,4.99,100,0.0499,S,27525081,27525048,0,16:12:10.151
000931.SZ,11:06:45.220,110645220,27526252,4.99,100,0.0499,B,27525081,27526251,0,16:12:10.151
000931.SZ,11:06:45.220,110645220,27526254,4.99,100,0.0499,B,27525106,27526253,0,16:12:10.151
000931.SZ,11:06:45.220,110645220,27526257,4.99,100,0.0499,B,27525106,27526256,0,16:12:10.151
000931.SZ,11:06:45.220,110645220,27526259,4.99,100,0.0499,B,27525112,27526258,0,16:12:10.151
000931.SZ,11:06:45.220,110645220,27526260,4.99,100,0.0499,B,27525288,27526258,0,16:12:10.151
000931.SZ,11:06:45.220,110645220,27526261,4.99,100,0.0499,B,27525725,27526258,0,16:12:10.151
000931.SZ,11:06:45.220,110645220,27526264,4.99,100,0.0499,B,27525726,27526263,0,16:12:10.151
000931.SZ,11:06:45.220,110645220,27526266,4.99,400,0.1996,B,27525726,27526265,0,16:12:10.151
000931.SZ,11:06:45.220,110645220,27526267,4.99,200,0.0998,B,27525728,27526265,0,16:12:10.151
000931.SZ,11:06:45.220,110645220,27526268,4.99,100,0.0499,B,27525729,27526265,0,16:12:10.151
000931.SZ,11:06:45.220,110645220,27526270,4.99,100,0.0499,B,27525729,27526269,0,16:12:10.151
000931.SZ,11:06:45.220,110645220,27526273,4.99,100,0.0499,B,27525732,27526272,0,16:12:10.151
000931.SZ,11:06:45.220,110645220,27526274,4.99,400,0.1996,B,27525733,27526272,0,16:12:10.151
000931.SZ,11:06:45.220,110645220,27526275,4.99,500,0.2495,B,27525734,27526272,0,16:12:10.151
000931.SZ,11:06:45.220,110645220,27526276,4.99,300,0.1497,B,27525735,27526272,0,16:12:10.151
000931.SZ,11:06:45.220,110645220,27526278,4.99,100,0.0499,B,27525735,27526277,0,16:12:10.151
000931.SZ,11:06:45.220,110645220,27526280,4.99,100,0.0499,B,27525735,27526279,0,16:12:10.151
000931.SZ,11:06:45.220,110645220,27526281,4.99,100,0.0499,B,27525755,27526279,0,16:12:10.151
000931.SZ,11:06:45.220,110645220,27526283,4.99,100,0.0499,B,27525755,27526282,0,16:12:10.151
000931.SZ,11:06:45.220,110645220,27526285,4.99,100,0.0499,B,27525755,27526284,0,16:12:10.151
000931.SZ,11:06:45.220,110645220,27526288,4.99,100,0.0499,B,27525756,27526287,0,16:12:10.151
000931.SZ,11:06:45.220,110645220,27526290,4.99,100,0.0499,B,27525756,27526289,0,16:12:10.151
000931.SZ,11:06:45.220,110645220,27526293,4.99,100,0.0499,B,27525757,27526292,0,16:12:10.151
000931.SZ,11:06:45.220,110645220,27526296,4.99,100,0.0499,B,27525758,27526295,0,16:12:10.151
000931.SZ,11:06:45.220,110645220,27526299,4.99,100,0.0499,B,27525758,27526298,0,16:12:10.151
000931.SZ,11:06:45.220,110645220,27526301,4.99,100,0.0499,B,27525759,27526300,0,16:12:10.151
000931.SZ,11:06:45.220,110645220,27526304,4.99,100,0.0499,B,27525759,27526303,0,16:12:10.151
000931.SZ,11:06:45.230,110645230,27526309,4.99,100,0.0499,B,27525760,27526308,0,16:12:10.151
000931.SZ,11:06:45.230,110645230,27526312,4.99,100,0.0499,B,27525760,27526311,0,16:12:10.151
000931.SZ,11:06:45.230,110645230,27526314,4.99,200,0.0998,B,27525760,27526313,0,16:12:10.151
000931.SZ,11:06:45.230,110645230,27526315,4.99,200,0.0998,B,27525773,27526313,0,16:12:10.151
000931.SZ,11:06:45.230,110645230,27526316,4.99,500,0.2495,B,27526162,27526313,0,16:12:10.151
000931.SZ,11:06:45.230,110645230,27526317,5.0,200,0.1,B,26474577,27526313,0,16:12:10.151
000931.SZ,11:06:45.230,110645230,27526325,5.0,100,0.05,B,26474577,27526324,0,16:12:10.151
000931.SZ,11:06:45.230,110645230,27526327,5.0,200,0.1,B,26474577,27526326,0,16:12:10.151
000931.SZ,11:06:45.230,110645230,27526330,5.0,100,0.05,B,26474577,27526329,0,16:12:10.151
000931.SZ,11:06:45.230,110645230,27526332,5.0,100,0.05,B,26474577,27526331,0,16:12:10.151
000931.SZ,11:06:45.230,110645230,27526334,4.99,200,0.0998,S,27526333,27526321,0,16:12:10.151
000931.SZ,11:06:45.230,110645230,27526336,5.0,100,0.05,B,26474577,27526335,0,16:12:10.151
000931.SZ,11:06:45.230,110645230,27526341,5.0,100,0.05,B,26474577,27526340,0,16:12:10.151
000931.SZ,11:06:45.230,110645230,27526357,5.0,800,0.4,B,26474577,27526356,0,16:12:10.151
000931.SZ,11:06:45.230,110645230,27526360,5.0,100,0.05,B,26474577,27526359,0,16:12:10.151
000931.SZ,11:06:45.230,110645230,27526373,5.0,100,0.05,B,26474577,27526372,0,16:12:10.151
000931.SZ,11:06:45.240,110645240,27526379,5.0,100,0.05,B,26474577,27526378,0,16:12:10.151
000931.SZ,11:06:45.260,110645260,27526442,5.0,100,0.05,B,26474577,27526441,0,16:12:10.151
000931.SZ,11:06:45.270,110645270,27526460,5.0,100,0.05,B,26474577,27526459,0,16:12:10.151
000931.SZ,11:06:45.290,110645290,27526525,5.0,100,0.05,B,26474577,27526524,0,16:12:10.151
000931.SZ,11:06:46.310,110646310,27529006,4.99,300,0.1497,S,27529005,27526321,0,16:12:10.232
000931.SZ,11:06:47.330,110647330,27531288,4.99,100,0.0499,S,27531287,27527881,0,16:12:10.378
000931.SZ,11:06:47.330,110647330,27531289,4.99,100,0.0499,S,27531287,27527882,0,16:12:10.378
000931.SZ,11:06:48.300,110648300,27535673,4.99,100,0.0499,S,27535672,27527883,0,16:12:10.378
000931.SZ,11:06:48.300,110648300,27535674,4.99,100,0.0499,S,27535672,27527886,0,16:12:10.378
000931.SZ,11:06:48.310,110648310,27535743,0.0,12500,0.0,?,0,27381995,0,16:12:10.378
000931.SZ,11:06:48.310,110648310,27535772,4.99,200,0.0998,S,27535771,27527887,0,16:12:10.378
000931.SZ,11:06:48.310,110648310,27535773,4.99,100,0.0499,S,27535771,27527888,0,16:12:10.378
000931.SZ,11:06:48.320,110648320,27535803,0.0,100,0.0,?,0,27388460,0,16:12:10.378
000931.SZ,11:06:48.330,110648330,27535870,4.99,100,0.0499,S,27535869,27527888,0,16:12:10.378
000931.SZ,11:06:48.330,110648330,27535871,4.99,100,0.0499,S,27535869,27527889,0,16:12:10.378
000931.SZ,11:06:48.330,110648330,27535872,4.99,100,0.0499,S,27535869,27527890,0,16:12:10.378
000931.SZ,11:06:48.330,110648330,27535873,4.99,500,0.2495,S,27535869,27529510,0,16:12:10.378
000931.SZ,11:06:48.330,110648330,27535874,4.99,100,0.0499,S,27535869,27535643,0,16:12:10.378
000931.SZ,11:06:48.430,110648430,27536178,5.0,100,0.05,B,26474577,27536177,0,16:12:10.378
000931.SZ,11:06:49.500,110649500,27538987,4.99,200,0.0998,S,27538986,27535643,0,16:12:10.473
000931.SZ,11:06:49.610,110649610,27539217,4.99,200,0.0998,S,27539216,27535643,0,16:12:10.473
000931.SZ,11:06:50.780,110650780,27541691,4.99,800,0.3992,S,27541690,27537063,0,16:12:10.473
000931.SZ,11:06:50.780,110650780,27541692,4.99,100,0.0499,S,27541690,27538102,0,16:12:10.473
000931.SZ,11:06:50.780,110650780,27541698,4.99,7900,3.9421,B,27541690,27541697,0,16:12:10.473
000931.SZ,11:06:51.310,110651310,27542966,0.0,100,0.0,?,0,27526294,0,16:12:10.473
000931.SZ,11:06:51.310,110651310,27542967,0.0,100,0.0,?,0,27526286,0,16:12:10.473
000931.SZ,11:06:51.310,110651310,27542970,0.0,400,0.0,?,0,27526255,0,16:12:10.473
000931.SZ,11:06:51.310,110651310,27542972,0.0,300,0.0,?,0,27526271,0,16:12:10.473
000931.SZ,11:06:51.310,110651310,27542974,0.0,100,0.0,?,0,27526297,0,16:12:10.473
000931.SZ,11:06:51.310,110651310,27542975,0.0,200,0.0,?,0,27526310,0,16:12:10.473
000931.SZ,11:06:51.310,110651310,27542976,0.0,100,0.0,?,0,27526319,0,16:12:10.473
000931.SZ,11:06:51.310,110651310,27542978,0.0,100,0.0,?,0,27526318,0,16:12:10.473
000931.SZ,11:06:51.320,110651320,27542981,0.0,300,0.0,?,0,27526323,0,16:12:10.473
000931.SZ,11:06:51.320,110651320,27542988,0.0,200,0.0,?,0,27526371,0,16:12:10.473
000931.SZ,11:06:51.320,110651320,27542997,0.0,700,0.0,?,0,27526349,0,16:12:10.473
000931.SZ,11:06:51.320,110651320,27543000,0.0,100,0.0,?,0,27526365,0,16:12:10.473
000931.SZ,11:06:54.350,110654350,27549650,0.0,10000,0.0,?,0,27346903,0,16:12:10.662
000931.SZ,11:07:10.350,110710350,27581529,4.99,100,0.0499,S,27581528,27543068,0,16:12:11.567
000931.SZ,11:07:11.990,110711990,27584893,4.99,100,0.0499,S,27584892,27543126,0,16:12:11.677
000931.SZ,11:07:11.990,110711990,27584894,4.99,100,0.0499,S,27584892,27549157,0,16:12:11.677
000931.SZ,11:07:11.990,110711990,27584895,4.99,100,0.0499,S,27584892,27549158,0,16:12:11.677
000931.SZ,11:07:11.990,110711990,27584896,4.99,100,0.0499,S,27584892,27549159,0,16:12:11.677
000931.SZ,11:07:11.990,110711990,27584897,4.99,100,0.0499,S,27584892,27554091,0,16:12:11.677
000931.SZ,11:07:11.990,110711990,27584898,4.99,200,0.0998,S,27584892,27554682,0,16:12:11.677
000931.SZ,11:07:11.990,110711990,27584899,4.99,1000,0.499,S,27584892,27562726,0,16:12:11.677
000931.SZ,11:07:11.990,110711990,27584900,4.99,100,0.0499,S,27584892,27563438,0,16:12:11.677
000931.SZ,11:07:11.990,110711990,27584901,4.99,800,0.3992,S,27584892,27568348,0,16:12:11.677
000931.SZ,11:07:11.990,110711990,27584902,4.99,800,0.3992,S,27584892,27574292,0,16:12:11.677
000931.SZ,11:07:11.990,110711990,27584903,4.99,800,0.3992,S,27584892,27580105,0,16:12:11.677
000931.SZ,11:07:11.990,110711990,27584904,4.99,700,0.3493,S,27584892,27580117,0,16:12:11.677
000931.SZ,11:07:14.750,110714750,27592019,0.0,14000,0.0,?,0,27584963,0,16:12:11.770
000931.SZ,11:07:20.640,110720640,27603920,0.0,60000,0.0,?,0,27558222,0,16:12:12.007
000931.SZ,11:07:32.920,110732920,27630271,0.0,500,0.0,?,0,26545989,0,16:12:12.643
000931.SZ,11:07:32.920,110732920,27630272,0.0,500,0.0,?,0,26516206,0,16:12:12.643
000931.SZ,11:07:39.300,110739300,27641318,0.0,100,0.0,?,27519894,0,0,16:12:12.879
000931.SZ,11:07:39.310,110739310,27641335,4.99,100,0.0499,S,27641334,27580117,0,16:12:12.879
000931.SZ,11:07:47.210,110747210,27656081,0.0,1000,0.0,?,0,27418007,0,16:12:13.222
000931.SZ,11:07:51.010,110751010,27665353,0.0,12500,0.0,?,0,27535882,0,16:12:13.489
000931.SZ,11:07:52.980,110752980,27669449,0.0,60000,0.0,?,0,27619924,0,16:12:13.614
000931.SZ,11:08:04.920,110804920,27694212,0.0,100,0.0,?,26276083,0,0,16:12:14.265
000931.SZ,11:08:04.930,110804930,27694234,4.99,100,0.0499,S,27694233,27580907,0,16:12:14.265
000931.SZ,11:08:05.980,110805980,27696055,0.0,100,0.0,?,25854511,0,0,16:12:14.265
000931.SZ,11:08:08.500,110808500,27700783,4.99,100,0.0499,S,27700782,27580907,0,16:12:14.471
000931.SZ,11:08:17.230,110817230,27715746,5.0,300,0.15,B,26474577,27715745,0,16:12:14.845
000931.SZ,11:08:31.530,110831530,27742895,0.0,100,0.0,?,26276082,0,0,16:12:15.501
000931.SZ,11:08:31.540,110831540,27742922,4.99,100,0.0499,S,27742921,27581006,0,16:12:15.501
000931.SZ,11:08:33.470,110833470,27746484,0.0,1000,0.0,?,0,23452129,0,16:12:15.501
000931.SZ,11:08:43.770,110843770,27765972,0.0,20000,0.0,?,0,1159483,0,16:12:16.034
000931.SZ,11:08:45.850,110845850,27769077,0.0,100,0.0,?,27644709,0,0,16:12:16.097
000931.SZ,11:08:45.860,110845860,27769090,4.99,100,0.0499,S,27769089,27581006,0,16:12:16.097
000931.SZ,11:08:56.550,110856550,27785664,0.0,100,0.0,?,27625845,0,0,16:12:16.550
000931.SZ,11:09:00.640,110900640,27792663,0.0,500,0.0,?,0,3102149,0,16:12:16.862
000931.SZ,11:09:02.340,110902340,27796295,4.99,900,0.4491,S,27796294,27581006,0,16:12:17.020
000931.SZ,11:09:02.340,110902340,27796296,4.99,100,0.0499,S,27796294,27584311,0,16:12:17.020
000931.SZ,11:09:02.340,110902340,27796297,4.99,100,0.0499,S,27796294,27587866,0,16:12:17.020
000931.SZ,11:09:02.340,110902340,27796298,4.99,1000,0.499,S,27796294,27588564,0,16:12:17.020
000931.SZ,11:09:02.340,110902340,27796299,4.99,800,0.3992,S,27796294,27591989,0,16:12:17.020
000931.SZ,11:09:02.340,110902340,27796300,4.99,1600,0.7984,S,27796294,27594277,0,16:12:17.020
000931.SZ,11:09:02.340,110902340,27796301,4.99,1600,0.7984,S,27796294,27600321,0,16:12:17.020
000931.SZ,11:09:02.340,110902340,27796302,4.99,800,0.3992,S,27796294,27600342,0,16:12:17.020
000931.SZ,11:09:02.340,110902340,27796303,4.99,800,0.3992,S,27796294,27600609,0,16:12:17.020
000931.SZ,11:09:02.340,110902340,27796304,4.99,100,0.0499,S,27796294,27600829,0,16:12:17.020
000931.SZ,11:09:02.340,110902340,27796305,4.99,1000,0.499,S,27796294,27600891,0,16:12:17.020
000931.SZ,11:09:02.340,110902340,27796306,4.99,1000,0.499,S,27796294,27602756,0,16:12:17.020
000931.SZ,11:09:02.340,110902340,27796307,4.99,2100,1.0479,S,27796294,27603648,0,16:12:17.020
000931.SZ,11:09:14.410,110914410,27819209,0.0,100,0.0,?,27446959,0,0,16:12:17.515
000931.SZ,11:09:14.450,110914450,27819346,4.99,100,0.0499,S,27819345,27603648,0,16:12:17.515
000931.SZ,11:09:27.990,110927990,27841123,5.0,100,0.05,B,26474577,27841122,0,16:12:18.081
000931.SZ,11:09:28.280,110928280,27841692,0.0,20000,0.0,?,0,10725520,0,16:12:18.081
000931.SZ,11:09:29.980,110929980,27844276,0.0,5000,0.0,?,5637335,0,0,16:12:18.189
000931.SZ,11:09:33.300,110933300,27850482,0.0,3000,0.0,?,0,20198479,0,16:12:18.269
000931.SZ,11:10:00.690,111000690,27896937,4.99,5000,2.495,S,27896936,27603648,0,16:12:18.769
000931.SZ,11:10:02.340,111002340,27901565,5.0,10000,5.0,B,26474577,27901564,0,16:12:18.803
000931.SZ,11:10:10.610,111010610,27917697,0.0,1000,0.0,?,0,22025051,0,16:12:18.965
000931.SZ,11:10:15.840,111015840,27928047,0.0,100,0.0,?,0,27349348,0,16:12:19.061
000931.SZ,11:10:15.900,111015900,27928150,5.0,1200,0.6,B,26474577,27928149,0,16:12:19.061
000931.SZ,11:10:16.200,111016200,27929100,0.0,100,0.0,?,0,27351172,0,16:12:19.061
000931.SZ,11:10:16.340,111016340,27929419,0.0,200,0.0,?,0,27351930,0,16:12:19.061
000931.SZ,11:10:16.840,111016840,27930821,0.0,200,0.0,?,0,27354872,0,16:12:19.102
000931.SZ,11:10:16.840,111016840,27930822,0.0,100,0.0,?,0,27354873,0,16:12:19.102
000931.SZ,11:10:19.940,111019940,27939931,0.0,300,0.0,?,0,26377177,0,16:12:19.139
000931.SZ,11:10:25.250,111025250,27952537,0.0,200,0.0,?,27886125,0,0,16:12:19.434
000931.SZ,11:10:25.280,111025280,27952590,4.99,100,0.0499,S,27952589,27603648,0,16:12:19.434
000931.SZ,11:10:25.590,111025590,27953640,0.0,2900,0.0,?,27309645,0,0,16:12:19.434
000931.SZ,11:10:31.510,111031510,27966199,4.99,100,0.0499,S,27966198,27603648,0,16:12:19.732
000931.SZ,11:10:31.690,111031690,27966552,0.0,200,0.0,?,0,27779394,0,16:12:19.732
000931.SZ,11:10:41.710,111041710,27985803,0.0,200,0.0,?,0,291165,0,16:12:20.282
000931.SZ,11:10:46.490,111046490,27994655,4.99,1500,0.7485,S,27994654,27603648,0,16:12:20.402
000931.SZ,11:10:56.280,111056280,28011798,0.0,100,0.0,?,0,27966564,0,16:12:20.858
000931.SZ,11:11:15.170,111115170,28052894,5.0,1700,0.85,B,26474577,28052893,0,16:12:21.880
000931.SZ,11:11:15.180,111115180,28052896,5.0,209300,104.65,B,26474577,28052895,0,16:12:21.880
000931.SZ,11:11:15.180,111115180,28052901,5.0,900,0.45,B,26474577,28052900,0,16:12:21.880
000931.SZ,11:11:15.180,111115180,28052903,5.0,10000,5.0,B,26474577,28052902,0,16:12:21.880
000931.SZ,11:11:15.180,111115180,28052905,5.0,900,0.45,B,26474577,28052904,0,16:12:21.880
000931.SZ,11:11:15.180,111115180,28052907,5.0,200,0.1,B,26474577,28052906,0,16:12:21.880
000931.SZ,11:11:15.180,111115180,28052909,5.0,300,0.15,B,26474577,28052908,0,16:12:21.880
000931.SZ,11:11:15.180,111115180,28052911,5.0,200,0.1,B,26474577,28052910,0,16:12:21.880
000931.SZ,11:11:15.180,111115180,28052913,5.0,2400,1.2,B,26474577,28052912,0,16:12:21.880
000931.SZ,11:11:15.180,111115180,28052915,5.0,4000,2.0,B,26474577,28052914,0,16:12:21.880
000931.SZ,11:11:15.180,111115180,28052917,5.0,200,0.1,B,26474577,28052916,0,16:12:21.880
000931.SZ,11:11:15.180,111115180,28052919,5.0,15100,7.55,B,26474577,28052918,0,16:12:21.880
000931.SZ,11:11:15.180,111115180,28052921,5.0,300,0.15,B,26474577,28052920,0,16:12:21.880
000931.SZ,11:11:15.180,111115180,28052923,5.0,27300,13.65,B,26474577,28052922,0,16:12:21.880
000931.SZ,11:11:15.180,111115180,28052925,5.0,40800,20.4,B,26474577,28052924,0,16:12:21.880
000931.SZ,11:11:15.180,111115180,28052927,5.0,100,0.05,B,26474577,28052926,0,16:12:21.880
000931.SZ,11:11:15.180,111115180,28052929,5.0,100,0.05,B,26474577,28052928,0,16:12:21.880
000931.SZ,11:11:15.180,111115180,28052931,5.0,100,0.05,B,26474577,28052930,0,16:12:21.880
000931.SZ,11:11:15.180,111115180,28052933,5.0,10000,5.0,B,26474577,28052932,0,16:12:21.880
000931.SZ,11:11:15.180,111115180,28052934,0.0,200,0.0,?,27899508,0,0,16:12:21.880
000931.SZ,11:11:15.180,111115180,28052936,5.0,50100,25.05,B,26474577,28052935,0,16:12:21.880
000931.SZ,11:11:15.180,111115180,28052937,0.0,400,0.0,?,26800159,0,0,16:12:21.880
000931.SZ,11:11:15.180,111115180,28052938,0.0,100,0.0,?,27957155,0,0,16:12:21.880
000931.SZ,11:11:15.180,111115180,28052949,5.0,4700,2.35,B,26474577,28052948,0,16:12:21.880
000931.SZ,11:11:15.180,111115180,28052951,5.0,8400,4.2,B,26474577,28052950,0,16:12:21.880
000931.SZ,11:11:15.180,111115180,28052953,5.0,8800,4.4,B,26474577,28052952,0,16:12:21.880
000931.SZ,11:11:15.190,111115190,28052955,5.0,13600,6.8,B,26474577,28052954,0,16:12:21.880
000931.SZ,11:11:15.190,111115190,28052957,5.0,500,0.25,B,26474577,28052956,0,16:12:21.880
000931.SZ,11:11:15.190,111115190,28052959,5.0,5100,2.55,B,26474577,28052958,0,16:12:21.880
000931.SZ,11:11:15.190,111115190,28052960,5.0,600,0.3,B,26481548,28052958,0,16:12:21.880
000931.SZ,11:11:15.190,111115190,28052961,5.0,1100,0.55,B,26482010,28052958,0,16:12:21.880
000931.SZ,11:11:15.190,111115190,28052962,5.0,500,0.25,B,26483465,28052958,0,16:12:21.880
000931.SZ,11:11:15.190,111115190,28052963,5.0,100,0.05,B,26486971,28052958,0,16:12:21.880
000931.SZ,11:11:15.190,111115190,28052964,5.0,200,0.1,B,26608381,28052958,0,16:12:21.880
000931.SZ,11:11:15.190,111115190,28052965,5.0,100,0.05,B,26624992,28052958,0,16:12:21.880
000931.SZ,11:11:15.190,111115190,28052966,5.0,500,0.25,B,26670030,28052958,0,16:12:21.880
000931.SZ,11:11:15.190,111115190,28052967,5.0,100,0.05,B,26683601,28052958,0,16:12:21.880
000931.SZ,11:11:15.190,111115190,28052972,5.0,100,0.05,B,26688962,28052971,0,16:12:21.880
000931.SZ,11:11:15.190,111115190,28052973,5.0,200,0.1,B,26695472,28052971,0,16:12:21.880
000931.SZ,11:11:15.190,111115190,28052974,5.0,100,0.05,B,26703170,28052971,0,16:12:21.880
000931.SZ,11:11:15.190,111115190,28052975,5.0,100,0.05,B,26708811,28052971,0,16:12:21.880
000931.SZ,11:11:15.190,111115190,28052976,5.0,100,0.05,B,26714359,28052971,0,16:12:21.880
000931.SZ,11:11:15.190,111115190,28052977,5.0,100,0.05,B,26721510,28052971,0,16:12:21.880
000931.SZ,11:11:15.190,111115190,28052978,5.0,300,0.15,B,26800161,28052971,0,16:12:21.880
000931.SZ,11:11:15.190,111115190,28052979,5.0,300,0.15,B,26800494,28052971,0,16:12:21.880
000931.SZ,11:11:15.190,111115190,28052980,5.0,400,0.2,B,26800495,28052971,0,16:12:21.880
000931.SZ,11:11:15.190,111115190,28052981,5.0,200,0.1,B,26800497,28052971,0,16:12:21.880
000931.SZ,11:11:15.190,111115190,28052982,5.0,200,0.1,B,26800515,28052971,0,16:12:21.880
000931.SZ,11:11:15.190,111115190,28052983,5.0,100,0.05,B,26800516,28052971,0,16:12:21.880
000931.SZ,11:11:15.190,111115190,28052984,5.0,100,0.05,B,26800518,28052971,0,16:12:21.880
000931.SZ,11:11:15.190,111115190,28052985,5.0,300,0.15,B,26800531,28052971,0,16:12:21.880
000931.SZ,11:11:15.190,111115190,28052986,5.0,200,0.1,B,26800556,28052971,0,16:12:21.880
000931.SZ,11:11:15.190,111115190,28052987,5.0,200,0.1,B,26800557,28052971,0,16:12:21.880
000931.SZ,11:11:15.190,111115190,28052988,5.0,300,0.15,B,26800559,28052971,0,16:12:21.880
000931.SZ,11:11:15.190,111115190,28052989,5.0,100,0.05,B,26800560,28052971,0,16:12:21.880
000931.SZ,11:11:15.190,111115190,28052990,5.0,100,0.05,B,26800561,28052971,0,16:12:21.880
000931.SZ,11:11:15.190,111115190,28052991,5.0,200,0.1,B,26800562,28052971,0,16:12:21.880
000931.SZ,11:11:15.190,111115190,28052992,5.0,200,0.1,B,26800563,28052971,0,16:12:21.880
000931.SZ,11:11:15.190,111115190,28052993,5.0,200,0.1,B,26800564,28052971,0,16:12:21.880
000931.SZ,11:11:15.190,111115190,28052994,5.0,200,0.1,B,26800586,28052971,0,16:12:21.880
000931.SZ,11:11:15.190,111115190,28052995,5.0,300,0.15,B,26808220,28052971,0,16:12:21.880
000931.SZ,11:11:15.190,111115190,28052996,5.0,300,0.15,B,26808221,28052971,0,16:12:21.880
000931.SZ,11:11:15.190,111115190,28052997,5.0,2000,1.0,B,26808222,28052971,0,16:12:21.880
000931.SZ,11:11:15.190,111115190,28052998,5.0,800,0.4,B,26808224,28052971,0,16:12:21.880
000931.SZ,11:11:15.190,111115190,28052999,5.0,1100,0.55,B,26808226,28052971,0,16:12:21.880
000931.SZ,11:11:15.190,111115190,28053000,5.0,800,0.4,B,26808249,28052971,0,16:12:21.880
000931.SZ,11:11:15.190,111115190,28053001,5.0,500,0.25,B,26808252,28052971,0,16:12:21.880
000931.SZ,11:11:15.190,111115190,28053002,5.0,600,0.3,B,26808254,28052971,0,16:12:21.880
000931.SZ,11:11:15.190,111115190,28053003,5.0,500,0.25,B,26808258,28052971,0,16:12:21.880
000931.SZ,11:11:15.190,111115190,28053004,5.0,600,0.3,B,26808259,28052971,0,16:12:21.880
000931.SZ,11:11:15.190,111115190,28053005,5.0,400,0.2,B,26808277,28052971,0,16:12:21.880
000931.SZ,11:11:15.190,111115190,28053006,5.0,200,0.1,B,26808289,28052971,0,16:12:21.880
000931.SZ,11:11:15.190,111115190,28053007,5.0,300,0.15,B,26808290,28052971,0,16:12:21.880
000931.SZ,11:11:15.190,111115190,28053008,5.0,300,0.15,B,26826324,28052971,0,16:12:21.880
000931.SZ,11:11:15.190,111115190,28053009,5.0,1600,0.8,B,26826349,28052971,0,16:12:21.880
000931.SZ,11:11:15.190,111115190,28053010,5.0,200,0.1,B,26826352,28052971,0,16:12:21.880
000931.SZ,11:11:15.190,111115190,28053011,5.0,1600,0.8,B,26826353,28052971,0,16:12:21.880
000931.SZ,11:11:15.190,111115190,28053012,5.0,100,0.05,B,26860971,28052971,0,16:12:21.880
000931.SZ,11:11:15.190,111115190,28053013,5.0,100,0.05,B,26918331,28052971,0,16:12:21.880
000931.SZ,11:11:15.190,111115190,28053014,5.0,200,0.1,B,26951189,28052971,0,16:12:21.880
000931.SZ,11:11:15.190,111115190,28053015,5.0,100,0.05,B,26951494,28052971,0,16:12:21.880
000931.SZ,11:11:15.190,111115190,28053016,5.0,400,0.2,B,26958397,28052971,0,16:12:21.880
000931.SZ,11:11:15.190,111115190,28053017,5.0,100,0.05,B,26958564,28052971,0,16:12:21.880
000931.SZ,11:11:15.190,111115190,28053018,5.0,1000,0.5,B,27002713,28052971,0,16:12:21.880
000931.SZ,11:11:15.190,111115190,28053019,5.0,200,0.1,B,27027036,28052971,0,16:12:21.880
000931.SZ,11:11:15.190,111115190,28053020,5.0,1000,0.5,B,27045724,28052971,0,16:12:21.880
000931.SZ,11:11:15.190,111115190,28053021,5.0,100,0.05,B,27245652,28052971,0,16:12:21.880
000931.SZ,11:11:15.190,111115190,28053022,5.0,900,0.45,B,27294425,28052971,0,16:12:21.880
000931.SZ,11:11:15.190,111115190,28053023,5.0,500,0.25,B,27345087,28052971,0,16:12:21.880
000931.SZ,11:11:15.190,111115190,28053024,5.0,1100,0.55,B,27432897,28052971,0,16:12:21.880
000931.SZ,11:11:15.190,111115190,28053025,5.0,200,0.1,B,27432899,28052971,0,16:12:21.880
000931.SZ,11:11:15.190,111115190,28053026,5.0,200,0.1,B,27432912,28052971,0,16:12:21.880
000931.SZ,11:11:15.190,111115190,28053027,5.0,200,0.1,B,27432918,28052971,0,16:12:21.880
000931.SZ,11:11:15.190,111115190,28053028,5.0,700,0.35,B,27432942,28052971,0,16:12:21.880
000931.SZ,11:11:15.190,111115190,28053029,5.0,300,0.15,B,27432943,28052971,0,16:12:21.880
000931.SZ,11:11:15.190,111115190,28053030,5.0,100,0.05,B,27432970,28052971,0,16:12:21.880
000931.SZ,11:11:15.190,111115190,28053031,5.0,100,0.05,B,27432988,28052971,0,16:12:21.880
000931.SZ,11:11:15.190,111115190,28053032,5.0,2000,1.0,B,27433188,28052971,0,16:12:21.880
000931.SZ,11:11:15.190,111115190,28053033,5.0,200,0.1,B,27433269,28052971,0,16:12:21.880
000931.SZ,11:11:15.190,111115190,28053034,5.0,500,0.25,B,27438553,28052971,0,16:12:21.880
000931.SZ,11:11:15.190,111115190,28053035,5.0,2000,1.0,B,27438555,28052971,0,16:12:21.880
000931.SZ,11:11:15.190,111115190,28053036,5.0,400,0.2,B,27438559,28052971,0,16:12:21.880
000931.SZ,11:11:15.190,111115190,28053037,5.0,1600,0.8,B,27438561,28052971,0,16:12:21.880
000931.SZ,11:11:15.190,111115190,28053038,5.0,2000,1.0,B,27438562,28052971,0,16:12:21.880
000931.SZ,11:11:15.190,111115190,28053039,5.0,300,0.15,B,27438563,28052971,0,16:12:21.880
000931.SZ,11:11:15.190,111115190,28053040,5.0,600,0.3,B,27438772,28052971,0,16:12:21.880
000931.SZ,11:11:15.190,111115190,28053041,5.0,700,0.35,B,27640991,28052971,0,16:12:21.880
000931.SZ,11:11:15.190,111115190,28053042,5.0,900,0.45,B,27728156,28052971,0,16:12:21.880
000931.SZ,11:11:15.190,111115190,28053043,5.0,800,0.4,B,27834088,28052971,0,16:12:21.880
000931.SZ,11:11:15.190,111115190,28053044,5.0,100,0.05,B,27844748,28052971,0,16:12:21.880
000931.SZ,11:11:15.190,111115190,28053045,5.0,100,0.05,B,27858968,28052971,0,16:12:21.880
000931.SZ,11:11:15.190,111115190,28053046,5.0,100,0.05,B,27953087,28052971,0,16:12:21.880
000931.SZ,11:11:15.190,111115190,28053047,5.0,600,0.3,B,27964990,28052971,0,16:12:21.880
000931.SZ,11:11:15.190,111115190,28053081,5.01,400,0.2004,B,25446873,28053080,0,16:12:21.880
000931.SZ,11:11:15.190,111115190,28053082,5.01,2400,1.2024,B,25501477,28053080,0,16:12:21.880
000931.SZ,11:11:15.190,111115190,28053083,5.01,800,0.4008,B,25504120,28053080,0,16:12:21.880
000931.SZ,11:11:15.190,111115190,28053084,5.01,800,0.4008,B,25505534,28053080,0,16:12:21.880
000931.SZ,11:11:15.190,111115190,28053085,5.01,900,0.4509,B,25509180,28053080,0,16:12:21.880
000931.SZ,11:11:15.190,111115190,28053086,5.01,3200,1.6032,B,25509199,28053080,0,16:12:21.880
000931.SZ,11:11:15.190,111115190,28053087,5.01,800,0.4008,B,25509222,28053080,0,16:12:21.880
000931.SZ,11:11:15.190,111115190,28053088,5.01,800,0.4008,B,25515489,28053080,0,16:12:21.880
000931.SZ,11:11:15.190,111115190,28053089,5.01,1100,0.5511,B,25515864,28053080,0,16:12:21.880
000931.SZ,11:11:15.190,111115190,28053090,5.01,800,0.4008,B,25516737,28053080,0,16:12:21.880
000931.SZ,11:11:15.190,111115190,28053091,5.01,800,0.4008,B,25524386,28053080,0,16:12:21.880
000931.SZ,11:11:15.190,111115190,28053092,5.01,200,0.1002,B,25577832,28053080,0,16:12:21.880
000931.SZ,11:11:15.190,111115190,28053093,5.01,100,0.0501,B,25731066,28053080,0,16:12:21.880
000931.SZ,11:11:15.190,111115190,28053094,5.01,200,0.1002,B,25806266,28053080,0,16:12:21.880
000931.SZ,11:11:15.190,111115190,28053095,5.01,100,0.0501,B,25806271,28053080,0,16:12:21.880
000931.SZ,11:11:15.190,111115190,28053096,5.01,100,0.0501,B,25806272,28053080,0,16:12:21.880
000931.SZ,11:11:15.190,111115190,28053097,5.01,200,0.1002,B,25806273,28053080,0,16:12:21.880
000931.SZ,11:11:15.190,111115190,28053098,5.01,100,0.0501,B,25806274,28053080,0,16:12:21.880
000931.SZ,11:11:15.190,111115190,28053099,5.01,1600,0.8016,B,25806277,28053080,0,16:12:21.880
000931.SZ,11:11:15.190,111115190,28053100,5.01,100,0.0501,B,25806278,28053080,0,16:12:21.880
000931.SZ,11:11:15.190,111115190,28053101,5.01,100,0.0501,B,25806433,28053080,0,16:12:21.880
000931.SZ,11:11:15.190,111115190,28053102,5.01,100,0.0501,B,25806434,28053080,0,16:12:21.880
000931.SZ,11:11:15.190,111115190,28053103,5.01,100,0.0501,B,25806435,28053080,0,16:12:21.880
000931.SZ,11:11:15.190,111115190,28053104,5.01,100,0.0501,B,25806436,28053080,0,16:12:21.880
000931.SZ,11:11:15.190,111115190,28053105,5.01,100,0.0501,B,25806440,28053080,0,16:12:21.880
000931.SZ,11:11:15.190,111115190,28053106,5.01,400,0.2004,B,25824808,28053080,0,16:12:21.880
000931.SZ,11:11:15.190,111115190,28053107,5.01,300,0.1503,B,25853960,28053080,0,16:12:21.880
000931.SZ,11:11:15.190,111115190,28053108,5.01,200,0.1002,B,25907678,28053080,0,16:12:21.880
000931.SZ,11:11:15.190,111115190,28053109,5.01,500,0.2505,B,25907679,28053080,0,16:12:21.880
000931.SZ,11:11:15.190,111115190,28053110,5.01,1300,0.6513,B,25962059,28053080,0,16:12:21.880
000931.SZ,11:11:15.190,111115190,28053111,5.01,1000,0.501,B,25992012,28053080,0,16:12:21.880
000931.SZ,11:11:15.190,111115190,28053112,5.01,1000,0.501,B,25998501,28053080,0,16:12:21.880
000931.SZ,11:11:15.190,111115190,28053113,5.01,600,0.3006,B,25998513,28053080,0,16:12:21.880
000931.SZ,11:11:15.190,111115190,28053114,5.01,400,0.2004,B,26008337,28053080,0,16:12:21.880
000931.SZ,11:11:15.190,111115190,28053115,5.01,4000,2.004,B,26021656,28053080,0,16:12:21.880
000931.SZ,11:11:15.190,111115190,28053116,5.01,1600,0.8016,B,26021685,28053080,0,16:12:21.880
000931.SZ,11:11:15.190,111115190,28053117,5.01,1000,0.501,B,26022277,28053080,0,16:12:21.880
000931.SZ,11:11:15.190,111115190,28053118,5.01,1000,0.501,B,26155824,28053080,0,16:12:21.880
000931.SZ,11:11:15.190,111115190,28053119,5.01,100,0.0501,B,26276081,28053080,0,16:12:21.880
000931.SZ,11:11:15.190,111115190,28053120,5.01,1800,0.9018,B,26290505,28053080,0,16:12:21.880
000931.SZ,11:11:15.190,111115190,28053121,5.01,3500,1.7535,B,26337111,28053080,0,16:12:21.880
000931.SZ,11:11:15.190,111115190,28053188,5.01,1100,0.5511,S,28053187,28053080,0,16:12:21.880
000931.SZ,11:11:15.190,111115190,28053191,5.02,200,0.1004,B,24050486,28053190,0,16:12:21.970
000931.SZ,11:11:15.190,111115190,28053193,5.02,200,0.1004,B,24050486,28053192,0,16:12:21.970
000931.SZ,11:11:15.190,111115190,28053195,5.02,100,0.0502,B,24050486,28053194,0,16:12:21.970
000931.SZ,11:11:15.190,111115190,28053197,5.02,200,0.1004,B,24050486,28053196,0,16:12:21.970
000931.SZ,11:11:15.200,111115200,28053246,5.02,100,0.0502,B,24050486,28053245,0,16:12:21.970
000931.SZ,11:11:15.200,111115200,28053247,0.0,100,0.0,?,0,27603655,0,16:12:21.970
000931.SZ,11:11:15.200,111115200,28053249,5.02,100,0.0502,B,24050486,28053248,0,16:12:21.970
000931.SZ,11:11:15.200,111115200,28053260,0.0,200,0.0,?,24204270,0,0,16:12:21.970
000931.SZ,11:11:15.200,111115200,28053263,5.02,400,0.2008,B,24050486,28053262,0,16:12:21.970
000931.SZ,11:11:15.200,111115200,28053264,5.02,200,0.1004,B,24204277,28053262,0,16:12:21.970
000931.SZ,11:11:15.200,111115200,28053265,5.02,200,0.1004,B,24246380,28053262,0,16:12:21.970
000931.SZ,11:11:15.200,111115200,28053266,5.02,200,0.1004,B,24506823,28053262,0,16:12:21.970
000931.SZ,11:11:15.200,111115200,28053267,5.02,100,0.0502,B,24654718,28053262,0,16:12:21.970
000931.SZ,11:11:15.200,111115200,28053271,5.02,100,0.0502,B,24654718,28053270,0,16:12:21.970
000931.SZ,11:11:15.210,111115210,28053328,5.02,300,0.1506,B,24654718,28053327,0,16:12:21.970
000931.SZ,11:11:15.210,111115210,28053329,5.02,100,0.0502,B,24882112,28053327,0,16:12:21.970
000931.SZ,11:11:15.210,111115210,28053330,5.02,100,0.0502,B,26229685,28053327,0,16:12:21.970
000931.SZ,11:11:15.210,111115210,28053332,5.02,100,0.0502,B,26229685,28053331,0,16:12:21.970
000931.SZ,11:11:15.210,111115210,28053333,5.02,300,0.1506,B,27603644,28053331,0,16:12:21.970
000931.SZ,11:11:15.210,111115210,28053340,5.02,2100,1.0542,S,28053339,28053331,0,16:12:21.970
000931.SZ,11:11:15.220,111115220,28053353,0.0,200,0.0,?,0,27779175,0,16:12:21.970
000931.SZ,11:11:15.220,111115220,28053354,0.0,11300,0.0,?,0,27706044,0,16:12:21.970
000931.SZ,11:11:15.220,111115220,28053356,0.0,2100,0.0,?,0,28053156,0,16:12:21.970
000931.SZ,11:11:15.220,111115220,28053368,5.02,300,0.1506,B,28053341,28053367,0,16:12:21.970
000931.SZ,11:11:15.220,111115220,28053369,0.0,100,0.0,?,0,27778972,0,16:12:21.970
000931.SZ,11:11:15.220,111115220,28053371,5.02,100,0.0502,B,28053341,28053370,0,16:12:21.970
000931.SZ,11:11:15.220,111115220,28053373,5.02,100,0.0502,B,28053341,28053372,0,16:12:21.970
000931.SZ,11:11:15.220,111115220,28053375,5.02,300,0.1506,B,28053341,28053374,0,16:12:21.970
000931.SZ,11:11:15.220,111115220,28053377,5.02,100,0.0502,B,28053341,28053376,0,16:12:21.970
000931.SZ,11:11:15.220,111115220,28053380,5.02,200,0.1004,B,28053341,28053379,0,16:12:21.970
000931.SZ,11:11:15.230,111115230,28053383,0.0,100,0.0,?,0,27779403,0,16:12:21.970
000931.SZ,11:11:15.230,111115230,28053396,5.02,200,0.1004,B,28053341,28053395,0,16:12:21.970
000931.SZ,11:11:15.230,111115230,28053398,0.0,100,0.0,?,0,27779359,0,16:12:21.970
000931.SZ,11:11:15.230,111115230,28053400,5.02,100,0.0502,B,28053341,28053399,0,16:12:21.970
000931.SZ,11:11:15.240,111115240,28053408,0.0,300,0.0,?,0,27525037,0,16:12:21.970
000931.SZ,11:11:15.240,111115240,28053409,0.0,1800,0.0,?,0,27779158,0,16:12:21.970
000931.SZ,11:11:15.240,111115240,28053411,5.02,700,0.3514,B,28053341,28053410,0,16:12:21.970
000931.SZ,11:11:15.240,111115240,28053412,5.02,500,0.251,B,28053342,28053410,0,16:12:21.970
000931.SZ,11:11:15.240,111115240,28053415,0.0,100,0.0,?,0,27937586,0,16:12:21.970
000931.SZ,11:11:15.240,111115240,28053419,5.02,100,0.0502,B,28053342,28053418,0,16:12:21.970
000931.SZ,11:11:15.270,111115270,28053467,5.02,100,0.0502,B,28053344,28053466,0,16:12:21.970
000931.SZ,11:11:15.310,111115310,28053544,0.0,5300,0.0,?,0,28053131,0,16:12:21.970
000931.SZ,11:11:15.310,111115310,28053545,0.0,100,0.0,?,0,28053132,0,16:12:21.970
000931.SZ,11:11:15.350,111115350,28053632,5.02,200,0.1004,B,28053344,28053631,0,16:12:21.970
000931.SZ,11:11:15.350,111115350,28053633,5.02,700,0.3514,B,28053347,28053631,0,16:12:21.970
000931.SZ,11:11:15.440,111115440,28053901,5.02,1400,0.7028,B,28053347,28053900,0,16:12:21.970
000931.SZ,11:11:15.440,111115440,28053907,5.03,100,0.0503,B,18717469,28053906,0,16:12:21.970
000931.SZ,11:11:15.460,111115460,28053983,5.02,1400,0.7028,S,28053982,28053972,0,16:12:21.970
000931.SZ,11:11:15.460,111115460,28053985,5.02,6300,3.1626,S,28053984,28053972,0,16:12:21.970
000931.SZ,11:11:15.480,111115480,28054057,5.02,100,0.0502,B,28053984,28054056,0,16:12:21.970
000931.SZ,11:11:15.490,111115490,28054059,5.02,100,0.0502,B,28053984,28054058,0,16:12:21.970
000931.SZ,11:11:15.490,111115490,28054062,5.02,100,0.0502,B,28053984,28054061,0,16:12:21.970
000931.SZ,11:11:15.490,111115490,28054064,5.02,100,0.0502,B,28053984,28054063,0,16:12:21.970
000931.SZ,11:11:15.490,111115490,28054069,5.02,100,0.0502,B,28053986,28054068,0,16:12:21.970
000931.SZ,11:11:15.490,111115490,28054071,5.02,300,0.1506,B,28053986,28054070,0,16:12:21.970
000931.SZ,11:11:15.490,111115490,28054073,5.02,100,0.0502,B,28053986,28054072,0,16:12:21.970
000931.SZ,11:11:15.490,111115490,28054078,5.02,200,0.1004,B,28053986,28054077,0,16:12:21.970
000931.SZ,11:11:15.490,111115490,28054097,5.02,100,0.0502,B,28053986,28054096,0,16:12:21.970
000931.SZ,11:11:15.500,111115500,28054103,5.02,100,0.0502,B,28053986,28054102,0,16:12:21.970
000931.SZ,11:11:15.500,111115500,28054105,5.02,100,0.0502,B,28053986,28054104,0,16:12:21.970
000931.SZ,11:11:15.500,111115500,28054107,5.02,200,0.1004,B,28053986,28054106,0,16:12:21.970
000931.SZ,11:11:15.500,111115500,28054110,5.02,100,0.0502,B,28053986,28054109,0,16:12:21.970
000931.SZ,11:11:15.500,111115500,28054112,5.02,200,0.1004,B,28053986,28054111,0,16:12:21.970
000931.SZ,11:11:15.500,111115500,28054116,5.02,200,0.1004,B,28053986,28054115,0,16:12:21.970
000931.SZ,11:11:15.500,111115500,28054122,5.02,100,0.0502,B,28053986,28054121,0,16:12:21.970
000931.SZ,11:11:15.500,111115500,28054151,5.02,200,0.1004,B,28053986,28054150,0,16:12:21.970
000931.SZ,11:11:15.500,111115500,28054153,5.02,200,0.1004,B,28053986,28054152,0,16:12:21.970
000931.SZ,11:11:15.520,111115520,28054202,5.02,100,0.0502,B,28053986,28054201,0,16:12:21.970
000931.SZ,11:11:15.520,111115520,28054204,5.02,400,0.2008,B,28053986,28054203,0,16:12:21.970
000931.SZ,11:11:15.520,111115520,28054213,5.02,100,0.0502,B,28053986,28054212,0,16:12:21.970
000931.SZ,11:11:15.530,111115530,28054234,5.02,200,0.1004,B,28053986,28054233,0,16:12:21.970
000931.SZ,11:11:15.540,111115540,28054270,5.02,100,0.0502,B,28053986,28054269,0,16:12:21.970
000931.SZ,11:11:15.540,111115540,28054273,5.02,100,0.0502,B,28053986,28054272,0,16:12:21.970
000931.SZ,11:11:15.570,111115570,28054383,5.02,100,0.0502,B,28053986,28054382,0,16:12:21.970
000931.SZ,11:11:15.570,111115570,28054385,5.02,100,0.0502,B,28053986,28054384,0,16:12:21.970
000931.SZ,11:11:15.570,111115570,28054387,5.02,300,0.1506,B,28053986,28054386,0,16:12:21.970
000931.SZ,11:11:15.570,111115570,28054393,5.02,200,0.1004,B,28053986,28054392,0,16:12:21.970
000931.SZ,11:11:16.190,111116190,28055903,0.0,49300,0.0,?,0,28053144,0,16:12:21.970
000931.SZ,11:11:16.290,111116290,28056093,0.0,5900,0.0,?,0,28053142,0,16:12:21.970
000931.SZ,11:11:16.290,111116290,28056094,0.0,9000,0.0,?,0,28053145,0,16:12:21.970
000931.SZ,11:11:16.290,111116290,28056095,0.0,25600,0.0,?,0,28053146,0,16:12:21.970
000931.SZ,11:11:16.290,111116290,28056096,0.0,68100,0.0,?,0,28053147,0,16:12:21.970
000931.SZ,11:11:16.290,111116290,28056098,0.0,5800,0.0,?,0,28053152,0,16:12:21.970
000931.SZ,11:11:16.390,111116390,28056409,0.0,24800,0.0,?,0,28053150,0,16:12:21.970
000931.SZ,11:11:16.390,111116390,28056410,0.0,17200,0.0,?,0,28053158,0,16:12:21.970
000931.SZ,11:11:16.390,111116390,28056411,0.0,300,0.0,?,0,28053124,0,16:12:21.970
000931.SZ,11:11:16.390,111116390,28056412,0.0,1500,0.0,?,0,28053126,0,16:12:21.970
000931.SZ,11:11:16.390,111116390,28056413,0.0,26200,0.0,?,0,28053125,0,16:12:21.970
000931.SZ,11:11:16.390,111116390,28056418,0.0,26200,0.0,?,0,28053141,0,16:12:21.970
000931.SZ,11:11:16.400,111116400,28056433,0.0,30000,0.0,?,0,28053338,0,16:12:21.970
000931.SZ,11:11:16.560,111116560,28056833,0.0,7700,0.0,?,28054002,0,0,16:12:22.095
000931.SZ,11:11:16.790,111116790,28057333,5.02,2400,1.2048,B,28053986,28057332,0,16:12:22.095
000931.SZ,11:11:16.790,111116790,28057334,5.02,1000,0.502,B,28053990,28057332,0,16:12:22.095
000931.SZ,11:11:16.790,111116790,28057335,5.02,1800,0.9036,B,28054042,28057332,0,16:12:22.095
000931.SZ,11:11:16.790,111116790,28057343,5.02,5000,2.51,B,28054042,28057342,0,16:12:22.095
000931.SZ,11:11:16.800,111116800,28057359,0.0,900,0.0,?,0,28053134,0,16:12:22.095
000931.SZ,11:11:16.800,111116800,28057360,0.0,4400,0.0,?,0,28053135,0,16:12:22.095
000931.SZ,11:11:16.800,111116800,28057361,0.0,1700,0.0,?,0,28053137,0,16:12:22.095
000931.SZ,11:11:16.800,111116800,28057376,0.0,100,0.0,?,0,28053230,0,16:12:22.095
000931.SZ,11:11:16.810,111116810,28057388,0.0,7200,0.0,?,28054042,0,0,16:12:22.095
000931.SZ,11:11:17.690,111117690,28059261,0.0,20000,0.0,?,0,28053153,0,16:12:22.095
000931.SZ,11:11:17.690,111117690,28059266,0.0,200,0.0,?,0,28053140,0,16:12:22.095
000931.SZ,11:11:17.690,111117690,28059267,0.0,1100,0.0,?,0,28053154,0,16:12:22.095
000931.SZ,11:11:17.690,111117690,28059269,0.0,3000,0.0,?,0,28053139,0,16:12:22.095
000931.SZ,11:11:17.690,111117690,28059270,0.0,1200,0.0,?,0,28053155,0,16:12:22.095
000931.SZ,11:11:17.690,111117690,28059271,0.0,2500,0.0,?,0,28053136,0,16:12:22.095
000931.SZ,11:11:18.040,111118040,28059822,5.02,400,0.2008,B,28056038,28059821,0,16:12:22.095
000931.SZ,11:11:18.360,111118360,28060673,0.0,800,0.0,?,0,27734023,0,16:12:22.095
000931.SZ,11:11:18.560,111118560,28061276,0.0,1800,0.0,?,0,27732468,0,16:12:22.095
000931.SZ,11:11:18.560,111118560,28061279,0.0,1400,0.0,?,0,27734528,0,16:12:22.095
000931.SZ,11:11:18.710,111118710,28061610,0.0,400,0.0,?,0,27727251,0,16:12:22.095
000931.SZ,11:11:18.710,111118710,28061611,0.0,900,0.0,?,0,27731013,0,16:12:22.095
000931.SZ,11:11:18.730,111118730,28061684,0.0,200,0.0,?,0,27731027,0,16:12:22.095
000931.SZ,11:11:18.890,111118890,28061951,0.0,100,0.0,?,0,27637148,0,16:12:22.194
000931.SZ,11:11:19.040,111119040,28062312,0.0,100,0.0,?,0,27937100,0,16:12:22.194
000931.SZ,11:11:19.170,111119170,28062787,0.0,200,0.0,?,0,27710149,0,16:12:22.194
000931.SZ,11:11:19.210,111119210,28062906,0.0,100,0.0,?,0,28014853,0,16:12:22.194
000931.SZ,11:11:19.220,111119220,28062918,0.0,100,0.0,?,0,27739802,0,16:12:22.194
000931.SZ,11:11:20.220,111120220,28065812,0.0,2900,0.0,?,0,28053130,0,16:12:22.194
000931.SZ,11:11:20.220,111120220,28065813,0.0,2200,0.0,?,0,28053127,0,16:12:22.194
000931.SZ,11:11:20.220,111120220,28065814,0.0,8100,0.0,?,0,28053138,0,16:12:22.194
000931.SZ,11:11:20.350,111120350,28066161,0.0,200,0.0,?,0,28041581,0,16:12:22.194
000931.SZ,11:11:20.850,111120850,28066964,0.0,200,0.0,?,0,28042724,0,16:12:22.272
000931.SZ,11:11:20.850,111120850,28066965,0.0,100,0.0,?,0,28042723,0,16:12:22.272
000931.SZ,11:11:20.850,111120850,28066966,0.0,100,0.0,?,0,28042725,0,16:12:22.272
000931.SZ,11:11:21.260,111121260,28068031,0.0,7400,0.0,?,0,28053273,0,16:12:22.272
000931.SZ,11:11:21.260,111121260,28068032,0.0,100,0.0,?,0,28053274,0,16:12:22.272
000931.SZ,11:11:21.260,111121260,28068044,0.0,100,0.0,?,0,28053282,0,16:12:22.272
000931.SZ,11:11:21.260,111121260,28068056,0.0,500,0.0,?,0,28053281,0,16:12:22.272
000931.SZ,11:11:21.260,111121260,28068057,0.0,100,0.0,?,0,28053276,0,16:12:22.272
000931.SZ,11:11:21.260,111121260,28068061,0.0,600,0.0,?,0,28053283,0,16:12:22.272
000931.SZ,11:11:21.260,111121260,28068062,0.0,100,0.0,?,0,28053275,0,16:12:22.272
000931.SZ,11:11:21.260,111121260,28068063,0.0,200,0.0,?,0,28053277,0,16:12:22.272
000931.SZ,11:11:21.260,111121260,28068064,0.0,1200,0.0,?,0,28053292,0,16:12:22.272
000931.SZ,11:11:21.260,111121260,28068067,0.0,100,0.0,?,0,28053287,0,16:12:22.272
000931.SZ,11:11:21.260,111121260,28068071,0.0,2100,0.0,?,0,28053286,0,16:12:22.272
000931.SZ,11:11:21.260,111121260,28068072,0.0,1600,0.0,?,0,28053291,0,16:12:22.272
000931.SZ,11:11:21.260,111121260,28068075,0.0,300,0.0,?,0,28053290,0,16:12:22.272
000931.SZ,11:11:21.260,111121260,28068079,0.0,1400,0.0,?,0,28053293,0,16:12:22.272
000931.SZ,11:11:21.260,111121260,28068080,0.0,100,0.0,?,0,28053311,0,16:12:22.272
000931.SZ,11:11:21.260,111121260,28068081,0.0,200,0.0,?,0,28053312,0,16:12:22.272
000931.SZ,11:11:21.260,111121260,28068089,0.0,100,0.0,?,0,28053318,0,16:12:22.272
000931.SZ,11:11:21.260,111121260,28068093,0.0,300,0.0,?,0,28053295,0,16:12:22.272
000931.SZ,11:11:21.270,111121270,28068108,0.0,100,0.0,?,0,28053337,0,16:12:22.272
000931.SZ,11:11:21.270,111121270,28068111,0.0,100,0.0,?,0,28053343,0,16:12:22.272
000931.SZ,11:11:21.270,111121270,28068116,0.0,14000,0.0,?,28060682,0,0,16:12:22.272
000931.SZ,11:11:21.280,111121280,28068120,0.0,11600,0.0,?,0,28053386,0,16:12:22.272
000931.SZ,11:11:21.280,111121280,28068121,0.0,1200,0.0,?,0,28053388,0,16:12:22.272
000931.SZ,11:11:21.280,111121280,28068122,0.0,300,0.0,?,0,28053390,0,16:12:22.272
000931.SZ,11:11:21.280,111121280,28068125,0.0,200,0.0,?,0,28053393,0,16:12:22.272
000931.SZ,11:11:21.290,111121290,28068164,0.0,100,0.0,?,0,28053426,0,16:12:22.272
000931.SZ,11:11:21.290,111121290,28068169,0.0,300,0.0,?,0,28053434,0,16:12:22.272
000931.SZ,11:11:21.290,111121290,28068170,0.0,100,0.0,?,0,28053405,0,16:12:22.272
000931.SZ,11:11:21.300,111121300,28068174,0.0,100,0.0,?,0,28053438,0,16:12:22.272
000931.SZ,11:11:21.300,111121300,28068175,0.0,100,0.0,?,0,28053429,0,16:12:22.272
000931.SZ,11:11:21.300,111121300,28068176,0.0,1100,0.0,?,0,28053441,0,16:12:22.272
000931.SZ,11:11:21.300,111121300,28068177,0.0,300,0.0,?,0,28053407,0,16:12:22.272
000931.SZ,11:11:21.300,111121300,28068178,0.0,1500,0.0,?,0,28053440,0,16:12:22.272
000931.SZ,11:11:21.320,111121320,28068228,0.0,100,0.0,?,0,28053458,0,16:12:22.272
000931.SZ,11:11:21.330,111121330,28068231,0.0,100,0.0,?,0,28053406,0,16:12:22.272
000931.SZ,11:11:21.330,111121330,28068232,0.0,100,0.0,?,0,28053481,0,16:12:22.272
000931.SZ,11:11:21.330,111121330,28068238,0.0,600,0.0,?,0,28053435,0,16:12:22.272
000931.SZ,11:11:21.790,111121790,28069330,0.0,1800,0.0,?,0,28053129,0,16:12:22.272
000931.SZ,11:11:22.620,111122620,28071906,0.0,300,0.0,?,0,28053143,0,16:12:22.371
000931.SZ,11:11:23.360,111123360,28073214,0.0,300,0.0,?,0,28053151,0,16:12:22.371
000931.SZ,11:11:23.370,111123370,28073220,5.02,300,0.1506,B,28056038,28073219,0,16:12:22.371
000931.SZ,11:11:23.370,111123370,28073226,0.0,1700,0.0,?,0,28053189,0,16:12:22.371
000931.SZ,11:11:23.370,111123370,28073227,0.0,3000,0.0,?,0,28053178,0,16:12:22.371
000931.SZ,11:11:23.370,111123370,28073228,0.0,3000,0.0,?,0,28053173,0,16:12:22.371
000931.SZ,11:11:23.370,111123370,28073230,0.0,3000,0.0,?,0,28053185,0,16:12:22.371
000931.SZ,11:11:23.370,111123370,28073231,0.0,1800,0.0,?,0,28053207,0,16:12:22.371
000931.SZ,11:11:23.370,111123370,28073232,0.0,3000,0.0,?,0,28053175,0,16:12:22.371
000931.SZ,11:11:23.370,111123370,28073233,0.0,2700,0.0,?,0,28053182,0,16:12:22.371
000931.SZ,11:11:23.370,111123370,28073235,0.0,3000,0.0,?,0,28053184,0,16:12:22.371
000931.SZ,11:11:23.370,111123370,28073236,0.0,2900,0.0,?,0,28053177,0,16:12:22.371
000931.SZ,11:11:23.370,111123370,28073238,0.0,3000,0.0,?,0,28053186,0,16:12:22.371
000931.SZ,11:11:23.370,111123370,28073239,0.0,3000,0.0,?,0,28053179,0,16:12:22.371
000931.SZ,11:11:23.370,111123370,28073251,0.0,3000,0.0,?,0,28053202,0,16:12:22.371
000931.SZ,11:11:23.370,111123370,28073252,0.0,3000,0.0,?,0,28053206,0,16:12:22.371
000931.SZ,11:11:23.370,111123370,28073253,0.0,100,0.0,?,0,28053251,0,16:12:22.371
000931.SZ,11:11:23.370,111123370,28073257,5.02,300,0.1506,B,28056038,28073256,0,16:12:22.371
000931.SZ,11:11:23.380,111123380,28073264,0.0,3000,0.0,?,0,28053335,0,16:12:22.371
000931.SZ,11:11:23.380,111123380,28073265,0.0,3000,0.0,?,0,28053334,0,16:12:22.371
000931.SZ,11:11:23.380,111123380,28073267,0.0,3000,0.0,?,0,28053227,0,16:12:22.371
000931.SZ,11:11:23.380,111123380,28073268,0.0,3000,0.0,?,0,28053214,0,16:12:22.371
000931.SZ,11:11:23.380,111123380,28073269,0.0,3000,0.0,?,0,28053217,0,16:12:22.371
000931.SZ,11:11:23.380,111123380,28073270,0.0,400,0.0,?,0,28053169,0,16:12:22.371
000931.SZ,11:11:23.380,111123380,28073271,0.0,3000,0.0,?,0,28053220,0,16:12:22.371
000931.SZ,11:11:23.380,111123380,28073272,0.0,3000,0.0,?,0,28053203,0,16:12:22.371
000931.SZ,11:11:23.380,111123380,28073273,0.0,3000,0.0,?,0,28053229,0,16:12:22.371
000931.SZ,11:11:23.380,111123380,28073274,0.0,3000,0.0,?,0,28053221,0,16:12:22.371
000931.SZ,11:11:23.380,111123380,28073275,0.0,3000,0.0,?,0,28053205,0,16:12:22.371
000931.SZ,11:11:23.420,111123420,28073346,0.0,3000,0.0,?,0,28053216,0,16:12:22.371
000931.SZ,11:11:23.420,111123420,28073347,0.0,1400,0.0,?,0,28053215,0,16:12:22.371
000931.SZ,11:11:23.420,111123420,28073348,0.0,100,0.0,?,0,28053159,0,16:12:22.371
000931.SZ,11:11:23.420,111123420,28073354,0.0,600,0.0,?,0,28053417,0,16:12:22.371
000931.SZ,11:11:23.470,111123470,28073433,0.0,8900,0.0,?,0,28053394,0,16:12:22.371
000931.SZ,11:11:24.000,111124000,28074575,0.0,10000,0.0,?,0,27624627,0,16:12:22.371
000931.SZ,11:11:27.440,111127440,28082139,0.0,2000,0.0,?,25860515,0,0,16:12:22.607
000931.SZ,11:11:27.450,111127450,28082160,0.0,2000,0.0,?,0,12805819,0,16:12:22.607
000931.SZ,11:11:27.770,111127770,28082813,5.02,300,0.1506,B,28056038,28082812,0,16:12:22.607
000931.SZ,11:11:27.770,111127770,28082814,5.02,100,0.0502,B,28057384,28082812,0,16:12:22.607
000931.SZ,11:11:27.790,111127790,28082872,0.0,3000,0.0,?,0,28053298,0,16:12:22.607
000931.SZ,11:11:28.120,111128120,28083693,0.0,198200,0.0,?,0,28053080,0,16:12:22.607
000931.SZ,11:11:29.380,111129380,28086104,0.0,5000,0.0,?,0,26337975,0,16:12:22.748
000931.SZ,11:11:35.070,111135070,28097569,5.02,100,0.0502,B,28060443,28097568,0,16:12:22.926
000931.SZ,11:11:35.070,111135070,28097570,5.02,300,0.1506,B,28060444,28097568,0,16:12:22.926
000931.SZ,11:11:35.070,111135070,28097571,5.02,4200,2.1084,B,28060636,28097568,0,16:12:22.926
000931.SZ,11:11:36.360,111136360,28100149,0.0,200,0.0,?,0,28053480,0,16:12:22.926
000931.SZ,11:11:38.500,111138500,28104316,0.0,100,0.0,?,28066413,0,0,16:12:23.063
000931.SZ,11:11:42.670,111142670,28111823,5.02,400,0.2008,B,28060636,28111822,0,16:12:23.249
000931.SZ,11:11:45.200,111145200,28116680,0.0,400,0.0,?,0,28053162,0,16:12:23.401
000931.SZ,11:11:45.200,111145200,28116684,0.0,700,0.0,?,0,28053183,0,16:12:23.401
000931.SZ,11:11:51.210,111151210,28128815,5.01,100,0.0501,S,28128814,28053213,0,16:12:23.652
000931.SZ,11:11:51.210,111151210,28128816,5.01,200,0.1002,S,28128814,28053387,0,16:12:23.652
000931.SZ,11:11:51.210,111151210,28128818,5.01,500,0.2505,S,28128817,28053387,0,16:12:23.652
000931.SZ,11:11:51.210,111151210,28128819,5.01,100,0.0501,S,28128817,28053389,0,16:12:23.652
000931.SZ,11:11:51.220,111151220,28128854,0.0,100,0.0,?,0,28053176,0,16:12:23.652
000931.SZ,11:11:51.220,111151220,28128855,0.0,300,0.0,?,0,28053068,0,16:12:23.652
000931.SZ,11:11:51.220,111151220,28128856,0.0,300,0.0,?,0,28053067,0,16:12:23.652
000931.SZ,11:11:51.220,111151220,28128857,0.0,100,0.0,?,0,28053077,0,16:12:23.652
000931.SZ,11:11:51.220,111151220,28128858,0.0,200,0.0,?,0,28053212,0,16:12:23.652
000931.SZ,11:11:51.220,111151220,28128859,0.0,100,0.0,?,0,28053079,0,16:12:23.652
000931.SZ,11:11:51.220,111151220,28128860,0.0,100,0.0,?,0,28053072,0,16:12:23.652
000931.SZ,11:11:51.220,111151220,28128861,0.0,500,0.0,?,0,28053211,0,16:12:23.652
000931.SZ,11:11:51.220,111151220,28128864,0.0,100,0.0,?,0,28053069,0,16:12:23.652
000931.SZ,11:11:51.220,111151220,28128865,0.0,100,0.0,?,0,28053122,0,16:12:23.652
000931.SZ,11:11:51.220,111151220,28128866,0.0,100,0.0,?,0,28053210,0,16:12:23.652
000931.SZ,11:11:51.220,111151220,28128867,0.0,100,0.0,?,0,28053074,0,16:12:23.652
000931.SZ,11:11:51.220,111151220,28128870,0.0,100,0.0,?,0,28053218,0,16:12:23.652
000931.SZ,11:11:51.220,111151220,28128871,0.0,300,0.0,?,0,28053198,0,16:12:23.652
000931.SZ,11:11:51.220,111151220,28128872,0.0,200,0.0,?,0,28053199,0,16:12:23.652
000931.SZ,11:11:51.220,111151220,28128873,0.0,100,0.0,?,0,28053204,0,16:12:23.652
000931.SZ,11:11:51.220,111151220,28128874,0.0,100,0.0,?,0,28053063,0,16:12:23.652
000931.SZ,11:11:51.220,111151220,28128875,0.0,100,0.0,?,0,28053200,0,16:12:23.652
000931.SZ,11:11:51.220,111151220,28128876,0.0,100,0.0,?,0,28053219,0,16:12:23.652
000931.SZ,11:11:51.220,111151220,28128877,0.0,100,0.0,?,0,28053226,0,16:12:23.652
000931.SZ,11:11:51.220,111151220,28128878,0.0,100,0.0,?,0,28053231,0,16:12:23.652
000931.SZ,11:11:51.220,111151220,28128887,0.0,100,0.0,?,0,28053064,0,16:12:23.652
000931.SZ,11:11:51.230,111151230,28128907,5.01,300,0.1503,S,28128906,28053389,0,16:12:23.652
000931.SZ,11:11:51.240,111151240,28128914,0.0,100,0.0,?,0,28053300,0,16:12:23.652
000931.SZ,11:11:51.240,111151240,28128915,0.0,100,0.0,?,0,28053301,0,16:12:23.652
000931.SZ,11:11:51.240,111151240,28128916,0.0,100,0.0,?,0,28053302,0,16:12:23.652
000931.SZ,11:11:51.240,111151240,28128918,0.0,100,0.0,?,0,28053299,0,16:12:23.652
000931.SZ,11:11:52.260,111152260,28131033,5.02,3000,1.506,B,28060636,28131032,0,16:12:23.776
000931.SZ,11:11:52.260,111152260,28131034,5.02,300,0.1506,B,28063574,28131032,0,16:12:23.776
000931.SZ,11:11:52.260,111152260,28131035,5.02,100,0.0502,B,28077240,28131032,0,16:12:23.776
000931.SZ,11:11:52.260,111152260,28131036,5.02,100,0.0502,B,28077254,28131032,0,16:12:23.776
000931.SZ,11:11:52.260,111152260,28131037,5.02,300,0.1506,B,28079065,28131032,0,16:12:23.776
000931.SZ,11:11:52.260,111152260,28131038,5.02,800,0.4016,B,28081687,28131032,0,16:12:23.776
000931.SZ,11:11:52.260,111152260,28131039,5.02,3000,1.506,B,28083671,28131032,0,16:12:23.776
000931.SZ,11:11:52.260,111152260,28131040,5.02,100,0.0502,B,28086106,28131032,0,16:12:23.776
000931.SZ,11:11:52.260,111152260,28131041,5.02,800,0.4016,B,28088323,28131032,0,16:12:23.776
000931.SZ,11:11:52.260,111152260,28131042,5.02,4600,2.3092,B,28088425,28131032,0,16:12:23.776
000931.SZ,11:11:54.190,111154190,28134146,0.0,100,0.0,?,0,28053258,0,16:12:23.776
000931.SZ,11:11:56.580,111156580,28137968,5.02,200,0.1004,B,28088425,28137967,0,16:12:23.895
000931.SZ,11:12:03.260,111203260,28150498,0.0,100,0.0,?,0,27779455,0,16:12:24.275
000931.SZ,11:12:03.280,111203280,28150549,0.0,100,0.0,?,0,27779358,0,16:12:24.275
000931.SZ,11:12:07.580,111207580,28159796,0.0,400,0.0,?,0,27779400,0,16:12:24.520
000931.SZ,11:12:07.880,111207880,28160089,0.0,100,0.0,?,0,26932093,0,16:12:24.520
000931.SZ,11:12:15.430,111215430,28173225,0.0,1000,0.0,?,247633,0,0,16:12:24.804
000931.SZ,11:12:15.430,111215430,28173229,0.0,7000,0.0,?,0,28053073,0,16:12:24.804
000931.SZ,11:12:18.270,111218270,28179266,0.0,200,0.0,?,0,28053506,0,16:12:24.914
000931.SZ,11:12:21.010,111221010,28184880,0.0,12500,0.0,?,0,28059747,0,16:12:25.038
000931.SZ,11:12:22.080,111222080,28187122,0.0,20000,0.0,?,0,28037165,0,16:12:25.237
000931.SZ,11:12:30.620,111230620,28202749,5.01,300,0.1503,S,28202748,28053389,0,16:12:25.599
000931.SZ,11:12:30.630,111230630,28202795,5.01,200,0.1002,S,28202794,28053389,0,16:12:25.599
000931.SZ,11:12:30.670,111230670,28202922,0.0,900,0.0,?,0,28053384,0,16:12:25.599
000931.SZ,11:12:31.650,111231650,28205485,5.01,400,0.2004,S,28205484,28053389,0,16:12:25.599
000931.SZ,11:12:31.660,111231660,28205511,5.01,200,0.1002,S,28205510,28053389,0,16:12:25.599
000931.SZ,11:12:31.670,111231670,28205518,5.01,200,0.1002,S,28205517,28053389,0,16:12:25.599
000931.SZ,11:12:31.730,111231730,28205762,5.01,200,0.1002,S,28205761,28053389,0,16:12:25.599
000931.SZ,11:12:32.640,111232640,28207944,5.01,200,0.1002,S,28207943,28053389,0,16:12:25.709
000931.SZ,11:12:32.820,111232820,28208233,5.01,700,0.3507,S,28208232,28053403,0,16:12:25.709
000931.SZ,11:12:32.820,111232820,28208234,5.01,5600,2.8056,S,28208232,28053404,0,16:12:25.709
000931.SZ,11:12:32.830,111232830,28208238,5.01,17700,8.8677,S,28208237,28053404,0,16:12:25.709
000931.SZ,11:12:32.830,111232830,28208239,5.01,100,0.0501,S,28208237,28053462,0,16:12:25.709
000931.SZ,11:12:32.830,111232830,28208240,5.01,5200,2.6052,S,28208237,28053535,0,16:12:25.709
000931.SZ,11:12:32.830,111232830,28208241,5.01,9900,4.9599,S,28208237,28053793,0,16:12:25.709
000931.SZ,11:12:32.830,111232830,28208242,5.01,800,0.4008,S,28208237,28063448,0,16:12:25.709
000931.SZ,11:12:32.830,111232830,28208243,5.01,1800,0.9018,S,28208237,28063995,0,16:12:25.709
000931.SZ,11:12:32.830,111232830,28208244,5.01,1400,0.7014,S,28208237,28063996,0,16:12:25.709
000931.SZ,11:12:32.830,111232830,28208245,5.01,400,0.2004,S,28208237,28064492,0,16:12:25.709
000931.SZ,11:12:32.830,111232830,28208246,5.01,900,0.4509,S,28208237,28064494,0,16:12:25.709
000931.SZ,11:12:32.830,111232830,28208247,5.01,200,0.1002,S,28208237,28064563,0,16:12:25.709
000931.SZ,11:12:32.830,111232830,28208248,5.01,100,0.0501,S,28208237,28065809,0,16:12:25.709
000931.SZ,11:12:32.830,111232830,28208249,5.01,100,0.0501,S,28208237,28069838,0,16:12:25.709
000931.SZ,11:12:32.830,111232830,28208250,5.01,200,0.1002,S,28208237,28072893,0,16:12:25.709
000931.SZ,11:12:32.830,111232830,28208251,5.01,100,0.0501,S,28208237,28094773,0,16:12:25.709
000931.SZ,11:12:32.830,111232830,28208252,5.01,100,0.0501,S,28208237,28094779,0,16:12:25.709
000931.SZ,11:12:32.830,111232830,28208253,5.01,200,0.1002,S,28208237,28101801,0,16:12:25.709
000931.SZ,11:12:32.830,111232830,28208254,5.01,200,0.1002,S,28208237,28101803,0,16:12:25.709
000931.SZ,11:12:32.830,111232830,28208255,5.01,300,0.1503,S,28208237,28101804,0,16:12:25.709
000931.SZ,11:12:32.830,111232830,28208256,5.01,200,0.1002,S,28208237,28101805,0,16:12:25.709
000931.SZ,11:12:32.830,111232830,28208257,5.01,200,0.1002,S,28208237,28101826,0,16:12:25.709
000931.SZ,11:12:32.830,111232830,28208258,5.01,200,0.1002,S,28208237,28102183,0,16:12:25.709
000931.SZ,11:12:32.830,111232830,28208259,5.01,300,0.1503,S,28208237,28106627,0,16:12:25.709
000931.SZ,11:12:32.830,111232830,28208260,5.01,300,0.1503,S,28208237,28106628,0,16:12:25.709
000931.SZ,11:12:32.830,111232830,28208261,5.01,400,0.2004,S,28208237,28111840,0,16:12:25.709
000931.SZ,11:12:32.830,111232830,28208262,5.01,300,0.1503,S,28208237,28111843,0,16:12:25.709
000931.SZ,11:12:32.830,111232830,28208263,5.01,100,0.0501,S,28208237,28134177,0,16:12:25.709
000931.SZ,11:12:32.830,111232830,28208264,5.01,100,0.0501,S,28208237,28145478,0,16:12:25.709
000931.SZ,11:12:32.830,111232830,28208265,5.01,200,0.1002,S,28208237,28145488,0,16:12:25.709
000931.SZ,11:12:32.830,111232830,28208266,5.01,100,0.0501,S,28208237,28148452,0,16:12:25.709
000931.SZ,11:12:32.830,111232830,28208267,5.01,100,0.0501,S,28208237,28148454,0,16:12:25.709
000931.SZ,11:12:32.830,111232830,28208268,5.01,100,0.0501,S,28208237,28148456,0,16:12:25.709
000931.SZ,11:12:32.830,111232830,28208269,5.01,100,0.0501,S,28208237,28148457,0,16:12:25.709
000931.SZ,11:12:32.830,111232830,28208270,5.01,100,0.0501,S,28208237,28148459,0,16:12:25.709
000931.SZ,11:12:32.830,111232830,28208271,5.01,100,0.0501,S,28208237,28148460,0,16:12:25.709
000931.SZ,11:12:32.830,111232830,28208272,5.01,100,0.0501,S,28208237,28148461,0,16:12:25.709
000931.SZ,11:12:32.830,111232830,28208273,5.01,100,0.0501,S,28208237,28148525,0,16:12:25.709
000931.SZ,11:12:32.830,111232830,28208274,5.01,100,0.0501,S,28208237,28154157,0,16:12:25.709
000931.SZ,11:12:32.830,111232830,28208275,5.01,1000,0.501,S,28208237,28155662,0,16:12:25.709
000931.SZ,11:12:32.830,111232830,28208276,5.01,100,0.0501,S,28208237,28159232,0,16:12:25.709
000931.SZ,11:12:32.830,111232830,28208277,5.01,100,0.0501,S,28208237,28160470,0,16:12:25.709
000931.SZ,11:12:32.830,111232830,28208278,5.01,100,0.0501,S,28208237,28168580,0,16:12:25.709
000931.SZ,11:12:32.830,111232830,28208279,5.01,100,0.0501,S,28208237,28168664,0,16:12:25.709
000931.SZ,11:12:32.830,111232830,28208280,5.01,100,0.0501,S,28208237,28194397,0,16:12:25.709
000931.SZ,11:12:32.830,111232830,28208287,0.0,10000,0.0,?,0,28053172,0,16:12:25.709
000931.SZ,11:12:32.840,111232840,28208294,0.0,36900,0.0,?,0,28053157,0,16:12:25.709
000931.SZ,11:12:33.920,111233920,28210877,0.0,4700,0.0,?,28208285,0,0,16:12:25.709
000931.SZ,11:12:33.970,111233970,28210991,5.01,600,0.3006,B,28208295,28210990,0,16:12:25.709
000931.SZ,11:12:33.970,111233970,28210997,5.01,200,0.1002,B,28208411,28210996,0,16:12:25.709
000931.SZ,11:12:33.970,111233970,28210998,5.01,100,0.0501,B,28208417,28210996,0,16:12:25.709
000931.SZ,11:12:33.970,111233970,28210999,5.01,200,0.1002,B,28208469,28210996,0,16:12:25.709
000931.SZ,11:12:33.970,111233970,28211000,5.01,400,0.2004,B,28209174,28210996,0,16:12:25.709
000931.SZ,11:12:36.900,111236900,28218623,0.0,100,0.0,?,0,27525544,0,16:12:25.834
000931.SZ,11:12:36.900,111236900,28218624,0.0,100,0.0,?,0,27525545,0,16:12:25.834
000931.SZ,11:12:37.020,111237020,28218920,0.0,1000,0.0,?,0,26883870,0,16:12:25.976
000931.SZ,11:12:37.020,111237020,28218935,0.0,100,0.0,?,0,27525752,0,16:12:25.976
000931.SZ,11:12:37.320,111237320,28219879,0.0,100,0.0,?,0,27526551,0,16:12:25.976
000931.SZ,11:12:38.140,111238140,28222179,0.0,11900,0.0,?,21395763,0,0,16:12:25.976
000931.SZ,11:12:45.220,111245220,28233459,0.0,100,0.0,?,28100045,0,0,16:12:26.257
000931.SZ,11:12:45.240,111245240,28233498,0.0,500,0.0,?,0,28212523,0,16:12:26.257
000931.SZ,11:12:47.140,111247140,28236406,0.0,1200,0.0,?,0,26729589,0,16:12:26.353
000931.SZ,11:12:49.750,111249750,28240111,0.0,1200,0.0,?,0,28212527,0,16:12:26.442
000931.SZ,11:12:54.330,111254330,28247909,0.0,1000,0.0,?,0,27822571,0,16:12:26.694
000931.SZ,11:12:57.810,111257810,28255035,0.0,100,0.0,?,0,27678210,0,16:12:26.926
000931.SZ,11:13:06.200,111306200,28270571,0.0,500,0.0,?,0,27463414,0,16:12:27.389
000931.SZ,11:13:15.590,111315590,28286414,5.01,700,0.3507,B,28212770,28286413,0,16:12:27.739
000931.SZ,11:13:18.270,111318270,28290302,0.0,400,0.0,?,28228903,0,0,16:12:27.811
000931.SZ,11:13:21.270,111321270,28294808,0.0,900,0.0,?,28223695,0,0,16:12:27.953
000931.SZ,11:13:21.280,111321280,28294822,0.0,400,0.0,?,28223693,0,0,16:12:27.953
000931.SZ,11:13:23.470,111323470,28297805,0.0,100,0.0,?,28148445,0,0,16:12:28.062
000931.SZ,11:13:23.480,111323480,28297828,5.0,100,0.05,S,28297827,28052971,0,16:12:28.062
000931.SZ,11:13:24.730,111324730,28299513,0.0,2000,0.0,?,0,26890473,0,16:12:28.171
000931.SZ,11:13:45.770,111345770,28328123,0.0,1000,0.0,?,14030467,0,0,16:12:28.895
000931.SZ,11:13:56.850,111356850,28343932,0.0,1000,0.0,?,0,27692878,0,16:12:29.273
000931.SZ,11:14:00.730,111400730,28350408,0.0,100,0.0,?,28104319,0,0,16:12:29.517
000931.SZ,11:14:00.810,111400810,28350533,5.0,100,0.05,S,28350532,28052971,0,16:12:29.517
000931.SZ,11:14:02.810,111402810,28354118,0.0,68300,0.0,?,0,27375628,0,16:12:29.612
000931.SZ,11:14:03.820,111403820,28355942,0.0,400,0.0,?,28212841,0,0,16:12:29.738
000931.SZ,11:14:20.590,111420590,28383364,0.0,700,0.0,?,28306589,0,0,16:12:30.318
000931.SZ,11:14:29.470,111429470,28402249,0.0,100,0.0,?,28231331,0,0,16:12:30.860
000931.SZ,11:14:29.580,111429580,28402401,5.0,100,0.05,S,28402400,28052971,0,16:12:30.860
000931.SZ,11:14:33.280,111433280,28410080,0.0,100,0.0,?,28095625,0,0,16:12:31.018
000931.SZ,11:14:33.480,111433480,28410662,5.0,100,0.05,S,28410661,28052971,0,16:12:31.018
000931.SZ,11:14:41.090,111441090,28424412,0.0,13400,0.0,?,0,28209176,0,16:12:31.454
000931.SZ,11:14:49.160,111449160,28436695,0.0,100,0.0,?,28413745,0,0,16:12:31.753
000931.SZ,11:14:49.530,111449530,28437289,5.0,100,0.05,S,28437288,28052971,0,16:12:31.753
000931.SZ,11:15:04.300,111504300,28460435,0.0,400,0.0,?,28212770,0,0,16:12:32.488
000931.SZ,11:15:04.360,111504360,28460552,5.0,400,0.2,S,28460551,28052971,0,16:12:32.488
000931.SZ,11:15:08.310,111508310,28467312,0.0,100,0.0,?,28402208,0,0,16:12:32.650
000931.SZ,11:15:08.310,111508310,28467313,0.0,100,0.0,?,28402207,0,0,16:12:32.650
000931.SZ,11:15:08.310,111508310,28467314,0.0,200,0.0,?,28402209,0,0,16:12:32.650
000931.SZ,11:15:08.310,111508310,28467316,0.0,8200,0.0,?,28424391,0,0,16:12:32.650
000931.SZ,11:15:08.310,111508310,28467317,0.0,7800,0.0,?,28402211,0,0,16:12:32.650
000931.SZ,11:15:10.820,111510820,28471791,0.0,100,0.0,?,0,27918094,0,16:12:32.803
000931.SZ,11:15:24.970,111524970,28496132,0.0,100,0.0,?,0,28049990,0,16:12:33.399
000931.SZ,11:15:32.150,111532150,28508760,0.0,400,0.0,?,0,12079027,0,16:12:33.677
000931.SZ,11:15:43.690,111543690,28528071,0.0,300,0.0,?,0,28305870,0,16:12:34.272
000931.SZ,11:16:06.140,111606140,28567423,5.0,3000,1.5,S,28567422,28052971,0,16:12:35.326
000931.SZ,11:16:06.140,111606140,28567424,5.0,400,0.2,S,28567422,28053078,0,16:12:35.326
000931.SZ,11:16:06.140,111606140,28567425,5.0,200,0.1,S,28567422,28053128,0,16:12:35.326
000931.SZ,11:16:06.140,111606140,28567426,5.0,300,0.15,S,28567422,28053133,0,16:12:35.326
000931.SZ,11:16:06.140,111606140,28567427,5.0,300,0.15,S,28567422,28053148,0,16:12:35.326
000931.SZ,11:16:06.140,111606140,28567428,5.0,200,0.1,S,28567422,28053149,0,16:12:35.326
000931.SZ,11:16:06.140,111606140,28567429,5.0,100,0.05,S,28567422,28053320,0,16:12:35.326
000931.SZ,11:16:06.140,111606140,28567430,5.0,100,0.05,S,28567422,28053349,0,16:12:35.326
000931.SZ,11:16:06.140,111606140,28567431,5.0,200,0.1,S,28567422,28062015,0,16:12:35.326
000931.SZ,11:16:06.140,111606140,28567432,5.0,100,0.05,S,28567422,28157719,0,16:12:35.326
000931.SZ,11:16:06.140,111606140,28567433,5.0,1500,0.75,S,28567422,28209141,0,16:12:35.326
000931.SZ,11:16:06.140,111606140,28567434,5.0,100,0.05,S,28567422,28212546,0,16:12:35.326
000931.SZ,11:16:06.140,111606140,28567435,5.0,100,0.05,S,28567422,28212551,0,16:12:35.326
000931.SZ,11:16:06.140,111606140,28567436,5.0,100,0.05,S,28567422,28212552,0,16:12:35.326
000931.SZ,11:16:06.140,111606140,28567437,5.0,100,0.05,S,28567422,28212553,0,16:12:35.326
000931.SZ,11:16:06.140,111606140,28567438,5.0,100,0.05,S,28567422,28212555,0,16:12:35.326
000931.SZ,11:16:06.140,111606140,28567439,5.0,100,0.05,S,28567422,28212556,0,16:12:35.326
000931.SZ,11:16:06.140,111606140,28567440,5.0,100,0.05,S,28567422,28212558,0,16:12:35.326
000931.SZ,11:16:06.140,111606140,28567441,5.0,200,0.1,S,28567422,28212560,0,16:12:35.326
000931.SZ,11:16:06.140,111606140,28567442,5.0,100,0.05,S,28567422,28212561,0,16:12:35.326
000931.SZ,11:16:06.140,111606140,28567443,5.0,100,0.05,S,28567422,28212562,0,16:12:35.326
000931.SZ,11:16:06.140,111606140,28567444,5.0,100,0.05,S,28567422,28213414,0,16:12:35.326
000931.SZ,11:16:06.140,111606140,28567445,5.0,100,0.05,S,28567422,28213415,0,16:12:35.326
000931.SZ,11:16:06.140,111606140,28567446,5.0,200,0.1,S,28567422,28213416,0,16:12:35.326
000931.SZ,11:16:06.140,111606140,28567447,5.0,100,0.05,S,28567422,28214546,0,16:12:35.326
000931.SZ,11:16:06.140,111606140,28567448,5.0,200,0.1,S,28567422,28214829,0,16:12:35.326
000931.SZ,11:16:06.140,111606140,28567449,5.0,100,0.05,S,28567422,28215106,0,16:12:35.326
000931.SZ,11:16:06.140,111606140,28567450,5.0,200,0.1,S,28567422,28215154,0,16:12:35.326
000931.SZ,11:16:10.370,111610370,28574007,5.0,300,0.15,S,28574006,28215154,0,16:12:35.564
000931.SZ,11:16:10.370,111610370,28574008,5.0,100,0.05,S,28574006,28221572,0,16:12:35.564
000931.SZ,11:16:10.370,111610370,28574009,5.0,100,0.05,S,28574006,28221573,0,16:12:35.564
000931.SZ,11:16:10.370,111610370,28574010,5.0,100,0.05,S,28574006,28221861,0,16:12:35.564
000931.SZ,11:16:10.370,111610370,28574011,5.0,100,0.05,S,28574006,28222489,0,16:12:35.564
000931.SZ,11:16:10.370,111610370,28574012,5.0,500,0.25,S,28574006,28227014,0,16:12:35.564
000931.SZ,11:16:10.370,111610370,28574013,5.0,200,0.1,S,28574006,28252872,0,16:12:35.564
000931.SZ,11:16:10.370,111610370,28574014,5.0,100,0.05,S,28574006,28261159,0,16:12:35.564
000931.SZ,11:16:10.370,111610370,28574015,5.0,200,0.1,S,28574006,28279125,0,16:12:35.564
000931.SZ,11:16:10.370,111610370,28574016,5.0,200,0.1,S,28574006,28279553,0,16:12:35.564
000931.SZ,11:16:10.370,111610370,28574017,5.0,3800,1.9,S,28574006,28281984,0,16:12:35.564
000931.SZ,11:16:12.990,111612990,28577834,5.0,1600,0.8,S,28577833,28281984,0,16:12:35.706
000931.SZ,11:16:16.950,111616950,28583211,0.0,500,0.0,?,0,26652074,0,16:12:35.879
000931.SZ,11:16:18.610,111618610,28585608,5.01,200,0.1002,B,28212823,28585607,0,16:12:35.879
000931.SZ,11:16:18.610,111618610,28585609,5.01,300,0.1503,B,28212835,28585607,0,16:12:35.879
000931.SZ,11:16:18.610,111618610,28585610,5.01,200,0.1002,B,28212856,28585607,0,16:12:35.879
000931.SZ,11:16:18.610,111618610,28585611,5.01,500,0.2505,B,28212919,28585607,0,16:12:35.879
000931.SZ,11:16:18.610,111618610,28585612,5.01,600,0.3006,B,28216671,28585607,0,16:12:35.879
000931.SZ,11:16:18.610,111618610,28585613,5.01,1200,0.6012,B,28218377,28585607,0,16:12:35.879
000931.SZ,11:16:18.610,111618610,28585614,5.01,1000,0.501,B,28218787,28585607,0,16:12:35.879
000931.SZ,11:16:18.610,111618610,28585615,5.01,1000,0.501,B,28219285,28585607,0,16:12:35.879
000931.SZ,11:16:18.610,111618610,28585616,5.01,700,0.3507,B,28225364,28585607,0,16:12:35.879
000931.SZ,11:16:22.730,111622730,28591557,5.01,100,0.0501,B,28225364,28591556,0,16:12:36.145
000931.SZ,11:16:37.370,111637370,28613498,0.0,2900,0.0,?,0,26411091,0,16:12:36.642
000931.SZ,11:16:45.300,111645300,28623824,5.01,300,0.1503,B,28225364,28623823,0,16:12:36.988
000931.SZ,11:16:45.300,111645300,28623825,5.01,1000,0.501,B,28225525,28623823,0,16:12:36.988
000931.SZ,11:16:46.170,111646170,28625077,0.0,6600,0.0,?,0,26690541,0,16:12:36.988
000931.SZ,11:17:03.170,111703170,28658094,0.0,100,0.0,?,0,28567464,0,16:12:37.813
000931.SZ,11:17:12.360,111712360,28676231,0.0,800,0.0,?,0,28309506,0,16:12:38.252
000931.SZ,11:17:23.910,111723910,28695490,0.0,3000,0.0,?,0,28629286,0,16:12:38.859
000931.SZ,11:17:28.590,111728590,28704580,0.0,1000,0.0,?,0,28373969,0,16:12:39.034
000931.SZ,11:17:47.380,111747380,28736639,0.0,500,0.0,?,0,26793984,0,16:12:39.781
000931.SZ,11:17:50.880,111750880,28742078,5.0,1000,0.5,S,28742077,28281984,0,16:12:39.890
000931.SZ,11:17:50.880,111750880,28742079,5.0,200,0.1,S,28742077,28283295,0,16:12:39.890
000931.SZ,11:17:50.880,111750880,28742080,5.0,1500,0.75,S,28742077,28287798,0,16:12:39.890
000931.SZ,11:17:50.880,111750880,28742081,5.0,100,0.05,S,28742077,28288582,0,16:12:39.890
000931.SZ,11:17:50.880,111750880,28742082,5.0,1100,0.55,S,28742077,28288631,0,16:12:39.890
000931.SZ,11:17:50.880,111750880,28742083,5.0,100,0.05,S,28742077,28289193,0,16:12:39.890
000931.SZ,11:17:50.880,111750880,28742084,5.0,500,0.25,S,28742077,28290065,0,16:12:39.890
000931.SZ,11:17:50.880,111750880,28742085,5.0,300,0.15,S,28742077,28290611,0,16:12:39.890
000931.SZ,11:17:50.880,111750880,28742086,5.0,2500,1.25,S,28742077,28291150,0,16:12:39.890
000931.SZ,11:17:50.880,111750880,28742087,5.0,1000,0.5,S,28742077,28291391,0,16:12:39.890
000931.SZ,11:18:03.900,111803900,28766000,0.0,300,0.0,?,28658121,0,0,16:12:40.762
000931.SZ,11:18:04.780,111804780,28767609,5.01,100,0.0501,B,28229697,28767608,0,16:12:40.762
000931.SZ,11:18:05.120,111805120,28768346,0.0,2200,0.0,?,28574030,0,0,16:12:40.762
000931.SZ,11:18:05.120,111805120,28768347,0.0,2200,0.0,?,28574031,0,0,16:12:40.762
000931.SZ,11:18:05.120,111805120,28768348,0.0,100,0.0,?,28574027,0,0,16:12:40.762
000931.SZ,11:18:05.120,111805120,28768349,0.0,300,0.0,?,28574026,0,0,16:12:40.762
000931.SZ,11:18:05.120,111805120,28768355,0.0,1800,0.0,?,28574032,0,0,16:12:40.762
000931.SZ,11:18:09.090,111809090,28774912,0.0,4600,0.0,?,28768298,0,0,16:12:40.967
000931.SZ,11:18:42.070,111842070,28822052,0.0,4600,0.0,?,28803259,0,0,16:12:42.083
000931.SZ,11:19:03.810,111903810,28855239,0.0,100,0.0,?,0,28768327,0,16:12:43.114
000931.SZ,11:19:19.850,111919850,28881139,0.0,300,0.0,?,0,237689,0,16:12:43.846
000931.SZ,11:19:30.180,111930180,28895089,5.01,1500,0.7515,B,28229697,28895088,0,16:12:44.191
000931.SZ,11:19:30.180,111930180,28895090,5.01,1000,0.501,B,28230662,28895088,0,16:12:44.191
000931.SZ,11:19:30.180,111930180,28895091,5.01,100,0.0501,B,28233490,28895088,0,16:12:44.191
000931.SZ,11:19:30.180,111930180,28895092,5.01,1000,0.501,B,28233943,28895088,0,16:12:44.191
000931.SZ,11:19:30.180,111930180,28895093,5.01,800,0.4008,B,28240102,28895088,0,16:12:44.191
000931.SZ,11:19:30.180,111930180,28895094,5.01,3200,1.6032,B,28345264,28895088,0,16:12:44.191
000931.SZ,11:19:30.180,111930180,28895095,5.01,400,0.2004,B,28345310,28895088,0,16:12:44.191
000931.SZ,11:19:30.210,111930210,28895145,5.01,100,0.0501,B,28345310,28895144,0,16:12:44.191
000931.SZ,11:19:30.210,111930210,28895151,5.01,100,0.0501,B,28345310,28895150,0,16:12:44.191
000931.SZ,11:19:30.230,111930230,28895170,5.01,100,0.0501,B,28345310,28895169,0,16:12:44.191
000931.SZ,11:19:30.230,111930230,28895173,5.01,100,0.0501,B,28345310,28895172,0,16:12:44.191
000931.SZ,11:19:30.230,111930230,28895177,5.01,100,0.0501,B,28345310,28895176,0,16:12:44.191
000931.SZ,11:19:44.560,111944560,28924920,5.01,100,0.0501,B,28345310,28924919,0,16:12:44.845
000931.SZ,11:19:44.560,111944560,28924921,5.01,1000,0.501,B,28431278,28924919,0,16:12:44.845
000931.SZ,11:19:44.560,111944560,28924922,5.01,700,0.3507,B,28443285,28924919,0,16:12:44.845
000931.SZ,11:19:44.560,111944560,28924923,5.01,5200,2.6052,B,28443286,28924919,0,16:12:44.845
000931.SZ,11:19:44.570,111944570,28924999,0.0,2300,0.0,?,28443286,0,0,16:12:44.845
000931.SZ,11:19:44.600,111944600,28925040,5.01,200,0.1002,B,28447653,28925039,0,16:12:44.845
000931.SZ,11:19:47.160,111947160,28930150,5.01,100,0.0501,B,28459765,28930149,0,16:12:45.049
000931.SZ,11:19:47.160,111947160,28930152,5.01,100,0.0501,B,28459765,28930151,0,16:12:45.049
000931.SZ,11:19:47.160,111947160,28930155,5.01,100,0.0501,B,28459765,28930154,0,16:12:45.049
000931.SZ,11:19:47.170,111947170,28930180,5.01,100,0.0501,B,28459765,28930179,0,16:12:45.049
000931.SZ,11:19:50.920,111950920,28936507,5.01,2200,1.1022,B,28459765,28936506,0,16:12:45.159
000931.SZ,11:19:50.920,111950920,28936508,5.01,900,0.4509,B,28467274,28936506,0,16:12:45.159
000931.SZ,11:19:50.920,111950920,28936509,5.01,100,0.0501,B,28467427,28936506,0,16:12:45.159
000931.SZ,11:19:50.920,111950920,28936510,5.01,100,0.0501,B,28467504,28936506,0,16:12:45.159
000931.SZ,11:19:50.920,111950920,28936511,5.01,100,0.0501,B,28467596,28936506,0,16:12:45.159
000931.SZ,11:19:50.920,111950920,28936512,5.01,100,0.0501,B,28467680,28936506,0,16:12:45.159
000931.SZ,11:19:50.920,111950920,28936513,5.01,100,0.0501,B,28467992,28936506,0,16:12:45.159
000931.SZ,11:19:50.920,111950920,28936514,5.01,100,0.0501,B,28468762,28936506,0,16:12:45.159
000931.SZ,11:19:50.920,111950920,28936515,5.01,2300,1.1523,B,28473974,28936506,0,16:12:45.159
000931.SZ,11:20:19.390,112019390,28986768,0.0,400,0.0,?,0,110468,0,16:12:46.638
000931.SZ,11:20:21.670,112021670,28991050,0.0,1500,0.0,?,28473974,0,0,16:12:46.638
000931.SZ,11:20:23.770,112023770,28994781,0.0,5000,0.0,?,0,27640895,0,16:12:46.748
000931.SZ,11:20:27.320,112027320,28999754,0.0,6200,0.0,?,0,26775525,0,16:12:46.908
000931.SZ,11:20:31.050,112031050,29005200,5.01,400,0.2004,B,28522529,29005199,0,16:12:47.017
000931.SZ,11:20:36.900,112036900,29014677,5.01,200,0.1002,B,28522529,29014676,0,16:12:47.187
000931.SZ,11:20:51.010,112051010,29039888,5.0,200,0.1,S,29039887,28291391,0,16:12:47.841
000931.SZ,11:20:59.640,112059640,29056747,5.01,1400,0.7014,B,28522529,29056746,0,16:12:48.312
000931.SZ,11:20:59.640,112059640,29056748,5.01,500,0.2505,B,28531210,29056746,0,16:12:48.312
000931.SZ,11:20:59.640,112059640,29056749,5.01,500,0.2505,B,28531270,29056746,0,16:12:48.312
000931.SZ,11:20:59.640,112059640,29056750,5.01,200,0.1002,B,28531345,29056746,0,16:12:48.312
000931.SZ,11:20:59.640,112059640,29056751,5.01,100,0.0501,B,28531348,29056746,0,16:12:48.312
000931.SZ,11:20:59.640,112059640,29056752,5.01,300,0.1503,B,28531354,29056746,0,16:12:48.312
000931.SZ,11:21:03.980,112103980,29065611,0.0,300,0.0,?,28855245,0,0,16:12:48.637
000931.SZ,11:21:11.990,112111990,29080897,0.0,300,0.0,?,0,28930414,0,16:12:48.835
000931.SZ,11:21:15.640,112115640,29086555,5.0,100,0.05,S,29086554,28291391,0,16:12:49.119
000931.SZ,11:21:34.760,112134760,29115616,5.0,200,0.1,S,29115615,28291391,0,16:12:49.729
000931.SZ,11:21:34.760,112134760,29115617,5.0,200,0.1,S,29115615,28291550,0,16:12:49.729
