code,time,time_raw,order,price,volume,order_kind,function_code,biz_index,recv_time
000931.SZ,09:15:00.030,91500030,1138,5.61,100,0,S,0,16:02:50.712
000931.SZ,09:15:00.040,91500040,4155,4.91,2000,0,B,0,16:02:50.712
000931.SZ,09:15:00.040,91500040,4264,5.61,3800,0,S,0,16:02:50.712
000931.SZ,09:15:00.050,91500050,7339,5.25,1200,0,S,0,16:02:50.712
000931.SZ,09:15:00.060,91500060,14206,5.61,1000,0,S,0,16:02:50.932
000931.SZ,09:15:00.070,91500070,15376,5.61,2100,0,S,0,16:02:50.932
000931.SZ,09:15:00.070,91500070,17202,5.17,5000,0,S,0,16:02:50.932
000931.SZ,09:15:00.070,91500070,17271,5.21,5000,0,S,0,16:02:50.932
000931.SZ,09:15:00.070,91500070,17272,5.22,5000,0,S,0,16:02:50.932
000931.SZ,09:15:00.070,91500070,17337,5.23,5000,0,S,0,16:02:50.932
000931.SZ,09:15:00.070,91500070,17338,5.26,10000,0,S,0,16:02:50.932
000931.SZ,09:15:00.070,91500070,17399,5.13,5000,0,S,0,16:02:50.932
000931.SZ,09:15:00.070,91500070,17409,5.16,5000,0,S,0,16:02:50.932
000931.SZ,09:15:00.070,91500070,17410,5.19,5000,0,S,0,16:02:50.932
000931.SZ,09:15:00.070,91500070,18942,5.6,1000,0,S,0,16:02:50.932
000931.SZ,09:15:00.070,91500070,19695,4.98,5000,0,B,0,16:02:50.932
000931.SZ,09:15:00.080,91500080,21016,5.61,400,0,S,0,16:02:50.932
000931.SZ,09:15:00.080,91500080,21477,5.13,2000,0,S,0,16:02:50.932
000931.SZ,09:15:00.080,91500080,21842,5.61,600,0,S,0,16:02:50.932
000931.SZ,09:15:00.080,91500080,23314,4.62,400,0,B,0,16:02:50.932
000931.SZ,09:15:00.080,91500080,24140,5.35,6300,0,S,0,16:02:50.932
000931.SZ,09:15:00.090,91500090,24845,5.5,1000,0,S,0,16:02:50.932
000931.SZ,09:15:00.100,91500100,29492,5.01,1000,0,B,0,16:02:51.114
000931.SZ,09:15:00.100,91500100,31463,4.98,5000,0,B,0,16:02:51.114
000931.SZ,09:15:00.100,91500100,31464,4.75,5000,0,B,0,16:02:51.114
000931.SZ,09:15:00.100,91500100,31465,5.5,5000,0,S,0,16:02:51.114
000931.SZ,09:15:00.100,91500100,32209,4.95,2000,0,B,0,16:02:51.114
000931.SZ,09:15:00.100,91500100,32817,5.61,200,0,S,0,16:02:51.114
000931.SZ,09:15:00.110,91500110,33780,5.21,5000,0,S,0,16:02:51.114
000931.SZ,09:15:00.110,91500110,33871,5.01,3000,0,B,0,16:02:51.114
000931.SZ,09:15:00.110,91500110,35847,5.0,500,0,B,0,16:02:51.114
000931.SZ,09:15:00.110,91500110,36112,5.49,1500,0,S,0,16:02:51.114
000931.SZ,09:15:00.110,91500110,36117,5.46,1500,0,S,0,16:02:51.114
000931.SZ,09:15:00.110,91500110,36118,4.61,1800,0,B,0,16:02:51.114
000931.SZ,09:15:00.110,91500110,37169,5.05,1000,0,B,0,16:02:51.114
000931.SZ,09:15:00.110,91500110,37170,5.0,1000,0,B,0,16:02:51.114
000931.SZ,09:15:00.110,91500110,37336,5.23,1200,0,S,0,16:02:51.114
000931.SZ,09:15:00.110,91500110,37337,5.26,2300,0,S,0,16:02:51.114
000931.SZ,09:15:00.110,91500110,37338,5.27,4600,0,S,0,16:02:51.114
000931.SZ,09:15:00.110,91500110,37339,5.33,1100,0,S,0,16:02:51.114
000931.SZ,09:15:00.110,91500110,37340,5.37,1200,0,S,0,16:02:51.114
000931.SZ,09:15:00.120,91500120,39154,4.96,5000,0,B,0,16:02:51.114
000931.SZ,09:15:00.120,91500120,40021,5.5,10000,0,S,0,16:02:51.114
000931.SZ,09:15:00.120,91500120,41494,4.9,23000,0,B,0,16:02:51.114
000931.SZ,09:15:00.120,91500120,42181,5.38,1200,0,S,0,16:02:51.301
000931.SZ,09:15:00.130,91500130,44642,5.61,1300,0,S,0,16:02:51.301
000931.SZ,09:15:00.130,91500130,47557,4.75,200,0,B,0,16:02:51.301
000931.SZ,09:15:00.130,91500130,48125,5.24,5000,0,S,0,16:02:51.301
000931.SZ,09:15:00.140,91500140,49120,4.91,20000,0,B,0,16:02:51.301
000931.SZ,09:15:00.140,91500140,50672,5.61,1000,0,S,0,16:02:51.301
000931.SZ,09:15:00.140,91500140,51791,5.6,6100,0,S,0,16:02:51.301
000931.SZ,09:15:00.160,91500160,57209,5.05,1000,0,B,0,16:02:51.460
000931.SZ,09:15:00.160,91500160,58161,4.64,100,0,B,0,16:02:51.460
000931.SZ,09:15:00.160,91500160,58162,4.84,100,0,B,0,16:02:51.460
000931.SZ,09:15:00.170,91500170,59663,5.6,7800,0,S,0,16:02:51.460
000931.SZ,09:15:00.170,91500170,59788,5.61,500,0,S,0,16:02:51.460
000931.SZ,09:15:00.170,91500170,61276,5.58,4000,0,S,0,16:02:51.460
000931.SZ,09:15:00.170,91500170,62174,5.3,1000,0,S,0,16:02:51.460
000931.SZ,09:15:00.170,91500170,62176,5.4,1000,0,S,0,16:02:51.460
000931.SZ,09:15:00.180,91500180,64912,5.48,2500,0,S,0,16:02:51.460
000931.SZ,09:15:00.190,91500190,67788,5.28,2000,0,S,0,16:02:51.632
000931.SZ,09:15:00.190,91500190,67789,5.38,2000,0,S,0,16:02:51.632
000931.SZ,09:15:00.190,91500190,68578,5.2,1000,0,S,0,16:02:51.632
000931.SZ,09:15:00.190,91500190,68579,5.25,1000,0,S,0,16:02:51.632
000931.SZ,09:15:00.190,91500190,68582,5.3,1000,0,S,0,16:02:51.632
000931.SZ,09:15:00.200,91500200,68903,5.61,5000,0,S,0,16:02:51.632
000931.SZ,09:15:00.210,91500210,71157,4.9,2000,0,B,0,16:02:51.632
000931.SZ,09:15:00.210,91500210,71683,4.8,3000,0,B,0,16:02:51.632
000931.SZ,09:15:00.210,91500210,72278,5.0,5000,0,B,0,16:02:51.632
000931.SZ,09:15:00.210,91500210,72279,5.3,5000,0,S,0,16:02:51.632
000931.SZ,09:15:00.210,91500210,72710,5.1,500,0,B,0,16:02:51.632
000931.SZ,09:15:00.210,91500210,72711,5.05,300,0,B,0,16:02:51.632
000931.SZ,09:15:00.210,91500210,72712,5.0,200,0,B,0,16:02:51.632
000931.SZ,09:15:00.210,91500210,72731,4.95,500,0,B,0,16:02:51.632
000931.SZ,09:15:00.220,91500220,73324,5.25,1000,0,S,0,16:02:51.632
000931.SZ,09:15:00.230,91500230,76716,5.6,20000,0,S,0,16:02:51.632
000931.SZ,09:15:00.240,91500240,78780,5.61,400,0,S,0,16:02:51.632
000931.SZ,09:15:00.250,91500250,81098,5.51,5000,0,S,0,16:02:51.790
000931.SZ,09:15:00.260,91500260,82444,5.61,500,0,S,0,16:02:51.790
000931.SZ,09:15:00.290,91500290,86837,5.18,1000,0,S,0,16:02:51.790
000931.SZ,09:15:00.290,91500290,86898,5.26,2000,0,S,0,16:02:51.790
000931.SZ,09:15:00.310,91500310,90464,5.6,4000,0,S,0,16:02:51.790
000931.SZ,09:15:00.320,91500320,93175,5.61,1000,0,S,0,16:02:51.963
000931.SZ,09:15:00.350,91500350,96082,5.21,20000,0,S,0,16:02:51.963
000931.SZ,09:15:00.350,91500350,96180,4.98,6000,0,B,0,16:02:51.963
000931.SZ,09:15:00.350,91500350,96264,5.18,5000,0,S,0,16:02:51.963
000931.SZ,09:15:00.350,91500350,96329,5.14,4000,0,S,0,16:02:51.963
000931.SZ,09:15:00.350,91500350,96346,5.15,5000,0,S,0,16:02:51.963
000931.SZ,09:15:00.360,91500360,96947,5.61,300,0,S,0,16:02:51.963
000931.SZ,09:15:00.360,91500360,97316,5.02,9000,0,B,0,16:02:51.963
000931.SZ,09:15:00.370,91500370,98971,5.15,200,0,S,0,16:02:51.963
000931.SZ,09:15:00.380,91500380,99476,4.91,1000,0,B,0,16:02:51.963
000931.SZ,09:15:00.400,91500400,102086,5.3,700,0,S,0,16:02:51.963
000931.SZ,09:15:00.400,91500400,102189,4.88,600,0,B,0,16:02:51.963
000931.SZ,09:15:00.430,91500430,104910,5.0,12700,0,B,0,16:02:52.130
000931.SZ,09:15:00.430,91500430,105514,5.33,3300,0,S,0,16:02:52.130
000931.SZ,09:15:00.450,91500450,107791,5.09,800,0,S,0,16:02:52.130
000931.SZ,09:15:00.470,91500470,110377,5.61,2900,0,S,0,16:02:52.130
000931.SZ,09:15:00.480,91500480,110468,4.9,400,0,B,0,16:02:52.130
000931.SZ,09:15:00.490,91500490,111686,5.12,300,0,S,0,16:02:52.130
000931.SZ,09:15:00.490,91500490,112176,5.19,1600,0,S,0,16:02:52.130
000931.SZ,09:15:00.490,91500490,112178,5.6,1500,0,S,0,16:02:52.130
000931.SZ,09:15:00.500,91500500,113311,4.84,8000,0,B,0,16:02:52.130
000931.SZ,09:15:00.510,91500510,114291,4.85,300,0,B,0,16:02:52.130
000931.SZ,09:15:00.520,91500520,115588,4.69,10000,0,B,0,16:02:52.130
000931.SZ,09:15:00.540,91500540,117718,5.2,8000,0,S,0,16:02:52.316
000931.SZ,09:15:00.540,91500540,117834,5.18,5000,0,S,0,16:02:52.316
000931.SZ,09:15:00.570,91500570,120219,4.98,100,0,B,0,16:02:52.316
000931.SZ,09:15:00.570,91500570,120601,5.61,100,0,S,0,16:02:52.316
000931.SZ,09:15:00.590,91500590,122629,5.55,3000,0,S,0,16:02:52.316
000931.SZ,09:15:00.600,91500600,124255,4.66,2000,0,B,0,16:02:52.316
000931.SZ,09:15:00.640,91500640,127886,5.0,5000,0,B,0,16:02:52.316
000931.SZ,09:15:00.670,91500670,130666,5.61,1600,0,S,0,16:02:52.316
000931.SZ,09:15:00.670,91500670,130869,5.54,1000,0,S,0,16:02:52.571
000931.SZ,09:15:00.680,91500680,131174,5.07,28200,0,B,0,16:02:52.571
000931.SZ,09:15:00.680,91500680,131671,5.6,1000,0,S,0,16:02:52.571
000931.SZ,09:15:00.710,91500710,133497,4.94,80000,0,B,0,16:02:52.571
000931.SZ,09:15:00.770,91500770,139736,5.61,700,0,S,0,16:02:52.571
000931.SZ,09:15:00.810,91500810,142600,5.43,8300,0,S,0,16:02:52.571
000931.SZ,09:15:00.830,91500830,143974,5.6,2500,0,S,0,16:02:52.571
000931.SZ,09:15:00.840,91500840,145673,4.95,1000,0,B,0,16:02:52.571
000931.SZ,09:15:00.880,91500880,148470,4.9,1500,0,B,0,16:02:52.571
000931.SZ,09:15:00.940,91500940,154637,4.83,1000,0,B,0,16:02:52.890
000931.SZ,09:15:00.950,91500950,155594,5.3,6000,0,S,0,16:02:52.890
000931.SZ,09:15:00.970,91500970,156994,4.98,10000,0,B,0,16:02:52.890
000931.SZ,09:15:00.970,91500970,156995,5.27,20000,0,S,0,16:02:52.890
000931.SZ,09:15:00.970,91500970,156996,5.48,30000,0,S,0,16:02:52.890
000931.SZ,09:15:00.980,91500980,158370,5.27,20000,0,S,0,16:02:52.890
000931.SZ,09:15:00.980,91500980,158371,5.27,20000,0,S,0,16:02:52.890
000931.SZ,09:15:00.990,91500990,158960,5.38,1000,0,S,0,16:02:52.890
000931.SZ,09:15:00.990,91500990,158961,5.5,1100,0,S,0,16:02:52.890
000931.SZ,09:15:01.010,91501010,160838,4.96,500,0,B,0,16:02:52.890
000931.SZ,09:15:01.010,91501010,161012,4.91,200,0,B,0,16:02:52.890
000931.SZ,09:15:01.110,91501110,169305,5.6,100,0,S,0,16:02:52.890
000931.SZ,09:15:01.110,91501110,169532,5.0,2000,0,B,0,16:02:52.890
000931.SZ,09:15:01.120,91501120,170679,5.18,1800,0,S,0,16:02:52.890
000931.SZ,09:15:01.120,91501120,170685,5.31,5000,0,S,0,16:02:52.890
000931.SZ,09:15:01.140,91501140,171634,5.29,600,0,S,0,16:02:52.890
000931.SZ,09:15:01.190,91501190,174799,5.61,100,0,S,0,16:02:53.151
000931.SZ,09:15:01.200,91501200,175153,5.0,4000,0,B,0,16:02:53.151
000931.SZ,09:15:01.200,91501200,175154,4.95,4000,0,B,0,16:02:53.151
000931.SZ,09:15:01.200,91501200,175155,4.9,4000,0,B,0,16:02:53.151
000931.SZ,09:15:01.200,91501200,175209,5.15,4000,0,S,0,16:02:53.151
000931.SZ,09:15:01.200,91501200,175210,5.2,4000,0,S,0,16:02:53.151
000931.SZ,09:15:01.200,91501200,175211,5.25,4000,0,S,0,16:02:53.151
000931.SZ,09:15:01.200,91501200,175212,5.3,4000,0,S,0,16:02:53.151
000931.SZ,09:15:01.200,91501200,175214,5.35,4000,0,S,0,16:02:53.151
000931.SZ,09:15:01.200,91501200,175577,5.19,1200,0,S,0,16:02:53.151
000931.SZ,09:15:01.230,91501230,177082,5.58,5000,0,S,0,16:02:53.151
000931.SZ,09:15:01.240,91501240,177615,5.61,8300,0,S,0,16:02:53.151
000931.SZ,09:15:01.290,91501290,180565,5.61,4000,0,S,0,16:02:53.151
000931.SZ,09:15:01.300,91501300,181432,5.09,1200,0,B,0,16:02:53.151
000931.SZ,09:15:01.320,91501320,182417,5.04,2000,0,B,0,16:02:53.151
000931.SZ,09:15:01.390,91501390,185374,5.26,200,0,S,0,16:02:53.151
000931.SZ,09:15:01.390,91501390,185471,5.43,20000,0,S,0,16:02:53.151
000931.SZ,09:15:01.390,91501390,185474,4.86,30000,0,B,0,16:02:53.151
000931.SZ,09:15:01.440,91501440,187369,5.15,200,0,S,0,16:02:53.151
000931.SZ,09:15:01.440,91501440,187370,5.19,200,0,S,0,16:02:53.151
000931.SZ,09:15:01.440,91501440,187371,5.25,200,0,S,0,16:02:53.151
000931.SZ,09:15:01.440,91501440,187372,5.33,400,0,S,0,16:02:53.151
000931.SZ,09:15:01.440,91501440,187373,5.4,400,0,S,0,16:02:53.151
000931.SZ,09:15:01.440,91501440,187375,5.0,100,0,B,0,16:02:53.151
000931.SZ,09:15:01.440,91501440,187376,4.96,100,0,B,0,16:02:53.151
000931.SZ,09:15:01.450,91501450,188282,5.18,1200,0,S,0,16:02:53.151
000931.SZ,09:15:01.470,91501470,189350,5.13,400,0,B,0,16:02:53.442
000931.SZ,09:15:01.500,91501500,190825,5.2,400,0,S,0,16:02:53.442
000931.SZ,09:15:01.500,91501500,190907,4.98,8000,0,B,0,16:02:53.442
000931.SZ,09:15:01.530,91501530,192258,5.46,5100,0,S,0,16:02:53.442
000931.SZ,09:15:01.540,91501540,193134,4.59,100,0,S,0,16:02:53.442
000931.SZ,09:15:01.600,91501600,194902,5.61,1600,0,S,0,16:02:53.442
000931.SZ,09:15:01.600,91501600,194903,5.58,1000,0,S,0,16:02:53.442
000931.SZ,09:15:01.600,91501600,194904,5.55,1000,0,S,0,16:02:53.442
000931.SZ,09:15:01.600,91501600,194905,5.52,1000,0,S,0,16:02:53.442
000931.SZ,09:15:01.600,91501600,194906,5.49,1000,0,S,0,16:02:53.442
000931.SZ,09:15:01.600,91501600,194907,5.46,1000,0,S,0,16:02:53.442
000931.SZ,09:15:01.600,91501600,194908,5.43,1000,0,S,0,16:02:53.442
000931.SZ,09:15:01.600,91501600,194918,5.61,1000,0,S,0,16:02:53.442
000931.SZ,09:15:01.600,91501600,194919,5.57,1000,0,S,0,16:02:53.442
000931.SZ,09:15:01.600,91501600,194920,5.54,1000,0,S,0,16:02:53.442
000931.SZ,09:15:01.600,91501600,194921,5.51,1000,0,S,0,16:02:53.442
000931.SZ,09:15:01.600,91501600,194922,5.48,1000,0,S,0,16:02:53.442
000931.SZ,09:15:01.600,91501600,194923,5.45,1000,0,S,0,16:02:53.442
000931.SZ,09:15:01.600,91501600,194924,5.42,1000,0,S,0,16:02:53.442
000931.SZ,09:15:01.640,91501640,195769,5.61,4100,0,S,0,16:02:53.442
000931.SZ,09:15:01.770,91501770,200532,4.7,200,0,B,0,16:02:53.442
000931.SZ,09:15:01.820,91501820,202288,4.95,1000,0,B,0,16:02:53.442
000931.SZ,09:15:01.890,91501890,205125,4.88,1000,0,B,0,16:02:53.717
000931.SZ,09:15:01.910,91501910,206995,5.61,6000,0,S,0,16:02:53.717
000931.SZ,09:15:01.920,91501920,207611,4.95,1300,0,B,0,16:02:53.717
000931.SZ,09:15:01.930,91501930,208110,5.0,40000,0,B,0,16:02:53.717
000931.SZ,09:15:01.960,91501960,210253,5.21,3000,0,S,0,16:02:53.717
000931.SZ,09:15:01.980,91501980,211580,4.98,3000,0,B,0,16:02:53.717
000931.SZ,09:15:01.980,91501980,211684,4.68,700,0,B,0,16:02:53.717
000931.SZ,09:15:01.980,91501980,211685,4.65,700,0,B,0,16:02:53.717
000931.SZ,09:15:01.980,91501980,211686,4.61,700,0,B,0,16:02:53.717
000931.SZ,09:15:01.980,91501980,211838,4.68,500,0,B,0,16:02:53.717
000931.SZ,09:15:01.980,91501980,211839,4.65,500,0,B,0,16:02:53.717
000931.SZ,09:15:01.980,91501980,211840,4.61,500,0,B,0,16:02:53.717
000931.SZ,09:15:02.030,91502030,214869,4.93,200,0,B,0,16:02:53.717
000931.SZ,09:15:02.030,91502030,215074,5.61,11200,0,S,0,16:02:53.717
000931.SZ,09:15:02.040,91502040,215205,4.8,2200,0,B,0,16:02:53.717
000931.SZ,09:15:02.190,91502190,222554,5.12,400,0,S,0,16:02:53.717
000931.SZ,09:15:02.220,91502220,223606,5.01,20000,0,B,0,16:02:53.717
000931.SZ,09:15:02.220,91502220,223844,4.65,200,0,B,0,16:02:53.717
000931.SZ,09:15:02.230,91502230,224063,5.03,600,0,B,0,16:02:53.717
000931.SZ,09:15:02.250,91502250,224967,5.35,1500,0,S,0,16:02:53.906
000931.SZ,09:15:02.270,91502270,225652,5.61,500,0,S,0,16:02:53.906
000931.SZ,09:15:02.290,91502290,226651,5.6,5000,0,S,0,16:02:53.906
000931.SZ,09:15:02.480,91502480,232787,4.9,200,0,B,0,16:02:53.906
000931.SZ,09:15:02.510,91502510,233564,5.61,5000,0,S,0,16:02:53.906
000931.SZ,09:15:02.610,91502610,236103,5.61,1000,0,S,0,16:02:53.906
000931.SZ,09:15:02.610,91502610,236104,5.57,1000,0,S,0,16:02:53.906
000931.SZ,09:15:02.610,91502610,236105,5.54,1000,0,S,0,16:02:53.906
000931.SZ,09:15:02.610,91502610,236106,5.51,1000,0,S,0,16:02:53.906
000931.SZ,09:15:02.610,91502610,236107,5.48,1000,0,S,0,16:02:53.906
000931.SZ,09:15:02.610,91502610,236109,5.45,1000,0,S,0,16:02:53.906
000931.SZ,09:15:02.610,91502610,236111,5.42,1000,0,S,0,16:02:53.906
000931.SZ,09:15:02.610,91502610,236128,5.61,1500,0,S,0,16:02:53.906
000931.SZ,09:15:02.610,91502610,236129,5.57,1000,0,S,0,16:02:53.906
000931.SZ,09:15:02.610,91502610,236132,5.54,1000,0,S,0,16:02:53.906
000931.SZ,09:15:02.610,91502610,236134,5.51,1000,0,S,0,16:02:53.906
000931.SZ,09:15:02.610,91502610,236135,5.48,1000,0,S,0,16:02:53.906
000931.SZ,09:15:02.610,91502610,236137,5.45,1000,0,S,0,16:02:53.906
000931.SZ,09:15:02.610,91502610,236138,5.42,1000,0,S,0,16:02:53.906
000931.SZ,09:15:02.610,91502610,236140,5.39,1000,0,S,0,16:02:53.906
000931.SZ,09:15:02.660,91502660,237534,4.95,1000,0,B,0,16:02:53.906
000931.SZ,09:15:02.670,91502670,237640,5.6,100,0,S,0,16:02:53.906
000931.SZ,09:15:02.670,91502670,237689,4.9,300,0,B,0,16:02:53.906
000931.SZ,09:15:02.880,91502880,242294,4.86,1100,0,B,0,16:02:53.906
000931.SZ,09:15:02.910,91502910,243879,5.19,800,0,S,0,16:02:53.906
000931.SZ,09:15:02.950,91502950,245522,4.8,2000,0,B,0,16:02:54.240
000931.SZ,09:15:02.960,91502960,246171,5.29,200,0,S,0,16:02:54.240
000931.SZ,09:15:02.960,91502960,246172,5.0,300,0,B,0,16:02:54.240
000931.SZ,09:15:02.960,91502960,246173,4.98,300,0,B,0,16:02:54.240
000931.SZ,09:15:02.980,91502980,247232,5.05,500,0,B,0,16:02:54.240
000931.SZ,09:15:02.980,91502980,247239,5.14,1000,0,S,0,16:02:54.240
000931.SZ,09:15:02.980,91502980,247317,5.15,2000,0,S,0,16:02:54.240
000931.SZ,09:15:02.980,91502980,247348,5.13,500,0,S,0,16:02:54.240
000931.SZ,09:15:02.990,91502990,247633,5.61,1000,0,S,0,16:02:54.240
000931.SZ,09:15:03.170,91503170,252973,4.59,100,0,B,0,16:02:54.240
000931.SZ,09:15:03.190,91503190,253281,4.91,100,0,B,0,16:02:54.240
000931.SZ,09:15:03.190,91503190,253347,5.6,500,0,S,0,16:02:54.240
000931.SZ,09:15:03.270,91503270,254547,5.61,2000,0,S,0,16:02:54.240
000931.SZ,09:15:03.440,91503440,257054,5.1,232,0,S,0,16:02:54.240
000931.SZ,09:15:03.460,91503460,257273,5.5,10000,0,S,0,16:02:54.240
000931.SZ,09:15:03.460,91503460,257274,5.53,2000,0,S,0,16:02:54.240
000931.SZ,09:15:03.460,91503460,257474,4.81,200,0,B,0,16:02:54.240
000931.SZ,09:15:03.800,91503800,261548,5.54,3000,0,S,0,16:02:54.240
000931.SZ,09:15:03.900,91503900,263121,5.0,5000,0,B,0,16:02:54.240
000931.SZ,09:15:04.160,91504160,268778,5.05,500,0,B,0,16:02:54.342
000931.SZ,09:15:04.280,91504280,270004,5.59,3000,0,S,0,16:02:54.342
000931.SZ,09:15:04.280,91504280,270005,5.16,3000,0,S,0,16:02:54.342
000931.SZ,09:15:04.280,91504280,270022,5.0,500,0,B,0,16:02:54.342
000931.SZ,09:15:04.360,91504360,270541,5.36,1000,0,S,0,16:02:54.342
000931.SZ,09:15:04.380,91504380,270694,4.91,2800,0,B,0,16:02:54.342
000931.SZ,09:15:04.510,91504510,271496,5.15,2300,0,B,0,16:02:54.342
000931.SZ,09:15:04.870,91504870,273984,4.9,500,0,B,0,16:02:54.587
000931.SZ,09:15:04.920,91504920,274716,4.8,2000,0,B,0,16:02:54.587
000931.SZ,09:15:04.920,91504920,274723,5.1,500,0,B,0,16:02:54.587
000931.SZ,09:15:05.000,91505000,276252,5.21,1000,0,S,0,16:02:54.587
000931.SZ,09:15:05.000,91505000,276263,5.25,6000,0,S,0,16:02:54.587
000931.SZ,09:15:05.130,91505130,277679,5.0,500,0,B,0,16:02:54.587
000931.SZ,09:15:05.260,91505260,278513,4.96,400,0,B,0,16:02:54.587
000931.SZ,09:15:05.270,91505270,278668,5.02,400,0,B,0,16:02:54.587
000931.SZ,09:15:05.380,91505380,279249,5.6,200,0,S,0,16:02:54.587
000931.SZ,09:15:05.950,91505950,282050,4.96,3000,0,B,0,16:02:54.587
000931.SZ,09:15:06.340,91506340,284725,5.61,100,0,S,0,16:02:54.587
000931.SZ,09:15:07.690,91507690,288096,5.51,500,0,S,0,16:02:54.808
000931.SZ,09:15:08.070,91508070,289168,5.61,1000,0,S,0,16:02:54.808
000931.SZ,09:15:08.960,91508960,289832,4.97,1100,0,B,0,16:02:54.808
000931.SZ,09:15:13.470,91513470,291165,4.93,200,0,B,0,16:02:54.808
000931.SZ,09:15:18.910,91518910,292137,5.37,200,0,S,0,16:02:54.808
000931.SZ,09:15:19.820,91519820,292363,5.13,600,0,S,0,16:02:54.808
000931.SZ,09:15:22.000,91522000,292827,5.61,400,0,B,0,16:02:54.808
000931.SZ,09:15:23.320,91523320,293113,5.13,580,0,S,0,16:02:54.808
000931.SZ,09:15:28.260,91528260,294199,5.14,600,0,S,0,16:02:54.808
000931.SZ,09:15:36.430,91536430,296204,5.16,20000,0,S,0,16:02:54.891
000931.SZ,09:15:40.070,91540070,297070,5.58,10000,0,S,0,16:02:55.073
000931.SZ,09:15:43.900,91543900,298069,4.95,500,0,B,0,16:02:55.073
000931.SZ,09:15:45.230,91545230,298436,5.33,700,0,B,0,16:02:55.073
000931.SZ,09:15:52.640,91552640,300401,5.27,4000,0,S,0,16:02:55.073
000931.SZ,09:15:53.850,91553850,300724,5.05,2000,0,B,0,16:02:55.073
000931.SZ,09:15:53.850,91553850,300725,5.6,1000,0,S,0,16:02:55.073
000931.SZ,09:15:55.380,91555380,301183,5.59,5000,0,S,0,16:02:55.073
000931.SZ,09:16:03.240,91603240,303497,5.12,200,0,S,0,16:02:55.073
000931.SZ,09:16:03.990,91603990,303713,5.49,5000,0,B,0,16:02:55.073
000931.SZ,09:16:09.480,91609480,305525,5.36,5000,0,S,0,16:02:55.125
000931.SZ,09:16:09.820,91609820,305659,5.14,200,0,S,0,16:02:55.125
000931.SZ,09:16:12.130,91612130,306351,5.24,10000,0,S,0,16:02:55.125
000931.SZ,09:16:12.750,91612750,306505,5.39,5000,0,S,0,16:02:55.125
000931.SZ,09:16:15.930,91615930,307455,5.16,200,0,S,0,16:02:55.271
000931.SZ,09:16:16.210,91616210,307531,5.33,600,0,B,0,16:02:55.271
000931.SZ,09:16:19.770,91619770,308546,5.13,600,0,S,0,16:02:55.271
000931.SZ,09:16:21.040,91621040,308920,5.18,200,0,S,0,16:02:55.271
000931.SZ,09:16:21.190,91621190,308980,5.28,5000,0,S,0,16:02:55.271
000931.SZ,09:16:23.070,91623070,309520,4.89,3000,0,B,0,16:02:55.271
000931.SZ,09:16:27.050,91627050,310627,5.2,200,0,S,0,16:02:55.271
000931.SZ,09:16:33.130,91633130,312421,5.08,200,0,B,0,16:02:55.271
000931.SZ,09:16:34.480,91634480,312902,4.79,3000,0,B,0,16:02:55.271
000931.SZ,09:16:39.180,91639180,314490,5.06,200,0,B,0,16:02:55.271
000931.SZ,09:16:45.450,91645450,316476,5.04,200,0,B,0,16:02:55.648
000931.SZ,09:16:49.360,91649360,317724,5.43,400,0,S,0,16:02:55.648
000931.SZ,09:16:56.870,91656870,320251,5.55,4000,0,S,0,16:02:55.648
000931.SZ,09:17:00.850,91700850,321581,5.6,2000,0,S,0,16:02:55.648
000931.SZ,09:17:19.790,91719790,328428,5.13,600,0,S,0,16:02:55.648
000931.SZ,09:17:25.040,91725040,330305,5.15,400,0,S,0,16:02:55.648
000931.SZ,09:17:26.730,91726730,330939,5.55,1100,0,S,0,16:02:55.648
000931.SZ,09:17:31.170,91731170,332593,5.27,3000,0,S,0,16:02:55.648
000931.SZ,09:17:37.810,91737810,335009,5.25,400,0,S,0,16:02:55.648
000931.SZ,09:17:43.920,91743920,337477,5.2,500,0,S,0,16:02:55.810
000931.SZ,09:17:44.310,91744310,337624,5.13,1200,0,B,0,16:02:55.810
000931.SZ,09:17:46.730,91746730,338472,5.61,7000,0,S,0,16:02:55.810
000931.SZ,09:17:49.530,91749530,339657,5.13,400,0,S,0,16:02:55.810
000931.SZ,09:17:52.740,91752740,340913,5.12,2800,0,S,0,16:02:55.810
000931.SZ,09:17:53.980,91753980,341389,5.38,400,0,S,0,16:02:55.810
000931.SZ,09:17:54.790,91754790,341800,5.08,1500,0,B,0,16:02:55.810
000931.SZ,09:18:08.340,91808340,346864,5.0,10000,0,B,0,16:02:55.883
000931.SZ,09:18:10.580,91810580,347719,5.5,2000,0,S,0,16:02:55.883
000931.SZ,09:18:19.820,91819820,351356,5.13,600,0,S,0,16:02:56.192
000931.SZ,09:18:21.520,91821520,352067,5.19,600,0,S,0,16:02:56.192
000931.SZ,09:18:31.100,91831100,355867,5.13,500,0,B,0,16:02:56.192
000931.SZ,09:18:44.500,91844500,361336,5.13,1000,0,S,0,16:02:56.192
000931.SZ,09:18:50.260,91850260,363697,5.16,5000,0,S,0,16:02:56.192
000931.SZ,09:19:09.220,91909220,371493,5.13,1400,0,S,0,16:02:56.505
000931.SZ,09:19:09.640,91909640,371691,5.27,21300,0,S,0,16:02:56.505
000931.SZ,09:19:12.160,91912160,372720,5.13,2100,0,S,0,16:02:56.505
000931.SZ,09:19:12.350,91912350,372798,5.11,1100,0,B,0,16:02:56.505
000931.SZ,09:19:16.900,91916900,374708,5.6,900,0,S,0,16:02:56.505
000931.SZ,09:19:19.840,91919840,375919,5.13,600,0,S,0,16:02:56.505
000931.SZ,09:19:21.070,91921070,376469,5.6,1000,0,S,0,16:02:56.505
000931.SZ,09:19:25.670,91925670,378432,5.3,2100,0,B,0,16:02:56.505
000931.SZ,09:19:25.860,91925860,378509,5.27,6100,0,S,0,16:02:56.505
000931.SZ,09:19:35.440,91935440,382525,5.13,300,0,S,0,16:02:56.842
000931.SZ,09:19:36.890,91936890,383165,5.61,100,0,S,0,16:02:56.842
000931.SZ,09:19:39.360,91939360,384270,5.6,4000,0,S,0,16:02:56.842
000931.SZ,09:19:40.390,91940390,384693,5.13,100,0,S,0,16:02:56.842
000931.SZ,09:19:41.240,91941240,385052,5.11,1500,0,S,0,16:02:56.842
000931.SZ,09:19:41.490,91941490,385171,5.49,16000,0,S,0,16:02:56.842
000931.SZ,09:19:41.660,91941660,385239,5.13,5000,0,S,0,16:02:56.842
000931.SZ,09:19:42.320,91942320,385532,5.14,1000,0,S,0,16:02:56.842
000931.SZ,09:19:45.790,91945790,387007,5.13,1000,0,S,0,16:02:56.842
000931.SZ,09:19:52.760,91952760,389980,5.14,1000,0,S,0,16:02:56.842
000931.SZ,09:19:53.420,91953420,390291,5.6,1000,0,S,0,16:02:56.842
000931.SZ,09:19:58.110,91958110,392532,5.27,20000,0,S,0,16:02:56.842
000931.SZ,09:19:59.330,91959330,393108,5.17,1000,0,S,0,16:02:56.842
000931.SZ,09:20:01.840,92001840,394216,4.98,10000,0,B,0,16:02:56.842
000931.SZ,09:20:03.010,92003010,394923,5.15,1000,0,S,0,16:02:56.842
000931.SZ,09:20:05.440,92005440,396109,5.15,100,0,B,0,16:02:56.842
000931.SZ,09:20:06.370,92006370,396509,5.24,1000,0,S,0,16:02:56.842
000931.SZ,09:20:07.760,92007760,397031,5.2,2000,0,S,0,16:02:56.842
000931.SZ,09:20:08.280,92008280,397221,5.29,100,0,S,0,16:02:56.842
000931.SZ,09:20:08.520,92008520,397320,5.13,400,0,S,0,16:02:56.842
000931.SZ,09:20:11.000,92011000,398427,5.6,4000,0,S,0,16:02:56.842
000931.SZ,09:20:11.170,92011170,398484,5.17,2000,0,S,0,16:02:56.842
000931.SZ,09:20:11.740,92011740,398712,5.61,2000,0,S,0,16:02:56.842
000931.SZ,09:20:13.400,92013400,399365,5.02,200,0,B,0,16:02:56.842
000931.SZ,09:20:19.630,92019630,401695,5.19,2000,0,S,0,16:02:57.124
000931.SZ,09:20:19.860,92019860,401778,5.13,600,0,S,0,16:02:57.124
000931.SZ,09:20:28.420,92028420,404964,5.21,2000,0,S,0,16:02:57.124
000931.SZ,09:20:33.050,92033050,406734,5.6,1000,0,S,0,16:02:57.124
000931.SZ,09:20:33.750,92033750,406986,5.27,600,0,S,0,16:02:57.124
000931.SZ,09:20:34.100,92034100,407097,5.13,1000,0,S,0,16:02:57.124
000931.SZ,09:20:38.960,92038960,408944,4.95,300,0,B,0,16:02:57.124
000931.SZ,09:20:40.850,92040850,409682,5.18,500,0,S,0,16:02:57.124
000931.SZ,09:20:49.520,92049520,413109,4.95,1000,0,B,0,16:02:57.124
000931.SZ,09:20:50.120,92050120,413376,5.18,1000,0,S,0,16:02:57.124
000931.SZ,09:20:53.260,92053260,414606,5.14,30000,0,S,0,16:02:57.124
000931.SZ,09:20:53.810,92053810,414833,5.61,400,0,S,0,16:02:57.124
000931.SZ,09:20:56.090,92056090,415745,5.06,500,0,B,0,16:02:57.368
000931.SZ,09:21:10.890,92110890,422665,5.23,600,0,S,0,16:02:57.368
000931.SZ,09:21:11.310,92111310,422809,5.05,100,0,S,0,16:02:57.368
000931.SZ,09:21:11.400,92111400,422840,4.6,7000,0,S,0,16:02:57.368
000931.SZ,09:21:12.570,92112570,423339,5.55,300,0,S,0,16:02:57.368
000931.SZ,09:21:19.870,92119870,426245,5.12,600,0,S,0,16:02:57.368
000931.SZ,09:21:20.560,92120560,426521,5.09,10000,0,S,0,16:02:57.368
000931.SZ,09:21:21.390,92121390,426861,5.61,3000,0,S,0,16:02:57.368
000931.SZ,09:21:34.290,92134290,432489,5.0,1000,0,B,0,16:02:57.542
000931.SZ,09:21:38.220,92138220,434306,5.15,1000,0,S,0,16:02:57.542
000931.SZ,09:21:42.710,92142710,436221,5.46,600,0,S,0,16:02:57.542
000931.SZ,09:22:02.120,92202120,444780,5.08,500,0,S,0,16:02:57.808
000931.SZ,09:22:02.830,92202830,445066,5.6,600,0,S,0,16:02:57.808
000931.SZ,09:22:10.920,92210920,448844,5.15,5000,0,S,0,16:02:57.808
000931.SZ,09:22:16.640,92216640,451535,5.13,10000,0,S,0,16:02:57.808
000931.SZ,09:22:19.500,92219500,452863,4.96,50000,0,B,0,16:02:57.808
000931.SZ,09:22:19.890,92219890,453024,5.09,600,0,S,0,16:02:57.808
000931.SZ,09:22:27.530,92227530,456669,5.54,200,0,S,0,16:02:58.059
000931.SZ,09:22:33.040,92233040,459241,4.97,1100,0,B,0,16:02:58.059
000931.SZ,09:22:34.860,92234860,460146,4.59,7000,0,S,0,16:02:58.059
000931.SZ,09:22:37.500,92237500,461434,5.0,2000,0,B,0,16:02:58.059
000931.SZ,09:22:49.270,92249270,467133,5.07,500,0,S,0,16:02:58.273
000931.SZ,09:22:50.340,92250340,467691,5.11,3000,0,S,0,16:02:58.273
000931.SZ,09:22:50.950,92250950,467995,5.12,3000,0,S,0,16:02:58.273
000931.SZ,09:22:51.920,92251920,468527,5.0,5000,0,B,0,16:02:58.273
000931.SZ,09:22:54.150,92254150,469602,5.1,10900,0,S,0,16:02:58.273
000931.SZ,09:22:56.810,92256810,470946,4.88,700,0,B,0,16:02:58.273
000931.SZ,09:22:57.160,92257160,471128,4.95,1000,0,B,0,16:02:58.273
000931.SZ,09:22:59.390,92259390,472268,5.25,300,0,S,0,16:02:58.273
000931.SZ,09:22:59.990,92259990,472565,5.1,2700,0,S,0,16:02:58.273
000931.SZ,09:23:00.330,92300330,472775,5.09,1000,0,B,0,16:02:58.273
000931.SZ,09:23:19.900,92319900,483049,5.09,600,0,S,0,16:02:58.492
000931.SZ,09:23:20.670,92320670,483466,5.21,1000,0,S,0,16:02:58.492
000931.SZ,09:23:22.270,92322270,484369,4.59,1500,0,S,0,16:02:58.492
000931.SZ,09:23:25.150,92325150,486001,4.94,700,0,S,0,16:02:58.492
000931.SZ,09:23:28.600,92328600,487991,5.2,10000,0,S,0,16:02:58.492
000931.SZ,09:23:41.080,92341080,495388,4.8,1000,0,B,0,16:02:58.638
000931.SZ,09:23:46.920,92346920,498834,5.28,500,0,S,0,16:02:58.714
000931.SZ,09:23:49.530,92349530,500470,5.09,2000,0,S,0,16:02:58.714
000931.SZ,09:23:51.580,92351580,501693,5.0,5000,0,B,0,16:02:58.714
000931.SZ,09:23:54.480,92354480,503451,5.0,10300,0,B,0,16:02:58.714
000931.SZ,09:23:55.830,92355830,504308,5.35,1000,0,S,0,16:02:58.967
000931.SZ,09:23:55.970,92355970,504403,5.17,200,0,S,0,16:02:58.967
000931.SZ,09:23:58.400,92358400,505930,5.04,6400,0,S,0,16:02:58.967
000931.SZ,09:24:00.100,92400100,507122,5.61,100,0,S,0,16:02:58.967
000931.SZ,09:24:06.790,92406790,511701,5.0,10000,0,B,0,16:02:58.967
000931.SZ,09:24:08.640,92408640,513054,5.12,1600,0,S,0,16:02:58.967
000931.SZ,09:24:10.120,92410120,514155,5.55,1900,0,S,0,16:02:58.967
000931.SZ,09:24:12.550,92412550,516041,4.94,200,0,S,0,16:02:58.967
000931.SZ,09:24:13.530,92413530,516821,5.06,2000,0,S,0,16:02:58.967
000931.SZ,09:24:15.670,92415670,518557,5.02,500,0,B,0,16:02:59.162
000931.SZ,09:24:16.150,92416150,518984,4.85,1000,0,B,0,16:02:59.162
000931.SZ,09:24:16.360,92416360,519146,5.1,5000,0,B,0,16:02:59.162
000931.SZ,09:24:19.920,92419920,522134,5.07,100,0,S,0,16:02:59.162
000931.SZ,09:24:22.380,92422380,524355,5.09,11000,0,S,0,16:02:59.162
000931.SZ,09:24:24.650,92424650,526275,5.13,400,0,B,0,16:02:59.162
000931.SZ,09:24:26.850,92426850,528292,5.09,2900,0,S,0,16:02:59.352
000931.SZ,09:24:28.950,92428950,530182,4.88,2000,0,B,0,16:02:59.352
000931.SZ,09:24:31.230,92431230,532421,5.09,9500,0,S,0,16:02:59.352
000931.SZ,09:24:34.800,92434800,535729,5.0,600,0,B,0,16:02:59.352
000931.SZ,09:24:36.290,92436290,537171,4.94,100,0,S,0,16:02:59.352
000931.SZ,09:24:40.820,92440820,541958,5.15,5500,0,S,0,16:02:59.555
000931.SZ,09:24:42.560,92442560,543585,5.08,15000,0,S,0,16:02:59.555
000931.SZ,09:24:43.900,92443900,545011,5.21,1500,0,B,0,16:02:59.555
000931.SZ,09:24:51.530,92451530,554531,5.19,10000,0,S,0,16:02:59.745
000931.SZ,09:24:52.850,92452850,556222,5.01,2600,0,S,0,16:02:59.745
000931.SZ,09:24:52.900,92452900,556320,5.07,4000,0,S,0,16:02:59.745
000931.SZ,09:24:53.330,92453330,556906,5.61,200,0,B,0,16:02:59.745
000931.SZ,09:24:54.110,92454110,558290,4.94,100,0,S,0,16:02:59.745
000931.SZ,09:24:55.330,92455330,560650,5.13,300,0,B,0,16:02:59.745
000931.SZ,09:24:56.310,92456310,562900,5.13,200,0,B,0,16:02:59.918
000931.SZ,09:24:56.800,92456800,564256,4.98,900,0,S,0,16:02:59.918
000931.SZ,09:24:57.070,92457070,564942,5.05,400,0,S,0,16:02:59.918
000931.SZ,09:24:57.090,92457090,564992,4.98,200,0,S,0,16:02:59.918
000931.SZ,09:24:57.150,92457150,565212,5.07,100,0,B,0,16:02:59.918
000931.SZ,09:24:57.240,92457240,565504,5.15,5500,0,S,0,16:02:59.918
000931.SZ,09:24:57.310,92457310,565674,5.08,15000,0,S,0,16:02:59.918
000931.SZ,09:24:57.310,92457310,565675,5.18,100,0,B,0,16:02:59.918
000931.SZ,09:24:57.410,92457410,565985,4.98,100,0,S,0,16:02:59.918
000931.SZ,09:24:57.440,92457440,566074,5.18,100,0,B,0,16:02:59.918
000931.SZ,09:24:58.430,92458430,569513,5.25,3800,0,B,0,16:02:59.918
000931.SZ,09:24:58.550,92458550,569999,4.98,200,0,S,0,16:02:59.918
000931.SZ,09:24:59.090,92459090,572163,5.18,500,0,B,0,16:03:00.227
000931.SZ,09:24:59.380,92459380,573684,4.98,100,0,S,0,16:03:00.227
000931.SZ,09:24:59.530,92459530,574785,5.1,6500,0,B,0,16:03:00.227
000931.SZ,09:24:59.730,92459730,576067,5.18,100,0,B,0,16:03:00.227
000931.SZ,09:24:59.980,92459980,578323,5.13,6400,0,B,0,16:03:00.227
000931.SZ,09:24:59.990,92459990,578963,5.09,27800,0,B,0,16:03:00.227
000931.SZ,09:30:00.030,93000030,681460,5.09,100,0,S,0,16:03:01.789
000931.SZ,09:30:00.040,93000040,685708,5.08,2400,0,S,0,16:03:01.951
000931.SZ,09:30:00.040,93000040,686363,5.0,2000,0,B,0,16:03:01.951
000931.SZ,09:30:00.040,93000040,686979,5.09,400,0,S,0,16:03:01.951
000931.SZ,09:30:00.040,93000040,687051,5.09,500,0,S,0,16:03:01.951
000931.SZ,09:30:00.040,93000040,688063,5.09,600,0,S,0,16:03:01.951
000931.SZ,09:30:00.040,93000040,688064,5.09,800,0,S,0,16:03:01.951
000931.SZ,09:30:00.050,93000050,689276,5.09,200,0,S,0,16:03:01.951
000931.SZ,09:30:00.050,93000050,690958,5.09,1000,0,B,0,16:03:01.951
000931.SZ,09:30:00.050,93000050,691626,5.01,16000,0,B,0,16:03:01.951
000931.SZ,09:30:00.050,93000050,693831,5.08,1600,0,B,0,16:03:01.951
000931.SZ,09:30:00.050,93000050,693999,5.08,600,0,B,0,16:03:01.951
000931.SZ,09:30:00.050,93000050,694931,5.09,300,0,S,0,16:03:02.182
000931.SZ,09:30:00.060,93000060,696406,5.08,900,0,B,0,16:03:02.182
000931.SZ,09:30:00.060,93000060,696636,5.08,900,0,B,0,16:03:02.182
000931.SZ,09:30:00.060,93000060,696962,5.61,2000,0,S,0,16:03:02.182
000931.SZ,09:30:00.060,93000060,697177,5.09,1700,0,B,0,16:03:02.182
000931.SZ,09:30:00.060,93000060,700206,5.08,600,0,B,0,16:03:02.182
000931.SZ,09:30:00.070,93000070,701122,5.6,500,0,S,0,16:03:02.182
000931.SZ,09:30:00.070,93000070,701431,5.09,300,0,S,0,16:03:02.303
000931.SZ,09:30:00.070,93000070,701576,5.09,300,0,S,0,16:03:02.303
000931.SZ,09:30:00.070,93000070,702021,5.08,700,0,B,0,16:03:02.303
000931.SZ,09:30:00.070,93000070,704321,5.08,1200,0,B,0,16:03:02.303
000931.SZ,09:30:00.070,93000070,704463,4.59,500,0,B,0,16:03:02.303
000931.SZ,09:30:00.080,93000080,711844,4.93,1000,0,B,0,16:03:02.442
000931.SZ,09:30:00.080,93000080,711864,5.08,600,0,B,0,16:03:02.442
000931.SZ,09:30:00.080,93000080,711927,4.88,1000,0,B,0,16:03:02.442
000931.SZ,09:30:00.090,93000090,714596,5.01,400,0,B,0,16:03:02.442
000931.SZ,09:30:00.090,93000090,717023,5.08,700,0,B,0,16:03:02.679
000931.SZ,09:30:00.090,93000090,718680,5.07,6300,0,S,0,16:03:02.679
000931.SZ,09:30:00.100,93000100,720185,5.08,900,0,B,0,16:03:02.679
000931.SZ,09:30:00.110,93000110,727140,5.35,100,0,S,0,16:03:02.679
000931.SZ,09:30:00.110,93000110,728764,5.13,1000,0,S,0,16:03:02.679
000931.SZ,09:30:00.110,93000110,730012,4.92,6000,0,B,0,16:03:02.931
000931.SZ,09:30:00.110,93000110,730193,4.88,34900,0,B,0,16:03:02.931
000931.SZ,09:30:00.110,93000110,730476,4.85,100,0,B,0,16:03:02.931
000931.SZ,09:30:00.120,93000120,732767,4.96,2000,0,B,0,16:03:02.931
000931.SZ,09:30:00.130,93000130,739648,5.09,600,0,S,0,16:03:02.931
000931.SZ,09:30:00.130,93000130,739714,5.09,800,0,S,0,16:03:02.931
000931.SZ,09:30:00.130,93000130,740934,5.12,1000,0,S,0,16:03:02.931
000931.SZ,09:30:00.130,93000130,741039,5.08,2000,0,S,0,16:03:02.931
000931.SZ,09:30:00.130,93000130,741125,5.09,3200,0,S,0,16:03:02.931
000931.SZ,09:30:00.130,93000130,741128,5.09,3100,0,S,0,16:03:02.931
000931.SZ,09:30:00.140,93000140,748359,4.96,1200,0,B,0,16:03:03.182
000931.SZ,09:30:00.170,93000170,759748,4.97,10000,0,B,0,16:03:03.182
000931.SZ,09:30:00.170,93000170,759783,4.93,10000,0,B,0,16:03:03.182
000931.SZ,09:30:00.170,93000170,760880,5.12,10000,0,S,0,16:03:03.331
000931.SZ,09:30:00.170,93000170,761293,4.95,500,0,B,0,16:03:03.331
000931.SZ,09:30:00.170,93000170,764402,5.08,4600,0,S,0,16:03:03.331
000931.SZ,09:30:00.170,93000170,764452,5.04,300,0,B,0,16:03:03.331
000931.SZ,09:30:00.180,93000180,766000,5.15,10000,0,S,0,16:03:03.331
000931.SZ,09:30:00.180,93000180,767656,5.07,5700,0,S,0,16:03:03.331
000931.SZ,09:30:00.180,93000180,768992,5.09,900,0,B,0,16:03:03.553
000931.SZ,09:30:00.210,93000210,780341,5.09,1200,0,S,0,16:03:03.553
000931.SZ,09:30:00.220,93000220,781831,5.08,5000,0,S,0,16:03:03.693
000931.SZ,09:30:00.220,93000220,783973,5.09,300,0,S,0,16:03:03.693
000931.SZ,09:30:00.230,93000230,787279,5.12,200,0,S,0,16:03:03.693
000931.SZ,09:30:00.230,93000230,787765,5.07,1000,0,S,0,16:03:03.693
000931.SZ,09:30:00.230,93000230,787909,4.95,3000,0,B,0,16:03:03.693
000931.SZ,09:30:00.240,93000240,791744,5.05,400,0,B,0,16:03:03.896
000931.SZ,09:30:00.240,93000240,792497,5.28,1000,0,S,0,16:03:03.896
000931.SZ,09:30:00.250,93000250,793217,5.09,100,0,B,0,16:03:03.896
000931.SZ,09:30:00.250,93000250,793396,5.0,500,0,B,0,16:03:03.896
000931.SZ,09:30:00.250,93000250,795900,5.2,800,0,S,0,16:03:03.896
000931.SZ,09:30:00.250,93000250,796579,4.85,500,0,B,0,16:03:03.896
000931.SZ,09:30:00.270,93000270,800972,5.11,5000,0,S,0,16:03:03.896
000931.SZ,09:30:00.270,93000270,802384,5.07,1000,0,S,0,16:03:03.896
000931.SZ,09:30:00.270,93000270,803133,5.2,1000,0,S,0,16:03:03.896
000931.SZ,09:30:00.280,93000280,805270,5.13,5000,0,S,0,16:03:04.071
000931.SZ,09:30:00.280,93000280,807052,5.26,800,0,S,0,16:03:04.071
000931.SZ,09:30:00.290,93000290,807361,5.33,1100,0,S,0,16:03:04.071
000931.SZ,09:30:00.290,93000290,808177,5.18,10000,0,S,0,16:03:04.071
000931.SZ,09:30:00.290,93000290,808201,5.28,10000,0,S,0,16:03:04.071
000931.SZ,09:30:00.290,93000290,809817,5.02,6500,0,B,0,16:03:04.071
000931.SZ,09:30:00.300,93000300,812952,5.08,400,0,B,0,16:03:04.071
000931.SZ,09:30:00.300,93000300,813658,5.15,2000,0,S,0,16:03:04.071
000931.SZ,09:30:00.310,93000310,815148,5.12,9200,0,S,0,16:03:04.211
000931.SZ,09:30:00.310,93000310,815587,4.9,500,0,B,0,16:03:04.211
000931.SZ,09:30:00.310,93000310,815930,5.08,100,0,S,0,16:03:04.211
000931.SZ,09:30:00.330,93000330,820417,5.6,400,0,S,0,16:03:04.211
000931.SZ,09:30:00.340,93000340,823228,5.15,200,0,S,0,16:03:04.211
000931.SZ,09:30:00.390,93000390,837385,5.04,500,0,S,0,16:03:04.442
000931.SZ,09:30:00.390,93000390,838252,5.09,100,0,S,0,16:03:04.442
000931.SZ,09:30:00.400,93000400,840606,5.1,100,0,S,0,16:03:04.442
000931.SZ,09:30:00.400,93000400,841241,5.08,400,0,S,0,16:03:04.442
000931.SZ,09:30:00.400,93000400,841286,5.08,5900,0,B,0,16:03:04.442
000931.SZ,09:30:00.400,93000400,841363,5.08,400,0,S,0,16:03:04.442
000931.SZ,09:30:00.410,93000410,841449,5.08,400,0,S,0,16:03:04.442
000931.SZ,09:30:00.410,93000410,841453,5.08,400,0,S,0,16:03:04.442
000931.SZ,09:30:00.410,93000410,841456,5.08,400,0,S,0,16:03:04.442
000931.SZ,09:30:00.410,93000410,841510,5.08,400,0,S,0,16:03:04.442
000931.SZ,09:30:00.410,93000410,841592,5.08,400,0,S,0,16:03:04.442
000931.SZ,09:30:00.410,93000410,841743,5.08,100,0,S,0,16:03:04.442
000931.SZ,09:30:00.410,93000410,843080,5.07,400,0,B,0,16:03:04.522
000931.SZ,09:30:00.430,93000430,846532,5.08,200,0,B,0,16:03:04.522
000931.SZ,09:30:00.440,93000440,848088,5.08,2200,0,S,0,16:03:04.646
000931.SZ,09:30:00.440,93000440,848245,5.08,1400,0,S,0,16:03:04.646
000931.SZ,09:30:00.440,93000440,848256,5.08,1900,0,S,0,16:03:04.646
000931.SZ,09:30:00.440,93000440,849009,5.08,900,0,S,0,16:03:04.646
000931.SZ,09:30:00.490,93000490,859429,4.98,400,0,B,0,16:03:04.756
000931.SZ,09:30:00.490,93000490,859880,5.08,400,0,S,0,16:03:04.756
000931.SZ,09:30:00.510,93000510,863487,5.08,1000,0,S,0,16:03:04.852
000931.SZ,09:30:00.530,93000530,867321,5.07,300,0,B,0,16:03:04.852
000931.SZ,09:30:00.530,93000530,868272,5.08,1900,0,S,0,16:03:04.992
000931.SZ,09:30:00.530,93000530,868351,5.08,1000,0,S,0,16:03:04.992
000931.SZ,09:30:00.530,93000530,868397,5.08,600,0,S,0,16:03:04.992
000931.SZ,09:30:00.530,93000530,868426,5.08,1900,0,S,0,16:03:04.992
000931.SZ,09:30:00.540,93000540,869385,5.08,200,0,S,0,16:03:04.992
000931.SZ,09:30:00.540,93000540,869781,5.08,1900,0,S,0,16:03:04.992
000931.SZ,09:30:00.550,93000550,871201,5.08,200,0,B,0,16:03:04.992
000931.SZ,09:30:00.550,93000550,871540,5.08,100,0,B,0,16:03:04.992
000931.SZ,09:30:00.550,93000550,871636,5.08,100,0,B,0,16:03:04.992
000931.SZ,09:30:00.550,93000550,871656,5.05,1000,0,B,0,16:03:04.992
000931.SZ,09:30:00.570,93000570,875556,5.01,1000,0,B,0,16:03:04.992
000931.SZ,09:30:00.620,93000620,885497,5.13,1000,0,S,0,16:03:05.283
000931.SZ,09:30:00.620,93000620,885976,5.09,1000,0,S,0,16:03:05.283
000931.SZ,09:30:00.630,93000630,887145,5.08,100,0,S,0,16:03:05.283
000931.SZ,09:30:00.630,93000630,887146,5.08,100,0,S,0,16:03:05.283
000931.SZ,09:30:00.630,93000630,887335,5.08,600,0,S,0,16:03:05.283
000931.SZ,09:30:00.630,93000630,887370,5.08,100,0,S,0,16:03:05.283
000931.SZ,09:30:00.630,93000630,887434,5.08,400,0,S,0,16:03:05.283
000931.SZ,09:30:00.630,93000630,887667,5.08,100,0,S,0,16:03:05.283
000931.SZ,09:30:00.650,93000650,890174,5.08,100,0,S,0,16:03:05.283
000931.SZ,09:30:00.650,93000650,890207,5.08,1100,0,S,0,16:03:05.283
000931.SZ,09:30:00.650,93000650,890236,5.08,600,0,S,0,16:03:05.283
000931.SZ,09:30:00.660,93000660,892978,5.09,400,0,S,0,16:03:05.283
000931.SZ,09:30:00.670,93000670,893916,5.08,1600,0,S,0,16:03:05.283
000931.SZ,09:30:00.690,93000690,897768,5.09,100,0,B,0,16:03:05.397
000931.SZ,09:30:00.700,93000700,900594,5.08,1600,0,S,0,16:03:05.397
000931.SZ,09:30:00.700,93000700,900609,5.09,2300,0,S,0,16:03:05.397
000931.SZ,09:30:00.720,93000720,904449,5.08,1600,0,S,0,16:03:05.550
000931.SZ,09:30:00.730,93000730,905536,5.08,600,0,B,0,16:03:05.550
000931.SZ,09:30:00.730,93000730,906706,5.15,20000,0,S,0,16:03:05.550
000931.SZ,09:30:00.740,93000740,907835,5.04,15000,0,B,0,16:03:05.550
000931.SZ,09:30:00.740,93000740,908621,5.08,100,0,S,0,16:03:05.550
000931.SZ,09:30:00.810,93000810,919223,5.08,1800,0,B,0,16:03:05.660
000931.SZ,09:30:00.840,93000840,924915,0.0,100,1,B,0,16:03:05.787
000931.SZ,09:30:00.910,93000910,933209,5.41,300,0,S,0,16:03:05.912
000931.SZ,09:30:00.920,93000920,935120,5.08,1300,0,S,0,16:03:05.912
000931.SZ,09:30:00.940,93000940,937543,5.08,600,0,B,0,16:03:05.912
000931.SZ,09:30:00.940,93000940,937598,5.08,300,0,B,0,16:03:05.912
000931.SZ,09:30:00.950,93000950,938878,5.14,30000,0,S,0,16:03:05.912
000931.SZ,09:30:00.970,93000970,942071,5.15,500,0,S,0,16:03:06.036
000931.SZ,09:30:01.000,93001000,947094,5.08,900,0,B,0,16:03:06.162
000931.SZ,09:30:01.060,93001060,953493,5.08,1000,0,S,0,16:03:06.162
000931.SZ,09:30:01.070,93001070,954411,5.08,1100,0,B,0,16:03:06.162
000931.SZ,09:30:01.120,93001120,960659,5.15,2200,0,S,0,16:03:06.261
000931.SZ,09:30:01.180,93001180,967853,5.08,1500,0,S,0,16:03:06.406
000931.SZ,09:30:01.180,93001180,967938,5.08,1900,0,S,0,16:03:06.406
000931.SZ,09:30:01.190,93001190,968043,5.08,400,0,B,0,16:03:06.406
000931.SZ,09:30:01.190,93001190,968515,5.08,600,0,B,0,16:03:06.406
000931.SZ,09:30:01.190,93001190,968706,5.08,200,0,B,0,16:03:06.406
000931.SZ,09:30:01.220,93001220,970839,5.08,400,0,B,0,16:03:06.406
000931.SZ,09:30:01.230,93001230,971955,5.08,100,0,B,0,16:03:06.502
000931.SZ,09:30:01.280,93001280,976117,4.95,400,0,B,0,16:03:06.502
000931.SZ,09:30:01.310,93001310,978728,5.3,10000,0,S,0,16:03:06.612
000931.SZ,09:30:01.340,93001340,983114,5.08,400,0,B,0,16:03:06.612
000931.SZ,09:30:01.350,93001350,984016,5.09,4400,0,S,0,16:03:06.612
000931.SZ,09:30:01.350,93001350,984292,4.95,2000,0,B,0,16:03:06.706
000931.SZ,09:30:01.360,93001360,985416,5.22,12200,0,S,0,16:03:06.706
000931.SZ,09:30:01.370,93001370,986742,5.08,2300,0,B,0,16:03:06.706
000931.SZ,09:30:01.440,93001440,994983,5.08,1000,0,B,0,16:03:06.831
000931.SZ,09:30:01.480,93001480,998152,5.08,800,0,B,0,16:03:06.831
000931.SZ,09:30:01.480,93001480,998424,4.99,2200,0,B,0,16:03:06.831
000931.SZ,09:30:01.480,93001480,998683,5.07,300,0,B,0,16:03:06.831
000931.SZ,09:30:01.480,93001480,998740,5.07,300,0,B,0,16:03:06.831
000931.SZ,09:30:01.490,93001490,1000397,5.09,600,0,B,0,16:03:06.925
000931.SZ,09:30:01.500,93001500,1002002,5.19,300,0,S,0,16:03:06.925
000931.SZ,09:30:01.520,93001520,1004609,5.05,5000,0,B,0,16:03:06.925
000931.SZ,09:30:01.530,93001530,1005846,5.18,300,0,S,0,16:03:06.925
000931.SZ,09:30:01.550,93001550,1008334,5.16,300,0,S,0,16:03:07.036
000931.SZ,09:30:01.590,93001590,1012113,5.08,3000,0,B,0,16:03:07.036
000931.SZ,09:30:01.600,93001600,1013005,5.08,700,0,B,0,16:03:07.036
000931.SZ,09:30:01.600,93001600,1013440,5.02,1800,0,B,0,16:03:07.132
000931.SZ,09:30:01.630,93001630,1018383,5.17,900,0,S,0,16:03:07.132
000931.SZ,09:30:01.640,93001640,1018739,5.09,400,0,S,0,16:03:07.132
000931.SZ,09:30:01.640,93001640,1019210,5.07,300,0,B,0,16:03:07.227
000931.SZ,09:30:01.660,93001660,1021490,5.15,900,0,S,0,16:03:07.227
000931.SZ,09:30:01.680,93001680,1023464,5.07,500,0,B,0,16:03:07.227
000931.SZ,09:30:01.680,93001680,1023578,5.07,1700,0,B,0,16:03:07.227
000931.SZ,09:30:01.680,93001680,1024158,4.93,1000,0,B,0,16:03:07.227
000931.SZ,09:30:01.690,93001690,1025924,4.59,1300,0,B,0,16:03:07.345
000931.SZ,09:30:01.700,93001700,1026192,5.08,1000,0,S,0,16:03:07.345
000931.SZ,09:30:01.700,93001700,1026917,5.07,10000,0,S,0,16:03:07.345
000931.SZ,09:30:01.720,93001720,1028298,5.61,1000,0,S,0,16:03:07.345
000931.SZ,09:30:01.730,93001730,1029982,5.08,400,0,B,0,16:03:07.345
000931.SZ,09:30:01.730,93001730,1030159,5.08,200,0,B,0,16:03:07.345
000931.SZ,09:30:01.730,93001730,1030324,5.08,600,0,B,0,16:03:07.345
000931.SZ,09:30:01.740,93001740,1030495,5.08,300,0,B,0,16:03:07.345
000931.SZ,09:30:01.770,93001770,1033439,5.2,10000,0,S,0,16:03:07.453
000931.SZ,09:30:01.770,93001770,1033722,5.09,1900,0,S,0,16:03:07.453
000931.SZ,09:30:01.800,93001800,1036366,5.29,5000,0,S,0,16:03:07.453
000931.SZ,09:30:01.810,93001810,1037115,5.26,1000,0,S,0,16:03:07.453
000931.SZ,09:30:01.820,93001820,1038147,5.09,100,0,S,0,16:03:07.453
000931.SZ,09:30:01.840,93001840,1040111,5.08,700,0,B,0,16:03:07.453
000931.SZ,09:30:01.970,93001970,1053067,5.09,1000,0,S,0,16:03:07.799
000931.SZ,09:30:02.030,93002030,1058882,5.09,200,0,S,0,16:03:07.955
000931.SZ,09:30:02.030,93002030,1058943,5.08,1200,0,S,0,16:03:07.955
000931.SZ,09:30:02.030,93002030,1059460,5.61,20000,0,S,0,16:03:07.955
000931.SZ,09:30:02.100,93002100,1064845,5.12,5000,0,S,0,16:03:08.035
000931.SZ,09:30:02.110,93002110,1065350,5.09,300,0,S,0,16:03:08.035
000931.SZ,09:30:02.140,93002140,1066705,5.07,100,0,B,0,16:03:08.035
000931.SZ,09:30:02.230,93002230,1073195,5.08,100,0,S,0,16:03:08.165
000931.SZ,09:30:02.370,93002370,1084424,5.09,6600,0,S,0,16:03:08.384
000931.SZ,09:30:02.370,93002370,1084616,5.61,7400,0,S,0,16:03:08.384
000931.SZ,09:30:02.400,93002400,1087958,5.22,13900,0,S,0,16:03:08.384
000931.SZ,09:30:02.430,93002430,1090977,5.07,100,0,B,0,16:03:08.483
000931.SZ,09:30:02.440,93002440,1091492,5.5,4000,0,S,0,16:03:08.483
000931.SZ,09:30:02.470,93002470,1094259,5.09,800,0,S,0,16:03:08.483
000931.SZ,09:30:02.470,93002470,1094282,5.09,200,0,S,0,16:03:08.483
000931.SZ,09:30:02.470,93002470,1094283,5.09,900,0,S,0,16:03:08.483
000931.SZ,09:30:02.480,93002480,1094745,5.08,100,0,S,0,16:03:08.483
000931.SZ,09:30:02.480,93002480,1094881,5.09,500,0,S,0,16:03:08.483
000931.SZ,09:30:02.520,93002520,1097880,5.08,600,0,B,0,16:03:08.609
000931.SZ,09:30:02.570,93002570,1101723,5.16,14000,0,S,0,16:03:08.609
000931.SZ,09:30:02.620,93002620,1106103,5.09,400,0,S,0,16:03:08.704
000931.SZ,09:30:02.650,93002650,1108014,5.07,100,0,B,0,16:03:08.704
000931.SZ,09:30:02.650,93002650,1108276,5.09,3000,0,S,0,16:03:08.704
000931.SZ,09:30:02.660,93002660,1108392,5.09,2000,0,B,0,16:03:08.704
000931.SZ,09:30:02.670,93002670,1109912,5.08,2000,0,S,0,16:03:08.704
000931.SZ,09:30:02.720,93002720,1114720,5.08,200,0,S,0,16:03:08.815
000931.SZ,09:30:02.730,93002730,1115644,5.08,500,0,B,0,16:03:08.815
000931.SZ,09:30:02.740,93002740,1116168,5.08,1800,0,B,0,16:03:08.815
000931.SZ,09:30:02.760,93002760,1117613,5.29,5000,0,S,0,16:03:08.914
000931.SZ,09:30:02.770,93002770,1118449,5.08,300,0,B,0,16:03:08.914
000931.SZ,09:30:02.770,93002770,1118466,5.08,400,0,B,0,16:03:08.914
000931.SZ,09:30:02.810,93002810,1121260,5.08,400,0,B,0,16:03:09.087
000931.SZ,09:30:02.810,93002810,1121268,5.08,700,0,B,0,16:03:09.087
000931.SZ,09:30:02.830,93002830,1123079,5.08,200,0,B,0,16:03:09.087
000931.SZ,09:30:02.850,93002850,1124105,5.61,3400,0,S,0,16:03:09.087
000931.SZ,09:30:02.860,93002860,1124614,5.08,500,0,B,0,16:03:09.087
000931.SZ,09:30:02.870,93002870,1125109,4.95,10000,0,B,0,16:03:09.087
000931.SZ,09:30:02.900,93002900,1127331,5.08,1900,0,S,0,16:03:09.087
000931.SZ,09:30:02.950,93002950,1130841,5.1,200,0,S,0,16:03:09.129
000931.SZ,09:30:03.030,93003030,1136277,5.09,8600,0,S,0,16:03:09.207
000931.SZ,09:30:03.110,93003110,1140627,5.07,10000,0,B,0,16:03:09.207
000931.SZ,09:30:03.170,93003170,1143818,4.95,20000,0,B,0,16:03:09.309
000931.SZ,09:30:03.190,93003190,1144728,5.09,1600,0,S,0,16:03:09.309
000931.SZ,09:30:03.190,93003190,1144744,5.09,300,0,S,0,16:03:09.309
000931.SZ,09:30:03.260,93003260,1148646,5.08,1100,0,B,0,16:03:09.373
000931.SZ,09:30:03.260,93003260,1148678,5.08,1500,0,B,0,16:03:09.373
000931.SZ,09:30:03.260,93003260,1148748,5.09,2200,0,B,0,16:03:09.373
000931.SZ,09:30:03.260,93003260,1148753,5.08,600,0,B,0,16:03:09.373
000931.SZ,09:30:03.260,93003260,1148805,5.08,1700,0,S,0,16:03:09.373
000931.SZ,09:30:03.260,93003260,1148928,5.08,800,0,S,0,16:03:09.373
000931.SZ,09:30:03.260,93003260,1148973,5.07,200,0,B,0,16:03:09.373
000931.SZ,09:30:03.260,93003260,1149022,5.07,600,0,B,0,16:03:09.373
000931.SZ,09:30:03.260,93003260,1149032,5.07,700,0,B,0,16:03:09.373
000931.SZ,09:30:03.260,93003260,1149062,5.09,600,0,S,0,16:03:09.373
000931.SZ,09:30:03.270,93003270,1149557,5.06,500,0,S,0,16:03:09.373
000931.SZ,09:30:03.270,93003270,1149629,5.08,300,0,B,0,16:03:09.373
000931.SZ,09:30:03.270,93003270,1149633,5.09,500,0,B,0,16:03:09.373
000931.SZ,09:30:03.270,93003270,1149638,5.08,400,0,B,0,16:03:09.373
000931.SZ,09:30:03.270,93003270,1149791,5.08,100,0,B,0,16:03:09.373
000931.SZ,09:30:03.320,93003320,1152910,5.09,3800,0,S,0,16:03:09.467
000931.SZ,09:30:03.340,93003340,1153862,5.08,13300,0,S,0,16:03:09.467
000931.SZ,09:30:03.370,93003370,1157038,4.96,20000,0,B,0,16:03:09.467
000931.SZ,09:30:03.380,93003380,1159135,5.59,2000,0,S,0,16:03:09.467
000931.SZ,09:30:03.390,93003390,1159483,4.96,20000,0,B,0,16:03:09.575
000931.SZ,09:30:03.400,93003400,1160713,5.08,2300,0,B,0,16:03:09.575
000931.SZ,09:30:03.560,93003560,1174569,5.01,5000,0,B,0,16:03:09.797
000931.SZ,09:30:03.570,93003570,1175164,5.61,1000,0,S,0,16:03:09.797
000931.SZ,09:30:03.600,93003600,1177558,5.09,700,0,S,0,16:03:09.797
000931.SZ,09:30:03.600,93003600,1177977,5.28,1000,0,S,0,16:03:09.797
000931.SZ,09:30:03.630,93003630,1180130,5.07,2200,0,S,0,16:03:09.892
000931.SZ,09:30:03.680,93003680,1184642,5.07,39100,0,S,0,16:03:09.892
000931.SZ,09:30:03.690,93003690,1185239,4.88,1500,0,B,0,16:03:09.892
000931.SZ,09:30:03.710,93003710,1186826,5.09,2100,0,S,0,16:03:10.003
000931.SZ,09:30:03.710,93003710,1187158,5.08,1900,0,S,0,16:03:10.003
000931.SZ,09:30:03.740,93003740,1189092,5.08,200,0,S,0,16:03:10.003
000931.SZ,09:30:03.770,93003770,1190849,5.07,6100,0,S,0,16:03:10.003
000931.SZ,09:30:03.790,93003790,1192317,5.07,100,0,B,0,16:03:10.003
000931.SZ,09:30:03.790,93003790,1192342,5.07,2100,0,B,0,16:03:10.003
000931.SZ,09:30:03.800,93003800,1192608,5.08,200,0,S,0,16:03:10.003
000931.SZ,09:30:03.800,93003800,1192609,5.08,500,0,S,0,16:03:10.003
000931.SZ,09:30:03.800,93003800,1192619,5.08,400,0,S,0,16:03:10.003
000931.SZ,09:30:03.800,93003800,1192621,5.08,200,0,S,0,16:03:10.003
000931.SZ,09:30:03.800,93003800,1192652,5.08,300,0,S,0,16:03:10.003
000931.SZ,09:30:03.800,93003800,1192654,5.08,200,0,S,0,16:03:10.003
000931.SZ,09:30:03.800,93003800,1192655,5.08,300,0,S,0,16:03:10.003
000931.SZ,09:30:03.800,93003800,1192656,5.08,200,0,S,0,16:03:10.003
000931.SZ,09:30:03.800,93003800,1192659,5.08,200,0,S,0,16:03:10.003
000931.SZ,09:30:03.820,93003820,1193784,5.08,300,0,S,0,16:03:10.095
000931.SZ,09:30:03.820,93003820,1193797,5.08,400,0,S,0,16:03:10.095
000931.SZ,09:30:03.820,93003820,1193810,5.08,300,0,S,0,16:03:10.095
000931.SZ,09:30:03.830,93003830,1193960,5.07,100,0,B,0,16:03:10.095
000931.SZ,09:30:03.830,93003830,1194239,5.08,100,0,S,0,16:03:10.095
000931.SZ,09:30:03.850,93003850,1195002,5.07,1200,0,S,0,16:03:10.095
000931.SZ,09:30:03.880,93003880,1196542,5.08,600,0,S,0,16:03:10.095
000931.SZ,09:30:03.890,93003890,1197565,5.07,300,0,B,0,16:03:10.095
000931.SZ,09:30:03.940,93003940,1199568,5.06,1000,0,S,0,16:03:10.227
000931.SZ,09:30:03.950,93003950,1199825,5.07,100,0,S,0,16:03:10.227
000931.SZ,09:30:03.950,93003950,1199951,5.07,2400,0,S,0,16:03:10.227
000931.SZ,09:30:04.080,93004080,1205583,5.09,400,0,S,0,16:03:10.331
000931.SZ,09:30:04.120,93004120,1207241,5.1,400,0,S,0,16:03:10.331
000931.SZ,09:30:04.170,93004170,1208399,5.07,8000,0,S,0,16:03:10.331
000931.SZ,09:30:04.170,93004170,1208508,5.07,6100,0,S,0,16:03:10.331
000931.SZ,09:30:04.180,93004180,1208936,5.07,400,0,B,0,16:03:10.331
000931.SZ,09:30:04.200,93004200,1209748,5.06,1400,0,S,0,16:03:10.331
000931.SZ,09:30:04.280,93004280,1212904,5.07,500,0,S,0,16:03:10.411
000931.SZ,09:30:04.380,93004380,1220263,5.07,500,0,S,0,16:03:10.505
000931.SZ,09:30:04.460,93004460,1225781,5.08,100,0,B,0,16:03:10.598
000931.SZ,09:30:04.460,93004460,1226351,5.07,1600,0,B,0,16:03:10.598
000931.SZ,09:30:04.480,93004480,1227638,5.08,1200,0,S,0,16:03:10.598
000931.SZ,09:30:04.480,93004480,1227639,5.08,1200,0,S,0,16:03:10.598
000931.SZ,09:30:04.500,93004500,1228274,5.12,5000,0,S,0,16:03:10.598
000931.SZ,09:30:04.500,93004500,1228350,5.12,1000,0,S,0,16:03:10.598
000931.SZ,09:30:04.500,93004500,1228400,5.04,3000,0,B,0,16:03:10.598
000931.SZ,09:30:04.540,93004540,1230975,5.07,2200,0,S,0,16:03:10.706
000931.SZ,09:30:04.540,93004540,1231091,5.07,1500,0,S,0,16:03:10.706
000931.SZ,09:30:04.550,93004550,1231695,5.08,600,0,S,0,16:03:10.706
000931.SZ,09:30:04.560,93004560,1232279,5.07,700,0,S,0,16:03:10.706
000931.SZ,09:30:04.650,93004650,1237707,5.07,400,0,S,0,16:03:10.706
000931.SZ,09:30:04.650,93004650,1237992,5.07,2100,0,S,0,16:03:10.706
000931.SZ,09:30:04.670,93004670,1238698,5.07,2200,0,S,0,16:03:10.831
000931.SZ,09:30:04.670,93004670,1239147,5.07,1500,0,S,0,16:03:10.831
000931.SZ,09:30:04.680,93004680,1239438,5.07,2200,0,S,0,16:03:10.831
000931.SZ,09:30:04.710,93004710,1241465,5.07,200,0,S,0,16:03:10.831
000931.SZ,09:30:04.790,93004790,1246035,5.07,1400,0,S,0,16:03:10.831
000931.SZ,09:30:04.800,93004800,1246404,5.07,500,0,B,0,16:03:10.942
000931.SZ,09:30:04.840,93004840,1248054,5.05,2800,0,B,0,16:03:10.942
000931.SZ,09:30:04.850,93004850,1248693,5.18,500,0,S,0,16:03:10.942
000931.SZ,09:30:04.900,93004900,1250678,5.06,600,0,S,0,16:03:10.942
000931.SZ,09:30:05.000,93005000,1253773,5.09,1500,0,S,0,16:03:11.068
000931.SZ,09:30:05.060,93005060,1256220,5.08,300,0,S,0,16:03:11.068
000931.SZ,09:30:05.160,93005160,1258976,5.07,300,0,B,0,16:03:11.068
000931.SZ,09:30:05.210,93005210,1259959,5.08,100,0,S,0,16:03:11.068
000931.SZ,09:30:05.380,93005380,1264996,5.51,500,0,S,0,16:03:11.195
000931.SZ,09:30:05.490,93005490,1269974,5.13,2000,0,S,0,16:03:11.325
000931.SZ,09:30:05.500,93005500,1270354,5.12,2000,0,S,0,16:03:11.325
000931.SZ,09:30:05.510,93005510,1270772,5.14,1000,0,S,0,16:03:11.325
000931.SZ,09:30:05.520,93005520,1271231,5.15,1000,0,S,0,16:03:11.325
000931.SZ,09:30:05.540,93005540,1271742,5.61,1000,0,S,0,16:03:11.325
000931.SZ,09:30:05.580,93005580,1273387,5.09,100,0,S,0,16:03:11.325
000931.SZ,09:30:05.760,93005760,1279851,5.08,1000,0,S,0,16:03:11.455
000931.SZ,09:30:05.790,93005790,1280668,5.09,2000,0,S,0,16:03:11.455
000931.SZ,09:30:05.800,93005800,1280839,5.08,700,0,B,0,16:03:11.455
000931.SZ,09:30:05.990,93005990,1284723,5.07,1900,0,S,0,16:03:11.500
000931.SZ,09:30:06.030,93006030,1285893,5.07,100,0,B,0,16:03:11.500
000931.SZ,09:30:06.090,93006090,1287397,5.0,5000,0,B,0,16:03:11.611
000931.SZ,09:30:06.110,93006110,1288064,5.07,200,0,B,0,16:03:11.611
000931.SZ,09:30:06.140,93006140,1288605,5.08,100,0,B,0,16:03:11.611
000931.SZ,09:30:06.180,93006180,1289235,5.08,400,0,S,0,16:03:11.611
000931.SZ,09:30:06.240,93006240,1290541,5.08,600,0,S,0,16:03:11.611
000931.SZ,09:30:06.290,93006290,1291726,5.06,400,0,S,0,16:03:11.658
000931.SZ,09:30:06.310,93006310,1292703,5.07,500,0,B,0,16:03:11.658
000931.SZ,09:30:06.310,93006310,1292884,5.07,300,0,B,0,16:03:11.658
000931.SZ,09:30:06.320,93006320,1293084,5.06,400,0,S,0,16:03:11.658
000931.SZ,09:30:06.320,93006320,1293241,5.06,400,0,S,0,16:03:11.658
000931.SZ,09:30:06.320,93006320,1293364,5.06,400,0,S,0,16:03:11.658
000931.SZ,09:30:06.340,93006340,1294367,5.05,1100,0,B,0,16:03:11.658
000931.SZ,09:30:06.340,93006340,1294371,5.05,1300,0,B,0,16:03:11.658
000931.SZ,09:30:06.340,93006340,1294560,5.05,400,0,B,0,16:03:11.658
000931.SZ,09:30:06.340,93006340,1294561,5.05,400,0,B,0,16:03:11.658
000931.SZ,09:30:06.350,93006350,1295277,5.06,400,0,S,0,16:03:11.658
000931.SZ,09:30:06.360,93006360,1295396,5.05,100,0,B,0,16:03:11.658
000931.SZ,09:30:06.390,93006390,1296692,5.05,100,0,B,0,16:03:11.784
000931.SZ,09:30:06.510,93006510,1304597,5.08,200,0,S,0,16:03:11.784
000931.SZ,09:30:06.540,93006540,1305756,5.07,100,0,S,0,16:03:11.925
000931.SZ,09:30:06.560,93006560,1306539,4.98,900,0,B,0,16:03:11.925
000931.SZ,09:30:06.600,93006600,1308689,5.08,100,0,B,0,16:03:11.925
000931.SZ,09:30:06.640,93006640,1310225,5.06,100,0,B,0,16:03:11.925
000931.SZ,09:30:06.720,93006720,1313863,5.07,2000,0,S,0,16:03:11.925
000931.SZ,09:30:06.740,93006740,1314481,5.07,400,0,S,0,16:03:12.019
000931.SZ,09:30:06.890,93006890,1318893,5.05,300,0,S,0,16:03:12.019
000931.SZ,09:30:06.890,93006890,1318909,5.05,700,0,S,0,16:03:12.019
000931.SZ,09:30:06.890,93006890,1318922,5.05,900,0,S,0,16:03:12.019
000931.SZ,09:30:06.950,93006950,1320163,5.05,1800,0,S,0,16:03:12.133
000931.SZ,09:30:07.030,93007030,1322035,5.08,2500,0,S,0,16:03:12.133
000931.SZ,09:30:07.030,93007030,1322036,5.08,600,0,S,0,16:03:12.133
000931.SZ,09:30:07.040,93007040,1322355,5.08,600,0,S,0,16:03:12.133
000931.SZ,09:30:07.060,93007060,1322623,5.07,1400,0,S,0,16:03:12.133
000931.SZ,09:30:07.060,93007060,1322624,5.07,3900,0,S,0,16:03:12.133
000931.SZ,09:30:07.070,93007070,1322870,5.05,900,0,S,0,16:03:12.133
000931.SZ,09:30:07.250,93007250,1327042,5.07,400,0,S,0,16:03:12.214
000931.SZ,09:30:07.310,93007310,1329398,5.08,100,0,B,0,16:03:12.214
000931.SZ,09:30:07.380,93007380,1332003,5.14,2000,0,S,0,16:03:12.320
000931.SZ,09:30:07.400,93007400,1333072,5.07,500,0,B,0,16:03:12.320
000931.SZ,09:30:07.420,93007420,1333850,5.0,400,0,B,0,16:03:12.320
000931.SZ,09:30:07.450,93007450,1335715,5.08,1000,0,S,0,16:03:12.320
000931.SZ,09:30:07.560,93007560,1341418,5.07,7400,0,S,0,16:03:12.438
000931.SZ,09:30:07.650,93007650,1345419,5.44,1300,0,S,0,16:03:12.438
000931.SZ,09:30:07.670,93007670,1346051,5.05,600,0,B,0,16:03:12.438
000931.SZ,09:30:07.880,93007880,1352954,5.08,1600,0,B,0,16:03:12.533
000931.SZ,09:30:07.920,93007920,1353923,5.24,6600,0,S,0,16:03:12.643
000931.SZ,09:30:07.970,93007970,1354757,5.05,700,0,S,0,16:03:12.643
000931.SZ,09:30:07.990,93007990,1355093,5.05,100,0,B,0,16:03:12.643
000931.SZ,09:30:08.000,93008000,1355245,5.06,4400,0,S,0,16:03:12.643
000931.SZ,09:30:08.060,93008060,1356564,5.06,1000,0,S,0,16:03:12.643
000931.SZ,09:30:08.090,93008090,1357149,5.07,300,0,B,0,16:03:12.643
000931.SZ,09:30:08.190,93008190,1358802,5.07,200,0,B,0,16:03:12.643
000931.SZ,09:30:08.250,93008250,1359842,5.06,6600,0,S,0,16:03:12.739
000931.SZ,09:30:08.460,93008460,1365086,5.06,1900,0,S,0,16:03:12.739
000931.SZ,09:30:08.500,93008500,1365696,5.06,2600,0,S,0,16:03:12.739
000931.SZ,09:30:08.530,93008530,1366292,5.05,100,0,B,0,16:03:12.861
000931.SZ,09:30:08.750,93008750,1370927,5.04,100,0,B,0,16:03:12.861
000931.SZ,09:30:08.760,93008760,1371041,5.08,300,0,B,0,16:03:12.861
000931.SZ,09:30:08.760,93008760,1371083,5.06,1200,0,S,0,16:03:12.861
000931.SZ,09:30:08.790,93008790,1371505,5.04,200,0,S,0,16:03:12.861
000931.SZ,09:30:09.120,93009120,1376615,5.05,200,0,B,0,16:03:12.943
000931.SZ,09:30:09.120,93009120,1376617,5.05,400,0,B,0,16:03:12.943
000931.SZ,09:30:09.150,93009150,1377039,5.05,200,0,B,0,16:03:12.943
000931.SZ,09:30:09.170,93009170,1377763,5.05,1800,0,S,0,16:03:12.943
000931.SZ,09:30:09.180,93009180,1377882,5.05,3700,0,S,0,16:03:13.050
000931.SZ,09:30:09.200,93009200,1378779,5.04,300,0,B,0,16:03:13.050
000931.SZ,09:30:09.210,93009210,1378933,5.05,300,0,B,0,16:03:13.050
000931.SZ,09:30:09.420,93009420,1382886,5.06,200,0,S,0,16:03:13.050
000931.SZ,09:30:09.420,93009420,1382887,5.06,400,0,S,0,16:03:13.050
000931.SZ,09:30:09.420,93009420,1382888,5.06,200,0,S,0,16:03:13.050
000931.SZ,09:30:09.420,93009420,1382890,5.06,200,0,S,0,16:03:13.050
000931.SZ,09:30:09.420,93009420,1382892,5.06,500,0,S,0,16:03:13.050
000931.SZ,09:30:09.420,93009420,1382899,5.06,300,0,S,0,16:03:13.050
000931.SZ,09:30:09.420,93009420,1382900,5.06,200,0,S,0,16:03:13.050
000931.SZ,09:30:09.420,93009420,1382902,5.06,200,0,S,0,16:03:13.050
000931.SZ,09:30:09.420,93009420,1382903,5.06,400,0,S,0,16:03:13.050
000931.SZ,09:30:09.420,93009420,1382906,5.06,200,0,S,0,16:03:13.050
000931.SZ,09:30:09.420,93009420,1382909,5.06,300,0,S,0,16:03:13.050
000931.SZ,09:30:09.420,93009420,1382920,5.06,300,0,S,0,16:03:13.050
000931.SZ,09:30:09.420,93009420,1382931,5.06,400,0,S,0,16:03:13.050
000931.SZ,09:30:09.420,93009420,1382943,5.06,100,0,S,0,16:03:13.050
000931.SZ,09:30:09.420,93009420,1382960,5.06,300,0,S,0,16:03:13.050
000931.SZ,09:30:09.420,93009420,1383019,5.05,700,0,B,0,16:03:13.050
000931.SZ,09:30:09.420,93009420,1383039,5.05,200,0,B,0,16:03:13.050
000931.SZ,09:30:09.420,93009420,1383040,5.05,300,0,B,0,16:03:13.050
000931.SZ,09:30:09.420,93009420,1383059,5.05,300,0,B,0,16:03:13.050
000931.SZ,09:30:09.430,93009430,1383220,5.05,600,0,B,0,16:03:13.050
000931.SZ,09:30:09.430,93009430,1383433,5.05,800,0,B,0,16:03:13.050
000931.SZ,09:30:09.440,93009440,1383671,5.06,200,0,S,0,16:03:13.179
000931.SZ,09:30:09.450,93009450,1384112,5.07,4900,0,S,0,16:03:13.179
000931.SZ,09:30:09.710,93009710,1394572,5.06,2300,0,S,0,16:03:13.286
000931.SZ,09:30:09.730,93009730,1395122,5.06,2100,0,S,0,16:03:13.286
000931.SZ,09:30:10.300,93010300,1406087,5.05,200,0,S,0,16:03:13.408
000931.SZ,09:30:10.370,93010370,1407327,5.06,700,0,S,0,16:03:13.408
000931.SZ,09:30:10.420,93010420,1408824,5.09,1500,0,S,0,16:03:13.485
000931.SZ,09:30:10.490,93010490,1412761,5.07,300,0,S,0,16:03:13.485
000931.SZ,09:30:10.520,93010520,1413504,5.06,400,0,S,0,16:03:13.578
000931.SZ,09:30:10.550,93010550,1414404,5.07,900,0,S,0,16:03:13.578
000931.SZ,09:30:10.730,93010730,1419096,5.06,3000,0,S,0,16:03:13.703
000931.SZ,09:30:10.740,93010740,1419365,5.08,100,0,S,0,16:03:13.703
000931.SZ,09:30:10.890,93010890,1423495,5.06,600,0,S,0,16:03:13.703
000931.SZ,09:30:10.930,93010930,1424275,5.07,500,0,B,0,16:03:13.703
000931.SZ,09:30:11.250,93011250,1429223,5.07,100,0,B,0,16:03:13.830
000931.SZ,09:30:11.270,93011270,1429413,5.06,600,0,S,0,16:03:13.830
000931.SZ,09:30:11.790,93011790,1436781,5.05,2100,0,S,0,16:03:13.970
000931.SZ,09:30:11.930,93011930,1438868,5.06,400,0,S,0,16:03:13.970
000931.SZ,09:30:12.210,93012210,1443302,5.05,1400,0,S,0,16:03:14.051
000931.SZ,09:30:12.210,93012210,1443309,5.05,800,0,S,0,16:03:14.051
000931.SZ,09:30:12.210,93012210,1443316,5.05,2400,0,S,0,16:03:14.051
000931.SZ,09:30:12.210,93012210,1443329,5.05,2500,0,S,0,16:03:14.051
000931.SZ,09:30:12.210,93012210,1443338,5.05,300,0,S,0,16:03:14.051
000931.SZ,09:30:12.210,93012210,1443341,5.05,7800,0,S,0,16:03:14.051
000931.SZ,09:30:12.210,93012210,1443412,5.06,100,0,B,0,16:03:14.051
000931.SZ,09:30:12.230,93012230,1444172,5.07,3000,0,B,0,16:03:14.051
000931.SZ,09:30:12.260,93012260,1445079,5.05,500,0,B,0,16:03:14.051
000931.SZ,09:30:12.260,93012260,1445251,5.05,100,0,B,0,16:03:14.051
000931.SZ,09:30:12.270,93012270,1445359,5.05,5500,0,B,0,16:03:14.051
000931.SZ,09:30:12.360,93012360,1448620,5.05,100,0,B,0,16:03:14.159
000931.SZ,09:30:12.360,93012360,1448879,5.06,1900,0,S,0,16:03:14.159
000931.SZ,09:30:12.400,93012400,1450954,5.05,100,0,B,0,16:03:14.159
000931.SZ,09:30:12.560,93012560,1454828,5.02,200,0,B,0,16:03:14.300
000931.SZ,09:30:12.660,93012660,1457483,5.06,100,0,S,0,16:03:14.300
000931.SZ,09:30:12.670,93012670,1457737,5.07,300,0,B,0,16:03:14.300
000931.SZ,09:30:12.750,93012750,1459094,5.06,600,0,S,0,16:03:14.300
000931.SZ,09:30:12.750,93012750,1459097,5.06,600,0,S,0,16:03:14.300
000931.SZ,09:30:12.890,93012890,1461918,5.05,100,0,S,0,16:03:14.300
000931.SZ,09:30:12.890,93012890,1461921,5.05,100,0,S,0,16:03:14.300
000931.SZ,09:30:12.900,93012900,1462022,5.05,800,0,S,0,16:03:14.300
000931.SZ,09:30:12.900,93012900,1462078,5.06,2800,0,S,0,16:03:14.419
000931.SZ,09:30:13.540,93013540,1475830,5.05,400,0,S,0,16:03:14.638
000931.SZ,09:30:14.260,93014260,1489858,5.05,100,0,S,0,16:03:14.779
000931.SZ,09:30:14.720,93014720,1496541,5.05,100,0,B,0,16:03:14.890
000931.SZ,09:30:14.790,93014790,1497556,5.06,2800,0,S,0,16:03:14.890
000931.SZ,09:30:14.810,93014810,1497974,5.05,100,0,B,0,16:03:14.890
000931.SZ,09:30:14.930,93014930,1499512,5.05,100,0,B,0,16:03:15.017
000931.SZ,09:30:14.940,93014940,1499725,5.05,400,0,B,0,16:03:15.017
000931.SZ,09:30:15.260,93015260,1504359,5.02,3200,0,S,0,16:03:15.017
000931.SZ,09:30:15.310,93015310,1505247,5.05,5900,0,B,0,16:03:15.017
000931.SZ,09:30:15.310,93015310,1505409,5.05,100,0,B,0,16:03:15.017
000931.SZ,09:30:15.310,93015310,1505424,5.05,100,0,B,0,16:03:15.017
000931.SZ,09:30:15.310,93015310,1505462,5.05,100,0,B,0,16:03:15.017
000931.SZ,09:30:15.320,93015320,1505501,5.05,200,0,B,0,16:03:15.017
000931.SZ,09:30:15.320,93015320,1505551,5.05,100,0,B,0,16:03:15.017
000931.SZ,09:30:15.320,93015320,1505552,5.05,100,0,B,0,16:03:15.017
000931.SZ,09:30:15.330,93015330,1505801,5.05,100,0,B,0,16:03:15.112
000931.SZ,09:30:15.330,93015330,1505872,5.05,100,0,B,0,16:03:15.112
000931.SZ,09:30:15.330,93015330,1505958,5.05,4300,0,S,0,16:03:15.112
000931.SZ,09:30:15.370,93015370,1507149,5.05,200,0,B,0,16:03:15.112
000931.SZ,09:30:15.370,93015370,1507171,5.05,100,0,B,0,16:03:15.112
000931.SZ,09:30:15.370,93015370,1507211,5.05,200,0,B,0,16:03:15.112
000931.SZ,09:30:15.460,93015460,1510398,5.05,1400,0,S,0,16:03:15.112
000931.SZ,09:30:15.540,93015540,1511674,5.06,100,0,B,0,16:03:15.237
000931.SZ,09:30:15.780,93015780,1517322,5.06,21800,0,S,0,16:03:15.237
000931.SZ,09:30:15.870,93015870,1519025,5.06,100,0,B,0,16:03:15.376
000931.SZ,09:30:15.930,93015930,1519825,5.05,300,0,B,0,16:03:15.376
000931.SZ,09:30:15.940,93015940,1519980,5.06,200,0,B,0,16:03:15.376
000931.SZ,09:30:15.940,93015940,1519989,5.06,500,0,B,0,16:03:15.376
000931.SZ,09:30:15.950,93015950,1520208,5.06,100,0,B,0,16:03:15.376
000931.SZ,09:30:15.950,93015950,1520251,5.06,100,0,B,0,16:03:15.376
000931.SZ,09:30:15.960,93015960,1520309,5.05,400,0,B,0,16:03:15.376
000931.SZ,09:30:16.010,93016010,1520957,5.05,200,0,B,0,16:03:15.376
000931.SZ,09:30:16.010,93016010,1520968,5.05,200,0,B,0,16:03:15.376
000931.SZ,09:30:16.050,93016050,1521538,5.08,8100,0,B,0,16:03:15.376
000931.SZ,09:30:16.110,93016110,1522556,5.05,800,0,S,0,16:03:15.376
000931.SZ,09:30:16.140,93016140,1523019,5.05,200,0,B,0,16:03:15.376
000931.SZ,09:30:16.440,93016440,1528409,5.04,200,0,B,0,16:03:15.449
000931.SZ,09:30:16.470,93016470,1529026,5.05,1100,0,B,0,16:03:15.449
000931.SZ,09:30:16.540,93016540,1532460,5.05,1100,0,S,0,16:03:15.544
000931.SZ,09:30:16.550,93016550,1532739,5.06,100,0,B,0,16:03:15.544
000931.SZ,09:30:16.600,93016600,1533843,5.05,600,0,B,0,16:03:15.544
000931.SZ,09:30:16.760,93016760,1537369,5.06,1000,0,S,0,16:03:15.669
000931.SZ,09:30:16.790,93016790,1537881,5.06,100,0,S,0,16:03:15.669
000931.SZ,09:30:16.810,93016810,1538175,5.07,100,0,S,0,16:03:15.669
000931.SZ,09:30:16.840,93016840,1539479,5.06,200,0,S,0,16:03:15.669
000931.SZ,09:30:16.850,93016850,1539732,5.05,1000,0,B,0,16:03:15.669
000931.SZ,09:30:17.000,93017000,1542291,5.09,400,0,B,0,16:03:15.669
000931.SZ,09:30:17.470,93017470,1548959,5.05,3800,0,B,0,16:03:15.794
000931.SZ,09:30:17.610,93017610,1550963,4.95,1000,0,B,0,16:03:15.794
000931.SZ,09:30:17.630,93017630,1551268,5.05,100,0,S,0,16:03:15.794
000931.SZ,09:30:18.190,93018190,1559610,5.06,100,0,B,0,16:03:15.905
000931.SZ,09:30:18.210,93018210,1560537,5.05,1800,0,S,0,16:03:15.983
000931.SZ,09:30:18.600,93018600,1570623,5.0,200,0,B,0,16:03:16.158
000931.SZ,09:30:18.750,93018750,1574204,5.06,2700,0,S,0,16:03:16.158
000931.SZ,09:30:18.790,93018790,1575062,5.07,300,0,B,0,16:03:16.158
000931.SZ,09:30:19.010,93019010,1578123,5.06,300,0,B,0,16:03:16.299
000931.SZ,09:30:19.080,93019080,1579185,5.05,600,0,B,0,16:03:16.299
000931.SZ,09:30:19.420,93019420,1587024,5.04,200,0,B,0,16:03:16.391
000931.SZ,09:30:19.560,93019560,1590645,5.06,5000,0,B,0,16:03:16.511
000931.SZ,09:30:19.590,93019590,1591131,5.05,600,0,B,0,16:03:16.511
000931.SZ,09:30:19.820,93019820,1596368,5.07,20300,0,S,0,16:03:16.511
000931.SZ,09:30:20.010,93020010,1599171,5.06,200,0,B,0,16:03:16.590
000931.SZ,09:30:20.010,93020010,1599173,5.05,200,0,B,0,16:03:16.590
000931.SZ,09:30:20.110,93020110,1600685,5.06,100,0,S,0,16:03:16.590
000931.SZ,09:30:20.180,93020180,1601898,5.06,1700,0,S,0,16:03:16.699
000931.SZ,09:30:20.590,93020590,1608080,5.06,3700,0,S,0,16:03:16.699
000931.SZ,09:30:20.590,93020590,1608124,5.07,2600,0,S,0,16:03:16.699
000931.SZ,09:30:20.600,93020600,1608257,5.06,1400,0,S,0,16:03:16.699
000931.SZ,09:30:21.090,93021090,1614906,5.06,22800,0,B,0,16:03:16.842
000931.SZ,09:30:21.210,93021210,1617189,5.04,400,0,B,0,16:03:16.967
000931.SZ,09:30:21.220,93021220,1617413,5.06,300,0,S,0,16:03:16.967
000931.SZ,09:30:21.220,93021220,1617615,5.06,100,0,S,0,16:03:16.967
000931.SZ,09:30:21.220,93021220,1617710,5.05,100,0,B,0,16:03:16.967
000931.SZ,09:30:21.220,93021220,1617718,5.06,1500,0,S,0,16:03:16.967
000931.SZ,09:30:21.230,93021230,1617778,5.06,300,0,S,0,16:03:16.967
000931.SZ,09:30:21.230,93021230,1618009,5.06,800,0,B,0,16:03:16.967
000931.SZ,09:30:21.240,93021240,1618228,5.07,500,0,B,0,16:03:16.967
000931.SZ,09:30:21.250,93021250,1618333,5.06,900,0,B,0,16:03:16.967
000931.SZ,09:30:21.260,93021260,1618552,5.06,600,0,B,0,16:03:16.967
000931.SZ,09:30:21.270,93021270,1618575,5.05,7600,0,B,0,16:03:16.967
000931.SZ,09:30:21.310,93021310,1619489,5.08,6300,0,B,0,16:03:16.967
000931.SZ,09:30:21.790,93021790,1631535,5.06,2100,0,S,0,16:03:17.091
000931.SZ,09:30:21.980,93021980,1634280,5.05,100,0,B,0,16:03:17.204
000931.SZ,09:30:21.990,93021990,1634404,5.05,400,0,B,0,16:03:17.204
000931.SZ,09:30:22.170,93022170,1637278,5.05,100,0,B,0,16:03:17.204
000931.SZ,09:30:22.170,93022170,1637282,5.05,100,0,B,0,16:03:17.204
000931.SZ,09:30:22.730,93022730,1649491,5.05,100,0,B,0,16:03:17.432
000931.SZ,09:30:22.870,93022870,1652213,5.05,300,0,S,0,16:03:17.432
000931.SZ,09:30:22.900,93022900,1652541,5.08,200,0,B,0,16:03:17.432
000931.SZ,09:30:23.000,93023000,1654071,5.06,400,0,S,0,16:03:17.432
000931.SZ,09:30:24.010,93024010,1667674,5.07,900,0,B,0,16:03:17.700
000931.SZ,09:30:24.180,93024180,1670823,5.06,14800,0,B,0,16:03:17.700
000931.SZ,09:30:24.180,93024180,1670846,5.06,4200,0,B,0,16:03:17.700
000931.SZ,09:30:24.180,93024180,1670851,5.06,3800,0,B,0,16:03:17.700
000931.SZ,09:30:24.180,93024180,1670855,5.06,2000,0,B,0,16:03:17.700
000931.SZ,09:30:24.180,93024180,1670866,5.06,3400,0,B,0,16:03:17.700
000931.SZ,09:30:24.180,93024180,1671006,5.06,4100,0,B,0,16:03:17.700
000931.SZ,09:30:24.180,93024180,1671007,5.06,2200,0,B,0,16:03:17.700
000931.SZ,09:30:24.180,93024180,1671010,5.06,400,0,B,0,16:03:17.823
000931.SZ,09:30:24.190,93024190,1671019,5.06,300,0,B,0,16:03:17.823
000931.SZ,09:30:24.190,93024190,1671061,5.06,400,0,B,0,16:03:17.823
000931.SZ,09:30:24.190,93024190,1671109,5.06,300,0,B,0,16:03:17.823
000931.SZ,09:30:24.190,93024190,1671120,5.06,100,0,B,0,16:03:17.823
000931.SZ,09:30:24.190,93024190,1671127,5.06,400,0,B,0,16:03:17.823
000931.SZ,09:30:24.190,93024190,1671134,5.06,200,0,B,0,16:03:17.823
000931.SZ,09:30:24.190,93024190,1671230,5.06,100,0,B,0,16:03:17.823
000931.SZ,09:30:24.220,93024220,1671890,5.06,100,0,B,0,16:03:17.823
000931.SZ,09:30:24.230,93024230,1672207,5.06,200,0,B,0,16:03:17.823
000931.SZ,09:30:24.260,93024260,1672746,5.08,800,0,B,0,16:03:17.823
000931.SZ,09:30:24.310,93024310,1673746,5.05,200,0,B,0,16:03:17.823
000931.SZ,09:30:24.310,93024310,1673754,5.05,400,0,B,0,16:03:17.823
000931.SZ,09:30:24.310,93024310,1673786,5.05,400,0,B,0,16:03:17.823
000931.SZ,09:30:24.320,93024320,1673867,5.05,1900,0,S,0,16:03:17.823
000931.SZ,09:30:24.330,93024330,1674004,5.05,100,0,B,0,16:03:17.823
000931.SZ,09:30:24.400,93024400,1675872,5.05,1600,0,B,0,16:03:17.823
000931.SZ,09:30:24.420,93024420,1676380,5.05,100,0,B,0,16:03:17.823
000931.SZ,09:30:24.420,93024420,1676462,5.05,100,0,B,0,16:03:17.823
000931.SZ,09:30:24.420,93024420,1676473,5.05,900,0,B,0,16:03:17.823
000931.SZ,09:30:24.420,93024420,1676485,5.05,100,0,B,0,16:03:17.823
000931.SZ,09:30:24.420,93024420,1676527,5.05,100,0,B,0,16:03:17.823
000931.SZ,09:30:24.430,93024430,1676974,5.05,300,0,B,0,16:03:17.823
000931.SZ,09:30:24.440,93024440,1677687,5.06,200,0,S,0,16:03:17.823
000931.SZ,09:30:24.440,93024440,1677705,5.06,700,0,S,0,16:03:17.823
000931.SZ,09:30:24.440,93024440,1677708,5.06,900,0,S,0,16:03:17.823
000931.SZ,09:30:24.440,93024440,1677724,5.06,100,0,S,0,16:03:17.823
000931.SZ,09:30:24.450,93024450,1678216,5.06,400,0,S,0,16:03:17.823
000931.SZ,09:30:24.540,93024540,1680486,5.06,100,0,B,0,16:03:17.951
000931.SZ,09:30:24.800,93024800,1686025,5.05,800,0,B,0,16:03:17.951
000931.SZ,09:30:25.000,93025000,1689206,5.05,2400,0,B,0,16:03:18.078
000931.SZ,09:30:25.060,93025060,1689990,5.07,600,0,B,0,16:03:18.078
000931.SZ,09:30:25.060,93025060,1690011,5.05,1100,0,B,0,16:03:18.078
000931.SZ,09:30:25.190,93025190,1692699,5.06,2000,0,S,0,16:03:18.078
000931.SZ,09:30:25.200,93025200,1692799,5.07,600,0,S,0,16:03:18.078
000931.SZ,09:30:25.250,93025250,1694247,4.98,1600,0,B,0,16:03:18.078
000931.SZ,09:30:25.510,93025510,1699553,5.08,500,0,B,0,16:03:18.187
000931.SZ,09:30:25.880,93025880,1706546,5.06,100,0,B,0,16:03:18.313
000931.SZ,09:30:26.770,93026770,1718378,5.05,500,0,B,0,16:03:18.493
000931.SZ,09:30:27.060,93027060,1721594,5.08,800,0,B,0,16:03:18.493
000931.SZ,09:30:27.190,93027190,1723699,5.06,1700,0,B,0,16:03:18.564
000931.SZ,09:30:27.190,93027190,1723700,5.06,200,0,B,0,16:03:18.564
000931.SZ,09:30:27.190,93027190,1723955,5.07,600,0,S,0,16:03:18.564
000931.SZ,09:30:27.400,93027400,1728279,4.96,1000,0,B,0,16:03:18.564
000931.SZ,09:30:27.520,93027520,1731500,5.07,500,0,B,0,16:03:18.613
000931.SZ,09:30:27.560,93027560,1732264,5.07,400,0,B,0,16:03:18.613
000931.SZ,09:30:27.630,93027630,1733486,5.07,300,0,B,0,16:03:18.613
000931.SZ,09:30:27.640,93027640,1733575,5.07,600,0,B,0,16:03:18.613
000931.SZ,09:30:27.670,93027670,1734584,5.07,300,0,B,0,16:03:18.613
000931.SZ,09:30:27.680,93027680,1734828,5.07,500,0,B,0,16:03:18.613
000931.SZ,09:30:27.710,93027710,1735594,5.07,700,0,B,0,16:03:18.613
000931.SZ,09:30:27.790,93027790,1736866,5.07,800,0,S,0,16:03:18.613
000931.SZ,09:30:27.860,93027860,1737841,5.06,1000,0,B,0,16:03:18.613
000931.SZ,09:30:27.890,93027890,1738338,5.07,800,0,B,0,16:03:18.667
000931.SZ,09:30:27.900,93027900,1738487,5.08,700,0,B,0,16:03:18.667
000931.SZ,09:30:27.900,93027900,1738568,5.07,1000,0,S,0,16:03:18.667
000931.SZ,09:30:27.970,93027970,1739660,5.07,900,0,B,0,16:03:18.667
000931.SZ,09:30:27.970,93027970,1739683,5.07,600,0,B,0,16:03:18.667
000931.SZ,09:30:28.150,93028150,1742227,5.07,2400,0,B,0,16:03:18.667
000931.SZ,09:30:28.190,93028190,1743210,5.06,100,0,B,0,16:03:18.667
000931.SZ,09:30:28.320,93028320,1745434,5.06,100,0,B,0,16:03:18.667
000931.SZ,09:30:28.480,93028480,1749811,5.09,600,0,B,0,16:03:18.713
000931.SZ,09:30:28.680,93028680,1753800,4.95,50000,0,B,0,16:03:18.763
000931.SZ,09:30:29.060,93029060,1759631,5.06,1000,0,B,0,16:03:18.763
000931.SZ,09:30:29.110,93029110,1760195,5.05,100,0,B,0,16:03:18.763
000931.SZ,09:30:29.860,93029860,1770153,5.05,10000,0,B,0,16:03:18.854
000931.SZ,09:30:30.080,93030080,1773163,5.07,900,0,S,0,16:03:18.854
000931.SZ,09:30:30.120,93030120,1773633,5.06,700,0,B,0,16:03:18.877
000931.SZ,09:30:30.130,93030130,1773921,5.06,200,0,B,0,16:03:18.877
000931.SZ,09:30:30.180,93030180,1775018,5.09,2200,0,B,0,16:03:18.877
000931.SZ,09:30:30.190,93030190,1775192,5.06,100,0,B,0,16:03:18.877
000931.SZ,09:30:30.190,93030190,1775233,5.06,400,0,B,0,16:03:18.877
000931.SZ,09:30:30.240,93030240,1776349,5.06,200,0,B,0,16:03:18.877
000931.SZ,09:30:30.240,93030240,1776356,5.06,200,0,B,0,16:03:18.877
000931.SZ,09:30:30.240,93030240,1776388,5.06,300,0,B,0,16:03:18.877
000931.SZ,09:30:30.280,93030280,1777013,5.06,100,0,B,0,16:03:18.877
000931.SZ,09:30:30.280,93030280,1777014,5.06,100,0,B,0,16:03:18.877
000931.SZ,09:30:30.280,93030280,1777022,5.06,100,0,B,0,16:03:18.877
000931.SZ,09:30:30.280,93030280,1777037,5.06,100,0,B,0,16:03:18.877
000931.SZ,09:30:30.280,93030280,1777057,5.07,100,0,B,0,16:03:18.877
000931.SZ,09:30:30.280,93030280,1777126,5.06,100,0,B,0,16:03:18.877
000931.SZ,09:30:30.280,93030280,1777145,5.07,8200,0,B,0,16:03:18.877
000931.SZ,09:30:30.280,93030280,1777190,5.07,400,0,B,0,16:03:18.877
000931.SZ,09:30:30.280,93030280,1777198,5.06,500,0,B,0,16:03:18.877
000931.SZ,09:30:30.280,93030280,1777236,5.07,400,0,B,0,16:03:18.877
000931.SZ,09:30:30.280,93030280,1777309,5.06,800,0,B,0,16:03:18.877
000931.SZ,09:30:30.280,93030280,1777398,5.06,1800,0,B,0,16:03:18.877
000931.SZ,09:30:30.460,93030460,1782270,5.06,100,0,B,0,16:03:18.933
000931.SZ,09:30:30.710,93030710,1787206,5.07,400,0,S,0,16:03:18.933
000931.SZ,09:30:30.740,93030740,1787688,5.03,1000,0,B,0,16:03:18.992
000931.SZ,09:30:30.790,93030790,1788599,5.07,1500,0,S,0,16:03:18.992
000931.SZ,09:30:30.860,93030860,1790127,5.06,100,0,B,0,16:03:18.992
000931.SZ,09:30:30.870,93030870,1790306,5.06,1100,0,B,0,16:03:18.992
000931.SZ,09:30:30.900,93030900,1790857,5.07,1300,0,S,0,16:03:18.992
000931.SZ,09:30:31.430,93031430,1801495,5.06,1400,0,B,0,16:03:19.040
000931.SZ,09:30:31.490,93031490,1802935,5.09,2600,0,B,0,16:03:19.040
000931.SZ,09:30:31.690,93031690,1807238,5.07,200,0,B,0,16:03:19.089
000931.SZ,09:30:31.810,93031810,1809905,5.06,100,0,B,0,16:03:19.089
000931.SZ,09:30:31.880,93031880,1810800,5.06,100,0,B,0,16:03:19.089
000931.SZ,09:30:31.880,93031880,1810813,5.06,100,0,B,0,16:03:19.089
000931.SZ,09:30:31.880,93031880,1810828,5.06,300,0,B,0,16:03:19.089
000931.SZ,09:30:32.030,93032030,1812908,5.2,3000,0,S,0,16:03:19.154
000931.SZ,09:30:32.390,93032390,1817518,5.06,1600,0,B,0,16:03:19.154
000931.SZ,09:30:32.400,93032400,1817644,5.06,1600,0,B,0,16:03:19.154
000931.SZ,09:30:32.410,93032410,1817735,5.06,500,0,B,0,16:03:19.154
000931.SZ,09:30:32.500,93032500,1818938,4.92,4500,0,B,0,16:03:19.154
000931.SZ,09:30:32.790,93032790,1822478,5.06,1600,0,B,0,16:03:19.210
000931.SZ,09:30:33.190,93033190,1827666,5.07,700,0,B,0,16:03:19.210
000931.SZ,09:30:33.190,93033190,1827698,5.07,200,0,B,0,16:03:19.210
000931.SZ,09:30:33.310,93033310,1829639,5.07,2400,0,B,0,16:03:19.226
000931.SZ,09:30:33.310,93033310,1829649,5.07,300,0,B,0,16:03:19.226
000931.SZ,09:30:33.310,93033310,1829656,5.07,300,0,B,0,16:03:19.226
000931.SZ,09:30:33.310,93033310,1829660,5.07,2500,0,B,0,16:03:19.226
000931.SZ,09:30:33.310,93033310,1829666,5.06,800,0,B,0,16:03:19.226
000931.SZ,09:30:33.310,93033310,1829669,5.07,100,0,B,0,16:03:19.226
000931.SZ,09:30:33.310,93033310,1829682,5.06,700,0,B,0,16:03:19.226
000931.SZ,09:30:33.310,93033310,1829707,5.08,2600,0,S,0,16:03:19.226
000931.SZ,09:30:33.310,93033310,1829757,5.05,400,0,B,0,16:03:19.226
000931.SZ,09:30:33.310,93033310,1829761,5.07,1400,0,B,0,16:03:19.226
000931.SZ,09:30:33.310,93033310,1829765,5.07,1200,0,B,0,16:03:19.226
000931.SZ,09:30:33.310,93033310,1829768,5.07,1200,0,B,0,16:03:19.226
000931.SZ,09:30:33.310,93033310,1829772,5.07,1200,0,B,0,16:03:19.226
000931.SZ,09:30:33.310,93033310,1829778,5.07,1700,0,B,0,16:03:19.226
000931.SZ,09:30:33.310,93033310,1829851,5.07,400,0,B,0,16:03:19.226
000931.SZ,09:30:33.310,93033310,1829891,5.05,1800,0,B,0,16:03:19.226
000931.SZ,09:30:33.320,93033320,1829975,5.06,100,0,B,0,16:03:19.226
000931.SZ,09:30:33.320,93033320,1830012,5.07,4500,0,B,0,16:03:19.226
000931.SZ,09:30:33.320,93033320,1830046,5.07,1800,0,S,0,16:03:19.226
000931.SZ,09:30:33.320,93033320,1830099,5.07,4200,0,B,0,16:03:19.226
000931.SZ,09:30:33.320,93033320,1830147,5.08,3200,0,S,0,16:03:19.226
000931.SZ,09:30:33.320,93033320,1830444,5.07,3900,0,B,0,16:03:19.226
000931.SZ,09:30:33.320,93033320,1830505,5.07,11500,0,B,0,16:03:19.226
000931.SZ,09:30:33.330,93033330,1830860,5.07,2100,0,B,0,16:03:19.226
000931.SZ,09:30:33.340,93033340,1830953,5.06,100,0,B,0,16:03:19.226
000931.SZ,09:30:33.340,93033340,1831233,5.06,100,0,B,0,16:03:19.226
000931.SZ,09:30:33.350,93033350,1831430,5.06,100,0,B,0,16:03:19.226
000931.SZ,09:30:33.350,93033350,1831845,5.06,100,0,B,0,16:03:19.226
000931.SZ,09:30:33.670,93033670,1841201,5.07,300,0,B,0,16:03:19.287
000931.SZ,09:30:33.840,93033840,1844122,5.06,100,0,B,0,16:03:19.342
000931.SZ,09:30:33.850,93033850,1844335,5.06,1000,0,B,0,16:03:19.342
000931.SZ,09:30:33.900,93033900,1844996,5.06,100,0,B,0,16:03:19.342
000931.SZ,09:30:34.010,93034010,1846520,5.09,1200,0,B,0,16:03:19.342
000931.SZ,09:30:34.030,93034030,1846826,5.07,100,0,B,0,16:03:19.342
000931.SZ,09:30:34.210,93034210,1849872,5.07,300,0,B,0,16:03:19.396
000931.SZ,09:30:34.270,93034270,1851780,5.06,1900,0,B,0,16:03:19.396
000931.SZ,09:30:34.430,93034430,1855604,5.06,1600,0,B,0,16:03:19.396
000931.SZ,09:30:35.310,93035310,1870290,4.8,100,0,B,0,16:03:19.485
000931.SZ,09:30:35.450,93035450,1872261,4.65,200,0,B,0,16:03:19.485
000931.SZ,09:30:35.540,93035540,1873541,5.07,1900,0,B,0,16:03:19.578
000931.SZ,09:30:35.580,93035580,1874132,5.06,100,0,B,0,16:03:19.578
000931.SZ,09:30:35.590,93035590,1874185,5.07,600,0,B,0,16:03:19.578
000931.SZ,09:30:35.640,93035640,1874878,5.06,900,0,B,0,16:03:19.578
000931.SZ,09:30:35.670,93035670,1875310,5.06,200,0,B,0,16:03:19.578
000931.SZ,09:30:35.720,93035720,1876088,5.07,200,0,B,0,16:03:19.578
000931.SZ,09:30:36.310,93036310,1885019,5.07,700,0,B,0,16:03:19.670
000931.SZ,09:30:36.310,93036310,1885021,5.07,800,0,B,0,16:03:19.670
000931.SZ,09:30:36.310,93036310,1885023,5.07,600,0,B,0,16:03:19.670
000931.SZ,09:30:36.310,93036310,1885025,5.07,1600,0,B,0,16:03:19.670
000931.SZ,09:30:36.310,93036310,1885027,5.07,600,0,B,0,16:03:19.670
000931.SZ,09:30:36.310,93036310,1885029,5.07,1000,0,B,0,16:03:19.670
000931.SZ,09:30:36.310,93036310,1885031,5.07,900,0,B,0,16:03:19.670
000931.SZ,09:30:36.310,93036310,1885033,5.07,600,0,B,0,16:03:19.670
000931.SZ,09:30:36.320,93036320,1885069,5.07,1500,0,B,0,16:03:19.670
000931.SZ,09:30:36.320,93036320,1885107,5.06,5400,0,B,0,16:03:19.670
000931.SZ,09:30:36.320,93036320,1885130,5.06,11600,0,B,0,16:03:19.670
000931.SZ,09:30:36.320,93036320,1885221,5.07,300,0,B,0,16:03:19.670
000931.SZ,09:30:36.320,93036320,1885231,5.07,2500,0,B,0,16:03:19.670
000931.SZ,09:30:36.320,93036320,1885235,5.07,8200,0,B,0,16:03:19.670
000931.SZ,09:30:36.320,93036320,1885252,5.07,2400,0,B,0,16:03:19.670
000931.SZ,09:30:36.320,93036320,1885287,5.07,400,0,B,0,16:03:19.670
000931.SZ,09:30:36.320,93036320,1885358,5.07,400,0,B,0,16:03:19.670
000931.SZ,09:30:36.320,93036320,1885365,5.07,500,0,B,0,16:03:19.670
000931.SZ,09:30:36.320,93036320,1885371,5.07,600,0,B,0,16:03:19.670
000931.SZ,09:30:36.320,93036320,1885373,5.07,400,0,B,0,16:03:19.670
000931.SZ,09:30:36.320,93036320,1885377,5.07,400,0,B,0,16:03:19.670
000931.SZ,09:30:36.320,93036320,1885384,5.07,3300,0,B,0,16:03:19.670
000931.SZ,09:30:36.320,93036320,1885386,5.07,500,0,B,0,16:03:19.670
000931.SZ,09:30:36.320,93036320,1885393,5.07,15400,0,B,0,16:03:19.670
000931.SZ,09:30:36.320,93036320,1885402,5.07,200,0,B,0,16:03:19.670
000931.SZ,09:30:36.320,93036320,1885405,5.07,1200,0,B,0,16:03:19.670
000931.SZ,09:30:36.320,93036320,1885406,5.07,1700,0,B,0,16:03:19.670
000931.SZ,09:30:36.320,93036320,1885414,5.07,500,0,B,0,16:03:19.670
000931.SZ,09:30:36.320,93036320,1885491,5.06,100,0,B,0,16:03:19.670
000931.SZ,09:30:36.330,93036330,1885722,5.07,1600,0,B,0,16:03:19.812
000931.SZ,09:30:36.340,93036340,1885979,5.07,800,0,B,0,16:03:19.812
000931.SZ,09:30:36.340,93036340,1886000,5.07,2500,0,B,0,16:03:19.812
000931.SZ,09:30:36.340,93036340,1886033,5.07,300,0,B,0,16:03:19.812
000931.SZ,09:30:36.350,93036350,1886151,5.06,100,0,B,0,16:03:19.812
000931.SZ,09:30:36.350,93036350,1886281,5.08,3400,0,B,0,16:03:19.812
000931.SZ,09:30:36.670,93036670,1894869,5.09,300,0,S,0,16:03:19.812
000931.SZ,09:30:36.740,93036740,1896140,5.07,300,0,B,0,16:03:19.924
000931.SZ,09:30:36.870,93036870,1898071,5.07,1900,0,B,0,16:03:19.924
000931.SZ,09:30:36.870,93036870,1898141,5.05,400,0,B,0,16:03:19.924
000931.SZ,09:30:36.990,93036990,1899797,5.07,1600,0,B,0,16:03:19.924
000931.SZ,09:30:36.990,93036990,1899862,5.07,100,0,B,0,16:03:19.924
000931.SZ,09:30:37.000,93037000,1900062,5.07,1600,0,B,0,16:03:19.924
000931.SZ,09:30:37.000,93037000,1900064,5.07,300,0,B,0,16:03:19.924
000931.SZ,09:30:37.000,93037000,1900070,5.07,200,0,B,0,16:03:19.924
000931.SZ,09:30:37.000,93037000,1900096,5.07,1900,0,B,0,16:03:19.924
000931.SZ,09:30:37.060,93037060,1900985,5.07,14000,0,B,0,16:03:20.064
000931.SZ,09:30:37.400,93037400,1907688,5.07,1100,0,B,0,16:03:20.064
000931.SZ,09:30:37.460,93037460,1910090,5.07,1000,0,B,0,16:03:20.129
000931.SZ,09:30:37.590,93037590,1912549,4.98,3100,0,B,0,16:03:20.129
000931.SZ,09:30:38.060,93038060,1919783,5.07,2000,0,B,0,16:03:20.270
000931.SZ,09:30:38.080,93038080,1919998,5.06,600,0,B,0,16:03:20.270
000931.SZ,09:30:38.340,93038340,1923240,5.07,300,0,B,0,16:03:20.395
000931.SZ,09:30:38.430,93038430,1924314,5.07,100,0,B,0,16:03:20.395
000931.SZ,09:30:38.470,93038470,1924782,5.07,1000,0,B,0,16:03:20.395
000931.SZ,09:30:38.980,93038980,1930521,5.06,300,0,B,0,16:03:20.501
000931.SZ,09:30:39.210,93039210,1933823,5.07,300,0,B,0,16:03:20.501
000931.SZ,09:30:39.220,93039220,1933955,5.08,500,0,B,0,16:03:20.501
000931.SZ,09:30:39.220,93039220,1933960,5.08,800,0,B,0,16:03:20.501
000931.SZ,09:30:39.220,93039220,1933987,5.08,9600,0,B,0,16:03:20.501
000931.SZ,09:30:39.220,93039220,1934007,5.08,400,0,B,0,16:03:20.501
000931.SZ,09:30:39.220,93039220,1934009,5.08,1000,0,B,0,16:03:20.501
000931.SZ,09:30:39.220,93039220,1934038,5.08,500,0,B,0,16:03:20.501
000931.SZ,09:30:39.230,93039230,1934110,5.08,800,0,B,0,16:03:20.501
000931.SZ,09:30:39.230,93039230,1934116,5.08,1600,0,B,0,16:03:20.501
000931.SZ,09:30:39.230,93039230,1934224,5.08,2900,0,B,0,16:03:20.501
000931.SZ,09:30:39.230,93039230,1934294,5.08,500,0,B,0,16:03:20.501
000931.SZ,09:30:39.230,93039230,1934396,4.98,1000,0,B,0,16:03:20.501
000931.SZ,09:30:39.240,93039240,1934430,5.08,1000,0,B,0,16:03:20.501
000931.SZ,09:30:39.320,93039320,1936109,5.04,3600,0,S,0,16:03:20.624
000931.SZ,09:30:39.350,93039350,1936641,5.07,7600,0,B,0,16:03:20.624
000931.SZ,09:30:39.550,93039550,1941180,5.07,100,0,B,0,16:03:20.624
000931.SZ,09:30:39.580,93039580,1942050,5.07,1500,0,B,0,16:03:20.624
000931.SZ,09:30:39.810,93039810,1946450,5.01,900,0,B,0,16:03:20.749
000931.SZ,09:30:39.880,93039880,1947410,5.08,300,0,B,0,16:03:20.749
000931.SZ,09:30:39.980,93039980,1949040,5.09,100,0,B,0,16:03:20.749
000931.SZ,09:30:40.190,93040190,1951858,5.08,1000,0,S,0,16:03:20.845
000931.SZ,09:30:40.190,93040190,1951888,5.07,100,0,S,0,16:03:20.845
000931.SZ,09:30:40.390,93040390,1956693,5.08,200,0,B,0,16:03:20.845
000931.SZ,09:30:40.540,93040540,1960726,5.08,200,0,B,0,16:03:20.924
000931.SZ,09:30:40.560,93040560,1960981,5.05,4600,0,S,0,16:03:20.924
000931.SZ,09:30:40.850,93040850,1966001,5.08,100,0,B,0,16:03:21.080
000931.SZ,09:30:41.100,93041100,1970464,5.08,300,0,B,0,16:03:21.080
000931.SZ,09:30:41.130,93041130,1971106,5.33,2200,0,S,0,16:03:21.080
000931.SZ,09:30:41.140,93041140,1971389,5.08,200,0,B,0,16:03:21.080
000931.SZ,09:30:41.160,93041160,1971745,5.08,700,0,S,0,16:03:21.080
000931.SZ,09:30:41.240,93041240,1972989,5.08,2400,0,B,0,16:03:21.206
000931.SZ,09:30:41.420,93041420,1975865,5.06,800,0,B,0,16:03:21.206
000931.SZ,09:30:41.510,93041510,1977085,5.08,3300,0,S,0,16:03:21.206
000931.SZ,09:30:41.510,93041510,1977097,5.08,13100,0,S,0,16:03:21.206
000931.SZ,09:30:41.760,93041760,1980636,5.06,2000,0,B,0,16:03:21.440
000931.SZ,09:30:41.800,93041800,1981194,5.07,100,0,B,0,16:03:21.440
000931.SZ,09:30:41.860,93041860,1982235,5.08,100,0,B,0,16:03:21.440
000931.SZ,09:30:42.170,93042170,1987299,5.06,900,0,S,0,16:03:21.440
000931.SZ,09:30:42.220,93042220,1988204,5.07,100,0,B,0,16:03:21.440
000931.SZ,09:30:42.220,93042220,1988210,5.1,2600,0,S,0,16:03:21.440
000931.SZ,09:30:42.220,93042220,1988244,5.08,800,0,B,0,16:03:21.440
000931.SZ,09:30:42.220,93042220,1988263,5.07,500,0,B,0,16:03:21.440
000931.SZ,09:30:42.220,93042220,1988358,5.1,800,0,S,0,16:03:21.440
000931.SZ,09:30:42.500,93042500,1994561,5.08,2700,0,S,0,16:03:21.464
000931.SZ,09:30:42.510,93042510,1994751,5.08,3500,0,S,0,16:03:21.464
000931.SZ,09:30:42.720,93042720,1999299,5.06,1500,0,B,0,16:03:21.592
000931.SZ,09:30:42.760,93042760,1999939,5.07,200,0,B,0,16:03:21.592
000931.SZ,09:30:43.250,93043250,2008070,4.96,5000,0,B,0,16:03:21.718
000931.SZ,09:30:43.460,93043460,2012702,5.08,200,0,B,0,16:03:21.813
000931.SZ,09:30:43.460,93043460,2012795,5.08,1700,0,B,0,16:03:21.813
000931.SZ,09:30:43.590,93043590,2014865,5.06,800,0,B,0,16:03:21.813
000931.SZ,09:30:43.670,93043670,2016370,5.06,200,0,B,0,16:03:21.938
000931.SZ,09:30:44.340,93044340,2025789,5.08,200,0,B,0,16:03:22.079
000931.SZ,09:30:44.570,93044570,2028755,5.06,1100,0,B,0,16:03:22.079
000931.SZ,09:30:44.890,93044890,2033092,5.08,8500,0,S,0,16:03:22.190
000931.SZ,09:30:45.210,93045210,2037222,5.07,400,0,B,0,16:03:22.190
000931.SZ,09:30:45.220,93045220,2037318,5.08,19600,0,B,0,16:03:22.190
000931.SZ,09:30:45.230,93045230,2037540,5.08,200,0,B,0,16:03:22.190
000931.SZ,09:30:45.240,93045240,2037702,5.08,300,0,B,0,16:03:22.190
000931.SZ,09:30:45.260,93045260,2037986,5.08,1200,0,B,0,16:03:22.332
000931.SZ,09:30:45.320,93045320,2039200,5.07,400,0,B,0,16:03:22.332
000931.SZ,09:30:45.340,93045340,2039567,5.07,1800,0,B,0,16:03:22.332
000931.SZ,09:30:45.360,93045360,2039981,5.08,300,0,B,0,16:03:22.332
000931.SZ,09:30:45.460,93045460,2042722,5.07,50000,0,B,0,16:03:22.332
000931.SZ,09:30:45.550,93045550,2044432,5.08,100,0,S,0,16:03:22.332
000931.SZ,09:30:46.090,93046090,2053849,5.46,1000,0,S,0,16:03:22.575
000931.SZ,09:30:46.380,93046380,2058622,5.05,2000,0,B,0,16:03:22.575
000931.SZ,09:30:46.980,93046980,2069527,5.07,1400,0,B,0,16:03:22.830
000931.SZ,09:30:47.040,93047040,2070456,5.08,200,0,B,0,16:03:22.830
000931.SZ,09:30:47.390,93047390,2074934,5.07,1100,0,B,0,16:03:22.971
000931.SZ,09:30:47.430,93047430,2075382,5.07,100,0,B,0,16:03:22.971
000931.SZ,09:30:48.280,93048280,2087712,5.08,100,0,B,0,16:03:23.083
000931.SZ,09:30:48.280,93048280,2087715,5.08,100,0,B,0,16:03:23.083
000931.SZ,09:30:48.280,93048280,2087721,5.08,200,0,B,0,16:03:23.083
000931.SZ,09:30:48.300,93048300,2088188,5.08,400,0,B,0,16:03:23.083
000931.SZ,09:30:48.380,93048380,2089489,5.07,21400,0,S,0,16:03:23.083
000931.SZ,09:30:48.380,93048380,2089499,5.07,3200,0,S,0,16:03:23.239
000931.SZ,09:30:48.500,93048500,2092717,5.08,10600,0,S,0,16:03:23.239
000931.SZ,09:30:48.640,93048640,2095678,5.11,3000,0,S,0,16:03:23.239
000931.SZ,09:30:49.870,93049870,2116934,5.08,100,0,B,0,16:03:23.598
000931.SZ,09:30:49.870,93049870,2116939,5.08,300,0,B,0,16:03:23.598
000931.SZ,09:30:49.870,93049870,2117006,5.08,100,0,B,0,16:03:23.598
000931.SZ,09:30:50.050,93050050,2119376,5.08,200,0,B,0,16:03:23.598
000931.SZ,09:30:51.130,93051130,2133566,5.08,200,0,B,0,16:03:23.889
000931.SZ,09:30:51.280,93051280,2136101,5.08,1000,0,B,0,16:03:23.889
000931.SZ,09:30:51.280,93051280,2136157,5.08,3000,0,B,0,16:03:23.889
000931.SZ,09:30:51.290,93051290,2136291,5.08,2300,0,B,0,16:03:23.889
000931.SZ,09:30:52.040,93052040,2149550,5.61,100,0,S,0,16:03:24.169
000931.SZ,09:30:54.070,93054070,2181663,4.84,100,0,B,0,16:03:24.631
000931.SZ,09:30:54.240,93054240,2186110,5.08,100,0,B,0,16:03:24.631
000931.SZ,09:30:54.410,93054410,2191361,5.08,1000,0,S,0,16:03:24.782
000931.SZ,09:30:54.540,93054540,2193960,5.08,100,0,B,0,16:03:24.782
000931.SZ,09:30:54.680,93054680,2197272,5.09,25200,0,B,0,16:03:24.924
000931.SZ,09:30:55.040,93055040,2203915,5.18,1000,0,S,0,16:03:24.924
000931.SZ,09:30:55.040,93055040,2203957,4.98,1000,0,B,0,16:03:24.924
000931.SZ,09:30:55.500,93055500,2215364,5.08,7700,0,S,0,16:03:25.047
000931.SZ,09:30:55.660,93055660,2218386,5.2,1000,0,S,0,16:03:25.133
000931.SZ,09:30:55.690,93055690,2218937,5.09,25200,0,B,0,16:03:25.133
000931.SZ,09:30:55.830,93055830,2221129,5.0,1000,0,B,0,16:03:25.236
000931.SZ,09:30:56.700,93056700,2235423,5.08,5900,0,B,0,16:03:25.394
000931.SZ,09:30:56.880,93056880,2239314,5.14,2000,0,S,0,16:03:25.528
000931.SZ,09:30:56.950,93056950,2240535,5.07,100,0,B,0,16:03:25.528
000931.SZ,09:30:56.950,93056950,2240548,5.07,1400,0,B,0,16:03:25.528
000931.SZ,09:30:56.950,93056950,2240567,5.07,1200,0,B,0,16:03:25.528
000931.SZ,09:30:56.960,93056960,2240616,5.07,900,0,B,0,16:03:25.528
000931.SZ,09:30:57.180,93057180,2244791,5.08,100,0,B,0,16:03:25.701
000931.SZ,09:30:57.180,93057180,2244794,5.1,500,0,S,0,16:03:25.701
000931.SZ,09:30:57.180,93057180,2244797,5.1,800,0,S,0,16:03:25.701
000931.SZ,09:30:57.180,93057180,2244832,5.1,400,0,S,0,16:03:25.701
000931.SZ,09:30:57.180,93057180,2244881,5.08,100,0,B,0,16:03:25.701
000931.SZ,09:30:57.180,93057180,2244909,5.08,100,0,B,0,16:03:25.701
000931.SZ,09:30:57.180,93057180,2244913,5.08,100,0,B,0,16:03:25.701
000931.SZ,09:30:57.180,93057180,2244917,5.08,100,0,B,0,16:03:25.701
000931.SZ,09:30:57.180,93057180,2244969,5.08,100,0,B,0,16:03:25.701
000931.SZ,09:30:57.180,93057180,2244985,5.08,100,0,B,0,16:03:25.701
000931.SZ,09:30:57.180,93057180,2245109,5.09,2200,0,B,0,16:03:25.701
000931.SZ,09:30:57.180,93057180,2245111,5.08,100,0,B,0,16:03:25.701
000931.SZ,09:30:57.180,93057180,2245130,5.08,100,0,B,0,16:03:25.701
000931.SZ,09:30:57.180,93057180,2245199,5.08,100,0,B,0,16:03:25.701
000931.SZ,09:30:57.180,93057180,2245213,5.08,3600,0,B,0,16:03:25.701
000931.SZ,09:30:57.200,93057200,2245477,5.08,100,0,B,0,16:03:25.701
000931.SZ,09:30:57.200,93057200,2245478,5.08,100,0,B,0,16:03:25.701
000931.SZ,09:30:57.200,93057200,2245522,5.08,100,0,B,0,16:03:25.701
000931.SZ,09:30:57.200,93057200,2245681,5.08,100,0,B,0,16:03:25.701
000931.SZ,09:30:57.210,93057210,2245811,5.08,100,0,B,0,16:03:25.701
000931.SZ,09:30:57.220,93057220,2246035,5.08,100,0,B,0,16:03:25.701
000931.SZ,09:30:57.630,93057630,2256747,5.08,300,0,S,0,16:03:25.811
000931.SZ,09:30:57.730,93057730,2258869,5.09,7000,0,S,0,16:03:25.811
000931.SZ,09:30:57.790,93057790,2260130,5.1,1800,0,S,0,16:03:25.811
000931.SZ,09:30:57.910,93057910,2262139,5.09,1800,0,S,0,16:03:25.811
000931.SZ,09:30:58.510,93058510,2274230,5.1,600,0,S,0,16:03:26.047
000931.SZ,09:30:58.640,93058640,2276122,5.08,1800,0,B,0,16:03:26.047
000931.SZ,09:30:58.940,93058940,2281861,5.08,49100,0,B,0,16:03:26.169
000931.SZ,09:30:59.040,93059040,2283705,5.05,500,0,B,0,16:03:26.169
000931.SZ,09:30:59.080,93059080,2284480,5.09,800,0,B,0,16:03:26.169
000931.SZ,09:30:59.170,93059170,2285868,5.08,100,0,B,0,16:03:26.169
000931.SZ,09:30:59.380,93059380,2288738,5.09,1400,0,B,0,16:03:26.265
000931.SZ,09:30:59.540,93059540,2291535,5.08,100,0,B,0,16:03:26.265
000931.SZ,09:30:59.900,93059900,2298244,5.08,500,0,B,0,16:03:26.507
000931.SZ,09:31:00.220,93100220,2306776,5.09,2100,0,B,0,16:03:26.729
000931.SZ,09:31:00.220,93100220,2306777,5.09,700,0,B,0,16:03:26.729
000931.SZ,09:31:00.230,93100230,2306790,5.09,900,0,B,0,16:03:26.729
000931.SZ,09:31:00.230,93100230,2306799,5.09,1800,0,B,0,16:03:26.729
000931.SZ,09:31:00.230,93100230,2306802,5.09,3000,0,B,0,16:03:26.729
000931.SZ,09:31:00.230,93100230,2306807,5.09,1100,0,B,0,16:03:26.729
000931.SZ,09:31:00.230,93100230,2306812,5.09,2400,0,B,0,16:03:26.729
000931.SZ,09:31:00.240,93100240,2307109,5.09,1200,0,B,0,16:03:26.729
000931.SZ,09:31:00.240,93100240,2307114,5.09,500,0,B,0,16:03:26.729
000931.SZ,09:31:00.320,93100320,2309435,5.1,2900,0,S,0,16:03:26.729
000931.SZ,09:31:00.350,93100350,2310055,5.09,1300,0,B,0,16:03:26.729
000931.SZ,09:31:00.490,93100490,2316667,5.1,100,0,B,0,16:03:26.839
000931.SZ,09:31:00.870,93100870,2327231,5.09,2300,0,B,0,16:03:26.967
000931.SZ,09:31:00.870,93100870,2327396,5.09,1100,0,B,0,16:03:26.967
000931.SZ,09:31:00.880,93100880,2327668,5.09,7300,0,B,0,16:03:26.967
000931.SZ,09:31:00.970,93100970,2329878,5.09,1800,0,B,0,16:03:27.091
000931.SZ,09:31:01.110,93101110,2333599,5.09,1300,0,B,0,16:03:27.091
000931.SZ,09:31:01.260,93101260,2339209,5.09,700,0,B,0,16:03:27.158
000931.SZ,09:31:01.290,93101290,2340223,5.09,400,0,B,0,16:03:27.158
000931.SZ,09:31:01.310,93101310,2340791,5.03,1000,0,B,0,16:03:27.158
000931.SZ,09:31:01.470,93101470,2347231,5.09,7600,0,B,0,16:03:27.232
000931.SZ,09:31:01.780,93101780,2354513,4.94,5000,0,B,0,16:03:27.437
000931.SZ,09:31:01.920,93101920,2357831,5.09,300,0,B,0,16:03:27.437
000931.SZ,09:31:02.470,93102470,2371107,5.09,100,0,B,0,16:03:27.635
000931.SZ,09:31:02.680,93102680,2374915,5.1,100,0,B,0,16:03:27.729
000931.SZ,09:31:03.380,93103380,2390563,5.06,3700,0,S,0,16:03:27.960
000931.SZ,09:31:03.510,93103510,2393747,5.1,3300,0,S,0,16:03:28.042
000931.SZ,09:31:03.830,93103830,2402771,5.11,500,0,S,0,16:03:28.131
000931.SZ,09:31:04.800,93104800,2427002,5.1,3900,0,S,0,16:03:28.510
000931.SZ,09:31:04.840,93104840,2427761,4.95,1000,0,B,0,16:03:28.553
000931.SZ,09:31:05.140,93105140,2435017,5.1,100,0,S,0,16:03:28.661
000931.SZ,09:31:05.140,93105140,2435018,5.1,100,0,S,0,16:03:28.661
000931.SZ,09:31:05.140,93105140,2435028,5.1,1000,0,S,0,16:03:28.661
000931.SZ,09:31:05.230,93105230,2436990,5.1,1800,0,S,0,16:03:28.661
000931.SZ,09:31:06.180,93106180,2457429,5.1,100,0,S,0,16:03:29.007
000931.SZ,09:31:06.180,93106180,2457440,5.1,100,0,S,0,16:03:29.007
000931.SZ,09:31:06.180,93106180,2457447,5.1,100,0,S,0,16:03:29.007
000931.SZ,09:31:06.320,93106320,2462198,5.1,2600,0,S,0,16:03:29.101
000931.SZ,09:31:06.330,93106330,2462392,5.1,800,0,S,0,16:03:29.101
000931.SZ,09:31:06.330,93106330,2462619,5.11,500,0,S,0,16:03:29.101
000931.SZ,09:31:06.330,93106330,2462646,5.1,100,0,S,0,16:03:29.101
000931.SZ,09:31:06.370,93106370,2463639,5.1,200,0,S,0,16:03:29.101
000931.SZ,09:31:06.450,93106450,2465670,5.1,500,0,S,0,16:03:29.163
000931.SZ,09:31:06.600,93106600,2471906,5.1,1500,0,S,0,16:03:29.288
000931.SZ,09:31:06.790,93106790,2476839,5.1,3600,0,S,0,16:03:29.288
000931.SZ,09:31:06.790,93106790,2476857,5.1,1200,0,S,0,16:03:29.288
000931.SZ,09:31:07.040,93107040,2482585,5.1,8600,0,S,0,16:03:29.386
000931.SZ,09:31:07.140,93107140,2484879,5.07,3200,0,S,0,16:03:29.477
000931.SZ,09:31:07.320,93107320,2491005,5.1,1500,0,S,0,16:03:29.504
000931.SZ,09:31:07.330,93107330,2491813,5.1,500,0,S,0,16:03:29.527
000931.SZ,09:31:07.370,93107370,2493102,5.1,1500,0,S,0,16:03:29.527
000931.SZ,09:31:07.440,93107440,2495093,5.1,3800,0,S,0,16:03:29.587
000931.SZ,09:31:07.530,93107530,2497603,5.1,100,0,B,0,16:03:29.731
000931.SZ,09:31:07.630,93107630,2499757,5.09,2300,0,S,0,16:03:29.731
000931.SZ,09:31:07.750,93107750,2502645,5.61,32900,0,S,0,16:03:29.731
000931.SZ,09:31:07.770,93107770,2502919,5.09,200,0,B,0,16:03:29.731
000931.SZ,09:31:08.040,93108040,2508905,5.1,1500,0,B,0,16:03:29.816
000931.SZ,09:31:08.230,93108230,2512845,5.09,1000,0,B,0,16:03:29.882
000931.SZ,09:31:08.310,93108310,2514331,5.07,600,0,B,0,16:03:29.882
000931.SZ,09:31:08.340,93108340,2515071,5.11,8000,0,S,0,16:03:29.882
000931.SZ,09:31:09.170,93109170,2529734,4.95,1000,0,B,0,16:03:30.226
000931.SZ,09:31:09.430,93109430,2535844,5.09,400,0,S,0,16:03:30.384
000931.SZ,09:31:09.430,93109430,2535847,5.09,600,0,S,0,16:03:30.384
000931.SZ,09:31:09.430,93109430,2535853,5.09,600,0,S,0,16:03:30.384
000931.SZ,09:31:09.570,93109570,2539462,5.12,400,0,S,0,16:03:30.384
000931.SZ,09:31:09.900,93109900,2547354,5.61,1000,0,S,0,16:03:30.507
000931.SZ,09:31:12.580,93112580,2598161,5.33,1000,0,S,0,16:03:31.507
000931.SZ,09:31:13.350,93113350,2614385,4.91,2000,0,B,0,16:03:31.704
000931.SZ,09:31:13.990,93113990,2626804,5.08,200,0,B,0,16:03:32.036
000931.SZ,09:31:14.480,93114480,2634288,5.09,2000,0,S,0,16:03:32.128
000931.SZ,09:31:14.530,93114530,2634965,5.1,9600,0,S,0,16:03:32.128
000931.SZ,09:31:15.130,93115130,2644315,5.15,2200,0,S,0,16:03:32.366
000931.SZ,09:31:15.300,93115300,2647504,5.1,2200,0,S,0,16:03:32.475
000931.SZ,09:31:15.300,93115300,2647545,5.1,9500,0,S,0,16:03:32.475
000931.SZ,09:31:15.310,93115310,2647590,5.1,500,0,S,0,16:03:32.475
000931.SZ,09:31:15.340,93115340,2648218,5.09,100,0,S,0,16:03:32.475
000931.SZ,09:31:15.670,93115670,2655234,5.1,2300,0,S,0,16:03:32.590
000931.SZ,09:31:15.680,93115680,2655250,5.1,4800,0,S,0,16:03:32.590
000931.SZ,09:31:15.680,93115680,2655348,5.1,5000,0,S,0,16:03:32.590
000931.SZ,09:31:15.680,93115680,2655351,5.1,3400,0,S,0,16:03:32.590
000931.SZ,09:31:15.700,93115700,2655650,5.09,5100,0,S,0,16:03:32.590
000931.SZ,09:31:15.770,93115770,2656740,5.1,1900,0,S,0,16:03:32.590
000931.SZ,09:31:15.920,93115920,2659860,5.1,1600,0,S,0,16:03:32.689
000931.SZ,09:31:15.930,93115930,2660101,5.1,2700,0,S,0,16:03:32.689
000931.SZ,09:31:15.960,93115960,2660652,4.9,10000,0,B,0,16:03:32.689
000931.SZ,09:31:16.790,93116790,2675833,5.09,7300,0,S,0,16:03:33.034
000931.SZ,09:31:18.290,93118290,2699117,5.09,300,0,S,0,16:03:33.476
000931.SZ,09:31:19.170,93119170,2714793,5.05,1000,0,B,0,16:03:33.765
000931.SZ,09:31:19.460,93119460,2721457,5.07,100,0,B,0,16:03:33.922
000931.SZ,09:31:19.850,93119850,2727496,5.09,1000,0,B,0,16:03:34.017
000931.SZ,09:31:19.860,93119860,2727589,5.09,300,0,S,0,16:03:34.017
000931.SZ,09:31:19.860,93119860,2727594,5.09,1800,0,S,0,16:03:34.017
000931.SZ,09:31:19.960,93119960,2729341,5.09,600,0,S,0,16:03:34.128
000931.SZ,09:31:19.980,93119980,2729665,5.09,800,0,B,0,16:03:34.128
000931.SZ,09:31:20.010,93120010,2730178,5.05,2000,0,B,0,16:03:34.128
000931.SZ,09:31:20.640,93120640,2740012,5.5,2000,0,S,0,16:03:34.300
000931.SZ,09:31:20.670,93120670,2740345,5.02,4000,0,B,0,16:03:34.300
000931.SZ,09:31:21.200,93121200,2748057,5.09,600,0,S,0,16:03:34.506
000931.SZ,09:31:21.760,93121760,2758364,5.1,900,0,S,0,16:03:34.718
000931.SZ,09:31:22.070,93122070,2762941,5.09,1000,0,B,0,16:03:34.798
000931.SZ,09:31:22.070,93122070,2763051,5.07,25500,0,S,0,16:03:34.798
000931.SZ,09:31:22.090,93122090,2763383,5.09,100,0,S,0,16:03:34.798
000931.SZ,09:31:22.090,93122090,2763398,5.09,100,0,B,0,16:03:34.798
000931.SZ,09:31:22.100,93122100,2763436,5.1,1200,0,B,0,16:03:34.798
000931.SZ,09:31:22.370,93122370,2768859,5.09,400,0,B,0,16:03:34.859
000931.SZ,09:31:22.740,93122740,2775142,5.09,8000,0,S,0,16:03:34.968
000931.SZ,09:31:23.760,93123760,2788558,5.61,1000,0,S,0,16:03:35.207
000931.SZ,09:31:23.810,93123810,2789140,5.08,1900,0,B,0,16:03:35.284
000931.SZ,09:31:23.930,93123930,2790726,5.08,1600,0,B,0,16:03:35.284
000931.SZ,09:31:23.950,93123950,2791035,4.87,3000,0,B,0,16:03:35.284
000931.SZ,09:31:24.190,93124190,2794469,5.1,500,0,S,0,16:03:35.377
000931.SZ,09:31:24.220,93124220,2794967,5.09,300,0,B,0,16:03:35.377
000931.SZ,09:31:24.220,93124220,2794969,5.09,200,0,B,0,16:03:35.377
000931.SZ,09:31:24.220,93124220,2794973,5.09,300,0,B,0,16:03:35.377
000931.SZ,09:31:24.220,93124220,2794975,5.09,200,0,B,0,16:03:35.377
000931.SZ,09:31:24.220,93124220,2794977,5.09,200,0,B,0,16:03:35.377
000931.SZ,09:31:24.220,93124220,2794979,5.09,300,0,B,0,16:03:35.377
000931.SZ,09:31:24.220,93124220,2794981,5.09,700,0,B,0,16:03:35.377
000931.SZ,09:31:24.220,93124220,2794984,5.09,200,0,B,0,16:03:35.377
000931.SZ,09:31:24.220,93124220,2794988,5.09,200,0,B,0,16:03:35.377
000931.SZ,09:31:24.220,93124220,2794990,5.09,200,0,B,0,16:03:35.377
000931.SZ,09:31:24.220,93124220,2794994,5.09,400,0,B,0,16:03:35.377
000931.SZ,09:31:24.220,93124220,2794997,5.09,200,0,B,0,16:03:35.377
000931.SZ,09:31:24.220,93124220,2794999,5.09,200,0,B,0,16:03:35.377
000931.SZ,09:31:24.220,93124220,2795003,5.09,200,0,B,0,16:03:35.377
000931.SZ,09:31:24.220,93124220,2795005,5.09,200,0,B,0,16:03:35.377
000931.SZ,09:31:24.220,93124220,2795007,5.09,200,0,B,0,16:03:35.377
000931.SZ,09:31:24.220,93124220,2795009,5.09,300,0,B,0,16:03:35.377
000931.SZ,09:31:24.220,93124220,2795023,5.09,500,0,B,0,16:03:35.377
000931.SZ,09:31:24.220,93124220,2795025,5.09,200,0,B,0,16:03:35.377
000931.SZ,09:31:24.220,93124220,2795028,5.09,200,0,B,0,16:03:35.377
000931.SZ,09:31:24.220,93124220,2795031,5.09,200,0,B,0,16:03:35.377
000931.SZ,09:31:24.510,93124510,2799568,5.09,1000,0,S,0,16:03:35.488
000931.SZ,09:31:25.000,93125000,2806668,5.08,100,0,S,0,16:03:35.612
000931.SZ,09:31:25.070,93125070,2807716,5.09,10000,0,S,0,16:03:35.612
000931.SZ,09:31:25.330,93125330,2812277,5.09,2000,0,S,0,16:03:35.686
000931.SZ,09:31:25.460,93125460,2814894,5.09,2000,0,B,0,16:03:35.779
000931.SZ,09:31:25.590,93125590,2816698,5.09,1000,0,B,0,16:03:35.779
000931.SZ,09:31:25.900,93125900,2821014,5.11,1000,0,S,0,16:03:35.858
000931.SZ,09:31:26.170,93126170,2824827,5.09,100,0,B,0,16:03:35.950
000931.SZ,09:31:27.070,93127070,2836144,4.83,1200,0,B,0,16:03:36.125
000931.SZ,09:31:27.460,93127460,2841860,5.09,1000,0,B,0,16:03:36.281
000931.SZ,09:31:27.830,93127830,2847685,5.08,1600,0,B,0,16:03:36.393
000931.SZ,09:31:27.930,93127930,2849151,5.08,300,0,B,0,16:03:36.393
000931.SZ,09:31:28.090,93128090,2851140,5.08,2300,0,B,0,16:03:36.502
000931.SZ,09:31:28.180,93128180,2852834,5.08,200,0,B,0,16:03:36.502
000931.SZ,09:31:28.500,93128500,2858366,5.09,900,0,S,0,16:03:36.548
000931.SZ,09:31:28.540,93128540,2859218,5.14,2000,0,S,0,16:03:36.548
000931.SZ,09:31:29.610,93129610,2872663,5.09,600,0,S,0,16:03:36.794
000931.SZ,09:31:29.690,93129690,2873685,5.09,4100,0,B,0,16:03:36.794
000931.SZ,09:31:29.700,93129700,2873848,5.09,8300,0,B,0,16:03:36.794
000931.SZ,09:31:29.750,93129750,2874509,5.09,1000,0,B,0,16:03:36.872
000931.SZ,09:31:29.810,93129810,2875277,5.09,200,0,B,0,16:03:36.872
000931.SZ,09:31:29.820,93129820,2875381,5.09,600,0,B,0,16:03:36.872
000931.SZ,09:31:29.820,93129820,2875447,5.1,900,0,S,0,16:03:36.872
000931.SZ,09:31:29.930,93129930,2876756,5.09,300,0,B,0,16:03:36.872
000931.SZ,09:31:30.040,93130040,2878404,5.09,300,0,B,0,16:03:36.872
000931.SZ,09:31:30.170,93130170,2880306,5.09,4700,0,B,0,16:03:36.966
000931.SZ,09:31:30.200,93130200,2880880,5.09,300,0,B,0,16:03:36.966
000931.SZ,09:31:30.300,93130300,2882537,5.1,2200,0,S,0,16:03:36.966
000931.SZ,09:31:30.300,93130300,2882547,5.1,10600,0,S,0,16:03:36.966
000931.SZ,09:31:30.310,93130310,2882709,5.1,500,0,S,0,16:03:36.966
000931.SZ,09:31:30.320,93130320,2882835,5.09,7400,0,S,0,16:03:36.966
000931.SZ,09:31:30.350,93130350,2883272,5.1,2600,0,S,0,16:03:36.966
000931.SZ,09:31:30.370,93130370,2883803,5.1,5400,0,S,0,16:03:37.076
000931.SZ,09:31:30.370,93130370,2883883,5.1,5700,0,S,0,16:03:37.076
000931.SZ,09:31:30.370,93130370,2883886,5.1,3400,0,S,0,16:03:37.076
000931.SZ,09:31:30.460,93130460,2885897,5.09,100,0,B,0,16:03:37.076
000931.SZ,09:31:30.670,93130670,2889026,5.19,10000,0,S,0,16:03:37.076
000931.SZ,09:31:30.870,93130870,2891452,5.09,1000,0,B,0,16:03:37.219
000931.SZ,09:31:30.890,93130890,2891688,5.09,500,0,B,0,16:03:37.219
000931.SZ,09:31:30.890,93130890,2891735,5.09,3000,0,B,0,16:03:37.219
000931.SZ,09:31:30.920,93130920,2892246,5.09,100,0,B,0,16:03:37.219
000931.SZ,09:31:31.070,93131070,2894266,5.09,900,0,B,0,16:03:37.219
000931.SZ,09:31:31.070,93131070,2894362,5.09,300,0,B,0,16:03:37.219
000931.SZ,09:31:31.100,93131100,2894942,5.09,100,0,B,0,16:03:37.219
000931.SZ,09:31:31.180,93131180,2896477,5.09,300,0,B,0,16:03:37.297
000931.SZ,09:31:31.180,93131180,2896493,5.09,7900,0,B,0,16:03:37.297
000931.SZ,09:31:31.710,93131710,2905894,5.05,1800,0,B,0,16:03:37.531
000931.SZ,09:31:32.040,93132040,2911660,5.09,200,0,B,0,16:03:37.565
000931.SZ,09:31:32.070,93132070,2912069,5.09,3300,0,B,0,16:03:37.565
000931.SZ,09:31:32.790,93132790,2921627,5.09,5000,0,S,0,16:03:37.747
000931.SZ,09:31:33.180,93133180,2926904,5.09,1900,0,B,0,16:03:37.855
000931.SZ,09:31:33.810,93133810,2937306,5.09,1000,0,B,0,16:03:37.981
000931.SZ,09:31:33.890,93133890,2938384,5.09,100,0,S,0,16:03:38.045
000931.SZ,09:31:33.930,93133930,2938801,5.09,200,0,B,0,16:03:38.045
000931.SZ,09:31:34.800,93134800,2953119,5.12,2000,0,S,0,16:03:38.280
000931.SZ,09:31:35.210,93135210,2958576,5.17,1000,0,S,0,16:03:38.406
000931.SZ,09:31:35.860,93135860,2966243,5.09,100,0,B,0,16:03:38.516
000931.SZ,09:31:36.120,93136120,2969399,5.09,2000,0,S,0,16:03:38.593
000931.SZ,09:31:36.170,93136170,2970155,5.09,200,0,S,0,16:03:38.593
000931.SZ,09:31:36.180,93136180,2970234,5.09,400,0,B,0,16:03:38.593
000931.SZ,09:31:36.190,93136190,2970430,5.09,3000,0,B,0,16:03:38.593
000931.SZ,09:31:36.220,93136220,2970863,5.09,100,0,S,0,16:03:38.593
000931.SZ,09:31:36.220,93136220,2970866,5.09,200,0,S,0,16:03:38.593
000931.SZ,09:31:36.220,93136220,2970869,5.09,1700,0,S,0,16:03:38.593
000931.SZ,09:31:36.220,93136220,2970871,5.09,800,0,S,0,16:03:38.593
000931.SZ,09:31:36.220,93136220,2970873,5.09,100,0,S,0,16:03:38.593
000931.SZ,09:31:36.220,93136220,2970875,5.09,100,0,S,0,16:03:38.593
000931.SZ,09:31:36.220,93136220,2970877,5.09,100,0,S,0,16:03:38.593
000931.SZ,09:31:36.220,93136220,2970892,5.09,100,0,S,0,16:03:38.593
000931.SZ,09:31:36.410,93136410,2973882,5.09,4300,0,S,0,16:03:38.667
000931.SZ,09:31:36.790,93136790,2979370,5.09,400,0,S,0,16:03:38.747
000931.SZ,09:31:36.900,93136900,2980745,5.09,400,0,B,0,16:03:38.855
000931.SZ,09:31:37.060,93137060,2983247,5.09,1000,0,B,0,16:03:38.855
000931.SZ,09:31:37.840,93137840,2995166,5.09,100,0,B,0,16:03:39.138
000931.SZ,09:31:37.920,93137920,2996239,5.09,200,0,B,0,16:03:39.138
000931.SZ,09:31:39.000,93139000,3009375,4.9,50000,0,B,0,16:03:39.310
000931.SZ,09:31:39.860,93139860,3021020,5.09,100,0,B,0,16:03:39.532
000931.SZ,09:31:40.460,93140460,3029712,4.61,2000,0,B,0,16:03:39.688
000931.SZ,09:31:40.520,93140520,3030471,5.1,3300,0,S,0,16:03:39.791
000931.SZ,09:31:40.840,93140840,3034708,5.09,1400,0,B,0,16:03:39.791
000931.SZ,09:31:41.780,93141780,3046031,5.09,100,0,S,0,16:03:39.964
000931.SZ,09:31:41.780,93141780,3046033,5.09,100,0,S,0,16:03:39.964
000931.SZ,09:31:42.520,93142520,3056897,5.1,600,0,S,0,16:03:40.168
000931.SZ,09:31:42.930,93142930,3062502,5.09,400,0,B,0,16:03:40.277
000931.SZ,09:31:43.000,93143000,3063288,5.09,1000,0,B,0,16:03:40.359
000931.SZ,09:31:43.000,93143000,3063333,5.09,100,0,B,0,16:03:40.359
000931.SZ,09:31:43.660,93143660,3074170,5.09,5300,0,B,0,16:03:40.488
000931.SZ,09:31:44.130,93144130,3080108,5.14,200,0,S,0,16:03:40.576
000931.SZ,09:31:44.180,93144180,3080849,5.09,2000,0,B,0,16:03:40.576
000931.SZ,09:31:44.440,93144440,3084078,4.59,1000,0,B,0,16:03:40.702
000931.SZ,09:31:45.230,93145230,3093160,5.1,1000,0,B,0,16:03:40.869
000931.SZ,09:31:45.280,93145280,3093692,5.1,1000,0,S,0,16:03:40.869
000931.SZ,09:31:45.480,93145480,3096744,5.05,4600,0,B,0,16:03:40.869
000931.SZ,09:31:45.520,93145520,3097320,5.1,2600,0,S,0,16:03:40.977
000931.SZ,09:31:45.860,93145860,3102149,4.95,500,0,B,0,16:03:40.977
000931.SZ,09:31:46.390,93146390,3109141,5.09,200,0,B,0,16:03:41.120
000931.SZ,09:31:46.820,93146820,3115093,5.09,2900,0,S,0,16:03:41.262
000931.SZ,09:31:47.310,93147310,3120801,5.09,3800,0,S,0,16:03:41.357
000931.SZ,09:31:47.320,93147320,3120889,5.09,2300,0,S,0,16:03:41.357
000931.SZ,09:31:47.560,93147560,3123840,5.09,100,0,S,0,16:03:41.465
000931.SZ,09:31:47.580,93147580,3124048,5.09,500,0,S,0,16:03:41.465
000931.SZ,09:31:47.630,93147630,3124606,5.09,100,0,S,0,16:03:41.465
000931.SZ,09:31:48.290,93148290,3133227,5.08,3400,0,S,0,16:03:41.576
000931.SZ,09:31:48.630,93148630,3139192,5.01,100,0,B,0,16:03:41.684
000931.SZ,09:31:48.790,93148790,3141634,5.09,2200,0,S,0,16:03:41.684
000931.SZ,09:31:48.910,93148910,3143162,5.1,3500,0,S,0,16:03:41.745
000931.SZ,09:31:48.930,93148930,3143301,5.09,200,0,B,0,16:03:41.745
000931.SZ,09:31:49.380,93149380,3149547,5.08,900,0,S,0,16:03:41.835
000931.SZ,09:31:49.390,93149390,3149692,5.09,200,0,S,0,16:03:41.835
000931.SZ,09:31:49.390,93149390,3149753,5.09,200,0,S,0,16:03:41.835
000931.SZ,09:31:49.880,93149880,3156689,5.06,2900,0,S,0,16:03:42.054
000931.SZ,09:31:49.940,93149940,3157420,5.09,800,0,B,0,16:03:42.054
000931.SZ,09:31:50.020,93150020,3158558,5.09,300,0,B,0,16:03:42.054
000931.SZ,09:31:50.100,93150100,3159603,5.09,500,0,B,0,16:03:42.054
000931.SZ,09:31:50.100,93150100,3159604,5.09,500,0,B,0,16:03:42.054
000931.SZ,09:31:50.160,93150160,3160294,5.1,2100,0,S,0,16:03:42.054
000931.SZ,09:31:50.390,93150390,3162735,5.09,300,0,B,0,16:03:42.149
000931.SZ,09:31:50.730,93150730,3166731,5.09,1600,0,S,0,16:03:42.149
000931.SZ,09:31:50.910,93150910,3168760,5.09,200,0,B,0,16:03:42.229
000931.SZ,09:31:50.960,93150960,3169224,5.12,200,0,S,0,16:03:42.229
000931.SZ,09:31:51.120,93151120,3171218,5.09,200,0,B,0,16:03:42.229
000931.SZ,09:31:51.380,93151380,3174465,5.09,200,0,S,0,16:03:42.339
000931.SZ,09:31:51.400,93151400,3174595,5.09,2800,0,S,0,16:03:42.339
000931.SZ,09:31:51.400,93151400,3174668,5.09,400,0,B,0,16:03:42.339
000931.SZ,09:31:51.400,93151400,3174700,5.09,300,0,B,0,16:03:42.339
000931.SZ,09:31:51.410,93151410,3174750,5.09,400,0,S,0,16:03:42.339
000931.SZ,09:31:51.410,93151410,3174819,5.09,3500,0,B,0,16:03:42.339
000931.SZ,09:31:51.610,93151610,3177414,5.1,900,0,S,0,16:03:42.339
000931.SZ,09:31:51.870,93151870,3180865,5.09,100,0,B,0,16:03:42.433
000931.SZ,09:31:52.110,93152110,3183788,5.09,900,0,B,0,16:03:42.559
000931.SZ,09:31:52.160,93152160,3184461,5.09,200,0,B,0,16:03:42.559
000931.SZ,09:31:52.440,93152440,3188731,5.09,200,0,B,0,16:03:42.684
000931.SZ,09:31:52.510,93152510,3189890,5.09,300,0,B,0,16:03:42.684
000931.SZ,09:31:52.670,93152670,3192515,5.14,500,0,S,0,16:03:42.684
000931.SZ,09:31:52.910,93152910,3195460,5.09,1400,0,B,0,16:03:42.684
000931.SZ,09:31:52.920,93152920,3195553,5.09,200,0,S,0,16:03:42.684
000931.SZ,09:31:52.920,93152920,3195557,5.09,200,0,S,0,16:03:42.684
000931.SZ,09:31:53.130,93153130,3198218,5.09,600,0,B,0,16:03:42.802
000931.SZ,09:31:53.200,93153200,3199111,5.09,300,0,B,0,16:03:42.802
000931.SZ,09:31:53.380,93153380,3201832,5.09,200,0,B,0,16:03:42.802
000931.SZ,09:31:53.950,93153950,3209084,5.09,1300,0,B,0,16:03:42.913
000931.SZ,09:31:54.300,93154300,3213937,5.1,1200,0,S,0,16:03:43.022
000931.SZ,09:31:54.610,93154610,3218366,5.1,800,0,S,0,16:03:43.116
000931.SZ,09:31:54.810,93154810,3221084,5.09,300,0,B,0,16:03:43.116
000931.SZ,09:31:54.850,93154850,3221617,5.08,1000,0,S,0,16:03:43.116
000931.SZ,09:31:55.110,93155110,3225249,5.09,900,0,B,0,16:03:43.230
000931.SZ,09:31:55.520,93155520,3232189,5.09,9200,0,S,0,16:03:43.321
000931.SZ,09:31:55.730,93155730,3235508,5.09,500,0,S,0,16:03:43.401
000931.SZ,09:31:55.910,93155910,3237799,5.09,200,0,B,0,16:03:43.401
000931.SZ,09:31:56.080,93156080,3240910,5.09,400,0,B,0,16:03:43.442
000931.SZ,09:31:56.110,93156110,3241383,5.09,300,0,B,0,16:03:43.442
000931.SZ,09:31:56.390,93156390,3244944,5.09,200,0,B,0,16:03:43.442
000931.SZ,09:31:56.620,93156620,3248018,5.09,800,0,B,0,16:03:43.523
000931.SZ,09:31:56.700,93156700,3248925,5.09,1500,0,S,0,16:03:43.523
000931.SZ,09:31:57.120,93157120,3254526,5.09,2000,0,B,0,16:03:43.647
000931.SZ,09:31:57.270,93157270,3256676,5.09,1300,0,S,0,16:03:43.647
000931.SZ,09:31:57.270,93157270,3256680,5.09,1400,0,S,0,16:03:43.647
000931.SZ,09:31:57.270,93157270,3256682,5.09,600,0,S,0,16:03:43.647
000931.SZ,09:31:57.310,93157310,3257220,5.09,100,0,B,0,16:03:43.647
000931.SZ,09:31:57.310,93157310,3257233,5.33,10000,0,S,0,16:03:43.647
000931.SZ,09:31:57.390,93157390,3258713,5.09,2700,0,B,0,16:03:43.647
000931.SZ,09:31:57.400,93157400,3258852,5.09,100,0,S,0,16:03:43.647
000931.SZ,09:31:57.400,93157400,3258862,5.09,100,0,S,0,16:03:43.647
000931.SZ,09:31:57.910,93157910,3266845,5.09,500,0,B,0,16:03:43.814
000931.SZ,09:31:58.380,93158380,3275058,5.09,200,0,B,0,16:03:43.940
000931.SZ,09:31:59.480,93159480,3293159,5.09,200,0,S,0,16:03:44.174
000931.SZ,09:31:59.540,93159540,3293912,5.09,100,0,S,0,16:03:44.174
000931.SZ,09:31:59.780,93159780,3296941,5.08,900,0,S,0,16:03:44.174
000931.SZ,09:32:00.170,93200170,3302818,5.09,100,0,S,0,16:03:44.254
000931.SZ,09:32:00.170,93200170,3302823,5.09,1600,0,S,0,16:03:44.254
000931.SZ,09:32:00.180,93200180,3302862,5.09,600,0,S,0,16:03:44.254
000931.SZ,09:32:00.180,93200180,3302961,5.09,100,0,S,0,16:03:44.254
000931.SZ,09:32:00.190,93200190,3303175,5.09,100,0,S,0,16:03:44.254
000931.SZ,09:32:00.210,93200210,3303464,5.09,1300,0,S,0,16:03:44.254
000931.SZ,09:32:00.230,93200230,3303873,5.09,1300,0,S,0,16:03:44.254
000931.SZ,09:32:00.790,93200790,3315505,5.09,3200,0,B,0,16:03:44.616
000931.SZ,09:32:00.800,93200800,3315888,5.09,1600,0,B,0,16:03:44.616
000931.SZ,09:32:00.810,93200810,3316008,4.9,1000,0,B,0,16:03:44.616
000931.SZ,09:32:00.830,93200830,3316397,5.1,2900,0,S,0,16:03:44.616
000931.SZ,09:32:00.830,93200830,3316400,5.11,2900,0,S,0,16:03:44.616
000931.SZ,09:32:00.830,93200830,3316409,5.12,2900,0,S,0,16:03:44.616
000931.SZ,09:32:01.060,93201060,3320053,5.09,1000,0,B,0,16:03:44.724
000931.SZ,09:32:01.720,93201720,3330833,5.09,2000,0,S,0,16:03:44.890
000931.SZ,09:32:01.730,93201730,3331198,5.09,1300,0,S,0,16:03:44.890
000931.SZ,09:32:01.740,93201740,3331244,5.09,100,0,S,0,16:03:44.890
000931.SZ,09:32:01.830,93201830,3332946,5.09,6600,0,S,0,16:03:44.890
000931.SZ,09:32:02.580,93202580,3343977,5.09,100,0,S,0,16:03:45.047
000931.SZ,09:32:02.700,93202700,3345302,5.09,1800,0,S,0,16:03:45.173
000931.SZ,09:32:02.730,93202730,3345661,5.61,200,0,S,0,16:03:45.173
000931.SZ,09:32:03.520,93203520,3356369,5.09,8100,0,S,0,16:03:45.314
000931.SZ,09:32:03.710,93203710,3359561,5.09,5000,0,S,0,16:03:45.314
000931.SZ,09:32:03.780,93203780,3360906,5.09,800,0,B,0,16:03:45.425
000931.SZ,09:32:03.790,93203790,3361002,5.09,2400,0,B,0,16:03:45.425
000931.SZ,09:32:03.790,93203790,3361124,5.09,800,0,B,0,16:03:45.425
000931.SZ,09:32:04.130,93204130,3366169,5.09,100,0,B,0,16:03:45.425
000931.SZ,09:32:04.130,93204130,3366217,5.09,100,0,B,0,16:03:45.425
000931.SZ,09:32:04.130,93204130,3366237,5.09,100,0,B,0,16:03:45.425
000931.SZ,09:32:04.390,93204390,3370357,5.08,2000,0,B,0,16:03:45.538
000931.SZ,09:32:04.510,93204510,3372674,5.09,1600,0,S,0,16:03:45.538
000931.SZ,09:32:05.160,93205160,3381541,5.09,800,0,S,0,16:03:45.724
000931.SZ,09:32:05.160,93205160,3381548,5.09,400,0,S,0,16:03:45.724
000931.SZ,09:32:05.180,93205180,3381890,5.11,3000,0,S,0,16:03:45.724
000931.SZ,09:32:06.300,93206300,3399310,5.09,2200,0,S,0,16:03:45.968
000931.SZ,09:32:06.300,93206300,3399329,5.09,12300,0,S,0,16:03:45.968
000931.SZ,09:32:06.320,93206320,3399602,5.09,500,0,S,0,16:03:45.968
000931.SZ,09:32:06.470,93206470,3401988,5.09,6200,0,S,0,16:03:46.077
000931.SZ,09:32:06.470,93206470,3402004,5.09,6500,0,S,0,16:03:46.077
000931.SZ,09:32:06.470,93206470,3402026,5.09,2900,0,S,0,16:03:46.077
000931.SZ,09:32:06.470,93206470,3402066,5.09,3400,0,S,0,16:03:46.077
000931.SZ,09:32:06.500,93206500,3402498,5.09,300,0,S,0,16:03:46.077
000931.SZ,09:32:06.500,93206500,3402557,5.09,2600,0,S,0,16:03:46.077
000931.SZ,09:32:06.520,93206520,3403198,5.09,600,0,S,0,16:03:46.077
000931.SZ,09:32:06.790,93206790,3407873,5.09,2400,0,B,0,16:03:46.171
000931.SZ,09:32:06.800,93206800,3408100,5.09,800,0,B,0,16:03:46.171
000931.SZ,09:32:07.640,93207640,3422421,5.09,100,0,S,0,16:03:46.425
000931.SZ,09:32:08.080,93208080,3429561,5.07,9800,0,B,0,16:03:46.534
000931.SZ,09:32:08.390,93208390,3434795,5.08,1000,0,B,0,16:03:46.534
000931.SZ,09:32:09.190,93209190,3444092,4.95,2000,0,B,0,16:03:46.755
000931.SZ,09:32:09.920,93209920,3457553,5.1,2000,0,S,0,16:03:46.904
000931.SZ,09:32:10.080,93210080,3459609,5.09,1000,0,S,0,16:03:46.998
000931.SZ,09:32:10.390,93210390,3464806,5.08,200,0,B,0,16:03:47.138
000931.SZ,09:32:10.550,93210550,3467371,5.1,32000,0,S,0,16:03:47.138
000931.SZ,09:32:10.570,93210570,3467658,5.08,17300,0,B,0,16:03:47.138
000931.SZ,09:32:10.810,93210810,3470662,5.09,1500,0,S,0,16:03:47.138
000931.SZ,09:32:10.910,93210910,3471942,5.09,1900,0,S,0,16:03:47.233
000931.SZ,09:32:11.340,93211340,3477789,4.96,1000,0,B,0,16:03:47.315
000931.SZ,09:32:11.500,93211500,3479781,5.09,700,0,B,0,16:03:47.315
000931.SZ,09:32:11.800,93211800,3483107,5.09,800,0,B,0,16:03:47.407
000931.SZ,09:32:12.080,93212080,3486880,5.15,100,0,S,0,16:03:47.487
000931.SZ,09:32:12.460,93212460,3492319,5.0,5000,0,B,0,16:03:47.612
000931.SZ,09:32:12.460,93212460,3492328,5.09,10000,0,B,0,16:03:47.612
000931.SZ,09:32:12.510,93212510,3493063,5.09,2000,0,S,0,16:03:47.612
000931.SZ,09:32:12.750,93212750,3496123,5.12,100,0,S,0,16:03:47.612
000931.SZ,09:32:12.790,93212790,3496637,5.09,1600,0,B,0,16:03:47.612
000931.SZ,09:32:12.800,93212800,3496695,5.09,1600,0,B,0,16:03:47.612
000931.SZ,09:32:13.550,93213550,3507137,5.08,900,0,B,0,16:03:47.840
000931.SZ,09:32:14.000,93214000,3512094,5.08,400,0,B,0,16:03:47.935
000931.SZ,09:32:14.170,93214170,3514015,5.08,100,0,B,0,16:03:47.935
000931.SZ,09:32:14.170,93214170,3514031,5.08,100,0,B,0,16:03:47.935
000931.SZ,09:32:14.740,93214740,3520569,5.08,100,0,B,0,16:03:48.137
000931.SZ,09:32:14.920,93214920,3522496,5.08,100,0,B,0,16:03:48.137
000931.SZ,09:32:15.310,93215310,3527305,5.09,300,0,B,0,16:03:48.238
000931.SZ,09:32:15.700,93215700,3532822,5.05,3300,0,S,0,16:03:48.405
000931.SZ,09:32:15.790,93215790,3533884,5.09,1600,0,B,0,16:03:48.405
000931.SZ,09:32:15.800,93215800,3534195,5.09,800,0,B,0,16:03:48.405
000931.SZ,09:32:16.090,93216090,3537516,5.09,4600,0,S,0,16:03:48.405
000931.SZ,09:32:16.330,93216330,3540477,5.09,5500,0,S,0,16:03:48.517
000931.SZ,09:32:16.490,93216490,3542797,5.09,300,0,B,0,16:03:48.517
000931.SZ,09:32:16.490,93216490,3542832,5.09,1800,0,B,0,16:03:48.517
000931.SZ,09:32:16.490,93216490,3542867,5.09,300,0,B,0,16:03:48.517
000931.SZ,09:32:16.530,93216530,3543390,5.09,200,0,B,0,16:03:48.517
000931.SZ,09:32:16.730,93216730,3546131,5.09,1000,0,S,0,16:03:48.610
000931.SZ,09:32:19.970,93219970,3588659,5.08,600,0,S,0,16:03:49.243
000931.SZ,09:32:21.350,93221350,3604438,5.2,300,0,S,0,16:03:49.587
000931.SZ,09:32:23.170,93223170,3626629,5.09,2900,0,S,0,16:03:49.959
000931.SZ,09:32:23.190,93223190,3626976,5.09,16100,0,S,0,16:03:49.959
000931.SZ,09:32:23.190,93223190,3626982,5.09,12100,0,S,0,16:03:49.959
000931.SZ,09:32:23.190,93223190,3626987,5.09,12600,0,S,0,16:03:49.959
000931.SZ,09:32:23.190,93223190,3626988,5.09,1800,0,S,0,16:03:49.959
000931.SZ,09:32:23.200,93223200,3627000,5.09,200,0,S,0,16:03:49.959
000931.SZ,09:32:23.200,93223200,3627016,5.09,200,0,S,0,16:03:49.959
000931.SZ,09:32:23.210,93223210,3627179,5.09,200,0,S,0,16:03:49.959
000931.SZ,09:32:24.510,93224510,3641487,5.09,1400,0,S,0,16:03:50.208
000931.SZ,09:32:24.570,93224570,3642113,5.09,400,0,S,0,16:03:50.208
000931.SZ,09:32:24.690,93224690,3644212,5.09,500,0,S,0,16:03:50.272
000931.SZ,09:32:24.800,93224800,3645485,5.09,1700,0,B,0,16:03:50.272
000931.SZ,09:32:24.920,93224920,3647032,5.09,1100,0,S,0,16:03:50.381
000931.SZ,09:32:25.760,93225760,3657523,5.08,15000,0,B,0,16:03:50.555
000931.SZ,09:32:25.850,93225850,3658455,5.09,600,0,B,0,16:03:50.555
000931.SZ,09:32:26.570,93226570,3665809,4.9,1000,0,B,0,16:03:50.700
000931.SZ,09:32:27.010,93227010,3670282,5.08,1800,0,B,0,16:03:50.821
000931.SZ,09:32:28.230,93228230,3685270,5.05,68600,0,B,0,16:03:51.051
000931.SZ,09:32:29.280,93229280,3697426,5.09,2000,0,B,0,16:03:51.222
000931.SZ,09:32:29.310,93229310,3697949,5.09,900,0,B,0,16:03:51.222
000931.SZ,09:32:30.090,93230090,3706268,5.09,2300,0,B,0,16:03:51.427
000931.SZ,09:32:30.120,93230120,3706526,5.09,200,0,B,0,16:03:51.427
000931.SZ,09:32:30.140,93230140,3706934,5.09,600,0,B,0,16:03:51.427
000931.SZ,09:32:30.140,93230140,3706941,5.09,700,0,B,0,16:03:51.427
000931.SZ,09:32:30.150,93230150,3706945,5.09,300,0,B,0,16:03:51.427
000931.SZ,09:32:30.170,93230170,3707195,5.09,200,0,B,0,16:03:51.427
000931.SZ,09:32:30.180,93230180,3707456,5.09,200,0,B,0,16:03:51.427
000931.SZ,09:32:30.180,93230180,3707462,5.09,200,0,B,0,16:03:51.427
000931.SZ,09:32:30.180,93230180,3707479,5.09,300,0,B,0,16:03:51.427
000931.SZ,09:32:30.200,93230200,3707634,5.09,100,0,B,0,16:03:51.427
000931.SZ,09:32:30.200,93230200,3707636,5.09,400,0,B,0,16:03:51.427
000931.SZ,09:32:30.210,93230210,3707768,5.09,100,0,B,0,16:03:51.427
000931.SZ,09:32:30.230,93230230,3707978,5.09,400,0,B,0,16:03:51.427
000931.SZ,09:32:30.360,93230360,3709756,5.09,100,0,B,0,16:03:51.524
000931.SZ,09:32:30.360,93230360,3709758,5.09,100,0,B,0,16:03:51.524
000931.SZ,09:32:30.370,93230370,3710037,5.08,100,0,B,0,16:03:51.524
000931.SZ,09:32:30.370,93230370,3710067,5.08,100,0,B,0,16:03:51.524
000931.SZ,09:32:30.890,93230890,3716228,5.09,100,0,B,0,16:03:51.651
000931.SZ,09:32:30.930,93230930,3716772,5.09,300,0,B,0,16:03:51.651
000931.SZ,09:32:31.000,93231000,3717393,5.09,1100,0,B,0,16:03:51.651
000931.SZ,09:32:31.010,93231010,3717595,5.08,200,0,B,0,16:03:51.651
000931.SZ,09:32:31.090,93231090,3718483,5.09,1000,0,B,0,16:03:51.651
000931.SZ,09:32:31.400,93231400,3722505,5.09,200,0,B,0,16:03:51.728
000931.SZ,09:32:31.400,93231400,3722540,5.09,100,0,B,0,16:03:51.728
000931.SZ,09:32:31.400,93231400,3722621,5.09,2000,0,B,0,16:03:51.728
000931.SZ,09:32:31.410,93231410,3722711,5.09,1000,0,B,0,16:03:51.728
000931.SZ,09:32:31.410,93231410,3722784,5.09,1500,0,B,0,16:03:51.728
000931.SZ,09:32:31.420,93231420,3722855,5.11,39700,0,B,0,16:03:51.728
000931.SZ,09:32:31.420,93231420,3722980,5.09,2200,0,B,0,16:03:51.728
000931.SZ,09:32:31.420,93231420,3722982,5.09,7000,0,B,0,16:03:51.728
000931.SZ,09:32:31.420,93231420,3722988,5.09,300,0,B,0,16:03:51.728
000931.SZ,09:32:31.420,93231420,3722992,5.09,1600,0,B,0,16:03:51.728
000931.SZ,09:32:31.420,93231420,3723003,5.09,1800,0,B,0,16:03:51.728
000931.SZ,09:32:31.420,93231420,3723011,5.09,61300,0,B,0,16:03:51.728
000931.SZ,09:32:31.420,93231420,3723023,5.09,1700,0,B,0,16:03:51.728
000931.SZ,09:32:31.430,93231430,3723146,5.09,1300,0,B,0,16:03:51.728
000931.SZ,09:32:31.430,93231430,3723168,5.09,13600,0,B,0,16:03:51.728
000931.SZ,09:32:31.430,93231430,3723177,5.09,9700,0,B,0,16:03:51.728
000931.SZ,09:32:31.430,93231430,3723178,5.09,6500,0,B,0,16:03:51.728
000931.SZ,09:32:31.430,93231430,3723183,5.09,3100,0,B,0,16:03:51.728
000931.SZ,09:32:31.440,93231440,3723216,5.1,1400,0,B,0,16:03:51.728
000931.SZ,09:32:31.440,93231440,3723218,5.1,1200,0,B,0,16:03:51.728
000931.SZ,09:32:31.440,93231440,3723221,5.1,1700,0,B,0,16:03:51.728
000931.SZ,09:32:31.440,93231440,3723243,5.1,1200,0,B,0,16:03:51.728
000931.SZ,09:32:31.440,93231440,3723246,5.1,1200,0,B,0,16:03:51.728
000931.SZ,09:32:31.440,93231440,3723254,5.1,4200,0,B,0,16:03:51.728
000931.SZ,09:32:31.440,93231440,3723260,5.1,2500,0,B,0,16:03:51.728
000931.SZ,09:32:31.440,93231440,3723262,5.1,1300,0,B,0,16:03:51.728
000931.SZ,09:32:31.440,93231440,3723269,5.09,1300,0,B,0,16:03:51.728
000931.SZ,09:32:31.440,93231440,3723314,5.1,11500,0,B,0,16:03:51.728
000931.SZ,09:32:31.440,93231440,3723383,5.1,4500,0,B,0,16:03:51.728
000931.SZ,09:32:31.590,93231590,3725904,5.09,1000,0,B,0,16:03:51.807
000931.SZ,09:32:31.600,93231600,3726043,5.08,500,0,B,0,16:03:51.807
000931.SZ,09:32:31.870,93231870,3729518,5.09,1000,0,B,0,16:03:51.910
000931.SZ,09:32:31.880,93231880,3729625,5.09,900,0,B,0,16:03:51.910
000931.SZ,09:32:32.080,93232080,3732147,5.1,300,0,B,0,16:03:51.910
000931.SZ,09:32:32.080,93232080,3732166,5.1,400,0,B,0,16:03:51.910
000931.SZ,09:32:32.520,93232520,3736878,5.09,1000,0,B,0,16:03:52.018
000931.SZ,09:32:32.520,93232520,3736882,5.09,100,0,B,0,16:03:52.018
000931.SZ,09:32:32.520,93232520,3736884,5.09,700,0,B,0,16:03:52.018
000931.SZ,09:32:32.530,93232530,3736972,5.1,100,0,B,0,16:03:52.018
000931.SZ,09:32:32.530,93232530,3737010,5.1,100,0,B,0,16:03:52.018
000931.SZ,09:32:32.630,93232630,3738090,5.09,5000,0,B,0,16:03:52.018
000931.SZ,09:32:33.240,93233240,3744242,5.12,800,0,S,0,16:03:52.112
000931.SZ,09:32:33.240,93233240,3744256,5.1,1200,0,B,0,16:03:52.112
000931.SZ,09:32:33.240,93233240,3744264,5.1,400,0,B,0,16:03:52.112
000931.SZ,09:32:33.420,93233420,3746312,0.0,300,U,B,0,16:03:52.112
000931.SZ,09:32:33.880,93233880,3751617,5.1,1100,0,B,0,16:03:52.301
000931.SZ,09:32:33.880,93233880,3751620,5.1,1000,0,B,0,16:03:52.301
000931.SZ,09:32:34.380,93234380,3757382,4.96,500,0,B,0,16:03:52.410
000931.SZ,09:32:35.520,93235520,3770197,5.09,6500,0,S,0,16:03:52.604
000931.SZ,09:32:35.540,93235540,3770349,5.1,700,0,S,0,16:03:52.604
000931.SZ,09:32:35.540,93235540,3770372,5.1,2300,0,S,0,16:03:52.604
000931.SZ,09:32:35.540,93235540,3770373,5.1,5900,0,S,0,16:03:52.604
000931.SZ,09:32:35.550,93235550,3770433,5.1,200,0,S,0,16:03:52.604
000931.SZ,09:32:36.200,93236200,3777322,5.1,300,0,B,0,16:03:52.760
000931.SZ,09:32:36.260,93236260,3778189,5.09,400,0,B,0,16:03:52.760
000931.SZ,09:32:36.340,93236340,3779061,5.1,1000,0,S,0,16:03:52.760
000931.SZ,09:32:36.510,93236510,3781867,5.1,3800,0,S,0,16:03:52.851
000931.SZ,09:32:36.610,93236610,3783560,5.09,1700,0,S,0,16:03:52.851
000931.SZ,09:32:36.810,93236810,3785808,5.1,100,0,B,0,16:03:52.987
000931.SZ,09:32:36.810,93236810,3785813,5.1,300,0,B,0,16:03:52.987
000931.SZ,09:32:36.860,93236860,3786369,5.1,100,0,B,0,16:03:52.987
000931.SZ,09:32:37.160,93237160,3789647,5.09,2100,0,S,0,16:03:52.987
000931.SZ,09:32:37.190,93237190,3790117,5.1,200,0,S,0,16:03:52.987
000931.SZ,09:32:38.400,93238400,3804219,5.09,800,0,B,0,16:03:53.269
000931.SZ,09:32:38.400,93238400,3804293,5.09,2400,0,B,0,16:03:53.269
000931.SZ,09:32:38.450,93238450,3804855,5.09,2000,0,B,0,16:03:53.269
000931.SZ,09:32:38.990,93238990,3810001,5.09,800,0,B,0,16:03:53.412
000931.SZ,09:32:39.250,93239250,3813126,5.1,900,0,B,0,16:03:53.412
000931.SZ,09:32:39.370,93239370,3814516,5.05,5000,0,B,0,16:03:53.412
000931.SZ,09:32:39.480,93239480,3816155,5.1,1900,0,S,0,16:03:53.412
000931.SZ,09:32:39.760,93239760,3819506,5.5,2000,0,S,0,16:03:53.491
000931.SZ,09:32:39.790,93239790,3819944,5.09,800,0,B,0,16:03:53.491
000931.SZ,09:32:39.820,93239820,3820255,5.1,3800,0,B,0,16:03:53.491
000931.SZ,09:32:39.830,93239830,3820347,5.1,11100,0,S,0,16:03:53.491
000931.SZ,09:32:40.010,93240010,3822433,5.1,1000,0,S,0,16:03:53.602
000931.SZ,09:32:40.060,93240060,3822914,5.11,1000,0,S,0,16:03:53.602
000931.SZ,09:32:40.060,93240060,3822928,5.12,900,0,S,0,16:03:53.602
000931.SZ,09:32:40.390,93240390,3827724,5.09,800,0,B,0,16:03:53.668
000931.SZ,09:32:40.790,93240790,3832977,5.09,5100,0,S,0,16:03:53.668
000931.SZ,09:32:40.800,93240800,3833105,5.1,54600,0,S,0,16:03:53.668
000931.SZ,09:32:40.860,93240860,3833618,5.09,100,0,S,0,16:03:53.716
000931.SZ,09:32:40.960,93240960,3834470,0.0,300,U,B,0,16:03:53.716
000931.SZ,09:32:42.520,93242520,3852472,5.09,14700,0,S,0,16:03:53.881
000931.SZ,09:32:42.530,93242530,3852570,5.1,7600,0,S,0,16:03:53.881
000931.SZ,09:32:42.530,93242530,3852588,5.1,100,0,S,0,16:03:53.881
000931.SZ,09:32:42.700,93242700,3854450,4.89,100,0,B,0,16:03:53.881
000931.SZ,09:32:42.790,93242790,3855709,5.09,3600,0,S,0,16:03:53.881
000931.SZ,09:32:42.920,93242920,3857094,5.09,3500,0,S,0,16:03:53.881
000931.SZ,09:32:42.990,93242990,3857890,5.09,1300,0,B,0,16:03:54.000
000931.SZ,09:32:43.730,93243730,3866827,4.8,1000,0,B,0,16:03:54.108
000931.SZ,09:32:45.050,93245050,3881240,5.1,700,0,S,0,16:03:54.299
000931.SZ,09:32:45.320,93245320,3884750,5.09,100,0,B,0,16:03:54.361
000931.SZ,09:32:45.750,93245750,3890049,5.05,4800,0,S,0,16:03:54.456
000931.SZ,09:32:45.990,93245990,3892543,5.09,1000,0,B,0,16:03:54.597
000931.SZ,09:32:45.990,93245990,3892592,5.09,300,0,B,0,16:03:54.597
000931.SZ,09:32:46.260,93246260,3895942,5.09,400,0,B,0,16:03:54.597
000931.SZ,09:32:46.260,93246260,3895960,5.09,300,0,B,0,16:03:54.597
000931.SZ,09:32:46.280,93246280,3896137,5.1,300,0,S,0,16:03:54.597
000931.SZ,09:32:46.460,93246460,3898681,5.09,1100,0,B,0,16:03:54.708
000931.SZ,09:32:46.470,93246470,3898813,5.1,73200,0,S,0,16:03:54.708
000931.SZ,09:32:46.480,93246480,3898973,5.09,100,0,S,0,16:03:54.708
000931.SZ,09:32:48.220,93248220,3918638,5.09,500,0,S,0,16:03:54.985
000931.SZ,09:32:48.220,93248220,3918640,5.09,100,0,S,0,16:03:54.985
000931.SZ,09:32:48.260,93248260,3919049,5.09,200,0,S,0,16:03:54.985
000931.SZ,09:32:48.260,93248260,3919100,5.09,200,0,S,0,16:03:54.985
000931.SZ,09:32:48.260,93248260,3919118,5.09,200,0,S,0,16:03:54.985
000931.SZ,09:32:48.270,93248270,3919137,5.09,4900,0,S,0,16:03:54.985
000931.SZ,09:32:48.300,93248300,3919544,5.1,4200,0,S,0,16:03:54.985
000931.SZ,09:32:48.330,93248330,3919848,5.09,200,0,S,0,16:03:54.985
000931.SZ,09:32:48.340,93248340,3919961,5.1,3300,0,S,0,16:03:54.985
000931.SZ,09:32:48.420,93248420,3920766,5.1,2100,0,S,0,16:03:54.985
000931.SZ,09:32:48.420,93248420,3920807,5.1,2300,0,S,0,16:03:54.985
000931.SZ,09:32:48.420,93248420,3920842,5.1,1100,0,S,0,16:03:54.985
000931.SZ,09:32:48.480,93248480,3921794,5.14,5000,0,S,0,16:03:55.092
000931.SZ,09:32:49.460,93249460,3934503,5.09,1000,0,B,0,16:03:55.218
000931.SZ,09:32:49.940,93249940,3941758,5.0,1000,0,B,0,16:03:55.378
000931.SZ,09:32:51.050,93251050,3957393,5.05,1400,0,B,0,16:03:55.673
000931.SZ,09:32:51.100,93251100,3958128,5.09,100,0,S,0,16:03:55.673
000931.SZ,09:32:51.190,93251190,3959634,5.09,100,0,S,0,16:03:55.673
000931.SZ,09:32:51.250,93251250,3960733,5.09,100,0,S,0,16:03:55.673
000931.SZ,09:32:51.250,93251250,3960859,5.11,800,0,S,0,16:03:55.673
000931.SZ,09:32:51.360,93251360,3962545,5.05,3100,0,S,0,16:03:55.673
000931.SZ,09:32:51.950,93251950,3971495,5.08,3600,0,B,0,16:03:55.909
000931.SZ,09:32:52.000,93252000,3972058,5.09,1100,0,B,0,16:03:55.909
000931.SZ,09:32:52.010,93252010,3972252,5.1,73300,0,S,0,16:03:55.909
000931.SZ,09:32:52.010,93252010,3972266,5.1,100,0,S,0,16:03:55.909
000931.SZ,09:32:52.150,93252150,3974338,5.09,600,0,S,0,16:03:55.909
000931.SZ,09:32:52.220,93252220,3975509,5.1,100,0,S,0,16:03:55.909
000931.SZ,09:32:52.220,93252220,3975523,5.1,1200,0,S,0,16:03:55.909
000931.SZ,09:32:52.510,93252510,3980791,5.09,3400,0,S,0,16:03:55.982
000931.SZ,09:32:52.540,93252540,3981250,5.09,500,0,S,0,16:03:55.982
000931.SZ,09:32:52.560,93252560,3981592,5.1,10000,0,S,0,16:03:55.982
000931.SZ,09:32:52.720,93252720,3983758,5.1,400,0,S,0,16:03:56.078
000931.SZ,09:32:52.840,93252840,3985482,5.08,200,0,B,0,16:03:56.078
000931.SZ,09:32:53.540,93253540,3994410,5.11,2500,0,S,0,16:03:56.294
000931.SZ,09:32:53.580,93253580,3994874,5.08,100,0,B,0,16:03:56.294
000931.SZ,09:32:54.170,93254170,4001579,5.09,100,0,S,0,16:03:56.422
000931.SZ,09:32:54.270,93254270,4002911,5.09,1100,0,S,0,16:03:56.422
000931.SZ,09:32:54.270,93254270,4002914,5.09,400,0,S,0,16:03:56.422
000931.SZ,09:32:54.280,93254280,4002929,5.09,2200,0,S,0,16:03:56.422
000931.SZ,09:32:54.300,93254300,4003139,5.09,16100,0,S,0,16:03:56.422
000931.SZ,09:32:54.300,93254300,4003140,5.09,7200,0,S,0,16:03:56.422
000931.SZ,09:32:54.300,93254300,4003142,5.09,2300,0,S,0,16:03:56.422
000931.SZ,09:32:54.430,93254430,4004826,5.08,500,0,B,0,16:03:56.422
000931.SZ,09:32:54.560,93254560,4007044,5.1,5800,0,S,0,16:03:56.516
000931.SZ,09:32:54.800,93254800,4010298,5.07,100,0,B,0,16:03:56.516
000931.SZ,09:32:54.900,93254900,4011305,5.1,800,0,S,0,16:03:56.516
000931.SZ,09:32:54.920,93254920,4011514,5.1,400,0,S,0,16:03:56.516
000931.SZ,09:32:55.170,93255170,4014628,5.09,3400,0,S,0,16:03:56.594
000931.SZ,09:32:55.330,93255330,4016799,5.08,100,0,B,0,16:03:56.688
000931.SZ,09:32:55.390,93255390,4017856,5.1,5700,0,S,0,16:03:56.688
000931.SZ,09:32:55.420,93255420,4018426,5.08,5500,0,S,0,16:03:56.688
000931.SZ,09:32:55.420,93255420,4018445,5.08,14000,0,S,0,16:03:56.688
000931.SZ,09:32:55.420,93255420,4018448,5.08,2800,0,S,0,16:03:56.688
000931.SZ,09:32:55.420,93255420,4018477,5.08,3300,0,S,0,16:03:56.688
000931.SZ,09:32:55.430,93255430,4018624,5.09,73300,0,S,0,16:03:56.688
000931.SZ,09:32:55.460,93255460,4019027,5.08,6600,0,S,0,16:03:56.688
000931.SZ,09:32:55.460,93255460,4019101,5.08,2300,0,S,0,16:03:56.688
000931.SZ,09:32:55.470,93255470,4019467,5.08,20100,0,S,0,16:03:56.688
000931.SZ,09:32:55.470,93255470,4019729,5.08,100,0,S,0,16:03:56.688
000931.SZ,09:32:55.760,93255760,4023965,5.09,800,0,B,0,16:03:56.781
000931.SZ,09:32:55.790,93255790,4024319,5.09,1000,0,S,0,16:03:56.781
000931.SZ,09:32:55.800,93255800,4024363,5.09,5600,0,B,0,16:03:56.781
000931.SZ,09:32:55.800,93255800,4024421,5.09,100,0,S,0,16:03:56.781
000931.SZ,09:32:55.800,93255800,4024426,5.1,500,0,S,0,16:03:56.781
000931.SZ,09:32:55.800,93255800,4024427,5.09,14400,0,B,0,16:03:56.781
000931.SZ,09:32:55.820,93255820,4024728,5.11,900,0,S,0,16:03:56.781
000931.SZ,09:32:56.090,93256090,4027562,5.1,400,0,S,0,16:03:56.860
000931.SZ,09:32:56.110,93256110,4027660,5.08,2200,0,B,0,16:03:56.860
000931.SZ,09:32:56.120,93256120,4027814,5.08,400,0,S,0,16:03:56.860
000931.SZ,09:32:56.120,93256120,4027825,5.09,100,0,B,0,16:03:56.860
000931.SZ,09:32:56.160,93256160,4028288,5.09,5300,0,S,0,16:03:56.860
000931.SZ,09:32:56.510,93256510,4032459,5.09,3500,0,S,0,16:03:56.965
000931.SZ,09:32:57.170,93257170,4039445,5.07,100,0,B,0,16:03:56.965
000931.SZ,09:32:57.190,93257190,4039733,5.09,200,0,S,0,16:03:56.965
000931.SZ,09:32:57.200,93257200,4039851,5.1,300,0,S,0,16:03:56.965
000931.SZ,09:32:57.240,93257240,4040455,5.07,300,0,B,0,16:03:57.075
000931.SZ,09:32:57.380,93257380,4041894,5.09,300,0,S,0,16:03:57.075
000931.SZ,09:32:57.390,93257390,4042005,5.05,7300,0,S,0,16:03:57.075
000931.SZ,09:32:57.470,93257470,4042991,5.09,2300,0,S,0,16:03:57.075
000931.SZ,09:32:57.740,93257740,4046664,5.04,2000,0,B,0,16:03:57.184
000931.SZ,09:32:57.790,93257790,4047278,5.09,800,0,B,0,16:03:57.184
000931.SZ,09:32:57.800,93257800,4047305,5.09,800,0,B,0,16:03:57.184
000931.SZ,09:32:57.810,93257810,4047440,5.08,1600,0,B,0,16:03:57.184
000931.SZ,09:32:57.840,93257840,4047779,5.09,500,0,S,0,16:03:57.184
000931.SZ,09:32:57.940,93257940,4048856,5.07,1600,0,B,0,16:03:57.184
000931.SZ,09:32:58.000,93258000,4049493,5.1,200,0,S,0,16:03:57.184
000931.SZ,09:32:58.130,93258130,4050815,5.07,100,0,B,0,16:03:57.184
000931.SZ,09:32:58.150,93258150,4051040,5.09,11000,0,S,0,16:03:57.184
000931.SZ,09:32:58.380,93258380,4054185,5.07,400,0,B,0,16:03:57.281
000931.SZ,09:32:58.680,93258680,4057650,5.1,400,0,S,0,16:03:57.394
000931.SZ,09:32:58.830,93258830,4059024,5.08,100,0,S,0,16:03:57.394
000931.SZ,09:32:58.890,93258890,4059646,5.09,300,0,S,0,16:03:57.394
000931.SZ,09:32:59.100,93259100,4061678,5.08,100,0,B,0,16:03:57.394
000931.SZ,09:32:59.630,93259630,4066630,5.1,100,0,S,0,16:03:57.504
000931.SZ,09:33:00.170,93300170,4072626,5.08,100,0,B,0,16:03:57.600
000931.SZ,09:33:00.170,93300170,4072633,5.08,100,0,B,0,16:03:57.600
000931.SZ,09:33:00.170,93300170,4072640,5.09,500,0,S,0,16:03:57.600
000931.SZ,09:33:00.170,93300170,4072644,5.08,200,0,B,0,16:03:57.600
000931.SZ,09:33:00.180,93300180,4072671,5.09,800,0,S,0,16:03:57.600
000931.SZ,09:33:00.300,93300300,4074284,5.09,3300,0,S,0,16:03:57.677
000931.SZ,09:33:00.360,93300360,4074937,5.09,2900,0,S,0,16:03:57.677
000931.SZ,09:33:00.360,93300360,4074950,5.09,3100,0,S,0,16:03:57.677
000931.SZ,09:33:00.360,93300360,4074961,5.09,1400,0,S,0,16:03:57.677
000931.SZ,09:33:00.470,93300470,4076347,5.09,100,0,S,0,16:03:57.677
000931.SZ,09:33:01.000,93301000,4082998,5.04,75000,0,B,0,16:03:57.914
000931.SZ,09:33:01.830,93301830,4094173,5.09,300,0,S,0,16:03:58.142
000931.SZ,09:33:03.380,93303380,4111433,5.1,200,0,S,0,16:03:58.439
000931.SZ,09:33:04.130,93304130,4121834,5.1,100,0,S,0,16:03:58.691
000931.SZ,09:33:04.220,93304220,4122851,5.09,300,0,S,0,16:03:58.691
000931.SZ,09:33:04.950,93304950,4133284,5.1,10000,0,S,0,16:03:58.863
000931.SZ,09:33:05.630,93305630,4142299,5.36,3000,0,S,0,16:03:58.968
000931.SZ,09:33:06.090,93306090,4149138,5.1,300,0,S,0,16:03:59.079
000931.SZ,09:33:06.150,93306150,4150025,5.08,200,0,S,0,16:03:59.079
000931.SZ,09:33:06.170,93306170,4150927,5.09,300,0,S,0,16:03:59.079
000931.SZ,09:33:06.230,93306230,4152302,5.08,200,0,B,0,16:03:59.172
000931.SZ,09:33:06.400,93306400,4155481,5.09,700,0,S,0,16:03:59.172
000931.SZ,09:33:06.410,93306410,4155833,5.09,300,0,S,0,16:03:59.172
000931.SZ,09:33:07.020,93307020,4165069,5.1,400,0,S,0,16:03:59.362
000931.SZ,09:33:07.020,93307020,4165074,5.09,800,0,S,0,16:03:59.362
000931.SZ,09:33:07.100,93307100,4166178,5.09,600,0,S,0,16:03:59.362
000931.SZ,09:33:07.250,93307250,4168175,5.09,300,0,S,0,16:03:59.362
000931.SZ,09:33:07.510,93307510,4171646,5.08,5500,0,S,0,16:03:59.425
000931.SZ,09:33:07.550,93307550,4172264,5.09,1000,0,S,0,16:03:59.425
000931.SZ,09:33:08.050,93308050,4178184,5.08,900,0,S,0,16:03:59.646
000931.SZ,09:33:08.070,93308070,4178327,5.08,600,0,S,0,16:03:59.646
000931.SZ,09:33:08.130,93308130,4178975,5.08,8100,0,S,0,16:03:59.646
000931.SZ,09:33:08.420,93308420,4182157,5.08,600,0,S,0,16:03:59.646
000931.SZ,09:33:09.040,93309040,4188919,5.09,6000,0,S,0,16:03:59.740
000931.SZ,09:33:09.050,93309050,4188963,5.1,3000,0,S,0,16:03:59.740
000931.SZ,09:33:09.130,93309130,4189897,5.08,200,0,S,0,16:03:59.740
000931.SZ,09:33:09.300,93309300,4192323,5.09,700,0,S,0,16:03:59.847
000931.SZ,09:33:09.480,93309480,4195015,5.08,600,0,S,0,16:03:59.847
000931.SZ,09:33:09.480,93309480,4195018,5.08,1800,0,S,0,16:03:59.847
000931.SZ,09:33:09.510,93309510,4195428,5.07,10200,0,S,0,16:03:59.847
000931.SZ,09:33:11.230,93311230,4217230,5.07,100,0,S,0,16:04:00.251
000931.SZ,09:33:11.320,93311320,4218425,5.07,100,0,S,0,16:04:00.251
000931.SZ,09:33:11.470,93311470,4219999,5.08,700,0,S,0,16:04:00.361
000931.SZ,09:33:11.470,93311470,4220003,5.09,600,0,S,0,16:04:00.361
000931.SZ,09:33:11.480,93311480,4220127,5.1,600,0,S,0,16:04:00.361
000931.SZ,09:33:11.550,93311550,4220898,5.09,700,0,S,0,16:04:00.361
000931.SZ,09:33:11.850,93311850,4224030,5.08,1000,0,S,0,16:04:00.361
000931.SZ,09:33:12.130,93312130,4227108,5.08,1200,0,S,0,16:04:00.455
000931.SZ,09:33:12.200,93312200,4228064,5.08,500,0,S,0,16:04:00.455
000931.SZ,09:33:12.510,93312510,4232405,5.06,3500,0,S,0,16:04:00.565
000931.SZ,09:33:12.670,93312670,4234437,5.07,400,0,B,0,16:04:00.565
000931.SZ,09:33:12.960,93312960,4237481,5.1,1900,0,S,0,16:04:00.691
000931.SZ,09:33:13.520,93313520,4243999,5.07,100,0,S,0,16:04:00.802
000931.SZ,09:33:13.530,93313530,4244141,5.08,3700,0,S,0,16:04:00.802
000931.SZ,09:33:13.590,93313590,4244740,5.09,300,0,S,0,16:04:00.802
000931.SZ,09:33:14.020,93314020,4249144,5.53,6000,0,S,0,16:04:00.880
000931.SZ,09:33:14.120,93314120,4250165,5.08,10000,0,S,0,16:04:00.880
000931.SZ,09:33:14.220,93314220,4251117,5.08,400,0,S,0,16:04:00.880
000931.SZ,09:33:14.240,93314240,4251484,5.1,200,0,S,0,16:04:00.880
000931.SZ,09:33:14.820,93314820,4257334,5.08,100,0,S,0,16:04:00.984
000931.SZ,09:33:15.120,93315120,4260319,5.09,500,0,S,0,16:04:00.984
000931.SZ,09:33:15.120,93315120,4260322,5.1,1500,0,S,0,16:04:00.984
000931.SZ,09:33:15.150,93315150,4260582,5.07,100,0,S,0,16:04:00.984
000931.SZ,09:33:15.240,93315240,4261629,5.02,1000,0,B,0,16:04:01.077
000931.SZ,09:33:15.820,93315820,4269868,5.07,8200,0,S,0,16:04:01.203
000931.SZ,09:33:15.870,93315870,4270395,5.08,300,0,S,0,16:04:01.203
000931.SZ,09:33:15.940,93315940,4271130,5.08,300,0,S,0,16:04:01.203
000931.SZ,09:33:16.330,93316330,4275280,5.08,400,0,S,0,16:04:01.327
000931.SZ,09:33:17.460,93317460,4288169,4.95,10000,0,B,0,16:04:01.502
000931.SZ,09:33:17.560,93317560,4289101,5.07,100,0,S,0,16:04:01.502
000931.SZ,09:33:17.950,93317950,4293802,5.08,100,0,S,0,16:04:01.579
000931.SZ,09:33:18.860,93318860,4305685,5.04,3100,0,S,0,16:04:01.786
000931.SZ,09:33:19.080,93319080,4308278,5.07,1500,0,B,0,16:04:01.894
000931.SZ,09:33:19.240,93319240,4310259,5.08,500,0,S,0,16:04:01.894
000931.SZ,09:33:19.980,93319980,4318469,5.07,600,0,S,0,16:04:02.094
000931.SZ,09:33:20.160,93320160,4320403,5.24,4800,0,S,0,16:04:02.094
000931.SZ,09:33:20.230,93320230,4321097,5.09,2000,0,S,0,16:04:02.094
000931.SZ,09:33:20.270,93320270,4321431,5.06,500,0,B,0,16:04:02.094
000931.SZ,09:33:20.430,93320430,4322885,5.09,300,0,S,0,16:04:02.185
000931.SZ,09:33:20.570,93320570,4324784,5.09,300,0,S,0,16:04:02.185
000931.SZ,09:33:21.330,93321330,4332866,5.08,1100,0,S,0,16:04:02.282
000931.SZ,09:33:21.510,93321510,4335415,5.06,3500,0,S,0,16:04:02.404
000931.SZ,09:33:21.860,93321860,4339270,5.09,2500,0,S,0,16:04:02.404
000931.SZ,09:33:22.140,93322140,4342647,5.07,1100,0,B,0,16:04:02.516
000931.SZ,09:33:23.510,93323510,4358449,5.07,11400,0,S,0,16:04:02.752
000931.SZ,09:33:23.510,93323510,4358477,5.08,8200,0,S,0,16:04:02.752
000931.SZ,09:33:23.630,93323630,4359490,5.07,8100,0,S,0,16:04:02.752
000931.SZ,09:33:23.630,93323630,4359527,5.08,65300,0,S,0,16:04:02.752
000931.SZ,09:33:23.770,93323770,4360763,5.07,100,0,S,0,16:04:02.752
000931.SZ,09:33:24.190,93324190,4364984,5.07,3000,0,S,0,16:04:02.893
000931.SZ,09:33:24.190,93324190,4365032,5.08,100,0,S,0,16:04:02.893
000931.SZ,09:33:24.390,93324390,4368134,5.06,100,0,B,0,16:04:02.893
000931.SZ,09:33:24.430,93324430,4368617,5.08,100,0,S,0,16:04:03.090
000931.SZ,09:33:24.800,93324800,4372630,4.97,2400,0,S,0,16:04:03.090
000931.SZ,09:33:25.350,93325350,4378671,5.09,100,0,S,0,16:04:03.090
000931.SZ,09:33:25.400,93325400,4379311,5.08,500,0,S,0,16:04:03.200
000931.SZ,09:33:25.930,93325930,4384867,5.07,200,0,B,0,16:04:03.279
000931.SZ,09:33:25.940,93325940,4384935,5.07,300,0,B,0,16:04:03.279
000931.SZ,09:33:26.170,93326170,4387186,5.07,1600,0,S,0,16:04:03.279
000931.SZ,09:33:27.040,93327040,4395210,5.09,500,0,S,0,16:04:03.483
000931.SZ,09:33:27.100,93327100,4395836,5.07,1400,0,B,0,16:04:03.483
000931.SZ,09:33:27.290,93327290,4397759,5.08,800,0,S,0,16:04:03.483
000931.SZ,09:33:27.400,93327400,4398839,5.08,700,0,S,0,16:04:03.483
000931.SZ,09:33:27.460,93327460,4399615,5.08,1300,0,S,0,16:04:03.483
000931.SZ,09:33:27.460,93327460,4399647,5.08,1200,0,S,0,16:04:03.483
000931.SZ,09:33:27.470,93327470,4399656,5.08,600,0,S,0,16:04:03.576
000931.SZ,09:33:27.790,93327790,4403019,5.07,2300,0,B,0,16:04:03.576
000931.SZ,09:33:27.840,93327840,4403529,5.07,100,0,S,0,16:04:03.576
000931.SZ,09:33:27.890,93327890,4404037,5.07,100,0,S,0,16:04:03.702
000931.SZ,09:33:28.170,93328170,4407142,5.07,300,0,B,0,16:04:03.702
000931.SZ,09:33:28.280,93328280,4408393,5.07,300,0,S,0,16:04:03.702
000931.SZ,09:33:29.150,93329150,4417482,5.07,4600,0,B,0,16:04:03.921
000931.SZ,09:33:29.180,93329180,4417738,5.07,2800,0,B,0,16:04:03.921
000931.SZ,09:33:29.190,93329190,4417811,5.07,1800,0,B,0,16:04:03.921
000931.SZ,09:33:29.500,93329500,4421065,5.07,3100,0,B,0,16:04:03.921
000931.SZ,09:33:29.670,93329670,4422350,5.07,10000,0,B,0,16:04:04.002
000931.SZ,09:33:29.810,93329810,4423556,5.07,700,0,B,0,16:04:04.002
000931.SZ,09:33:29.920,93329920,4424541,5.1,1000,0,S,0,16:04:04.002
000931.SZ,09:33:30.070,93330070,4426105,5.07,1900,0,B,0,16:04:04.002
000931.SZ,09:33:30.170,93330170,4427340,5.07,1200,0,B,0,16:04:04.059
000931.SZ,09:33:30.780,93330780,4434187,5.12,300,0,S,0,16:04:04.229
000931.SZ,09:33:31.020,93331020,4436228,5.07,1200,0,S,0,16:04:04.229
000931.SZ,09:33:31.110,93331110,4437089,5.07,100,0,S,0,16:04:04.294
000931.SZ,09:33:31.130,93331130,4437244,5.08,100,0,B,0,16:04:04.294
000931.SZ,09:33:31.170,93331170,4437634,5.07,1100,0,B,0,16:04:04.294
000931.SZ,09:33:31.450,93331450,4441194,5.08,300,0,S,0,16:04:04.417
000931.SZ,09:33:32.070,93332070,4447377,5.08,1000,0,S,0,16:04:04.513
000931.SZ,09:33:32.200,93332200,4448914,5.07,1300,0,S,0,16:04:04.513
000931.SZ,09:33:32.350,93332350,4450539,5.07,500,0,B,0,16:04:04.513
000931.SZ,09:33:32.880,93332880,4454957,5.07,1000,0,S,0,16:04:04.623
000931.SZ,09:33:33.350,93333350,4459259,5.1,5000,0,S,0,16:04:04.717
000931.SZ,09:33:33.430,93333430,4460311,5.07,100,0,S,0,16:04:04.717
000931.SZ,09:33:35.530,93335530,4481809,5.07,100,0,S,0,16:04:05.166
000931.SZ,09:33:35.800,93335800,4484043,5.08,1200,0,S,0,16:04:05.166
000931.SZ,09:33:35.800,93335800,4484062,5.08,100,0,S,0,16:04:05.166
000931.SZ,09:33:35.820,93335820,4484286,5.08,700,0,S,0,16:04:05.166
000931.SZ,09:33:35.900,93335900,4484929,5.08,1400,0,S,0,16:04:05.166
000931.SZ,09:33:35.980,93335980,4485518,5.08,300,0,S,0,16:04:05.166
000931.SZ,09:33:36.200,93336200,4487629,5.07,8000,0,S,0,16:04:05.261
000931.SZ,09:33:37.940,93337940,4505488,5.07,600,0,B,0,16:04:05.605
000931.SZ,09:33:38.760,93338760,4512984,5.06,800,0,B,0,16:04:05.700
000931.SZ,09:33:39.140,93339140,4516636,5.15,10000,0,S,0,16:04:05.814
000931.SZ,09:33:39.290,93339290,4518198,5.03,10000,0,B,0,16:04:05.814
000931.SZ,09:33:39.380,93339380,4519382,5.04,2700,0,S,0,16:04:05.920
000931.SZ,09:33:39.500,93339500,4520782,5.08,600,0,S,0,16:04:05.920
000931.SZ,09:33:41.250,93341250,4539094,5.07,900,0,B,0,16:04:06.259
000931.SZ,09:33:41.280,93341280,4539268,5.08,200,0,S,0,16:04:06.259
000931.SZ,09:33:41.280,93341280,4539292,5.07,100,0,S,0,16:04:06.259
000931.SZ,09:33:41.800,93341800,4544113,5.07,1300,0,B,0,16:04:06.352
000931.SZ,09:33:42.230,93342230,4548706,5.07,100,0,S,0,16:04:06.446
000931.SZ,09:33:43.040,93343040,4557584,5.2,18100,0,S,0,16:04:06.558
000931.SZ,09:33:43.700,93343700,4564800,5.05,1000,0,B,0,16:04:06.682
000931.SZ,09:33:43.930,93343930,4566713,5.07,100,0,S,0,16:04:06.812
000931.SZ,09:33:44.910,93344910,4576405,5.08,1100,0,B,0,16:04:06.934
000931.SZ,09:33:45.410,93345410,4581454,5.07,400,0,S,0,16:04:07.029
000931.SZ,09:33:45.930,93345930,4587282,5.19,300,0,S,0,16:04:07.148
000931.SZ,09:33:46.420,93346420,4593774,5.07,100,0,S,0,16:04:07.242
000931.SZ,09:33:46.830,93346830,4599135,5.07,100,0,S,0,16:04:07.383
000931.SZ,09:33:48.570,93348570,4619674,5.15,300,0,S,0,16:04:07.682
000931.SZ,09:33:48.700,93348700,4621067,5.08,1100,0,S,0,16:04:07.682
000931.SZ,09:33:48.850,93348850,4622801,5.08,300,0,S,0,16:04:07.824
000931.SZ,09:33:49.150,93349150,4626120,5.15,300,0,S,0,16:04:07.824
000931.SZ,09:33:49.200,93349200,4626541,5.08,4900,0,S,0,16:04:07.824
000931.SZ,09:33:49.870,93349870,4634126,5.08,4300,0,S,0,16:04:07.935
000931.SZ,09:33:49.880,93349880,4634176,5.09,1900,0,S,0,16:04:07.935
000931.SZ,09:33:49.980,93349980,4635280,5.07,500,0,B,0,16:04:08.060
000931.SZ,09:33:49.990,93349990,4635384,5.09,200,0,S,0,16:04:08.060
000931.SZ,09:33:50.470,93350470,4640071,5.11,5000,0,S,0,16:04:08.060
000931.SZ,09:33:51.060,93351060,4645964,5.08,400,0,S,0,16:04:08.132
000931.SZ,09:33:53.100,93353100,4668987,5.07,100,0,S,0,16:04:08.634
000931.SZ,09:33:53.630,93353630,4673816,5.07,1000,0,B,0,16:04:08.729
000931.SZ,09:33:53.850,93353850,4675915,5.0,2000,0,B,0,16:04:08.729
000931.SZ,09:33:55.520,93355520,4693574,5.07,800,0,S,0,16:04:09.101
000931.SZ,09:33:57.580,93357580,4713085,5.07,1000,0,S,0,16:04:09.411
000931.SZ,09:33:58.430,93358430,4721855,5.04,2900,0,S,0,16:04:09.665
000931.SZ,09:33:58.440,93358440,4721953,5.07,100,0,S,0,16:04:09.665
000931.SZ,09:34:00.690,93400690,4744840,5.07,100,0,S,0,16:04:10.146
000931.SZ,09:34:01.770,93401770,4758146,5.18,900,0,S,0,16:04:10.384
000931.SZ,09:34:03.000,93403000,4770303,5.07,9800,0,B,0,16:04:10.673
000931.SZ,09:34:03.360,93403360,4773936,5.08,600,0,S,0,16:04:10.673
000931.SZ,09:34:03.790,93403790,4778563,5.08,1000,0,S,0,16:04:10.809
000931.SZ,09:34:04.410,93404410,4784798,5.07,100,0,B,0,16:04:10.905
000931.SZ,09:34:04.770,93404770,4788893,5.07,100,0,S,0,16:04:11.028
000931.SZ,09:34:04.950,93404950,4790567,5.06,3000,0,B,0,16:04:11.028
000931.SZ,09:34:05.050,93405050,4791730,5.07,7000,0,B,0,16:04:11.028
000931.SZ,09:34:05.050,93405050,4791743,5.1,100,0,B,0,16:04:11.028
000931.SZ,09:34:05.070,93405070,4792093,5.07,25600,0,B,0,16:04:11.028
000931.SZ,09:34:05.090,93405090,4792256,5.09,100,0,S,0,16:04:11.028
000931.SZ,09:34:05.300,93405300,4794621,5.07,5900,0,B,0,16:04:11.133
000931.SZ,09:34:05.550,93405550,4797062,5.0,1200,0,B,0,16:04:11.133
000931.SZ,09:34:05.930,93405930,4800703,5.08,5400,0,S,0,16:04:11.258
000931.SZ,09:34:05.950,93405950,4800895,5.07,100,0,B,0,16:04:11.258
000931.SZ,09:34:06.920,93406920,4811595,5.07,200,0,B,0,16:04:11.477
000931.SZ,09:34:06.920,93406920,4811603,5.07,200,0,B,0,16:04:11.477
000931.SZ,09:34:06.920,93406920,4811611,5.07,200,0,B,0,16:04:11.477
000931.SZ,09:34:06.950,93406950,4811987,5.08,200,0,B,0,16:04:11.477
000931.SZ,09:34:07.100,93407100,4813431,5.08,300,0,B,0,16:04:11.477
000931.SZ,09:34:07.120,93407120,4813766,5.07,1100,0,B,0,16:04:11.477
000931.SZ,09:34:07.400,93407400,4816696,5.07,2100,0,B,0,16:04:11.477
000931.SZ,09:34:07.400,93407400,4816747,5.07,1100,0,B,0,16:04:11.477
000931.SZ,09:34:07.410,93407410,4816767,5.07,200,0,B,0,16:04:11.477
000931.SZ,09:34:07.630,93407630,4819306,5.07,500,0,B,0,16:04:11.588
000931.SZ,09:34:07.720,93407720,4820291,5.07,100,0,S,0,16:04:11.588
000931.SZ,09:34:07.920,93407920,4822054,5.07,300,0,B,0,16:04:11.588
000931.SZ,09:34:07.920,93407920,4822068,5.07,800,0,B,0,16:04:11.588
000931.SZ,09:34:08.120,93408120,4824093,5.07,500,0,B,0,16:04:11.682
000931.SZ,09:34:08.120,93408120,4824094,5.07,300,0,B,0,16:04:11.682
000931.SZ,09:34:08.160,93408160,4824440,5.08,200,0,S,0,16:04:11.682
000931.SZ,09:34:08.350,93408350,4825986,5.08,500,0,B,0,16:04:11.682
000931.SZ,09:34:08.400,93408400,4826446,5.07,700,0,B,0,16:04:11.682
000931.SZ,09:34:08.500,93408500,4827393,5.08,500,0,B,0,16:04:11.682
000931.SZ,09:34:08.920,93408920,4830776,5.07,700,0,B,0,16:04:11.792
000931.SZ,09:34:09.020,93409020,4831404,5.08,9900,0,B,0,16:04:11.792
000931.SZ,09:34:09.030,93409030,4831488,5.08,600,0,S,0,16:04:11.792
000931.SZ,09:34:10.020,93410020,4842358,5.08,800,0,B,0,16:04:12.058
000931.SZ,09:34:10.120,93410120,4843456,5.08,600,0,B,0,16:04:12.058
000931.SZ,09:34:10.350,93410350,4846518,5.08,500,0,B,0,16:04:12.058
000931.SZ,09:34:10.660,93410660,4850229,5.07,100,0,B,0,16:04:12.179
000931.SZ,09:34:10.660,93410660,4850266,5.07,100,0,B,0,16:04:12.179
000931.SZ,09:34:11.490,93411490,4858334,5.08,600,0,B,0,16:04:12.274
000931.SZ,09:34:11.490,93411490,4858348,5.08,100,0,B,0,16:04:12.274
000931.SZ,09:34:11.500,93411500,4858357,5.08,1000,0,B,0,16:04:12.274
000931.SZ,09:34:11.500,93411500,4858390,5.08,200,0,B,0,16:04:12.274
000931.SZ,09:34:11.510,93411510,4858489,5.08,2400,0,B,0,16:04:12.274
000931.SZ,09:34:11.520,93411520,4858603,5.07,100,0,B,0,16:04:12.274
000931.SZ,09:34:12.150,93412150,4864578,5.08,1000,0,S,0,16:04:12.399
000931.SZ,09:34:12.570,93412570,4869041,5.08,400,0,S,0,16:04:12.555
000931.SZ,09:34:12.580,93412580,4869176,5.09,400,0,S,0,16:04:12.555
000931.SZ,09:34:12.580,93412580,4869181,5.1,400,0,S,0,16:04:12.555
000931.SZ,09:34:12.890,93412890,4872392,5.14,1000,0,S,0,16:04:12.555
000931.SZ,09:34:13.960,93413960,4883685,5.06,100,0,B,0,16:04:12.759
000931.SZ,09:34:14.660,93414660,4890034,5.07,100,0,S,0,16:04:12.855
000931.SZ,09:34:14.670,93414670,4890109,5.07,500,0,B,0,16:04:12.855
000931.SZ,09:34:15.960,93415960,4904716,5.08,400,0,S,0,16:04:13.193
000931.SZ,09:34:16.040,93416040,4905734,5.06,11000,0,B,0,16:04:13.193
000931.SZ,09:34:16.050,93416050,4905854,5.08,800,0,S,0,16:04:13.193
000931.SZ,09:34:16.110,93416110,4906372,5.07,100,0,S,0,16:04:13.193
000931.SZ,09:34:18.230,93418230,4929713,5.07,1400,0,B,0,16:04:13.648
000931.SZ,09:34:18.450,93418450,4931867,5.08,30700,0,B,0,16:04:13.648
000931.SZ,09:34:18.460,93418460,4931985,5.08,500,0,S,0,16:04:13.648
000931.SZ,09:34:18.460,93418460,4932013,5.09,1700,0,B,0,16:04:13.648
000931.SZ,09:34:18.460,93418460,4932083,5.08,500,0,B,0,16:04:13.648
000931.SZ,09:34:18.460,93418460,4932086,5.08,1200,0,B,0,16:04:13.648
000931.SZ,09:34:18.480,93418480,4932238,5.06,1600,0,S,0,16:04:13.648
000931.SZ,09:34:18.490,93418490,4932318,5.08,100,0,B,0,16:04:13.648
000931.SZ,09:34:18.490,93418490,4932369,5.09,200,0,S,0,16:04:13.648
000931.SZ,09:34:19.990,93419990,4947803,5.07,600,0,S,0,16:04:14.025
000931.SZ,09:34:20.100,93420100,4948880,5.08,1000,0,B,0,16:04:14.025
000931.SZ,09:34:20.110,93420110,4948959,5.08,500,0,B,0,16:04:14.025
000931.SZ,09:34:20.110,93420110,4948969,5.1,800,0,S,0,16:04:14.025
000931.SZ,09:34:21.280,93421280,4959214,5.07,200,0,B,0,16:04:14.207
000931.SZ,09:34:21.280,93421280,4959215,5.07,1400,0,B,0,16:04:14.207
000931.SZ,09:34:21.280,93421280,4959216,5.07,400,0,B,0,16:04:14.207
000931.SZ,09:34:21.280,93421280,4959226,5.07,1600,0,B,0,16:04:14.207
000931.SZ,09:34:21.880,93421880,4965371,5.08,1100,0,B,0,16:04:14.333
000931.SZ,09:34:22.620,93422620,4972591,5.08,4300,0,B,0,16:04:14.427
000931.SZ,09:34:24.210,93424210,4985963,5.1,800,0,S,0,16:04:14.725
000931.SZ,09:34:24.530,93424530,4989096,5.08,100,0,B,0,16:04:14.725
000931.SZ,09:34:25.030,93425030,4993800,5.0,300,0,B,0,16:04:14.851
000931.SZ,09:34:25.070,93425070,4994213,5.08,300,0,B,0,16:04:14.851
000931.SZ,09:34:25.440,93425440,4998473,5.07,900,0,S,0,16:04:14.945
000931.SZ,09:34:25.700,93425700,5001087,5.58,1000,0,S,0,16:04:14.945
000931.SZ,09:34:25.920,93425920,5003128,5.09,300,0,B,0,16:04:15.055
000931.SZ,09:34:25.920,93425920,5003146,5.09,200,0,B,0,16:04:15.055
000931.SZ,09:34:25.920,93425920,5003150,5.09,800,0,B,0,16:04:15.055
000931.SZ,09:34:25.920,93425920,5003210,5.09,100,0,B,0,16:04:15.055
000931.SZ,09:34:25.930,93425930,5003213,5.09,200,0,B,0,16:04:15.055
000931.SZ,09:34:25.930,93425930,5003221,5.09,200,0,B,0,16:04:15.055
000931.SZ,09:34:25.940,93425940,5003285,5.1,300,0,S,0,16:04:15.055
000931.SZ,09:34:26.070,93426070,5004601,5.07,100,0,S,0,16:04:15.055
000931.SZ,09:34:26.120,93426120,5005019,5.09,300,0,B,0,16:04:15.055
000931.SZ,09:34:26.120,93426120,5005021,5.09,500,0,B,0,16:04:15.055
000931.SZ,09:34:26.120,93426120,5005025,5.09,1100,0,B,0,16:04:15.055
000931.SZ,09:34:26.160,93426160,5005430,4.8,200,0,B,0,16:04:15.055
000931.SZ,09:34:26.410,93426410,5007571,5.09,700,0,B,0,16:04:15.150
000931.SZ,09:34:26.410,93426410,5007577,5.09,2100,0,B,0,16:04:15.150
000931.SZ,09:34:26.410,93426410,5007585,5.09,200,0,B,0,16:04:15.150
000931.SZ,09:34:26.410,93426410,5007588,5.09,1100,0,B,0,16:04:15.150
000931.SZ,09:34:26.410,93426410,5007593,5.09,100,0,B,0,16:04:15.150
000931.SZ,09:34:26.630,93426630,5009382,5.09,500,0,B,0,16:04:15.150
000931.SZ,09:34:26.910,93426910,5011555,5.09,700,0,B,0,16:04:15.150
000931.SZ,09:34:27.100,93427100,5012970,5.08,5000,0,S,0,16:04:15.242
000931.SZ,09:34:27.380,93427380,5015631,5.09,1100,0,S,0,16:04:15.242
000931.SZ,09:34:27.990,93427990,5021087,5.01,2500,0,S,0,16:04:15.378
000931.SZ,09:34:28.100,93428100,5021976,5.08,1000,0,B,0,16:04:15.378
000931.SZ,09:34:28.960,93428960,5030898,5.08,100,0,B,0,16:04:15.630
000931.SZ,09:34:29.160,93429160,5032693,5.01,200,0,B,0,16:04:15.630
000931.SZ,09:34:30.000,93430000,5040341,5.08,8700,0,B,0,16:04:15.801
000931.SZ,09:34:30.110,93430110,5041911,5.1,300,0,S,0,16:04:15.801
000931.SZ,09:34:30.290,93430290,5043960,5.08,1700,0,B,0,16:04:15.801
000931.SZ,09:34:30.290,93430290,5043961,5.08,100,0,B,0,16:04:15.801
000931.SZ,09:34:30.290,93430290,5043968,5.08,100,0,B,0,16:04:15.801
000931.SZ,09:34:30.460,93430460,5045984,5.1,100,0,S,0,16:04:15.913
000931.SZ,09:34:30.650,93430650,5048040,5.08,1500,0,B,0,16:04:15.913
000931.SZ,09:34:30.810,93430810,5049909,5.11,1300,0,B,0,16:04:15.913
000931.SZ,09:34:31.740,93431740,5060176,5.1,200,0,S,0,16:04:16.170
000931.SZ,09:34:32.040,93432040,5063318,5.08,100,0,S,0,16:04:16.170
000931.SZ,09:34:33.090,93433090,5072545,5.05,2700,0,S,0,16:04:16.423
000931.SZ,09:34:33.260,93433260,5073862,5.37,10000,0,S,0,16:04:16.423
000931.SZ,09:34:34.740,93434740,5088686,5.1,200,0,S,0,16:04:16.707
000931.SZ,09:34:34.740,93434740,5088720,5.1,30000,0,S,0,16:04:16.707
000931.SZ,09:34:35.040,93435040,5091646,5.1,200,0,S,0,16:04:16.707
000931.SZ,09:34:35.050,93435050,5091738,5.04,3500,0,B,0,16:04:16.707
000931.SZ,09:34:35.060,93435060,5091742,5.09,3100,0,B,0,16:04:16.707
000931.SZ,09:34:35.060,93435060,5091793,5.09,1300,0,S,0,16:04:16.801
000931.SZ,09:34:35.250,93435250,5093280,5.06,68500,0,S,0,16:04:16.801
000931.SZ,09:34:35.260,93435260,5093364,5.06,300,0,B,0,16:04:16.801
000931.SZ,09:34:35.260,93435260,5093371,5.09,1800,0,S,0,16:04:16.801
000931.SZ,09:34:35.260,93435260,5093393,5.06,500,0,B,0,16:04:16.801
000931.SZ,09:34:35.260,93435260,5093408,5.08,1100,0,S,0,16:04:16.801
000931.SZ,09:34:35.260,93435260,5093413,5.08,100,0,S,0,16:04:16.801
000931.SZ,09:34:35.270,93435270,5093492,5.09,500,0,S,0,16:04:16.801
000931.SZ,09:34:35.280,93435280,5093555,5.08,200,0,S,0,16:04:16.801
000931.SZ,09:34:35.280,93435280,5093565,5.09,2000,0,B,0,16:04:16.801
000931.SZ,09:34:35.290,93435290,5093606,5.09,73500,0,S,0,16:04:16.801
000931.SZ,09:34:35.300,93435300,5093695,5.06,59200,0,B,0,16:04:16.801
000931.SZ,09:34:35.310,93435310,5093738,5.06,1500,0,B,0,16:04:16.801
000931.SZ,09:34:35.310,93435310,5093780,5.06,5200,0,B,0,16:04:16.801
000931.SZ,09:34:35.350,93435350,5094117,5.06,59200,0,B,0,16:04:16.801
000931.SZ,09:34:35.350,93435350,5094131,5.06,59200,0,B,0,16:04:16.801
000931.SZ,09:34:36.200,93436200,5101658,5.09,100,0,S,0,16:04:16.912
000931.SZ,09:34:36.200,93436200,5101668,5.07,100,0,B,0,16:04:16.912
000931.SZ,09:34:36.200,93436200,5101700,5.07,400,0,B,0,16:04:16.912
000931.SZ,09:34:36.200,93436200,5101746,5.07,1800,0,B,0,16:04:16.912
000931.SZ,09:34:36.210,93436210,5101890,5.07,100,0,B,0,16:04:16.912
000931.SZ,09:34:36.250,93436250,5102284,5.07,100,0,B,0,16:04:16.912
000931.SZ,09:34:36.250,93436250,5102308,5.07,700,0,B,0,16:04:16.912
000931.SZ,09:34:36.820,93436820,5108105,5.07,900,0,B,0,16:04:17.053
000931.SZ,09:34:37.170,93437170,5111436,5.08,100,0,S,0,16:04:17.163
000931.SZ,09:34:37.190,93437190,5111612,5.08,100,0,B,0,16:04:17.163
000931.SZ,09:34:38.780,93438780,5126374,5.06,9100,0,B,0,16:04:17.454
000931.SZ,09:34:38.820,93438820,5126615,5.06,10000,0,B,0,16:04:17.454
000931.SZ,09:34:39.260,93439260,5130563,5.09,9600,0,S,0,16:04:17.454
000931.SZ,09:34:39.300,93439300,5130955,5.08,600,0,S,0,16:04:17.578
000931.SZ,09:34:40.450,93440450,5142242,5.05,600,0,B,0,16:04:17.815
000931.SZ,09:34:41.010,93441010,5147195,5.09,400,0,S,0,16:04:17.815
000931.SZ,09:34:42.020,93442020,5156056,5.09,700,0,S,0,16:04:18.036
000931.SZ,09:34:42.390,93442390,5159451,5.1,3000,0,S,0,16:04:18.036
000931.SZ,09:34:43.180,93443180,5167201,5.07,4100,0,B,0,16:04:18.192
000931.SZ,09:34:44.670,93444670,5180514,5.01,1000,0,B,0,16:04:18.290
000931.SZ,09:34:45.300,93445300,5185772,5.08,700,0,S,0,16:04:18.346
000931.SZ,09:34:45.820,93445820,5190813,5.07,500,0,B,0,16:04:18.415
000931.SZ,09:34:46.500,93446500,5197710,5.0,1000,0,B,0,16:04:18.464
000931.SZ,09:34:47.070,93447070,5202761,5.08,100,0,B,0,16:04:18.464
000931.SZ,09:34:47.680,93447680,5208065,5.09,1300,0,S,0,16:04:18.507
000931.SZ,09:34:47.720,93447720,5208321,5.17,500,0,S,0,16:04:18.507
000931.SZ,09:34:47.820,93447820,5209082,5.05,500,0,B,0,16:04:18.507
000931.SZ,09:34:48.190,93448190,5212082,5.08,400,0,S,0,16:04:18.548
000931.SZ,09:34:48.190,93448190,5212088,5.08,400,0,S,0,16:04:18.548
000931.SZ,09:34:48.300,93448300,5213165,5.14,300,0,S,0,16:04:18.548
000931.SZ,09:34:48.410,93448410,5214091,5.07,300,0,S,0,16:04:18.548
000931.SZ,09:34:48.460,93448460,5214445,5.07,100,0,S,0,16:04:18.548
000931.SZ,09:34:51.220,93451220,5240297,5.08,500,0,S,0,16:04:18.782
000931.SZ,09:34:51.240,93451240,5240481,5.08,200,0,S,0,16:04:18.782
000931.SZ,09:34:51.240,93451240,5240486,5.08,200,0,S,0,16:04:18.782
000931.SZ,09:34:51.840,93451840,5245522,5.07,300,0,S,0,16:04:18.782
000931.SZ,09:34:52.010,93452010,5247072,5.1,10000,0,S,0,16:04:18.813
000931.SZ,09:34:52.830,93452830,5254654,5.06,1300,0,B,0,16:04:18.848
000931.SZ,09:34:52.900,93452900,5255320,5.09,400,0,S,0,16:04:18.848
000931.SZ,09:34:53.120,93453120,5257061,5.08,1000,0,S,0,16:04:18.877
000931.SZ,09:34:53.670,93453670,5261520,5.08,400,0,S,0,16:04:18.913
000931.SZ,09:34:54.260,93454260,5267233,5.09,2100,0,S,0,16:04:18.969
000931.SZ,09:34:54.850,93454850,5272977,5.08,100,0,S,0,16:04:19.056
000931.SZ,09:34:57.570,93457570,5300505,5.07,300,0,B,0,16:04:19.412
000931.SZ,09:34:58.830,93458830,5312222,5.08,300,0,S,0,16:04:19.679
000931.SZ,09:34:58.830,93458830,5312228,5.09,300,0,S,0,16:04:19.679
000931.SZ,09:34:58.830,93458830,5312232,5.1,200,0,S,0,16:04:19.679
000931.SZ,09:34:59.600,93459600,5317935,5.07,100,0,B,0,16:04:19.790
000931.SZ,09:35:00.420,93500420,5325736,5.09,300,0,S,0,16:04:19.931
000931.SZ,09:35:00.550,93500550,5327217,5.08,100,0,S,0,16:04:20.086
000931.SZ,09:35:00.600,93500600,5327965,5.08,900,0,S,0,16:04:20.086
000931.SZ,09:35:01.500,93501500,5341072,5.07,5900,0,B,0,16:04:20.318
000931.SZ,09:35:01.510,93501510,5341212,5.08,1000,0,S,0,16:04:20.318
000931.SZ,09:35:03.800,93503800,5365026,5.08,1700,0,S,0,16:04:20.820
000931.SZ,09:35:03.980,93503980,5367159,5.08,4000,0,S,0,16:04:20.820
000931.SZ,09:35:04.630,93504630,5374524,5.07,300,0,B,0,16:04:20.945
000931.SZ,09:35:05.630,93505630,5384009,5.08,700,0,S,0,16:04:21.259
000931.SZ,09:35:06.100,93506100,5389287,5.09,300,0,S,0,16:04:21.259
000931.SZ,09:35:06.100,93506100,5389330,5.08,800,0,S,0,16:04:21.259
000931.SZ,09:35:07.900,93507900,5408359,5.08,300,0,S,0,16:04:21.614
000931.SZ,09:35:08.100,93508100,5410189,5.0,1000,0,B,0,16:04:21.712
000931.SZ,09:35:08.820,93508820,5415955,5.08,10000,0,S,0,16:04:21.854
000931.SZ,09:35:09.500,93509500,5421761,5.07,9600,0,S,0,16:04:21.964
000931.SZ,09:35:11.080,93511080,5437861,5.1,3800,0,B,0,16:04:22.268
000931.SZ,09:35:11.490,93511490,5441713,5.07,4000,0,B,0,16:04:22.268
000931.SZ,09:35:11.850,93511850,5445205,5.08,400,0,S,0,16:04:22.372
000931.SZ,09:35:12.970,93512970,5455700,5.07,2400,0,B,0,16:04:22.589
000931.SZ,09:35:13.110,93513110,5457333,5.07,1400,0,B,0,16:04:22.589
000931.SZ,09:35:13.110,93513110,5457343,5.07,100,0,B,0,16:04:22.589
000931.SZ,09:35:13.760,93513760,5464092,5.07,900,0,B,0,16:04:22.710
000931.SZ,09:35:14.350,93514350,5469208,5.07,100,0,B,0,16:04:22.805
000931.SZ,09:35:14.490,93514490,5470662,5.08,200,0,S,0,16:04:22.805
000931.SZ,09:35:14.490,93514490,5470664,5.09,200,0,S,0,16:04:22.805
000931.SZ,09:35:14.490,93514490,5470668,5.1,100,0,S,0,16:04:22.805
000931.SZ,09:35:14.530,93514530,5471092,5.03,5000,0,B,0,16:04:22.805
000931.SZ,09:35:15.040,93515040,5475542,5.08,1700,0,S,0,16:04:22.914
000931.SZ,09:35:15.270,93515270,5478418,5.07,800,0,B,0,16:04:22.914
000931.SZ,09:35:15.270,93515270,5478430,5.07,1700,0,B,0,16:04:22.914
000931.SZ,09:35:15.290,93515290,5478706,5.07,100,0,B,0,16:04:23.056
000931.SZ,09:35:15.290,93515290,5478707,5.07,1900,0,B,0,16:04:23.056
000931.SZ,09:35:15.290,93515290,5478708,5.07,2600,0,B,0,16:04:23.056
000931.SZ,09:35:16.100,93516100,5489283,5.08,400,0,B,0,16:04:23.164
000931.SZ,09:35:16.530,93516530,5494072,5.07,400,0,B,0,16:04:23.252
000931.SZ,09:35:16.680,93516680,5496040,5.07,1000,0,B,0,16:04:23.252
000931.SZ,09:35:17.010,93517010,5500187,5.07,400,0,B,0,16:04:23.340
000931.SZ,09:35:17.090,93517090,5501193,5.07,11900,0,B,0,16:04:23.340
000931.SZ,09:35:17.290,93517290,5503373,5.06,10000,0,B,0,16:04:23.434
000931.SZ,09:35:17.560,93517560,5505793,5.08,500,0,B,0,16:04:23.434
000931.SZ,09:35:17.580,93517580,5506041,5.08,300,0,B,0,16:04:23.434
000931.SZ,09:35:17.810,93517810,5508756,5.08,300,0,B,0,16:04:23.512
000931.SZ,09:35:17.840,93517840,5509030,5.08,600,0,B,0,16:04:23.512
000931.SZ,09:35:18.100,93518100,5511394,5.08,1000,0,B,0,16:04:23.512
000931.SZ,09:35:18.110,93518110,5511401,5.07,200,0,B,0,16:04:23.512
000931.SZ,09:35:18.160,93518160,5511935,5.08,300,0,S,0,16:04:23.512
000931.SZ,09:35:18.190,93518190,5512325,5.07,200,0,B,0,16:04:23.512
000931.SZ,09:35:18.190,93518190,5512327,5.07,200,0,B,0,16:04:23.512
000931.SZ,09:35:18.270,93518270,5513465,5.04,2400,0,S,0,16:04:23.621
000931.SZ,09:35:18.350,93518350,5514245,5.08,600,0,B,0,16:04:23.621
000931.SZ,09:35:18.350,93518350,5514275,5.08,1100,0,B,0,16:04:23.621
000931.SZ,09:35:18.350,93518350,5514288,5.08,1400,0,B,0,16:04:23.621
000931.SZ,09:35:18.660,93518660,5517675,5.07,800,0,B,0,16:04:23.621
000931.SZ,09:35:20.000,93520000,5531299,5.07,600,0,S,0,16:04:23.901
000931.SZ,09:35:20.340,93520340,5534338,5.07,200,0,B,0,16:04:24.010
000931.SZ,09:35:20.490,93520490,5535708,4.9,10000,0,B,0,16:04:24.010
000931.SZ,09:35:23.450,93523450,5562032,5.01,500,0,B,0,16:04:24.544
000931.SZ,09:35:24.290,93524290,5569411,5.08,100,0,B,0,16:04:24.654
000931.SZ,09:35:24.420,93524420,5570762,5.08,300,0,S,0,16:04:24.654
000931.SZ,09:35:25.670,93525670,5583203,5.07,5000,0,S,0,16:04:24.842
000931.SZ,09:35:27.470,93527470,5598082,5.07,1000,0,B,0,16:04:25.161
000931.SZ,09:35:27.490,93527490,5598295,5.08,200,0,S,0,16:04:25.161
000931.SZ,09:35:28.120,93528120,5604329,5.05,1900,0,B,0,16:04:25.298
000931.SZ,09:35:28.750,93528750,5610113,5.01,200,0,B,0,16:04:25.376
000931.SZ,09:35:29.190,93529190,5613967,4.95,400,0,B,0,16:04:25.515
000931.SZ,09:35:30.070,93530070,5620702,5.05,1300,0,B,0,16:04:25.515
000931.SZ,09:35:30.190,93530190,5621808,5.1,1500,0,S,0,16:04:25.659
000931.SZ,09:35:30.530,93530530,5624683,5.08,3500,0,S,0,16:04:25.659
000931.SZ,09:35:30.530,93530530,5624687,5.08,200,0,S,0,16:04:25.659
000931.SZ,09:35:30.530,93530530,5624702,5.08,800,0,S,0,16:04:25.659
000931.SZ,09:35:31.750,93531750,5637335,5.16,5000,0,S,0,16:04:25.928
000931.SZ,09:35:31.980,93531980,5639343,5.59,100,0,S,0,16:04:25.928
000931.SZ,09:35:34.570,93534570,5663100,4.96,1000,0,B,0,16:04:26.470
000931.SZ,09:35:35.130,93535130,5667936,5.07,800,0,B,0,16:04:26.470
000931.SZ,09:35:35.150,93535150,5668197,5.08,200,0,S,0,16:04:26.561
000931.SZ,09:35:35.710,93535710,5672504,5.08,100,0,S,0,16:04:26.561
000931.SZ,09:35:35.980,93535980,5674499,5.07,1000,0,B,0,16:04:26.689
000931.SZ,09:35:37.280,93537280,5687723,5.08,1500,0,S,0,16:04:26.862
000931.SZ,09:35:37.320,93537320,5688317,5.08,100,0,S,0,16:04:26.862
000931.SZ,09:35:37.910,93537910,5694655,4.93,500,0,B,0,16:04:26.988
000931.SZ,09:35:38.430,93538430,5698887,5.07,300,0,B,0,16:04:27.096
000931.SZ,09:35:38.580,93538580,5700085,5.07,100,0,B,0,16:04:27.096
000931.SZ,09:35:38.750,93538750,5701304,5.04,600,0,B,0,16:04:27.191
000931.SZ,09:35:39.420,93539420,5706704,5.07,20000,0,B,0,16:04:27.306
000931.SZ,09:35:41.710,93541710,5729035,5.04,2300,0,S,0,16:04:27.627
000931.SZ,09:35:41.770,93541770,5729374,5.08,800,0,B,0,16:04:27.627
000931.SZ,09:35:42.040,93542040,5731411,5.07,300,0,B,0,16:04:27.702
000931.SZ,09:35:42.040,93542040,5731485,5.07,600,0,B,0,16:04:27.702
000931.SZ,09:35:42.050,93542050,5731556,5.07,300,0,B,0,16:04:27.702
000931.SZ,09:35:42.060,93542060,5731788,5.07,400,0,B,0,16:04:27.702
000931.SZ,09:35:42.070,93542070,5731852,5.07,800,0,B,0,16:04:27.702
000931.SZ,09:35:42.070,93542070,5731921,5.07,300,0,B,0,16:04:27.702
000931.SZ,09:35:42.090,93542090,5732271,5.07,300,0,B,0,16:04:27.702
000931.SZ,09:35:42.120,93542120,5732711,5.07,400,0,B,0,16:04:27.702
000931.SZ,09:35:42.140,93542140,5732943,5.07,300,0,B,0,16:04:27.702
000931.SZ,09:35:42.170,93542170,5733214,5.07,400,0,B,0,16:04:27.702
000931.SZ,09:35:42.170,93542170,5733305,5.07,800,0,B,0,16:04:27.702
000931.SZ,09:35:42.270,93542270,5734579,5.08,21600,0,B,0,16:04:27.702
000931.SZ,09:35:42.430,93542430,5736058,5.07,100,0,B,0,16:04:27.869
000931.SZ,09:35:42.470,93542470,5736452,5.0,200,0,B,0,16:04:27.869
000931.SZ,09:35:42.640,93542640,5738128,5.08,3500,0,B,0,16:04:27.869
000931.SZ,09:35:42.800,93542800,5739491,5.08,100,0,B,0,16:04:27.869
000931.SZ,09:35:43.910,93543910,5750789,5.08,300,0,S,0,16:04:28.060
000931.SZ,09:35:44.660,93544660,5756951,5.1,100,0,S,0,16:04:28.213
000931.SZ,09:35:45.100,93545100,5760111,5.08,200,0,B,0,16:04:28.213
000931.SZ,09:35:45.170,93545170,5760807,5.08,200,0,B,0,16:04:28.213
000931.SZ,09:35:45.180,93545180,5760924,5.08,800,0,B,0,16:04:28.213
000931.SZ,09:35:45.190,93545190,5761019,5.08,300,0,B,0,16:04:28.281
000931.SZ,09:35:45.190,93545190,5761047,5.08,400,0,B,0,16:04:28.281
000931.SZ,09:35:45.190,93545190,5761048,5.08,800,0,B,0,16:04:28.281
000931.SZ,09:35:45.310,93545310,5762096,5.08,400,0,B,0,16:04:28.281
000931.SZ,09:35:45.320,93545320,5762154,5.08,400,0,B,0,16:04:28.281
000931.SZ,09:35:45.320,93545320,5762155,5.08,300,0,B,0,16:04:28.281
000931.SZ,09:35:45.330,93545330,5762213,5.08,600,0,B,0,16:04:28.281
000931.SZ,09:35:45.330,93545330,5762214,5.08,300,0,B,0,16:04:28.281
000931.SZ,09:35:45.330,93545330,5762267,5.08,300,0,B,0,16:04:28.281
000931.SZ,09:35:45.370,93545370,5762529,5.08,300,0,B,0,16:04:28.281
000931.SZ,09:35:45.430,93545430,5762947,5.09,100,0,S,0,16:04:28.281
000931.SZ,09:35:45.430,93545430,5762949,5.1,100,0,S,0,16:04:28.281
000931.SZ,09:35:45.440,93545440,5763136,5.11,100,0,S,0,16:04:28.281
000931.SZ,09:35:45.590,93545590,5764586,5.1,1000,0,S,0,16:04:28.368
000931.SZ,09:35:45.870,93545870,5767037,5.08,1000,0,B,0,16:04:28.368
000931.SZ,09:35:46.100,93546100,5769113,5.08,100,0,B,0,16:04:28.461
000931.SZ,09:35:46.150,93546150,5769601,5.08,800,0,B,0,16:04:28.461
000931.SZ,09:35:46.390,93546390,5771711,5.08,1600,0,B,0,16:04:28.461
000931.SZ,09:35:46.390,93546390,5771745,5.08,800,0,B,0,16:04:28.461
000931.SZ,09:35:47.090,93547090,5777865,5.05,1000,0,B,0,16:04:28.572
000931.SZ,09:35:48.000,93548000,5784898,5.08,400,0,B,0,16:04:28.776
000931.SZ,09:35:48.220,93548220,5787727,5.08,800,0,B,0,16:04:28.776
000931.SZ,09:35:48.220,93548220,5787734,5.08,200,0,B,0,16:04:28.776
000931.SZ,09:35:48.220,93548220,5787735,5.08,1700,0,B,0,16:04:28.776
000931.SZ,09:35:48.220,93548220,5787742,5.08,200,0,B,0,16:04:28.776
000931.SZ,09:35:48.220,93548220,5787743,5.08,100,0,B,0,16:04:28.776
000931.SZ,09:35:48.220,93548220,5787748,5.08,1900,0,B,0,16:04:28.776
000931.SZ,09:35:48.690,93548690,5792663,5.07,100,0,B,0,16:04:28.901
000931.SZ,09:35:48.780,93548780,5793658,5.05,11100,0,B,0,16:04:28.901
000931.SZ,09:35:50.160,93550160,5810488,5.05,1000,0,B,0,16:04:29.154
000931.SZ,09:35:50.190,93550190,5810765,5.08,100,0,B,0,16:04:29.154
000931.SZ,09:35:50.440,93550440,5812822,5.09,300,0,S,0,16:04:29.263
000931.SZ,09:35:50.790,93550790,5815602,5.08,100,0,B,0,16:04:29.263
000931.SZ,09:35:51.620,93551620,5824515,5.09,900,0,S,0,16:04:29.385
000931.SZ,09:35:51.770,93551770,5826920,5.0,500,0,B,0,16:04:29.509
000931.SZ,09:35:52.700,93552700,5836498,5.01,600,0,B,0,16:04:29.619
000931.SZ,09:35:54.180,93554180,5849400,5.08,100,0,B,0,16:04:29.888
000931.SZ,09:35:54.250,93554250,5850277,5.08,400,0,B,0,16:04:29.888
000931.SZ,09:35:54.760,93554760,5855909,5.07,100,0,B,0,16:04:29.959
000931.SZ,09:35:54.780,93554780,5856195,5.08,100,0,B,0,16:04:29.959
000931.SZ,09:35:54.800,93554800,5856545,5.08,100,0,B,0,16:04:29.959
000931.SZ,09:35:54.860,93554860,5857041,5.08,100,0,B,0,16:04:29.959
000931.SZ,09:35:55.260,93555260,5861507,5.3,11000,0,S,0,16:04:30.078
000931.SZ,09:35:55.520,93555520,5864526,5.08,500,0,S,0,16:04:30.078
000931.SZ,09:35:56.580,93556580,5874419,5.05,34100,0,B,0,16:04:30.321
000931.SZ,09:35:57.150,93557150,5878955,5.05,1400,0,S,0,16:04:30.420
000931.SZ,09:35:57.160,93557160,5878998,5.09,1900,0,B,0,16:04:30.420
000931.SZ,09:35:57.260,93557260,5880239,5.08,100,0,B,0,16:04:30.420
000931.SZ,09:35:57.270,93557270,5880301,5.08,100,0,B,0,16:04:30.420
000931.SZ,09:35:57.280,93557280,5880324,5.08,100,0,B,0,16:04:30.420
000931.SZ,09:35:57.280,93557280,5880381,5.08,100,0,B,0,16:04:30.420
000931.SZ,09:35:57.290,93557290,5880477,5.08,100,0,B,0,16:04:30.420
000931.SZ,09:35:57.300,93557300,5880525,5.08,100,0,B,0,16:04:30.420
000931.SZ,09:35:57.310,93557310,5880614,5.08,100,0,B,0,16:04:30.420
000931.SZ,09:35:57.310,93557310,5880641,5.08,100,0,B,0,16:04:30.420
000931.SZ,09:35:57.340,93557340,5880772,5.08,100,0,B,0,16:04:30.420
000931.SZ,09:35:57.340,93557340,5880794,5.08,200,0,B,0,16:04:30.420
000931.SZ,09:35:57.340,93557340,5880865,5.08,100,0,B,0,16:04:30.420
000931.SZ,09:35:57.340,93557340,5880872,5.08,100,0,B,0,16:04:30.420
000931.SZ,09:35:57.370,93557370,5881092,5.08,100,0,B,0,16:04:30.420
000931.SZ,09:35:57.390,93557390,5881262,5.08,100,0,B,0,16:04:30.420
000931.SZ,09:35:57.390,93557390,5881313,5.08,100,0,B,0,16:04:30.420
000931.SZ,09:35:57.390,93557390,5881316,5.08,100,0,B,0,16:04:30.420
000931.SZ,09:35:57.390,93557390,5881346,5.09,100,0,B,0,16:04:30.420
000931.SZ,09:35:57.400,93557400,5881397,5.09,100,0,B,0,16:04:30.420
000931.SZ,09:35:57.400,93557400,5881457,5.08,100,0,B,0,16:04:30.420
000931.SZ,09:35:57.410,93557410,5881489,5.08,100,0,B,0,16:04:30.420
000931.SZ,09:35:57.410,93557410,5881504,5.08,17600,0,B,0,16:04:30.420
000931.SZ,09:35:57.410,93557410,5881511,5.08,100,0,B,0,16:04:30.420
000931.SZ,09:35:57.420,93557420,5881629,5.08,100,0,B,0,16:04:30.420
000931.SZ,09:35:57.430,93557430,5881766,5.09,100,0,B,0,16:04:30.420
000931.SZ,09:35:57.450,93557450,5881909,5.09,100,0,B,0,16:04:30.420
000931.SZ,09:35:58.020,93558020,5888189,5.09,4900,0,B,0,16:04:30.513
000931.SZ,09:35:58.040,93558040,5888543,5.1,200,0,S,0,16:04:30.513
000931.SZ,09:35:58.060,93558060,5888673,5.09,1500,0,B,0,16:04:30.513
000931.SZ,09:35:58.130,93558130,5889445,5.09,100,0,B,0,16:04:30.591
000931.SZ,09:35:58.500,93558500,5893307,5.09,100,0,B,0,16:04:30.591
000931.SZ,09:35:59.130,93559130,5898585,5.09,800,0,B,0,16:04:30.809
000931.SZ,09:36:00.110,93600110,5906167,5.09,300,0,B,0,16:04:30.905
000931.SZ,09:36:00.110,93600110,5906183,5.09,600,0,B,0,16:04:30.905
000931.SZ,09:36:00.120,93600120,5906208,5.09,300,0,B,0,16:04:30.905
000931.SZ,09:36:00.120,93600120,5906215,5.09,400,0,B,0,16:04:30.905
000931.SZ,09:36:00.120,93600120,5906259,5.09,300,0,B,0,16:04:30.905
000931.SZ,09:36:00.120,93600120,5906279,5.09,300,0,B,0,16:04:30.905
000931.SZ,09:36:00.130,93600130,5906314,5.09,14000,0,B,0,16:04:30.905
000931.SZ,09:36:00.500,93600500,5910400,5.09,100,0,B,0,16:04:31.109
000931.SZ,09:36:00.660,93600660,5913339,5.09,100,0,B,0,16:04:31.109
000931.SZ,09:36:01.420,93601420,5925923,5.09,300,0,B,0,16:04:31.386
000931.SZ,09:36:02.110,93602110,5935560,5.09,1400,0,B,0,16:04:31.477
000931.SZ,09:36:02.110,93602110,5935563,5.09,100,0,B,0,16:04:31.477
000931.SZ,09:36:03.100,93603100,5945893,5.09,200,0,B,0,16:04:31.697
000931.SZ,09:36:03.820,93603820,5954735,5.09,800,0,B,0,16:04:31.855
000931.SZ,09:36:04.060,93604060,5957436,5.09,100,0,B,0,16:04:31.966
000931.SZ,09:36:04.840,93604840,5968432,5.09,100,0,B,0,16:04:32.200
000931.SZ,09:36:04.840,93604840,5968491,5.09,100,0,B,0,16:04:32.200
000931.SZ,09:36:04.850,93604850,5968550,5.09,100,0,B,0,16:04:32.200
000931.SZ,09:36:04.940,93604940,5970034,5.09,5000,0,B,0,16:04:32.200
000931.SZ,09:36:04.960,93604960,5970408,5.09,100,0,B,0,16:04:32.200
000931.SZ,09:36:05.060,93605060,5971695,5.08,100,0,B,0,16:04:32.200
000931.SZ,09:36:05.180,93605180,5973119,5.09,100,0,B,0,16:04:32.200
000931.SZ,09:36:05.560,93605560,5978843,5.09,300,0,B,0,16:04:32.342
000931.SZ,09:36:06.490,93606490,5990346,5.11,500,0,S,0,16:04:32.586
000931.SZ,09:36:06.520,93606520,5990715,5.07,300,0,B,0,16:04:32.586
000931.SZ,09:36:06.670,93606670,5992978,5.09,1400,0,B,0,16:04:32.586
000931.SZ,09:36:07.260,93607260,6001709,5.0,2000,0,B,0,16:04:32.696
000931.SZ,09:36:09.320,93609320,6025068,5.09,2600,0,B,0,16:04:33.151
000931.SZ,09:36:09.840,93609840,6031820,5.09,11600,0,S,0,16:04:33.276
000931.SZ,09:36:11.350,93611350,6050440,4.9,3900,0,B,0,16:04:33.634
000931.SZ,09:36:12.500,93612500,6064182,5.1,100,0,B,0,16:04:33.885
000931.SZ,09:36:12.510,93612510,6064313,5.12,1000,0,S,0,16:04:33.885
000931.SZ,09:36:12.760,93612760,6067449,5.09,700,0,B,0,16:04:33.885
000931.SZ,09:36:13.040,93613040,6070012,5.06,34100,0,B,0,16:04:33.985
000931.SZ,09:36:13.080,93613080,6070361,5.1,2900,0,B,0,16:04:33.985
000931.SZ,09:36:14.480,93614480,6085325,5.15,500,0,S,0,16:04:34.292
000931.SZ,09:36:14.500,93614500,6085445,5.09,200,0,B,0,16:04:34.292
000931.SZ,09:36:14.500,93614500,6085453,5.09,200,0,B,0,16:04:34.292
000931.SZ,09:36:14.500,93614500,6085460,5.09,100,0,B,0,16:04:34.292
000931.SZ,09:36:15.120,93615120,6091983,5.09,100,0,B,0,16:04:34.357
000931.SZ,09:36:15.270,93615270,6093816,5.11,100,0,S,0,16:04:34.357
000931.SZ,09:36:15.280,93615280,6093862,5.1,300,0,B,0,16:04:34.357
000931.SZ,09:36:15.290,93615290,6094002,5.1,800,0,B,0,16:04:34.357
000931.SZ,09:36:15.290,93615290,6094004,5.1,700,0,B,0,16:04:34.357
000931.SZ,09:36:15.350,93615350,6094688,5.1,100,0,S,0,16:04:34.357
000931.SZ,09:36:17.070,93617070,6113175,5.1,400,0,S,0,16:04:34.895
000931.SZ,09:36:17.260,93617260,6115009,4.91,21000,0,B,0,16:04:34.895
000931.SZ,09:36:19.510,93619510,6142595,5.61,4900,0,S,0,16:04:35.307
000931.SZ,09:36:19.990,93619990,6147516,5.09,600,0,S,0,16:04:35.426
000931.SZ,09:36:21.280,93621280,6161174,5.09,400,0,B,0,16:04:35.676
000931.SZ,09:36:21.280,93621280,6161179,5.09,1700,0,B,0,16:04:35.676
000931.SZ,09:36:21.280,93621280,6161180,5.09,200,0,B,0,16:04:35.676
000931.SZ,09:36:21.280,93621280,6161181,5.09,800,0,B,0,16:04:35.676
000931.SZ,09:36:21.280,93621280,6161182,5.09,200,0,B,0,16:04:35.676
000931.SZ,09:36:21.280,93621280,6161183,5.09,100,0,B,0,16:04:35.676
000931.SZ,09:36:21.280,93621280,6161185,5.09,1900,0,B,0,16:04:35.676
000931.SZ,09:36:21.660,93621660,6165730,5.09,100,0,B,0,16:04:35.676
000931.SZ,09:36:21.710,93621710,6166580,5.09,1600,0,S,0,16:04:35.676
000931.SZ,09:36:22.290,93622290,6172812,5.09,100,0,B,0,16:04:35.849
000931.SZ,09:36:22.490,93622490,6175013,5.09,100,0,B,0,16:04:35.977
000931.SZ,09:36:23.190,93623190,6181656,5.09,800,0,B,0,16:04:35.977
000931.SZ,09:36:23.340,93623340,6184045,5.09,100,0,B,0,16:04:36.101
000931.SZ,09:36:23.650,93623650,6186782,5.09,100,0,B,0,16:04:36.101
000931.SZ,09:36:24.990,93624990,6199838,5.1,15600,0,B,0,16:04:36.351
000931.SZ,09:36:25.100,93625100,6200889,5.09,1000,0,B,0,16:04:36.351
000931.SZ,09:36:25.540,93625540,6205439,5.1,300,0,B,0,16:04:36.471
000931.SZ,09:36:25.620,93625620,6206124,5.09,1800,0,B,0,16:04:36.471
000931.SZ,09:36:26.100,93626100,6210877,5.09,3400,0,B,0,16:04:36.597
000931.SZ,09:36:26.190,93626190,6211995,5.1,2000,0,B,0,16:04:36.597
000931.SZ,09:36:26.200,93626200,6212077,5.1,900,0,B,0,16:04:36.597
000931.SZ,09:36:26.220,93626220,6212387,5.1,300,0,S,0,16:04:36.597
000931.SZ,09:36:26.500,93626500,6215156,5.1,6200,0,B,0,16:04:36.738
000931.SZ,09:36:26.540,93626540,6215438,5.1,2300,0,B,0,16:04:36.738
000931.SZ,09:36:26.640,93626640,6216269,5.1,1200,0,B,0,16:04:36.738
000931.SZ,09:36:26.820,93626820,6217822,5.1,400,0,B,0,16:04:36.738
000931.SZ,09:36:27.170,93627170,6220748,5.1,200,0,B,0,16:04:36.738
000931.SZ,09:36:27.180,93627180,6220757,5.1,2000,0,B,0,16:04:36.738
000931.SZ,09:36:27.180,93627180,6220800,5.1,100,0,B,0,16:04:36.738
000931.SZ,09:36:27.200,93627200,6221036,5.1,1300,0,B,0,16:04:36.738
000931.SZ,09:36:27.290,93627290,6221871,5.1,3000,0,S,0,16:04:36.738
000931.SZ,09:36:28.480,93628480,6234238,5.1,300,0,S,0,16:04:37.020
000931.SZ,09:36:28.900,93628900,6237950,5.1,500,0,S,0,16:04:37.148
000931.SZ,09:36:29.310,93629310,6241529,5.06,2400,0,S,0,16:04:37.148
000931.SZ,09:36:29.660,93629660,6244866,5.08,1100,0,B,0,16:04:37.270
000931.SZ,09:36:30.090,93630090,6248855,5.09,1500,0,B,0,16:04:37.270
000931.SZ,09:36:30.190,93630190,6249702,5.09,800,0,B,0,16:04:37.270
000931.SZ,09:36:30.690,93630690,6255125,5.09,100,0,B,0,16:04:37.396
000931.SZ,09:36:32.140,93632140,6271455,5.09,400,0,B,0,16:04:37.736
000931.SZ,09:36:32.420,93632420,6273884,5.09,200,0,B,0,16:04:37.736
000931.SZ,09:36:33.400,93633400,6282102,5.09,500,0,B,0,16:04:37.846
000931.SZ,09:36:33.420,93633420,6282327,5.09,500,0,B,0,16:04:38.003
000931.SZ,09:36:33.420,93633420,6282343,5.09,1000,0,B,0,16:04:38.003
000931.SZ,09:36:33.420,93633420,6282347,5.09,3100,0,B,0,16:04:38.003
000931.SZ,09:36:35.030,93635030,6297581,5.1,5000,0,B,0,16:04:38.267
000931.SZ,09:36:35.500,93635500,6302584,5.1,500,0,B,0,16:04:38.267
000931.SZ,09:36:35.890,93635890,6305884,5.12,500,0,S,0,16:04:38.410
000931.SZ,09:36:36.960,93636960,6316690,5.08,200,0,B,0,16:04:38.640
000931.SZ,09:36:37.230,93637230,6319708,5.61,1000,0,S,0,16:04:38.640
000931.SZ,09:36:40.810,93640810,6354228,5.11,400,0,S,0,16:04:39.360
000931.SZ,09:36:40.820,93640820,6354334,5.22,100,0,S,0,16:04:39.360
000931.SZ,09:36:42.430,93642430,6370489,5.09,700,0,S,0,16:04:39.637
000931.SZ,09:36:42.430,93642430,6370491,5.09,900,0,S,0,16:04:39.637
000931.SZ,09:36:42.450,93642450,6370718,5.1,500,0,S,0,16:04:39.637
000931.SZ,09:36:42.450,93642450,6370721,5.1,26500,0,S,0,16:04:39.637
000931.SZ,09:36:42.470,93642470,6370883,5.09,13400,0,S,0,16:04:39.637
000931.SZ,09:36:42.470,93642470,6370901,5.09,13600,0,S,0,16:04:39.637
000931.SZ,09:36:42.480,93642480,6370943,5.09,1300,0,S,0,16:04:39.637
000931.SZ,09:36:42.480,93642480,6370974,5.09,100,0,S,0,16:04:39.637
000931.SZ,09:36:42.480,93642480,6370987,5.09,300,0,S,0,16:04:39.637
000931.SZ,09:36:42.480,93642480,6370994,5.09,400,0,S,0,16:04:39.637
000931.SZ,09:36:42.480,93642480,6370996,5.1,1500,0,S,0,16:04:39.637
000931.SZ,09:36:42.490,93642490,6371078,5.09,200,0,S,0,16:04:39.637
000931.SZ,09:36:42.490,93642490,6371084,5.09,900,0,S,0,16:04:39.637
000931.SZ,09:36:42.700,93642700,6373028,5.1,1000,0,S,0,16:04:39.637
000931.SZ,09:36:42.730,93642730,6373238,5.09,3100,0,S,0,16:04:39.637
000931.SZ,09:36:42.730,93642730,6373278,5.09,400,0,S,0,16:04:39.637
000931.SZ,09:36:42.730,93642730,6373282,5.09,1700,0,S,0,16:04:39.637
000931.SZ,09:36:42.740,93642740,6373312,5.09,1800,0,S,0,16:04:39.637
000931.SZ,09:36:42.760,93642760,6373514,5.09,100,0,S,0,16:04:39.637
000931.SZ,09:36:42.810,93642810,6373896,5.19,4000,0,S,0,16:04:39.637
000931.SZ,09:36:43.420,93643420,6380624,5.05,1000,0,B,0,16:04:39.808
000931.SZ,09:36:43.460,93643460,6380966,5.09,300,0,S,0,16:04:39.808
000931.SZ,09:36:44.150,93644150,6386646,5.08,100,0,S,0,16:04:39.936
000931.SZ,09:36:44.230,93644230,6387169,5.09,3600,0,B,0,16:04:39.936
000931.SZ,09:36:44.230,93644230,6387191,5.09,1000,0,S,0,16:04:39.936
000931.SZ,09:36:44.540,93644540,6389492,5.1,300,0,S,0,16:04:39.936
000931.SZ,09:36:44.550,93644550,6389626,5.09,500,0,S,0,16:04:39.936
000931.SZ,09:36:44.600,93644600,6390008,5.09,100,0,B,0,16:04:39.936
000931.SZ,09:36:44.940,93644940,6392728,5.09,300,0,B,0,16:04:40.060
000931.SZ,09:36:45.170,93645170,6394647,5.61,70000,0,S,0,16:04:40.060
000931.SZ,09:36:45.180,93645180,6394681,5.09,400,0,S,0,16:04:40.060
000931.SZ,09:36:45.180,93645180,6394683,5.09,500,0,S,0,16:04:40.060
000931.SZ,09:36:45.180,93645180,6394686,5.09,1100,0,S,0,16:04:40.060
000931.SZ,09:36:45.180,93645180,6394690,5.09,400,0,S,0,16:04:40.060
000931.SZ,09:36:45.650,93645650,6399008,5.09,100,0,S,0,16:04:40.157
000931.SZ,09:36:45.660,93645660,6399197,5.09,1000,0,S,0,16:04:40.157
000931.SZ,09:36:45.730,93645730,6399859,5.09,1000,0,S,0,16:04:40.157
000931.SZ,09:36:45.760,93645760,6400132,5.09,100,0,S,0,16:04:40.157
000931.SZ,09:36:47.090,93647090,6412179,5.09,100,0,B,0,16:04:40.442
000931.SZ,09:36:47.110,93647110,6412319,5.09,1000,0,S,0,16:04:40.442
000931.SZ,09:36:47.150,93647150,6412705,5.1,100,0,S,0,16:04:40.442
000931.SZ,09:36:47.860,93647860,6418719,5.11,2400,0,S,0,16:04:40.542
000931.SZ,09:36:48.190,93648190,6421602,5.09,700,0,S,0,16:04:40.542
000931.SZ,09:36:48.200,93648200,6421735,5.09,600,0,S,0,16:04:40.542
000931.SZ,09:36:48.210,93648210,6421755,5.09,400,0,S,0,16:04:40.542
000931.SZ,09:36:48.240,93648240,6422061,5.09,600,0,S,0,16:04:40.542
000931.SZ,09:36:48.300,93648300,6422581,5.09,600,0,S,0,16:04:40.542
000931.SZ,09:36:48.310,93648310,6422684,5.09,400,0,S,0,16:04:40.681
000931.SZ,09:36:48.530,93648530,6424805,5.09,100,0,S,0,16:04:40.681
000931.SZ,09:36:48.750,93648750,6427086,5.09,1600,0,S,0,16:04:40.681
000931.SZ,09:36:48.840,93648840,6427883,5.09,100,0,S,0,16:04:40.681
000931.SZ,09:36:50.210,93650210,6441863,5.1,4200,0,S,0,16:04:41.041
000931.SZ,09:36:50.530,93650530,6444742,5.04,10000,0,B,0,16:04:41.041
000931.SZ,09:36:51.990,93651990,6458260,5.09,500,0,S,0,16:04:41.293
000931.SZ,09:36:52.390,93652390,6461976,5.09,400,0,S,0,16:04:41.436
000931.SZ,09:36:53.020,93653020,6470396,5.09,500,0,S,0,16:04:41.554
000931.SZ,09:36:53.070,93653070,6470961,5.18,1000,0,S,0,16:04:41.554
000931.SZ,09:36:54.860,93654860,6489444,5.08,11000,0,B,0,16:04:41.805
000931.SZ,09:36:59.340,93659340,6528825,5.1,100,0,S,0,16:04:42.631
000931.SZ,09:36:59.380,93659380,6529184,5.07,100,0,B,0,16:04:42.631
000931.SZ,09:36:59.410,93659410,6529531,5.1,300,0,S,0,16:04:42.631
000931.SZ,09:36:59.830,93659830,6532404,5.09,300,0,S,0,16:04:42.631
000931.SZ,09:36:59.830,93659830,6532405,5.1,500,0,S,0,16:04:42.631
000931.SZ,09:37:00.090,93700090,6534756,5.09,100,0,B,0,16:04:42.631
000931.SZ,09:37:00.150,93700150,6535233,5.09,200,0,S,0,16:04:42.803
000931.SZ,09:37:00.260,93700260,6536349,5.09,300,0,S,0,16:04:42.803
000931.SZ,09:37:00.290,93700290,6536574,5.09,200,0,S,0,16:04:42.803
000931.SZ,09:37:00.290,93700290,6536583,5.1,500,0,S,0,16:04:42.803
000931.SZ,09:37:01.170,93701170,6546057,5.08,100,0,B,0,16:04:43.056
000931.SZ,09:37:01.380,93701380,6548493,5.1,200,0,S,0,16:04:43.056
000931.SZ,09:37:01.520,93701520,6550223,5.09,100,0,S,0,16:04:43.056
000931.SZ,09:37:01.530,93701530,6550229,5.1,100,0,S,0,16:04:43.056
000931.SZ,09:37:01.600,93701600,6550928,5.1,100,0,S,0,16:04:43.149
000931.SZ,09:37:01.700,93701700,6551842,5.09,300,0,S,0,16:04:43.149
000931.SZ,09:37:01.910,93701910,6553602,4.59,1500,0,B,0,16:04:43.149
000931.SZ,09:37:02.480,93702480,6559142,5.1,100,0,S,0,16:04:43.258
000931.SZ,09:37:02.480,93702480,6559167,5.09,300,0,S,0,16:04:43.258
000931.SZ,09:37:02.560,93702560,6559826,5.08,100,0,S,0,16:04:43.258
000931.SZ,09:37:02.810,93702810,6562008,5.04,5000,0,B,0,16:04:43.336
000931.SZ,09:37:03.290,93703290,6566504,5.1,300,0,S,0,16:04:43.448
000931.SZ,09:37:03.350,93703350,6567066,5.08,1100,0,B,0,16:04:43.448
000931.SZ,09:37:03.590,93703590,6569784,5.07,100,0,B,0,16:04:43.448
000931.SZ,09:37:04.280,93704280,6577047,5.23,2000,0,S,0,16:04:43.566
000931.SZ,09:37:04.640,93704640,6580731,5.1,100,0,S,0,16:04:43.680
000931.SZ,09:37:05.100,93705100,6586050,5.08,100,0,B,0,16:04:43.817
000931.SZ,09:37:05.690,93705690,6591972,5.08,400,0,B,0,16:04:43.912
000931.SZ,09:37:07.250,93707250,6607888,5.08,100,0,B,0,16:04:44.162
000931.SZ,09:37:07.270,93707270,6608102,5.09,200,0,S,0,16:04:44.162
000931.SZ,09:37:09.200,93709200,6624708,5.08,30000,0,S,0,16:04:44.429
000931.SZ,09:37:09.210,93709210,6624852,5.09,300,0,S,0,16:04:44.526
000931.SZ,09:37:09.210,93709210,6624864,5.09,500,0,S,0,16:04:44.526
000931.SZ,09:37:09.210,93709210,6624865,5.08,8500,0,B,0,16:04:44.526
000931.SZ,09:37:09.220,93709220,6624892,5.08,100,0,B,0,16:04:44.526
000931.SZ,09:37:09.270,93709270,6625345,5.08,200,0,B,0,16:04:44.526
000931.SZ,09:37:09.670,93709670,6628765,5.16,200,0,S,0,16:04:44.526
000931.SZ,09:37:09.680,93709680,6628801,5.08,100,0,S,0,16:04:44.526
000931.SZ,09:37:12.100,93712100,6648426,0.0,2900,U,S,0,16:04:45.006
000931.SZ,09:37:12.860,93712860,6655442,5.08,100,0,B,0,16:04:45.116
000931.SZ,09:37:13.920,93713920,6665385,5.1,400,0,S,0,16:04:45.365
000931.SZ,09:37:14.250,93714250,6668372,5.16,1200,0,S,0,16:04:45.365
000931.SZ,09:37:14.300,93714300,6668689,5.1,200,0,S,0,16:04:45.365
000931.SZ,09:37:15.030,93715030,6674020,5.09,1900,0,S,0,16:04:45.460
000931.SZ,09:37:16.620,93716620,6689591,5.08,300,0,S,0,16:04:45.766
000931.SZ,09:37:17.610,93717610,6698341,5.1,100,0,S,0,16:04:45.894
000931.SZ,09:37:17.610,93717610,6698342,5.09,300,0,S,0,16:04:45.894
000931.SZ,09:37:18.000,93718000,6701526,5.1,200,0,S,0,16:04:45.986
000931.SZ,09:37:18.170,93718170,6703086,5.1,200,0,S,0,16:04:45.986
000931.SZ,09:37:18.330,93718330,6704430,5.04,2200,0,S,0,16:04:46.081
000931.SZ,09:37:19.030,93719030,6710620,5.09,400,0,S,0,16:04:46.175
000931.SZ,09:37:19.200,93719200,6712359,5.12,900,0,S,0,16:04:46.269
000931.SZ,09:37:19.690,93719690,6717435,5.1,300,0,S,0,16:04:46.301
000931.SZ,09:37:19.700,93719700,6717557,5.08,100,0,B,0,16:04:46.301
000931.SZ,09:37:19.720,93719720,6717738,5.08,100,0,S,0,16:04:46.301
000931.SZ,09:37:19.720,93719720,6717757,5.08,100,0,S,0,16:04:46.301
000931.SZ,09:37:19.750,93719750,6717942,5.07,17300,0,B,0,16:04:46.393
000931.SZ,09:37:19.780,93719780,6718224,5.08,200,0,B,0,16:04:46.393
000931.SZ,09:37:19.990,93719990,6720050,5.07,600,0,S,0,16:04:46.393
000931.SZ,09:37:21.900,93721900,6735107,5.08,11000,0,B,0,16:04:46.674
000931.SZ,09:37:24.260,93724260,6754960,5.07,400,0,B,0,16:04:47.125
000931.SZ,09:37:25.090,93725090,6763465,5.18,3000,0,S,0,16:04:47.250
000931.SZ,09:37:25.200,93725200,6764399,5.09,20000,0,B,0,16:04:47.250
000931.SZ,09:37:25.210,93725210,6764512,5.09,2500,0,S,0,16:04:47.250
000931.SZ,09:37:25.210,93725210,6764514,5.09,2100,0,S,0,16:04:47.250
000931.SZ,09:37:25.210,93725210,6764515,5.1,22500,0,S,0,16:04:47.250
000931.SZ,09:37:25.220,93725220,6764552,5.09,500,0,S,0,16:04:47.250
000931.SZ,09:37:25.220,93725220,6764560,5.09,7500,0,S,0,16:04:47.250
000931.SZ,09:37:26.370,93726370,6775842,5.16,1000,0,S,0,16:04:47.469
000931.SZ,09:37:27.950,93727950,6789410,5.09,100,0,S,0,16:04:47.700
000931.SZ,09:37:28.190,93728190,6791526,5.08,400,0,B,0,16:04:47.793
000931.SZ,09:37:28.600,93728600,6795381,5.07,4000,0,S,0,16:04:47.903
000931.SZ,09:37:29.250,93729250,6800657,5.09,300,0,S,0,16:04:47.968
000931.SZ,09:37:29.250,93729250,6800658,5.1,200,0,S,0,16:04:47.968
000931.SZ,09:37:29.780,93729780,6804710,5.09,400,0,S,0,16:04:48.106
000931.SZ,09:37:31.120,93731120,6816949,5.09,200,0,S,0,16:04:48.232
000931.SZ,09:37:31.230,93731230,6817766,5.05,2200,0,S,0,16:04:48.342
000931.SZ,09:37:32.480,93732480,6829980,5.09,100,0,S,0,16:04:48.525
000931.SZ,09:37:32.560,93732560,6830724,5.1,500,0,S,0,16:04:48.525
000931.SZ,09:37:32.650,93732650,6831320,5.08,1000,0,B,0,16:04:48.525
000931.SZ,09:37:33.770,93733770,6840994,5.09,58700,0,B,0,16:04:48.659
000931.SZ,09:37:34.690,93734690,6851131,5.05,2100,0,B,0,16:04:48.863
000931.SZ,09:37:36.220,93736220,6864103,5.09,800,0,S,0,16:04:49.084
000931.SZ,09:37:36.440,93736440,6866269,5.1,100,0,B,0,16:04:49.180
000931.SZ,09:37:37.110,93737110,6873304,5.09,1100,0,S,0,16:04:49.272
000931.SZ,09:37:38.480,93738480,6886635,5.1,100,0,B,0,16:04:49.560
000931.SZ,09:37:38.590,93738590,6887347,4.99,2200,0,B,0,16:04:49.560
000931.SZ,09:37:38.820,93738820,6888875,4.89,15700,0,B,0,16:04:49.560
000931.SZ,09:37:38.970,93738970,6889684,5.1,1000,0,S,0,16:04:49.560
000931.SZ,09:37:39.060,93739060,6890416,5.08,1500,0,S,0,16:04:49.673
000931.SZ,09:37:39.190,93739190,6891436,4.86,3000,0,B,0,16:04:49.673
000931.SZ,09:37:39.690,93739690,6895606,5.09,1600,0,B,0,16:04:49.755
000931.SZ,09:37:39.770,93739770,6896228,5.1,1000,0,S,0,16:04:49.755
000931.SZ,09:37:40.880,93740880,6905172,5.1,300,0,S,0,16:04:49.971
000931.SZ,09:37:40.880,93740880,6905194,5.08,300,0,B,0,16:04:49.971
000931.SZ,09:37:40.970,93740970,6905768,5.09,700,0,S,0,16:04:49.971
000931.SZ,09:37:42.180,93742180,6913667,5.1,4000,0,S,0,16:04:50.112
000931.SZ,09:37:42.940,93742940,6920109,5.09,100,0,S,0,16:04:50.269
000931.SZ,09:37:43.010,93743010,6920557,5.09,1300,0,S,0,16:04:50.269
000931.SZ,09:37:43.080,93743080,6921186,5.09,7200,0,S,0,16:04:50.269
000931.SZ,09:37:44.690,93744690,6933695,4.99,2500,0,B,0,16:04:50.472
000931.SZ,09:37:44.880,93744880,6934834,5.0,300,0,B,0,16:04:50.568
000931.SZ,09:37:45.860,93745860,6943074,5.09,1100,0,S,0,16:04:50.672
000931.SZ,09:37:46.010,93746010,6944059,5.09,1200,0,S,0,16:04:50.766
000931.SZ,09:37:46.080,93746080,6944702,5.09,3700,0,S,0,16:04:50.766
000931.SZ,09:37:46.380,93746380,6947598,5.09,1600,0,S,0,16:04:50.766
000931.SZ,09:37:46.390,93746390,6947634,5.1,1000,0,S,0,16:04:50.766
000931.SZ,09:37:47.390,93747390,6955757,5.09,800,0,S,0,16:04:50.953
000931.SZ,09:37:47.750,93747750,6958745,5.07,2000,0,B,0,16:04:50.953
000931.SZ,09:37:47.810,93747810,6959421,5.09,800,0,S,0,16:04:51.054
000931.SZ,09:37:48.030,93748030,6960976,5.1,2200,0,S,0,16:04:51.054
000931.SZ,09:37:48.230,93748230,6962895,5.09,200,0,S,0,16:04:51.054
000931.SZ,09:37:48.360,93748360,6963962,5.09,900,0,S,0,16:04:51.054
000931.SZ,09:37:48.380,93748380,6964319,5.09,1600,0,S,0,16:04:51.054
000931.SZ,09:37:48.390,93748390,6964386,5.1,28900,0,S,0,16:04:51.054
000931.SZ,09:37:48.400,93748400,6964569,5.09,1100,0,S,0,16:04:51.054
000931.SZ,09:37:48.400,93748400,6964571,5.09,500,0,S,0,16:04:51.054
000931.SZ,09:37:48.400,93748400,6964573,5.09,600,0,S,0,16:04:51.054
000931.SZ,09:37:48.400,93748400,6964576,5.09,1300,0,S,0,16:04:51.054
000931.SZ,09:37:48.400,93748400,6964578,5.09,400,0,S,0,16:04:51.054
000931.SZ,09:37:48.400,93748400,6964580,5.09,1900,0,S,0,16:04:51.054
000931.SZ,09:37:48.400,93748400,6964585,5.09,1100,0,S,0,16:04:51.054
000931.SZ,09:37:48.400,93748400,6964587,5.09,1400,0,S,0,16:04:51.054
000931.SZ,09:37:48.410,93748410,6964747,5.09,2600,0,S,0,16:04:51.142
000931.SZ,09:37:48.410,93748410,6964750,5.09,2100,0,S,0,16:04:51.142
000931.SZ,09:37:48.420,93748420,6964792,5.09,4100,0,S,0,16:04:51.142
000931.SZ,09:37:48.420,93748420,6964824,5.09,2400,0,S,0,16:04:51.142
000931.SZ,09:37:48.430,93748430,6964906,5.09,300,0,S,0,16:04:51.142
000931.SZ,09:37:48.430,93748430,6964908,5.09,400,0,S,0,16:04:51.142
000931.SZ,09:37:48.430,93748430,6964910,5.09,400,0,S,0,16:04:51.142
000931.SZ,09:37:48.430,93748430,6964918,5.09,3700,0,S,0,16:04:51.142
000931.SZ,09:37:48.430,93748430,6964922,5.09,1300,0,S,0,16:04:51.142
000931.SZ,09:37:48.440,93748440,6965025,5.09,100,0,S,0,16:04:51.142
000931.SZ,09:37:48.440,93748440,6965027,5.09,100,0,S,0,16:04:51.142
000931.SZ,09:37:48.440,93748440,6965029,5.09,400,0,S,0,16:04:51.142
000931.SZ,09:37:48.440,93748440,6965032,5.09,1400,0,S,0,16:04:51.142
000931.SZ,09:37:48.440,93748440,6965034,5.09,100,0,S,0,16:04:51.142
000931.SZ,09:37:48.440,93748440,6965037,5.09,100,0,S,0,16:04:51.142
000931.SZ,09:37:48.440,93748440,6965038,5.09,100,0,S,0,16:04:51.142
000931.SZ,09:37:48.440,93748440,6965039,5.1,44400,0,S,0,16:04:51.142
000931.SZ,09:37:48.440,93748440,6965042,5.09,400,0,S,0,16:04:51.142
000931.SZ,09:37:48.440,93748440,6965043,5.09,200,0,S,0,16:04:51.142
000931.SZ,09:37:48.450,93748450,6965177,5.09,400,0,S,0,16:04:51.142
000931.SZ,09:37:48.470,93748470,6965436,5.08,800,0,S,0,16:04:51.142
000931.SZ,09:37:48.500,93748500,6965679,5.09,1200,0,S,0,16:04:51.142
000931.SZ,09:37:48.500,93748500,6965686,5.08,1000,0,S,0,16:04:51.142
000931.SZ,09:37:48.790,93748790,6968680,5.09,800,0,S,0,16:04:51.142
000931.SZ,09:37:48.800,93748800,6968705,5.09,2400,0,S,0,16:04:51.142
000931.SZ,09:37:49.190,93749190,6972810,5.07,1900,0,S,0,16:04:51.222
000931.SZ,09:37:49.480,93749480,6976362,5.08,500,0,B,0,16:04:51.301
000931.SZ,09:37:49.660,93749660,6978217,5.1,3000,0,S,0,16:04:51.364
000931.SZ,09:37:50.410,93750410,6985407,5.15,1000,0,S,0,16:04:51.457
000931.SZ,09:37:50.900,93750900,6989276,5.09,1100,0,B,0,16:04:51.526
000931.SZ,09:37:50.910,93750910,6989304,5.09,100,0,B,0,16:04:51.526
000931.SZ,09:37:50.980,93750980,6990102,5.1,100,0,S,0,16:04:51.526
000931.SZ,09:37:51.190,93751190,6991746,5.09,400,0,S,0,16:04:51.526
000931.SZ,09:37:51.190,93751190,6991748,5.09,400,0,S,0,16:04:51.526
000931.SZ,09:37:51.190,93751190,6991751,5.09,500,0,S,0,16:04:51.526
000931.SZ,09:37:51.190,93751190,6991752,5.09,400,0,S,0,16:04:51.526
000931.SZ,09:37:51.190,93751190,6991761,5.09,400,0,S,0,16:04:51.526
000931.SZ,09:37:51.210,93751210,6991930,5.61,100,0,S,0,16:04:51.526
000931.SZ,09:37:51.220,93751220,6992069,5.08,400,0,B,0,16:04:51.526
000931.SZ,09:37:51.230,93751230,6992174,5.1,5000,0,S,0,16:04:51.526
000931.SZ,09:37:51.270,93751270,6992514,5.05,2300,0,S,0,16:04:51.582
000931.SZ,09:37:53.650,93753650,7015202,5.45,500,0,S,0,16:04:51.958
000931.SZ,09:37:53.720,93753720,7015644,5.09,600,0,S,0,16:04:51.958
000931.SZ,09:37:53.720,93753720,7015649,5.1,300,0,S,0,16:04:51.958
000931.SZ,09:37:54.290,93754290,7020503,5.11,1000,0,B,0,16:04:52.085
000931.SZ,09:37:54.770,93754770,7025884,5.0,500,0,B,0,16:04:52.183
000931.SZ,09:37:55.400,93755400,7031859,5.08,100,0,S,0,16:04:52.300
000931.SZ,09:37:56.030,93756030,7038260,5.09,6300,0,B,0,16:04:52.390
000931.SZ,09:37:56.030,93756030,7038361,5.09,100,0,S,0,16:04:52.390
000931.SZ,09:37:56.030,93756030,7038366,5.09,100,0,S,0,16:04:52.390
000931.SZ,09:37:56.030,93756030,7038368,5.1,73300,0,S,0,16:04:52.390
000931.SZ,09:37:56.040,93756040,7038462,5.09,100,0,S,0,16:04:52.390
000931.SZ,09:37:56.050,93756050,7038530,5.09,8200,0,S,0,16:04:52.390
000931.SZ,09:37:56.050,93756050,7038532,5.09,800,0,S,0,16:04:52.390
000931.SZ,09:37:56.050,93756050,7038533,5.09,1200,0,S,0,16:04:52.390
000931.SZ,09:37:56.050,93756050,7038536,5.09,2500,0,S,0,16:04:52.390
000931.SZ,09:37:56.050,93756050,7038538,5.09,300,0,S,0,16:04:52.390
000931.SZ,09:37:56.050,93756050,7038550,5.09,200,0,S,0,16:04:52.390
000931.SZ,09:37:56.050,93756050,7038561,5.09,1200,0,S,0,16:04:52.390
000931.SZ,09:37:56.060,93756060,7038688,5.09,1300,0,S,0,16:04:52.390
000931.SZ,09:37:56.080,93756080,7038812,5.09,900,0,S,0,16:04:52.390
000931.SZ,09:37:56.080,93756080,7038816,5.09,800,0,S,0,16:04:52.390
000931.SZ,09:37:56.860,93756860,7045186,5.09,400,0,S,0,16:04:52.488
000931.SZ,09:37:56.900,93756900,7045465,5.1,100,0,S,0,16:04:52.488
000931.SZ,09:37:57.140,93757140,7047156,5.08,900,0,B,0,16:04:52.558
000931.SZ,09:37:58.890,93758890,7064003,5.09,400,0,S,0,16:04:52.849
000931.SZ,09:37:59.080,93759080,7065470,5.09,400,0,S,0,16:04:52.895
000931.SZ,09:37:59.130,93759130,7065876,5.08,400,0,B,0,16:04:52.895
000931.SZ,09:37:59.430,93759430,7067998,5.08,900,0,B,0,16:04:52.991
000931.SZ,09:37:59.800,93759800,7070491,5.08,2600,0,B,0,16:04:52.991
000931.SZ,09:37:59.880,93759880,7071038,5.08,12000,0,B,0,16:04:52.991
000931.SZ,09:37:59.980,93759980,7071680,5.08,600,0,B,0,16:04:52.991
000931.SZ,09:38:00.540,93800540,7078034,5.09,300,0,B,0,16:04:53.266
000931.SZ,09:38:00.550,93800550,7078045,5.09,400,0,B,0,16:04:53.266
000931.SZ,09:38:00.550,93800550,7078117,5.09,12500,0,B,0,16:04:53.266
000931.SZ,09:38:00.820,93800820,7081936,5.08,100,0,B,0,16:04:53.345
000931.SZ,09:38:00.840,93800840,7082476,5.09,1300,0,S,0,16:04:53.345
000931.SZ,09:38:00.860,93800860,7082689,5.09,1200,0,S,0,16:04:53.345
000931.SZ,09:38:00.860,93800860,7082709,5.09,900,0,B,0,16:04:53.345
000931.SZ,09:38:00.860,93800860,7082711,5.09,100,0,B,0,16:04:53.345
000931.SZ,09:38:00.860,93800860,7082762,5.09,900,0,B,0,16:04:53.345
000931.SZ,09:38:00.870,93800870,7082947,5.08,16000,0,B,0,16:04:53.345
000931.SZ,09:38:00.870,93800870,7082961,5.09,1200,0,B,0,16:04:53.345
000931.SZ,09:38:01.000,93801000,7084502,5.08,100,0,B,0,16:04:53.345
000931.SZ,09:38:01.000,93801000,7084541,5.09,100,0,S,0,16:04:53.345
000931.SZ,09:38:01.420,93801420,7088786,5.08,1500,0,B,0,16:04:53.424
000931.SZ,09:38:02.130,93802130,7096238,5.09,36400,0,S,0,16:04:53.584
000931.SZ,09:38:02.130,93802130,7096314,5.09,4300,0,B,0,16:04:53.584
000931.SZ,09:38:02.130,93802130,7096333,5.09,35500,0,B,0,16:04:53.584
000931.SZ,09:38:02.130,93802130,7096336,5.09,35500,0,B,0,16:04:53.584
000931.SZ,09:38:02.160,93802160,7096624,5.09,2000,0,S,0,16:04:53.584
000931.SZ,09:38:02.260,93802260,7097465,5.11,100,0,B,0,16:04:53.584
000931.SZ,09:38:03.320,93803320,7107611,5.06,3000,0,S,0,16:04:53.713
000931.SZ,09:38:03.460,93803460,7108905,5.09,300,0,S,0,16:04:53.713
000931.SZ,09:38:03.770,93803770,7112456,5.09,200,0,B,0,16:04:53.739
000931.SZ,09:38:03.770,93803770,7112554,5.09,1200,0,B,0,16:04:53.739
000931.SZ,09:38:04.140,93804140,7117092,5.08,100,0,B,0,16:04:53.785
000931.SZ,09:38:06.630,93806630,7139033,5.1,1000,0,B,0,16:04:54.177
000931.SZ,09:38:08.760,93808760,7156449,5.15,1000,0,S,0,16:04:54.609
000931.SZ,09:38:12.390,93812390,7186860,5.04,500,0,B,0,16:04:55.191
000931.SZ,09:38:17.560,93817560,7229207,5.09,500,0,B,0,16:04:56.019
000931.SZ,09:38:18.340,93818340,7234871,5.09,100,0,B,0,16:04:56.126
000931.SZ,09:38:18.500,93818500,7236407,5.09,100,0,B,0,16:04:56.126
000931.SZ,09:38:18.870,93818870,7239461,5.09,100,0,B,0,16:04:56.219
000931.SZ,09:38:20.000,93820000,7249525,5.09,600,0,S,0,16:04:56.455
000931.SZ,09:38:21.080,93821080,7257812,5.61,5000,0,S,0,16:04:56.549
000931.SZ,09:38:22.480,93822480,7270967,5.15,2200,0,S,0,16:04:56.793
000931.SZ,09:38:24.100,93824100,7282689,5.13,15000,0,S,0,16:04:56.983
000931.SZ,09:38:24.650,93824650,7287599,5.03,10000,0,B,0,16:04:57.155
000931.SZ,09:38:25.060,93825060,7291214,5.09,500,0,S,0,16:04:57.155
000931.SZ,09:38:26.660,93826660,7305069,5.09,600,0,B,0,16:04:57.407
000931.SZ,09:38:26.670,93826670,7305170,5.1,200,0,S,0,16:04:57.407
000931.SZ,09:38:27.320,93827320,7310323,5.09,200,0,S,0,16:04:57.500
000931.SZ,09:38:27.330,93827330,7310419,5.09,2200,0,S,0,16:04:57.500
000931.SZ,09:38:27.350,93827350,7310666,5.09,200,0,S,0,16:04:57.500
000931.SZ,09:38:27.650,93827650,7313619,5.09,500,0,B,0,16:04:57.632
000931.SZ,09:38:28.090,93828090,7317208,5.09,200,0,B,0,16:04:57.632
000931.SZ,09:38:28.090,93828090,7317210,5.09,100,0,B,0,16:04:57.632
000931.SZ,09:38:28.090,93828090,7317213,5.09,100,0,B,0,16:04:57.632
000931.SZ,09:38:28.090,93828090,7317216,5.09,100,0,B,0,16:04:57.632
000931.SZ,09:38:28.090,93828090,7317218,5.09,100,0,B,0,16:04:57.632
000931.SZ,09:38:28.090,93828090,7317219,5.09,200,0,B,0,16:04:57.632
000931.SZ,09:38:28.090,93828090,7317220,5.09,100,0,B,0,16:04:57.632
000931.SZ,09:38:28.090,93828090,7317222,5.09,200,0,B,0,16:04:57.632
000931.SZ,09:38:28.090,93828090,7317223,5.09,600,0,B,0,16:04:57.632
000931.SZ,09:38:28.090,93828090,7317224,5.09,100,0,B,0,16:04:57.632
000931.SZ,09:38:28.150,93828150,7317669,4.98,2100,0,B,0,16:04:57.632
000931.SZ,09:38:28.900,93828900,7324393,5.05,1000,0,B,0,16:04:57.793
000931.SZ,09:38:34.490,93834490,7370660,5.09,1000,0,S,0,16:04:58.658
000931.SZ,09:38:35.110,93835110,7375660,5.09,16100,0,B,0,16:04:58.794
000931.SZ,09:38:36.590,93836590,7386469,5.1,900,0,S,0,16:04:58.982
000931.SZ,09:38:37.110,93837110,7390638,5.1,300,0,S,0,16:04:59.095
000931.SZ,09:38:37.660,93837660,7395906,5.1,400,0,S,0,16:04:59.219
000931.SZ,09:38:38.900,93838900,7404797,5.09,300,0,S,0,16:04:59.346
000931.SZ,09:38:39.320,93839320,7408079,5.09,2200,0,S,0,16:04:59.425
000931.SZ,09:38:39.330,93839330,7408149,5.1,5000,0,S,0,16:04:59.425
000931.SZ,09:38:40.070,93840070,7415238,5.6,10000,0,S,0,16:04:59.549
000931.SZ,09:38:43.790,93843790,7446905,5.0,2000,0,B,0,16:05:00.109
000931.SZ,09:38:45.550,93845550,7460738,5.09,1500,0,B,0,16:05:00.425
000931.SZ,09:38:49.290,93849290,7491658,5.1,50000,0,S,0,16:05:00.997
000931.SZ,09:38:49.550,93849550,7493926,5.09,100,0,B,0,16:05:00.997
000931.SZ,09:38:49.830,93849830,7496001,5.09,100,0,B,0,16:05:01.109
000931.SZ,09:38:50.240,93850240,7499141,5.09,100,0,B,0,16:05:01.109
000931.SZ,09:38:51.400,93851400,7508040,5.09,100,0,B,0,16:05:01.343
000931.SZ,09:38:51.500,93851500,7509158,5.09,100,0,B,0,16:05:01.343
000931.SZ,09:38:51.520,93851520,7509363,5.09,6500,0,B,0,16:05:01.343
000931.SZ,09:38:52.280,93852280,7516242,5.09,100,0,B,0,16:05:01.467
000931.SZ,09:38:52.910,93852910,7521526,5.1,400,0,S,0,16:05:01.548
000931.SZ,09:38:53.300,93853300,7524504,5.09,100,0,B,0,16:05:01.655
000931.SZ,09:38:53.300,93853300,7524528,5.12,2500,0,S,0,16:05:01.655
000931.SZ,09:38:53.530,93853530,7526067,5.1,300,0,B,0,16:05:01.655
000931.SZ,09:38:54.070,93854070,7529905,5.1,900,0,B,0,16:05:01.745
000931.SZ,09:38:54.070,93854070,7529907,5.1,800,0,B,0,16:05:01.745
000931.SZ,09:38:54.070,93854070,7529911,5.1,200,0,B,0,16:05:01.745
000931.SZ,09:38:54.070,93854070,7529914,5.1,200,0,B,0,16:05:01.745
000931.SZ,09:38:54.070,93854070,7529918,5.1,200,0,B,0,16:05:01.745
000931.SZ,09:38:54.070,93854070,7529922,5.1,200,0,B,0,16:05:01.745
000931.SZ,09:38:54.070,93854070,7529924,5.1,200,0,B,0,16:05:01.745
000931.SZ,09:38:54.070,93854070,7529926,5.1,400,0,B,0,16:05:01.745
000931.SZ,09:38:54.070,93854070,7529929,5.1,200,0,B,0,16:05:01.745
000931.SZ,09:38:54.070,93854070,7529931,5.1,200,0,B,0,16:05:01.745
000931.SZ,09:38:54.070,93854070,7529970,5.1,200,0,B,0,16:05:01.745
000931.SZ,09:38:54.090,93854090,7530118,5.1,300,0,B,0,16:05:01.745
000931.SZ,09:38:54.090,93854090,7530139,5.1,7000,0,B,0,16:05:01.745
000931.SZ,09:38:54.280,93854280,7531994,5.09,100,0,B,0,16:05:01.745
000931.SZ,09:38:54.280,93854280,7532025,5.1,300,0,B,0,16:05:01.745
000931.SZ,09:38:54.610,93854610,7534803,5.09,100,0,B,0,16:05:01.853
000931.SZ,09:38:55.010,93855010,7538148,5.09,300,0,B,0,16:05:01.853
000931.SZ,09:38:55.470,93855470,7542411,5.09,200,0,B,0,16:05:02.042
000931.SZ,09:38:55.520,93855520,7542936,5.09,800,0,B,0,16:05:02.042
000931.SZ,09:38:55.520,93855520,7542938,5.1,1800,0,B,0,16:05:02.042
000931.SZ,09:38:55.520,93855520,7542951,5.1,800,0,B,0,16:05:02.042
000931.SZ,09:38:55.520,93855520,7542956,5.1,400,0,B,0,16:05:02.042
000931.SZ,09:38:55.600,93855600,7543719,5.09,100,0,B,0,16:05:02.042
000931.SZ,09:38:55.650,93855650,7544154,5.09,600,0,B,0,16:05:02.042
000931.SZ,09:38:55.910,93855910,7546763,5.09,100,0,B,0,16:05:02.042
000931.SZ,09:38:55.980,93855980,7547308,5.1,600,0,B,0,16:05:02.042
000931.SZ,09:38:56.140,93856140,7548862,5.1,400,0,B,0,16:05:02.042
000931.SZ,09:38:56.140,93856140,7548869,5.1,900,0,B,0,16:05:02.042
000931.SZ,09:38:56.450,93856450,7551987,5.1,1500,0,B,0,16:05:02.170
000931.SZ,09:38:56.450,93856450,7552026,5.1,900,0,B,0,16:05:02.170
000931.SZ,09:38:57.810,93857810,7562528,5.1,1000,0,B,0,16:05:02.387
000931.SZ,09:38:57.860,93857860,7562883,5.1,100,0,B,0,16:05:02.387
000931.SZ,09:38:57.870,93857870,7562960,5.1,1000,0,B,0,16:05:02.387
000931.SZ,09:38:58.530,93858530,7568865,5.09,400,0,B,0,16:05:02.497
000931.SZ,09:38:59.140,93859140,7574043,5.09,3300,0,S,0,16:05:02.639
000931.SZ,09:39:00.750,93900750,7588827,5.09,500,0,B,0,16:05:02.899
000931.SZ,09:39:00.760,93900760,7588869,5.1,100,0,B,0,16:05:02.899
000931.SZ,09:39:00.850,93900850,7590292,5.1,500,0,S,0,16:05:03.009
000931.SZ,09:39:01.730,93901730,7599387,5.15,3500,0,S,0,16:05:03.181
000931.SZ,09:39:02.450,93902450,7605469,5.1,10000,0,S,0,16:05:03.246
000931.SZ,09:39:03.230,93903230,7611946,5.09,100,0,B,0,16:05:03.338
000931.SZ,09:39:03.550,93903550,7615376,5.08,1000,0,B,0,16:05:03.449
000931.SZ,09:39:04.240,93904240,7622621,5.13,4000,0,S,0,16:05:03.557
000931.SZ,09:39:05.230,93905230,7632399,5.1,16300,0,S,0,16:05:03.726
000931.SZ,09:39:05.230,93905230,7632401,5.1,17400,0,S,0,16:05:03.726
000931.SZ,09:39:08.020,93908020,7665570,5.09,16200,0,S,0,16:05:04.339
000931.SZ,09:39:08.020,93908020,7665608,5.09,200,0,S,0,16:05:04.339
000931.SZ,09:39:10.690,93910690,7687719,5.05,5000,0,B,0,16:05:04.757
000931.SZ,09:39:10.710,93910710,7687870,5.09,2300,0,S,0,16:05:04.757
000931.SZ,09:39:10.710,93910710,7687871,5.09,17600,0,S,0,16:05:04.757
000931.SZ,09:39:10.710,93910710,7687905,5.1,3100,0,B,0,16:05:04.757
000931.SZ,09:39:12.330,93912330,7699953,5.05,2200,0,S,0,16:05:05.020
000931.SZ,09:39:12.360,93912360,7700299,5.09,200,0,S,0,16:05:05.020
000931.SZ,09:39:13.150,93913150,7707365,5.1,400,0,S,0,16:05:05.146
000931.SZ,09:39:13.310,93913310,7708857,5.09,3200,0,B,0,16:05:05.146
000931.SZ,09:39:13.390,93913390,7709501,5.09,1200,0,S,0,16:05:05.146
000931.SZ,09:39:13.740,93913740,7712867,5.11,1000,0,S,0,16:05:05.286
000931.SZ,09:39:14.630,93914630,7719831,5.1,5100,0,B,0,16:05:05.397
000931.SZ,09:39:15.990,93915990,7730922,5.1,110400,0,S,0,16:05:05.614
000931.SZ,09:39:16.110,93916110,7731853,5.09,400,0,S,0,16:05:05.614
000931.SZ,09:39:17.490,93917490,7743647,5.09,600,0,S,0,16:05:05.875
000931.SZ,09:39:17.490,93917490,7743656,5.09,22900,0,S,0,16:05:05.875
000931.SZ,09:39:17.530,93917530,7744007,5.09,1100,0,S,0,16:05:05.875
000931.SZ,09:39:17.530,93917530,7744011,5.09,7300,0,S,0,16:05:05.875
000931.SZ,09:39:17.530,93917530,7744013,5.09,400,0,S,0,16:05:05.875
000931.SZ,09:39:17.530,93917530,7744014,5.09,100,0,S,0,16:05:05.875
000931.SZ,09:39:17.530,93917530,7744021,5.09,7100,0,S,0,16:05:05.875
000931.SZ,09:39:17.530,93917530,7744023,5.09,7500,0,S,0,16:05:05.875
000931.SZ,09:39:18.070,93918070,7748472,5.09,300,0,S,0,16:05:06.001
000931.SZ,09:39:18.070,93918070,7748480,5.1,100,0,S,0,16:05:06.001
000931.SZ,09:39:18.110,93918110,7748787,5.17,2000,0,S,0,16:05:06.001
000931.SZ,09:39:20.000,93920000,7767071,5.08,600,0,S,0,16:05:06.331
000931.SZ,09:39:20.020,93920020,7767183,5.08,13400,0,S,0,16:05:06.331
000931.SZ,09:39:20.030,93920030,7767337,5.08,6600,0,S,0,16:05:06.331
000931.SZ,09:39:20.030,93920030,7767341,5.08,6900,0,S,0,16:05:06.331
000931.SZ,09:39:20.030,93920030,7767344,5.08,3700,0,S,0,16:05:06.331
000931.SZ,09:39:20.030,93920030,7767346,5.08,3800,0,S,0,16:05:06.331
000931.SZ,09:39:20.030,93920030,7767347,5.08,3700,0,S,0,16:05:06.331
000931.SZ,09:39:20.060,93920060,7767536,5.08,200,0,S,0,16:05:06.331
000931.SZ,09:39:20.090,93920090,7767907,5.08,200,0,B,0,16:05:06.331
000931.SZ,09:39:20.470,93920470,7770824,5.07,100,0,S,0,16:05:06.331
000931.SZ,09:39:21.110,93921110,7775567,5.07,100,0,S,0,16:05:06.443
000931.SZ,09:39:21.550,93921550,7779965,5.1,4800,0,S,0,16:05:06.554
000931.SZ,09:39:21.580,93921580,7780250,5.07,100,0,S,0,16:05:06.554
000931.SZ,09:39:21.660,93921660,7781032,5.07,300,0,S,0,16:05:06.554
000931.SZ,09:39:21.820,93921820,7782381,5.08,2900,0,S,0,16:05:06.554
000931.SZ,09:39:21.930,93921930,7783409,5.07,100,0,S,0,16:05:06.692
000931.SZ,09:39:21.940,93921940,7783558,5.08,500,0,S,0,16:05:06.692
000931.SZ,09:39:21.980,93921980,7783997,5.08,100,0,S,0,16:05:06.692
000931.SZ,09:39:21.990,93921990,7784018,5.07,200,0,S,0,16:05:06.692
000931.SZ,09:39:22.060,93922060,7784635,5.07,100,0,S,0,16:05:06.692
000931.SZ,09:39:22.420,93922420,7788021,5.07,300,0,S,0,16:05:06.692
000931.SZ,09:39:22.440,93922440,7788296,5.07,200,0,S,0,16:05:06.692
000931.SZ,09:39:22.540,93922540,7789722,5.07,300,0,S,0,16:05:06.796
000931.SZ,09:39:22.880,93922880,7792600,5.07,400,0,S,0,16:05:06.796
000931.SZ,09:39:23.010,93923010,7793856,5.07,200,0,S,0,16:05:06.796
000931.SZ,09:39:23.040,93923040,7794091,5.08,200,0,S,0,16:05:06.796
000931.SZ,09:39:23.110,93923110,7795027,5.08,300,0,S,0,16:05:06.875
000931.SZ,09:39:23.550,93923550,7799846,5.07,100,0,S,0,16:05:06.875
000931.SZ,09:39:23.650,93923650,7800597,5.09,5000,0,B,0,16:05:06.970
000931.SZ,09:39:23.660,93923660,7800669,5.08,500,0,S,0,16:05:06.970
000931.SZ,09:39:23.660,93923660,7800743,5.07,300,0,S,0,16:05:06.970
000931.SZ,09:39:24.190,93924190,7804809,5.07,200,0,S,0,16:05:06.970
000931.SZ,09:39:24.440,93924440,7808192,5.09,83,0,S,0,16:05:07.018
000931.SZ,09:39:27.480,93927480,7839266,5.08,900,0,S,0,16:05:07.612
000931.SZ,09:39:28.920,93928920,7855097,5.09,100,0,B,0,16:05:07.887
000931.SZ,09:39:29.250,93929250,7858727,5.09,1000,0,B,0,16:05:08.000
000931.SZ,09:39:30.050,93930050,7867763,5.08,500,0,S,0,16:05:08.091
000931.SZ,09:39:33.980,93933980,7909357,5.08,100,0,B,0,16:05:08.855
000931.SZ,09:39:37.360,93937360,7942841,5.09,23517,0,S,0,16:05:09.453
000931.SZ,09:39:37.760,93937760,7946565,5.08,100,0,B,0,16:05:09.548
000931.SZ,09:39:38.400,93938400,7952598,5.07,300,0,B,0,16:05:09.655
000931.SZ,09:39:38.410,93938410,7952694,5.07,100,0,S,0,16:05:09.655
000931.SZ,09:39:38.440,93938440,7952913,5.07,1200,0,B,0,16:05:09.655
000931.SZ,09:39:38.450,93938450,7952929,5.07,1300,0,B,0,16:05:09.655
000931.SZ,09:39:38.960,93938960,7956681,5.08,7000,0,S,0,16:05:09.655
000931.SZ,09:39:39.960,93939960,7965894,5.08,800,0,S,0,16:05:09.884
000931.SZ,09:39:41.520,93941520,7979809,5.08,8300,0,S,0,16:05:10.120
000931.SZ,09:39:41.530,93941530,7979892,5.08,8300,0,S,0,16:05:10.120
000931.SZ,09:39:41.690,93941690,7982521,5.07,800,0,S,0,16:05:10.120
000931.SZ,09:39:41.840,93941840,7983677,5.15,1000,0,S,0,16:05:10.120
000931.SZ,09:39:42.030,93942030,7985094,5.08,600,0,S,0,16:05:10.201
000931.SZ,09:39:42.260,93942260,7987031,5.07,100,0,S,0,16:05:10.201
000931.SZ,09:39:43.140,93943140,7995472,5.07,1000,0,B,0,16:05:10.439
000931.SZ,09:39:43.500,93943500,8000085,5.07,200,0,S,0,16:05:10.439
000931.SZ,09:39:43.520,93943520,8000309,5.07,8500,0,S,0,16:05:10.439
000931.SZ,09:39:43.550,93943550,8000659,5.07,200,0,S,0,16:05:10.439
000931.SZ,09:39:43.550,93943550,8000681,5.07,200,0,S,0,16:05:10.439
000931.SZ,09:39:43.550,93943550,8000685,5.07,8700,0,S,0,16:05:10.439
000931.SZ,09:39:43.580,93943580,8001001,5.07,8100,0,S,0,16:05:10.439
000931.SZ,09:39:43.620,93943620,8001353,5.07,9200,0,S,0,16:05:10.439
000931.SZ,09:39:44.540,93944540,8009760,5.07,9200,0,B,0,16:05:10.579
000931.SZ,09:39:46.260,93946260,8026141,5.03,2800,0,S,0,16:05:10.953
000931.SZ,09:39:47.280,93947280,8036249,5.07,2300,0,S,0,16:05:11.062
000931.SZ,09:39:47.290,93947290,8036282,5.07,2300,0,B,0,16:05:11.062
000931.SZ,09:39:48.950,93948950,8051973,5.09,4000,0,S,0,16:05:11.389
000931.SZ,09:39:49.300,93949300,8055533,5.0,500,0,B,0,16:05:11.389
000931.SZ,09:39:50.330,93950330,8068459,5.08,100,0,S,0,16:05:11.674
000931.SZ,09:39:51.640,93951640,8082183,5.05,2000,0,B,0,16:05:11.854
000931.SZ,09:39:51.800,93951800,8083734,4.9,600,0,B,0,16:05:11.854
000931.SZ,09:39:53.650,93953650,8102980,5.07,7500,0,B,0,16:05:12.248
000931.SZ,09:39:54.030,93954030,8106345,5.08,600,0,S,0,16:05:12.248
000931.SZ,09:39:54.060,93954060,8106660,5.04,10000,0,B,0,16:05:12.248
000931.SZ,09:39:54.140,93954140,8107480,5.07,9700,0,B,0,16:05:12.248
000931.SZ,09:39:54.450,93954450,8113323,5.07,800,0,B,0,16:05:12.358
000931.SZ,09:39:54.810,93954810,8118294,5.1,1000,0,S,0,16:05:12.465
000931.SZ,09:39:55.280,93955280,8123455,5.07,1000,0,S,0,16:05:12.546
000931.SZ,09:39:55.890,93955890,8131303,5.07,6000,0,S,0,16:05:12.732
000931.SZ,09:39:57.070,93957070,8143833,5.07,43200,0,S,0,16:05:12.914
000931.SZ,09:39:57.070,93957070,8143882,5.07,3900,0,B,0,16:05:12.914
000931.SZ,09:39:57.070,93957070,8143884,5.07,800,0,B,0,16:05:12.914
000931.SZ,09:39:57.070,93957070,8143902,5.07,32200,0,B,0,16:05:12.914
000931.SZ,09:39:57.070,93957070,8143919,5.07,32200,0,B,0,16:05:12.914
000931.SZ,09:39:57.080,93957080,8143990,5.07,2700,0,B,0,16:05:12.914
000931.SZ,09:39:57.090,93957090,8144088,5.06,32600,0,B,0,16:05:12.914
000931.SZ,09:39:57.100,93957100,8144192,5.08,1100,0,B,0,16:05:12.914
000931.SZ,09:39:57.100,93957100,8144255,5.08,100,0,B,0,16:05:12.914
000931.SZ,09:39:57.110,93957110,8144370,5.08,100,0,B,0,16:05:12.914
000931.SZ,09:39:57.330,93957330,8147003,5.04,2200,0,S,0,16:05:13.027
000931.SZ,09:39:58.320,93958320,8157962,5.07,1600,0,B,0,16:05:13.217
000931.SZ,09:39:59.470,93959470,8169475,5.09,5700,0,B,0,16:05:13.353
000931.SZ,09:39:59.750,93959750,8171535,5.07,1600,0,S,0,16:05:13.451
000931.SZ,09:40:00.260,94000260,8177706,5.07,600,0,B,0,16:05:13.619
000931.SZ,09:40:03.140,94003140,8210593,5.07,300,0,B,0,16:05:14.209
000931.SZ,09:40:03.470,94003470,8214207,5.07,22000,0,S,0,16:05:14.305
000931.SZ,09:40:03.580,94003580,8215858,5.08,400,0,S,0,16:05:14.305
000931.SZ,09:40:03.730,94003730,8217732,5.44,3000,0,S,0,16:05:14.305
000931.SZ,09:40:04.490,94004490,8225777,5.07,1000,0,S,0,16:05:14.477
000931.SZ,09:40:04.850,94004850,8229135,5.08,100,0,S,0,16:05:14.602
000931.SZ,09:40:05.140,94005140,8232348,5.07,100,0,S,0,16:05:14.602
000931.SZ,09:40:06.050,94006050,8241444,5.07,500,0,B,0,16:05:14.695
000931.SZ,09:40:06.060,94006060,8241769,5.08,600,0,B,0,16:05:14.695
000931.SZ,09:40:06.090,94006090,8242091,5.07,300,0,B,0,16:05:14.695
000931.SZ,09:40:08.870,94008870,8274436,5.08,1100,0,S,0,16:05:15.271
000931.SZ,09:40:08.870,94008870,8274438,5.08,100,0,S,0,16:05:15.271
000931.SZ,09:40:09.390,94009390,8279262,5.08,2000,0,S,0,16:05:15.380
000931.SZ,09:40:09.650,94009650,8282335,5.08,400,0,S,0,16:05:15.475
000931.SZ,09:40:10.030,94010030,8286018,5.07,500,0,S,0,16:05:15.475
000931.SZ,09:40:10.060,94010060,8286452,5.07,600,0,B,0,16:05:15.475
000931.SZ,09:40:10.060,94010060,8286453,5.07,1400,0,B,0,16:05:15.475
000931.SZ,09:40:10.060,94010060,8286458,5.07,100,0,B,0,16:05:15.475
000931.SZ,09:40:10.070,94010070,8286490,5.07,700,0,B,0,16:05:15.475
000931.SZ,09:40:10.070,94010070,8286618,5.07,200,0,B,0,16:05:15.475
000931.SZ,09:40:10.080,94010080,8286738,5.07,100,0,B,0,16:05:15.601
000931.SZ,09:40:10.860,94010860,8295673,5.08,1500,0,S,0,16:05:15.725
000931.SZ,09:40:12.580,94012580,8311744,5.08,100,0,B,0,16:05:15.985
000931.SZ,09:40:13.740,94013740,8323475,5.07,9300,0,S,0,16:05:16.221
000931.SZ,09:40:13.750,94013750,8323570,5.07,300,0,S,0,16:05:16.221
000931.SZ,09:40:13.750,94013750,8323573,5.07,500,0,S,0,16:05:16.221
000931.SZ,09:40:13.750,94013750,8323577,5.07,300,0,S,0,16:05:16.221
000931.SZ,09:40:13.750,94013750,8323583,5.07,500,0,S,0,16:05:16.221
000931.SZ,09:40:13.820,94013820,8324237,5.07,700,0,B,0,16:05:16.221
000931.SZ,09:40:13.820,94013820,8324300,5.08,300,0,S,0,16:05:16.221
000931.SZ,09:40:13.820,94013820,8324315,5.08,500,0,S,0,16:05:16.221
000931.SZ,09:40:13.870,94013870,8324660,5.08,300,0,S,0,16:05:16.221
000931.SZ,09:40:14.110,94014110,8327104,5.07,9000,0,B,0,16:05:16.221
000931.SZ,09:40:14.150,94014150,8327495,5.08,1100,0,B,0,16:05:16.221
000931.SZ,09:40:14.670,94014670,8332773,5.07,400,0,B,0,16:05:16.346
000931.SZ,09:40:15.170,94015170,8337899,5.07,200,0,B,0,16:05:16.474
000931.SZ,09:40:15.170,94015170,8337982,5.07,700,0,B,0,16:05:16.474
000931.SZ,09:40:15.210,94015210,8338446,5.07,100,0,B,0,16:05:16.474
000931.SZ,09:40:15.330,94015330,8339810,5.07,100,0,B,0,16:05:16.474
000931.SZ,09:40:15.330,94015330,8339811,5.07,1300,0,B,0,16:05:16.474
000931.SZ,09:40:15.330,94015330,8339813,5.07,1500,0,B,0,16:05:16.474
000931.SZ,09:40:15.880,94015880,8346504,5.08,700,0,S,0,16:05:16.613
000931.SZ,09:40:15.880,94015880,8346505,5.08,700,0,S,0,16:05:16.613
000931.SZ,09:40:15.970,94015970,8347520,5.08,100,0,S,0,16:05:16.613
000931.SZ,09:40:16.300,94016300,8350980,5.08,3300,0,S,0,16:05:16.723
000931.SZ,09:40:16.310,94016310,8351064,5.08,1900,0,S,0,16:05:16.723
000931.SZ,09:40:16.330,94016330,8351426,5.07,300,0,S,0,16:05:16.723
000931.SZ,09:40:17.070,94017070,8359336,5.07,1600,0,B,0,16:05:16.848
000931.SZ,09:40:17.090,94017090,8359463,5.07,1900,0,B,0,16:05:16.848
000931.SZ,09:40:17.660,94017660,8365102,5.02,900,0,S,0,16:05:16.983
000931.SZ,09:40:17.880,94017880,8366804,5.07,100,0,B,0,16:05:16.983
000931.SZ,09:40:17.890,94017890,8366899,5.08,100,0,S,0,16:05:16.983
000931.SZ,09:40:18.100,94018100,8368766,5.07,100,0,B,0,16:05:16.983
000931.SZ,09:40:18.130,94018130,8369035,5.07,800,0,B,0,16:05:16.983
000931.SZ,09:40:18.300,94018300,8370868,5.07,2200,0,B,0,16:05:16.983
000931.SZ,09:40:18.300,94018300,8370869,5.07,100,0,B,0,16:05:16.983
000931.SZ,09:40:18.520,94018520,8373601,5.07,800,0,B,0,16:05:17.110
000931.SZ,09:40:18.520,94018520,8373602,5.07,1300,0,B,0,16:05:17.110
000931.SZ,09:40:18.640,94018640,8374759,5.07,300,0,B,0,16:05:17.110
000931.SZ,09:40:18.980,94018980,8378388,5.07,400,0,B,0,16:05:17.235
000931.SZ,09:40:18.980,94018980,8378389,5.07,1200,0,B,0,16:05:17.235
000931.SZ,09:40:18.980,94018980,8378392,5.07,200,0,B,0,16:05:17.235
000931.SZ,09:40:18.980,94018980,8378403,5.07,300,0,B,0,16:05:17.235
000931.SZ,09:40:18.990,94018990,8378441,5.07,100,0,B,0,16:05:17.235
000931.SZ,09:40:19.010,94019010,8378664,5.07,300,0,B,0,16:05:17.235
000931.SZ,09:40:19.150,94019150,8380545,5.07,3900,0,B,0,16:05:17.235
000931.SZ,09:40:19.190,94019190,8380975,5.08,100,0,S,0,16:05:17.235
000931.SZ,09:40:19.960,94019960,8388645,5.07,7000,0,S,0,16:05:17.360
000931.SZ,09:40:20.150,94020150,8390692,5.08,100,0,S,0,16:05:17.360
000931.SZ,09:40:20.150,94020150,8390695,5.08,100,0,S,0,16:05:17.360
000931.SZ,09:40:20.150,94020150,8390715,5.08,100,0,S,0,16:05:17.360
000931.SZ,09:40:20.150,94020150,8390716,5.08,100,0,S,0,16:05:17.360
000931.SZ,09:40:20.150,94020150,8390717,5.08,100,0,S,0,16:05:17.360
000931.SZ,09:40:20.150,94020150,8390720,5.08,100,0,S,0,16:05:17.360
000931.SZ,09:40:20.150,94020150,8390723,5.08,100,0,S,0,16:05:17.470
000931.SZ,09:40:20.150,94020150,8390724,5.08,200,0,S,0,16:05:17.470
000931.SZ,09:40:20.150,94020150,8390752,5.08,200,0,S,0,16:05:17.470
000931.SZ,09:40:20.150,94020150,8390754,5.08,200,0,S,0,16:05:17.470
000931.SZ,09:40:20.170,94020170,8390991,5.08,100,0,S,0,16:05:17.470
000931.SZ,09:40:21.320,94021320,8401185,5.07,600,0,B,0,16:05:17.579
000931.SZ,09:40:21.620,94021620,8404724,5.07,7600,0,B,0,16:05:17.691
000931.SZ,09:40:22.420,94022420,8411892,5.08,100,0,S,0,16:05:17.799
000931.SZ,09:40:23.130,94023130,8417961,5.08,500,0,S,0,16:05:17.887
000931.SZ,09:40:23.200,94023200,8418708,5.08,2800,0,S,0,16:05:17.887
000931.SZ,09:40:23.940,94023940,8424566,5.08,600,0,S,0,16:05:17.980
000931.SZ,09:40:23.990,94023990,8424883,4.63,5000,0,B,0,16:05:17.980
000931.SZ,09:40:24.170,94024170,8426341,5.08,1400,0,S,0,16:05:18.075
000931.SZ,09:40:24.200,94024200,8426578,5.08,100,0,B,0,16:05:18.075
000931.SZ,09:40:24.200,94024200,8426584,5.08,200,0,B,0,16:05:18.075
000931.SZ,09:40:24.230,94024230,8426963,5.04,2000,0,S,0,16:05:18.075
000931.SZ,09:40:24.370,94024370,8428268,5.08,100,0,S,0,16:05:18.075
000931.SZ,09:40:24.510,94024510,8429673,5.08,1000,0,S,0,16:05:18.075
000931.SZ,09:40:24.800,94024800,8432139,5.07,200,0,B,0,16:05:18.186
000931.SZ,09:40:25.060,94025060,8434124,5.07,600,0,B,0,16:05:18.186
000931.SZ,09:40:25.360,94025360,8437098,5.02,5300,0,B,0,16:05:18.280
000931.SZ,09:40:26.930,94026930,8450903,5.07,500,0,B,0,16:05:18.507
000931.SZ,09:40:28.610,94028610,8467568,5.08,500,0,B,0,16:05:18.777
000931.SZ,09:40:29.860,94029860,8478232,5.07,1000,0,B,0,16:05:18.882
000931.SZ,09:40:30.220,94030220,8481159,5.1,1700,0,S,0,16:05:18.930
000931.SZ,09:40:30.240,94030240,8481636,5.07,500,0,B,0,16:05:18.930
000931.SZ,09:40:35.460,94035460,8532750,5.07,200,0,B,0,16:05:19.289
000931.SZ,09:40:35.530,94035530,8533820,4.96,600,0,B,0,16:05:19.289
000931.SZ,09:40:35.600,94035600,8534277,5.08,400,0,S,0,16:05:19.289
000931.SZ,09:40:36.620,94036620,8546161,5.07,1000,0,S,0,16:05:19.392
000931.SZ,09:40:36.950,94036950,8551051,5.07,400,0,B,0,16:05:19.518
000931.SZ,09:40:37.010,94037010,8551588,5.08,1900,0,S,0,16:05:19.518
000931.SZ,09:40:37.510,94037510,8558626,5.07,100,0,B,0,16:05:19.628
000931.SZ,09:40:38.390,94038390,8569187,5.07,600,0,B,0,16:05:19.862
000931.SZ,09:40:38.690,94038690,8572024,4.9,400,0,B,0,16:05:19.862
000931.SZ,09:40:39.150,94039150,8575851,5.07,700,0,B,0,16:05:19.981
000931.SZ,09:40:39.330,94039330,8577777,5.07,100,0,B,0,16:05:19.981
000931.SZ,09:40:39.430,94039430,8578760,5.07,100,0,B,0,16:05:19.981
000931.SZ,09:40:39.800,94039800,8582675,5.07,100,0,B,0,16:05:20.138
000931.SZ,09:40:40.810,94040810,8591894,5.08,1000,0,S,0,16:05:20.343
000931.SZ,09:40:44.340,94044340,8621642,5.08,500,0,B,0,16:05:20.860
000931.SZ,09:40:46.080,94046080,8636058,5.11,10000,0,S,0,16:05:21.060
000931.SZ,09:40:46.350,94046350,8638315,5.07,100,0,S,0,16:05:21.168
000931.SZ,09:40:46.440,94046440,8639136,5.05,500,0,B,0,16:05:21.168
000931.SZ,09:40:46.550,94046550,8640328,5.08,800,0,S,0,16:05:21.168
000931.SZ,09:40:46.770,94046770,8641991,4.8,2000,0,B,0,16:05:21.278
000931.SZ,09:40:50.520,94050520,8674139,5.08,2900,0,S,0,16:05:21.843
000931.SZ,09:40:51.140,94051140,8679522,5.07,300,0,B,0,16:05:21.977
000931.SZ,09:40:51.470,94051470,8683282,5.08,100,0,S,0,16:05:21.977
000931.SZ,09:40:51.540,94051540,8684065,5.08,600,0,S,0,16:05:21.977
000931.SZ,09:40:52.200,94052200,8690444,5.21,2000,0,S,0,16:05:22.105
000931.SZ,09:40:52.540,94052540,8694140,5.08,100,0,S,0,16:05:22.245
000931.SZ,09:40:53.190,94053190,8699482,5.07,800,0,S,0,16:05:22.357
000931.SZ,09:40:53.380,94053380,8701082,5.07,800,0,S,0,16:05:22.357
000931.SZ,09:40:53.780,94053780,8704501,5.07,800,0,S,0,16:05:22.357
000931.SZ,09:40:53.810,94053810,8704679,5.08,500,0,S,0,16:05:22.357
000931.SZ,09:40:54.590,94054590,8712061,5.07,13500,0,S,0,16:05:22.481
000931.SZ,09:40:54.600,94054600,8712156,5.07,300,0,S,0,16:05:22.481
000931.SZ,09:40:54.600,94054600,8712159,5.07,600,0,S,0,16:05:22.481
000931.SZ,09:40:54.600,94054600,8712162,5.07,400,0,S,0,16:05:22.481
000931.SZ,09:40:54.600,94054600,8712168,5.07,14100,0,S,0,16:05:22.481
000931.SZ,09:40:54.600,94054600,8712186,5.07,300,0,S,0,16:05:22.481
000931.SZ,09:40:54.600,94054600,8712199,5.07,1900,0,S,0,16:05:22.481
000931.SZ,09:40:54.600,94054600,8712207,5.08,300,0,S,0,16:05:22.481
000931.SZ,09:40:54.600,94054600,8712209,5.08,500,0,S,0,16:05:22.481
000931.SZ,09:40:54.600,94054600,8712212,5.06,1300,0,S,0,16:05:22.481
000931.SZ,09:40:54.600,94054600,8712217,5.06,2500,0,S,0,16:05:22.481
000931.SZ,09:40:54.620,94054620,8712316,5.06,13800,0,S,0,16:05:22.481
000931.SZ,09:40:54.790,94054790,8713834,5.07,600,0,S,0,16:05:22.608
000931.SZ,09:40:54.810,94054810,8713975,5.07,100,0,S,0,16:05:22.608
000931.SZ,09:40:54.810,94054810,8713977,5.07,100,0,S,0,16:05:22.608
000931.SZ,09:40:54.810,94054810,8713979,5.07,100,0,S,0,16:05:22.608
000931.SZ,09:40:54.810,94054810,8713980,5.07,100,0,S,0,16:05:22.608
000931.SZ,09:40:54.810,94054810,8713981,5.07,100,0,S,0,16:05:22.608
000931.SZ,09:40:54.810,94054810,8713982,5.07,100,0,S,0,16:05:22.608
000931.SZ,09:40:54.810,94054810,8713983,5.07,100,0,S,0,16:05:22.608
000931.SZ,09:40:54.820,94054820,8713985,5.07,100,0,S,0,16:05:22.608
000931.SZ,09:40:54.820,94054820,8713987,5.07,200,0,S,0,16:05:22.608
000931.SZ,09:40:54.820,94054820,8713993,5.07,200,0,S,0,16:05:22.608
000931.SZ,09:40:54.820,94054820,8713996,5.07,200,0,S,0,16:05:22.608
000931.SZ,09:40:54.830,94054830,8714130,5.07,100,0,S,0,16:05:22.608
000931.SZ,09:40:55.090,94055090,8716031,5.08,900,0,S,0,16:05:22.608
000931.SZ,09:40:55.100,94055100,8716140,5.06,800,0,B,0,16:05:22.608
000931.SZ,09:40:55.200,94055200,8716879,5.07,100,0,B,0,16:05:22.608
000931.SZ,09:40:55.230,94055230,8717187,5.07,1000,0,B,0,16:05:22.608
000931.SZ,09:40:55.380,94055380,8718263,5.07,800,0,S,0,16:05:22.733
000931.SZ,09:40:56.380,94056380,8725784,5.07,300,0,B,0,16:05:22.827
000931.SZ,09:40:56.380,94056380,8725849,5.07,800,0,S,0,16:05:22.827
000931.SZ,09:40:56.390,94056390,8725867,5.07,800,0,S,0,16:05:22.827
000931.SZ,09:40:56.750,94056750,8728252,5.07,800,0,S,0,16:05:22.827
000931.SZ,09:40:57.360,94057360,8732822,0.0,2900,U,S,0,16:05:22.943
000931.SZ,09:40:57.380,94057380,8732996,5.07,800,0,S,0,16:05:22.943
000931.SZ,09:40:58.180,94058180,8740054,5.07,900,0,S,0,16:05:23.103
000931.SZ,09:40:58.620,94058620,8743981,5.07,48800,0,B,0,16:05:23.203
000931.SZ,09:40:58.860,94058860,8746180,5.08,300,0,S,0,16:05:23.203
000931.SZ,09:40:59.240,94059240,8749026,5.07,100,0,S,0,16:05:23.329
000931.SZ,09:40:59.240,94059240,8749028,5.07,1100,0,S,0,16:05:23.329
000931.SZ,09:40:59.420,94059420,8750360,5.07,700,0,S,0,16:05:23.329
000931.SZ,09:40:59.550,94059550,8751269,5.07,15400,0,S,0,16:05:23.329
000931.SZ,09:40:59.560,94059560,8751298,5.07,7000,0,S,0,16:05:23.329
000931.SZ,09:40:59.560,94059560,8751300,5.07,1600,0,S,0,16:05:23.329
000931.SZ,09:40:59.560,94059560,8751302,5.07,800,0,S,0,16:05:23.329
000931.SZ,09:40:59.560,94059560,8751304,5.07,500,0,S,0,16:05:23.329
000931.SZ,09:40:59.560,94059560,8751370,5.07,1000,0,S,0,16:05:23.329
000931.SZ,09:40:59.570,94059570,8751395,5.07,300,0,S,0,16:05:23.329
000931.SZ,09:40:59.570,94059570,8751398,5.07,300,0,S,0,16:05:23.329
000931.SZ,09:40:59.570,94059570,8751404,5.07,800,0,S,0,16:05:23.329
000931.SZ,09:40:59.570,94059570,8751408,5.07,400,0,S,0,16:05:23.329
000931.SZ,09:40:59.570,94059570,8751447,5.07,1200,0,S,0,16:05:23.329
000931.SZ,09:40:59.590,94059590,8751608,5.07,300,0,S,0,16:05:23.329
000931.SZ,09:40:59.600,94059600,8751632,5.07,200,0,S,0,16:05:23.329
000931.SZ,09:40:59.600,94059600,8751635,5.07,3500,0,S,0,16:05:23.329
000931.SZ,09:40:59.600,94059600,8751637,5.07,300,0,S,0,16:05:23.329
000931.SZ,09:40:59.610,94059610,8751675,5.07,200,0,S,0,16:05:23.329
000931.SZ,09:40:59.650,94059650,8751983,5.08,200,0,S,0,16:05:23.329
000931.SZ,09:41:00.190,94100190,8756898,5.07,1900,0,S,0,16:05:23.517
000931.SZ,09:41:00.190,94100190,8756906,5.07,400,0,B,0,16:05:23.517
000931.SZ,09:41:00.190,94100190,8756969,5.08,300,0,S,0,16:05:23.517
000931.SZ,09:41:00.190,94100190,8756982,5.08,500,0,S,0,16:05:23.517
000931.SZ,09:41:00.200,94100200,8757017,5.07,400,0,S,0,16:05:23.517
000931.SZ,09:41:00.200,94100200,8757029,5.07,200,0,S,0,16:05:23.517
000931.SZ,09:41:00.200,94100200,8757038,5.07,200,0,S,0,16:05:23.517
000931.SZ,09:41:00.200,94100200,8757041,5.07,200,0,S,0,16:05:23.517
000931.SZ,09:41:00.200,94100200,8757052,5.07,100,0,S,0,16:05:23.517
000931.SZ,09:41:00.210,94100210,8757121,5.07,300,0,S,0,16:05:23.517
000931.SZ,09:41:00.220,94100220,8757293,5.07,800,0,S,0,16:05:23.517
000931.SZ,09:41:00.280,94100280,8757888,5.08,2200,0,S,0,16:05:23.517
000931.SZ,09:41:00.390,94100390,8758800,5.07,3700,0,S,0,16:05:23.517
000931.SZ,09:41:00.400,94100400,8758968,5.07,300,0,S,0,16:05:23.517
000931.SZ,09:41:00.410,94100410,8759012,5.07,200,0,S,0,16:05:23.517
000931.SZ,09:41:00.420,94100420,8759198,5.07,600,0,S,0,16:05:23.517
000931.SZ,09:41:00.450,94100450,8759483,5.06,6900,0,B,0,16:05:23.517
000931.SZ,09:41:00.540,94100540,8760586,5.07,1600,0,S,0,16:05:23.517
000931.SZ,09:41:00.550,94100550,8760682,5.07,400,0,B,0,16:05:23.517
000931.SZ,09:41:00.550,94100550,8760690,5.07,600,0,B,0,16:05:23.517
000931.SZ,09:41:00.560,94100560,8760743,5.07,400,0,B,0,16:05:23.517
000931.SZ,09:41:00.580,94100580,8760909,5.07,200,0,B,0,16:05:23.517
000931.SZ,09:41:00.850,94100850,8763642,5.07,2000,0,S,0,16:05:23.683
000931.SZ,09:41:01.680,94101680,8771021,5.19,2000,0,S,0,16:05:23.792
000931.SZ,09:41:02.560,94102560,8778944,5.07,400,0,B,0,16:05:23.902
000931.SZ,09:41:02.600,94102600,8779145,5.07,500,0,B,0,16:05:23.974
000931.SZ,09:41:02.840,94102840,8780880,5.07,600,0,B,0,16:05:23.974
000931.SZ,09:41:02.850,94102850,8780985,5.08,100,0,S,0,16:05:23.974
000931.SZ,09:41:03.380,94103380,8785759,5.03,2200,0,S,0,16:05:24.053
000931.SZ,09:41:04.370,94104370,8794332,5.07,1100,0,B,0,16:05:24.313
000931.SZ,09:41:04.370,94104370,8794334,5.07,900,0,B,0,16:05:24.313
000931.SZ,09:41:05.770,94105770,8807896,5.0,200,0,B,0,16:05:24.534
000931.SZ,09:41:05.790,94105790,8807980,5.07,400,0,S,0,16:05:24.534
000931.SZ,09:41:06.490,94106490,8814331,5.07,1000,0,S,0,16:05:24.576
000931.SZ,09:41:06.650,94106650,8816254,5.07,1500,0,S,0,16:05:24.576
000931.SZ,09:41:06.920,94106920,8818496,5.1,10000,0,S,0,16:05:24.674
000931.SZ,09:41:09.650,94109650,8841082,5.07,1000,0,S,0,16:05:25.113
000931.SZ,09:41:09.780,94109780,8842014,5.07,500,0,B,0,16:05:25.113
000931.SZ,09:41:11.800,94111800,8858875,5.03,300,0,B,0,16:05:25.488
000931.SZ,09:41:11.850,94111850,8859330,5.07,200,0,B,0,16:05:25.488
000931.SZ,09:41:12.390,94112390,8863152,5.06,500,0,B,0,16:05:25.488
000931.SZ,09:41:12.640,94112640,8865594,5.03,200,0,B,0,16:05:25.614
000931.SZ,09:41:13.100,94113100,8869158,5.07,1000,0,S,0,16:05:25.614
000931.SZ,09:41:13.200,94113200,8870247,5.07,100,0,S,0,16:05:25.723
000931.SZ,09:41:14.190,94114190,8878285,5.07,100,0,S,0,16:05:25.804
000931.SZ,09:41:14.230,94114230,8878496,4.8,500,0,B,0,16:05:25.804
000931.SZ,09:41:15.000,94115000,8883356,5.03,5000,0,B,0,16:05:25.929
000931.SZ,09:41:15.580,94115580,8887950,5.07,100,0,S,0,16:05:26.010
000931.SZ,09:41:16.110,94116110,8892255,5.03,2000,0,B,0,16:05:26.095
000931.SZ,09:41:18.790,94118790,8914321,5.07,1600,0,S,0,16:05:26.473
000931.SZ,09:41:18.790,94118790,8914325,5.07,800,0,S,0,16:05:26.473
000931.SZ,09:41:19.080,94119080,8917039,5.07,1100,0,S,0,16:05:26.586
000931.SZ,09:41:21.320,94121320,8936294,5.06,4300,0,S,0,16:05:26.927
000931.SZ,09:41:21.330,94121330,8936439,5.06,100,0,S,0,16:05:26.927
000931.SZ,09:41:23.390,94123390,8954548,5.04,5000,0,B,0,16:05:27.267
000931.SZ,09:41:23.410,94123410,8954644,5.07,200,0,S,0,16:05:27.267
000931.SZ,09:41:23.700,94123700,8956857,5.06,200,0,B,0,16:05:27.267
000931.SZ,09:41:24.080,94124080,8960044,5.07,1000,0,S,0,16:05:27.392
000931.SZ,09:41:24.300,94124300,8962444,5.06,1600,0,S,0,16:05:27.392
000931.SZ,09:41:25.150,94125150,8969627,5.06,300,0,B,0,16:05:27.517
000931.SZ,09:41:25.420,94125420,8972171,5.06,400,0,B,0,16:05:27.628
000931.SZ,09:41:25.460,94125460,8972527,5.06,400,0,B,0,16:05:27.628
000931.SZ,09:41:25.460,94125460,8972553,5.06,800,0,B,0,16:05:27.628
000931.SZ,09:41:27.370,94127370,8988221,5.06,400,0,S,0,16:05:27.926
000931.SZ,09:41:27.370,94127370,8988226,5.06,900,0,S,0,16:05:27.926
000931.SZ,09:41:27.370,94127370,8988229,5.06,300,0,S,0,16:05:27.926
000931.SZ,09:41:27.380,94127380,8988292,5.07,1200,0,S,0,16:05:27.926
000931.SZ,09:41:27.380,94127380,8988327,5.05,400,0,S,0,16:05:27.926
000931.SZ,09:41:29.190,94129190,9001980,5.07,2900,0,S,0,16:05:28.233
000931.SZ,09:41:29.690,94129690,9005682,5.03,2000,0,S,0,16:05:28.233
000931.SZ,09:41:29.740,94129740,9006027,5.06,800,0,S,0,16:05:28.233
000931.SZ,09:41:30.300,94130300,9010901,5.06,4600,0,S,0,16:05:28.377
000931.SZ,09:41:30.360,94130360,9011300,5.05,500,0,S,0,16:05:28.377
000931.SZ,09:41:30.550,94130550,9013065,5.06,2100,0,S,0,16:05:28.377
000931.SZ,09:41:30.560,94130560,9013088,5.06,800,0,S,0,16:05:28.377
000931.SZ,09:41:31.380,94131380,9019838,5.07,800,0,S,0,16:05:28.512
000931.SZ,09:41:31.620,94131620,9021930,5.06,20600,0,S,0,16:05:28.586
000931.SZ,09:41:31.750,94131750,9022813,5.01,1000,0,B,0,16:05:28.586
000931.SZ,09:41:33.270,94133270,9033889,5.06,500,0,B,0,16:05:28.745
000931.SZ,09:41:33.280,94133280,9034007,5.06,200,0,S,0,16:05:28.745
000931.SZ,09:41:33.280,94133280,9034022,5.06,200,0,S,0,16:05:28.745
000931.SZ,09:41:33.280,94133280,9034042,5.06,100,0,S,0,16:05:28.745
000931.SZ,09:41:33.290,94133290,9034103,5.06,100,0,S,0,16:05:28.745
000931.SZ,09:41:33.300,94133300,9034120,5.06,100,0,S,0,16:05:28.745
000931.SZ,09:41:33.310,94133310,9034178,5.06,1900,0,S,0,16:05:28.745
000931.SZ,09:41:33.390,94133390,9034814,5.06,3300,0,S,0,16:05:28.745
000931.SZ,09:41:33.390,94133390,9034835,5.06,100,0,S,0,16:05:28.745
000931.SZ,09:41:33.460,94133460,9035304,5.05,100,0,B,0,16:05:28.745
000931.SZ,09:41:33.460,94133460,9035319,5.05,1700,0,B,0,16:05:28.745
000931.SZ,09:41:33.460,94133460,9035345,5.07,1900,0,S,0,16:05:28.745
000931.SZ,09:41:34.080,94134080,9040371,5.06,200,0,B,0,16:05:28.946
000931.SZ,09:41:35.440,94135440,9050347,5.02,200,0,B,0,16:05:29.125
000931.SZ,09:41:35.530,94135530,9051078,4.88,500,0,B,0,16:05:29.125
000931.SZ,09:41:35.560,94135560,9051213,5.06,1000,0,S,0,16:05:29.125
000931.SZ,09:41:36.180,94136180,9055269,5.06,400,0,S,0,16:05:29.222
000931.SZ,09:41:36.270,94136270,9055975,5.06,1900,0,S,0,16:05:29.222
000931.SZ,09:41:36.290,94136290,9056101,5.06,2900,0,B,0,16:05:29.222
000931.SZ,09:41:36.330,94136330,9056312,5.06,5900,0,B,0,16:05:29.222
000931.SZ,09:41:36.330,94136330,9056341,5.06,100,0,S,0,16:05:29.222
000931.SZ,09:41:36.330,94136330,9056343,5.06,300,0,S,0,16:05:29.222
000931.SZ,09:41:36.330,94136330,9056345,5.07,51900,0,S,0,16:05:29.222
000931.SZ,09:41:36.330,94136330,9056346,5.06,300,0,S,0,16:05:29.222
000931.SZ,09:41:36.330,94136330,9056349,5.06,100,0,S,0,16:05:29.222
000931.SZ,09:41:36.330,94136330,9056355,5.06,100,0,S,0,16:05:29.222
000931.SZ,09:41:36.330,94136330,9056368,5.06,200,0,S,0,16:05:29.222
000931.SZ,09:41:36.350,94136350,9056432,5.06,5900,0,B,0,16:05:29.222
000931.SZ,09:41:36.350,94136350,9056461,5.06,100,0,S,0,16:05:29.222
000931.SZ,09:41:36.780,94136780,9059825,5.06,800,0,S,0,16:05:29.299
000931.SZ,09:41:36.960,94136960,9061122,5.06,500,0,S,0,16:05:29.299
000931.SZ,09:41:36.970,94136970,9061154,5.06,200,0,S,0,16:05:29.299
000931.SZ,09:41:36.970,94136970,9061156,5.06,200,0,S,0,16:05:29.299
000931.SZ,09:41:36.970,94136970,9061158,5.06,300,0,S,0,16:05:29.299
000931.SZ,09:41:36.970,94136970,9061161,5.06,500,0,S,0,16:05:29.299
000931.SZ,09:41:37.070,94137070,9061937,5.07,20000,0,S,0,16:05:29.299
000931.SZ,09:41:37.080,94137080,9062019,5.06,600,0,S,0,16:05:29.299
000931.SZ,09:41:37.480,94137480,9065424,5.06,2200,0,B,0,16:05:29.409
000931.SZ,09:41:37.510,94137510,9065675,5.03,2000,0,B,0,16:05:29.409
000931.SZ,09:41:37.540,94137540,9065883,5.06,100,0,S,0,16:05:29.409
000931.SZ,09:41:37.570,94137570,9066128,5.06,1400,0,S,0,16:05:29.409
000931.SZ,09:41:37.580,94137580,9066195,5.07,21800,0,S,0,16:05:29.409
000931.SZ,09:41:37.790,94137790,9067429,5.06,800,0,S,0,16:05:29.409
000931.SZ,09:41:37.790,94137790,9067445,5.06,2800,0,S,0,16:05:29.409
000931.SZ,09:41:37.790,94137790,9067471,5.06,700,0,S,0,16:05:29.409
000931.SZ,09:41:37.790,94137790,9067473,5.06,200,0,S,0,16:05:29.409
000931.SZ,09:41:37.810,94137810,9067596,5.05,7100,0,B,0,16:05:29.502
000931.SZ,09:41:37.950,94137950,9068388,5.06,100,0,S,0,16:05:29.502
000931.SZ,09:41:38.540,94138540,9073300,5.06,600,0,S,0,16:05:29.502
000931.SZ,09:41:39.250,94139250,9078531,5.06,1100,0,S,0,16:05:29.695
000931.SZ,09:41:39.400,94139400,9079657,5.06,800,0,S,0,16:05:29.695
000931.SZ,09:41:39.730,94139730,9082353,5.06,1000,0,S,0,16:05:29.695
000931.SZ,09:41:39.790,94139790,9082886,5.06,800,0,S,0,16:05:29.695
000931.SZ,09:41:39.790,94139790,9082892,5.06,1600,0,S,0,16:05:29.695
000931.SZ,09:41:39.810,94139810,9083081,5.06,5900,0,B,0,16:05:29.695
000931.SZ,09:41:39.810,94139810,9083092,5.06,5900,0,B,0,16:05:29.695
000931.SZ,09:41:39.810,94139810,9083094,5.06,5900,0,B,0,16:05:29.695
000931.SZ,09:41:39.810,94139810,9083151,5.06,2900,0,B,0,16:05:29.695
000931.SZ,09:41:39.820,94139820,9083219,5.06,1900,0,S,0,16:05:29.695
000931.SZ,09:41:39.820,94139820,9083221,5.07,29800,0,S,0,16:05:29.695
000931.SZ,09:41:39.820,94139820,9083238,5.06,600,0,S,0,16:05:29.695
000931.SZ,09:41:39.830,94139830,9083417,5.06,1700,0,S,0,16:05:29.695
000931.SZ,09:41:39.840,94139840,9083521,5.06,2300,0,S,0,16:05:29.695
000931.SZ,09:41:39.840,94139840,9083595,5.06,1700,0,S,0,16:05:29.753
000931.SZ,09:41:41.190,94141190,9097578,5.06,400,0,S,0,16:05:30.027
000931.SZ,09:41:41.750,94141750,9103000,5.05,900,0,S,0,16:05:30.109
000931.SZ,09:41:41.760,94141760,9103023,5.06,1500,0,S,0,16:05:30.109
000931.SZ,09:41:41.760,94141760,9103062,5.06,800,0,S,0,16:05:30.109
000931.SZ,09:41:41.760,94141760,9103067,5.06,900,0,S,0,16:05:30.109
000931.SZ,09:41:41.760,94141760,9103072,5.06,500,0,S,0,16:05:30.109
000931.SZ,09:41:41.760,94141760,9103075,5.07,43900,0,S,0,16:05:30.109
000931.SZ,09:41:42.240,94142240,9107978,5.06,1400,0,S,0,16:05:30.264
000931.SZ,09:41:42.460,94142460,9110988,5.06,700,0,B,0,16:05:30.264
000931.SZ,09:41:42.470,94142470,9111102,5.07,1900,0,S,0,16:05:30.264
000931.SZ,09:41:42.480,94142480,9111171,5.06,900,0,S,0,16:05:30.264
000931.SZ,09:41:42.500,94142500,9111375,5.05,7100,0,B,0,16:05:30.264
000931.SZ,09:41:43.260,94143260,9118651,5.03,13000,0,B,0,16:05:30.516
000931.SZ,09:41:43.290,94143290,9118849,5.06,1900,0,S,0,16:05:30.516
000931.SZ,09:41:43.300,94143300,9118907,5.06,1600,0,B,0,16:05:30.516
000931.SZ,09:41:43.320,94143320,9119143,5.06,2900,0,B,0,16:05:30.516
000931.SZ,09:41:43.330,94143330,9119257,5.06,5900,0,B,0,16:05:30.516
000931.SZ,09:41:43.330,94143330,9119260,5.06,5900,0,B,0,16:05:30.516
000931.SZ,09:41:43.330,94143330,9119268,5.06,5900,0,B,0,16:05:30.516
000931.SZ,09:41:43.330,94143330,9119280,5.06,400,0,S,0,16:05:30.516
000931.SZ,09:41:43.330,94143330,9119283,5.07,18200,0,S,0,16:05:30.516
000931.SZ,09:41:43.500,94143500,9121120,5.07,3200,0,B,0,16:05:30.516
000931.SZ,09:41:45.160,94145160,9135505,5.06,2000,0,S,0,16:05:30.720
000931.SZ,09:41:45.160,94145160,9135535,5.06,3100,0,S,0,16:05:30.720
000931.SZ,09:41:45.160,94145160,9135541,5.06,1900,0,S,0,16:05:30.720
000931.SZ,09:41:45.170,94145170,9135569,5.07,9900,0,S,0,16:05:30.720
000931.SZ,09:41:45.180,94145180,9135653,5.06,500,0,S,0,16:05:30.720
000931.SZ,09:41:45.180,94145180,9135729,5.06,2300,0,S,0,16:05:30.832
000931.SZ,09:41:45.490,94145490,9138677,5.61,1000,0,S,0,16:05:30.832
000931.SZ,09:41:48.060,94148060,9159814,5.06,400,0,B,0,16:05:31.298
000931.SZ,09:41:48.070,94148070,9159836,5.06,500,0,B,0,16:05:31.298
000931.SZ,09:41:48.330,94148330,9162505,5.06,500,0,S,0,16:05:31.298
000931.SZ,09:41:50.920,94150920,9183783,5.06,1000,0,B,0,16:05:31.704
000931.SZ,09:41:51.090,94151090,9185152,5.08,3900,0,B,0,16:05:31.704
000931.SZ,09:41:51.090,94151090,9185219,5.07,9400,0,S,0,16:05:31.704
000931.SZ,09:41:51.120,94151120,9185456,5.07,1200,0,S,0,16:05:31.704
000931.SZ,09:41:51.330,94151330,9187141,5.06,1700,0,S,0,16:05:31.833
000931.SZ,09:41:51.330,94151330,9187153,5.06,1900,0,S,0,16:05:31.833
000931.SZ,09:41:51.330,94151330,9187173,5.07,36200,0,S,0,16:05:31.833
000931.SZ,09:41:51.350,94151350,9187378,5.05,7100,0,B,0,16:05:31.833
000931.SZ,09:41:51.370,94151370,9187624,5.06,1900,0,S,0,16:05:31.833
000931.SZ,09:41:51.380,94151380,9187648,5.06,22200,0,S,0,16:05:31.833
000931.SZ,09:41:51.990,94151990,9192796,5.06,1100,0,S,0,16:05:31.943
000931.SZ,09:41:52.220,94152220,9194758,5.06,3000,0,S,0,16:05:31.943
000931.SZ,09:41:52.280,94152280,9195188,5.15,5000,0,S,0,16:05:31.943
000931.SZ,09:41:53.900,94153900,9206628,5.06,100,0,B,0,16:05:32.201
000931.SZ,09:41:54.170,94154170,9208568,5.06,600,0,B,0,16:05:32.201
000931.SZ,09:41:54.510,94154510,9212289,5.06,5000,0,S,0,16:05:32.343
000931.SZ,09:41:54.530,94154530,9212506,5.06,2900,0,B,0,16:05:32.343
000931.SZ,09:41:54.530,94154530,9212510,5.06,5900,0,B,0,16:05:32.343
000931.SZ,09:41:54.540,94154540,9212563,5.06,5900,0,B,0,16:05:32.343
000931.SZ,09:41:54.560,94154560,9212681,5.06,5900,0,B,0,16:05:32.343
000931.SZ,09:41:55.380,94155380,9219179,5.06,400,0,B,0,16:05:32.484
000931.SZ,09:41:55.400,94155400,9219431,5.06,5900,0,B,0,16:05:32.484
000931.SZ,09:41:55.400,94155400,9219438,5.06,5900,0,B,0,16:05:32.484
000931.SZ,09:41:55.400,94155400,9219442,5.06,2900,0,B,0,16:05:32.484
000931.SZ,09:41:55.410,94155410,9219495,5.06,300,0,S,0,16:05:32.484
000931.SZ,09:41:55.410,94155410,9219502,5.06,1400,0,B,0,16:05:32.484
000931.SZ,09:41:55.430,94155430,9219714,5.07,4700,0,S,0,16:05:32.484
000931.SZ,09:41:56.270,94156270,9226013,5.04,13300,0,B,0,16:05:32.626
000931.SZ,09:41:56.940,94156940,9230467,4.96,1000,0,B,0,16:05:32.626
000931.SZ,09:41:57.380,94157380,9233410,5.05,400,0,S,0,16:05:32.626
000931.SZ,09:41:57.390,94157390,9233474,5.06,800,0,S,0,16:05:32.626
000931.SZ,09:41:57.400,94157400,9233623,5.06,7400,0,S,0,16:05:32.626
000931.SZ,09:41:57.850,94157850,9236983,5.07,100,0,S,0,16:05:32.772
000931.SZ,09:41:57.990,94157990,9238077,5.06,1000,0,S,0,16:05:32.772
000931.SZ,09:41:58.090,94158090,9238743,5.07,900,0,S,0,16:05:32.772
000931.SZ,09:41:58.090,94158090,9238755,5.07,1000,0,S,0,16:05:32.772
000931.SZ,09:41:58.120,94158120,9238919,5.06,1000,0,S,0,16:05:32.772
000931.SZ,09:41:59.930,94159930,9252071,5.05,1500,0,B,0,16:05:33.018
000931.SZ,09:42:00.370,94200370,9255425,5.05,500,0,B,0,16:05:33.153
000931.SZ,09:42:00.390,94200390,9255628,5.06,2800,0,S,0,16:05:33.153
000931.SZ,09:42:01.080,94201080,9262546,5.05,1200,0,S,0,16:05:33.437
000931.SZ,09:42:01.090,94201090,9262614,5.05,900,0,B,0,16:05:33.437
000931.SZ,09:42:01.090,94201090,9262615,5.05,1000,0,S,0,16:05:33.437
000931.SZ,09:42:01.120,94201120,9262808,5.04,1000,0,B,0,16:05:33.437
000931.SZ,09:42:01.130,94201130,9262814,5.05,1000,0,S,0,16:05:33.437
000931.SZ,09:42:02.270,94202270,9271894,5.01,5000,0,B,0,16:05:33.532
000931.SZ,09:42:03.350,94203350,9279702,5.06,500,0,B,0,16:05:33.735
000931.SZ,09:42:04.940,94204940,9291894,5.07,3700,0,B,0,16:05:33.971
000931.SZ,09:42:05.220,94205220,9294008,5.06,44800,0,S,0,16:05:34.037
000931.SZ,09:42:05.980,94205980,9300209,5.04,1000,0,B,0,16:05:34.137
000931.SZ,09:42:06.100,94206100,9301135,5.05,30000,0,B,0,16:05:34.137
000931.SZ,09:42:06.770,94206770,9306890,5.06,2700,0,S,0,16:05:34.327
000931.SZ,09:42:07.140,94207140,9309625,5.06,1000,0,S,0,16:05:34.327
000931.SZ,09:42:08.830,94208830,9323361,5.06,2500,0,S,0,16:05:34.561
000931.SZ,09:42:10.560,94210560,9336638,5.06,400,0,B,0,16:05:34.940
000931.SZ,09:42:10.840,94210840,9338793,5.06,2400,0,S,0,16:05:34.940
000931.SZ,09:42:12.270,94212270,9349094,5.06,1600,0,B,0,16:05:35.168
000931.SZ,09:42:12.580,94212580,9351565,5.03,500,0,B,0,16:05:35.168
000931.SZ,09:42:12.690,94212690,9352470,5.05,1600,0,B,0,16:05:35.168
000931.SZ,09:42:12.870,94212870,9353869,5.06,2200,0,S,0,16:05:35.168
000931.SZ,09:42:14.980,94214980,9369068,5.06,2000,0,S,0,16:05:35.529
000931.SZ,09:42:16.510,94216510,9381642,5.04,1000,0,B,0,16:05:35.718
000931.SZ,09:42:17.980,94217980,9394473,5.05,500,0,S,0,16:05:35.937
000931.SZ,09:42:18.030,94218030,9394884,4.95,5000,0,B,0,16:05:35.937
000931.SZ,09:42:18.290,94218290,9397422,5.06,400,0,S,0,16:05:36.047
000931.SZ,09:42:18.290,94218290,9397424,5.06,400,0,S,0,16:05:36.047
000931.SZ,09:42:19.460,94219460,9409226,5.05,100,0,B,0,16:05:36.276
000931.SZ,09:42:20.620,94220620,9417481,5.02,1000,0,S,0,16:05:36.372
000931.SZ,09:42:21.280,94221280,9421412,5.0,100,0,B,0,16:05:36.515
000931.SZ,09:42:21.310,94221310,9421658,5.06,200,0,S,0,16:05:36.515
000931.SZ,09:42:23.700,94223700,9439206,5.06,100,0,B,0,16:05:36.794
000931.SZ,09:42:23.720,94223720,9439314,5.06,200,0,S,0,16:05:36.794
000931.SZ,09:42:25.060,94225060,9449669,5.06,400,0,S,0,16:05:37.015
000931.SZ,09:42:26.580,94226580,9461267,5.08,15000,0,S,0,16:05:37.243
000931.SZ,09:42:27.830,94227830,9470612,5.06,400,0,B,0,16:05:37.496
000931.SZ,09:42:28.090,94228090,9472277,5.06,2000,0,S,0,16:05:37.496
000931.SZ,09:42:28.600,94228600,9476623,5.06,3000,0,B,0,16:05:37.606
000931.SZ,09:42:29.860,94229860,9484896,5.01,5500,0,B,0,16:05:37.763
000931.SZ,09:42:30.060,94230060,9486743,5.02,1000,0,B,0,16:05:37.763
000931.SZ,09:42:30.580,94230580,9491513,5.06,600,0,B,0,16:05:37.889
000931.SZ,09:42:30.590,94230590,9491582,5.06,600,0,B,0,16:05:37.889
000931.SZ,09:42:30.860,94230860,9493869,5.06,1000,0,S,0,16:05:37.889
000931.SZ,09:42:30.880,94230880,9493978,5.06,5900,0,B,0,16:05:37.889
000931.SZ,09:42:30.880,94230880,9493983,5.06,5900,0,B,0,16:05:37.889
000931.SZ,09:42:30.880,94230880,9493990,5.06,2900,0,B,0,16:05:37.889
000931.SZ,09:42:30.880,94230880,9494002,5.07,33700,0,S,0,16:05:37.889
000931.SZ,09:42:31.390,94231390,9498057,5.06,100,0,S,0,16:05:38.044
000931.SZ,09:42:31.480,94231480,9499023,5.06,11700,0,S,0,16:05:38.044
000931.SZ,09:42:31.520,94231520,9499426,5.06,1000,0,S,0,16:05:38.044
000931.SZ,09:42:31.530,94231530,9499533,5.06,5300,0,S,0,16:05:38.044
000931.SZ,09:42:32.130,94232130,9504324,5.06,2500,0,B,0,16:05:38.044
000931.SZ,09:42:32.790,94232790,9509030,5.06,1000,0,S,0,16:05:38.166
000931.SZ,09:42:32.800,94232800,9509089,5.0,200,0,B,0,16:05:38.166
000931.SZ,09:42:33.350,94233350,9512808,5.06,700,0,B,0,16:05:38.274
000931.SZ,09:42:33.880,94233880,9517313,5.06,100,0,B,0,16:05:38.274
000931.SZ,09:42:33.990,94233990,9517914,5.06,1000,0,S,0,16:05:38.400
000931.SZ,09:42:34.080,94234080,9518614,5.06,1000,0,S,0,16:05:38.400
000931.SZ,09:42:34.090,94234090,9518687,5.06,1000,0,S,0,16:05:38.400
000931.SZ,09:42:34.120,94234120,9518900,5.06,1000,0,S,0,16:05:38.400
000931.SZ,09:42:36.290,94236290,9534863,5.06,1000,0,S,0,16:05:38.698
000931.SZ,09:42:36.790,94236790,9538812,5.06,1600,0,S,0,16:05:38.698
000931.SZ,09:42:36.810,94236810,9538987,5.06,100,0,S,0,16:05:38.698
000931.SZ,09:42:36.930,94236930,9539692,5.06,1100,0,S,0,16:05:38.871
000931.SZ,09:42:36.940,94236940,9539745,5.05,400,0,B,0,16:05:38.871
000931.SZ,09:42:37.070,94237070,9540648,5.06,1000,0,S,0,16:05:38.871
000931.SZ,09:42:37.090,94237090,9540727,5.06,1000,0,S,0,16:05:38.871
000931.SZ,09:42:37.120,94237120,9540926,5.06,1300,0,S,0,16:05:38.871
000931.SZ,09:42:37.190,94237190,9541324,5.06,800,0,S,0,16:05:38.871
000931.SZ,09:42:38.520,94238520,9551160,5.03,1800,0,B,0,16:05:39.012
000931.SZ,09:42:38.600,94238600,9551538,5.06,67400,0,S,0,16:05:39.012
000931.SZ,09:42:38.600,94238600,9551539,5.06,24200,0,S,0,16:05:39.012
000931.SZ,09:42:38.600,94238600,9551553,5.06,800,0,S,0,16:05:39.012
000931.SZ,09:42:38.610,94238610,9551651,5.05,70300,0,S,0,16:05:39.012
000931.SZ,09:42:38.620,94238620,9551706,5.06,73900,0,S,0,16:05:39.012
000931.SZ,09:42:38.620,94238620,9551708,5.05,700,0,S,0,16:05:39.012
000931.SZ,09:42:38.620,94238620,9551714,5.05,9400,0,S,0,16:05:39.012
000931.SZ,09:42:38.620,94238620,9551733,5.05,1400,0,S,0,16:05:39.012
000931.SZ,09:42:38.620,94238620,9551745,5.05,1200,0,S,0,16:05:39.012
000931.SZ,09:42:38.620,94238620,9551746,5.05,200,0,S,0,16:05:39.012
000931.SZ,09:42:38.630,94238630,9551761,5.04,8500,0,B,0,16:05:39.012
000931.SZ,09:42:38.640,94238640,9551806,5.05,1500,0,S,0,16:05:39.012
000931.SZ,09:42:38.770,94238770,9552682,5.02,13100,0,B,0,16:05:39.012
000931.SZ,09:42:39.300,94239300,9556277,5.05,200,0,B,0,16:05:39.106
000931.SZ,09:42:39.300,94239300,9556279,5.05,200,0,B,0,16:05:39.106
000931.SZ,09:42:39.300,94239300,9556281,5.05,300,0,B,0,16:05:39.106
000931.SZ,09:42:39.300,94239300,9556283,5.05,200,0,B,0,16:05:39.106
000931.SZ,09:42:39.300,94239300,9556285,5.05,200,0,B,0,16:05:39.106
000931.SZ,09:42:39.300,94239300,9556287,5.05,200,0,B,0,16:05:39.106
000931.SZ,09:42:39.300,94239300,9556289,5.05,200,0,B,0,16:05:39.106
000931.SZ,09:42:39.300,94239300,9556291,5.05,200,0,B,0,16:05:39.106
000931.SZ,09:42:39.300,94239300,9556293,5.05,300,0,B,0,16:05:39.106
000931.SZ,09:42:39.300,94239300,9556295,5.05,200,0,B,0,16:05:39.106
000931.SZ,09:42:39.300,94239300,9556297,5.05,200,0,B,0,16:05:39.106
000931.SZ,09:42:39.300,94239300,9556299,5.05,300,0,B,0,16:05:39.106
000931.SZ,09:42:39.300,94239300,9556301,5.05,200,0,B,0,16:05:39.106
000931.SZ,09:42:39.300,94239300,9556303,5.05,300,0,B,0,16:05:39.106
000931.SZ,09:42:39.300,94239300,9556305,5.05,200,0,B,0,16:05:39.106
000931.SZ,09:42:39.300,94239300,9556307,5.05,600,0,B,0,16:05:39.106
000931.SZ,09:42:39.300,94239300,9556310,5.05,200,0,B,0,16:05:39.106
000931.SZ,09:42:39.300,94239300,9556312,5.05,200,0,B,0,16:05:39.106
000931.SZ,09:42:39.300,94239300,9556314,5.05,200,0,B,0,16:05:39.106
000931.SZ,09:42:39.300,94239300,9556316,5.05,200,0,B,0,16:05:39.106
000931.SZ,09:42:39.300,94239300,9556318,5.05,300,0,B,0,16:05:39.106
000931.SZ,09:42:39.300,94239300,9556321,5.05,200,0,B,0,16:05:39.106
000931.SZ,09:42:39.300,94239300,9556323,5.05,200,0,B,0,16:05:39.106
000931.SZ,09:42:39.300,94239300,9556325,5.05,200,0,B,0,16:05:39.106
000931.SZ,09:42:39.300,94239300,9556327,5.05,200,0,B,0,16:05:39.106
000931.SZ,09:42:39.300,94239300,9556329,5.05,300,0,B,0,16:05:39.106
000931.SZ,09:42:39.300,94239300,9556331,5.05,300,0,B,0,16:05:39.106
000931.SZ,09:42:39.300,94239300,9556333,5.05,200,0,B,0,16:05:39.106
000931.SZ,09:42:39.300,94239300,9556334,5.05,200,0,B,0,16:05:39.106
000931.SZ,09:42:39.300,94239300,9556335,5.05,300,0,B,0,16:05:39.106
000931.SZ,09:42:39.300,94239300,9556336,5.05,200,0,B,0,16:05:39.106
000931.SZ,09:42:39.300,94239300,9556338,5.05,100,0,B,0,16:05:39.106
000931.SZ,09:42:39.300,94239300,9556339,5.05,200,0,B,0,16:05:39.106
000931.SZ,09:42:39.300,94239300,9556340,5.05,100,0,B,0,16:05:39.106
000931.SZ,09:42:39.300,94239300,9556342,5.05,100,0,B,0,16:05:39.106
000931.SZ,09:42:39.320,94239320,9556498,5.05,5900,0,B,0,16:05:39.106
000931.SZ,09:42:39.320,94239320,9556499,5.05,5900,0,B,0,16:05:39.106
000931.SZ,09:42:39.320,94239320,9556512,5.05,5900,0,B,0,16:05:39.106
000931.SZ,09:42:39.320,94239320,9556528,5.05,2900,0,B,0,16:05:39.106
000931.SZ,09:42:39.320,94239320,9556534,5.05,200,0,B,0,16:05:39.106
000931.SZ,09:42:39.330,94239330,9556585,5.05,1700,0,S,0,16:05:39.106
000931.SZ,09:42:39.330,94239330,9556674,5.05,200,0,B,0,16:05:39.106
000931.SZ,09:42:39.350,94239350,9556810,5.05,2100,0,S,0,16:05:39.106
000931.SZ,09:42:39.350,94239350,9556816,5.05,1900,0,S,0,16:05:39.106
000931.SZ,09:42:39.370,94239370,9557050,5.05,2500,0,S,0,16:05:39.106
000931.SZ,09:42:39.790,94239790,9560913,5.05,800,0,S,0,16:05:39.226
000931.SZ,09:42:39.800,94239800,9560982,5.05,1100,0,S,0,16:05:39.226
000931.SZ,09:42:39.800,94239800,9560984,5.05,2400,0,S,0,16:05:39.226
000931.SZ,09:42:40.000,94240000,9562524,5.05,1100,0,S,0,16:05:39.226
000931.SZ,09:42:40.040,94240040,9562847,5.06,1900,0,S,0,16:05:39.226
000931.SZ,09:42:40.270,94240270,9565545,5.05,900,0,S,0,16:05:39.336
000931.SZ,09:42:40.920,94240920,9571696,5.05,1000,0,S,0,16:05:39.460
000931.SZ,09:42:41.980,94241980,9581710,5.06,800,0,B,0,16:05:39.604
000931.SZ,09:42:42.240,94242240,9584166,5.05,1900,0,S,0,16:05:39.604
000931.SZ,09:42:42.250,94242250,9584195,5.05,700,0,S,0,16:05:39.604
000931.SZ,09:42:42.300,94242300,9584698,5.06,3500,0,S,0,16:05:39.604
000931.SZ,09:42:43.330,94243330,9595773,5.05,2900,0,B,0,16:05:39.870
000931.SZ,09:42:44.620,94244620,9608319,5.05,100,0,S,0,16:05:40.026
000931.SZ,09:42:45.210,94245210,9612332,5.05,1900,0,S,0,16:05:40.136
000931.SZ,09:42:45.210,94245210,9612336,5.05,2200,0,S,0,16:05:40.136
000931.SZ,09:42:45.210,94245210,9612373,5.05,300,0,S,0,16:05:40.136
000931.SZ,09:42:45.210,94245210,9612378,5.05,900,0,S,0,16:05:40.136
000931.SZ,09:42:45.210,94245210,9612380,5.05,800,0,S,0,16:05:40.136
000931.SZ,09:42:45.210,94245210,9612382,5.05,900,0,S,0,16:05:40.136
000931.SZ,09:42:45.230,94245230,9612461,5.05,200,0,S,0,16:05:40.136
000931.SZ,09:42:45.240,94245240,9612547,5.11,10000,0,S,0,16:05:40.136
000931.SZ,09:42:45.250,94245250,9612639,5.05,1900,0,S,0,16:05:40.136
000931.SZ,09:42:45.530,94245530,9614977,5.05,1000,0,S,0,16:05:40.136
000931.SZ,09:42:45.540,94245540,9615039,5.05,300,0,B,0,16:05:40.136
000931.SZ,09:42:46.200,94246200,9619772,5.06,400,0,S,0,16:05:40.224
000931.SZ,09:42:46.410,94246410,9621453,5.05,1100,0,S,0,16:05:40.334
000931.SZ,09:42:46.980,94246980,9626149,5.06,2200,0,S,0,16:05:40.334
000931.SZ,09:42:47.490,94247490,9629639,5.09,600,0,S,0,16:05:40.444
000931.SZ,09:42:48.370,94248370,9635387,5.05,2300,0,S,0,16:05:40.570
000931.SZ,09:42:48.790,94248790,9638221,5.05,800,0,S,0,16:05:40.570
000931.SZ,09:42:48.850,94248850,9638599,5.05,100,0,S,0,16:05:40.570
000931.SZ,09:42:48.860,94248860,9638664,5.05,1000,0,S,0,16:05:40.711
000931.SZ,09:42:49.810,94249810,9646509,5.05,4100,0,S,0,16:05:40.822
000931.SZ,09:42:49.810,94249810,9646537,5.04,500,0,B,0,16:05:40.822
000931.SZ,09:42:50.120,94250120,9648759,5.05,1700,0,S,0,16:05:40.822
000931.SZ,09:42:51.360,94251360,9658088,5.06,2000,0,S,0,16:05:40.947
000931.SZ,09:42:51.430,94251430,9658839,5.05,100,0,S,0,16:05:41.107
000931.SZ,09:42:51.780,94251780,9661883,5.05,1600,0,S,0,16:05:41.107
000931.SZ,09:42:52.090,94252090,9664737,5.05,1000,0,S,0,16:05:41.107
000931.SZ,09:42:52.680,94252680,9671538,5.05,1000,0,S,0,16:05:41.207
000931.SZ,09:42:53.270,94253270,9676984,5.06,2000,0,S,0,16:05:41.333
000931.SZ,09:42:53.700,94253700,9681925,5.04,100,0,B,0,16:05:41.427
000931.SZ,09:42:53.980,94253980,9684299,5.13,300,0,S,0,16:05:41.427
000931.SZ,09:42:54.260,94254260,9686621,5.05,400,0,S,0,16:05:41.506
000931.SZ,09:42:56.010,94256010,9704248,5.05,8600,0,B,0,16:05:41.806
000931.SZ,09:42:57.580,94257580,9717395,5.05,1000,0,B,0,16:05:42.072
000931.SZ,09:42:57.780,94257780,9719590,5.05,1600,0,S,0,16:05:42.072
000931.SZ,09:42:57.790,94257790,9719641,5.05,2100,0,S,0,16:05:42.072
000931.SZ,09:42:57.790,94257790,9719682,5.05,800,0,S,0,16:05:42.072
000931.SZ,09:42:57.910,94257910,9720675,5.05,1100,0,S,0,16:05:42.072
000931.SZ,09:42:57.990,94257990,9721253,5.05,1000,0,S,0,16:05:42.223
000931.SZ,09:42:58.040,94258040,9721611,5.05,1500,0,S,0,16:05:42.223
000931.SZ,09:42:58.090,94258090,9722020,5.05,1000,0,S,0,16:05:42.223
000931.SZ,09:42:58.320,94258320,9723903,5.05,6100,0,B,0,16:05:42.223
000931.SZ,09:42:58.350,94258350,9724090,5.06,2000,0,S,0,16:05:42.223
000931.SZ,09:42:58.400,94258400,9724712,5.05,1300,0,S,0,16:05:42.223
000931.SZ,09:42:58.470,94258470,9725520,5.0,5000,0,B,0,16:05:42.223
000931.SZ,09:42:59.100,94259100,9730319,5.05,1100,0,S,0,16:05:42.349
000931.SZ,09:42:59.320,94259320,9731971,5.1,2000,0,S,0,16:05:42.349
000931.SZ,09:42:59.420,94259420,9732832,5.0,1000,0,B,0,16:05:42.349
000931.SZ,09:42:59.980,94259980,9736563,5.05,800,0,S,0,16:05:42.412
000931.SZ,09:43:01.160,94301160,9747883,5.0,2000,0,B,0,16:05:42.819
000931.SZ,09:43:01.170,94301170,9748049,5.05,1600,0,S,0,16:05:42.819
000931.SZ,09:43:01.170,94301170,9748051,5.05,1700,0,S,0,16:05:42.819
000931.SZ,09:43:01.390,94301390,9750276,5.05,800,0,S,0,16:05:42.819
000931.SZ,09:43:01.420,94301420,9750533,5.05,10100,0,B,0,16:05:42.819
000931.SZ,09:43:02.920,94302920,9765282,5.05,1000,0,S,0,16:05:43.055
000931.SZ,09:43:02.950,94302950,9765468,5.05,1600,0,S,0,16:05:43.055
000931.SZ,09:43:03.660,94303660,9771449,5.05,900,0,B,0,16:05:43.237
000931.SZ,09:43:03.850,94303850,9773192,5.05,400,0,S,0,16:05:43.237
000931.SZ,09:43:04.080,94304080,9775190,5.05,1000,0,S,0,16:05:43.237
000931.SZ,09:43:04.080,94304080,9775194,5.05,1000,0,S,0,16:05:43.237
000931.SZ,09:43:04.120,94304120,9775572,5.05,200,0,S,0,16:05:43.314
000931.SZ,09:43:04.130,94304130,9775608,5.05,1000,0,S,0,16:05:43.314
000931.SZ,09:43:04.270,94304270,9776646,5.03,17300,0,B,0,16:05:43.314
000931.SZ,09:43:04.440,94304440,9778421,5.04,1000,0,B,0,16:05:43.314
000931.SZ,09:43:04.860,94304860,9782481,5.04,1100,0,S,0,16:05:43.443
000931.SZ,09:43:05.100,94305100,9784766,5.03,2000,0,B,0,16:05:43.443
000931.SZ,09:43:11.150,94311150,9831736,5.04,200,0,B,0,16:05:44.473
000931.SZ,09:43:11.220,94311220,9832283,5.05,2600,0,S,0,16:05:44.473
000931.SZ,09:43:11.530,94311530,9834391,5.61,400,0,S,0,16:05:44.473
000931.SZ,09:43:11.800,94311800,9836007,4.99,3600,0,B,0,16:05:44.473
000931.SZ,09:43:12.240,94312240,9838784,5.04,2500,0,B,0,16:05:44.599
000931.SZ,09:43:13.310,94313310,9847003,5.04,4100,0,S,0,16:05:44.725
000931.SZ,09:43:14.240,94314240,9853813,5.02,500,0,B,0,16:05:44.850
000931.SZ,09:43:14.560,94314560,9855720,5.05,1900,0,S,0,16:05:44.943
000931.SZ,09:43:15.780,94315780,9863850,5.1,2000,0,S,0,16:05:45.128
000931.SZ,09:43:17.260,94317260,9874161,4.59,40000,0,B,0,16:05:45.316
000931.SZ,09:43:17.650,94317650,9876856,4.99,2000,0,B,0,16:05:45.316
000931.SZ,09:43:17.690,94317690,9877213,5.04,28300,0,S,0,16:05:45.316
000931.SZ,09:43:17.700,94317700,9877242,5.04,1500,0,B,0,16:05:45.316
000931.SZ,09:43:17.700,94317700,9877244,5.04,12100,0,B,0,16:05:45.316
000931.SZ,09:43:17.700,94317700,9877276,5.04,10600,0,B,0,16:05:45.316
000931.SZ,09:43:18.390,94318390,9881650,5.06,2200,0,S,0,16:05:45.455
000931.SZ,09:43:18.400,94318400,9881736,5.04,6000,0,B,0,16:05:45.455
000931.SZ,09:43:19.880,94319880,9892317,4.83,20000,0,B,0,16:05:45.691
000931.SZ,09:43:20.010,94320010,9892978,5.06,200,0,S,0,16:05:45.691
000931.SZ,09:43:21.370,94321370,9901870,5.04,500,0,B,0,16:05:45.801
000931.SZ,09:43:22.860,94322860,9912531,5.04,200,0,B,0,16:05:46.084
000931.SZ,09:43:22.890,94322890,9912671,5.04,2400,0,S,0,16:05:46.084
000931.SZ,09:43:22.890,94322890,9912684,5.04,1700,0,B,0,16:05:46.084
000931.SZ,09:43:22.900,94322900,9912687,5.04,900,0,B,0,16:05:46.084
000931.SZ,09:43:22.900,94322900,9912688,5.04,700,0,B,0,16:05:46.084
000931.SZ,09:43:22.900,94322900,9912689,5.04,500,0,B,0,16:05:46.084
000931.SZ,09:43:22.930,94322930,9912886,4.95,2000,0,B,0,16:05:46.084
000931.SZ,09:43:22.970,94322970,9913082,5.04,1700,0,B,0,16:05:46.084
000931.SZ,09:43:22.980,94322980,9913148,5.04,6000,0,B,0,16:05:46.084
000931.SZ,09:43:24.100,94324100,9919224,5.04,100,0,B,0,16:05:46.209
000931.SZ,09:43:25.360,94325360,9927590,5.03,2400,0,B,0,16:05:46.344
000931.SZ,09:43:27.200,94327200,9938023,5.04,300,0,B,0,16:05:46.643
000931.SZ,09:43:27.210,94327210,9938170,5.05,200,0,S,0,16:05:46.643
000931.SZ,09:43:28.130,94328130,9944242,5.04,12800,0,B,0,16:05:46.783
000931.SZ,09:43:28.870,94328870,9948874,5.01,1900,0,B,0,16:05:46.879
000931.SZ,09:43:29.020,94329020,9949570,5.0,500,0,B,0,16:05:46.879
000931.SZ,09:43:30.760,94330760,9959679,5.04,1000,0,B,0,16:05:47.006
000931.SZ,09:43:30.860,94330860,9960437,5.04,1000,0,B,0,16:05:47.161
000931.SZ,09:43:31.150,94331150,9962233,5.05,500,0,B,0,16:05:47.161
000931.SZ,09:43:31.160,94331160,9962301,5.05,200,0,S,0,16:05:47.161
000931.SZ,09:43:32.150,94332150,9969060,4.98,200,0,B,0,16:05:47.280
000931.SZ,09:43:34.950,94334950,9986859,5.0,800,0,B,0,16:05:47.609
000931.SZ,09:43:36.560,94336560,9996863,5.03,2000,0,S,0,16:05:47.878
000931.SZ,09:43:39.080,94339080,10012813,5.01,2000,0,B,0,16:05:48.112
000931.SZ,09:43:40.080,94340080,10019384,5.01,1600,0,S,0,16:05:48.243
000931.SZ,09:43:40.480,94340480,10022330,5.04,100,0,B,0,16:05:48.328
000931.SZ,09:43:40.600,94340600,10023064,5.0,1000,0,B,0,16:05:48.328
000931.SZ,09:43:42.080,94342080,10031805,5.03,5000,0,B,0,16:05:48.468
000931.SZ,09:43:43.100,94343100,10038771,5.04,1200,0,B,0,16:05:48.610
000931.SZ,09:43:43.600,94343600,10042323,5.05,11000,0,B,0,16:05:48.720
000931.SZ,09:43:43.940,94343940,10044375,5.04,100,0,B,0,16:05:48.720
000931.SZ,09:43:45.020,94345020,10051361,5.04,1300,0,S,0,16:05:48.926
000931.SZ,09:43:45.690,94345690,10055661,5.04,700,0,B,0,16:05:48.926
000931.SZ,09:43:46.790,94346790,10063327,5.04,400,0,B,0,16:05:49.192
000931.SZ,09:43:48.060,94348060,10071634,5.04,2900,0,B,0,16:05:49.299
000931.SZ,09:43:48.190,94348190,10072547,5.04,200,0,B,0,16:05:49.299
000931.SZ,09:43:49.030,94349030,10078728,5.04,35900,0,B,0,16:05:49.435
000931.SZ,09:43:49.080,94349080,10079197,5.05,200,0,B,0,16:05:49.435
000931.SZ,09:43:49.080,94349080,10079202,5.05,200,0,B,0,16:05:49.435
000931.SZ,09:43:50.900,94350900,10090758,4.96,2100,0,B,0,16:05:49.722
000931.SZ,09:43:51.500,94351500,10094330,4.94,7500,0,B,0,16:05:49.722
000931.SZ,09:43:51.750,94351750,10095725,5.05,800,0,S,0,16:05:49.878
000931.SZ,09:43:52.000,94352000,10097295,5.05,1000,0,S,0,16:05:49.878
000931.SZ,09:43:52.380,94352380,10100023,5.05,800,0,S,0,16:05:49.878
000931.SZ,09:43:52.900,94352900,10103691,5.03,1300,0,B,0,16:05:49.971
000931.SZ,09:43:53.380,94353380,10106846,5.05,800,0,S,0,16:05:50.049
000931.SZ,09:43:54.160,94354160,10113821,5.08,1000,0,S,0,16:05:50.161
000931.SZ,09:43:54.280,94354280,10115142,5.05,100,0,B,0,16:05:50.161
000931.SZ,09:43:54.330,94354330,10115757,5.05,400,0,S,0,16:05:50.161
000931.SZ,09:43:54.330,94354330,10115760,5.05,400,0,S,0,16:05:50.161
000931.SZ,09:43:54.330,94354330,10115787,5.05,400,0,S,0,16:05:50.161
000931.SZ,09:43:54.780,94354780,10120259,5.05,2400,0,S,0,16:05:50.251
000931.SZ,09:43:54.790,94354790,10120300,5.05,800,0,S,0,16:05:50.251
000931.SZ,09:43:55.000,94355000,10121908,5.04,100,0,B,0,16:05:50.326
000931.SZ,09:43:55.090,94355090,10122616,5.05,1000,0,S,0,16:05:50.326
000931.SZ,09:43:55.510,94355510,10126627,5.05,1000,0,S,0,16:05:50.434
000931.SZ,09:43:57.280,94357280,10139807,5.05,2300,0,S,0,16:05:50.607
000931.SZ,09:43:57.280,94357280,10139811,5.01,1600,0,S,0,16:05:50.607
000931.SZ,09:43:57.330,94357330,10140103,5.05,800,0,S,0,16:05:50.607
000931.SZ,09:43:57.350,94357350,10140287,5.01,500,0,S,0,16:05:50.607
000931.SZ,09:43:57.590,94357590,10141961,5.04,10000,0,B,0,16:05:50.702
000931.SZ,09:43:57.620,94357620,10142101,5.0,500,0,B,0,16:05:50.702
000931.SZ,09:43:57.760,94357760,10143107,5.0,10000,0,B,0,16:05:50.702
000931.SZ,09:43:57.780,94357780,10143251,5.05,3200,0,S,0,16:05:50.702
000931.SZ,09:43:57.790,94357790,10143310,5.05,1600,0,S,0,16:05:50.702
000931.SZ,09:43:57.790,94357790,10143340,5.05,1200,0,S,0,16:05:50.702
000931.SZ,09:43:58.070,94358070,10145206,5.05,3500,0,S,0,16:05:50.702
000931.SZ,09:43:58.110,94358110,10145418,5.05,1000,0,S,0,16:05:50.702
000931.SZ,09:43:58.550,94358550,10148081,5.05,600,0,S,0,16:05:50.830
000931.SZ,09:43:59.480,94359480,10153973,5.05,100,0,S,0,16:05:50.907
000931.SZ,09:44:00.440,94400440,10159727,5.05,2000,0,S,0,16:05:51.001
000931.SZ,09:44:01.570,94401570,10169303,5.05,500,0,S,0,16:05:51.372
000931.SZ,09:44:02.130,94402130,10172898,5.05,1000,0,S,0,16:05:51.480
000931.SZ,09:44:02.150,94402150,10173062,5.05,200,0,S,0,16:05:51.480
000931.SZ,09:44:03.170,94403170,10179714,5.05,900,0,B,0,16:05:51.593
000931.SZ,09:44:03.780,94403780,10184137,5.05,1600,0,S,0,16:05:51.732
000931.SZ,09:44:03.790,94403790,10184213,5.05,800,0,S,0,16:05:51.732
000931.SZ,09:44:03.910,94403910,10185053,5.05,1000,0,S,0,16:05:51.732
000931.SZ,09:44:05.010,94405010,10193666,5.05,300,0,S,0,16:05:51.873
000931.SZ,09:44:05.300,94405300,10196021,5.05,1600,0,S,0,16:05:51.984
000931.SZ,09:44:06.450,94406450,10204971,5.05,1000,0,S,0,16:05:52.141
000931.SZ,09:44:06.470,94406470,10205101,5.05,3000,0,S,0,16:05:52.141
000931.SZ,09:44:08.100,94408100,10215570,5.05,1000,0,S,0,16:05:52.416
000931.SZ,09:44:08.250,94408250,10216536,5.0,100,0,B,0,16:05:52.416
000931.SZ,09:44:10.250,94410250,10228852,5.04,5000,0,S,0,16:05:52.560
000931.SZ,09:44:10.260,94410260,10228898,5.04,6500,0,S,0,16:05:52.560
000931.SZ,09:44:10.260,94410260,10228935,5.04,1100,0,S,0,16:05:52.560
000931.SZ,09:44:10.510,94410510,10230719,5.04,12000,0,B,0,16:05:52.688
000931.SZ,09:44:11.120,94411120,10234222,5.06,1900,0,S,0,16:05:52.688
000931.SZ,09:44:11.120,94411120,10234223,5.05,900,0,S,0,16:05:52.688
000931.SZ,09:44:11.210,94411210,10234701,4.84,60000,0,B,0,16:05:52.688
000931.SZ,09:44:12.350,94412350,10241356,5.04,1600,0,S,0,16:05:52.874
000931.SZ,09:44:12.440,94412440,10242124,5.05,300,0,S,0,16:05:52.874
000931.SZ,09:44:12.440,94412440,10242126,5.05,400,0,S,0,16:05:52.874
000931.SZ,09:44:12.460,94412460,10242265,5.03,4000,0,B,0,16:05:52.874
000931.SZ,09:44:12.520,94412520,10242595,5.05,400,0,S,0,16:05:52.874
000931.SZ,09:44:13.000,94413000,10245680,5.04,200,0,B,0,16:05:52.941
000931.SZ,09:44:13.210,94413210,10247323,4.96,1000,0,B,0,16:05:52.941
000931.SZ,09:44:13.340,94413340,10248105,5.01,1600,0,S,0,16:05:53.062
000931.SZ,09:44:13.910,94413910,10252021,5.04,1900,0,B,0,16:05:53.062
000931.SZ,09:44:16.940,94416940,10272581,5.61,200,0,S,0,16:05:53.503
000931.SZ,09:44:17.170,94417170,10274163,5.04,400,0,B,0,16:05:53.503
000931.SZ,09:44:18.020,94418020,10280816,5.04,300,0,B,0,16:05:53.540
000931.SZ,09:44:18.140,94418140,10281721,5.05,700,0,S,0,16:05:53.540
000931.SZ,09:44:18.140,94418140,10281723,5.05,35700,0,S,0,16:05:53.540
000931.SZ,09:44:18.480,94418480,10284712,5.04,900,0,B,0,16:05:53.625
000931.SZ,09:44:19.460,94419460,10293532,5.04,1100,0,S,0,16:05:53.794
000931.SZ,09:44:19.470,94419470,10293577,5.05,8200,0,S,0,16:05:53.794
000931.SZ,09:44:19.470,94419470,10293591,5.04,1000,0,S,0,16:05:53.794
000931.SZ,09:44:20.540,94420540,10300693,5.03,1200,0,B,0,16:05:53.919
000931.SZ,09:44:20.620,94420620,10301089,5.05,3000,0,B,0,16:05:53.919
000931.SZ,09:44:20.620,94420620,10301119,5.05,36500,0,S,0,16:05:53.919
000931.SZ,09:44:21.480,94421480,10306666,5.04,1300,0,B,0,16:05:54.045
000931.SZ,09:44:21.890,94421890,10308949,5.04,1000,0,S,0,16:05:54.045
000931.SZ,09:44:21.890,94421890,10308977,5.05,8700,0,S,0,16:05:54.045
000931.SZ,09:44:22.870,94422870,10315423,5.04,5000,0,B,0,16:05:54.235
000931.SZ,09:44:24.800,94424800,10326599,5.04,100,0,B,0,16:05:54.495
000931.SZ,09:44:30.240,94430240,10359532,5.05,7800,0,S,0,16:05:55.108
000931.SZ,09:44:30.240,94430240,10359540,5.05,17600,0,S,0,16:05:55.108
000931.SZ,09:44:30.240,94430240,10359541,5.05,11900,0,S,0,16:05:55.108
000931.SZ,09:44:30.620,94430620,10362535,5.04,1100,0,S,0,16:05:55.233
000931.SZ,09:44:31.470,94431470,10368725,5.0,200,0,B,0,16:05:55.326
000931.SZ,09:44:31.480,94431480,10368762,5.05,500,0,S,0,16:05:55.326
000931.SZ,09:44:31.860,94431860,10371402,5.1,300,0,S,0,16:05:55.430
000931.SZ,09:44:32.190,94432190,10373702,5.01,1600,0,S,0,16:05:55.430
000931.SZ,09:44:32.200,94432200,10373722,5.05,300,0,S,0,16:05:55.430
000931.SZ,09:44:32.480,94432480,10375417,5.05,800,0,S,0,16:05:55.430
000931.SZ,09:44:33.170,94433170,10380110,5.05,800,0,S,0,16:05:55.556
000931.SZ,09:44:33.220,94433220,10380475,5.04,3200,0,B,0,16:05:55.556
000931.SZ,09:44:33.390,94433390,10382002,5.05,200,0,S,0,16:05:55.556
000931.SZ,09:44:34.330,94434330,10389075,5.04,10000,0,B,0,16:05:55.744
000931.SZ,09:44:34.720,94434720,10391809,4.99,3800,0,B,0,16:05:55.744
000931.SZ,09:44:35.080,94435080,10394365,4.59,600,0,B,0,16:05:55.825
000931.SZ,09:44:35.250,94435250,10395377,5.04,100,0,B,0,16:05:55.825
000931.SZ,09:44:35.290,94435290,10395583,5.02,1000,0,B,0,16:05:55.825
000931.SZ,09:44:36.090,94436090,10400807,5.05,100,0,B,0,16:05:55.905
000931.SZ,09:44:36.410,94436410,10402762,5.04,100,0,S,0,16:05:56.042
000931.SZ,09:44:37.910,94437910,10413570,5.04,3000,0,B,0,16:05:56.231
000931.SZ,09:44:39.570,94439570,10423536,4.98,5000,0,B,0,16:05:56.381
000931.SZ,09:44:39.770,94439770,10424656,5.05,2000,0,S,0,16:05:56.492
000931.SZ,09:44:40.230,94440230,10427693,5.09,100,0,B,0,16:05:56.492
000931.SZ,09:44:40.240,94440240,10427719,5.09,100,0,B,0,16:05:56.492
000931.SZ,09:44:40.260,94440260,10427863,5.09,100,0,B,0,16:05:56.492
000931.SZ,09:44:40.270,94440270,10427902,5.09,200,0,B,0,16:05:56.492
000931.SZ,09:44:40.270,94440270,10427945,5.09,100,0,B,0,16:05:56.492
000931.SZ,09:44:40.300,94440300,10428194,5.09,100,0,B,0,16:05:56.601
000931.SZ,09:44:40.310,94440310,10428229,5.09,300,0,B,0,16:05:56.601
000931.SZ,09:44:40.320,94440320,10428322,5.09,100,0,B,0,16:05:56.601
000931.SZ,09:44:42.590,94442590,10443870,5.04,2000,0,B,0,16:05:56.821
000931.SZ,09:44:42.840,94442840,10445350,4.96,3000,0,B,0,16:05:56.931
000931.SZ,09:44:43.700,94443700,10451743,5.01,5000,0,B,0,16:05:57.056
000931.SZ,09:44:44.120,94444120,10454160,5.13,40600,0,S,0,16:05:57.056
000931.SZ,09:44:44.890,94444890,10459123,5.04,100,0,B,0,16:05:57.136
000931.SZ,09:44:46.540,94446540,10470008,4.98,1000,0,B,0,16:05:57.442
000931.SZ,09:44:46.630,94446630,10470574,5.03,400,0,B,0,16:05:57.442
000931.SZ,09:44:47.540,94447540,10476006,5.05,300,0,B,0,16:05:57.539
000931.SZ,09:44:48.720,94448720,10483486,5.05,49900,0,B,0,16:05:57.647
000931.SZ,09:44:48.720,94448720,10483533,5.05,31900,0,B,0,16:05:57.647
000931.SZ,09:44:48.720,94448720,10483553,5.05,1500,0,B,0,16:05:57.647
000931.SZ,09:44:48.720,94448720,10483555,5.05,200,0,B,0,16:05:57.647
000931.SZ,09:44:48.730,94448730,10483559,5.05,1000,0,B,0,16:05:57.647
000931.SZ,09:44:48.730,94448730,10483568,5.05,9400,0,B,0,16:05:57.647
000931.SZ,09:44:48.730,94448730,10483579,5.05,7000,0,B,0,16:05:57.647
000931.SZ,09:44:48.730,94448730,10483588,5.05,2900,0,B,0,16:05:57.647
000931.SZ,09:44:48.730,94448730,10483589,5.05,2300,0,B,0,16:05:57.647
000931.SZ,09:44:48.730,94448730,10483590,5.05,1800,0,B,0,16:05:57.647
000931.SZ,09:44:48.730,94448730,10483591,5.05,3000,0,B,0,16:05:57.647
000931.SZ,09:44:48.730,94448730,10483613,5.06,2700,0,B,0,16:05:57.647
000931.SZ,09:44:48.730,94448730,10483616,5.06,13000,0,B,0,16:05:57.647
000931.SZ,09:44:48.740,94448740,10483644,5.05,5900,0,B,0,16:05:57.647
000931.SZ,09:44:48.740,94448740,10483674,5.05,2300,0,B,0,16:05:57.647
000931.SZ,09:44:48.750,94448750,10483684,5.05,1100,0,B,0,16:05:57.647
000931.SZ,09:44:48.770,94448770,10483768,5.06,1400,0,B,0,16:05:57.647
000931.SZ,09:44:48.780,94448780,10483868,5.05,5800,0,B,0,16:05:57.647
000931.SZ,09:44:49.050,94449050,10485887,5.11,1000,0,S,0,16:05:57.773
000931.SZ,09:44:50.700,94450700,10496881,5.04,1000,0,B,0,16:05:57.996
000931.SZ,09:44:51.140,94451140,10499345,5.05,200,0,B,0,16:05:57.996
000931.SZ,09:44:51.160,94451160,10499507,5.04,1500,0,B,0,16:05:57.996
000931.SZ,09:44:51.760,94451760,10503859,5.0,2000,0,B,0,16:05:58.103
000931.SZ,09:44:52.340,94452340,10507675,5.06,2500,0,S,0,16:05:58.198
000931.SZ,09:44:52.340,94452340,10507677,5.02,3200,0,S,0,16:05:58.198
000931.SZ,09:44:52.370,94452370,10507857,5.04,13800,0,S,0,16:05:58.198
000931.SZ,09:44:52.380,94452380,10507880,5.06,25600,0,S,0,16:05:58.198
000931.SZ,09:44:52.380,94452380,10507881,5.05,3200,0,S,0,16:05:58.198
000931.SZ,09:44:52.380,94452380,10507907,5.05,3300,0,B,0,16:05:58.198
000931.SZ,09:44:52.720,94452720,10510271,5.0,5000,0,B,0,16:05:58.198
000931.SZ,09:44:52.750,94452750,10510456,5.06,500,0,S,0,16:05:58.198
000931.SZ,09:44:52.820,94452820,10510825,5.05,3300,0,S,0,16:05:58.293
000931.SZ,09:44:53.600,94453600,10515917,5.05,200,0,B,0,16:05:58.370
000931.SZ,09:44:55.470,94455470,10529695,4.94,1000,0,B,0,16:05:58.567
000931.SZ,09:44:58.450,94458450,10547816,5.06,200,0,S,0,16:05:58.978
000931.SZ,09:44:59.790,94459790,10555762,5.06,100,0,B,0,16:05:59.164
000931.SZ,09:45:01.260,94501260,10569333,5.05,700,0,B,0,16:05:59.472
000931.SZ,09:45:01.270,94501270,10569377,5.05,900,0,S,0,16:05:59.472
000931.SZ,09:45:01.270,94501270,10569383,5.05,900,0,S,0,16:05:59.472
000931.SZ,09:45:01.290,94501290,10569618,5.05,200,0,S,0,16:05:59.581
000931.SZ,09:45:03.290,94503290,10583871,5.05,2600,0,S,0,16:05:59.822
000931.SZ,09:45:04.390,94504390,10592435,5.03,5000,0,B,0,16:05:59.965
000931.SZ,09:45:04.500,94504500,10593527,5.05,100,0,B,0,16:06:00.043
000931.SZ,09:45:04.540,94504540,10593790,5.06,100,0,B,0,16:06:00.043
000931.SZ,09:45:04.630,94504630,10594274,5.04,9000,0,B,0,16:06:00.043
000931.SZ,09:45:05.120,94505120,10597545,5.05,500,0,B,0,16:06:00.137
000931.SZ,09:45:06.370,94506370,10605830,5.05,1000,0,B,0,16:06:00.248
000931.SZ,09:45:06.780,94506780,10609017,5.05,800,0,S,0,16:06:00.387
000931.SZ,09:45:07.110,94507110,10611483,5.05,1100,0,S,0,16:06:00.387
000931.SZ,09:45:07.370,94507370,10613734,5.12,2000,0,S,0,16:06:00.492
000931.SZ,09:45:07.370,94507370,10613790,5.01,600,0,B,0,16:06:00.492
000931.SZ,09:45:07.570,94507570,10615766,5.06,100,0,B,0,16:06:00.492
000931.SZ,09:45:09.100,94509100,10626609,5.05,11000,0,S,0,16:06:00.696
000931.SZ,09:45:09.410,94509410,10628930,5.05,1100,0,S,0,16:06:00.869
000931.SZ,09:45:09.770,94509770,10631997,5.05,800,0,S,0,16:06:00.869
000931.SZ,09:45:09.780,94509780,10632069,5.05,4000,0,S,0,16:06:00.869
000931.SZ,09:45:09.790,94509790,10632184,5.05,1600,0,S,0,16:06:00.869
000931.SZ,09:45:09.800,94509800,10632219,5.04,96400,0,S,0,16:06:00.869
000931.SZ,09:45:09.850,94509850,10632713,5.04,800,0,S,0,16:06:00.869
000931.SZ,09:45:09.860,94509860,10632813,5.05,500,0,S,0,16:06:00.869
000931.SZ,09:45:09.860,94509860,10632814,5.05,300,0,S,0,16:06:00.869
000931.SZ,09:45:10.270,94510270,10636128,5.01,12900,0,B,0,16:06:00.869
000931.SZ,09:45:12.250,94512250,10650162,5.04,900,0,S,0,16:06:01.216
000931.SZ,09:45:12.300,94512300,10650590,5.04,400,0,S,0,16:06:01.216
000931.SZ,09:45:12.680,94512680,10653410,5.05,1000,0,B,0,16:06:01.216
000931.SZ,09:45:12.780,94512780,10654068,5.04,2400,0,S,0,16:06:01.216
000931.SZ,09:45:12.790,94512790,10654135,5.04,1600,0,S,0,16:06:01.216
000931.SZ,09:45:12.990,94512990,10655383,5.04,1100,0,S,0,16:06:01.356
000931.SZ,09:45:13.090,94513090,10656346,5.04,1000,0,S,0,16:06:01.356
000931.SZ,09:45:13.090,94513090,10656372,5.04,1000,0,S,0,16:06:01.356
000931.SZ,09:45:13.120,94513120,10656629,5.04,1000,0,S,0,16:06:01.356
000931.SZ,09:45:13.920,94513920,10662332,5.04,800,0,S,0,16:06:01.506
000931.SZ,09:45:13.950,94513950,10662648,5.04,100,0,S,0,16:06:01.506
000931.SZ,09:45:13.960,94513960,10662719,5.04,100,0,S,0,16:06:01.506
000931.SZ,09:45:13.970,94513970,10662809,5.04,200,0,S,0,16:06:01.506
000931.SZ,09:45:14.400,94514400,10666176,5.04,500,0,B,0,16:06:01.506
000931.SZ,09:45:14.810,94514810,10669289,5.04,200,0,S,0,16:06:01.618
000931.SZ,09:45:15.140,94515140,10671903,5.04,300,0,B,0,16:06:01.618
000931.SZ,09:45:15.140,94515140,10671908,5.04,800,0,B,0,16:06:01.618
000931.SZ,09:45:15.550,94515550,10675958,5.05,700,0,S,0,16:06:01.759
000931.SZ,09:45:15.570,94515570,10676315,5.04,100,0,S,0,16:06:01.759
000931.SZ,09:45:15.730,94515730,10677946,5.04,200,0,B,0,16:06:01.759
000931.SZ,09:45:15.740,94515740,10678002,5.04,500,0,B,0,16:06:01.759
000931.SZ,09:45:15.780,94515780,10678351,5.04,3200,0,S,0,16:06:01.759
000931.SZ,09:45:15.790,94515790,10678507,5.04,800,0,S,0,16:06:01.759
000931.SZ,09:45:15.990,94515990,10680313,5.04,1000,0,S,0,16:06:01.759
000931.SZ,09:45:16.260,94516260,10683167,5.0,1000,0,S,0,16:06:01.870
000931.SZ,09:45:17.000,94517000,10690548,5.04,1800,0,B,0,16:06:01.979
000931.SZ,09:45:17.000,94517000,10690591,5.04,700,0,B,0,16:06:01.979
000931.SZ,09:45:17.130,94517130,10691778,5.04,1000,0,B,0,16:06:01.979
000931.SZ,09:45:17.540,94517540,10694348,5.04,600,0,B,0,16:06:01.979
000931.SZ,09:45:17.560,94517560,10694568,5.04,500,0,B,0,16:06:01.979
000931.SZ,09:45:17.830,94517830,10696581,5.04,100,0,B,0,16:06:02.089
000931.SZ,09:45:18.220,94518220,10699739,5.03,1300,0,B,0,16:06:02.089
000931.SZ,09:45:18.300,94518300,10700194,5.03,600,0,B,0,16:06:02.089
000931.SZ,09:45:18.390,94518390,10701315,5.04,400,0,B,0,16:06:02.089
000931.SZ,09:45:18.390,94518390,10701321,5.04,1000,0,B,0,16:06:02.089
000931.SZ,09:45:18.390,94518390,10701338,5.04,900,0,B,0,16:06:02.089
000931.SZ,09:45:18.570,94518570,10702690,5.04,400,0,B,0,16:06:02.217
000931.SZ,09:45:18.780,94518780,10704420,5.04,2400,0,S,0,16:06:02.217
000931.SZ,09:45:18.780,94518780,10704521,5.04,1600,0,S,0,16:06:02.217
000931.SZ,09:45:18.830,94518830,10704890,5.0,400,0,B,0,16:06:02.217
000931.SZ,09:45:18.990,94518990,10706007,5.04,1300,0,S,0,16:06:02.217
000931.SZ,09:45:19.080,94519080,10707026,5.04,1000,0,S,0,16:06:02.217
000931.SZ,09:45:19.090,94519090,10707054,5.04,1000,0,S,0,16:06:02.217
000931.SZ,09:45:19.190,94519190,10707902,5.05,1100,0,B,0,16:06:02.217
000931.SZ,09:45:21.340,94521340,10723352,5.03,1200,0,B,0,16:06:02.600
000931.SZ,09:45:21.340,94521340,10723358,5.04,1200,0,B,0,16:06:02.600
000931.SZ,09:45:21.340,94521340,10723402,5.03,2100,0,B,0,16:06:02.600
000931.SZ,09:45:21.580,94521580,10725520,4.88,20000,0,B,0,16:06:02.600
000931.SZ,09:45:21.760,94521760,10726535,5.04,800,0,S,0,16:06:02.600
000931.SZ,09:45:21.780,94521780,10726664,5.04,1600,0,S,0,16:06:02.600
000931.SZ,09:45:21.790,94521790,10726797,5.04,800,0,S,0,16:06:02.600
000931.SZ,09:45:21.990,94521990,10728214,5.04,1000,0,S,0,16:06:02.726
000931.SZ,09:45:23.640,94523640,10741564,5.03,400,0,B,0,16:06:02.915
000931.SZ,09:45:24.080,94524080,10745671,5.04,8100,0,B,0,16:06:02.915
000931.SZ,09:45:24.090,94524090,10745735,5.04,500,0,B,0,16:06:02.915
000931.SZ,09:45:24.210,94524210,10746610,5.04,400,0,B,0,16:06:03.041
000931.SZ,09:45:24.210,94524210,10746630,5.04,100,0,B,0,16:06:03.041
000931.SZ,09:45:24.250,94524250,10747043,5.04,400,0,S,0,16:06:03.041
000931.SZ,09:45:24.250,94524250,10747052,5.04,400,0,S,0,16:06:03.041
000931.SZ,09:45:24.680,94524680,10751218,5.04,1000,0,S,0,16:06:03.041
000931.SZ,09:45:24.780,94524780,10752614,5.04,2400,0,S,0,16:06:03.134
000931.SZ,09:45:24.840,94524840,10753375,5.04,200,0,B,0,16:06:03.134
000931.SZ,09:45:24.840,94524840,10753380,5.04,500,0,B,0,16:06:03.134
000931.SZ,09:45:25.210,94525210,10757014,4.88,1500,0,B,0,16:06:03.246
000931.SZ,09:45:25.480,94525480,10759732,5.04,700,0,S,0,16:06:03.246
000931.SZ,09:45:25.840,94525840,10763288,5.04,500,0,B,0,16:06:03.324
000931.SZ,09:45:25.840,94525840,10763306,5.04,400,0,B,0,16:06:03.324
000931.SZ,09:45:27.190,94527190,10774374,5.04,100,0,B,0,16:06:03.490
000931.SZ,09:45:27.190,94527190,10774383,5.04,100,0,B,0,16:06:03.490
000931.SZ,09:45:27.190,94527190,10774385,5.04,500,0,B,0,16:06:03.490
000931.SZ,09:45:27.200,94527200,10774490,5.04,300,0,B,0,16:06:03.490
000931.SZ,09:45:27.770,94527770,10781064,5.04,1600,0,S,0,16:06:03.600
000931.SZ,09:45:27.790,94527790,10781129,5.04,800,0,S,0,16:06:03.600
000931.SZ,09:45:27.800,94527800,10781204,5.04,1100,0,S,0,16:06:03.600
000931.SZ,09:45:27.910,94527910,10781984,5.04,1000,0,S,0,16:06:03.600
000931.SZ,09:45:28.130,94528130,10784079,5.04,1000,0,S,0,16:06:03.714
000931.SZ,09:45:28.540,94528540,10787776,5.04,400,0,S,0,16:06:03.819
000931.SZ,09:45:28.900,94528900,10790774,5.03,3000,0,B,0,16:06:03.819
000931.SZ,09:45:28.910,94528910,10790881,5.04,1100,0,S,0,16:06:03.819
000931.SZ,09:45:30.170,94530170,10800010,5.03,19700,0,B,0,16:06:03.977
000931.SZ,09:45:30.180,94530180,10800188,5.04,100,0,B,0,16:06:03.977
000931.SZ,09:45:30.180,94530180,10800244,5.04,200,0,B,0,16:06:03.977
000931.SZ,09:45:30.240,94530240,10801090,5.04,100,0,S,0,16:06:03.977
000931.SZ,09:45:30.280,94530280,10801538,5.04,100,0,S,0,16:06:03.977
000931.SZ,09:45:30.300,94530300,10801771,5.04,100,0,S,0,16:06:03.977
000931.SZ,09:45:30.300,94530300,10801782,5.04,100,0,S,0,16:06:03.977
000931.SZ,09:45:30.390,94530390,10802751,5.04,100,0,S,0,16:06:04.133
000931.SZ,09:45:30.500,94530500,10803285,5.04,100,0,S,0,16:06:04.133
000931.SZ,09:45:31.170,94531170,10809852,5.04,800,0,S,0,16:06:04.246
000931.SZ,09:45:31.480,94531480,10812833,5.04,700,0,S,0,16:06:04.246
000931.SZ,09:45:31.520,94531520,10813307,5.04,1000,0,S,0,16:06:04.246
000931.SZ,09:45:32.260,94532260,10819563,5.03,6000,0,B,0,16:06:04.355
000931.SZ,09:45:32.390,94532390,10820370,5.03,17300,0,S,0,16:06:04.355
000931.SZ,09:45:32.600,94532600,10821811,5.03,20000,0,S,0,16:06:04.448
000931.SZ,09:45:32.610,94532610,10821835,5.04,5800,0,S,0,16:06:04.448
000931.SZ,09:45:32.790,94532790,10823271,5.04,100,0,S,0,16:06:04.448
000931.SZ,09:45:33.190,94533190,10826258,5.04,100,0,S,0,16:06:04.448
000931.SZ,09:45:33.210,94533210,10826747,5.04,100,0,S,0,16:06:04.448
000931.SZ,09:45:33.290,94533290,10827324,5.04,100,0,S,0,16:06:04.448
000931.SZ,09:45:33.300,94533300,10827479,5.04,100,0,S,0,16:06:04.567
000931.SZ,09:45:33.340,94533340,10827642,5.04,100,0,S,0,16:06:04.567
000931.SZ,09:45:33.390,94533390,10827957,5.04,100,0,S,0,16:06:04.567
000931.SZ,09:45:33.400,94533400,10828013,5.04,100,0,S,0,16:06:04.567
000931.SZ,09:45:33.920,94533920,10832949,5.03,300,0,B,0,16:06:04.567
000931.SZ,09:45:34.900,94534900,10841701,5.04,100,0,S,0,16:06:04.816
000931.SZ,09:45:34.900,94534900,10841712,5.04,1000,0,S,0,16:06:04.816
000931.SZ,09:45:34.900,94534900,10841714,5.04,100,0,S,0,16:06:04.816
000931.SZ,09:45:34.900,94534900,10841719,5.04,500,0,S,0,16:06:04.816
000931.SZ,09:45:34.900,94534900,10841721,5.04,300,0,S,0,16:06:04.816
000931.SZ,09:45:34.900,94534900,10841732,5.04,200,0,S,0,16:06:04.816
000931.SZ,09:45:34.900,94534900,10841733,5.04,300,0,S,0,16:06:04.816
000931.SZ,09:45:34.910,94534910,10841812,5.04,100,0,S,0,16:06:04.816
000931.SZ,09:45:34.910,94534910,10841814,5.04,100,0,S,0,16:06:04.816
000931.SZ,09:45:34.910,94534910,10841815,5.04,100,0,S,0,16:06:04.816
000931.SZ,09:45:34.910,94534910,10841816,5.04,100,0,S,0,16:06:04.816
000931.SZ,09:45:34.910,94534910,10841829,5.04,100,0,S,0,16:06:04.816
000931.SZ,09:45:34.920,94534920,10841876,5.04,100,0,S,0,16:06:04.816
000931.SZ,09:45:34.920,94534920,10841904,5.03,300,0,B,0,16:06:04.816
000931.SZ,09:45:34.930,94534930,10841929,5.03,300,0,B,0,16:06:04.816
000931.SZ,09:45:34.940,94534940,10842033,5.05,1900,0,S,0,16:06:04.816
000931.SZ,09:45:35.360,94535360,10845134,5.03,200,0,B,0,16:06:04.816
000931.SZ,09:45:35.360,94535360,10845138,5.03,1400,0,B,0,16:06:04.816
000931.SZ,09:45:35.400,94535400,10845359,5.04,12300,0,B,0,16:06:04.816
000931.SZ,09:45:35.540,94535540,10846370,5.04,700,0,B,0,16:06:04.974
000931.SZ,09:45:35.550,94535550,10846402,5.03,600,0,B,0,16:06:04.974
000931.SZ,09:45:35.770,94535770,10847581,5.03,100,0,B,0,16:06:04.974
000931.SZ,09:45:35.800,94535800,10847815,5.03,400,0,B,0,16:06:04.974
000931.SZ,09:45:35.800,94535800,10847822,5.03,400,0,B,0,16:06:04.974
000931.SZ,09:45:35.800,94535800,10847850,5.03,1000,0,B,0,16:06:04.974
000931.SZ,09:45:35.950,94535950,10848681,5.03,700,0,S,0,16:06:04.974
000931.SZ,09:45:36.280,94536280,10851082,5.04,600,0,B,0,16:06:04.974
000931.SZ,09:45:36.280,94536280,10851085,5.04,600,0,B,0,16:06:04.974
000931.SZ,09:45:36.280,94536280,10851087,5.04,500,0,B,0,16:06:04.974
000931.SZ,09:45:36.280,94536280,10851093,5.04,600,0,B,0,16:06:04.974
000931.SZ,09:45:36.350,94536350,10851595,5.04,1800,0,S,0,16:06:04.974
000931.SZ,09:45:36.780,94536780,10855143,5.03,300,0,B,0,16:06:05.148
000931.SZ,09:45:36.790,94536790,10855178,5.03,100,0,B,0,16:06:05.148
000931.SZ,09:45:36.790,94536790,10855180,5.03,100,0,B,0,16:06:05.148
000931.SZ,09:45:36.790,94536790,10855181,5.03,600,0,B,0,16:06:05.148
000931.SZ,09:45:36.790,94536790,10855194,5.03,400,0,B,0,16:06:05.148
000931.SZ,09:45:37.340,94537340,10860001,4.92,500,0,B,0,16:06:05.148
000931.SZ,09:45:37.410,94537410,10860670,5.03,6000,0,S,0,16:06:05.148
000931.SZ,09:45:37.480,94537480,10861194,5.03,200,0,B,0,16:06:05.148
000931.SZ,09:45:37.740,94537740,10863202,4.98,3000,0,B,0,16:06:05.290
000931.SZ,09:45:37.830,94537830,10864180,5.04,600,0,S,0,16:06:05.290
000931.SZ,09:45:37.830,94537830,10864184,5.04,500,0,S,0,16:06:05.290
000931.SZ,09:45:37.830,94537830,10864187,5.04,100,0,S,0,16:06:05.290
000931.SZ,09:45:37.830,94537830,10864191,5.04,300,0,S,0,16:06:05.290
000931.SZ,09:45:37.830,94537830,10864192,5.04,900,0,S,0,16:06:05.290
000931.SZ,09:45:37.830,94537830,10864196,5.04,500,0,S,0,16:06:05.290
000931.SZ,09:45:37.840,94537840,10864303,5.04,200,0,S,0,16:06:05.290
000931.SZ,09:45:37.840,94537840,10864307,5.04,400,0,S,0,16:06:05.290
000931.SZ,09:45:37.840,94537840,10864308,5.04,500,0,S,0,16:06:05.290
000931.SZ,09:45:37.840,94537840,10864309,5.04,200,0,S,0,16:06:05.290
000931.SZ,09:45:37.850,94537850,10864363,5.04,800,0,S,0,16:06:05.290
000931.SZ,09:45:39.400,94539400,10874745,5.04,100,0,S,0,16:06:05.419
000931.SZ,09:45:40.170,94540170,10880246,5.03,600,0,B,0,16:06:05.534
000931.SZ,09:45:40.940,94540940,10886017,5.04,100,0,S,0,16:06:05.660
000931.SZ,09:45:42.090,94542090,10892815,5.04,200,0,S,0,16:06:05.785
000931.SZ,09:45:42.100,94542100,10892846,5.04,100,0,S,0,16:06:05.785
000931.SZ,09:45:42.100,94542100,10892848,5.04,1000,0,S,0,16:06:05.785
000931.SZ,09:45:42.100,94542100,10892849,5.04,300,0,S,0,16:06:05.785
000931.SZ,09:45:42.100,94542100,10892857,5.04,700,0,S,0,16:06:05.785
000931.SZ,09:45:42.100,94542100,10892859,5.04,400,0,S,0,16:06:05.785
000931.SZ,09:45:42.110,94542110,10892917,5.04,200,0,S,0,16:06:05.785
000931.SZ,09:45:42.110,94542110,10892918,5.04,100,0,S,0,16:06:05.785
000931.SZ,09:45:42.110,94542110,10892919,5.04,100,0,S,0,16:06:05.785
000931.SZ,09:45:42.110,94542110,10892920,5.04,200,0,S,0,16:06:05.785
000931.SZ,09:45:42.110,94542110,10892921,5.04,100,0,S,0,16:06:05.785
000931.SZ,09:45:42.120,94542120,10892998,5.04,200,0,S,0,16:06:05.785
000931.SZ,09:45:42.130,94542130,10893063,5.04,100,0,S,0,16:06:05.785
000931.SZ,09:45:42.140,94542140,10893133,5.04,200,0,S,0,16:06:05.785
000931.SZ,09:45:43.890,94543890,10907070,4.97,2000,0,B,0,16:06:06.085
000931.SZ,09:45:46.560,94546560,10925971,5.01,2000,0,B,0,16:06:06.481
000931.SZ,09:45:47.030,94547030,10929781,5.04,8000,0,S,0,16:06:06.481
000931.SZ,09:45:47.950,94547950,10935110,5.04,100,0,S,0,16:06:06.612
000931.SZ,09:45:50.330,94550330,10950970,5.04,100,0,S,0,16:06:07.004
000931.SZ,09:45:50.350,94550350,10951041,5.04,200,0,S,0,16:06:07.004
000931.SZ,09:45:51.330,94551330,10956501,5.01,3000,0,B,0,16:06:07.004
000931.SZ,09:45:52.480,94552480,10963671,5.04,100,0,B,0,16:06:07.272
000931.SZ,09:45:53.100,94553100,10967492,5.04,600,0,S,0,16:06:07.272
000931.SZ,09:45:53.900,94553900,10971918,5.03,100,0,B,0,16:06:07.413
000931.SZ,09:45:54.250,94554250,10974168,5.04,300,0,S,0,16:06:07.413
000931.SZ,09:45:54.500,94554500,10976082,5.02,2000,0,B,0,16:06:07.413
000931.SZ,09:45:54.890,94554890,10978194,5.03,2000,0,S,0,16:06:07.547
000931.SZ,09:45:54.950,94554950,10978577,5.04,5000,0,B,0,16:06:07.547
000931.SZ,09:45:56.040,94556040,10985620,5.04,11400,0,S,0,16:06:07.673
000931.SZ,09:45:56.050,94556050,10985735,5.01,100,0,B,0,16:06:07.673
000931.SZ,09:45:56.250,94556250,10987028,5.03,10000,0,B,0,16:06:07.673
000931.SZ,09:45:56.470,94556470,10988182,5.03,800,0,S,0,16:06:07.673
000931.SZ,09:45:57.390,94557390,10993199,5.02,5000,0,B,0,16:06:07.798
000931.SZ,09:45:57.410,94557410,10993371,5.04,900,0,S,0,16:06:07.798
000931.SZ,09:45:57.810,94557810,10995873,5.02,3000,0,B,0,16:06:07.913
000931.SZ,09:45:57.900,94557900,10996327,5.04,1400,0,S,0,16:06:07.913
000931.SZ,09:45:58.050,94558050,10997216,5.04,2300,0,S,0,16:06:07.913
000931.SZ,09:45:58.240,94558240,10998536,4.99,5000,0,B,0,16:06:07.913
000931.SZ,09:46:01.010,94601010,11021117,5.04,3200,0,S,0,16:06:08.511
000931.SZ,09:46:01.010,94601010,11021153,5.03,2900,0,S,0,16:06:08.511
000931.SZ,09:46:01.020,94601020,11021186,5.04,900,0,S,0,16:06:08.511
000931.SZ,09:46:01.030,94601030,11021253,5.03,1800,0,S,0,16:06:08.511
000931.SZ,09:46:01.990,94601990,11030822,5.03,100,0,S,0,16:06:08.640
000931.SZ,09:46:02.410,94602410,11034377,4.95,500,0,B,0,16:06:08.750
000931.SZ,09:46:03.080,94603080,11039176,5.04,400,0,S,0,16:06:08.750
000931.SZ,09:46:03.360,94603360,11041414,5.03,500,0,B,0,16:06:08.859
000931.SZ,09:46:03.940,94603940,11046531,5.03,100,0,S,0,16:06:09.002
000931.SZ,09:46:03.970,94603970,11046725,5.03,300,0,S,0,16:06:09.002
000931.SZ,09:46:03.980,94603980,11046799,5.03,300,0,S,0,16:06:09.002
000931.SZ,09:46:04.540,94604540,11051898,5.03,100,0,S,0,16:06:09.128
000931.SZ,09:46:05.480,94605480,11058879,5.03,400,0,S,0,16:06:09.128
000931.SZ,09:46:06.040,94606040,11062712,4.96,500,0,B,0,16:06:09.238
000931.SZ,09:46:06.320,94606320,11065285,5.03,1800,0,S,0,16:06:09.347
000931.SZ,09:46:06.330,94606330,11065324,5.03,200,0,S,0,16:06:09.347
000931.SZ,09:46:06.330,94606330,11065326,5.03,3000,0,S,0,16:06:09.347
000931.SZ,09:46:06.330,94606330,11065329,5.03,500,0,S,0,16:06:09.347
000931.SZ,09:46:06.330,94606330,11065331,5.03,3000,0,S,0,16:06:09.347
000931.SZ,09:46:06.330,94606330,11065334,5.03,1200,0,S,0,16:06:09.347
000931.SZ,09:46:06.330,94606330,11065336,5.03,500,0,S,0,16:06:09.347
000931.SZ,09:46:06.330,94606330,11065338,5.03,300,0,S,0,16:06:09.347
000931.SZ,09:46:06.330,94606330,11065340,5.03,600,0,S,0,16:06:09.347
000931.SZ,09:46:06.330,94606330,11065342,5.03,1800,0,S,0,16:06:09.347
000931.SZ,09:46:06.330,94606330,11065344,5.03,2300,0,S,0,16:06:09.347
000931.SZ,09:46:06.330,94606330,11065347,5.03,1000,0,S,0,16:06:09.347
000931.SZ,09:46:06.330,94606330,11065349,5.03,3300,0,S,0,16:06:09.347
000931.SZ,09:46:06.330,94606330,11065354,5.03,1700,0,S,0,16:06:09.347
000931.SZ,09:46:06.330,94606330,11065358,5.03,600,0,S,0,16:06:09.347
000931.SZ,09:46:06.330,94606330,11065360,5.03,1900,0,S,0,16:06:09.347
000931.SZ,09:46:06.330,94606330,11065363,5.03,3600,0,S,0,16:06:09.347
000931.SZ,09:46:06.330,94606330,11065367,5.03,1400,0,S,0,16:06:09.347
000931.SZ,09:46:06.330,94606330,11065370,5.03,600,0,S,0,16:06:09.347
000931.SZ,09:46:06.330,94606330,11065372,5.03,4000,0,S,0,16:06:09.347
000931.SZ,09:46:06.330,94606330,11065374,5.03,800,0,S,0,16:06:09.347
000931.SZ,09:46:06.330,94606330,11065376,5.03,1800,0,S,0,16:06:09.347
000931.SZ,09:46:06.330,94606330,11065378,5.03,1900,0,S,0,16:06:09.347
000931.SZ,09:46:06.330,94606330,11065380,5.03,1800,0,S,0,16:06:09.347
000931.SZ,09:46:06.330,94606330,11065382,5.03,400,0,S,0,16:06:09.347
000931.SZ,09:46:06.330,94606330,11065384,5.03,1400,0,S,0,16:06:09.347
000931.SZ,09:46:06.330,94606330,11065386,5.03,2100,0,S,0,16:06:09.347
000931.SZ,09:46:06.330,94606330,11065388,5.03,200,0,S,0,16:06:09.347
000931.SZ,09:46:06.330,94606330,11065390,5.03,200,0,S,0,16:06:09.347
000931.SZ,09:46:06.330,94606330,11065392,5.03,1400,0,S,0,16:06:09.347
000931.SZ,09:46:06.330,94606330,11065394,5.03,2400,0,S,0,16:06:09.347
000931.SZ,09:46:06.330,94606330,11065397,5.03,1800,0,S,0,16:06:09.347
000931.SZ,09:46:06.330,94606330,11065400,5.03,600,0,S,0,16:06:09.347
000931.SZ,09:46:06.330,94606330,11065402,5.03,1000,0,S,0,16:06:09.347
000931.SZ,09:46:06.330,94606330,11065404,5.03,4500,0,S,0,16:06:09.347
000931.SZ,09:46:06.330,94606330,11065412,5.03,2100,0,S,0,16:06:09.347
000931.SZ,09:46:06.330,94606330,11065420,5.03,3000,0,S,0,16:06:09.347
000931.SZ,09:46:06.330,94606330,11065459,5.03,300,0,B,0,16:06:09.347
000931.SZ,09:46:06.340,94606340,11065530,5.03,7000,0,S,0,16:06:09.347
000931.SZ,09:46:06.340,94606340,11065533,5.04,17500,0,S,0,16:06:09.347
000931.SZ,09:46:06.340,94606340,11065540,5.03,14600,0,S,0,16:06:09.347
000931.SZ,09:46:06.340,94606340,11065564,5.03,10000,0,S,0,16:06:09.347
000931.SZ,09:46:06.340,94606340,11065578,5.03,600,0,S,0,16:06:09.347
000931.SZ,09:46:06.340,94606340,11065579,5.03,2300,0,S,0,16:06:09.347
000931.SZ,09:46:06.340,94606340,11065580,5.03,3900,0,S,0,16:06:09.347
000931.SZ,09:46:06.340,94606340,11065581,5.03,1600,0,S,0,16:06:09.347
000931.SZ,09:46:06.340,94606340,11065582,5.03,900,0,S,0,16:06:09.347
000931.SZ,09:46:06.340,94606340,11065585,5.03,3900,0,S,0,16:06:09.347
000931.SZ,09:46:06.340,94606340,11065586,5.03,1100,0,S,0,16:06:09.347
000931.SZ,09:46:06.340,94606340,11065589,5.03,3000,0,S,0,16:06:09.347
000931.SZ,09:46:06.350,94606350,11065658,5.03,300,0,S,0,16:06:09.347
000931.SZ,09:46:06.350,94606350,11065662,5.03,3900,0,S,0,16:06:09.347
000931.SZ,09:46:06.350,94606350,11065663,5.03,200,0,S,0,16:06:09.347
000931.SZ,09:46:06.360,94606360,11065722,5.03,600,0,S,0,16:06:09.347
000931.SZ,09:46:06.360,94606360,11065742,5.02,13100,0,B,0,16:06:09.347
000931.SZ,09:46:06.390,94606390,11066189,5.03,200,0,S,0,16:06:09.347
000931.SZ,09:46:06.400,94606400,11066286,5.03,200,0,S,0,16:06:09.347
000931.SZ,09:46:06.500,94606500,11067022,5.03,1100,0,S,0,16:06:09.347
000931.SZ,09:46:06.630,94606630,11068384,5.03,400,0,S,0,16:06:09.347
000931.SZ,09:46:07.490,94607490,11075342,5.03,100,0,S,0,16:06:09.488
000931.SZ,09:46:07.490,94607490,11075372,5.03,100,0,S,0,16:06:09.488
000931.SZ,09:46:07.490,94607490,11075375,5.03,100,0,S,0,16:06:09.488
000931.SZ,09:46:07.490,94607490,11075389,5.03,1000,0,S,0,16:06:09.488
000931.SZ,09:46:07.490,94607490,11075394,5.03,300,0,S,0,16:06:09.488
000931.SZ,09:46:07.490,94607490,11075395,5.03,1000,0,S,0,16:06:09.488
000931.SZ,09:46:07.490,94607490,11075396,5.03,300,0,S,0,16:06:09.488
000931.SZ,09:46:07.500,94607500,11075479,5.03,100,0,S,0,16:06:09.488
000931.SZ,09:46:07.500,94607500,11075484,5.03,100,0,S,0,16:06:09.488
000931.SZ,09:46:07.500,94607500,11075486,5.03,200,0,S,0,16:06:09.488
000931.SZ,09:46:07.500,94607500,11075487,5.03,100,0,S,0,16:06:09.488
000931.SZ,09:46:07.510,94607510,11075501,5.03,100,0,S,0,16:06:09.488
000931.SZ,09:46:07.510,94607510,11075586,5.03,100,0,S,0,16:06:09.488
000931.SZ,09:46:07.520,94607520,11075711,5.03,100,0,S,0,16:06:09.488
000931.SZ,09:46:08.210,94608210,11080295,4.88,500,0,B,0,16:06:09.595
000931.SZ,09:46:09.170,94609170,11086433,5.03,700,0,B,0,16:06:09.717
000931.SZ,09:46:09.170,94609170,11086435,5.03,1200,0,B,0,16:06:09.717
000931.SZ,09:46:09.170,94609170,11086437,5.03,500,0,B,0,16:06:09.717
000931.SZ,09:46:09.170,94609170,11086441,5.02,600,0,B,0,16:06:09.717
000931.SZ,09:46:09.170,94609170,11086442,5.02,800,0,B,0,16:06:09.717
000931.SZ,09:46:09.170,94609170,11086452,5.03,600,0,B,0,16:06:09.717
000931.SZ,09:46:09.170,94609170,11086459,5.02,100,0,B,0,16:06:09.717
000931.SZ,09:46:09.180,94609180,11086713,5.03,400,0,S,0,16:06:09.717
000931.SZ,09:46:09.180,94609180,11086719,5.03,400,0,S,0,16:06:09.717
000931.SZ,09:46:09.180,94609180,11086730,5.03,300,0,S,0,16:06:09.717
000931.SZ,09:46:09.190,94609190,11086798,5.03,700,0,B,0,16:06:09.717
000931.SZ,09:46:09.300,94609300,11087623,5.03,2800,0,S,0,16:06:09.717
000931.SZ,09:46:09.470,94609470,11089087,5.02,100,0,S,0,16:06:09.717
000931.SZ,09:46:09.790,94609790,11092203,5.03,1400,0,S,0,16:06:09.846
000931.SZ,09:46:10.520,94610520,11099308,4.96,3100,0,B,0,16:06:09.939
000931.SZ,09:46:10.650,94610650,11100666,4.89,50000,0,B,0,16:06:09.974
000931.SZ,09:46:10.720,94610720,11101081,5.0,100,0,B,0,16:06:09.974
000931.SZ,09:46:10.850,94610850,11101912,5.03,20000,0,B,0,16:06:09.974
000931.SZ,09:46:10.850,94610850,11101957,5.04,32800,0,S,0,16:06:09.974
000931.SZ,09:46:10.850,94610850,11101964,5.03,1100,0,S,0,16:06:09.974
000931.SZ,09:46:10.850,94610850,11101966,5.03,200,0,S,0,16:06:09.974
000931.SZ,09:46:10.850,94610850,11101968,5.03,300,0,S,0,16:06:09.974
000931.SZ,09:46:10.850,94610850,11101974,5.03,2700,0,S,0,16:06:09.974
000931.SZ,09:46:10.850,94610850,11101977,5.03,2400,0,S,0,16:06:09.974
000931.SZ,09:46:10.850,94610850,11101978,5.03,2400,0,S,0,16:06:09.974
000931.SZ,09:46:10.850,94610850,11101979,5.03,2000,0,S,0,16:06:09.974
000931.SZ,09:46:10.850,94610850,11101980,5.03,1900,0,S,0,16:06:09.974
000931.SZ,09:46:10.850,94610850,11101981,5.03,400,0,S,0,16:06:09.974
000931.SZ,09:46:10.850,94610850,11101982,5.03,2900,0,S,0,16:06:09.974
000931.SZ,09:46:10.850,94610850,11101983,5.03,200,0,S,0,16:06:09.974
000931.SZ,09:46:10.850,94610850,11101986,5.03,900,0,S,0,16:06:09.974
000931.SZ,09:46:11.080,94611080,11103601,5.04,1900,0,S,0,16:06:10.082
000931.SZ,09:46:11.110,94611110,11103774,5.03,100,0,S,0,16:06:10.082
000931.SZ,09:46:11.110,94611110,11103775,5.03,300,0,S,0,16:06:10.082
000931.SZ,09:46:11.110,94611110,11103776,5.03,100,0,S,0,16:06:10.082
000931.SZ,09:46:11.110,94611110,11103777,5.03,100,0,S,0,16:06:10.082
000931.SZ,09:46:11.110,94611110,11103778,5.03,200,0,S,0,16:06:10.082
000931.SZ,09:46:11.110,94611110,11103779,5.03,300,0,S,0,16:06:10.082
000931.SZ,09:46:11.110,94611110,11103783,5.03,500,0,S,0,16:06:10.082
000931.SZ,09:46:11.110,94611110,11103784,5.03,100,0,S,0,16:06:10.082
000931.SZ,09:46:11.110,94611110,11103785,5.03,200,0,S,0,16:06:10.082
000931.SZ,09:46:11.110,94611110,11103788,5.03,400,0,S,0,16:06:10.082
000931.SZ,09:46:11.110,94611110,11103790,5.03,500,0,S,0,16:06:10.082
000931.SZ,09:46:11.130,94611130,11103887,5.03,300,0,S,0,16:06:10.082
000931.SZ,09:46:11.130,94611130,11103888,5.03,100,0,S,0,16:06:10.082
000931.SZ,09:46:11.130,94611130,11103889,5.03,200,0,S,0,16:06:10.082
000931.SZ,09:46:11.130,94611130,11103890,5.03,100,0,S,0,16:06:10.082
000931.SZ,09:46:11.130,94611130,11103891,5.03,100,0,S,0,16:06:10.082
000931.SZ,09:46:11.130,94611130,11103892,5.03,100,0,S,0,16:06:10.082
000931.SZ,09:46:11.130,94611130,11103894,5.03,300,0,S,0,16:06:10.082
000931.SZ,09:46:11.130,94611130,11103896,5.03,300,0,S,0,16:06:10.082
000931.SZ,09:46:11.130,94611130,11103897,5.03,200,0,S,0,16:06:10.082
000931.SZ,09:46:11.130,94611130,11103902,5.03,100,0,S,0,16:06:10.082
000931.SZ,09:46:11.140,94611140,11103943,5.03,300,0,S,0,16:06:10.082
000931.SZ,09:46:11.150,94611150,11104020,5.03,100,0,S,0,16:06:10.082
000931.SZ,09:46:11.150,94611150,11104021,5.03,100,0,S,0,16:06:10.082
000931.SZ,09:46:14.950,94614950,11131912,5.03,1100,0,B,0,16:06:10.551
000931.SZ,09:46:15.330,94615330,11134372,5.02,100,0,B,0,16:06:10.707
000931.SZ,09:46:15.340,94615340,11134378,5.03,400,0,S,0,16:06:10.707
000931.SZ,09:46:15.340,94615340,11134390,5.03,400,0,S,0,16:06:10.707
000931.SZ,09:46:15.990,94615990,11138771,5.03,1600,0,B,0,16:06:10.707
000931.SZ,09:46:16.060,94616060,11139272,5.03,100,0,S,0,16:06:10.848
000931.SZ,09:46:16.510,94616510,11142622,5.03,100,0,B,0,16:06:10.848
000931.SZ,09:46:19.630,94619630,11163239,5.03,600,0,B,0,16:06:11.288
000931.SZ,09:46:20.170,94620170,11166744,5.03,100,0,B,0,16:06:11.414
000931.SZ,09:46:21.020,94621020,11170844,5.03,200,0,B,0,16:06:11.414
000931.SZ,09:46:21.020,94621020,11170850,5.03,200,0,B,0,16:06:11.414
000931.SZ,09:46:21.280,94621280,11172510,5.03,300,0,B,0,16:06:11.539
000931.SZ,09:46:21.280,94621280,11172526,5.02,1400,0,B,0,16:06:11.539
000931.SZ,09:46:22.020,94622020,11177571,5.03,200,0,B,0,16:06:11.539
000931.SZ,09:46:22.020,94622020,11177574,5.03,300,0,B,0,16:06:11.539
000931.SZ,09:46:22.020,94622020,11177579,5.03,300,0,B,0,16:06:11.539
000931.SZ,09:46:22.190,94622190,11178534,5.03,3600,0,S,0,16:06:11.674
000931.SZ,09:46:23.600,94623600,11187981,5.02,100,0,B,0,16:06:11.799
000931.SZ,09:46:23.750,94623750,11188760,5.03,1300,0,S,0,16:06:11.799
000931.SZ,09:46:25.330,94625330,11198697,5.02,3100,0,B,0,16:06:12.099
000931.SZ,09:46:27.310,94627310,11211338,5.03,100,0,S,0,16:06:12.290
000931.SZ,09:46:27.550,94627550,11212850,5.02,1600,0,B,0,16:06:12.290
000931.SZ,09:46:27.630,94627630,11213301,5.03,200,0,B,0,16:06:12.290
000931.SZ,09:46:27.850,94627850,11214606,5.02,2000,0,B,0,16:06:12.414
000931.SZ,09:46:27.900,94627900,11214926,5.03,100,0,S,0,16:06:12.414
000931.SZ,09:46:27.900,94627900,11214928,5.03,100,0,S,0,16:06:12.414
000931.SZ,09:46:27.900,94627900,11214929,5.03,300,0,S,0,16:06:12.414
000931.SZ,09:46:27.900,94627900,11214930,5.03,100,0,S,0,16:06:12.414
000931.SZ,09:46:27.900,94627900,11214931,5.03,200,0,S,0,16:06:12.414
000931.SZ,09:46:27.900,94627900,11214932,5.03,200,0,S,0,16:06:12.414
000931.SZ,09:46:27.900,94627900,11214937,5.03,200,0,S,0,16:06:12.414
000931.SZ,09:46:27.910,94627910,11214984,5.03,500,0,S,0,16:06:12.414
000931.SZ,09:46:27.910,94627910,11214985,5.03,600,0,S,0,16:06:12.414
000931.SZ,09:46:27.910,94627910,11215017,5.03,300,0,S,0,16:06:12.414
000931.SZ,09:46:27.910,94627910,11215018,5.03,200,0,S,0,16:06:12.414
000931.SZ,09:46:27.910,94627910,11215019,5.03,100,0,S,0,16:06:12.414
000931.SZ,09:46:27.910,94627910,11215020,5.03,100,0,S,0,16:06:12.414
000931.SZ,09:46:27.910,94627910,11215021,5.03,100,0,S,0,16:06:12.414
000931.SZ,09:46:27.910,94627910,11215023,5.03,200,0,S,0,16:06:12.414
000931.SZ,09:46:27.910,94627910,11215024,5.03,200,0,S,0,16:06:12.414
000931.SZ,09:46:27.910,94627910,11215025,5.03,300,0,S,0,16:06:12.414
000931.SZ,09:46:27.910,94627910,11215028,5.03,100,0,S,0,16:06:12.414
000931.SZ,09:46:27.910,94627910,11215029,5.03,200,0,S,0,16:06:12.414
000931.SZ,09:46:27.910,94627910,11215040,5.03,200,0,S,0,16:06:12.414
000931.SZ,09:46:27.920,94627920,11215067,5.03,100,0,S,0,16:06:12.414
000931.SZ,09:46:27.920,94627920,11215116,5.03,300,0,S,0,16:06:12.414
000931.SZ,09:46:31.480,94631480,11238099,5.02,800,0,B,0,16:06:12.894
000931.SZ,09:46:31.490,94631490,11238114,5.02,100,0,B,0,16:06:12.894
000931.SZ,09:46:31.810,94631810,11239959,5.02,11000,0,B,0,16:06:12.894
000931.SZ,09:46:32.170,94632170,11241780,5.02,300,0,B,0,16:06:13.004
000931.SZ,09:46:32.970,94632970,11246428,5.03,100,0,S,0,16:06:13.004
000931.SZ,09:46:33.440,94633440,11249204,5.02,300,0,B,0,16:06:13.128
000931.SZ,09:46:33.490,94633490,11249680,5.02,400,0,B,0,16:06:13.128
000931.SZ,09:46:33.500,94633500,11249736,5.02,2400,0,B,0,16:06:13.128
000931.SZ,09:46:33.640,94633640,11250856,4.98,5000,0,B,0,16:06:13.128
000931.SZ,09:46:34.290,94634290,11255835,5.03,300,0,S,0,16:06:13.260
000931.SZ,09:46:34.390,94634390,11257191,4.98,500,0,B,0,16:06:13.260
000931.SZ,09:46:34.550,94634550,11258354,5.03,1600,0,B,0,16:06:13.260
000931.SZ,09:46:34.550,94634550,11258361,5.03,400,0,B,0,16:06:13.260
000931.SZ,09:46:34.680,94634680,11259094,5.03,400,0,S,0,16:06:13.260
000931.SZ,09:46:34.990,94634990,11261011,5.02,200,0,B,0,16:06:13.379
000931.SZ,09:46:35.810,94635810,11265714,4.9,100,0,B,0,16:06:13.490
000931.SZ,09:46:35.870,94635870,11266051,5.03,5000,0,B,0,16:06:13.490
000931.SZ,09:46:36.180,94636180,11268165,5.03,300,0,B,0,16:06:13.490
000931.SZ,09:46:36.190,94636190,11268180,5.03,400,0,S,0,16:06:13.490
000931.SZ,09:46:36.190,94636190,11268196,5.03,400,0,S,0,16:06:13.490
000931.SZ,09:46:36.710,94636710,11272470,5.02,4600,0,B,0,16:06:13.641
000931.SZ,09:46:39.320,94639320,11290835,5.03,3700,0,S,0,16:06:13.875
000931.SZ,09:46:39.400,94639400,11291669,5.03,200,0,S,0,16:06:13.875
000931.SZ,09:46:40.150,94640150,11297253,5.02,1500,0,S,0,16:06:14.034
000931.SZ,09:46:41.540,94641540,11307991,4.95,2000,0,B,0,16:06:14.192
000931.SZ,09:46:42.050,94642050,11311549,5.01,5000,0,B,0,16:06:14.284
000931.SZ,09:46:42.170,94642170,11312468,5.02,500,0,B,0,16:06:14.284
000931.SZ,09:46:42.200,94642200,11312868,5.03,600,0,S,0,16:06:14.284
000931.SZ,09:46:42.250,94642250,11313307,5.03,600,0,S,0,16:06:14.284
000931.SZ,09:46:42.520,94642520,11315161,5.02,200,0,B,0,16:06:14.412
000931.SZ,09:46:43.710,94643710,11326606,5.0,100,0,B,0,16:06:14.536
000931.SZ,09:46:44.860,94644860,11332632,5.08,6000,0,S,0,16:06:14.640
000931.SZ,09:46:44.860,94644860,11332633,5.03,300,0,S,0,16:06:14.640
000931.SZ,09:46:44.860,94644860,11332642,5.04,500,0,S,0,16:06:14.640
000931.SZ,09:46:45.190,94645190,11334799,5.03,100,0,S,0,16:06:14.784
000931.SZ,09:46:45.480,94645480,11337060,5.03,1000,0,S,0,16:06:14.784
000931.SZ,09:46:45.740,94645740,11338535,5.02,100,0,B,0,16:06:14.784
000931.SZ,09:46:46.000,94646000,11340471,5.04,300,0,S,0,16:06:14.937
000931.SZ,09:46:46.040,94646040,11340907,5.02,200,0,B,0,16:06:14.937
000931.SZ,09:46:46.050,94646050,11341025,5.03,300,0,S,0,16:06:14.937
000931.SZ,09:46:46.070,94646070,11341110,5.04,500,0,S,0,16:06:14.937
000931.SZ,09:46:46.120,94646120,11341474,5.04,400,0,S,0,16:06:14.937
000931.SZ,09:46:46.500,94646500,11344324,5.03,300,0,S,0,16:06:14.937
000931.SZ,09:46:46.510,94646510,11344501,5.04,200,0,S,0,16:06:14.937
000931.SZ,09:46:46.660,94646660,11345420,5.04,100,0,S,0,16:06:14.937
000931.SZ,09:46:46.730,94646730,11345802,5.02,200,0,B,0,16:06:14.937
000931.SZ,09:46:46.830,94646830,11346437,5.02,300,0,B,0,16:06:14.937
000931.SZ,09:46:47.770,94647770,11351688,5.02,100,0,B,0,16:06:15.080
000931.SZ,09:46:47.980,94647980,11352684,5.02,900,0,B,0,16:06:15.080
000931.SZ,09:46:48.020,94648020,11352917,4.98,1900,0,B,0,16:06:15.080
000931.SZ,09:46:48.070,94648070,11353196,5.02,700,0,B,0,16:06:15.080
000931.SZ,09:46:48.070,94648070,11353211,5.02,200,0,B,0,16:06:15.080
000931.SZ,09:46:48.140,94648140,11353498,5.02,500,0,B,0,16:06:15.080
000931.SZ,09:46:48.260,94648260,11354340,5.03,600,0,S,0,16:06:15.236
000931.SZ,09:46:48.290,94648290,11354613,5.03,400,0,S,0,16:06:15.236
000931.SZ,09:46:48.330,94648330,11354764,5.03,300,0,B,0,16:06:15.236
000931.SZ,09:46:48.370,94648370,11355026,5.02,100,0,B,0,16:06:15.236
000931.SZ,09:46:48.750,94648750,11357985,5.02,5000,0,B,0,16:06:15.236
000931.SZ,09:46:49.530,94649530,11362904,5.05,14100,0,B,0,16:06:15.346
000931.SZ,09:46:49.540,94649540,11362972,5.04,74200,0,S,0,16:06:15.346
000931.SZ,09:46:49.540,94649540,11362997,5.04,100,0,S,0,16:06:15.346
000931.SZ,09:46:49.540,94649540,11363003,5.02,100,0,B,0,16:06:15.346
000931.SZ,09:46:49.540,94649540,11363010,5.03,10000,0,S,0,16:06:15.346
000931.SZ,09:46:49.550,94649550,11363053,5.02,100,0,B,0,16:06:15.346
000931.SZ,09:46:49.560,94649560,11363104,5.02,100,0,B,0,16:06:15.346
000931.SZ,09:46:49.620,94649620,11363369,5.03,100,0,S,0,16:06:15.346
000931.SZ,09:46:49.830,94649830,11364602,5.03,100,0,S,0,16:06:15.346
000931.SZ,09:46:50.250,94650250,11367515,4.95,600,0,B,0,16:06:15.488
000931.SZ,09:46:51.020,94651020,11371408,5.02,4000,0,S,0,16:06:15.488
000931.SZ,09:46:51.780,94651780,11377257,5.03,1600,0,S,0,16:06:15.581
000931.SZ,09:46:51.820,94651820,11377494,5.03,800,0,S,0,16:06:15.581
000931.SZ,09:46:52.600,94652600,11382254,5.03,100,0,S,0,16:06:15.686
000931.SZ,09:46:52.610,94652610,11382324,5.03,200,0,S,0,16:06:15.686
000931.SZ,09:46:52.980,94652980,11384324,5.03,300,0,S,0,16:06:15.780
000931.SZ,09:46:52.980,94652980,11384326,5.04,200,0,S,0,16:06:15.780
000931.SZ,09:46:53.160,94653160,11385321,5.03,600,0,S,0,16:06:15.780
000931.SZ,09:46:54.180,94654180,11391028,5.03,400,0,S,0,16:06:15.893
000931.SZ,09:46:54.280,94654280,11391610,5.03,2000,0,S,0,16:06:15.893
000931.SZ,09:46:54.500,94654500,11392923,5.02,100,0,B,0,16:06:15.893
000931.SZ,09:46:54.520,94654520,11393145,5.03,1000,0,S,0,16:06:15.893
000931.SZ,09:46:54.730,94654730,11394691,4.96,1000,0,B,0,16:06:15.966
000931.SZ,09:46:54.770,94654770,11394887,5.03,800,0,S,0,16:06:15.966
000931.SZ,09:46:54.780,94654780,11395006,5.03,1600,0,S,0,16:06:15.966
000931.SZ,09:46:54.790,94654790,11395040,5.03,800,0,S,0,16:06:15.966
000931.SZ,09:46:55.080,94655080,11396660,5.03,1000,0,S,0,16:06:15.966
000931.SZ,09:46:55.380,94655380,11399013,5.03,800,0,S,0,16:06:16.079
000931.SZ,09:46:55.420,94655420,11399254,5.03,1900,0,S,0,16:06:16.079
000931.SZ,09:46:55.760,94655760,11401621,5.02,300,0,B,0,16:06:16.079
000931.SZ,09:46:56.870,94656870,11408225,5.03,100,0,B,0,16:06:16.187
000931.SZ,09:46:59.030,94659030,11421529,5.04,200,0,S,0,16:06:16.506
000931.SZ,09:46:59.030,94659030,11421530,5.03,300,0,S,0,16:06:16.506
000931.SZ,09:46:59.520,94659520,11424221,5.0,1500,0,B,0,16:06:16.506
000931.SZ,09:47:02.920,94702920,11448197,4.82,1000,0,B,0,16:06:17.171
000931.SZ,09:47:03.250,94703250,11450422,5.03,600,0,B,0,16:06:17.171
000931.SZ,09:47:06.210,94706210,11470491,5.03,300,0,S,0,16:06:17.547
000931.SZ,09:47:06.210,94706210,11470503,5.04,100,0,S,0,16:06:17.547
000931.SZ,09:47:06.780,94706780,11474567,5.03,800,0,S,0,16:06:17.631
000931.SZ,09:47:07.090,94707090,11476720,5.03,1000,0,S,0,16:06:17.761
000931.SZ,09:47:07.210,94707210,11477482,5.01,3000,0,B,0,16:06:17.761
000931.SZ,09:47:09.350,94709350,11491307,5.03,1000,0,S,0,16:06:17.996
000931.SZ,09:47:11.870,94711870,11511105,5.03,1000,0,B,0,16:06:18.437
000931.SZ,09:47:12.030,94712030,11511982,5.03,8000,0,S,0,16:06:18.437
000931.SZ,09:47:12.050,94712050,11512093,5.02,800,0,B,0,16:06:18.437
000931.SZ,09:47:12.740,94712740,11517230,5.03,100,0,B,0,16:06:18.594
000931.SZ,09:47:12.750,94712750,11517273,5.03,100,0,B,0,16:06:18.594
000931.SZ,09:47:13.060,94713060,11519224,5.02,1100,0,B,0,16:06:18.594
000931.SZ,09:47:15.900,94715900,11536971,5.03,100,0,S,0,16:06:18.780
000931.SZ,09:47:16.080,94716080,11538069,5.0,400,0,B,0,16:06:18.780
000931.SZ,09:47:16.440,94716440,11540240,5.02,700,0,S,0,16:06:18.822
000931.SZ,09:47:19.120,94719120,11556262,5.0,300,0,B,0,16:06:18.931
000931.SZ,09:47:19.600,94719600,11559503,5.03,11000,0,B,0,16:06:18.955
000931.SZ,09:47:22.510,94722510,11576992,5.03,100,0,B,0,16:06:19.116
000931.SZ,09:47:23.350,94723350,11582602,5.0,1100,0,B,0,16:06:19.147
000931.SZ,09:47:24.400,94724400,11589330,5.02,100,0,B,0,16:06:19.177
000931.SZ,09:47:24.690,94724690,11591100,5.01,2000,0,B,0,16:06:19.214
000931.SZ,09:47:26.600,94726600,11602786,5.03,2000,0,S,0,16:06:19.291
000931.SZ,09:47:27.210,94727210,11605981,5.02,200,0,B,0,16:06:19.334
000931.SZ,09:47:28.990,94728990,11619549,5.03,10200,0,B,0,16:06:19.418
000931.SZ,09:47:29.560,94729560,11623258,5.03,500,0,B,0,16:06:19.447
000931.SZ,09:47:34.730,94734730,11660545,5.17,8000,0,S,0,16:06:20.043
000931.SZ,09:47:35.290,94735290,11663567,5.03,400,0,S,0,16:06:20.043
000931.SZ,09:47:40.510,94740510,11705115,5.03,1000,0,S,0,16:06:20.809
000931.SZ,09:47:40.710,94740710,11706837,4.98,5000,0,B,0,16:06:20.809
000931.SZ,09:47:41.120,94741120,11709213,5.03,20000,0,B,0,16:06:20.869
000931.SZ,09:47:41.130,94741130,11709252,5.04,74100,0,S,0,16:06:20.869
000931.SZ,09:47:41.140,94741140,11709378,5.04,200,0,S,0,16:06:20.869
000931.SZ,09:47:41.260,94741260,11709977,4.88,500,0,B,0,16:06:20.869
000931.SZ,09:47:41.280,94741280,11710093,5.03,500,0,S,0,16:06:20.869
000931.SZ,09:47:41.550,94741550,11712153,5.03,5200,0,S,0,16:06:20.978
000931.SZ,09:47:41.550,94741550,11712258,5.03,4400,0,S,0,16:06:20.978
000931.SZ,09:47:41.550,94741550,11712366,5.03,4600,0,S,0,16:06:20.978
000931.SZ,09:47:41.640,94741640,11713171,5.03,60400,0,S,0,16:06:20.978
000931.SZ,09:47:41.650,94741650,11713287,5.03,200,0,S,0,16:06:20.978
000931.SZ,09:47:41.650,94741650,11713290,5.03,18300,0,S,0,16:06:20.978
000931.SZ,09:47:41.660,94741660,11713323,5.03,200,0,S,0,16:06:20.978
000931.SZ,09:47:42.030,94742030,11715206,5.04,100,0,B,0,16:06:20.978
000931.SZ,09:47:42.250,94742250,11716891,5.04,400,0,B,0,16:06:21.074
000931.SZ,09:47:42.520,94742520,11719466,5.02,500,0,S,0,16:06:21.074
000931.SZ,09:47:42.920,94742920,11722484,5.02,500,0,B,0,16:06:21.199
000931.SZ,09:47:43.040,94743040,11723435,5.02,500,0,B,0,16:06:21.199
000931.SZ,09:47:43.470,94743470,11726019,5.04,3500,0,S,0,16:06:21.199
000931.SZ,09:47:43.710,94743710,11728134,5.02,1000,0,B,0,16:06:21.199
000931.SZ,09:47:45.250,94745250,11736787,5.02,300,0,B,0,16:06:21.371
000931.SZ,09:47:45.330,94745330,11737289,5.01,1000,0,B,0,16:06:21.371
000931.SZ,09:47:45.860,94745860,11740620,5.02,3100,0,S,0,16:06:21.498
000931.SZ,09:47:46.060,94746060,11741690,5.02,100,0,B,0,16:06:21.498
000931.SZ,09:47:47.800,94747800,11752508,5.03,1600,0,S,0,16:06:21.720
000931.SZ,09:47:51.580,94751580,11777496,5.0,1000,0,B,0,16:06:22.261
000931.SZ,09:47:52.210,94752210,11781405,5.03,500,0,B,0,16:06:22.261
000931.SZ,09:47:54.670,94754670,11798869,4.95,1000,0,B,0,16:06:22.593
000931.SZ,09:47:54.800,94754800,11800041,5.02,100,0,B,0,16:06:22.593
000931.SZ,09:47:56.530,94756530,11811937,4.9,1000,0,B,0,16:06:22.853
000931.SZ,09:47:56.670,94756670,11812662,5.02,300,0,B,0,16:06:22.853
000931.SZ,09:47:57.190,94757190,11815485,5.02,10000,0,B,0,16:06:22.853
000931.SZ,09:47:57.330,94757330,11816597,5.02,100,0,B,0,16:06:22.962
000931.SZ,09:47:58.950,94758950,11826609,4.95,3700,0,B,0,16:06:23.168
000931.SZ,09:48:01.420,94801420,11844460,5.0,100,0,B,0,16:06:23.575
000931.SZ,09:48:01.430,94801430,11844529,5.03,200,0,S,0,16:06:23.575
000931.SZ,09:48:03.390,94803390,11857179,5.03,1000,0,S,0,16:06:23.772
000931.SZ,09:48:03.410,94803410,11857278,5.03,200,0,S,0,16:06:23.772
000931.SZ,09:48:04.220,94804220,11862859,5.0,1000,0,B,0,16:06:23.898
000931.SZ,09:48:04.710,94804710,11866328,5.02,2200,0,B,0,16:06:23.977
000931.SZ,09:48:06.250,94806250,11879349,4.99,10000,0,B,0,16:06:24.159
000931.SZ,09:48:06.980,94806980,11884922,5.0,100,0,B,0,16:06:24.317
000931.SZ,09:48:08.310,94808310,11893894,5.03,500,0,B,0,16:06:24.577
000931.SZ,09:48:10.480,94810480,11907591,5.0,1000,0,B,0,16:06:24.772
000931.SZ,09:48:11.610,94811610,11913703,5.03,500,0,B,0,16:06:24.880
000931.SZ,09:48:11.820,94811820,11914953,5.03,3900,0,B,0,16:06:24.880
000931.SZ,09:48:11.830,94811830,11914997,5.03,12300,0,S,0,16:06:24.880
000931.SZ,09:48:11.850,94811850,11915112,5.02,800,0,B,0,16:06:24.880
000931.SZ,09:48:12.380,94812380,11918098,4.99,500,0,S,0,16:06:24.958
000931.SZ,09:48:12.420,94812420,11918345,5.02,900,0,B,0,16:06:24.958
000931.SZ,09:48:12.470,94812470,11918619,5.03,400,0,S,0,16:06:24.958
000931.SZ,09:48:13.880,94813880,11929335,5.03,3400,0,S,0,16:06:25.210
000931.SZ,09:48:17.850,94817850,11954540,5.02,5000,0,B,0,16:06:25.680
000931.SZ,09:48:18.930,94818930,11962150,5.0,400,0,B,0,16:06:25.911
000931.SZ,09:48:20.600,94820600,11971784,5.0,800,0,B,0,16:06:26.051
000931.SZ,09:48:23.900,94823900,11994376,5.02,100,0,B,0,16:06:26.475
000931.SZ,09:48:24.280,94824280,11996339,5.02,600,0,B,0,16:06:26.475
000931.SZ,09:48:26.980,94826980,12011275,5.02,100,0,B,0,16:06:26.800
000931.SZ,09:48:27.120,94827120,12011941,5.03,1500,0,S,0,16:06:26.800
000931.SZ,09:48:27.320,94827320,12013039,5.02,2300,0,B,0,16:06:26.800
000931.SZ,09:48:28.530,94828530,12019980,4.92,2000,0,B,0,16:06:27.035
000931.SZ,09:48:30.440,94830440,12029679,4.96,5400,0,B,0,16:06:27.271
000931.SZ,09:48:32.050,94832050,12039695,5.02,1000,0,B,0,16:06:27.459
000931.SZ,09:48:33.550,94833550,12047832,5.02,700,0,B,0,16:06:27.600
000931.SZ,09:48:33.980,94833980,12050171,5.03,500,0,B,0,16:06:27.600
000931.SZ,09:48:35.180,94835180,12057963,5.02,100,0,B,0,16:06:27.757
000931.SZ,09:48:35.620,94835620,12060738,5.02,500,0,B,0,16:06:27.876
000931.SZ,09:48:36.080,94836080,12063908,5.03,100,0,S,0,16:06:27.876
000931.SZ,09:48:37.810,94837810,12077949,4.99,800,0,B,0,16:06:28.165
000931.SZ,09:48:37.980,94837980,12079027,4.9,400,0,B,0,16:06:28.165
000931.SZ,09:48:38.700,94838700,12083116,4.99,1800,0,S,0,16:06:28.265
000931.SZ,09:48:38.990,94838990,12084665,5.03,100,0,B,0,16:06:28.265
000931.SZ,09:48:39.420,94839420,12087454,5.03,10000,0,B,0,16:06:28.390
000931.SZ,09:48:39.430,94839430,12087555,5.03,70900,0,B,0,16:06:28.390
000931.SZ,09:48:39.490,94839490,12088075,5.03,600,0,B,0,16:06:28.390
000931.SZ,09:48:40.000,94840000,12091455,5.0,500,0,B,0,16:06:28.514
000931.SZ,09:48:40.010,94840010,12091543,5.03,100,0,B,0,16:06:28.514
000931.SZ,09:48:40.010,94840010,12091573,5.03,7700,0,B,0,16:06:28.514
000931.SZ,09:48:40.830,94840830,12097281,5.04,200,0,B,0,16:06:28.514
000931.SZ,09:48:40.940,94840940,12097874,5.04,300,0,B,0,16:06:28.626
000931.SZ,09:48:41.980,94841980,12102800,5.0,5000,0,B,0,16:06:28.626
000931.SZ,09:48:42.140,94842140,12103746,5.04,100,0,B,0,16:06:28.754
000931.SZ,09:48:42.390,94842390,12105288,5.03,100,0,B,0,16:06:28.754
000931.SZ,09:48:42.460,94842460,12106362,5.04,300,0,B,0,16:06:28.754
000931.SZ,09:48:42.500,94842500,12106581,5.03,200,0,B,0,16:06:28.754
000931.SZ,09:48:42.650,94842650,12107726,5.03,100,0,B,0,16:06:28.754
000931.SZ,09:48:42.750,94842750,12108488,5.03,700,0,B,0,16:06:28.754
000931.SZ,09:48:42.750,94842750,12108489,5.03,1000,0,B,0,16:06:28.754
000931.SZ,09:48:42.820,94842820,12108846,5.03,1100,0,B,0,16:06:28.754
000931.SZ,09:48:42.840,94842840,12108946,5.03,300,0,B,0,16:06:28.754
000931.SZ,09:48:42.870,94842870,12109073,5.03,1500,0,B,0,16:06:28.754
000931.SZ,09:48:42.910,94842910,12109229,5.04,10000,0,B,0,16:06:28.754
000931.SZ,09:48:42.920,94842920,12109299,5.04,11900,0,B,0,16:06:28.754
000931.SZ,09:48:42.940,94842940,12109332,5.03,1400,0,B,0,16:06:28.754
000931.SZ,09:48:42.990,94842990,12109598,5.04,300,0,B,0,16:06:28.754
000931.SZ,09:48:43.000,94843000,12109685,5.03,1500,0,B,0,16:06:28.754
000931.SZ,09:48:43.040,94843040,12109856,5.03,2100,0,B,0,16:06:28.754
000931.SZ,09:48:43.040,94843040,12109860,5.03,2100,0,B,0,16:06:28.754
000931.SZ,09:48:43.060,94843060,12110005,5.03,2400,0,B,0,16:06:28.754
000931.SZ,09:48:43.060,94843060,12110012,5.03,2200,0,B,0,16:06:28.754
000931.SZ,09:48:43.070,94843070,12110033,5.03,600,0,B,0,16:06:28.754
000931.SZ,09:48:43.140,94843140,12110417,5.03,1000,0,B,0,16:06:28.888
000931.SZ,09:48:43.280,94843280,12111699,5.04,100,0,B,0,16:06:28.888
000931.SZ,09:48:43.380,94843380,12112500,5.04,500,0,B,0,16:06:28.888
000931.SZ,09:48:43.440,94843440,12113351,5.03,2100,0,B,0,16:06:28.888
000931.SZ,09:48:43.460,94843460,12113533,5.04,300,0,B,0,16:06:28.888
000931.SZ,09:48:43.480,94843480,12113811,5.04,200,0,S,0,16:06:28.888
000931.SZ,09:48:43.500,94843500,12113901,5.04,400,0,B,0,16:06:28.888
000931.SZ,09:48:43.500,94843500,12113903,5.04,2400,0,B,0,16:06:28.888
000931.SZ,09:48:43.500,94843500,12113913,5.04,100,0,B,0,16:06:28.888
000931.SZ,09:48:43.500,94843500,12113917,5.04,800,0,B,0,16:06:28.888
000931.SZ,09:48:43.500,94843500,12113933,5.04,200,0,B,0,16:06:28.888
000931.SZ,09:48:43.500,94843500,12113935,5.04,300,0,B,0,16:06:28.888
000931.SZ,09:48:43.510,94843510,12114004,5.04,6300,0,B,0,16:06:28.888
000931.SZ,09:48:43.520,94843520,12114024,5.05,73900,0,S,0,16:06:28.888
000931.SZ,09:48:43.520,94843520,12114025,5.03,300,0,B,0,16:06:28.888
000931.SZ,09:48:43.520,94843520,12114026,5.03,600,0,B,0,16:06:28.888
000931.SZ,09:48:43.530,94843530,12114117,5.04,100,0,B,0,16:06:28.888
000931.SZ,09:48:43.550,94843550,12114188,4.95,1000,0,B,0,16:06:28.888
000931.SZ,09:48:43.800,94843800,12115660,5.04,100,0,B,0,16:06:28.888
000931.SZ,09:48:44.180,94844180,12117993,5.04,300,0,B,0,16:06:28.996
000931.SZ,09:48:44.540,94844540,12119997,5.04,1000,0,S,0,16:06:28.996
000931.SZ,09:48:44.540,94844540,12120020,5.05,100,0,S,0,16:06:28.996
000931.SZ,09:48:44.960,94844960,12122343,5.03,900,0,B,0,16:06:28.996
000931.SZ,09:48:45.030,94845030,12122661,5.0,2000,0,B,0,16:06:28.996
000931.SZ,09:48:45.070,94845070,12122903,5.03,1300,0,B,0,16:06:28.996
000931.SZ,09:48:45.390,94845390,12124971,5.06,1900,0,S,0,16:06:29.111
000931.SZ,09:48:45.420,94845420,12125243,5.04,900,0,S,0,16:06:29.111
000931.SZ,09:48:45.420,94845420,12125247,5.04,700,0,S,0,16:06:29.111
000931.SZ,09:48:45.420,94845420,12125265,5.04,12600,0,S,0,16:06:29.111
000931.SZ,09:48:45.480,94845480,12125771,5.05,100,0,B,0,16:06:29.111
000931.SZ,09:48:45.850,94845850,12128312,5.05,100,0,B,0,16:06:29.111
000931.SZ,09:48:46.270,94846270,12131205,4.99,4000,0,B,0,16:06:29.233
000931.SZ,09:48:46.310,94846310,12131595,4.96,4200,0,B,0,16:06:29.233
000931.SZ,09:48:46.800,94846800,12135628,5.03,100,0,B,0,16:06:29.233
000931.SZ,09:48:46.930,94846930,12136666,5.04,500,0,B,0,16:06:29.233
000931.SZ,09:48:48.280,94848280,12143834,5.04,400,0,B,0,16:06:29.453
000931.SZ,09:48:48.720,94848720,12146904,5.04,3600,0,B,0,16:06:29.453
000931.SZ,09:48:49.470,94849470,12151636,5.0,700,0,B,0,16:06:29.564
000931.SZ,09:48:49.700,94849700,12152829,5.02,200,0,B,0,16:06:29.564
000931.SZ,09:48:52.110,94852110,12167679,5.03,300,0,B,0,16:06:29.903
000931.SZ,09:48:52.110,94852110,12167686,5.03,600,0,B,0,16:06:29.903
000931.SZ,09:48:52.290,94852290,12168817,5.51,6000,0,S,0,16:06:29.903
000931.SZ,09:48:52.390,94852390,12169847,5.35,2000,0,S,0,16:06:29.903
000931.SZ,09:48:52.410,94852410,12169931,5.05,100,0,B,0,16:06:29.903
000931.SZ,09:48:52.500,94852500,12170632,5.12,100,0,B,0,16:06:30.026
000931.SZ,09:48:54.300,94854300,12182538,5.04,200,0,B,0,16:06:30.137
000931.SZ,09:48:54.470,94854470,12183749,5.04,4200,0,B,0,16:06:30.137
000931.SZ,09:48:54.500,94854500,12184008,4.9,800,0,B,0,16:06:30.137
000931.SZ,09:48:54.520,94854520,12184320,5.04,200,0,S,0,16:06:30.137
000931.SZ,09:48:55.390,94855390,12190201,5.04,3900,0,S,0,16:06:30.281
000931.SZ,09:48:55.390,94855390,12190228,5.05,74000,0,S,0,16:06:30.281
000931.SZ,09:48:55.400,94855400,12190268,5.04,300,0,S,0,16:06:30.281
000931.SZ,09:48:55.720,94855720,12192427,5.0,3000,0,B,0,16:06:30.391
000931.SZ,09:48:56.860,94856860,12198377,5.04,300,0,B,0,16:06:30.455
000931.SZ,09:48:57.310,94857310,12201227,5.04,800,0,S,0,16:06:30.455
000931.SZ,09:48:57.320,94857320,12201266,5.04,6400,0,S,0,16:06:30.455
000931.SZ,09:48:57.320,94857320,12201322,5.04,2200,0,S,0,16:06:30.455
000931.SZ,09:48:58.020,94858020,12205552,4.95,2000,0,B,0,16:06:30.564
000931.SZ,09:48:59.180,94859180,12212818,4.92,100,0,B,0,16:06:30.802
000931.SZ,09:49:00.060,94900060,12217364,5.02,15000,0,B,0,16:06:30.802
000931.SZ,09:49:00.200,94900200,12218151,5.04,400,0,B,0,16:06:30.802
000931.SZ,09:49:00.200,94900200,12218177,5.04,400,0,S,0,16:06:30.802
000931.SZ,09:49:00.990,94900990,12224156,5.05,2400,0,S,0,16:06:31.111
000931.SZ,09:49:01.170,94901170,12225201,5.0,400,0,B,0,16:06:31.111
000931.SZ,09:49:03.280,94903280,12239868,5.04,400,0,S,0,16:06:31.380
000931.SZ,09:49:03.510,94903510,12241576,5.03,1500,0,S,0,16:06:31.380
000931.SZ,09:49:06.100,94906100,12258881,5.04,1000,0,S,0,16:06:31.723
000931.SZ,09:49:06.300,94906300,12260085,5.04,400,0,S,0,16:06:31.723
000931.SZ,09:49:06.870,94906870,12263867,5.0,500,0,B,0,16:06:31.876
000931.SZ,09:49:07.950,94907950,12270209,5.0,3000,0,B,0,16:06:32.001
000931.SZ,09:49:08.420,94908420,12272846,5.05,2100,0,S,0,16:06:32.001
000931.SZ,09:49:09.300,94909300,12277213,5.04,200,0,B,0,16:06:32.125
000931.SZ,09:49:09.400,94909400,12277833,5.03,5000,0,B,0,16:06:32.125
000931.SZ,09:49:09.580,94909580,12279172,5.05,20000,0,S,0,16:06:32.125
000931.SZ,09:49:10.970,94910970,12286822,5.02,3000,0,B,0,16:06:32.364
000931.SZ,09:49:11.170,94911170,12287804,5.1,5000,0,S,0,16:06:32.364
000931.SZ,09:49:12.100,94912100,12292091,5.04,200,0,B,0,16:06:32.457
000931.SZ,09:49:12.220,94912220,12292738,5.04,600,0,S,0,16:06:32.457
000931.SZ,09:49:12.250,94912250,12292886,5.04,400,0,S,0,16:06:32.457
000931.SZ,09:49:12.250,94912250,12292888,5.04,3000,0,S,0,16:06:32.457
000931.SZ,09:49:12.250,94912250,12292903,5.04,700,0,S,0,16:06:32.457
000931.SZ,09:49:12.260,94912260,12292937,4.8,500,0,B,0,16:06:32.457
000931.SZ,09:49:12.260,94912260,12292941,5.04,600,0,S,0,16:06:32.457
000931.SZ,09:49:12.270,94912270,12292985,5.04,600,0,S,0,16:06:32.457
000931.SZ,09:49:12.280,94912280,12293039,5.04,600,0,S,0,16:06:32.457
000931.SZ,09:49:12.280,94912280,12293045,5.04,700,0,S,0,16:06:32.457
000931.SZ,09:49:12.770,94912770,12296387,5.04,800,0,S,0,16:06:32.457
000931.SZ,09:49:12.780,94912780,12296427,5.04,800,0,S,0,16:06:32.457
000931.SZ,09:49:12.980,94912980,12297282,5.04,1000,0,S,0,16:06:32.583
000931.SZ,09:49:12.990,94912990,12297319,5.04,500,0,S,0,16:06:32.583
000931.SZ,09:49:13.190,94913190,12298297,5.03,700,0,B,0,16:06:32.583
000931.SZ,09:49:14.490,94914490,12305476,5.0,2000,0,B,0,16:06:32.662
000931.SZ,09:49:14.730,94914730,12306614,5.04,100,0,B,0,16:06:32.770
000931.SZ,09:49:15.220,94915220,12308879,5.03,2200,0,S,0,16:06:32.770
000931.SZ,09:49:15.350,94915350,12309534,5.04,100,0,B,0,16:06:32.770
000931.SZ,09:49:15.910,94915910,12313279,5.04,1000,0,S,0,16:06:32.854
000931.SZ,09:49:16.420,94916420,12316145,5.0,5000,0,B,0,16:06:32.969
000931.SZ,09:49:16.640,94916640,12317602,5.03,500,0,B,0,16:06:32.969
000931.SZ,09:49:17.670,94917670,12323626,5.02,1900,0,B,0,16:06:33.094
000931.SZ,09:49:18.080,94918080,12325619,5.04,400,0,S,0,16:06:33.094
000931.SZ,09:49:18.980,94918980,12330644,5.13,20000,0,S,0,16:06:33.232
000931.SZ,09:49:19.850,94919850,12335529,5.04,2000,0,S,0,16:06:33.311
000931.SZ,09:49:19.950,94919950,12335950,5.04,2900,0,S,0,16:06:33.311
000931.SZ,09:49:20.550,94920550,12339414,5.05,600,0,B,0,16:06:33.407
000931.SZ,09:49:21.070,94921070,12341942,5.03,200,0,B,0,16:06:33.407
000931.SZ,09:49:21.710,94921710,12345317,5.04,900,0,S,0,16:06:33.548
000931.SZ,09:49:21.880,94921880,12346229,5.01,11200,0,B,0,16:06:33.548
000931.SZ,09:49:24.800,94924800,12362095,5.04,100,0,B,0,16:06:33.862
000931.SZ,09:49:26.270,94926270,12370338,4.96,10000,0,B,0,16:06:34.074
000931.SZ,09:49:26.570,94926570,12371805,5.2,11000,0,S,0,16:06:34.074
000931.SZ,09:49:26.850,94926850,12372875,5.04,3000,0,S,0,16:06:34.074
000931.SZ,09:49:27.280,94927280,12375176,5.04,100,0,B,0,16:06:34.074
000931.SZ,09:49:27.550,94927550,12376711,5.07,10000,0,S,0,16:06:34.199
000931.SZ,09:49:27.600,94927600,12377041,5.04,200,0,B,0,16:06:34.199
000931.SZ,09:49:27.970,94927970,12379260,5.03,200,0,B,0,16:06:34.199
000931.SZ,09:49:29.240,94929240,12386464,5.03,400,0,B,0,16:06:34.311
000931.SZ,09:49:30.260,94930260,12392679,5.04,100,0,B,0,16:06:34.421
000931.SZ,09:49:30.290,94930290,12392876,5.04,200,0,S,0,16:06:34.421
000931.SZ,09:49:30.670,94930670,12395349,5.04,1500,0,B,0,16:06:34.561
000931.SZ,09:49:30.670,94930670,12395383,5.04,50400,0,S,0,16:06:34.561
000931.SZ,09:49:30.850,94930850,12396529,5.03,400,0,B,0,16:06:34.561
000931.SZ,09:49:32.190,94932190,12405207,4.99,1000,0,B,0,16:06:34.687
000931.SZ,09:49:32.550,94932550,12407383,5.03,600,0,S,0,16:06:34.799
000931.SZ,09:49:33.280,94933280,12412271,5.04,1400,0,B,0,16:06:34.830
000931.SZ,09:49:33.280,94933280,12412303,5.04,23700,0,S,0,16:06:34.830
000931.SZ,09:49:34.590,94934590,12424203,5.04,100,0,B,0,16:06:35.089
000931.SZ,09:49:35.240,94935240,12428556,5.0,1000,0,B,0,16:06:35.182
000931.SZ,09:49:37.450,94937450,12444282,5.04,100,0,B,0,16:06:35.514
000931.SZ,09:49:37.550,94937550,12444910,5.04,700,0,B,0,16:06:35.514
000931.SZ,09:49:37.780,94937780,12446292,5.04,100,0,B,0,16:06:35.514
000931.SZ,09:49:38.040,94938040,12447781,5.04,300,0,B,0,16:06:35.514
000931.SZ,09:49:38.160,94938160,12448447,5.04,400,0,S,0,16:06:35.514
000931.SZ,09:49:38.220,94938220,12448812,4.88,2000,0,B,0,16:06:35.514
000931.SZ,09:49:38.350,94938350,12449522,5.04,700,0,B,0,16:06:35.622
000931.SZ,09:49:39.970,94939970,12459521,5.04,700,0,B,0,16:06:35.844
000931.SZ,09:49:40.020,94940020,12459748,5.03,2500,0,S,0,16:06:35.844
000931.SZ,09:49:40.190,94940190,12460654,5.21,200,0,S,0,16:06:35.844
000931.SZ,09:49:40.540,94940540,12462679,5.03,100,0,S,0,16:06:35.844
000931.SZ,09:49:40.740,94940740,12463610,5.0,200,0,B,0,16:06:35.961
000931.SZ,09:49:42.550,94942550,12473129,5.03,100,0,S,0,16:06:36.028
000931.SZ,09:49:44.110,94944110,12483447,5.03,1200,0,B,0,16:06:36.245
000931.SZ,09:49:44.110,94944110,12483449,5.03,1200,0,B,0,16:06:36.245
000931.SZ,09:49:46.240,94946240,12495103,5.03,2100,0,B,0,16:06:36.558
000931.SZ,09:49:48.340,94948340,12506694,5.0,1300,0,B,0,16:06:36.700
000931.SZ,09:49:49.290,94949290,12512135,5.02,4300,0,B,0,16:06:36.824
000931.SZ,09:49:49.800,94949800,12514864,5.04,10000,0,B,0,16:06:36.905
000931.SZ,09:49:50.540,94950540,12518697,5.04,200,0,B,0,16:06:36.976
000931.SZ,09:49:51.190,94951190,12521656,5.03,300,0,B,0,16:06:37.072
000931.SZ,09:49:51.460,94951460,12523051,5.03,200,0,B,0,16:06:37.072
000931.SZ,09:49:51.920,94951920,12525368,5.04,1800,0,S,0,16:06:37.148
000931.SZ,09:49:53.710,94953710,12535230,5.03,200,0,B,0,16:06:37.371
000931.SZ,09:49:54.600,94954600,12540354,5.03,100,0,B,0,16:06:37.465
000931.SZ,09:49:55.180,94955180,12543625,5.38,3000,0,S,0,16:06:37.573
000931.SZ,09:49:55.210,94955210,12543802,4.92,500,0,B,0,16:06:37.573
000931.SZ,09:49:56.720,94956720,12552248,5.03,1000,0,B,0,16:06:37.698
000931.SZ,09:49:56.920,94956920,12553169,5.0,1000,0,B,0,16:06:37.698
000931.SZ,09:49:57.030,94957030,12553720,5.03,2100,0,B,0,16:06:37.698
000931.SZ,09:49:57.370,94957370,12555716,5.03,200,0,B,0,16:06:37.792
000931.SZ,09:49:57.960,94957960,12559198,5.04,100,0,S,0,16:06:37.792
000931.SZ,09:49:59.620,94959620,12568027,5.02,600,0,B,0,16:06:38.007
000931.SZ,09:49:59.630,94959630,12568052,5.01,10000,0,B,0,16:06:38.007
000931.SZ,09:49:59.720,94959720,12568391,5.03,100,0,B,0,16:06:38.007
000931.SZ,09:50:00.520,95000520,12572946,5.03,600,0,B,0,16:06:38.147
000931.SZ,09:50:00.560,95000560,12573292,5.05,200,0,B,0,16:06:38.147
000931.SZ,09:50:01.630,95001630,12580284,5.03,300,0,B,0,16:06:38.401
000931.SZ,09:50:01.960,95001960,12582950,5.03,500,0,B,0,16:06:38.526
000931.SZ,09:50:02.090,95002090,12583876,5.03,100,0,B,0,16:06:38.526
000931.SZ,09:50:02.990,95002990,12588261,5.03,1400,0,B,0,16:06:38.526
000931.SZ,09:50:03.790,95003790,12592843,5.02,600,0,B,0,16:06:38.681
000931.SZ,09:50:04.040,95004040,12594105,4.86,2000,0,B,0,16:06:38.681
000931.SZ,09:50:05.130,95005130,12600514,4.99,2000,0,B,0,16:06:38.838
000931.SZ,09:50:06.500,95006500,12608263,4.98,500,0,B,0,16:06:39.006
000931.SZ,09:50:09.310,95009310,12625393,5.03,700,0,B,0,16:06:39.319
000931.SZ,09:50:10.000,95010000,12629807,5.03,200,0,B,0,16:06:39.429
000931.SZ,09:50:10.560,95010560,12633222,5.05,200,0,B,0,16:06:39.508
000931.SZ,09:50:11.140,95011140,12637544,5.04,2900,0,S,0,16:06:39.618
000931.SZ,09:50:11.710,95011710,12641703,5.04,400,0,B,0,16:06:39.727
000931.SZ,09:50:11.880,95011880,12642794,4.99,5000,0,B,0,16:06:39.727
000931.SZ,09:50:12.170,95012170,12644772,5.04,300,0,B,0,16:06:39.727
000931.SZ,09:50:12.610,95012610,12647914,5.04,3100,0,B,0,16:06:39.837
000931.SZ,09:50:15.200,95015200,12666150,5.03,100,0,B,0,16:06:40.145
000931.SZ,09:50:16.280,95016280,12675685,5.03,5000,0,B,0,16:06:40.366
000931.SZ,09:50:18.190,95018190,12689163,5.04,800,0,B,0,16:06:40.616
000931.SZ,09:50:18.190,95018190,12689165,5.04,1400,0,B,0,16:06:40.616
000931.SZ,09:50:18.190,95018190,12689184,5.04,900,0,B,0,16:06:40.616
000931.SZ,09:50:18.190,95018190,12689227,5.04,400,0,S,0,16:06:40.616
000931.SZ,09:50:18.200,95018200,12689400,5.04,1700,0,B,0,16:06:40.616
000931.SZ,09:50:18.220,95018220,12689502,5.04,200,0,B,0,16:06:40.616
000931.SZ,09:50:18.300,95018300,12690012,5.05,3000,0,S,0,16:06:40.616
000931.SZ,09:50:18.310,95018310,12690053,5.04,100,0,B,0,16:06:40.616
000931.SZ,09:50:18.310,95018310,12690057,5.04,100,0,B,0,16:06:40.616
000931.SZ,09:50:18.750,95018750,12693680,5.0,1000,0,B,0,16:06:40.803
000931.SZ,09:50:19.080,95019080,12695926,5.04,400,0,B,0,16:06:40.803
000931.SZ,09:50:19.560,95019560,12700292,5.04,200,0,B,0,16:06:40.866
000931.SZ,09:50:19.610,95019610,12700725,5.1,400,0,S,0,16:06:40.866
000931.SZ,09:50:20.580,95020580,12707518,5.05,200,0,B,0,16:06:41.065
000931.SZ,09:50:20.580,95020580,12707549,5.04,900,0,B,0,16:06:41.065
000931.SZ,09:50:20.690,95020690,12708214,5.05,3500,0,S,0,16:06:41.065
000931.SZ,09:50:20.690,95020690,12708274,5.03,200,0,B,0,16:06:41.065
000931.SZ,09:50:20.690,95020690,12708277,5.03,100,0,B,0,16:06:41.065
000931.SZ,09:50:20.690,95020690,12708278,5.03,100,0,B,0,16:06:41.065
000931.SZ,09:50:20.690,95020690,12708279,5.03,100,0,B,0,16:06:41.065
000931.SZ,09:50:20.690,95020690,12708280,5.04,300,0,B,0,16:06:41.065
000931.SZ,09:50:20.690,95020690,12708282,5.03,100,0,B,0,16:06:41.065
000931.SZ,09:50:20.690,95020690,12708283,5.03,100,0,B,0,16:06:41.065
000931.SZ,09:50:20.690,95020690,12708284,5.04,200,0,B,0,16:06:41.065
000931.SZ,09:50:20.700,95020700,12708286,5.03,100,0,B,0,16:06:41.065
000931.SZ,09:50:20.700,95020700,12708288,5.03,100,0,B,0,16:06:41.065
000931.SZ,09:50:20.720,95020720,12708393,5.04,100,0,B,0,16:06:41.065
000931.SZ,09:50:20.720,95020720,12708400,5.04,100,0,B,0,16:06:41.065
000931.SZ,09:50:20.720,95020720,12708422,5.04,100,0,B,0,16:06:41.065
000931.SZ,09:50:20.720,95020720,12708427,5.04,100,0,B,0,16:06:41.065
000931.SZ,09:50:20.750,95020750,12708507,5.04,100,0,B,0,16:06:41.065
000931.SZ,09:50:21.210,95021210,12710999,4.95,7300,0,B,0,16:06:41.065
000931.SZ,09:50:21.290,95021290,12711681,5.04,500,0,B,0,16:06:41.065
000931.SZ,09:50:21.330,95021330,12711881,5.04,600,0,S,0,16:06:41.190
000931.SZ,09:50:21.520,95021520,12713605,5.04,600,0,S,0,16:06:41.190
000931.SZ,09:50:21.840,95021840,12715524,5.04,2100,0,B,0,16:06:41.190
000931.SZ,09:50:21.840,95021840,12715594,5.05,1600,0,S,0,16:06:41.190
000931.SZ,09:50:22.990,95022990,12723829,5.04,900,0,B,0,16:06:41.411
000931.SZ,09:50:23.120,95023120,12724585,5.06,200,0,B,0,16:06:41.411
000931.SZ,09:50:23.130,95023130,12724618,5.05,43400,0,B,0,16:06:41.411
000931.SZ,09:50:24.290,95024290,12730937,5.04,200,0,B,0,16:06:41.506
000931.SZ,09:50:24.300,95024300,12730959,5.04,500,0,B,0,16:06:41.506
000931.SZ,09:50:24.300,95024300,12730963,5.04,800,0,B,0,16:06:41.506
000931.SZ,09:50:24.300,95024300,12730984,5.04,100,0,B,0,16:06:41.506
000931.SZ,09:50:24.300,95024300,12730987,5.04,100,0,B,0,16:06:41.506
000931.SZ,09:50:24.300,95024300,12730988,5.04,100,0,B,0,16:06:41.506
000931.SZ,09:50:24.300,95024300,12730991,5.04,100,0,B,0,16:06:41.506
000931.SZ,09:50:24.300,95024300,12731001,5.04,100,0,B,0,16:06:41.506
000931.SZ,09:50:24.300,95024300,12731004,5.04,100,0,B,0,16:06:41.506
000931.SZ,09:50:24.310,95024310,12731029,5.04,1300,0,B,0,16:06:41.506
000931.SZ,09:50:24.320,95024320,12731086,5.04,100,0,B,0,16:06:41.506
000931.SZ,09:50:24.330,95024330,12731180,5.04,100,0,S,0,16:06:41.506
000931.SZ,09:50:24.330,95024330,12731199,5.04,100,0,B,0,16:06:41.506
000931.SZ,09:50:24.340,95024340,12731294,5.04,100,0,B,0,16:06:41.506
000931.SZ,09:50:24.340,95024340,12731300,5.04,300,0,B,0,16:06:41.506
000931.SZ,09:50:24.340,95024340,12731303,5.07,2400,0,S,0,16:06:41.506
000931.SZ,09:50:24.430,95024430,12731852,5.03,400,0,S,0,16:06:41.506
000931.SZ,09:50:24.610,95024610,12733304,5.05,200,0,B,0,16:06:41.600
000931.SZ,09:50:24.610,95024610,12733332,5.05,200,0,S,0,16:06:41.600
000931.SZ,09:50:24.900,95024900,12734994,5.04,5700,0,B,0,16:06:41.600
000931.SZ,09:50:25.070,95025070,12735934,5.04,700,0,B,0,16:06:41.600
000931.SZ,09:50:25.070,95025070,12735972,5.06,1100,0,S,0,16:06:41.600
000931.SZ,09:50:25.080,95025080,12735994,5.04,1100,0,B,0,16:06:41.600
000931.SZ,09:50:25.720,95025720,12740533,5.04,100,0,B,0,16:06:41.695
000931.SZ,09:50:26.100,95026100,12742935,5.04,100,0,B,0,16:06:41.789
000931.SZ,09:50:26.190,95026190,12743296,5.05,700,0,B,0,16:06:41.789
000931.SZ,09:50:26.440,95026440,12744942,5.03,200,0,B,0,16:06:41.789
000931.SZ,09:50:26.470,95026470,12745109,5.05,100,0,B,0,16:06:41.789
000931.SZ,09:50:26.540,95026540,12745561,5.05,100,0,S,0,16:06:41.789
000931.SZ,09:50:26.720,95026720,12746444,5.04,200,0,B,0,16:06:41.789
000931.SZ,09:50:27.330,95027330,12749366,5.04,400,0,S,0,16:06:41.897
000931.SZ,09:50:27.360,95027360,12749495,5.05,10000,0,B,0,16:06:41.897
000931.SZ,09:50:27.530,95027530,12750597,5.04,100,0,B,0,16:06:41.897
000931.SZ,09:50:28.240,95028240,12754847,5.05,400,0,B,0,16:06:42.085
000931.SZ,09:50:28.320,95028320,12755283,5.05,700,0,B,0,16:06:42.085
000931.SZ,09:50:28.330,95028330,12755316,5.06,91100,0,B,0,16:06:42.085
000931.SZ,09:50:28.390,95028390,12755748,5.06,1000,0,B,0,16:06:42.085
000931.SZ,09:50:28.390,95028390,12755759,5.05,1600,0,B,0,16:06:42.085
000931.SZ,09:50:30.350,95030350,12769036,5.06,300,0,B,0,16:06:42.269
000931.SZ,09:50:30.450,95030450,12769993,5.06,100,0,S,0,16:06:42.269
000931.SZ,09:50:30.470,95030470,12770152,5.06,200,0,S,0,16:06:42.269
000931.SZ,09:50:30.520,95030520,12770702,5.05,400,0,S,0,16:06:42.269
000931.SZ,09:50:30.530,95030530,12770752,5.05,200,0,B,0,16:06:42.269
000931.SZ,09:50:30.550,95030550,12770901,5.06,100,0,S,0,16:06:42.269
000931.SZ,09:50:30.590,95030590,12771109,5.07,200,0,B,0,16:06:42.269
000931.SZ,09:50:31.040,95031040,12774391,5.07,4000,0,S,0,16:06:42.427
000931.SZ,09:50:32.020,95032020,12783425,5.07,1000,0,S,0,16:06:42.553
000931.SZ,09:50:32.630,95032630,12789243,5.05,1000,0,S,0,16:06:42.662
000931.SZ,09:50:32.630,95032630,12789276,5.07,73600,0,S,0,16:06:42.662
000931.SZ,09:50:32.630,95032630,12789279,5.06,100,0,S,0,16:06:42.662
000931.SZ,09:50:32.650,95032650,12789454,5.06,9700,0,S,0,16:06:42.662
000931.SZ,09:50:32.660,95032660,12789544,5.06,100,0,B,0,16:06:42.662
000931.SZ,09:50:33.450,95033450,12796987,5.06,500,0,S,0,16:06:42.787
000931.SZ,09:50:33.580,95033580,12799609,5.05,800,0,S,0,16:06:42.787
000931.SZ,09:50:33.650,95033650,12801384,5.06,100,0,S,0,16:06:42.787
000931.SZ,09:50:33.700,95033700,12802093,5.04,200,0,B,0,16:06:42.787
000931.SZ,09:50:33.750,95033750,12802764,5.06,100,0,S,0,16:06:42.912
000931.SZ,09:50:33.880,95033880,12804219,5.06,100,0,S,0,16:06:42.912
000931.SZ,09:50:33.900,95033900,12804515,4.95,5000,0,B,0,16:06:42.912
000931.SZ,09:50:34.040,95034040,12805819,4.96,2000,0,B,0,16:06:42.912
000931.SZ,09:50:34.330,95034330,12809201,5.03,5000,0,B,0,16:06:42.912
000931.SZ,09:50:36.270,95036270,12828501,5.06,100,0,S,0,16:06:43.236
000931.SZ,09:50:36.290,95036290,12828728,5.06,100,0,S,0,16:06:43.236
000931.SZ,09:50:36.290,95036290,12828814,5.06,100,0,S,0,16:06:43.236
000931.SZ,09:50:36.300,95036300,12828816,5.06,100,0,S,0,16:06:43.236
000931.SZ,09:50:36.350,95036350,12829302,5.06,100,0,S,0,16:06:43.236
000931.SZ,09:50:36.400,95036400,12829775,5.06,100,0,S,0,16:06:43.236
000931.SZ,09:50:36.460,95036460,12830415,5.06,100,0,S,0,16:06:43.380
000931.SZ,09:50:37.150,95037150,12835795,5.05,10800,0,S,0,16:06:43.380
000931.SZ,09:50:37.860,95037860,12842009,5.05,400,0,B,0,16:06:43.464
000931.SZ,09:50:38.560,95038560,12846806,5.05,100,0,S,0,16:06:43.584
000931.SZ,09:50:38.580,95038580,12846897,5.05,800,0,B,0,16:06:43.584
000931.SZ,09:50:39.410,95039410,12855018,5.04,3900,0,B,0,16:06:43.726
000931.SZ,09:50:39.540,95039540,12857955,5.06,100,0,S,0,16:06:43.726
000931.SZ,09:50:39.600,95039600,12858694,5.05,1100,0,S,0,16:06:43.726
000931.SZ,09:50:39.760,95039760,12860274,5.06,3700,0,S,0,16:06:43.726
000931.SZ,09:50:39.970,95039970,12861933,5.08,500,0,S,0,16:06:43.726
000931.SZ,09:50:40.600,95040600,12868358,5.06,100,0,B,0,16:06:43.834
000931.SZ,09:50:41.510,95041510,12875582,5.18,500,0,S,0,16:06:44.064
000931.SZ,09:50:41.910,95041910,12878474,4.98,1000,0,B,0,16:06:44.064
000931.SZ,09:50:45.690,95045690,12906668,5.04,100,0,S,0,16:06:44.631
000931.SZ,09:50:47.500,95047500,12919866,5.06,6700,0,B,0,16:06:44.865
000931.SZ,09:50:47.500,95047500,12919897,5.06,73800,0,S,0,16:06:44.865
000931.SZ,09:50:47.570,95047570,12920254,4.94,100,0,B,0,16:06:44.865
000931.SZ,09:50:48.250,95048250,12924264,5.04,100,0,S,0,16:06:44.976
000931.SZ,09:50:48.650,95048650,12926742,5.04,1100,0,B,0,16:06:44.976
000931.SZ,09:50:48.700,95048700,12927064,5.03,3000,0,B,0,16:06:44.976
000931.SZ,09:50:49.470,95049470,12932439,5.02,500,0,B,0,16:06:45.065
000931.SZ,09:50:49.480,95049480,12932652,5.02,1000,0,B,0,16:06:45.065
000931.SZ,09:50:50.940,95050940,12942323,5.04,1000,0,B,0,16:06:45.220
000931.SZ,09:50:53.600,95053600,12959229,5.05,100,0,B,0,16:06:45.598
000931.SZ,09:50:53.650,95053650,12959508,5.04,700,0,B,0,16:06:45.598
000931.SZ,09:50:54.540,95054540,12964955,5.05,100,0,S,0,16:06:45.661
000931.SZ,09:50:54.560,95054560,12965134,5.06,1000,0,S,0,16:06:45.661
000931.SZ,09:50:55.030,95055030,12968367,5.05,2100,0,B,0,16:06:45.771
000931.SZ,09:50:55.060,95055060,12968560,5.05,2100,0,B,0,16:06:45.771
000931.SZ,09:50:55.070,95055070,12968613,5.05,300,0,B,0,16:06:45.771
000931.SZ,09:50:55.070,95055070,12968623,5.05,6700,0,B,0,16:06:45.771
000931.SZ,09:50:55.540,95055540,12971494,5.05,200,0,S,0,16:06:45.849
000931.SZ,09:50:56.680,95056680,12977939,5.1,1000,0,S,0,16:06:45.927
000931.SZ,09:50:57.480,95057480,12982501,5.05,100,0,B,0,16:06:46.047
000931.SZ,09:50:57.520,95057520,12982794,5.05,100,0,S,0,16:06:46.047
000931.SZ,09:50:58.270,95058270,12987049,5.04,2500,0,S,0,16:06:46.124
000931.SZ,09:50:58.970,95058970,12991578,5.05,4000,0,S,0,16:06:46.187
000931.SZ,09:50:59.050,95059050,12991989,5.05,1900,0,B,0,16:06:46.187
000931.SZ,09:50:59.060,95059060,12992023,5.05,700,0,S,0,16:06:46.187
000931.SZ,09:50:59.060,95059060,12992032,5.05,4000,0,B,0,16:06:46.187
000931.SZ,09:51:00.130,95100130,12997905,5.06,200,0,S,0,16:06:46.454
000931.SZ,09:51:00.540,95100540,13001456,5.05,100,0,S,0,16:06:46.454
000931.SZ,09:51:03.620,95103620,13024367,5.06,300,0,S,0,16:06:46.941
000931.SZ,09:51:03.640,95103640,13024597,5.05,1600,0,B,0,16:06:46.941
000931.SZ,09:51:03.950,95103950,13026589,5.09,600,0,S,0,16:06:47.078
000931.SZ,09:51:05.910,95105910,13042228,5.05,10000,0,B,0,16:06:47.314
000931.SZ,09:51:06.260,95106260,13044284,5.05,2300,0,B,0,16:06:47.314
000931.SZ,09:51:06.480,95106480,13045963,5.05,100,0,S,0,16:06:47.406
000931.SZ,09:51:06.490,95106490,13046011,5.05,100,0,B,0,16:06:47.406
000931.SZ,09:51:06.490,95106490,13046015,5.05,100,0,B,0,16:06:47.406
000931.SZ,09:51:06.490,95106490,13046016,5.05,100,0,B,0,16:06:47.406
000931.SZ,09:51:06.490,95106490,13046021,5.05,100,0,B,0,16:06:47.406
000931.SZ,09:51:06.490,95106490,13046023,5.05,100,0,B,0,16:06:47.406
000931.SZ,09:51:06.490,95106490,13046025,5.05,100,0,B,0,16:06:47.406
000931.SZ,09:51:06.490,95106490,13046051,5.05,100,0,B,0,16:06:47.406
000931.SZ,09:51:06.500,95106500,13046132,5.05,100,0,B,0,16:06:47.406
000931.SZ,09:51:06.520,95106520,13046222,5.05,100,0,B,0,16:06:47.406
000931.SZ,09:51:06.900,95106900,13048682,5.02,500,0,B,0,16:06:47.406
000931.SZ,09:51:09.000,95109000,13060827,5.05,9300,0,B,0,16:06:47.720
000931.SZ,09:51:09.480,95109480,13064042,5.03,500,0,B,0,16:06:47.720
000931.SZ,09:51:13.180,95113180,13084892,5.05,2800,0,S,0,16:06:48.169
000931.SZ,09:51:13.410,95113410,13086234,5.06,600,0,S,0,16:06:48.264
000931.SZ,09:51:17.530,95117530,13107153,5.05,700,0,B,0,16:06:48.720
000931.SZ,09:51:18.190,95118190,13110233,5.05,300,0,B,0,16:06:48.720
000931.SZ,09:51:18.680,95118680,13113413,5.03,200,0,B,0,16:06:48.845
000931.SZ,09:51:24.200,95124200,13144436,5.06,900,0,S,0,16:06:49.587
000931.SZ,09:51:24.210,95124210,13144572,5.06,200,0,S,0,16:06:49.587
000931.SZ,09:51:27.670,95127670,13163481,5.05,200,0,B,0,16:06:49.904
000931.SZ,09:51:28.980,95128980,13169709,5.05,200,0,B,0,16:06:50.104
000931.SZ,09:51:29.370,95129370,13171391,5.02,5000,0,B,0,16:06:50.104
000931.SZ,09:51:30.490,95130490,13177074,4.96,400,0,B,0,16:06:50.208
000931.SZ,09:51:30.510,95130510,13177180,5.06,2400,0,S,0,16:06:50.208
000931.SZ,09:51:32.550,95132550,13188655,5.05,500,0,S,0,16:06:50.429
000931.SZ,09:51:33.300,95133300,13192126,5.05,100,0,S,0,16:06:50.585
000931.SZ,09:51:33.510,95133510,13193211,5.05,100,0,S,0,16:06:50.585
000931.SZ,09:51:34.050,95134050,13195869,5.05,100,0,S,0,16:06:50.585
000931.SZ,09:51:34.720,95134720,13199970,5.42,58100,0,S,0,16:06:50.681
000931.SZ,09:51:36.490,95136490,13208815,5.05,100,0,S,0,16:06:50.974
000931.SZ,09:51:36.700,95136700,13209829,5.05,100,0,S,0,16:06:50.974
000931.SZ,09:51:37.260,95137260,13212873,5.06,3200,0,S,0,16:06:50.974
000931.SZ,09:51:37.280,95137280,13213044,5.06,1900,0,S,0,16:06:50.974
000931.SZ,09:51:37.290,95137290,13213076,5.06,800,0,S,0,16:06:50.974
000931.SZ,09:51:37.360,95137360,13213469,5.06,1300,0,S,0,16:06:50.974
000931.SZ,09:51:37.420,95137420,13213800,5.06,400,0,S,0,16:06:50.974
000931.SZ,09:51:37.540,95137540,13215023,5.05,100,0,S,0,16:06:50.974
000931.SZ,09:51:38.050,95138050,13217655,5.06,2900,0,S,0,16:06:51.074
000931.SZ,09:51:38.620,95138620,13220675,5.05,100,0,S,0,16:06:51.194
000931.SZ,09:51:40.960,95140960,13233045,5.04,1000,0,B,0,16:06:51.398
000931.SZ,09:51:41.590,95141590,13235846,5.05,1200,0,S,0,16:06:51.563
000931.SZ,09:51:43.890,95143890,13248003,5.0,16600,0,B,0,16:06:51.793
000931.SZ,09:51:43.920,95143920,13248125,5.06,900,0,S,0,16:06:51.793
000931.SZ,09:51:44.410,95144410,13250392,5.05,2300,0,S,0,16:06:51.793
000931.SZ,09:51:46.050,95146050,13258463,5.06,1000,0,S,0,16:06:51.933
000931.SZ,09:51:51.400,95151400,13286646,5.05,100,0,B,0,16:06:52.586
000931.SZ,09:51:51.480,95151480,13287088,5.05,100,0,B,0,16:06:52.586
000931.SZ,09:51:52.410,95152410,13291651,4.59,800,0,B,0,16:06:52.711
000931.SZ,09:51:52.420,95152420,13291691,5.05,100,0,B,0,16:06:52.711
000931.SZ,09:51:52.430,95152430,13291738,5.05,100,0,B,0,16:06:52.711
000931.SZ,09:51:53.400,95153400,13296526,5.04,2000,0,B,0,16:06:52.711
000931.SZ,09:51:54.300,95154300,13300539,5.05,100,0,B,0,16:06:52.868
000931.SZ,09:51:55.770,95155770,13308683,5.05,500,0,B,0,16:06:52.978
000931.SZ,09:51:57.180,95157180,13315489,5.05,100,0,B,0,16:06:53.233
000931.SZ,09:51:57.490,95157490,13317438,5.05,100,0,B,0,16:06:53.233
000931.SZ,09:51:59.980,95159980,13331743,5.06,900,0,B,0,16:06:53.527
000931.SZ,09:52:03.040,95203040,13350442,5.05,100,0,B,0,16:06:53.819
000931.SZ,09:52:03.160,95203160,13351030,4.95,1000,0,B,0,16:06:53.819
000931.SZ,09:52:06.240,95206240,13367931,5.05,12000,0,B,0,16:06:54.127
000931.SZ,09:52:07.010,95207010,13373398,5.06,600,0,S,0,16:06:54.252
000931.SZ,09:52:08.270,95208270,13382465,5.04,1000,0,B,0,16:06:54.534
000931.SZ,09:52:11.340,95211340,13398689,5.13,900,0,S,0,16:06:54.834
000931.SZ,09:52:14.060,95214060,13412372,5.03,3000,0,B,0,16:06:55.122
000931.SZ,09:52:16.090,95216090,13421481,5.03,2500,0,B,0,16:06:55.284
000931.SZ,09:52:18.750,95218750,13434582,5.02,2000,0,S,0,16:06:55.581
000931.SZ,09:52:18.810,95218810,13434779,5.05,38600,0,S,0,16:06:55.581
000931.SZ,09:52:18.810,95218810,13434817,5.06,300,0,S,0,16:06:55.581
000931.SZ,09:52:18.850,95218850,13434937,5.06,600,0,B,0,16:06:55.581
000931.SZ,09:52:19.010,95219010,13435541,5.06,3400,0,S,0,16:06:55.723
000931.SZ,09:52:19.020,95219020,13435566,5.04,400,0,B,0,16:06:55.723
000931.SZ,09:52:19.020,95219020,13435569,5.04,300,0,B,0,16:06:55.723
000931.SZ,09:52:19.020,95219020,13435571,5.04,100,0,B,0,16:06:55.723
000931.SZ,09:52:19.020,95219020,13435586,5.04,200,0,B,0,16:06:55.723
000931.SZ,09:52:19.030,95219030,13435627,5.04,100,0,B,0,16:06:55.723
000931.SZ,09:52:21.300,95221300,13447157,5.05,200,0,B,0,16:06:55.879
000931.SZ,09:52:21.310,95221310,13447197,5.06,1000,0,S,0,16:06:55.879
000931.SZ,09:52:21.350,95221350,13447385,5.06,300,0,S,0,16:06:55.879
000931.SZ,09:52:21.350,95221350,13447389,5.06,300,0,S,0,16:06:55.879
000931.SZ,09:52:21.560,95221560,13448721,5.05,200,0,S,0,16:06:55.879
000931.SZ,09:52:22.150,95222150,13452471,5.04,100,0,B,0,16:06:55.989
000931.SZ,09:52:22.160,95222160,13452507,5.06,100,0,S,0,16:06:55.989
000931.SZ,09:52:22.720,95222720,13455690,5.06,1600,0,S,0,16:06:56.084
000931.SZ,09:52:23.800,95223800,13460664,5.05,100,0,B,0,16:06:56.204
000931.SZ,09:52:24.100,95224100,13462014,5.05,100,0,S,0,16:06:56.204
000931.SZ,09:52:25.410,95225410,13468881,5.07,2000,0,S,0,16:06:56.313
000931.SZ,09:52:26.310,95226310,13473576,5.06,10000,0,S,0,16:06:56.470
000931.SZ,09:52:27.260,95227260,13477296,5.04,2100,0,B,0,16:06:56.470
000931.SZ,09:52:28.110,95228110,13481858,5.05,200,0,B,0,16:06:56.579
000931.SZ,09:52:28.540,95228540,13484159,5.05,200,0,S,0,16:06:56.690
000931.SZ,09:52:30.210,95230210,13493705,5.07,2500,0,S,0,16:06:56.800
000931.SZ,09:52:31.650,95231650,13507549,5.05,2900,0,S,0,16:06:57.051
000931.SZ,09:52:31.650,95231650,13507566,5.0,2500,0,B,0,16:06:57.051
000931.SZ,09:52:31.670,95231670,13507733,5.05,200,0,S,0,16:06:57.051
000931.SZ,09:52:31.680,95231680,13507743,5.05,400,0,S,0,16:06:57.051
000931.SZ,09:52:31.700,95231700,13508100,5.05,5400,0,S,0,16:06:57.051
000931.SZ,09:52:31.790,95231790,13509306,5.05,1800,0,S,0,16:06:57.051
000931.SZ,09:52:33.320,95233320,13519966,5.05,100,0,S,0,16:06:57.299
000931.SZ,09:52:33.560,95233560,13522119,5.05,100,0,S,0,16:06:57.299
000931.SZ,09:52:33.580,95233580,13522238,5.05,100,0,S,0,16:06:57.299
000931.SZ,09:52:33.660,95233660,13522801,5.05,100,0,S,0,16:06:57.299
000931.SZ,09:52:33.780,95233780,13523706,5.05,100,0,S,0,16:06:57.299
000931.SZ,09:52:34.050,95234050,13525339,5.05,2100,0,S,0,16:06:57.436
000931.SZ,09:52:34.050,95234050,13525353,5.05,1000,0,S,0,16:06:57.436
000931.SZ,09:52:34.180,95234180,13526665,5.05,100,0,S,0,16:06:57.436
000931.SZ,09:52:34.550,95234550,13529683,5.01,500,0,S,0,16:06:57.436
000931.SZ,09:52:34.910,95234910,13531940,5.05,100,0,S,0,16:06:57.566
000931.SZ,09:52:35.380,95235380,13535274,5.02,1000,0,B,0,16:06:57.566
000931.SZ,09:52:36.450,95236450,13542921,5.05,200,0,S,0,16:06:57.690
000931.SZ,09:52:36.540,95236540,13544052,5.05,100,0,S,0,16:06:57.690
000931.SZ,09:52:38.180,95238180,13556043,5.05,400,0,S,0,16:06:58.050
000931.SZ,09:52:40.710,95240710,13570722,5.06,6000,0,S,0,16:06:58.248
000931.SZ,09:52:40.870,95240870,13571417,5.05,3100,0,S,0,16:06:58.248
000931.SZ,09:52:42.460,95242460,13580152,5.05,300,0,S,0,16:06:58.467
000931.SZ,09:52:43.150,95243150,13584271,5.04,100,0,B,0,16:06:58.608
000931.SZ,09:52:44.690,95244690,13597559,5.13,700,0,S,0,16:06:58.718
000931.SZ,09:52:45.290,95245290,13600808,5.04,800,0,S,0,16:06:58.861
000931.SZ,09:52:50.610,95250610,13635632,5.03,2000,0,B,0,16:06:59.449
000931.SZ,09:52:51.890,95251890,13643333,5.03,5500,0,B,0,16:06:59.624
000931.SZ,09:52:52.740,95252740,13648955,5.06,600,0,S,0,16:06:59.765
000931.SZ,09:52:54.200,95254200,13657580,5.04,100,0,B,0,16:06:59.844
000931.SZ,09:52:56.320,95256320,13670191,5.04,7000,0,B,0,16:07:00.141
000931.SZ,09:52:56.450,95256450,13670916,5.0,1000,0,B,0,16:07:00.141
000931.SZ,09:52:57.370,95257370,13674994,5.04,200,0,B,0,16:07:00.245
000931.SZ,09:52:57.840,95257840,13677709,5.07,10000,0,S,0,16:07:00.401
000931.SZ,09:53:00.430,95300430,13690531,5.01,600,0,B,0,16:07:00.643
000931.SZ,09:53:00.470,95300470,13690689,5.0,500,0,B,0,16:07:00.643
000931.SZ,09:53:00.810,95300810,13693848,5.04,31000,0,S,0,16:07:00.753
000931.SZ,09:53:03.380,95303380,13710414,5.05,3000,0,S,0,16:07:01.113
000931.SZ,09:53:03.410,95303410,13710563,5.05,300,0,S,0,16:07:01.113
000931.SZ,09:53:03.410,95303410,13710572,5.05,300,0,S,0,16:07:01.113
000931.SZ,09:53:03.460,95303460,13710834,5.05,900,0,S,0,16:07:01.113
000931.SZ,09:53:03.830,95303830,13713012,5.0,100,0,B,0,16:07:01.249
000931.SZ,09:53:04.010,95304010,13714116,5.04,200,0,B,0,16:07:01.249
000931.SZ,09:53:04.540,95304540,13717406,5.04,200,0,S,0,16:07:01.249
000931.SZ,09:53:04.550,95304550,13717538,5.06,100,0,B,0,16:07:01.249
000931.SZ,09:53:04.560,95304560,13717595,5.05,300,0,S,0,16:07:01.249
000931.SZ,09:53:05.130,95305130,13721243,5.02,500,0,B,0,16:07:01.328
000931.SZ,09:53:06.230,95306230,13727401,5.06,200,0,S,0,16:07:01.484
000931.SZ,09:53:07.430,95307430,13734077,5.04,2100,0,S,0,16:07:01.641
000931.SZ,09:53:09.210,95309210,13743512,5.04,200,0,B,0,16:07:01.815
000931.SZ,09:53:09.210,95309210,13743516,5.04,200,0,B,0,16:07:01.815
000931.SZ,09:53:09.210,95309210,13743525,5.04,400,0,B,0,16:07:01.815
000931.SZ,09:53:09.210,95309210,13743527,5.04,200,0,B,0,16:07:01.815
000931.SZ,09:53:09.250,95309250,13743762,5.04,100,0,B,0,16:07:01.815
000931.SZ,09:53:09.300,95309300,13743993,5.03,100,0,B,0,16:07:01.815
000931.SZ,09:53:09.570,95309570,13745409,5.04,300,0,B,0,16:07:01.815
000931.SZ,09:53:09.700,95309700,13746095,5.04,300,0,B,0,16:07:01.815
000931.SZ,09:53:09.730,95309730,13746220,5.04,600,0,B,0,16:07:01.815
000931.SZ,09:53:09.730,95309730,13746241,5.05,10200,0,S,0,16:07:01.815
000931.SZ,09:53:09.730,95309730,13746255,5.04,100,0,B,0,16:07:01.909
000931.SZ,09:53:10.260,95310260,13749002,5.04,2300,0,B,0,16:07:01.909
000931.SZ,09:53:10.540,95310540,13751183,5.04,900,0,S,0,16:07:02.018
000931.SZ,09:53:11.210,95311210,13754429,5.04,1400,0,S,0,16:07:02.018
000931.SZ,09:53:11.210,95311210,13754453,5.05,62700,0,S,0,16:07:02.018
000931.SZ,09:53:12.040,95312040,13758238,5.03,2700,0,S,0,16:07:02.082
000931.SZ,09:53:12.040,95312040,13758266,5.05,1000,0,S,0,16:07:02.082
000931.SZ,09:53:12.050,95312050,13758308,5.03,400,0,B,0,16:07:02.082
000931.SZ,09:53:12.050,95312050,13758309,5.03,100,0,B,0,16:07:02.082
000931.SZ,09:53:12.360,95312360,13759903,5.05,1800,0,S,0,16:07:02.192
000931.SZ,09:53:12.400,95312400,13760103,5.03,100,0,B,0,16:07:02.192
000931.SZ,09:53:12.830,95312830,13762460,5.03,2000,0,B,0,16:07:02.192
000931.SZ,09:53:12.850,95312850,13762574,5.03,100,0,B,0,16:07:02.192
000931.SZ,09:53:13.620,95313620,13767396,4.81,1000,0,B,0,16:07:02.264
000931.SZ,09:53:16.340,95316340,13780679,5.03,1800,0,S,0,16:07:02.532
000931.SZ,09:53:18.890,95318890,13792648,5.04,3700,0,S,0,16:07:02.768
000931.SZ,09:53:19.040,95319040,13793423,5.03,2100,0,B,0,16:07:02.768
000931.SZ,09:53:19.610,95319610,13796343,5.08,10200,0,S,0,16:07:02.877
000931.SZ,09:53:19.710,95319710,13796837,5.06,2100,0,S,0,16:07:02.877
000931.SZ,09:53:20.070,95320070,13798564,5.04,300,0,B,0,16:07:03.003
000931.SZ,09:53:21.280,95321280,13803908,5.04,300,0,S,0,16:07:03.003
000931.SZ,09:53:21.280,95321280,13803914,5.04,300,0,S,0,16:07:03.003
000931.SZ,09:53:23.680,95323680,13814770,5.04,6600,0,B,0,16:07:03.249
000931.SZ,09:53:23.680,95323680,13814787,5.05,43300,0,S,0,16:07:03.249
000931.SZ,09:53:23.680,95323680,13814791,5.04,1500,0,S,0,16:07:03.249
000931.SZ,09:53:23.680,95323680,13814804,5.04,400,0,B,0,16:07:03.249
000931.SZ,09:53:24.540,95324540,13817983,5.04,200,0,S,0,16:07:03.342
000931.SZ,09:53:24.990,95324990,13820151,5.04,800,0,B,0,16:07:03.468
000931.SZ,09:53:25.520,95325520,13822573,5.04,100,0,S,0,16:07:03.468
000931.SZ,09:53:26.730,95326730,13827875,5.05,300,0,S,0,16:07:03.545
000931.SZ,09:53:26.760,95326760,13828005,5.05,1000,0,S,0,16:07:03.545
000931.SZ,09:53:27.220,95327220,13829881,5.04,200,0,B,0,16:07:03.640
000931.SZ,09:53:28.050,95328050,13833697,5.04,1000,0,B,0,16:07:03.799
000931.SZ,09:53:29.840,95329840,13841938,5.0,1000,0,B,0,16:07:03.924
000931.SZ,09:53:30.120,95330120,13843015,5.03,7000,0,B,0,16:07:03.924
000931.SZ,09:53:30.620,95330620,13845759,5.05,600,0,S,0,16:07:04.034
000931.SZ,09:53:30.830,95330830,13846600,5.04,2100,0,B,0,16:07:04.034
000931.SZ,09:53:30.860,95330860,13846724,5.04,1100,0,B,0,16:07:04.034
000931.SZ,09:53:31.540,95331540,13850588,5.04,100,0,S,0,16:07:04.034
000931.SZ,09:53:37.080,95337080,13875718,5.0,1200,0,B,0,16:07:04.765
000931.SZ,09:53:37.530,95337530,13877792,5.04,100,0,S,0,16:07:04.765
000931.SZ,09:53:40.490,95340490,13891551,5.02,300,0,B,0,16:07:05.078
000931.SZ,09:53:40.670,95340670,13892407,5.05,1600,0,S,0,16:07:05.078
000931.SZ,09:53:40.890,95340890,13893312,4.97,5000,0,B,0,16:07:05.078
000931.SZ,09:53:41.740,95341740,13897374,5.05,2000,0,S,0,16:07:05.078
000931.SZ,09:53:42.790,95342790,13903326,5.04,100,0,B,0,16:07:05.242
000931.SZ,09:53:43.060,95343060,13904737,5.04,900,0,S,0,16:07:05.242
000931.SZ,09:53:43.070,95343070,13904805,5.04,3000,0,S,0,16:07:05.242
000931.SZ,09:53:43.070,95343070,13904819,5.04,5400,0,S,0,16:07:05.242
000931.SZ,09:53:43.070,95343070,13904841,5.05,30700,0,S,0,16:07:05.242
000931.SZ,09:53:43.070,95343070,13904845,5.04,9000,0,S,0,16:07:05.242
000931.SZ,09:53:43.080,95343080,13904897,5.04,1800,0,S,0,16:07:05.242
000931.SZ,09:53:43.090,95343090,13904960,5.04,5400,0,S,0,16:07:05.242
000931.SZ,09:53:46.310,95346310,13930076,5.0,500,0,S,0,16:07:05.763
000931.SZ,09:53:47.350,95347350,13936288,5.04,2000,0,S,0,16:07:05.889
000931.SZ,09:53:48.370,95348370,13941522,5.05,300,0,B,0,16:07:06.031
000931.SZ,09:53:49.000,95349000,13945850,5.03,3900,0,B,0,16:07:06.031
000931.SZ,09:53:49.530,95349530,13949291,5.04,3900,0,B,0,16:07:06.156
000931.SZ,09:53:49.880,95349880,13951094,5.04,3300,0,S,0,16:07:06.156
000931.SZ,09:53:50.700,95350700,13955219,4.97,9000,0,B,0,16:07:06.257
000931.SZ,09:53:50.730,95350730,13955334,5.04,400,0,S,0,16:07:06.257
000931.SZ,09:53:52.040,95352040,13961676,5.0,3000,0,B,0,16:07:06.432
000931.SZ,09:53:53.250,95353250,13967722,5.03,600,0,B,0,16:07:06.526
000931.SZ,09:53:54.700,95354700,13975696,5.03,100,0,B,0,16:07:06.621
000931.SZ,09:53:54.720,95354720,13975747,5.04,5400,0,S,0,16:07:06.747
000931.SZ,09:53:55.340,95355340,13979193,5.02,500,0,B,0,16:07:06.747
000931.SZ,09:53:57.120,95357120,13986793,5.03,200,0,B,0,16:07:06.873
000931.SZ,09:54:02.820,95402820,14018537,5.03,3000,0,S,0,16:07:07.588
000931.SZ,09:54:02.840,95402840,14018648,5.04,300,0,S,0,16:07:07.588
000931.SZ,09:54:02.840,95402840,14018656,5.04,600,0,S,0,16:07:07.588
000931.SZ,09:54:02.840,95402840,14018658,5.04,200,0,S,0,16:07:07.588
000931.SZ,09:54:04.900,95404900,14030467,5.3,1000,0,S,0,16:07:07.872
000931.SZ,09:54:07.950,95407950,14045567,5.04,100,0,S,0,16:07:08.222
000931.SZ,09:54:10.290,95410290,14054868,5.01,500,0,B,0,16:07:08.479
000931.SZ,09:54:10.390,95410390,14055358,5.04,1000,0,S,0,16:07:08.479
000931.SZ,09:54:13.000,95413000,14066419,5.03,1000,0,B,0,16:07:08.699
000931.SZ,09:54:15.220,95415220,14075956,4.81,1000,0,B,0,16:07:08.918
000931.SZ,09:54:16.150,95416150,14080517,5.04,1500,0,S,0,16:07:09.042
000931.SZ,09:54:19.260,95419260,14095543,5.0,100,0,B,0,16:07:09.336
000931.SZ,09:54:19.800,95419800,14097820,4.95,1000,0,B,0,16:07:09.429
000931.SZ,09:54:20.180,95420180,14099183,5.0,500,0,B,0,16:07:09.429
000931.SZ,09:54:26.220,95426220,14127728,5.03,100,0,B,0,16:07:10.028
000931.SZ,09:54:27.280,95427280,14132104,5.04,700,0,B,0,16:07:10.214
000931.SZ,09:54:27.410,95427410,14132808,4.75,1200,0,B,0,16:07:10.214
000931.SZ,09:54:28.580,95428580,14138098,5.04,400,0,B,0,16:07:10.291
000931.SZ,09:54:28.580,95428580,14138154,5.04,1400,0,B,0,16:07:10.291
000931.SZ,09:54:30.290,95430290,14145067,5.04,300,0,B,0,16:07:10.495
000931.SZ,09:54:30.290,95430290,14145069,5.04,400,0,B,0,16:07:10.495
000931.SZ,09:54:30.290,95430290,14145087,5.03,300,0,B,0,16:07:10.495
000931.SZ,09:54:30.480,95430480,14146050,5.03,100,0,S,0,16:07:10.495
000931.SZ,09:54:30.580,95430580,14146633,5.03,100,0,S,0,16:07:10.495
000931.SZ,09:54:30.660,95430660,14147045,5.03,2100,0,B,0,16:07:10.495
000931.SZ,09:54:31.960,95431960,14153509,5.03,100,0,S,0,16:07:10.605
000931.SZ,09:54:31.990,95431990,14153624,5.03,100,0,S,0,16:07:10.605
000931.SZ,09:54:32.500,95432500,14155976,5.04,300,0,B,0,16:07:10.747
000931.SZ,09:54:33.470,95433470,14160072,5.04,100,0,B,0,16:07:10.747
000931.SZ,09:54:34.580,95434580,14165968,5.03,3700,0,S,0,16:07:10.968
000931.SZ,09:54:34.580,95434580,14165973,5.03,100,0,S,0,16:07:10.968
000931.SZ,09:54:34.950,95434950,14167723,4.98,1000,0,B,0,16:07:10.968
000931.SZ,09:54:35.330,95435330,14169518,5.03,100,0,S,0,16:07:10.968
000931.SZ,09:54:36.060,95436060,14172386,5.03,100,0,S,0,16:07:11.063
000931.SZ,09:54:38.540,95438540,14184056,5.03,100,0,S,0,16:07:11.369
000931.SZ,09:54:38.800,95438800,14184951,4.93,1200,0,B,0,16:07:11.369
000931.SZ,09:54:39.120,95439120,14186022,5.03,100,0,S,0,16:07:11.369
000931.SZ,09:54:39.320,95439320,14186830,5.0,300,0,B,0,16:07:11.369
000931.SZ,09:54:39.640,95439640,14188480,5.04,300,0,S,0,16:07:11.369
000931.SZ,09:54:39.650,95439650,14188518,5.03,300,0,B,0,16:07:11.369
000931.SZ,09:54:41.240,95441240,14194981,5.03,400,0,B,0,16:07:11.604
000931.SZ,09:54:43.160,95443160,14203093,5.04,300,0,S,0,16:07:11.699
000931.SZ,09:54:43.790,95443790,14206151,5.03,4100,0,B,0,16:07:11.823
000931.SZ,09:54:48.200,95448200,14225895,5.04,1800,0,S,0,16:07:12.185
000931.SZ,09:54:51.100,95451100,14238862,5.04,1000,0,S,0,16:07:12.541
000931.SZ,09:54:51.820,95451820,14241801,4.96,30000,0,B,0,16:07:12.541
000931.SZ,09:54:55.000,95455000,14255407,5.03,100,0,B,0,16:07:12.839
000931.SZ,09:54:55.060,95455060,14255761,5.03,2100,0,B,0,16:07:12.839
000931.SZ,09:54:56.780,95456780,14263246,4.97,4500,0,B,0,16:07:13.043
000931.SZ,09:54:56.970,95456970,14263875,5.03,200,0,B,0,16:07:13.043
000931.SZ,09:54:57.180,95457180,14264666,5.04,300,0,B,0,16:07:13.043
000931.SZ,09:54:57.180,95457180,14264671,5.04,100,0,B,0,16:07:13.043
000931.SZ,09:54:57.210,95457210,14264832,5.04,200,0,B,0,16:07:13.043
000931.SZ,09:54:57.210,95457210,14264834,5.04,200,0,B,0,16:07:13.043
000931.SZ,09:54:57.350,95457350,14265429,5.03,1100,0,B,0,16:07:13.215
000931.SZ,09:54:57.920,95457920,14268353,4.98,100,0,B,0,16:07:13.215
000931.SZ,09:54:57.930,95457930,14268368,5.03,300,0,B,0,16:07:13.215
000931.SZ,09:55:00.230,95500230,14277727,5.03,200,0,B,0,16:07:13.342
000931.SZ,09:55:00.230,95500230,14277735,5.04,200,0,B,0,16:07:13.342
000931.SZ,09:55:00.680,95500680,14281398,5.04,1000,0,S,0,16:07:13.554
000931.SZ,09:55:00.720,95500720,14281689,5.04,2200,0,S,0,16:07:13.554
000931.SZ,09:55:04.050,95504050,14298233,5.03,100,0,B,0,16:07:13.916
000931.SZ,09:55:06.240,95506240,14308281,5.04,700,0,B,0,16:07:14.135
000931.SZ,09:55:06.240,95506240,14308286,5.04,400,0,B,0,16:07:14.135
000931.SZ,09:55:06.260,95506260,14308420,5.04,200,0,B,0,16:07:14.135
000931.SZ,09:55:06.340,95506340,14308839,5.04,400,0,B,0,16:07:14.135
000931.SZ,09:55:09.300,95509300,14321966,5.04,100,0,B,0,16:07:14.553
000931.SZ,09:55:09.900,95509900,14324655,5.04,4100,0,B,0,16:07:14.553
000931.SZ,09:55:10.610,95510610,14328101,5.03,300,0,B,0,16:07:14.663
000931.SZ,09:55:11.150,95511150,14330039,4.98,200,0,B,0,16:07:14.663
000931.SZ,09:55:11.920,95511920,14335650,5.05,1500,0,S,0,16:07:14.774
000931.SZ,09:55:12.200,95512200,14336850,5.04,300,0,B,0,16:07:14.774
000931.SZ,09:55:12.540,95512540,14338753,5.04,300,0,B,0,16:07:14.774
000931.SZ,09:55:12.550,95512550,14338775,5.04,100,0,B,0,16:07:14.774
000931.SZ,09:55:13.170,95513170,14341584,5.04,500,0,B,0,16:07:14.916
000931.SZ,09:55:13.180,95513180,14341604,5.03,300,0,B,0,16:07:14.916
000931.SZ,09:55:13.550,95513550,14343462,5.04,500,0,B,0,16:07:14.916
000931.SZ,09:55:14.180,95514180,14346407,5.04,700,0,B,0,16:07:15.025
000931.SZ,09:55:14.560,95514560,14348474,5.04,200,0,B,0,16:07:15.025
000931.SZ,09:55:14.580,95514580,14348617,5.04,100,0,B,0,16:07:15.025
000931.SZ,09:55:14.770,95514770,14349636,5.04,2000,0,B,0,16:07:15.025
000931.SZ,09:55:14.780,95514780,14349703,5.04,2600,0,B,0,16:07:15.025
000931.SZ,09:55:14.780,95514780,14349726,5.04,100,0,B,0,16:07:15.025
000931.SZ,09:55:15.000,95515000,14350850,5.04,2200,0,B,0,16:07:15.025
000931.SZ,09:55:15.010,95515010,14350921,5.04,300,0,B,0,16:07:15.025
000931.SZ,09:55:15.010,95515010,14350930,5.04,100,0,B,0,16:07:15.025
000931.SZ,09:55:15.010,95515010,14350937,5.04,100,0,B,0,16:07:15.025
000931.SZ,09:55:15.030,95515030,14351014,5.04,1200,0,B,0,16:07:15.025
000931.SZ,09:55:15.030,95515030,14351026,5.04,100,0,B,0,16:07:15.025
000931.SZ,09:55:15.030,95515030,14351028,5.04,100,0,B,0,16:07:15.025
000931.SZ,09:55:15.030,95515030,14351040,5.04,200,0,B,0,16:07:15.025
000931.SZ,09:55:15.050,95515050,14351121,5.04,100,0,B,0,16:07:15.025
000931.SZ,09:55:15.070,95515070,14351186,5.04,400,0,B,0,16:07:15.025
000931.SZ,09:55:15.170,95515170,14351882,5.04,200,0,B,0,16:07:15.167
000931.SZ,09:55:15.270,95515270,14352784,5.04,100,0,B,0,16:07:15.167
000931.SZ,09:55:15.270,95515270,14352807,5.04,1400,0,B,0,16:07:15.167
000931.SZ,09:55:15.460,95515460,14354012,5.05,2300,0,B,0,16:07:15.167
000931.SZ,09:55:15.470,95515470,14354025,5.05,73900,0,S,0,16:07:15.167
000931.SZ,09:55:15.490,95515490,14354215,5.04,200,0,B,0,16:07:15.167
000931.SZ,09:55:15.500,95515500,14354392,5.04,1100,0,S,0,16:07:15.167
000931.SZ,09:55:15.510,95515510,14354461,5.04,5700,0,S,0,16:07:15.167
000931.SZ,09:55:15.540,95515540,14354688,5.04,1500,0,S,0,16:07:15.167
000931.SZ,09:55:16.420,95516420,14360326,5.04,100,0,B,0,16:07:15.230
000931.SZ,09:55:16.420,95516420,14360364,5.04,200,0,B,0,16:07:15.230
000931.SZ,09:55:16.430,95516430,14360369,5.03,300,0,B,0,16:07:15.230
000931.SZ,09:55:16.430,95516430,14360370,5.04,200,0,B,0,16:07:15.230
000931.SZ,09:55:16.570,95516570,14361401,5.04,300,0,B,0,16:07:15.230
000931.SZ,09:55:16.640,95516640,14361731,5.04,300,0,B,0,16:07:15.230
000931.SZ,09:55:17.090,95517090,14364268,5.04,200,0,B,0,16:07:15.356
000931.SZ,09:55:17.090,95517090,14364270,5.04,200,0,B,0,16:07:15.356
000931.SZ,09:55:17.090,95517090,14364272,5.04,200,0,B,0,16:07:15.356
000931.SZ,09:55:17.090,95517090,14364273,5.04,400,0,B,0,16:07:15.356
000931.SZ,09:55:17.090,95517090,14364274,5.04,300,0,B,0,16:07:15.356
000931.SZ,09:55:17.090,95517090,14364277,5.04,200,0,B,0,16:07:15.356
000931.SZ,09:55:17.090,95517090,14364278,5.04,200,0,B,0,16:07:15.356
000931.SZ,09:55:17.090,95517090,14364279,5.04,200,0,B,0,16:07:15.356
000931.SZ,09:55:17.090,95517090,14364280,5.04,700,0,B,0,16:07:15.356
000931.SZ,09:55:17.120,95517120,14364408,5.04,100,0,B,0,16:07:15.356
000931.SZ,09:55:18.170,95518170,14369923,5.04,400,0,B,0,16:07:15.506
000931.SZ,09:55:18.170,95518170,14369928,5.04,900,0,B,0,16:07:15.506
000931.SZ,09:55:18.170,95518170,14369932,5.04,100,0,B,0,16:07:15.506
000931.SZ,09:55:18.170,95518170,14369934,5.04,1000,0,B,0,16:07:15.506
000931.SZ,09:55:18.180,95518180,14369985,5.04,100,0,B,0,16:07:15.506
000931.SZ,09:55:18.180,95518180,14369986,5.04,100,0,B,0,16:07:15.506
000931.SZ,09:55:18.180,95518180,14369987,5.04,100,0,B,0,16:07:15.506
000931.SZ,09:55:18.180,95518180,14369988,5.04,100,0,B,0,16:07:15.506
000931.SZ,09:55:18.180,95518180,14369989,5.04,100,0,B,0,16:07:15.506
000931.SZ,09:55:18.180,95518180,14369990,5.04,100,0,B,0,16:07:15.506
000931.SZ,09:55:18.180,95518180,14369995,5.04,100,0,B,0,16:07:15.506
000931.SZ,09:55:18.180,95518180,14369999,5.04,100,0,B,0,16:07:15.506
000931.SZ,09:55:18.200,95518200,14370082,5.04,100,0,B,0,16:07:15.506
000931.SZ,09:55:18.210,95518210,14370093,5.04,100,0,B,0,16:07:15.506
000931.SZ,09:55:18.210,95518210,14370102,5.04,100,0,B,0,16:07:15.506
000931.SZ,09:55:18.210,95518210,14370131,5.04,100,0,B,0,16:07:15.506
000931.SZ,09:55:18.210,95518210,14370136,5.04,100,0,B,0,16:07:15.506
000931.SZ,09:55:18.210,95518210,14370157,5.04,500,0,B,0,16:07:15.506
000931.SZ,09:55:18.220,95518220,14370183,5.04,100,0,B,0,16:07:15.506
000931.SZ,09:55:18.220,95518220,14370210,5.04,100,0,B,0,16:07:15.506
000931.SZ,09:55:18.220,95518220,14370216,5.04,100,0,B,0,16:07:15.506
000931.SZ,09:55:18.250,95518250,14370314,5.04,1000,0,B,0,16:07:15.506
000931.SZ,09:55:18.540,95518540,14371934,5.04,100,0,S,0,16:07:15.506
000931.SZ,09:55:19.540,95519540,14377618,5.0,500,0,B,0,16:07:15.647
000931.SZ,09:55:22.430,95522430,14394711,5.03,2500,0,B,0,16:07:15.914
000931.SZ,09:55:24.300,95524300,14405752,5.04,200,0,B,0,16:07:16.181
000931.SZ,09:55:24.860,95524860,14409774,5.02,500,0,B,0,16:07:16.181
000931.SZ,09:55:27.220,95527220,14423236,5.04,300,0,B,0,16:07:16.473
000931.SZ,09:55:27.220,95527220,14423289,5.04,100,0,B,0,16:07:16.473
000931.SZ,09:55:27.230,95527230,14423294,5.04,100,0,B,0,16:07:16.473
000931.SZ,09:55:27.240,95527240,14423446,5.04,8400,0,B,0,16:07:16.473
000931.SZ,09:55:27.240,95527240,14423483,5.05,900,0,B,0,16:07:16.473
000931.SZ,09:55:27.790,95527790,14427114,5.04,300,0,B,0,16:07:16.599
000931.SZ,09:55:27.800,95527800,14427177,5.04,400,0,B,0,16:07:16.599
000931.SZ,09:55:27.800,95527800,14427191,5.04,100,0,B,0,16:07:16.599
000931.SZ,09:55:27.800,95527800,14427192,5.04,100,0,B,0,16:07:16.599
000931.SZ,09:55:27.800,95527800,14427193,5.04,100,0,B,0,16:07:16.599
000931.SZ,09:55:27.800,95527800,14427194,5.04,200,0,B,0,16:07:16.599
000931.SZ,09:55:27.800,95527800,14427195,5.04,100,0,B,0,16:07:16.599
000931.SZ,09:55:27.800,95527800,14427202,5.04,200,0,B,0,16:07:16.599
000931.SZ,09:55:27.800,95527800,14427205,5.04,100,0,B,0,16:07:16.599
000931.SZ,09:55:27.800,95527800,14427222,5.04,100,0,B,0,16:07:16.599
000931.SZ,09:55:27.820,95527820,14427295,5.04,100,0,B,0,16:07:16.599
000931.SZ,09:55:27.830,95527830,14427354,5.04,100,0,B,0,16:07:16.599
000931.SZ,09:55:28.060,95528060,14428669,5.05,800,0,B,0,16:07:16.599
000931.SZ,09:55:28.060,95528060,14428671,5.05,600,0,B,0,16:07:16.599
000931.SZ,09:55:28.070,95528070,14428685,5.05,700,0,B,0,16:07:16.599
000931.SZ,09:55:28.070,95528070,14428688,5.05,1000,0,B,0,16:07:16.599
000931.SZ,09:55:28.070,95528070,14428701,5.05,1100,0,S,0,16:07:16.599
000931.SZ,09:55:28.070,95528070,14428726,5.05,300,0,B,0,16:07:16.599
000931.SZ,09:55:28.080,95528080,14428732,5.05,300,0,B,0,16:07:16.599
000931.SZ,09:55:28.080,95528080,14428735,5.05,200,0,B,0,16:07:16.599
000931.SZ,09:55:28.080,95528080,14428738,5.05,200,0,B,0,16:07:16.599
000931.SZ,09:55:28.080,95528080,14428743,5.05,200,0,B,0,16:07:16.599
000931.SZ,09:55:28.080,95528080,14428747,5.05,200,0,B,0,16:07:16.599
000931.SZ,09:55:28.080,95528080,14428751,5.05,200,0,B,0,16:07:16.599
000931.SZ,09:55:28.080,95528080,14428753,5.05,200,0,B,0,16:07:16.599
000931.SZ,09:55:28.080,95528080,14428755,5.05,200,0,B,0,16:07:16.599
000931.SZ,09:55:28.090,95528090,14428807,5.05,300,0,B,0,16:07:16.599
000931.SZ,09:55:28.110,95528110,14428931,5.05,300,0,B,0,16:07:16.599
000931.SZ,09:55:28.410,95528410,14431042,5.04,13400,0,S,0,16:07:16.599
000931.SZ,09:55:28.420,95528420,14431110,5.05,16100,0,S,0,16:07:16.599
000931.SZ,09:55:28.420,95528420,14431111,5.05,500,0,B,0,16:07:16.599
000931.SZ,09:55:28.420,95528420,14431129,5.04,100,0,B,0,16:07:16.599
000931.SZ,09:55:28.420,95528420,14431132,5.04,200,0,B,0,16:07:16.599
000931.SZ,09:55:28.420,95528420,14431133,5.04,300,0,B,0,16:07:16.599
000931.SZ,09:55:28.420,95528420,14431138,5.04,300,0,B,0,16:07:16.599
000931.SZ,09:55:28.420,95528420,14431143,5.04,300,0,B,0,16:07:16.599
000931.SZ,09:55:30.050,95530050,14440140,5.04,1000,0,B,0,16:07:16.865
000931.SZ,09:55:33.310,95533310,14462115,5.05,3000,0,B,0,16:07:17.164
000931.SZ,09:55:33.320,95533320,14462149,5.05,56700,0,S,0,16:07:17.164
000931.SZ,09:55:33.500,95533500,14463402,5.04,100,0,B,0,16:07:17.164
000931.SZ,09:55:33.550,95533550,14463728,5.04,300,0,S,0,16:07:17.164
000931.SZ,09:55:33.650,95533650,14464438,5.05,400,0,S,0,16:07:17.274
000931.SZ,09:55:33.690,95533690,14464766,5.04,100,0,B,0,16:07:17.274
000931.SZ,09:55:34.480,95534480,14470063,5.05,100,0,S,0,16:07:17.384
000931.SZ,09:55:35.550,95535550,14477462,5.04,200,0,B,0,16:07:17.503
000931.SZ,09:55:36.200,95536200,14481209,5.04,700,0,B,0,16:07:17.503
000931.SZ,09:55:37.320,95537320,14487938,5.04,580,0,S,0,16:07:17.629
000931.SZ,09:55:37.350,95537350,14488096,5.04,200,0,B,0,16:07:17.629
000931.SZ,09:55:37.650,95537650,14490295,5.04,1000,0,B,0,16:07:17.722
000931.SZ,09:55:37.750,95537750,14490820,5.03,600,0,B,0,16:07:17.722
000931.SZ,09:55:38.100,95538100,14492860,5.04,1000,0,S,0,16:07:17.722
000931.SZ,09:55:38.110,95538110,14492871,5.05,100,0,S,0,16:07:17.722
000931.SZ,09:55:38.210,95538210,14493398,5.04,400,0,B,0,16:07:17.722
000931.SZ,09:55:38.530,95538530,14495224,5.04,100,0,S,0,16:07:17.974
000931.SZ,09:55:38.980,95538980,14497180,5.0,1200,0,B,0,16:07:17.974
000931.SZ,09:55:39.170,95539170,14498192,5.03,4300,0,B,0,16:07:17.974
000931.SZ,09:55:39.300,95539300,14498797,5.04,200,0,B,0,16:07:17.974
000931.SZ,09:55:39.860,95539860,14502455,5.04,100,0,B,0,16:07:17.974
000931.SZ,09:55:41.740,95541740,14513484,5.15,200,0,S,0,16:07:18.101
000931.SZ,09:55:41.870,95541870,14514208,5.05,3500,0,S,0,16:07:18.101
000931.SZ,09:55:42.830,95542830,14519282,4.89,3000,0,B,0,16:07:18.225
000931.SZ,09:55:42.870,95542870,14519446,5.04,200,0,B,0,16:07:18.225
000931.SZ,09:55:43.090,95543090,14520664,5.04,300,0,B,0,16:07:18.225
000931.SZ,09:55:43.130,95543130,14520855,5.04,100,0,B,0,16:07:18.225
000931.SZ,09:55:44.470,95544470,14527945,5.05,300,0,B,0,16:07:18.438
000931.SZ,09:55:44.580,95544580,14528364,5.04,100,0,S,0,16:07:18.438
000931.SZ,09:55:46.050,95546050,14536037,5.04,10000,0,B,0,16:07:18.497
000931.SZ,09:55:47.010,95547010,14541262,5.04,500,0,B,0,16:07:18.497
000931.SZ,09:55:47.080,95547080,14541753,5.04,100,0,B,0,16:07:18.497
000931.SZ,09:55:50.510,95550510,14557867,5.04,500,0,B,0,16:07:18.625
000931.SZ,09:55:50.940,95550940,14559592,5.04,200,0,B,0,16:07:18.625
000931.SZ,09:55:53.430,95553430,14571448,5.01,1700,0,S,0,16:07:18.720
000931.SZ,09:55:53.770,95553770,14572681,5.07,4000,0,S,0,16:07:18.757
000931.SZ,09:55:53.780,95553780,14572764,5.05,200,0,S,0,16:07:18.757
000931.SZ,09:55:54.520,95554520,14575811,5.2,200,0,S,0,16:07:18.757
000931.SZ,09:55:54.540,95554540,14575866,5.04,100,0,S,0,16:07:18.757
000931.SZ,09:55:54.950,95554950,14577521,5.03,1000,0,B,0,16:07:18.806
000931.SZ,09:55:56.950,95556950,14586656,5.04,100,0,B,0,16:07:18.865
000931.SZ,09:55:58.380,95558380,14592760,5.06,6000,0,S,0,16:07:18.913
000931.SZ,09:55:59.890,95559890,14598406,5.03,500,0,B,0,16:07:18.984
000931.SZ,09:56:03.190,95603190,14615637,5.01,500,0,B,0,16:07:19.160
000931.SZ,09:56:03.780,95603780,14618703,5.05,600,0,S,0,16:07:19.160
000931.SZ,09:56:05.150,95605150,14627519,4.92,50000,0,B,0,16:07:19.333
000931.SZ,09:56:06.340,95606340,14633557,4.91,1200,0,B,0,16:07:19.333
000931.SZ,09:56:11.460,95611460,14659401,5.05,600,0,B,0,16:07:19.892
000931.SZ,09:56:11.470,95611470,14659435,5.05,200,0,B,0,16:07:19.892
000931.SZ,09:56:11.530,95611530,14659619,5.04,100,0,B,0,16:07:19.892
000931.SZ,09:56:12.430,95612430,14663795,5.05,600,0,B,0,16:07:20.050
000931.SZ,09:56:12.430,95612430,14663815,5.04,700,0,B,0,16:07:20.050
000931.SZ,09:56:12.430,95612430,14663848,5.05,79500,0,B,0,16:07:20.050
000931.SZ,09:56:12.440,95612440,14663878,5.05,4400,0,B,0,16:07:20.050
000931.SZ,09:56:12.450,95612450,14663993,5.05,900,0,B,0,16:07:20.050
000931.SZ,09:56:12.450,95612450,14663998,5.05,200,0,B,0,16:07:20.050
000931.SZ,09:56:12.450,95612450,14663999,5.05,400,0,B,0,16:07:20.050
000931.SZ,09:56:12.450,95612450,14664000,5.05,500,0,B,0,16:07:20.050
000931.SZ,09:56:12.450,95612450,14664001,5.05,200,0,B,0,16:07:20.050
000931.SZ,09:56:12.450,95612450,14664009,5.05,700,0,B,0,16:07:20.050
000931.SZ,09:56:12.450,95612450,14664030,5.04,600,0,B,0,16:07:20.050
000931.SZ,09:56:12.450,95612450,14664033,5.04,1100,0,B,0,16:07:20.050
000931.SZ,09:56:12.490,95612490,14664214,5.05,400,0,B,0,16:07:20.050
000931.SZ,09:56:12.490,95612490,14664232,5.06,500,0,S,0,16:07:20.050
000931.SZ,09:56:12.670,95612670,14665227,5.54,5000,0,S,0,16:07:20.050
000931.SZ,09:56:13.530,95613530,14669445,5.05,300,0,S,0,16:07:20.050
000931.SZ,09:56:14.560,95614560,14674124,5.05,100,0,S,0,16:07:20.191
000931.SZ,09:56:14.560,95614560,14674147,5.06,1300,0,B,0,16:07:20.191
000931.SZ,09:56:14.570,95614570,14674160,5.05,100,0,B,0,16:07:20.191
000931.SZ,09:56:15.290,95615290,14676958,5.06,10000,0,B,0,16:07:20.363
000931.SZ,09:56:15.300,95615300,14677034,5.05,10000,0,B,0,16:07:20.363
000931.SZ,09:56:15.350,95615350,14677220,5.02,3000,0,S,0,16:07:20.363
000931.SZ,09:56:15.360,95615360,14677264,5.05,100,0,B,0,16:07:20.363
000931.SZ,09:56:15.360,95615360,14677270,5.05,100,0,B,0,16:07:20.363
000931.SZ,09:56:17.300,95617300,14686172,5.03,2000,0,B,0,16:07:20.474
000931.SZ,09:56:17.620,95617620,14687453,5.05,2400,0,B,0,16:07:20.474
000931.SZ,09:56:18.220,95618220,14690140,5.06,300,0,B,0,16:07:20.624
000931.SZ,09:56:18.230,95618230,14690194,5.05,100,0,B,0,16:07:20.624
000931.SZ,09:56:18.240,95618240,14690253,5.05,700,0,B,0,16:07:20.624
000931.SZ,09:56:18.620,95618620,14692415,5.06,300,0,B,0,16:07:20.624
000931.SZ,09:56:18.890,95618890,14693942,5.06,100,0,S,0,16:07:20.624
000931.SZ,09:56:19.070,95619070,14694773,5.01,5000,0,B,0,16:07:20.624
000931.SZ,09:56:19.440,95619440,14697320,5.05,300,0,B,0,16:07:20.750
000931.SZ,09:56:19.660,95619660,14698532,5.06,100,0,S,0,16:07:20.750
000931.SZ,09:56:20.220,95620220,14700700,5.08,300,0,S,0,16:07:20.750
000931.SZ,09:56:21.240,95621240,14704819,5.06,800,0,B,0,16:07:20.907
000931.SZ,09:56:21.690,95621690,14707023,5.06,100,0,S,0,16:07:20.907
000931.SZ,09:56:21.800,95621800,14707569,5.06,100,0,S,0,16:07:20.907
000931.SZ,09:56:22.150,95622150,14709455,5.06,100,0,S,0,16:07:20.907
000931.SZ,09:56:23.250,95623250,14715111,5.07,200,0,B,0,16:07:21.017
000931.SZ,09:56:23.700,95623700,14717288,5.05,200,0,B,0,16:07:21.145
000931.SZ,09:56:24.220,95624220,14719909,5.05,300,0,B,0,16:07:21.145
000931.SZ,09:56:24.230,95624230,14719994,5.05,300,0,B,0,16:07:21.145
000931.SZ,09:56:25.270,95625270,14725666,5.06,2000,0,B,0,16:07:21.316
000931.SZ,09:56:25.270,95625270,14725674,5.06,800,0,B,0,16:07:21.316
000931.SZ,09:56:25.510,95625510,14727345,5.05,200,0,B,0,16:07:21.316
000931.SZ,09:56:25.540,95625540,14727573,5.06,700,0,B,0,16:07:21.316
000931.SZ,09:56:25.590,95625590,14727870,5.06,2300,0,B,0,16:07:21.316
000931.SZ,09:56:26.210,95626210,14731113,5.06,1300,0,B,0,16:07:21.411
000931.SZ,09:56:26.260,95626260,14731341,5.06,800,0,B,0,16:07:21.411
000931.SZ,09:56:26.270,95626270,14731364,5.06,1300,0,B,0,16:07:21.411
000931.SZ,09:56:26.560,95626560,14732695,5.06,200,0,B,0,16:07:21.411
000931.SZ,09:56:26.560,95626560,14732701,5.06,100,0,B,0,16:07:21.411
000931.SZ,09:56:26.560,95626560,14732703,5.06,100,0,B,0,16:07:21.411
000931.SZ,09:56:26.810,95626810,14733629,5.06,1200,0,B,0,16:07:21.411
000931.SZ,09:56:26.820,95626820,14733643,5.06,100,0,B,0,16:07:21.562
000931.SZ,09:56:26.840,95626840,14733729,5.05,100,0,B,0,16:07:21.562
000931.SZ,09:56:26.870,95626870,14733828,5.06,800,0,B,0,16:07:21.562
000931.SZ,09:56:27.220,95627220,14735155,5.06,400,0,B,0,16:07:21.562
000931.SZ,09:56:27.220,95627220,14735170,5.06,200,0,B,0,16:07:21.562
000931.SZ,09:56:27.220,95627220,14735173,5.06,200,0,B,0,16:07:21.562
000931.SZ,09:56:27.230,95627230,14735234,5.06,400,0,S,0,16:07:21.562
000931.SZ,09:56:27.240,95627240,14735240,5.06,900,0,S,0,16:07:21.562
000931.SZ,09:56:27.240,95627240,14735241,5.06,400,0,S,0,16:07:21.562
000931.SZ,09:56:27.240,95627240,14735322,5.06,100,0,B,0,16:07:21.562
000931.SZ,09:56:27.330,95627330,14735835,5.06,2100,0,S,0,16:07:21.562
000931.SZ,09:56:27.400,95627400,14736119,5.06,100,0,S,0,16:07:21.562
000931.SZ,09:56:27.440,95627440,14736300,5.05,200,0,B,0,16:07:21.562
000931.SZ,09:56:28.170,95628170,14739968,5.04,200,0,B,0,16:07:21.562
000931.SZ,09:56:28.800,95628800,14742913,5.06,100,0,S,0,16:07:21.686
000931.SZ,09:56:29.160,95629160,14744449,5.06,1000,0,B,0,16:07:21.686
000931.SZ,09:56:29.190,95629190,14744596,5.05,3200,0,B,0,16:07:21.686
000931.SZ,09:56:29.270,95629270,14744915,5.06,500,0,B,0,16:07:21.686
000931.SZ,09:56:29.380,95629380,14745658,5.06,43000,0,B,0,16:07:21.686
000931.SZ,09:56:29.390,95629390,14745674,5.05,800,0,B,0,16:07:21.686
000931.SZ,09:56:29.390,95629390,14745675,5.05,600,0,B,0,16:07:21.686
000931.SZ,09:56:29.390,95629390,14745676,5.06,39400,0,S,0,16:07:21.686
000931.SZ,09:56:29.390,95629390,14745688,5.06,100,0,B,0,16:07:21.686
000931.SZ,09:56:29.390,95629390,14745692,5.06,200,0,B,0,16:07:21.686
000931.SZ,09:56:29.420,95629420,14745807,5.06,100,0,B,0,16:07:21.686
000931.SZ,09:56:29.560,95629560,14746320,5.06,200,0,S,0,16:07:21.686
000931.SZ,09:56:29.560,95629560,14746351,5.06,200,0,S,0,16:07:21.686
000931.SZ,09:56:29.560,95629560,14746354,5.06,200,0,S,0,16:07:21.686
000931.SZ,09:56:29.600,95629600,14746528,5.06,200,0,B,0,16:07:21.686
000931.SZ,09:56:29.610,95629610,14746585,5.06,200,0,B,0,16:07:21.686
000931.SZ,09:56:29.750,95629750,14747333,5.06,100,0,S,0,16:07:21.812
000931.SZ,09:56:29.750,95629750,14747354,5.06,100,0,S,0,16:07:21.812
000931.SZ,09:56:29.880,95629880,14747819,5.06,100,0,B,0,16:07:21.812
000931.SZ,09:56:30.110,95630110,14748650,5.01,500,0,B,0,16:07:21.812
000931.SZ,09:56:30.180,95630180,14749007,5.06,100,0,S,0,16:07:21.812
000931.SZ,09:56:30.220,95630220,14749238,5.06,200,0,B,0,16:07:21.812
000931.SZ,09:56:30.220,95630220,14749243,5.06,100,0,S,0,16:07:21.812
000931.SZ,09:56:30.270,95630270,14749566,5.07,1900,0,S,0,16:07:21.812
000931.SZ,09:56:30.320,95630320,14749821,5.06,300,0,S,0,16:07:21.812
000931.SZ,09:56:30.340,95630340,14749940,5.06,2100,0,S,0,16:07:21.812
000931.SZ,09:56:30.550,95630550,14751139,5.06,200,0,B,0,16:07:21.812
000931.SZ,09:56:32.550,95632550,14760282,5.06,1600,0,B,0,16:07:22.159
000931.SZ,09:56:32.550,95632550,14760285,5.06,500,0,B,0,16:07:22.159
000931.SZ,09:56:32.600,95632600,14760468,5.05,94200,0,B,0,16:07:22.159
000931.SZ,09:56:32.600,95632600,14760479,5.06,2000,0,B,0,16:07:22.159
000931.SZ,09:56:33.200,95633200,14763122,5.06,400,0,B,0,16:07:22.159
000931.SZ,09:56:33.220,95633220,14763268,5.06,700,0,B,0,16:07:22.159
000931.SZ,09:56:33.300,95633300,14763728,5.06,100,0,S,0,16:07:22.159
000931.SZ,09:56:33.300,95633300,14763731,5.06,3800,0,B,0,16:07:22.159
000931.SZ,09:56:33.460,95633460,14764395,5.06,1700,0,B,0,16:07:22.159
000931.SZ,09:56:33.510,95633510,14764651,5.06,200,0,B,0,16:07:22.159
000931.SZ,09:56:33.550,95633550,14765020,5.06,100,0,B,0,16:07:22.159
000931.SZ,09:56:34.010,95634010,14767273,5.06,700,0,B,0,16:07:22.159
000931.SZ,09:56:36.810,95636810,14782721,5.06,200,0,B,0,16:07:22.459
000931.SZ,09:56:37.070,95637070,14783997,5.07,1300,0,B,0,16:07:22.579
000931.SZ,09:56:38.260,95638260,14790104,5.03,2200,0,B,0,16:07:22.687
000931.SZ,09:56:38.430,95638430,14790964,5.06,700,0,B,0,16:07:22.687
000931.SZ,09:56:38.620,95638620,14791752,4.6,500,0,B,0,16:07:22.687
000931.SZ,09:56:38.700,95638700,14792048,5.06,200,0,B,0,16:07:22.687
000931.SZ,09:56:38.740,95638740,14792223,5.04,11300,0,B,0,16:07:22.687
000931.SZ,09:56:42.660,95642660,14811423,5.06,200,0,B,0,16:07:23.201
000931.SZ,09:56:48.060,95648060,14835000,5.15,300,0,S,0,16:07:23.592
000931.SZ,09:56:51.290,95651290,14854873,5.06,300,0,B,0,16:07:23.936
000931.SZ,09:56:54.800,95654800,14876335,5.07,100,0,B,0,16:07:24.306
000931.SZ,09:56:56.560,95656560,14886373,5.07,100,0,B,0,16:07:24.572
000931.SZ,09:56:57.310,95657310,14890877,5.06,300,0,B,0,16:07:24.572
000931.SZ,09:56:59.060,95659060,14900834,5.09,2000,0,S,0,16:07:24.697
000931.SZ,09:57:00.190,95700190,14905740,5.06,400,0,B,0,16:07:24.870
000931.SZ,09:57:02.400,95702400,14919164,5.03,500,0,B,0,16:07:25.200
000931.SZ,09:57:03.960,95703960,14927747,5.07,500,0,S,0,16:07:25.341
000931.SZ,09:57:05.040,95705040,14933977,5.04,1000,0,B,0,16:07:25.497
000931.SZ,09:57:06.190,95706190,14940396,5.06,200,0,B,0,16:07:25.617
000931.SZ,09:57:09.400,95709400,14955823,5.07,1000,0,S,0,16:07:25.947
000931.SZ,09:57:12.680,95712680,14970280,5.07,1000,0,S,0,16:07:26.246
000931.SZ,09:57:13.330,95713330,14972848,5.06,5400,0,B,0,16:07:26.417
000931.SZ,09:57:14.070,95714070,14976122,5.03,1600,0,S,0,16:07:26.417
000931.SZ,09:57:16.100,95716100,14984292,5.07,2000,0,S,0,16:07:26.568
000931.SZ,09:57:16.140,95716140,14984437,5.07,200,0,S,0,16:07:26.568
000931.SZ,09:57:18.350,95718350,14993826,5.32,5000,0,S,0,16:07:26.852
000931.SZ,09:57:18.370,95718370,14993871,5.06,3000,0,B,0,16:07:26.852
000931.SZ,09:57:19.160,95719160,14997495,5.08,5000,0,S,0,16:07:26.978
000931.SZ,09:57:19.600,95719600,14999679,5.03,1000,0,B,0,16:07:26.978
000931.SZ,09:57:19.870,95719870,15000820,5.07,3000,0,S,0,16:07:26.978
000931.SZ,09:57:22.010,95722010,15009812,4.99,2000,0,B,0,16:07:27.214
000931.SZ,09:57:22.110,95722110,15010379,5.07,400,0,S,0,16:07:27.214
000931.SZ,09:57:23.860,95723860,15019379,4.84,2000,0,B,0,16:07:27.323
000931.SZ,09:57:24.800,95724800,15024479,5.06,100,0,B,0,16:07:27.496
000931.SZ,09:57:26.300,95726300,15031545,5.06,200,0,B,0,16:07:27.662
000931.SZ,09:57:26.310,95726310,15031577,4.99,500,0,B,0,16:07:27.662
000931.SZ,09:57:26.780,95726780,15033371,5.03,1000,0,B,0,16:07:27.662
000931.SZ,09:57:30.790,95730790,15050384,5.04,15500,0,B,0,16:07:28.049
000931.SZ,09:57:31.450,95731450,15053529,5.06,1000,0,S,0,16:07:28.177
000931.SZ,09:57:33.270,95733270,15061428,5.06,400,0,B,0,16:07:28.331
000931.SZ,09:57:33.280,95733280,15061483,5.06,600,0,B,0,16:07:28.331
000931.SZ,09:57:33.280,95733280,15061485,5.07,200,0,S,0,16:07:28.331
000931.SZ,09:57:36.080,95736080,15073683,5.03,500,0,B,0,16:07:28.536
000931.SZ,09:57:39.250,95739250,15087726,5.06,200,0,B,0,16:07:28.923
000931.SZ,09:57:40.380,95740380,15092614,5.05,200,0,B,0,16:07:28.923
000931.SZ,09:57:45.480,95745480,15115015,5.02,5000,0,B,0,16:07:29.456
000931.SZ,09:57:45.490,95745490,15115047,5.06,500,0,B,0,16:07:29.456
000931.SZ,09:57:47.120,95747120,15122338,5.07,11900,0,S,0,16:07:29.573
000931.SZ,09:57:54.600,95754600,15154486,5.06,100,0,B,0,16:07:30.267
000931.SZ,09:57:56.000,95756000,15160440,4.6,10600,0,B,0,16:07:30.377
000931.SZ,09:57:56.020,95756020,15160503,5.04,3400,0,S,0,16:07:30.377
000931.SZ,09:57:56.030,95756030,15160521,5.06,12500,0,S,0,16:07:30.377
000931.SZ,09:57:56.050,95756050,15160691,5.07,200,0,S,0,16:07:30.377
000931.SZ,09:57:56.050,95756050,15160692,5.07,1400,0,S,0,16:07:30.377
000931.SZ,09:57:56.050,95756050,15160693,5.07,1400,0,S,0,16:07:30.377
000931.SZ,09:57:56.050,95756050,15160694,5.07,200,0,S,0,16:07:30.377
000931.SZ,09:57:56.050,95756050,15160695,5.07,1000,0,S,0,16:07:30.377
000931.SZ,09:57:56.050,95756050,15160712,5.07,1100,0,S,0,16:07:30.377
000931.SZ,09:57:56.080,95756080,15160970,5.07,800,0,S,0,16:07:30.377
000931.SZ,09:57:56.090,95756090,15160985,5.07,100,0,S,0,16:07:30.377
000931.SZ,09:57:56.090,95756090,15161011,5.06,400,0,S,0,16:07:30.377
000931.SZ,09:57:56.570,95756570,15162768,5.06,800,0,B,0,16:07:30.502
000931.SZ,09:57:56.570,95756570,15162790,5.06,400,0,S,0,16:07:30.502
000931.SZ,09:57:56.590,95756590,15162874,5.06,200,0,B,0,16:07:30.502
000931.SZ,09:57:56.600,95756600,15162897,5.06,300,0,B,0,16:07:30.502
000931.SZ,09:57:56.600,95756600,15162900,5.06,200,0,B,0,16:07:30.502
000931.SZ,09:57:56.610,95756610,15162947,5.06,100,0,B,0,16:07:30.502
000931.SZ,09:57:56.920,95756920,15164192,5.06,100,0,B,0,16:07:30.502
000931.SZ,09:57:57.490,95757490,15166784,5.06,1600,0,B,0,16:07:30.502
000931.SZ,09:57:57.540,95757540,15166972,5.06,900,0,S,0,16:07:30.502
000931.SZ,09:57:58.000,95758000,15168950,5.06,700,0,B,0,16:07:30.587
000931.SZ,09:57:58.540,95758540,15171355,5.06,600,0,S,0,16:07:30.587
000931.SZ,09:57:59.970,95759970,15177510,5.06,1700,0,S,0,16:07:30.842
000931.SZ,09:58:00.070,95800070,15177892,5.06,1600,0,S,0,16:07:30.842
000931.SZ,09:58:00.280,95800280,15178897,5.06,1000,0,B,0,16:07:30.842
000931.SZ,09:58:00.360,95800360,15179265,5.06,200,0,S,0,16:07:30.842
000931.SZ,09:58:00.360,95800360,15179268,5.06,200,0,S,0,16:07:30.842
000931.SZ,09:58:00.390,95800390,15179372,5.06,1800,0,S,0,16:07:30.842
000931.SZ,09:58:00.500,95800500,15179809,5.06,100,0,S,0,16:07:30.842
000931.SZ,09:58:00.920,95800920,15182783,5.06,100,0,S,0,16:07:30.999
000931.SZ,09:58:02.030,95802030,15188149,5.06,1100,0,S,0,16:07:31.140
000931.SZ,09:58:03.210,95803210,15193027,5.06,300,0,B,0,16:07:31.283
000931.SZ,09:58:03.210,95803210,15193038,5.06,400,0,S,0,16:07:31.283
000931.SZ,09:58:03.210,95803210,15193039,5.06,400,0,S,0,16:07:31.283
000931.SZ,09:58:03.210,95803210,15193040,5.06,400,0,S,0,16:07:31.283
000931.SZ,09:58:03.450,95803450,15194539,5.06,400,0,S,0,16:07:31.283
000931.SZ,09:58:03.600,95803600,15195097,5.06,200,0,S,0,16:07:31.283
000931.SZ,09:58:03.610,95803610,15195144,5.06,100,0,S,0,16:07:31.283
000931.SZ,09:58:08.330,95808330,15217412,5.06,100,0,S,0,16:07:31.826
000931.SZ,09:58:08.340,95808340,15217510,5.06,3800,0,S,0,16:07:31.826
000931.SZ,09:58:08.350,95808350,15217533,5.06,200,0,S,0,16:07:31.826
000931.SZ,09:58:08.410,95808410,15217736,5.06,200,0,S,0,16:07:31.826
000931.SZ,09:58:10.550,95810550,15228449,5.0,500,0,B,0,16:07:31.999
000931.SZ,09:58:10.640,95810640,15228771,5.06,1600,0,S,0,16:07:31.999
000931.SZ,09:58:11.660,95811660,15233434,5.05,104400,0,S,0,16:07:32.189
000931.SZ,09:58:11.660,95811660,15233504,5.06,300,0,S,0,16:07:32.189
000931.SZ,09:58:11.660,95811660,15233511,5.05,3900,0,S,0,16:07:32.189
000931.SZ,09:58:11.670,95811670,15233541,5.05,200,0,S,0,16:07:32.189
000931.SZ,09:58:11.670,95811670,15233553,5.05,200,0,S,0,16:07:32.189
000931.SZ,09:58:12.030,95812030,15234790,5.06,100,0,S,0,16:07:32.189
000931.SZ,09:58:12.270,95812270,15236210,5.02,13300,0,B,0,16:07:32.189
000931.SZ,09:58:12.340,95812340,15236547,5.06,3000,0,S,0,16:07:32.189
000931.SZ,09:58:13.080,95813080,15240873,4.96,500,0,B,0,16:07:32.189
000931.SZ,09:58:14.410,95814410,15248357,5.05,3700,0,S,0,16:07:32.345
000931.SZ,09:58:15.330,95815330,15252287,5.05,400,0,S,0,16:07:32.501
000931.SZ,09:58:15.570,95815570,15253887,5.04,700,0,B,0,16:07:32.501
000931.SZ,09:58:16.220,95816220,15257374,5.04,900,0,B,0,16:07:32.617
000931.SZ,09:58:16.640,95816640,15260447,5.04,1000,0,B,0,16:07:32.617
000931.SZ,09:58:17.180,95817180,15263530,5.04,1000,0,B,0,16:07:32.825
000931.SZ,09:58:17.570,95817570,15265369,5.04,1500,0,B,0,16:07:32.825
000931.SZ,09:58:17.950,95817950,15266628,5.05,100,0,S,0,16:07:32.825
000931.SZ,09:58:19.080,95819080,15272733,5.05,1000,0,S,0,16:07:32.825
000931.SZ,09:58:19.320,95819320,15274029,4.92,1000,0,B,0,16:07:32.966
000931.SZ,09:58:19.350,95819350,15274219,5.01,500,0,S,0,16:07:32.966
000931.SZ,09:58:19.370,95819370,15274363,5.05,3800,0,S,0,16:07:32.966
000931.SZ,09:58:20.050,95820050,15277854,5.04,2000,0,B,0,16:07:32.966
000931.SZ,09:58:21.220,95821220,15283334,5.04,700,0,B,0,16:07:33.124
000931.SZ,09:58:21.220,95821220,15283338,5.04,800,0,B,0,16:07:33.124
000931.SZ,09:58:21.570,95821570,15284985,5.04,700,0,B,0,16:07:33.124
000931.SZ,09:58:24.280,95824280,15297659,5.05,400,0,S,0,16:07:33.392
000931.SZ,09:58:24.300,95824300,15297816,5.05,200,0,S,0,16:07:33.392
000931.SZ,09:58:24.460,95824460,15298540,5.05,200,0,S,0,16:07:33.392
000931.SZ,09:58:24.460,95824460,15298552,5.05,200,0,S,0,16:07:33.392
000931.SZ,09:58:26.320,95826320,15307172,5.61,2000,0,S,0,16:07:33.533
000931.SZ,09:58:26.960,95826960,15309427,5.03,500,0,B,0,16:07:33.684
000931.SZ,09:58:28.440,95828440,15316159,5.05,800,0,B,0,16:07:33.824
000931.SZ,09:58:32.150,95832150,15331907,5.05,1800,0,S,0,16:07:34.107
000931.SZ,09:58:32.730,95832730,15333802,5.03,3000,0,B,0,16:07:34.249
000931.SZ,09:58:32.750,95832750,15333850,5.05,3800,0,S,0,16:07:34.249
000931.SZ,09:58:32.900,95832900,15334367,5.61,600,0,S,0,16:07:34.249
000931.SZ,09:58:33.570,95833570,15337011,5.04,1100,0,B,0,16:07:34.249
000931.SZ,09:58:34.600,95834600,15341275,5.05,200,0,S,0,16:07:34.375
000931.SZ,09:58:34.900,95834900,15342373,5.61,7100,0,S,0,16:07:34.375
000931.SZ,09:58:35.120,95835120,15343121,5.05,100,0,S,0,16:07:34.375
000931.SZ,09:58:39.270,95839270,15359738,5.04,600,0,B,0,16:07:34.682
000931.SZ,09:58:40.480,95840480,15365314,5.05,200,0,S,0,16:07:34.824
000931.SZ,09:58:43.010,95843010,15374854,5.02,3800,0,S,0,16:07:35.044
000931.SZ,09:58:45.340,95845340,15383725,5.03,2500,0,B,0,16:07:35.311
000931.SZ,09:58:46.820,95846820,15389734,5.02,2000,0,B,0,16:07:35.452
000931.SZ,09:58:49.560,95849560,15400098,5.04,2000,0,B,0,16:07:35.655
000931.SZ,09:58:52.350,95852350,15410522,4.94,2900,0,S,0,16:07:35.775
000931.SZ,09:58:53.040,95853040,15413356,5.03,8300,0,B,0,16:07:35.949
000931.SZ,09:58:57.640,95857640,15430816,5.04,200,0,B,0,16:07:36.232
000931.SZ,09:58:58.580,95858580,15434652,5.05,700,0,B,0,16:07:36.357
000931.SZ,09:58:58.650,95858650,15434886,5.05,1000,0,S,0,16:07:36.357
000931.SZ,09:59:00.310,95900310,15441020,5.05,800,0,B,0,16:07:36.575
000931.SZ,09:59:00.320,95900320,15441038,5.05,1100,0,S,0,16:07:36.575
000931.SZ,09:59:01.050,95901050,15445521,5.05,1000,0,S,0,16:07:36.741
000931.SZ,09:59:01.070,95901070,15445581,5.05,3700,0,S,0,16:07:36.741
000931.SZ,09:59:01.700,95901700,15448877,5.01,1500,0,B,0,16:07:36.741
000931.SZ,09:59:02.300,95902300,15451683,5.05,4900,0,S,0,16:07:36.869
000931.SZ,09:59:02.340,95902340,15451856,5.05,800,0,S,0,16:07:36.869
000931.SZ,09:59:02.800,95902800,15453387,5.04,3000,0,B,0,16:07:36.869
000931.SZ,09:59:06.560,95906560,15468875,5.04,100,0,B,0,16:07:37.166
000931.SZ,09:59:11.200,95911200,15487165,4.86,1000,0,B,0,16:07:37.621
000931.SZ,09:59:12.160,95912160,15490563,5.05,2000,0,S,0,16:07:37.788
000931.SZ,09:59:12.180,95912180,15490686,5.09,400,0,B,0,16:07:37.788
000931.SZ,09:59:12.210,95912210,15490836,5.01,500,0,S,0,16:07:37.788
000931.SZ,09:59:12.280,95912280,15491213,5.02,100,0,B,0,16:07:37.788
000931.SZ,09:59:18.500,95918500,15518067,5.05,1000,0,S,0,16:07:38.276
000931.SZ,09:59:18.570,95918570,15518361,4.99,500,0,B,0,16:07:38.276
000931.SZ,09:59:19.210,95919210,15520702,5.01,1200,0,B,0,16:07:38.369
000931.SZ,09:59:19.280,95919280,15521192,5.05,200,0,S,0,16:07:38.369
000931.SZ,09:59:19.950,95919950,15524048,5.08,2000,0,S,0,16:07:38.369
000931.SZ,09:59:20.130,95920130,15524819,5.04,3700,0,S,0,16:07:38.369
000931.SZ,09:59:20.130,95920130,15524851,5.05,400,0,B,0,16:07:38.369
000931.SZ,09:59:22.620,95922620,15533424,5.04,10000,0,B,0,16:07:38.588
000931.SZ,09:59:22.870,95922870,15534169,5.0,100,0,B,0,16:07:38.588
000931.SZ,09:59:23.200,95923200,15535174,5.0,1000,0,B,0,16:07:38.700
000931.SZ,09:59:23.640,95923640,15536407,5.02,1000,0,B,0,16:07:38.700
000931.SZ,09:59:25.200,95925200,15541443,5.04,100,0,B,0,16:07:38.834
000931.SZ,09:59:26.210,95926210,15544716,5.04,100,0,B,0,16:07:38.834
000931.SZ,09:59:30.410,95930410,15559269,5.05,500,0,B,0,16:07:39.258
000931.SZ,09:59:30.440,95930440,15559514,5.05,400,0,B,0,16:07:39.258
000931.SZ,09:59:30.770,95930770,15561146,5.04,1100,0,B,0,16:07:39.258
000931.SZ,09:59:30.770,95930770,15561181,5.05,1100,0,B,0,16:07:39.258
000931.SZ,09:59:31.250,95931250,15563593,5.05,900,0,B,0,16:07:39.385
000931.SZ,09:59:31.250,95931250,15563608,5.05,900,0,B,0,16:07:39.385
000931.SZ,09:59:31.360,95931360,15564168,5.04,100,0,B,0,16:07:39.385
000931.SZ,09:59:31.360,95931360,15564191,5.05,100,0,B,0,16:07:39.385
000931.SZ,09:59:31.440,95931440,15564630,5.05,300,0,B,0,16:07:39.385
000931.SZ,09:59:32.160,95932160,15568244,5.06,2900,0,S,0,16:07:39.385
000931.SZ,09:59:32.240,95932240,15568683,5.05,4200,0,B,0,16:07:39.385
000931.SZ,09:59:32.330,95932330,15569113,5.05,1000,0,B,0,16:07:39.541
000931.SZ,09:59:32.750,95932750,15571246,5.05,400,0,S,0,16:07:39.541
000931.SZ,09:59:32.830,95932830,15571518,5.03,10000,0,B,0,16:07:39.541
000931.SZ,09:59:33.010,95933010,15572334,5.04,4000,0,B,0,16:07:39.541
000931.SZ,09:59:33.230,95933230,15573554,5.04,700,0,B,0,16:07:39.541
000931.SZ,09:59:33.230,95933230,15573555,5.04,300,0,B,0,16:07:39.541
000931.SZ,09:59:33.240,95933240,15573621,5.04,4700,0,B,0,16:07:39.541
000931.SZ,09:59:33.260,95933260,15573744,5.05,6400,0,B,0,16:07:39.541
000931.SZ,09:59:33.590,95933590,15575495,5.05,700,0,B,0,16:07:39.541
000931.SZ,09:59:33.590,95933590,15575512,5.05,400,0,B,0,16:07:39.541
000931.SZ,09:59:33.600,95933600,15575664,5.05,300,0,B,0,16:07:39.541
000931.SZ,09:59:33.930,95933930,15577151,5.05,1200,0,B,0,16:07:39.681
000931.SZ,09:59:33.940,95933940,15577191,5.05,300,0,B,0,16:07:39.681
000931.SZ,09:59:33.940,95933940,15577200,5.05,400,0,B,0,16:07:39.681
000931.SZ,09:59:33.940,95933940,15577201,5.05,100,0,B,0,16:07:39.681
000931.SZ,09:59:33.940,95933940,15577206,5.05,200,0,B,0,16:07:39.681
000931.SZ,09:59:33.950,95933950,15577255,5.05,100,0,B,0,16:07:39.681
000931.SZ,09:59:34.060,95934060,15577792,5.04,100,0,S,0,16:07:39.681
000931.SZ,09:59:34.230,95934230,15578644,5.05,6200,0,B,0,16:07:39.681
000931.SZ,09:59:34.680,95934680,15581121,5.03,1900,0,B,0,16:07:39.681
000931.SZ,09:59:35.240,95935240,15583785,5.05,600,0,B,0,16:07:39.818
000931.SZ,09:59:35.890,95935890,15586091,5.05,1200,0,B,0,16:07:39.818
000931.SZ,09:59:36.120,95936120,15587301,5.04,100,0,S,0,16:07:39.818
000931.SZ,09:59:36.220,95936220,15587719,5.05,600,0,B,0,16:07:39.818
000931.SZ,09:59:36.500,95936500,15589413,5.05,1400,0,B,0,16:07:39.818
000931.SZ,09:59:36.830,95936830,15591030,5.05,1000,0,B,0,16:07:40.005
000931.SZ,09:59:36.900,95936900,15591416,5.05,2000,0,S,0,16:07:40.005
000931.SZ,09:59:37.010,95937010,15591960,5.05,100,0,S,0,16:07:40.005
000931.SZ,09:59:37.300,95937300,15593656,5.06,100,0,B,0,16:07:40.005
000931.SZ,09:59:38.080,95938080,15597655,4.92,3000,0,B,0,16:07:40.005
000931.SZ,09:59:38.950,95938950,15600943,5.06,400,0,B,0,16:07:40.163
000931.SZ,09:59:38.990,95938990,15601070,4.99,400,0,B,0,16:07:40.163
000931.SZ,09:59:39.010,95939010,15601126,5.07,1000,0,S,0,16:07:40.163
000931.SZ,09:59:39.190,95939190,15601917,5.06,600,0,B,0,16:07:40.163
000931.SZ,09:59:39.460,95939460,15603199,5.06,300,0,B,0,16:07:40.163
000931.SZ,09:59:39.640,95939640,15604197,5.06,100,0,B,0,16:07:40.163
000931.SZ,09:59:41.180,95941180,15611813,5.05,200,0,B,0,16:07:40.352
000931.SZ,09:59:42.200,95942200,15615622,5.06,600,0,B,0,16:07:40.415
000931.SZ,09:59:42.830,95942830,15618216,5.06,5200,0,B,0,16:07:40.415
000931.SZ,09:59:42.850,95942850,15618258,5.06,3700,0,S,0,16:07:40.415
000931.SZ,09:59:42.860,95942860,15618283,5.03,500,0,B,0,16:07:40.525
000931.SZ,09:59:43.440,95943440,15620308,5.06,600,0,B,0,16:07:40.525
000931.SZ,09:59:44.100,95944100,15622711,5.06,1200,0,B,0,16:07:40.525
000931.SZ,09:59:45.330,95945330,15626537,5.05,400,0,B,0,16:07:40.649
000931.SZ,09:59:46.270,95946270,15629943,5.03,12700,0,B,0,16:07:40.769
000931.SZ,09:59:48.950,95948950,15639561,5.03,11100,0,B,0,16:07:40.926
000931.SZ,09:59:54.600,95954600,15658990,5.05,200,0,B,0,16:07:41.430
000931.SZ,09:59:55.050,95955050,15660727,5.05,1000,0,B,0,16:07:41.430
000931.SZ,09:59:55.370,95955370,15662210,5.06,23800,0,S,0,16:07:41.430
000931.SZ,09:59:55.370,95955370,15662221,5.06,600,0,B,0,16:07:41.430
000931.SZ,09:59:56.430,95956430,15665953,5.05,200,0,B,0,16:07:41.570
000931.SZ,09:59:56.440,95956440,15666009,5.06,200,0,S,0,16:07:41.570
000931.SZ,09:59:56.560,95956560,15666555,5.05,1900,0,S,0,16:07:41.570
000931.SZ,09:59:56.570,95956570,15666578,5.05,2500,0,S,0,16:07:41.570
000931.SZ,09:59:57.310,95957310,15669317,5.07,1300,0,S,0,16:07:41.696
000931.SZ,10:00:00.470,100000470,15682976,5.06,2300,0,S,0,16:07:42.002
000931.SZ,10:00:00.480,100000480,15682997,5.05,300,0,B,0,16:07:42.002
000931.SZ,10:00:00.480,100000480,15683008,5.07,2200,0,S,0,16:07:42.002
000931.SZ,10:00:00.490,100000490,15683036,5.08,2200,0,S,0,16:07:42.002
000931.SZ,10:00:00.580,100000580,15683723,5.06,10400,0,B,0,16:07:42.002
000931.SZ,10:00:01.530,100001530,15689923,5.05,100,0,S,0,16:07:42.223
000931.SZ,10:00:04.540,100004540,15704047,5.05,100,0,S,0,16:07:42.569
000931.SZ,10:00:05.680,100005680,15709414,5.03,8600,0,B,0,16:07:42.725
000931.SZ,10:00:08.850,100008850,15723475,5.06,100,0,S,0,16:07:42.861
000931.SZ,10:00:09.250,100009250,15725539,5.06,100,0,S,0,16:07:43.002
000931.SZ,10:00:09.270,100009270,15725642,5.06,100,0,S,0,16:07:43.002
000931.SZ,10:00:09.380,100009380,15726368,5.05,1600,0,S,0,16:07:43.002
000931.SZ,10:00:09.400,100009400,15726476,5.05,100,0,S,0,16:07:43.002
000931.SZ,10:00:09.610,100009610,15727568,5.05,1600,0,S,0,16:07:43.002
000931.SZ,10:00:09.830,100009830,15728729,5.06,300,0,S,0,16:07:43.002
000931.SZ,10:00:11.240,100011240,15735272,5.05,900,0,B,0,16:07:43.129
000931.SZ,10:00:11.590,100011590,15736394,5.05,1800,0,B,0,16:07:43.129
000931.SZ,10:00:11.590,100011590,15736424,5.05,700,0,B,0,16:07:43.129
000931.SZ,10:00:11.590,100011590,15736426,5.05,1500,0,B,0,16:07:43.129
000931.SZ,10:00:11.650,100011650,15736632,5.05,1000,0,B,0,16:07:43.129
000931.SZ,10:00:12.140,100012140,15738249,5.05,1000,0,B,0,16:07:43.254
000931.SZ,10:00:12.300,100012300,15739098,5.05,500,0,S,0,16:07:43.254
000931.SZ,10:00:12.420,100012420,15739568,5.05,100,0,S,0,16:07:43.254
000931.SZ,10:00:12.420,100012420,15739592,5.05,100,0,S,0,16:07:43.254
000931.SZ,10:00:12.430,100012430,15739622,5.05,800,0,S,0,16:07:43.254
000931.SZ,10:00:12.430,100012430,15739629,5.05,600,0,S,0,16:07:43.254
000931.SZ,10:00:12.430,100012430,15739632,5.06,100,0,S,0,16:07:43.254
000931.SZ,10:00:12.550,100012550,15740070,5.05,100,0,S,0,16:07:43.254
000931.SZ,10:00:13.810,100013810,15745234,5.02,500,0,S,0,16:07:43.365
000931.SZ,10:00:13.810,100013810,15745247,5.05,1000,0,S,0,16:07:43.365
000931.SZ,10:00:14.140,100014140,15746315,5.04,1000,0,B,0,16:07:43.475
000931.SZ,10:00:14.160,100014160,15746398,5.06,100,0,S,0,16:07:43.475
000931.SZ,10:00:14.730,100014730,15748771,5.09,2600,0,S,0,16:07:43.475
000931.SZ,10:00:14.760,100014760,15748859,5.05,200,0,B,0,16:07:43.475
000931.SZ,10:00:14.760,100014760,15748867,5.05,100,0,B,0,16:07:43.475
000931.SZ,10:00:14.770,100014770,15748927,5.05,100,0,B,0,16:07:43.475
000931.SZ,10:00:15.240,100015240,15751288,5.05,100,0,B,0,16:07:43.475
000931.SZ,10:00:15.270,100015270,15751460,5.05,200,0,B,0,16:07:43.631
000931.SZ,10:00:15.330,100015330,15751753,5.05,100,0,S,0,16:07:43.631
000931.SZ,10:00:16.550,100016550,15759002,5.05,100,0,S,0,16:07:43.796
000931.SZ,10:00:16.580,100016580,15759192,5.05,100,0,B,0,16:07:43.796
000931.SZ,10:00:16.580,100016580,15759202,5.05,100,0,B,0,16:07:43.796
000931.SZ,10:00:16.580,100016580,15759206,5.05,100,0,B,0,16:07:43.796
000931.SZ,10:00:16.580,100016580,15759211,5.05,100,0,B,0,16:07:43.796
000931.SZ,10:00:16.580,100016580,15759216,5.05,100,0,B,0,16:07:43.796
000931.SZ,10:00:16.580,100016580,15759217,5.05,200,0,B,0,16:07:43.796
000931.SZ,10:00:16.610,100016610,15759403,5.05,100,0,B,0,16:07:43.796
000931.SZ,10:00:18.230,100018230,15767054,5.05,100,0,B,0,16:07:43.970
000931.SZ,10:00:18.230,100018230,15767062,5.05,100,0,B,0,16:07:43.970
000931.SZ,10:00:18.290,100018290,15767319,5.05,100,0,B,0,16:07:43.970
000931.SZ,10:00:18.290,100018290,15767344,5.05,100,0,S,0,16:07:43.970
000931.SZ,10:00:20.580,100020580,15778830,5.06,1000,0,S,0,16:07:44.066
000931.SZ,10:00:20.690,100020690,15779344,5.04,100,0,B,0,16:07:44.066
000931.SZ,10:00:21.130,100021130,15781209,5.06,2400,0,S,0,16:07:44.258
000931.SZ,10:00:21.280,100021280,15782245,5.06,900,0,B,0,16:07:44.258
000931.SZ,10:00:21.350,100021350,15782534,5.05,100,0,S,0,16:07:44.258
000931.SZ,10:00:21.500,100021500,15783202,5.05,1000,0,S,0,16:07:44.258
000931.SZ,10:00:22.290,100022290,15787393,5.05,900,0,S,0,16:07:44.258
000931.SZ,10:00:22.290,100022290,15787422,5.04,1000,0,B,0,16:07:44.258
000931.SZ,10:00:22.320,100022320,15787491,5.05,100,0,S,0,16:07:44.258
000931.SZ,10:00:22.590,100022590,15789005,5.05,200,0,B,0,16:07:44.350
000931.SZ,10:00:24.200,100024200,15795810,5.05,100,0,B,0,16:07:44.504
000931.SZ,10:00:24.210,100024210,15795924,5.05,400,0,S,0,16:07:44.504
000931.SZ,10:00:24.240,100024240,15796029,5.05,700,0,B,0,16:07:44.504
000931.SZ,10:00:24.240,100024240,15796044,5.05,800,0,B,0,16:07:44.504
000931.SZ,10:00:24.260,100024260,15796197,5.05,500,0,B,0,16:07:44.504
000931.SZ,10:00:24.270,100024270,15796286,5.04,100,0,B,0,16:07:44.504
000931.SZ,10:00:24.550,100024550,15797500,5.05,100,0,S,0,16:07:44.504
000931.SZ,10:00:25.120,100025120,15800331,5.05,5000,0,B,0,16:07:44.504
000931.SZ,10:00:26.210,100026210,15805364,5.05,1900,0,B,0,16:07:44.629
000931.SZ,10:00:27.350,100027350,15810129,5.06,1900,0,S,0,16:07:44.786
000931.SZ,10:00:28.300,100028300,15814510,5.06,600,0,S,0,16:07:44.921
000931.SZ,10:00:28.540,100028540,15815817,5.05,100,0,S,0,16:07:44.921
000931.SZ,10:00:28.920,100028920,15817310,5.05,100,0,S,0,16:07:44.921
000931.SZ,10:00:30.380,100030380,15823482,5.05,100,0,S,0,16:07:45.032
000931.SZ,10:00:31.630,100031630,15830380,5.05,3800,0,S,0,16:07:45.157
000931.SZ,10:00:31.890,100031890,15831646,5.05,200,0,S,0,16:07:45.252
000931.SZ,10:00:32.860,100032860,15835902,5.01,500,0,B,0,16:07:45.252
000931.SZ,10:00:32.980,100032980,15836271,5.05,2000,0,B,0,16:07:45.252
000931.SZ,10:00:34.540,100034540,15844507,5.05,100,0,S,0,16:07:45.536
000931.SZ,10:00:40.530,100040530,15874702,5.05,100,0,S,0,16:07:46.141
000931.SZ,10:00:41.070,100041070,15877464,5.05,200,0,B,0,16:07:46.141
000931.SZ,10:00:44.720,100044720,15894804,5.06,100,0,S,0,16:07:46.519
000931.SZ,10:00:46.150,100046150,15903881,5.05,900,0,S,0,16:07:46.643
000931.SZ,10:00:46.190,100046190,15904141,5.05,100,0,B,0,16:07:46.643
000931.SZ,10:00:46.240,100046240,15904476,5.05,2400,0,S,0,16:07:46.643
000931.SZ,10:00:46.250,100046250,15904500,5.05,5900,0,S,0,16:07:46.643
000931.SZ,10:00:46.250,100046250,15904505,5.05,2200,0,S,0,16:07:46.643
000931.SZ,10:00:46.250,100046250,15904522,5.05,1600,0,B,0,16:07:46.643
000931.SZ,10:00:46.410,100046410,15905833,5.05,5400,0,S,0,16:07:46.643
000931.SZ,10:00:46.410,100046410,15905837,5.05,100,0,S,0,16:07:46.643
000931.SZ,10:00:46.420,100046420,15905838,5.05,100,0,S,0,16:07:46.643
000931.SZ,10:00:46.420,100046420,15905844,5.05,5500,0,S,0,16:07:46.643
000931.SZ,10:00:47.590,100047590,15911921,5.05,700,0,B,0,16:07:46.784
000931.SZ,10:00:47.600,100047600,15911935,5.04,1000,0,B,0,16:07:46.784
000931.SZ,10:00:47.620,100047620,15912031,5.08,1500,0,S,0,16:07:46.784
000931.SZ,10:00:47.710,100047710,15912363,5.05,100,0,S,0,16:07:46.784
000931.SZ,10:00:48.250,100048250,15914911,5.05,600,0,B,0,16:07:46.904
000931.SZ,10:00:48.500,100048500,15916292,5.04,100,0,S,0,16:07:46.904
000931.SZ,10:00:48.570,100048570,15916633,5.04,8800,0,B,0,16:07:46.904
000931.SZ,10:00:48.890,100048890,15917884,5.05,1300,0,S,0,16:07:46.904
000931.SZ,10:00:49.060,100049060,15918787,5.05,300,0,S,0,16:07:46.904
000931.SZ,10:00:49.250,100049250,15920055,5.04,4900,0,B,0,16:07:47.030
000931.SZ,10:00:49.500,100049500,15922317,5.05,1100,0,S,0,16:07:47.030
000931.SZ,10:00:49.500,100049500,15922321,5.05,1200,0,S,0,16:07:47.030
000931.SZ,10:00:49.530,100049530,15922439,5.05,100,0,S,0,16:07:47.030
000931.SZ,10:00:49.530,100049530,15922442,5.05,400,0,S,0,16:07:47.030
000931.SZ,10:00:49.530,100049530,15922447,5.05,100,0,S,0,16:07:47.030
000931.SZ,10:00:49.530,100049530,15922448,5.05,100,0,S,0,16:07:47.030
000931.SZ,10:00:49.530,100049530,15922449,5.05,1200,0,S,0,16:07:47.030
000931.SZ,10:00:49.530,100049530,15922452,5.05,600,0,S,0,16:07:47.030
000931.SZ,10:00:49.590,100049590,15922805,5.05,100,0,S,0,16:07:47.030
000931.SZ,10:00:49.590,100049590,15922823,5.05,1000,0,S,0,16:07:47.030
000931.SZ,10:00:49.590,100049590,15922835,5.05,1000,0,S,0,16:07:47.030
000931.SZ,10:00:49.590,100049590,15922851,5.05,200,0,S,0,16:07:47.030
000931.SZ,10:00:49.590,100049590,15922854,5.05,300,0,S,0,16:07:47.030
000931.SZ,10:00:49.600,100049600,15922862,5.05,1000,0,S,0,16:07:47.030
000931.SZ,10:00:49.600,100049600,15922908,5.05,1000,0,S,0,16:07:47.030
000931.SZ,10:00:49.610,100049610,15922938,5.05,1200,0,S,0,16:07:47.030
000931.SZ,10:00:49.760,100049760,15924076,5.05,1000,0,S,0,16:07:47.030
000931.SZ,10:00:50.130,100050130,15925630,5.0,1000,0,B,0,16:07:47.030
000931.SZ,10:00:54.000,100054000,15942167,5.04,9900,0,B,0,16:07:47.407
000931.SZ,10:00:54.040,100054040,15942385,5.05,2200,0,S,0,16:07:47.407
000931.SZ,10:00:54.050,100054050,15942413,5.07,2200,0,S,0,16:07:47.407
000931.SZ,10:00:54.180,100054180,15942912,5.05,300,0,S,0,16:07:47.407
000931.SZ,10:00:54.210,100054210,15943114,5.05,100,0,S,0,16:07:47.407
000931.SZ,10:00:54.210,100054210,15943121,5.05,100,0,S,0,16:07:47.407
000931.SZ,10:00:54.260,100054260,15943428,5.05,300,0,S,0,16:07:47.407
000931.SZ,10:00:54.280,100054280,15943601,5.05,100,0,S,0,16:07:47.407
000931.SZ,10:00:58.290,100058290,15961194,5.05,700,0,S,0,16:07:47.815
000931.SZ,10:01:01.120,100101120,15975444,5.03,1000,0,B,0,16:07:48.185
000931.SZ,10:01:01.130,100101130,15975538,5.05,200,0,S,0,16:07:48.185
000931.SZ,10:01:01.130,100101130,15975542,5.05,200,0,S,0,16:07:48.185
000931.SZ,10:01:04.260,100104260,15992410,5.05,100,0,S,0,16:07:48.533
000931.SZ,10:01:05.010,100105010,15996748,5.05,2400,0,S,0,16:07:48.641
000931.SZ,10:01:06.000,100106000,16000801,4.71,10400,0,B,0,16:07:48.823
000931.SZ,10:01:09.500,100109500,16017863,5.05,10400,0,B,0,16:07:49.069
000931.SZ,10:01:09.540,100109540,16018164,5.06,100,0,B,0,16:07:49.069
000931.SZ,10:01:10.140,100110140,16021242,5.1,300,0,S,0,16:07:49.178
000931.SZ,10:01:10.150,100110150,16021288,5.04,100,0,B,0,16:07:49.178
000931.SZ,10:01:10.150,100110150,16021301,5.05,100,0,B,0,16:07:49.178
000931.SZ,10:01:12.340,100112340,16031935,5.05,2200,0,S,0,16:07:49.398
000931.SZ,10:01:13.090,100113090,16035727,5.05,1100,0,S,0,16:07:49.398
000931.SZ,10:01:17.010,100117010,16057359,5.02,2400,0,S,0,16:07:49.974
000931.SZ,10:01:17.050,100117050,16057622,5.04,800,0,S,0,16:07:49.974
000931.SZ,10:01:17.090,100117090,16057995,5.05,100,0,S,0,16:07:49.974
000931.SZ,10:01:18.490,100118490,16065104,5.05,1000,0,S,0,16:07:50.130
000931.SZ,10:01:20.750,100120750,16079213,5.04,1000,0,S,0,16:07:50.350
000931.SZ,10:01:21.020,100121020,16080416,5.06,200,0,S,0,16:07:50.350
000931.SZ,10:01:24.400,100124400,16098213,5.1,1300,0,S,0,16:07:50.695
000931.SZ,10:01:24.410,100124410,16098236,5.05,100,0,S,0,16:07:50.695
000931.SZ,10:01:24.700,100124700,16100763,5.04,100,0,B,0,16:07:50.695
000931.SZ,10:01:26.770,100126770,16109096,5.04,500,0,B,0,16:07:50.973
000931.SZ,10:01:30.710,100130710,16126241,5.04,3600,0,S,0,16:07:51.239
000931.SZ,10:01:32.190,100132190,16132369,5.0,2000,0,B,0,16:07:51.365
000931.SZ,10:01:32.520,100132520,16133530,5.04,400,0,S,0,16:07:51.477
000931.SZ,10:01:33.600,100133600,16137999,5.04,100,0,B,0,16:07:51.477
000931.SZ,10:01:33.630,100133630,16138128,5.04,3000,0,B,0,16:07:51.477
000931.SZ,10:01:34.240,100134240,16140815,5.04,200,0,B,0,16:07:51.618
000931.SZ,10:01:34.400,100134400,16141380,5.03,1000,0,B,0,16:07:51.618
000931.SZ,10:01:42.520,100142520,16174683,5.05,1000,0,S,0,16:07:52.363
000931.SZ,10:01:44.490,100144490,16182730,5.05,700,0,S,0,16:07:52.491
000931.SZ,10:01:44.490,100144490,16182737,5.06,200,0,S,0,16:07:52.491
000931.SZ,10:01:45.330,100145330,16185542,5.04,100,0,S,0,16:07:52.491
000931.SZ,10:01:45.530,100145530,16186271,5.04,100,0,B,0,16:07:52.663
000931.SZ,10:01:45.550,100145550,16186361,5.05,300,0,S,0,16:07:52.663
000931.SZ,10:01:45.550,100145550,16186370,5.06,100,0,S,0,16:07:52.663
000931.SZ,10:01:45.840,100145840,16187544,5.04,200,0,B,0,16:07:52.663
000931.SZ,10:01:46.040,100146040,16188503,5.05,700,0,S,0,16:07:52.663
000931.SZ,10:01:46.040,100146040,16188520,5.06,200,0,S,0,16:07:52.663
000931.SZ,10:01:46.160,100146160,16189112,5.04,200,0,B,0,16:07:52.663
000931.SZ,10:01:46.260,100146260,16189586,5.04,100,0,B,0,16:07:52.663
000931.SZ,10:01:47.140,100147140,16193441,5.05,300,0,S,0,16:07:52.803
000931.SZ,10:01:47.150,100147150,16193471,5.06,100,0,S,0,16:07:52.803
000931.SZ,10:01:47.310,100147310,16194107,5.05,1200,0,S,0,16:07:52.803
000931.SZ,10:01:47.320,100147320,16194119,5.06,200,0,S,0,16:07:52.803
000931.SZ,10:01:47.340,100147340,16194171,5.05,100,0,S,0,16:07:52.803
000931.SZ,10:01:47.660,100147660,16195452,5.04,100,0,B,0,16:07:52.803
000931.SZ,10:01:47.720,100147720,16195624,5.05,300,0,S,0,16:07:52.803
000931.SZ,10:01:48.230,100148230,16198154,5.05,500,0,S,0,16:07:52.803
000931.SZ,10:01:49.180,100149180,16202372,5.03,600,0,S,0,16:07:52.898
000931.SZ,10:01:50.440,100150440,16209273,5.05,400,0,S,0,16:07:53.004
000931.SZ,10:01:51.160,100151160,16212497,5.05,1300,0,S,0,16:07:53.146
000931.SZ,10:01:51.270,100151270,16212992,5.04,2200,0,S,0,16:07:53.146
000931.SZ,10:01:51.310,100151310,16213274,5.04,1000,0,S,0,16:07:53.146
000931.SZ,10:01:51.330,100151330,16213398,5.05,2800,0,S,0,16:07:53.146
000931.SZ,10:01:51.380,100151380,16213666,5.04,100,0,S,0,16:07:53.146
000931.SZ,10:01:51.390,100151390,16213691,5.05,900,0,S,0,16:07:53.146
000931.SZ,10:01:51.540,100151540,16214773,5.04,400,0,B,0,16:07:53.146
000931.SZ,10:01:51.550,100151550,16214816,5.05,100,0,S,0,16:07:53.146
000931.SZ,10:01:51.550,100151550,16214817,5.05,100,0,S,0,16:07:53.146
000931.SZ,10:01:53.510,100153510,16228400,5.04,1800,0,S,0,16:07:53.368
000931.SZ,10:01:53.530,100153530,16228550,5.04,1200,0,S,0,16:07:53.368
000931.SZ,10:01:53.540,100153540,16228582,5.04,100,0,S,0,16:07:53.368
000931.SZ,10:01:53.550,100153550,16228614,5.04,800,0,S,0,16:07:53.368
000931.SZ,10:01:53.590,100153590,16228811,5.04,1000,0,S,0,16:07:53.368
000931.SZ,10:01:53.890,100153890,16229999,5.04,8200,0,S,0,16:07:53.368
000931.SZ,10:01:53.890,100153890,16230015,5.04,200,0,S,0,16:07:53.368
000931.SZ,10:01:53.890,100153890,16230017,5.04,2300,0,S,0,16:07:53.368
000931.SZ,10:01:53.890,100153890,16230019,5.04,900,0,S,0,16:07:53.368
000931.SZ,10:01:53.890,100153890,16230021,5.04,500,0,S,0,16:07:53.368
000931.SZ,10:01:53.890,100153890,16230023,5.04,1400,0,S,0,16:07:53.368
000931.SZ,10:01:53.890,100153890,16230026,5.04,3300,0,S,0,16:07:53.368
000931.SZ,10:01:53.890,100153890,16230029,5.04,1200,0,S,0,16:07:53.368
000931.SZ,10:01:53.890,100153890,16230033,5.04,500,0,S,0,16:07:53.368
000931.SZ,10:01:53.890,100153890,16230035,5.04,1900,0,S,0,16:07:53.368
000931.SZ,10:01:53.890,100153890,16230037,5.04,500,0,S,0,16:07:53.368
000931.SZ,10:01:53.890,100153890,16230041,5.04,3300,0,S,0,16:07:53.368
000931.SZ,10:01:53.890,100153890,16230043,5.04,2300,0,S,0,16:07:53.368
000931.SZ,10:01:53.890,100153890,16230045,5.04,1600,0,S,0,16:07:53.368
000931.SZ,10:01:53.890,100153890,16230047,5.04,600,0,S,0,16:07:53.368
000931.SZ,10:01:53.890,100153890,16230049,5.04,900,0,S,0,16:07:53.368
000931.SZ,10:01:53.890,100153890,16230051,5.04,700,0,S,0,16:07:53.368
000931.SZ,10:01:53.890,100153890,16230053,5.04,2800,0,S,0,16:07:53.368
000931.SZ,10:01:53.890,100153890,16230060,5.04,2300,0,S,0,16:07:53.368
000931.SZ,10:01:53.890,100153890,16230062,5.04,4000,0,S,0,16:07:53.368
000931.SZ,10:01:53.890,100153890,16230069,5.04,500,0,S,0,16:07:53.368
000931.SZ,10:01:53.890,100153890,16230071,5.04,2800,0,S,0,16:07:53.368
000931.SZ,10:01:53.890,100153890,16230073,5.04,2300,0,S,0,16:07:53.368
000931.SZ,10:01:53.890,100153890,16230075,5.04,700,0,S,0,16:07:53.368
000931.SZ,10:01:53.890,100153890,16230077,5.04,2900,0,S,0,16:07:53.368
000931.SZ,10:01:53.890,100153890,16230080,5.04,1900,0,S,0,16:07:53.368
000931.SZ,10:01:53.890,100153890,16230082,5.04,2100,0,S,0,16:07:53.368
000931.SZ,10:01:53.890,100153890,16230085,5.04,1500,0,S,0,16:07:53.368
000931.SZ,10:01:53.890,100153890,16230089,5.04,400,0,S,0,16:07:53.368
000931.SZ,10:01:53.890,100153890,16230091,5.04,2900,0,S,0,16:07:53.368
000931.SZ,10:01:53.890,100153890,16230093,5.04,3600,0,S,0,16:07:53.368
000931.SZ,10:01:53.890,100153890,16230095,5.04,2800,0,S,0,16:07:53.368
000931.SZ,10:01:53.890,100153890,16230102,5.04,500,0,S,0,16:07:53.368
000931.SZ,10:01:53.890,100153890,16230104,5.04,3000,0,S,0,16:07:53.368
000931.SZ,10:01:53.890,100153890,16230113,5.04,1600,0,S,0,16:07:53.368
000931.SZ,10:01:53.890,100153890,16230114,5.04,1400,0,S,0,16:07:53.368
000931.SZ,10:01:53.890,100153890,16230115,5.04,2400,0,S,0,16:07:53.368
000931.SZ,10:01:53.890,100153890,16230116,5.04,2400,0,S,0,16:07:53.368
000931.SZ,10:01:53.890,100153890,16230117,5.04,1800,0,S,0,16:07:53.368
000931.SZ,10:01:53.890,100153890,16230118,5.04,2600,0,S,0,16:07:53.368
000931.SZ,10:01:53.890,100153890,16230119,5.04,1700,0,S,0,16:07:53.368
000931.SZ,10:01:53.890,100153890,16230120,5.04,1900,0,S,0,16:07:53.368
000931.SZ,10:01:53.890,100153890,16230121,5.04,1400,0,S,0,16:07:53.368
000931.SZ,10:01:53.890,100153890,16230122,5.04,2700,0,S,0,16:07:53.368
000931.SZ,10:01:53.890,100153890,16230123,5.04,2900,0,S,0,16:07:53.368
000931.SZ,10:01:53.890,100153890,16230124,5.04,1400,0,S,0,16:07:53.368
000931.SZ,10:01:53.890,100153890,16230125,5.04,2100,0,S,0,16:07:53.368
000931.SZ,10:01:53.890,100153890,16230128,5.04,4500,0,S,0,16:07:53.368
000931.SZ,10:01:53.890,100153890,16230143,5.04,8800,0,S,0,16:07:53.368
000931.SZ,10:01:53.890,100153890,16230144,5.04,8400,0,S,0,16:07:53.368
000931.SZ,10:01:53.890,100153890,16230145,5.05,3100,0,S,0,16:07:53.368
000931.SZ,10:01:53.890,100153890,16230146,5.04,6000,0,S,0,16:07:53.368
000931.SZ,10:01:53.890,100153890,16230147,5.04,500,0,S,0,16:07:53.368
000931.SZ,10:01:53.890,100153890,16230148,5.04,12500,0,S,0,16:07:53.368
000931.SZ,10:01:53.890,100153890,16230149,5.04,10700,0,S,0,16:07:53.368
000931.SZ,10:01:53.890,100153890,16230153,5.04,500,0,S,0,16:07:53.368
000931.SZ,10:01:53.900,100153900,16230160,5.04,3900,0,S,0,16:07:53.368
000931.SZ,10:01:53.900,100153900,16230162,5.04,6000,0,S,0,16:07:53.368
000931.SZ,10:01:53.900,100153900,16230165,5.03,100,0,S,0,16:07:53.368
000931.SZ,10:01:53.900,100153900,16230167,5.03,100,0,S,0,16:07:53.368
000931.SZ,10:01:53.900,100153900,16230171,5.03,200,0,S,0,16:07:53.368
000931.SZ,10:01:53.900,100153900,16230173,5.03,300,0,S,0,16:07:53.368
000931.SZ,10:01:53.900,100153900,16230177,5.04,5300,0,S,0,16:07:53.368
000931.SZ,10:01:53.900,100153900,16230178,5.04,9600,0,S,0,16:07:53.368
000931.SZ,10:01:53.900,100153900,16230183,5.04,200,0,S,0,16:07:53.368
000931.SZ,10:01:53.900,100153900,16230189,5.04,300,0,S,0,16:07:53.368
000931.SZ,10:01:53.900,100153900,16230195,5.04,25400,0,S,0,16:07:53.368
000931.SZ,10:01:53.900,100153900,16230212,5.04,400,0,S,0,16:07:53.368
000931.SZ,10:01:53.920,100153920,16230244,5.04,900,0,S,0,16:07:53.368
000931.SZ,10:01:53.920,100153920,16230247,5.04,100,0,S,0,16:07:53.368
000931.SZ,10:01:53.940,100153940,16230308,5.04,8500,0,S,0,16:07:53.368
000931.SZ,10:01:53.990,100153990,16230539,5.04,3900,0,S,0,16:07:53.368
000931.SZ,10:01:54.270,100154270,16232544,5.01,13200,0,B,0,16:07:53.478
000931.SZ,10:01:54.280,100154280,16232602,5.03,12000,0,B,0,16:07:53.478
000931.SZ,10:01:54.320,100154320,16232860,5.04,2600,0,S,0,16:07:53.478
000931.SZ,10:01:54.440,100154440,16233490,5.04,100,0,S,0,16:07:53.478
000931.SZ,10:01:54.450,100154450,16233626,5.04,100,0,S,0,16:07:53.478
000931.SZ,10:01:54.460,100154460,16233701,5.04,100,0,S,0,16:07:53.478
000931.SZ,10:01:54.500,100154500,16233866,5.03,100,0,B,0,16:07:53.478
000931.SZ,10:01:55.110,100155110,16237283,5.04,1000,0,S,0,16:07:53.478
000931.SZ,10:01:55.320,100155320,16238466,5.03,300,0,S,0,16:07:53.600
000931.SZ,10:01:56.010,100156010,16242662,5.04,400,0,S,0,16:07:53.600
000931.SZ,10:01:56.520,100156520,16245072,5.03,500,0,S,0,16:07:53.600
000931.SZ,10:01:56.590,100156590,16245417,5.03,300,0,S,0,16:07:53.600
000931.SZ,10:01:56.850,100156850,16246344,5.03,100,0,S,0,16:07:53.692
000931.SZ,10:01:57.300,100157300,16248372,5.03,100,0,B,0,16:07:53.692
000931.SZ,10:01:57.460,100157460,16249308,5.04,200,0,S,0,16:07:53.692
000931.SZ,10:01:57.630,100157630,16250797,5.03,100,0,S,0,16:07:53.692
000931.SZ,10:01:57.660,100157660,16250944,5.03,100,0,S,0,16:07:53.692
000931.SZ,10:01:58.640,100158640,16256496,5.04,600,0,S,0,16:07:53.849
000931.SZ,10:01:58.720,100158720,16256978,5.04,3900,0,S,0,16:07:53.849
000931.SZ,10:01:59.730,100159730,16262383,5.04,900,0,S,0,16:07:53.849
000931.SZ,10:02:00.630,100200630,16267386,5.04,200,0,S,0,16:07:54.061
000931.SZ,10:02:00.700,100200700,16268048,5.04,600,0,S,0,16:07:54.220
000931.SZ,10:02:00.850,100200850,16269084,5.03,100,0,S,0,16:07:54.220
000931.SZ,10:02:01.250,100201250,16271950,4.9,1000,0,B,0,16:07:54.220
000931.SZ,10:02:01.740,100201740,16275912,5.04,3900,0,S,0,16:07:54.375
000931.SZ,10:02:01.760,100201760,16275975,5.03,100,0,S,0,16:07:54.375
000931.SZ,10:02:03.240,100203240,16283534,5.04,100,0,S,0,16:07:54.375
000931.SZ,10:02:03.240,100203240,16283535,5.04,100,0,S,0,16:07:54.375
000931.SZ,10:02:03.270,100203270,16283689,5.04,300,0,S,0,16:07:54.375
000931.SZ,10:02:03.300,100203300,16283817,5.04,100,0,S,0,16:07:54.375
000931.SZ,10:02:03.850,100203850,16286929,5.04,200,0,S,0,16:07:54.517
000931.SZ,10:02:05.760,100205760,16296034,5.04,200,0,S,0,16:07:54.691
000931.SZ,10:02:09.630,100209630,16314207,5.04,2300,0,S,0,16:07:55.060
000931.SZ,10:02:09.640,100209640,16314253,5.06,2200,0,S,0,16:07:55.060
000931.SZ,10:02:11.050,100211050,16320383,5.04,600,0,S,0,16:07:55.217
000931.SZ,10:02:11.110,100211110,16320746,4.95,200,0,B,0,16:07:55.217
000931.SZ,10:02:13.560,100213560,16330862,5.03,500,0,B,0,16:07:55.423
000931.SZ,10:02:15.000,100215000,16336398,5.03,2500,0,B,0,16:07:55.517
000931.SZ,10:02:15.200,100215200,16337221,5.04,500,0,S,0,16:07:55.517
000931.SZ,10:02:17.530,100217530,16347324,5.04,900,0,S,0,16:07:55.830
000931.SZ,10:02:19.150,100219150,16355380,5.03,12700,0,B,0,16:07:55.924
000931.SZ,10:02:21.610,100221610,16366405,5.04,3400,0,B,0,16:07:56.184
000931.SZ,10:02:21.610,100221610,16366428,5.03,100,0,B,0,16:07:56.184
000931.SZ,10:02:23.870,100223870,16375628,5.03,100,0,B,0,16:07:56.452
000931.SZ,10:02:24.250,100224250,16377070,5.04,300,0,B,0,16:07:56.452
000931.SZ,10:02:24.250,100224250,16377072,5.04,200,0,B,0,16:07:56.452
000931.SZ,10:02:24.800,100224800,16379232,5.03,100,0,S,0,16:07:56.452
000931.SZ,10:02:24.810,100224810,16379261,5.04,100,0,B,0,16:07:56.452
000931.SZ,10:02:24.810,100224810,16379263,5.04,100,0,B,0,16:07:56.452
000931.SZ,10:02:24.830,100224830,16379332,5.04,100,0,B,0,16:07:56.452
000931.SZ,10:02:25.270,100225270,16381196,4.98,1000,0,B,0,16:07:56.609
000931.SZ,10:02:25.290,100225290,16381263,5.01,11200,0,B,0,16:07:56.609
000931.SZ,10:02:25.920,100225920,16384392,5.03,100,0,S,0,16:07:56.609
000931.SZ,10:02:25.930,100225930,16384409,5.03,100,0,B,0,16:07:56.609
000931.SZ,10:02:26.720,100226720,16387912,5.03,500,0,B,0,16:07:56.609
000931.SZ,10:02:27.270,100227270,16390118,5.03,200,0,B,0,16:07:56.766
000931.SZ,10:02:27.700,100227700,16392417,5.03,200,0,B,0,16:07:56.766
000931.SZ,10:02:27.950,100227950,16393296,5.04,100,0,S,0,16:07:56.766
000931.SZ,10:02:28.810,100228810,16398013,5.04,500,0,S,0,16:07:56.877
000931.SZ,10:02:28.940,100228940,16398420,5.04,500,0,S,0,16:07:56.877
000931.SZ,10:02:29.000,100229000,16398746,5.02,1000,0,B,0,16:07:56.877
000931.SZ,10:02:31.740,100231740,16412107,5.03,100,0,S,0,16:07:57.168
000931.SZ,10:02:34.740,100234740,16426059,5.04,100,0,S,0,16:07:57.388
000931.SZ,10:02:38.370,100238370,16441384,5.18,3000,0,S,0,16:07:57.751
000931.SZ,10:02:41.120,100241120,16453070,5.03,400,0,B,0,16:07:58.057
000931.SZ,10:02:45.330,100245330,16470171,4.98,1000,0,B,0,16:07:58.340
000931.SZ,10:02:48.420,100248420,16483335,5.04,100,0,B,0,16:07:58.607
000931.SZ,10:02:52.870,100252870,16502452,5.0,1400,0,S,0,16:07:58.983
000931.SZ,10:02:54.290,100254290,16508431,5.0,7000,0,B,0,16:07:59.088
000931.SZ,10:02:54.900,100254900,16511572,5.03,100,0,B,0,16:07:59.198
000931.SZ,10:03:00.080,100300080,16534504,5.04,200,0,S,0,16:07:59.778
000931.SZ,10:03:04.790,100304790,16557767,5.03,400,0,S,0,16:08:00.290
000931.SZ,10:03:05.660,100305660,16561473,5.04,800,0,S,0,16:08:00.290
000931.SZ,10:03:06.630,100306630,16565993,5.1,400,0,S,0,16:08:00.446
000931.SZ,10:03:10.150,100310150,16581230,5.02,100,0,B,0,16:08:00.714
000931.SZ,10:03:14.810,100314810,16598669,5.0,1000,0,B,0,16:08:01.151
000931.SZ,10:03:15.860,100315860,16603259,5.05,1900,0,S,0,16:08:01.272
000931.SZ,10:03:20.400,100320400,16621994,5.04,2000,0,B,0,16:08:01.655
000931.SZ,10:03:21.050,100321050,16624673,5.05,1700,0,S,0,16:08:01.655
000931.SZ,10:03:21.730,100321730,16627458,5.03,9000,0,S,0,16:08:01.796
000931.SZ,10:03:22.840,100322840,16632441,5.04,1100,0,S,0,16:08:01.936
000931.SZ,10:03:23.800,100323800,16635831,5.03,100,0,B,0,16:08:01.936
000931.SZ,10:03:23.950,100323950,16636245,5.03,100,0,S,0,16:08:01.936
000931.SZ,10:03:24.860,100324860,16640515,5.03,200,0,B,0,16:08:02.056
000931.SZ,10:03:24.870,100324870,16640546,5.03,800,0,S,0,16:08:02.056
000931.SZ,10:03:25.840,100325840,16644352,5.0,1500,0,S,0,16:08:02.182
000931.SZ,10:03:26.630,100326630,16647234,5.03,400,0,B,0,16:08:02.182
000931.SZ,10:03:26.930,100326930,16648274,5.04,800,0,S,0,16:08:02.182
000931.SZ,10:03:27.280,100327280,16649523,5.03,200,0,B,0,16:08:02.307
000931.SZ,10:03:27.290,100327290,16649619,5.04,3200,0,S,0,16:08:02.307
000931.SZ,10:03:27.780,100327780,16652421,5.03,100,0,B,0,16:08:02.307
000931.SZ,10:03:28.770,100328770,16657821,5.03,500,0,S,0,16:08:02.418
000931.SZ,10:03:28.890,100328890,16658423,5.03,500,0,B,0,16:08:02.418
000931.SZ,10:03:29.020,100329020,16658770,5.03,100,0,B,0,16:08:02.418
000931.SZ,10:03:29.290,100329290,16659855,5.03,100,0,S,0,16:08:02.418
000931.SZ,10:03:29.890,100329890,16662398,5.03,1000,0,S,0,16:08:02.544
000931.SZ,10:03:30.510,100330510,16666606,5.03,1200,0,S,0,16:08:02.544
000931.SZ,10:03:30.520,100330520,16666615,5.04,1800,0,S,0,16:08:02.544
000931.SZ,10:03:30.560,100330560,16667047,5.03,100,0,S,0,16:08:02.544
000931.SZ,10:03:30.560,100330560,16667079,5.03,100,0,S,0,16:08:02.544
000931.SZ,10:03:30.560,100330560,16667090,5.03,400,0,S,0,16:08:02.544
000931.SZ,10:03:30.560,100330560,16667096,5.03,100,0,S,0,16:08:02.544
000931.SZ,10:03:30.560,100330560,16667118,5.03,600,0,S,0,16:08:02.544
000931.SZ,10:03:30.600,100330600,16667277,5.03,100,0,S,0,16:08:02.544
000931.SZ,10:03:30.600,100330600,16667279,5.03,200,0,S,0,16:08:02.544
000931.SZ,10:03:30.600,100330600,16667281,5.03,1000,0,S,0,16:08:02.544
000931.SZ,10:03:30.600,100330600,16667289,5.03,300,0,S,0,16:08:02.544
000931.SZ,10:03:30.600,100330600,16667294,5.03,1000,0,S,0,16:08:02.544
000931.SZ,10:03:30.600,100330600,16667306,5.04,3000,0,S,0,16:08:02.544
000931.SZ,10:03:30.600,100330600,16667314,5.03,100,0,S,0,16:08:02.544
000931.SZ,10:03:30.600,100330600,16667318,5.03,1000,0,S,0,16:08:02.544
000931.SZ,10:03:30.600,100330600,16667321,5.03,1200,0,S,0,16:08:02.544
000931.SZ,10:03:30.620,100330620,16667436,5.03,2100,0,B,0,16:08:02.544
000931.SZ,10:03:30.770,100330770,16668504,5.03,1000,0,S,0,16:08:02.716
000931.SZ,10:03:31.540,100331540,16673940,5.03,2800,0,S,0,16:08:02.716
000931.SZ,10:03:31.570,100331570,16674312,5.03,900,0,S,0,16:08:02.716
000931.SZ,10:03:32.070,100332070,16677282,5.04,1000,0,S,0,16:08:02.889
000931.SZ,10:03:32.550,100332550,16679905,5.02,400,0,B,0,16:08:02.889
000931.SZ,10:03:32.660,100332660,16680583,5.03,1000,0,S,0,16:08:02.889
000931.SZ,10:03:32.890,100332890,16681362,5.03,2000,0,S,0,16:08:02.889
000931.SZ,10:03:33.020,100333020,16681745,5.03,400,0,B,0,16:08:02.889
000931.SZ,10:03:33.190,100333190,16682893,5.03,2200,0,S,0,16:08:02.889
000931.SZ,10:03:33.190,100333190,16682896,5.03,1900,0,S,0,16:08:02.889
000931.SZ,10:03:33.200,100333200,16682965,5.03,49900,0,S,0,16:08:02.889
000931.SZ,10:03:33.200,100333200,16683017,5.03,1900,0,S,0,16:08:02.889
000931.SZ,10:03:33.200,100333200,16683038,5.03,3400,0,S,0,16:08:02.889
000931.SZ,10:03:33.210,100333210,16683101,5.03,300,0,S,0,16:08:02.889
000931.SZ,10:03:33.210,100333210,16683107,5.03,500,0,S,0,16:08:02.889
000931.SZ,10:03:33.210,100333210,16683116,5.03,200,0,S,0,16:08:02.889
000931.SZ,10:03:33.780,100333780,16686096,5.03,100,0,S,0,16:08:02.889
000931.SZ,10:03:33.780,100333780,16686097,5.03,100,0,S,0,16:08:02.889
000931.SZ,10:03:33.780,100333780,16686104,5.03,100,0,S,0,16:08:02.889
000931.SZ,10:03:33.780,100333780,16686112,5.03,100,0,S,0,16:08:02.889
000931.SZ,10:03:33.940,100333940,16686882,5.03,200,0,S,0,16:08:03.070
000931.SZ,10:03:33.950,100333950,16686895,5.03,3900,0,S,0,16:08:03.070
000931.SZ,10:03:34.090,100334090,16688136,5.03,1500,0,S,0,16:08:03.070
000931.SZ,10:03:34.150,100334150,16688596,5.01,800,0,B,0,16:08:03.070
000931.SZ,10:03:34.400,100334400,16690252,5.03,1100,0,S,0,16:08:03.070
000931.SZ,10:03:35.250,100335250,16695121,5.02,100,0,S,0,16:08:03.070
000931.SZ,10:03:35.970,100335970,16698236,5.03,2000,0,B,0,16:08:03.212
000931.SZ,10:03:36.080,100336080,16698806,5.03,200,0,B,0,16:08:03.212
000931.SZ,10:03:36.140,100336140,16699057,5.02,200,0,S,0,16:08:03.212
000931.SZ,10:03:36.320,100336320,16700060,5.03,300,0,B,0,16:08:03.212
000931.SZ,10:03:36.390,100336390,16700570,5.03,3600,0,S,0,16:08:03.212
000931.SZ,10:03:36.910,100336910,16703202,5.02,400,0,S,0,16:08:03.324
000931.SZ,10:03:37.860,100337860,16708283,5.02,100,0,S,0,16:08:03.418
000931.SZ,10:03:37.870,100337870,16708304,5.02,100,0,S,0,16:08:03.418
000931.SZ,10:03:38.230,100338230,16709842,5.02,300,0,S,0,16:08:03.418
000931.SZ,10:03:38.430,100338430,16710752,5.0,2000,0,B,0,16:08:03.418
000931.SZ,10:03:38.470,100338470,16710874,5.03,400,0,S,0,16:08:03.418
000931.SZ,10:03:38.890,100338890,16712400,5.0,100,0,B,0,16:08:03.418
000931.SZ,10:03:39.140,100339140,16713347,5.02,500,0,S,0,16:08:03.560
000931.SZ,10:03:39.190,100339190,16713615,5.03,1000,0,S,0,16:08:03.560
000931.SZ,10:03:39.190,100339190,16713616,5.02,100,0,B,0,16:08:03.560
000931.SZ,10:03:39.190,100339190,16713642,5.03,100,0,S,0,16:08:03.560
000931.SZ,10:03:39.190,100339190,16713645,5.03,100,0,S,0,16:08:03.560
000931.SZ,10:03:39.240,100339240,16713845,5.03,100,0,S,0,16:08:03.560
000931.SZ,10:03:39.240,100339240,16713880,5.03,300,0,S,0,16:08:03.560
000931.SZ,10:03:39.350,100339350,16714235,5.03,2200,0,S,0,16:08:03.560
000931.SZ,10:03:39.360,100339360,16714302,5.05,2200,0,S,0,16:08:03.560
000931.SZ,10:03:39.650,100339650,16715737,5.02,100,0,S,0,16:08:03.560
000931.SZ,10:03:40.860,100340860,16722350,5.03,100,0,S,0,16:08:03.685
000931.SZ,10:03:40.910,100340910,16722537,5.04,100,0,S,0,16:08:03.685
000931.SZ,10:03:41.230,100341230,16723719,5.03,100,0,S,0,16:08:03.685
000931.SZ,10:03:41.600,100341600,16725416,5.03,100,0,B,0,16:08:03.685
000931.SZ,10:03:41.630,100341630,16725625,5.03,300,0,B,0,16:08:03.685
000931.SZ,10:03:41.870,100341870,16726958,5.04,100,0,S,0,16:08:03.858
000931.SZ,10:03:42.140,100342140,16728051,5.03,100,0,S,0,16:08:03.858
000931.SZ,10:03:42.370,100342370,16729329,5.04,1600,0,S,0,16:08:03.858
000931.SZ,10:03:43.050,100343050,16732069,5.03,100,0,S,0,16:08:03.858
000931.SZ,10:03:43.080,100343080,16732277,5.03,2000,0,S,0,16:08:03.858
000931.SZ,10:03:45.380,100345380,16741821,5.03,100,0,S,0,16:08:04.167
000931.SZ,10:03:45.780,100345780,16743857,5.03,1000,0,S,0,16:08:04.167
000931.SZ,10:03:45.790,100345790,16743904,5.03,1100,0,S,0,16:08:04.167
000931.SZ,10:03:46.090,100346090,16745304,5.03,1000,0,S,0,16:08:04.167
000931.SZ,10:03:47.080,100347080,16749960,5.03,1100,0,S,0,16:08:04.291
000931.SZ,10:03:47.710,100347710,16752075,5.02,100,0,B,0,16:08:04.291
000931.SZ,10:03:51.010,100351010,16765614,5.03,100,0,S,0,16:08:04.559
000931.SZ,10:03:51.020,100351020,16765626,5.02,100,0,B,0,16:08:04.559
000931.SZ,10:03:51.660,100351660,16768512,5.01,1000,0,B,0,16:08:04.559
000931.SZ,10:03:54.600,100354600,16780632,5.02,100,0,B,0,16:08:04.857
000931.SZ,10:03:58.000,100358000,16794118,5.03,800,0,S,0,16:08:05.117
000931.SZ,10:03:58.140,100358140,16794748,5.02,500,0,B,0,16:08:05.117
000931.SZ,10:03:58.210,100358210,16795067,5.03,800,0,B,0,16:08:05.117
000931.SZ,10:03:58.620,100358620,16796649,5.03,100,0,B,0,16:08:05.274
000931.SZ,10:04:03.180,100403180,16816695,5.03,300,0,S,0,16:08:05.792
000931.SZ,10:04:03.180,100403180,16816696,5.03,100,0,S,0,16:08:05.792
000931.SZ,10:04:03.590,100403590,16818953,5.03,300,0,B,0,16:08:05.792
000931.SZ,10:04:03.620,100403620,16819097,5.08,2000,0,S,0,16:08:05.792
000931.SZ,10:04:04.320,100404320,16822878,5.06,100,0,B,0,16:08:05.965
000931.SZ,10:04:04.440,100404440,16823481,5.01,1000,0,B,0,16:08:05.965
000931.SZ,10:04:06.620,100406620,16833853,5.04,1800,0,B,0,16:08:06.132
000931.SZ,10:04:09.260,100409260,16846004,5.03,200,0,B,0,16:08:06.320
000931.SZ,10:04:09.260,100409260,16846010,5.03,300,0,B,0,16:08:06.320
000931.SZ,10:04:09.260,100409260,16846020,5.02,300,0,B,0,16:08:06.320
000931.SZ,10:04:13.410,100413410,16863553,5.02,900,0,B,0,16:08:06.651
000931.SZ,10:04:13.840,100413840,16865450,5.0,500,0,B,0,16:08:06.776
000931.SZ,10:04:14.330,100414330,16867212,5.0,1100,0,B,0,16:08:06.776
000931.SZ,10:04:15.200,100415200,16870625,5.03,200,0,B,0,16:08:06.776
000931.SZ,10:04:15.210,100415210,16870709,5.03,800,0,B,0,16:08:06.776
000931.SZ,10:04:15.460,100415460,16871887,5.03,2000,0,B,0,16:08:06.932
000931.SZ,10:04:15.840,100415840,16873427,5.02,600,0,B,0,16:08:06.932
000931.SZ,10:04:15.850,100415850,16873442,5.03,100,0,B,0,16:08:06.932
000931.SZ,10:04:18.220,100418220,16883532,5.02,100,0,B,0,16:08:07.042
000931.SZ,10:04:18.220,100418220,16883536,5.03,400,0,B,0,16:08:07.042
000931.SZ,10:04:18.540,100418540,16885122,5.03,1000,0,S,0,16:08:07.194
000931.SZ,10:04:20.860,100420860,16894591,5.02,100,0,S,0,16:08:07.288
000931.SZ,10:04:20.870,100420870,16894606,5.03,300,0,B,0,16:08:07.288
000931.SZ,10:04:21.330,100421330,16896630,5.03,500,0,B,0,16:08:07.288
000931.SZ,10:04:21.610,100421610,16898251,5.03,1900,0,B,0,16:08:07.414
000931.SZ,10:04:21.630,100421630,16898382,5.02,200,0,S,0,16:08:07.414
000931.SZ,10:04:21.980,100421980,16900055,5.02,100,0,S,0,16:08:07.414
000931.SZ,10:04:22.380,100422380,16901919,5.01,2500,0,B,0,16:08:07.414
000931.SZ,10:04:23.890,100423890,16908290,5.02,200,0,B,0,16:08:07.555
000931.SZ,10:04:24.280,100424280,16910008,5.03,100,0,B,0,16:08:07.555
000931.SZ,10:04:27.220,100427220,16921664,5.02,600,0,B,0,16:08:07.774
000931.SZ,10:04:28.880,100428880,16928578,5.02,100,0,B,0,16:08:08.041
000931.SZ,10:04:29.660,100429660,16932235,5.03,10000,0,B,0,16:08:08.041
000931.SZ,10:04:29.670,100429670,16932267,5.03,700,0,B,0,16:08:08.041
000931.SZ,10:04:29.670,100429670,16932269,0.0,100,1,B,0,16:08:08.041
000931.SZ,10:04:29.670,100429670,16932274,5.03,300,0,B,0,16:08:08.041
000931.SZ,10:04:29.740,100429740,16932484,5.01,2000,0,B,0,16:08:08.041
000931.SZ,10:04:30.200,100430200,16934089,5.04,1300,0,S,0,16:08:08.041
000931.SZ,10:04:30.310,100430310,16934569,5.03,300,0,B,0,16:08:08.041
000931.SZ,10:04:30.310,100430310,16934571,5.02,800,0,B,0,16:08:08.041
000931.SZ,10:04:30.310,100430310,16934573,5.02,100,0,B,0,16:08:08.041
000931.SZ,10:04:30.310,100430310,16934578,5.03,400,0,B,0,16:08:08.041
000931.SZ,10:04:30.310,100430310,16934585,5.03,300,0,B,0,16:08:08.041
000931.SZ,10:04:30.310,100430310,16934596,5.03,200,0,B,0,16:08:08.041
000931.SZ,10:04:30.310,100430310,16934648,5.03,1200,0,B,0,16:08:08.041
000931.SZ,10:04:30.340,100430340,16934847,5.03,100,0,B,0,16:08:08.041
000931.SZ,10:04:30.340,100430340,16934849,5.03,200,0,B,0,16:08:08.041
000931.SZ,10:04:30.340,100430340,16934851,5.03,200,0,B,0,16:08:08.041
000931.SZ,10:04:30.370,100430370,16934955,5.03,1200,0,S,0,16:08:08.041
000931.SZ,10:04:30.540,100430540,16935646,5.02,100,0,B,0,16:08:08.177
000931.SZ,10:04:30.710,100430710,16936283,5.02,200,0,B,0,16:08:08.177
000931.SZ,10:04:30.710,100430710,16936284,5.02,200,0,B,0,16:08:08.177
000931.SZ,10:04:30.710,100430710,16936285,5.02,200,0,B,0,16:08:08.177
000931.SZ,10:04:30.710,100430710,16936303,5.02,200,0,B,0,16:08:08.177
000931.SZ,10:04:31.120,100431120,16938175,5.03,200,0,B,0,16:08:08.177
000931.SZ,10:04:31.130,100431130,16938182,5.03,100,0,B,0,16:08:08.177
000931.SZ,10:04:31.130,100431130,16938184,5.03,100,0,B,0,16:08:08.177
000931.SZ,10:04:31.680,100431680,16940974,5.03,100,0,B,0,16:08:08.177
000931.SZ,10:04:32.000,100432000,16942267,5.02,100,0,B,0,16:08:08.304
000931.SZ,10:04:32.040,100432040,16942481,5.03,100,0,B,0,16:08:08.304
000931.SZ,10:04:32.150,100432150,16942982,5.03,400,0,S,0,16:08:08.304
000931.SZ,10:04:32.500,100432500,16944497,5.03,2700,0,B,0,16:08:08.304
000931.SZ,10:04:32.500,100432500,16944512,5.03,500,0,B,0,16:08:08.304
000931.SZ,10:04:32.500,100432500,16944515,5.03,300,0,B,0,16:08:08.304
000931.SZ,10:04:32.720,100432720,16945266,5.03,100,0,B,0,16:08:08.304
000931.SZ,10:04:32.840,100432840,16945641,5.02,200,0,B,0,16:08:08.304
000931.SZ,10:04:32.840,100432840,16945642,5.02,400,0,B,0,16:08:08.304
000931.SZ,10:04:32.840,100432840,16945643,5.02,900,0,B,0,16:08:08.304
000931.SZ,10:04:32.840,100432840,16945653,5.03,300,0,B,0,16:08:08.304
000931.SZ,10:04:32.840,100432840,16945659,5.02,400,0,B,0,16:08:08.304
000931.SZ,10:04:32.840,100432840,16945661,5.02,300,0,B,0,16:08:08.304
000931.SZ,10:04:32.840,100432840,16945664,5.02,200,0,B,0,16:08:08.304
000931.SZ,10:04:32.840,100432840,16945667,5.02,100,0,B,0,16:08:08.304
000931.SZ,10:04:33.070,100433070,16946471,5.03,400,0,B,0,16:08:08.304
000931.SZ,10:04:33.080,100433080,16946490,5.03,100,0,B,0,16:08:08.304
000931.SZ,10:04:33.080,100433080,16946491,5.03,100,0,B,0,16:08:08.304
000931.SZ,10:04:33.080,100433080,16946492,5.03,100,0,B,0,16:08:08.304
000931.SZ,10:04:33.080,100433080,16946493,5.03,200,0,B,0,16:08:08.304
000931.SZ,10:04:33.080,100433080,16946494,5.03,100,0,B,0,16:08:08.304
000931.SZ,10:04:33.080,100433080,16946497,5.03,100,0,B,0,16:08:08.304
000931.SZ,10:04:33.080,100433080,16946498,5.03,100,0,B,0,16:08:08.304
000931.SZ,10:04:33.080,100433080,16946499,5.03,100,0,B,0,16:08:08.304
000931.SZ,10:04:33.080,100433080,16946500,5.03,100,0,B,0,16:08:08.304
000931.SZ,10:04:33.080,100433080,16946501,5.03,100,0,B,0,16:08:08.304
000931.SZ,10:04:33.080,100433080,16946502,5.03,100,0,B,0,16:08:08.304
000931.SZ,10:04:33.080,100433080,16946503,5.03,100,0,B,0,16:08:08.304
000931.SZ,10:04:33.080,100433080,16946504,5.03,100,0,B,0,16:08:08.304
000931.SZ,10:04:33.080,100433080,16946505,5.03,100,0,B,0,16:08:08.304
000931.SZ,10:04:33.080,100433080,16946506,5.03,200,0,B,0,16:08:08.304
000931.SZ,10:04:33.080,100433080,16946507,5.03,100,0,B,0,16:08:08.304
000931.SZ,10:04:33.080,100433080,16946508,5.03,100,0,B,0,16:08:08.304
000931.SZ,10:04:33.080,100433080,16946509,5.03,100,0,B,0,16:08:08.304
000931.SZ,10:04:33.080,100433080,16946510,5.03,100,0,B,0,16:08:08.304
000931.SZ,10:04:33.080,100433080,16946512,5.03,100,0,B,0,16:08:08.304
000931.SZ,10:04:33.080,100433080,16946521,5.03,200,0,B,0,16:08:08.304
000931.SZ,10:04:33.080,100433080,16946522,5.03,100,0,B,0,16:08:08.304
000931.SZ,10:04:33.100,100433100,16946561,5.03,100,0,B,0,16:08:08.304
000931.SZ,10:04:33.100,100433100,16946573,5.03,100,0,B,0,16:08:08.304
000931.SZ,10:04:33.100,100433100,16946581,5.03,100,0,B,0,16:08:08.304
000931.SZ,10:04:33.120,100433120,16946635,5.03,100,0,B,0,16:08:08.304
000931.SZ,10:04:33.150,100433150,16946772,5.04,200,0,S,0,16:08:08.304
000931.SZ,10:04:33.250,100433250,16947249,5.03,900,0,S,0,16:08:08.304
000931.SZ,10:04:33.400,100433400,16947938,5.03,300,0,B,0,16:08:08.304
000931.SZ,10:04:33.530,100433530,16948690,5.03,1000,0,S,0,16:08:08.304
000931.SZ,10:04:33.540,100433540,16948710,5.03,200,0,B,0,16:08:08.304
000931.SZ,10:04:33.540,100433540,16948711,5.04,3100,0,S,0,16:08:08.304
000931.SZ,10:04:33.540,100433540,16948712,5.03,100,0,B,0,16:08:08.304
000931.SZ,10:04:33.590,100433590,16949272,5.03,100,0,B,0,16:08:08.492
000931.SZ,10:04:33.660,100433660,16949562,5.04,100,0,B,0,16:08:08.492
000931.SZ,10:04:33.850,100433850,16950217,5.03,100,0,S,0,16:08:08.492
000931.SZ,10:04:35.560,100435560,16958508,5.03,100,0,S,0,16:08:08.492
000931.SZ,10:04:35.750,100435750,16959281,5.04,400,0,B,0,16:08:08.665
000931.SZ,10:04:37.120,100437120,16965316,5.01,8000,0,B,0,16:08:08.665
000931.SZ,10:04:37.120,100437120,16965333,5.03,100,0,B,0,16:08:08.665
000931.SZ,10:04:39.290,100439290,16974730,5.0,500,0,B,0,16:08:08.932
000931.SZ,10:04:39.460,100439460,16975484,5.03,100,0,S,0,16:08:08.932
000931.SZ,10:04:39.860,100439860,16977078,5.03,100,0,B,0,16:08:08.932
000931.SZ,10:04:39.890,100439890,16977221,5.04,100,0,B,0,16:08:08.932
000931.SZ,10:04:40.000,100440000,16977801,5.03,100,0,B,0,16:08:08.932
000931.SZ,10:04:40.190,100440190,16978777,5.04,100,0,B,0,16:08:08.932
000931.SZ,10:04:41.210,100441210,16983496,5.03,300,0,B,0,16:08:09.103
000931.SZ,10:04:42.280,100442280,16988771,5.03,33700,0,B,0,16:08:09.103
000931.SZ,10:04:42.640,100442640,16990578,5.03,500,0,B,0,16:08:09.208
000931.SZ,10:04:42.990,100442990,16991995,5.03,10000,0,B,0,16:08:09.208
000931.SZ,10:04:45.330,100445330,17002440,5.03,100,0,B,0,16:08:09.443
000931.SZ,10:04:51.300,100451300,17028900,5.05,3500,0,S,0,16:08:10.009
000931.SZ,10:04:55.100,100455100,17046727,5.03,200,0,B,0,16:08:10.322
000931.SZ,10:04:55.160,100455160,17046949,5.11,3100,0,S,0,16:08:10.322
000931.SZ,10:04:56.180,100456180,17051594,5.03,100,0,B,0,16:08:10.417
000931.SZ,10:04:56.230,100456230,17051785,5.04,200,0,S,0,16:08:10.417
000931.SZ,10:04:57.580,100457580,17057028,5.0,10000,0,B,0,16:08:10.573
000931.SZ,10:05:01.390,100501390,17072794,5.04,1100,0,S,0,16:08:10.996
000931.SZ,10:05:01.710,100501710,17074192,5.04,500,0,S,0,16:08:10.996
000931.SZ,10:05:03.230,100503230,17080542,5.04,500,0,S,0,16:08:11.090
000931.SZ,10:05:05.460,100505460,17091325,5.03,100,0,B,0,16:08:11.369
000931.SZ,10:05:05.460,100505460,17091329,5.03,100,0,B,0,16:08:11.369
000931.SZ,10:05:06.570,100506570,17095961,5.0,300,0,B,0,16:08:11.510
000931.SZ,10:05:12.060,100512060,17118232,5.04,100,0,S,0,16:08:11.918
000931.SZ,10:05:12.080,100512080,17118277,5.04,400,0,S,0,16:08:11.918
000931.SZ,10:05:14.170,100514170,17126874,5.08,5000,0,S,0,16:08:12.164
000931.SZ,10:05:26.750,100526750,17181796,5.03,200,0,B,0,16:08:13.195
000931.SZ,10:05:29.450,100529450,17191805,0.0,2900,U,S,0,16:08:13.350
000931.SZ,10:05:35.260,100535260,17215807,5.03,600,0,B,0,16:08:13.932
000931.SZ,10:05:35.680,100535680,17217419,5.03,200,0,B,0,16:08:13.932
000931.SZ,10:05:36.180,100536180,17219071,5.03,400,0,B,0,16:08:13.932
000931.SZ,10:05:36.250,100536250,17219292,5.03,500,0,B,0,16:08:13.932
000931.SZ,10:05:36.610,100536610,17221173,5.03,1000,0,B,0,16:08:14.041
000931.SZ,10:05:39.060,100539060,17229633,5.03,2000,0,B,0,16:08:14.171
000931.SZ,10:05:40.700,100540700,17236792,5.12,300,0,S,0,16:08:14.318
000931.SZ,10:05:43.610,100543610,17249023,5.03,1200,0,B,0,16:08:14.631
000931.SZ,10:05:46.610,100546610,17261137,5.03,1100,0,B,0,16:08:14.961
000931.SZ,10:05:46.630,100546630,17261200,5.04,1400,0,S,0,16:08:14.961
000931.SZ,10:05:49.060,100549060,17269934,5.0,1300,0,S,0,16:08:15.118
000931.SZ,10:05:51.310,100551310,17278680,5.04,100,0,S,0,16:08:15.222
000931.SZ,10:05:51.810,100551810,17280719,5.04,1200,0,S,0,16:08:15.222
000931.SZ,10:05:53.590,100553590,17288455,5.0,1000,0,B,0,16:08:15.489
000931.SZ,10:05:54.300,100554300,17291802,5.03,100,0,B,0,16:08:15.489
000931.SZ,10:05:55.730,100555730,17297804,5.05,300,0,B,0,16:08:15.615
000931.SZ,10:05:57.710,100557710,17305610,5.03,100,0,B,0,16:08:15.740
000931.SZ,10:06:00.610,100600610,17316404,5.03,600,0,B,0,16:08:16.195
000931.SZ,10:06:02.600,100602600,17325015,5.04,100,0,S,0,16:08:16.331
000931.SZ,10:06:04.250,100604250,17331494,5.03,1000,0,B,0,16:08:16.568
000931.SZ,10:06:04.620,100604620,17333648,5.03,1100,0,B,0,16:08:16.568
000931.SZ,10:06:06.560,100606560,17343422,5.03,1600,0,B,0,16:08:16.678
000931.SZ,10:06:06.610,100606610,17343701,5.03,600,0,B,0,16:08:16.803
000931.SZ,10:06:10.060,100610060,17359487,5.04,1000,0,B,0,16:08:17.025
000931.SZ,10:06:10.060,100610060,17359499,5.04,3100,0,S,0,16:08:17.025
000931.SZ,10:06:10.070,100610070,17359560,5.03,8300,0,B,0,16:08:17.025
000931.SZ,10:06:10.140,100610140,17359843,5.04,100,0,B,0,16:08:17.025
000931.SZ,10:06:11.470,100611470,17366536,5.03,200,0,B,0,16:08:17.180
000931.SZ,10:06:12.190,100612190,17368808,5.04,200,0,B,0,16:08:17.180
000931.SZ,10:06:12.190,100612190,17368810,5.03,800,0,B,0,16:08:17.180
000931.SZ,10:06:12.630,100612630,17370475,5.03,500,0,B,0,16:08:17.323
000931.SZ,10:06:12.860,100612860,17371183,5.04,100,0,B,0,16:08:17.323
000931.SZ,10:06:13.470,100613470,17373730,5.04,700,0,B,0,16:08:17.323
000931.SZ,10:06:13.470,100613470,17373733,5.04,1200,0,B,0,16:08:17.323
000931.SZ,10:06:13.470,100613470,17373747,5.03,600,0,B,0,16:08:17.323
000931.SZ,10:06:13.640,100613640,17374735,5.04,1100,0,B,0,16:08:17.323
000931.SZ,10:06:13.700,100613700,17375061,5.03,400,0,B,0,16:08:17.432
000931.SZ,10:06:13.710,100613710,17375097,5.04,100,0,B,0,16:08:17.432
000931.SZ,10:06:13.710,100613710,17375099,5.04,100,0,B,0,16:08:17.432
000931.SZ,10:06:13.880,100613880,17375729,5.05,100,0,S,0,16:08:17.432
000931.SZ,10:06:13.900,100613900,17375802,5.04,100,0,B,0,16:08:17.432
000931.SZ,10:06:14.540,100614540,17378007,5.04,100,0,B,0,16:08:17.432
000931.SZ,10:06:15.290,100615290,17380757,5.04,100,0,B,0,16:08:17.605
000931.SZ,10:06:15.320,100615320,17380896,5.04,300,0,B,0,16:08:17.605
000931.SZ,10:06:15.760,100615760,17382907,5.04,3000,0,S,0,16:08:17.605
000931.SZ,10:06:16.670,100616670,17387319,5.04,100,0,B,0,16:08:17.605
000931.SZ,10:06:18.260,100618260,17393518,5.15,2500,0,S,0,16:08:17.793
000931.SZ,10:06:21.020,100621020,17406626,5.03,100,0,S,0,16:08:18.037
000931.SZ,10:06:21.180,100621180,17407398,5.03,200,0,B,0,16:08:18.037
000931.SZ,10:06:23.440,100623440,17416998,5.06,10000,0,S,0,16:08:18.252
000931.SZ,10:06:23.540,100623540,17417322,5.04,100,0,S,0,16:08:18.252
000931.SZ,10:06:23.540,100623540,17417323,5.04,100,0,S,0,16:08:18.252
000931.SZ,10:06:23.540,100623540,17417355,5.04,100,0,S,0,16:08:18.252
000931.SZ,10:06:23.550,100623550,17417375,5.04,200,0,S,0,16:08:18.252
000931.SZ,10:06:23.550,100623550,17417380,5.04,200,0,S,0,16:08:18.252
000931.SZ,10:06:24.600,100624600,17421020,5.03,100,0,B,0,16:08:18.252
000931.SZ,10:06:24.780,100624780,17421776,5.04,300,0,S,0,16:08:18.323
000931.SZ,10:06:27.770,100627770,17433161,5.03,200,0,B,0,16:08:18.378
000931.SZ,10:06:30.710,100630710,17443713,5.03,300,0,S,0,16:08:18.520
000931.SZ,10:06:30.800,100630800,17444252,5.04,100,0,S,0,16:08:18.520
000931.SZ,10:06:30.890,100630890,17444530,5.04,100,0,S,0,16:08:18.520
000931.SZ,10:06:31.200,100631200,17445567,4.98,2000,0,B,0,16:08:18.520
000931.SZ,10:06:34.690,100634690,17458436,5.03,400,0,S,0,16:08:18.773
000931.SZ,10:06:35.200,100635200,17459995,5.04,100,0,S,0,16:08:18.898
000931.SZ,10:06:36.810,100636810,17465360,5.04,100,0,S,0,16:08:19.002
000931.SZ,10:06:36.820,100636820,17465372,5.04,100,0,S,0,16:08:19.002
000931.SZ,10:06:37.960,100637960,17469180,5.04,100,0,S,0,16:08:19.002
000931.SZ,10:06:38.050,100638050,17469532,5.04,100,0,S,0,16:08:19.002
000931.SZ,10:06:38.150,100638150,17469908,5.04,100,0,S,0,16:08:19.159
000931.SZ,10:06:38.160,100638160,17469913,5.04,100,0,S,0,16:08:19.159
000931.SZ,10:06:38.160,100638160,17469917,5.04,100,0,S,0,16:08:19.159
000931.SZ,10:06:38.160,100638160,17469921,5.04,100,0,S,0,16:08:19.159
000931.SZ,10:06:38.270,100638270,17470259,5.03,300,0,B,0,16:08:19.159
000931.SZ,10:06:39.400,100639400,17473488,5.03,600,0,B,0,16:08:19.159
000931.SZ,10:06:39.850,100639850,17474956,5.04,100,0,S,0,16:08:19.159
000931.SZ,10:06:42.480,100642480,17483437,5.04,100,0,S,0,16:08:19.319
000931.SZ,10:06:43.250,100643250,17486786,5.04,200,0,S,0,16:08:19.445
000931.SZ,10:06:43.730,100643730,17488556,5.04,100,0,S,0,16:08:19.445
000931.SZ,10:06:44.030,100644030,17489355,5.04,6100,0,S,0,16:08:19.445
000931.SZ,10:06:46.160,100646160,17495836,5.03,580,0,S,0,16:08:19.617
000931.SZ,10:06:46.910,100646910,17498679,5.02,5000,0,B,0,16:08:19.822
000931.SZ,10:06:46.970,100646970,17498885,5.04,100,0,S,0,16:08:19.822
000931.SZ,10:06:50.030,100650030,17511014,5.04,100,0,S,0,16:08:19.988
000931.SZ,10:06:50.550,100650550,17512878,4.9,100,0,B,0,16:08:20.080
000931.SZ,10:06:53.780,100653780,17527267,5.02,1000,0,B,0,16:08:20.336
000931.SZ,10:06:56.970,100656970,17539108,5.03,100,0,B,0,16:08:20.667
000931.SZ,10:06:58.540,100658540,17545562,5.03,2100,0,B,0,16:08:20.824
000931.SZ,10:07:00.480,100700480,17551662,5.04,1000,0,S,0,16:08:20.824
000931.SZ,10:07:01.390,100701390,17555591,5.03,1000,0,B,0,16:08:21.193
000931.SZ,10:07:01.610,100701610,17556376,5.04,1000,0,B,0,16:08:21.193
000931.SZ,10:07:01.610,100701610,17556410,5.04,3100,0,S,0,16:08:21.193
000931.SZ,10:07:02.350,100702350,17559077,5.02,500,0,B,0,16:08:21.193
000931.SZ,10:07:02.350,100702350,17559083,5.04,400,0,S,0,16:08:21.193
000931.SZ,10:07:04.070,100704070,17565297,5.04,100,0,B,0,16:08:21.337
000931.SZ,10:07:04.570,100704570,17567711,5.03,3000,0,S,0,16:08:21.337
000931.SZ,10:07:06.910,100706910,17575009,5.04,2500,0,S,0,16:08:21.606
000931.SZ,10:07:07.900,100707900,17578217,5.03,100,0,B,0,16:08:21.606
000931.SZ,10:07:08.420,100708420,17579733,5.03,1000,0,B,0,16:08:21.778
000931.SZ,10:07:10.850,100710850,17587316,5.03,200,0,B,0,16:08:21.872
000931.SZ,10:07:16.410,100716410,17605090,5.03,700,0,B,0,16:08:22.282
000931.SZ,10:07:17.090,100717090,17607428,5.03,5000,0,S,0,16:08:22.402
000931.SZ,10:07:18.610,100718610,17612746,5.03,100,0,B,0,16:08:22.402
000931.SZ,10:07:22.980,100722980,17629847,5.0,26800,0,B,0,16:08:22.903
000931.SZ,10:07:24.200,100724200,17633940,5.03,100,0,B,0,16:08:22.903
000931.SZ,10:07:24.700,100724700,17635849,5.03,100,0,B,0,16:08:22.903
000931.SZ,10:07:26.330,100726330,17642903,4.96,1000,0,B,0,16:08:23.055
000931.SZ,10:07:29.260,100729260,17653281,5.03,1000,0,B,0,16:08:23.325
000931.SZ,10:07:31.200,100731200,17660188,5.03,100,0,B,0,16:08:23.481
000931.SZ,10:07:33.270,100733270,17667808,5.03,4000,0,B,0,16:08:23.608
000931.SZ,10:07:33.880,100733880,17670599,5.02,100,0,B,0,16:08:23.733
000931.SZ,10:07:35.500,100735500,17677073,4.7,19400,0,B,0,16:08:23.857
000931.SZ,10:07:37.630,100737630,17685551,5.03,600,0,B,0,16:08:23.975
000931.SZ,10:07:42.420,100742420,17703563,5.03,600,0,B,0,16:08:24.416
000931.SZ,10:07:46.400,100746400,17721500,5.03,2000,0,S,0,16:08:24.809
000931.SZ,10:07:46.400,100746400,17721551,5.04,1700,0,S,0,16:08:24.809
000931.SZ,10:07:49.330,100749330,17732054,5.1,500,0,S,0,16:08:24.935
000931.SZ,10:07:54.800,100754800,17753913,5.03,100,0,B,0,16:08:25.445
000931.SZ,10:07:55.560,100755560,17757252,5.03,3300,0,S,0,16:08:25.588
000931.SZ,10:07:55.640,100755640,17757525,5.04,100,0,S,0,16:08:25.588
000931.SZ,10:07:56.650,100756650,17762447,5.03,200,0,B,0,16:08:25.588
000931.SZ,10:07:59.050,100759050,17774345,5.03,1500,0,B,0,16:08:25.887
000931.SZ,10:08:00.270,100800270,17779892,5.03,100,0,S,0,16:08:26.153
000931.SZ,10:08:04.560,100804560,17802999,5.03,1000,0,B,0,16:08:26.634
000931.SZ,10:08:04.970,100804970,17804665,5.03,2500,0,B,0,16:08:26.634
000931.SZ,10:08:04.990,100804990,17804727,5.04,200,0,S,0,16:08:26.634
000931.SZ,10:08:05.230,100805230,17806338,5.03,600,0,S,0,16:08:26.634
000931.SZ,10:08:06.810,100806810,17813174,5.03,2000,0,B,0,16:08:26.837
000931.SZ,10:08:07.410,100807410,17815891,5.04,1100,0,S,0,16:08:26.837
000931.SZ,10:08:10.390,100810390,17829701,4.99,1500,0,B,0,16:08:27.136
000931.SZ,10:08:12.180,100812180,17838830,5.03,2000,0,B,0,16:08:27.230
000931.SZ,10:08:12.480,100812480,17840462,4.99,5000,0,B,0,16:08:27.365
000931.SZ,10:08:12.890,100812890,17842349,5.0,1100,0,B,0,16:08:27.365
000931.SZ,10:08:14.190,100814190,17848475,5.03,2000,0,S,0,16:08:27.474
000931.SZ,10:08:14.600,100814600,17850073,4.7,10500,0,B,0,16:08:27.553
000931.SZ,10:08:15.630,100815630,17854385,5.01,100,0,B,0,16:08:27.694
000931.SZ,10:08:16.710,100816710,17859957,5.0,500,0,S,0,16:08:27.798
000931.SZ,10:08:16.740,100816740,17860197,5.04,100,0,B,0,16:08:27.798
000931.SZ,10:08:16.740,100816740,17860199,5.04,100,0,B,0,16:08:27.798
000931.SZ,10:08:16.740,100816740,17860229,5.04,100,0,B,0,16:08:27.798
000931.SZ,10:08:16.750,100816750,17860278,5.04,100,0,B,0,16:08:27.798
000931.SZ,10:08:16.750,100816750,17860280,5.04,100,0,B,0,16:08:27.798
000931.SZ,10:08:16.750,100816750,17860299,5.04,100,0,B,0,16:08:27.798
000931.SZ,10:08:16.780,100816780,17860359,5.04,100,0,B,0,16:08:27.798
000931.SZ,10:08:16.890,100816890,17860822,5.03,400,0,B,0,16:08:27.798
000931.SZ,10:08:22.500,100822500,17882735,5.12,100,0,B,0,16:08:28.358
000931.SZ,10:08:22.510,100822510,17882757,5.03,100,0,B,0,16:08:28.358
000931.SZ,10:08:22.510,100822510,17882758,5.03,100,0,B,0,16:08:28.358
000931.SZ,10:08:22.510,100822510,17882759,5.03,100,0,B,0,16:08:28.358
000931.SZ,10:08:22.510,100822510,17882760,5.03,100,0,B,0,16:08:28.358
000931.SZ,10:08:22.510,100822510,17882763,5.03,100,0,B,0,16:08:28.358
000931.SZ,10:08:22.510,100822510,17882764,5.03,100,0,B,0,16:08:28.358
000931.SZ,10:08:22.510,100822510,17882765,5.03,100,0,B,0,16:08:28.358
000931.SZ,10:08:22.510,100822510,17882766,5.03,100,0,B,0,16:08:28.358
000931.SZ,10:08:23.730,100823730,17887071,5.0,10000,0,B,0,16:08:28.358
000931.SZ,10:08:24.340,100824340,17889097,5.03,600,0,B,0,16:08:28.358
000931.SZ,10:08:27.200,100827200,17899389,5.03,100,0,B,0,16:08:28.691
000931.SZ,10:08:30.900,100830900,17919663,4.59,1000,0,B,0,16:08:28.957
000931.SZ,10:08:31.860,100831860,17926781,5.01,100,0,S,0,16:08:29.144
000931.SZ,10:08:33.480,100833480,17936308,5.03,100,0,S,0,16:08:29.435
000931.SZ,10:08:33.550,100833550,17936926,5.04,54800,0,S,0,16:08:29.435
000931.SZ,10:08:34.530,100834530,17944159,5.03,600,0,S,0,16:08:29.435
000931.SZ,10:08:36.610,100836610,17954395,5.0,500,0,S,0,16:08:29.672
000931.SZ,10:08:36.710,100836710,17955310,5.03,100,0,S,0,16:08:29.672
000931.SZ,10:08:37.520,100837520,17960351,5.03,100,0,S,0,16:08:29.814
000931.SZ,10:08:37.540,100837540,17960460,5.04,200,0,S,0,16:08:29.814
000931.SZ,10:08:37.670,100837670,17961242,5.04,6000,0,S,0,16:08:29.814
000931.SZ,10:08:37.840,100837840,17962076,5.02,100,0,B,0,16:08:29.814
000931.SZ,10:08:38.090,100838090,17963491,5.0,9800,0,S,0,16:08:29.814
000931.SZ,10:08:38.090,100838090,17963501,5.03,2400,0,S,0,16:08:29.814
000931.SZ,10:08:38.120,100838120,17963587,5.03,800,0,S,0,16:08:29.814
000931.SZ,10:08:38.120,100838120,17963594,5.03,1400,0,S,0,16:08:29.814
000931.SZ,10:08:38.910,100838910,17966609,5.03,6100,0,S,0,16:08:29.893
000931.SZ,10:08:38.920,100838920,17966677,5.03,2500,0,S,0,16:08:29.893
000931.SZ,10:08:38.920,100838920,17966680,5.03,10700,0,S,0,16:08:29.893
000931.SZ,10:08:38.920,100838920,17966708,5.03,1300,0,S,0,16:08:29.893
000931.SZ,10:08:38.920,100838920,17966711,5.03,8100,0,S,0,16:08:29.893
000931.SZ,10:08:38.930,100838930,17966741,5.03,500,0,S,0,16:08:29.893
000931.SZ,10:08:38.930,100838930,17966746,5.03,100,0,S,0,16:08:29.893
000931.SZ,10:08:38.930,100838930,17966748,5.03,1200,0,S,0,16:08:29.893
000931.SZ,10:08:38.930,100838930,17966755,5.03,22700,0,S,0,16:08:29.893
000931.SZ,10:08:38.930,100838930,17966786,5.03,300,0,S,0,16:08:29.893
000931.SZ,10:08:38.930,100838930,17966787,5.03,500,0,S,0,16:08:29.893
000931.SZ,10:08:38.930,100838930,17966788,5.03,300,0,S,0,16:08:29.893
000931.SZ,10:08:38.930,100838930,17966789,5.03,500,0,S,0,16:08:29.893
000931.SZ,10:08:38.930,100838930,17966790,5.03,100,0,S,0,16:08:29.893
000931.SZ,10:08:38.930,100838930,17966793,5.03,3100,0,S,0,16:08:29.893
000931.SZ,10:08:38.930,100838930,17966794,5.03,100,0,S,0,16:08:29.893
000931.SZ,10:08:38.930,100838930,17966797,5.03,4300,0,S,0,16:08:29.893
000931.SZ,10:08:38.930,100838930,17966800,5.03,400,0,S,0,16:08:29.893
000931.SZ,10:08:38.930,100838930,17966803,5.03,200,0,S,0,16:08:29.893
000931.SZ,10:08:38.930,100838930,17966807,5.03,400,0,S,0,16:08:29.893
000931.SZ,10:08:38.930,100838930,17966809,5.03,400,0,S,0,16:08:29.893
000931.SZ,10:08:38.930,100838930,17966810,5.03,3900,0,S,0,16:08:29.893
000931.SZ,10:08:38.940,100838940,17966813,5.02,200,0,S,0,16:08:29.893
000931.SZ,10:08:38.940,100838940,17966822,5.02,400,0,S,0,16:08:29.893
000931.SZ,10:08:38.940,100838940,17966826,5.03,200,0,S,0,16:08:29.893
000931.SZ,10:08:38.980,100838980,17966922,5.03,8500,0,S,0,16:08:29.893
000931.SZ,10:08:39.000,100839000,17966953,5.03,200,0,S,0,16:08:29.893
000931.SZ,10:08:39.010,100839010,17967014,5.03,900,0,S,0,16:08:29.893
000931.SZ,10:08:39.010,100839010,17967021,5.03,2500,0,S,0,16:08:29.893
000931.SZ,10:08:39.350,100839350,17968524,5.03,1100,0,S,0,16:08:29.893
000931.SZ,10:08:39.810,100839810,17970554,5.03,100,0,S,0,16:08:29.987
000931.SZ,10:08:39.830,100839830,17970611,5.03,200,0,S,0,16:08:29.987
000931.SZ,10:08:40.800,100840800,17976671,5.04,2000,0,S,0,16:08:30.112
000931.SZ,10:08:40.860,100840860,17976933,5.02,1500,0,B,0,16:08:30.112
000931.SZ,10:08:40.950,100840950,17977223,5.03,2000,0,S,0,16:08:30.112
000931.SZ,10:08:42.050,100842050,17981397,5.03,100,0,S,0,16:08:30.285
000931.SZ,10:08:42.330,100842330,17982984,5.03,1000,0,S,0,16:08:30.285
000931.SZ,10:08:42.450,100842450,17983818,5.03,1700,0,S,0,16:08:30.285
000931.SZ,10:08:42.490,100842490,17983977,5.19,12000,0,S,0,16:08:30.285
000931.SZ,10:08:45.760,100845760,17998355,5.03,500,0,S,0,16:08:30.576
000931.SZ,10:08:47.800,100847800,18006524,5.03,8900,0,S,0,16:08:30.695
000931.SZ,10:08:51.080,100851080,18019848,5.03,100,0,S,0,16:08:31.023
000931.SZ,10:08:51.120,100851120,18020022,5.03,200,0,S,0,16:08:31.023
000931.SZ,10:08:51.120,100851120,18020029,5.03,400,0,S,0,16:08:31.023
000931.SZ,10:08:51.120,100851120,18020030,5.03,200,0,S,0,16:08:31.023
000931.SZ,10:08:51.120,100851120,18020039,5.03,200,0,S,0,16:08:31.023
000931.SZ,10:08:53.200,100853200,18028336,5.61,30000,0,S,0,16:08:31.181
000931.SZ,10:08:54.320,100854320,18032907,5.03,1100,0,S,0,16:08:31.259
000931.SZ,10:08:54.320,100854320,18032935,5.05,1100,0,S,0,16:08:31.259
000931.SZ,10:09:02.160,100902160,18065318,5.03,500,0,S,0,16:08:32.149
000931.SZ,10:09:02.230,100902230,18065572,5.03,200,0,S,0,16:08:32.149
000931.SZ,10:09:03.040,100903040,18068723,5.03,300,0,B,0,16:08:32.149
000931.SZ,10:09:07.280,100907280,18088337,5.02,6100,0,S,0,16:08:32.487
000931.SZ,10:09:07.290,100907290,18088352,5.03,3100,0,S,0,16:08:32.487
000931.SZ,10:09:10.280,100910280,18102668,4.99,13500,0,B,0,16:08:32.804
000931.SZ,10:09:12.220,100912220,18111905,5.0,1000,0,S,0,16:08:32.928
000931.SZ,10:09:12.230,100912230,18111927,5.03,1700,0,S,0,16:08:32.928
000931.SZ,10:09:14.050,100914050,18120941,4.96,50000,0,B,0,16:08:33.070
000931.SZ,10:09:16.790,100916790,18133419,5.02,300,0,S,0,16:08:33.350
000931.SZ,10:09:17.230,100917230,18135104,5.03,800,0,S,0,16:08:33.504
000931.SZ,10:09:17.650,100917650,18136666,5.02,300,0,B,0,16:08:33.504
000931.SZ,10:09:22.030,100922030,18153573,5.03,600,0,S,0,16:08:33.788
000931.SZ,10:09:24.320,100924320,18161101,5.02,1400,0,S,0,16:08:34.086
000931.SZ,10:09:32.010,100932010,18189412,5.02,100,0,S,0,16:08:34.550
000931.SZ,10:09:33.960,100933960,18197923,5.02,300,0,B,0,16:08:34.771
000931.SZ,10:09:34.000,100934000,18198010,5.02,200,0,S,0,16:08:34.771
000931.SZ,10:09:35.270,100935270,18203114,5.02,1000,0,B,0,16:08:34.850
000931.SZ,10:09:35.300,100935300,18203272,5.03,100,0,B,0,16:08:34.850
000931.SZ,10:09:35.430,100935430,18203875,5.03,100,0,B,0,16:08:34.850
000931.SZ,10:09:36.510,100936510,18208040,5.02,100,0,S,0,16:08:34.990
000931.SZ,10:09:36.620,100936620,18208559,5.02,100,0,S,0,16:08:34.990
000931.SZ,10:09:37.080,100937080,18210374,5.02,100,0,S,0,16:08:34.990
000931.SZ,10:09:37.190,100937190,18210780,5.02,10000,0,B,0,16:08:34.990
000931.SZ,10:09:37.670,100937670,18212900,5.02,100,0,S,0,16:08:35.069
000931.SZ,10:09:39.040,100939040,18217903,5.02,100,0,S,0,16:08:35.210
000931.SZ,10:09:39.150,100939150,18218361,5.03,100,0,B,0,16:08:35.210
000931.SZ,10:09:39.890,100939890,18220944,5.02,100,0,S,0,16:08:35.210
000931.SZ,10:09:42.210,100942210,18229479,5.02,200,0,B,0,16:08:35.336
000931.SZ,10:09:44.540,100944540,18238555,5.04,100,0,B,0,16:08:35.628
000931.SZ,10:09:44.550,100944550,18238597,5.03,200,0,S,0,16:08:35.628
000931.SZ,10:09:45.530,100945530,18241957,5.03,1000,0,S,0,16:08:35.628
000931.SZ,10:09:45.620,100945620,18242423,5.03,5600,0,S,0,16:08:35.628
000931.SZ,10:09:49.830,100949830,18257142,5.02,100,0,B,0,16:08:35.926
000931.SZ,10:09:50.560,100950560,18259268,5.01,800,0,B,0,16:08:36.037
000931.SZ,10:09:51.840,100951840,18263286,5.03,500,0,S,0,16:08:36.178
000931.SZ,10:09:52.920,100952920,18267482,5.03,1000,0,S,0,16:08:36.178
000931.SZ,10:09:55.980,100955980,18278853,5.02,10000,0,B,0,16:08:36.406
000931.SZ,10:09:56.770,100956770,18281291,5.02,100,0,B,0,16:08:36.563
000931.SZ,10:09:56.930,100956930,18281747,4.98,400,0,B,0,16:08:36.563
000931.SZ,10:09:57.890,100957890,18285156,5.03,600,0,S,0,16:08:36.563
000931.SZ,10:10:01.190,101001190,18300324,5.03,2100,0,S,0,16:08:36.973
000931.SZ,10:10:01.220,101001220,18300517,5.02,200,0,S,0,16:08:36.973
000931.SZ,10:10:02.580,101002580,18306192,5.02,800,0,B,0,16:08:37.114
000931.SZ,10:10:04.490,101004490,18313785,5.03,2000,0,S,0,16:08:37.255
000931.SZ,10:10:05.620,101005620,18318489,5.03,1800,0,S,0,16:08:37.396
000931.SZ,10:10:07.820,101007820,18326825,4.94,27300,0,B,0,16:08:37.594
000931.SZ,10:10:11.560,101011560,18341612,5.02,500,0,B,0,16:08:37.847
000931.SZ,10:10:12.260,101012260,18343862,5.03,200,0,S,0,16:08:37.987
000931.SZ,10:10:14.070,101014070,18351440,5.02,600,0,B,0,16:08:38.130
000931.SZ,10:10:15.210,101015210,18356200,5.02,100,0,B,0,16:08:38.130
000931.SZ,10:10:15.240,101015240,18356368,5.02,700,0,B,0,16:08:38.130
000931.SZ,10:10:16.200,101016200,18361724,5.02,300,0,B,0,16:08:38.271
000931.SZ,10:10:17.030,101017030,18365995,4.99,5000,0,B,0,16:08:38.395
000931.SZ,10:10:17.200,101017200,18366830,5.02,200,0,B,0,16:08:38.395
000931.SZ,10:10:18.320,101018320,18372242,5.02,200,0,B,0,16:08:38.530
000931.SZ,10:10:20.250,101020250,18382135,4.98,1500,0,B,0,16:08:38.656
000931.SZ,10:10:22.100,101022100,18390867,5.03,2000,0,B,0,16:08:38.923
000931.SZ,10:10:22.110,101022110,18390902,5.03,3100,0,S,0,16:08:38.923
000931.SZ,10:10:22.640,101022640,18393799,5.02,400,0,B,0,16:08:38.923
000931.SZ,10:10:22.810,101022810,18395318,5.02,100,0,B,0,16:08:38.923
000931.SZ,10:10:23.260,101023260,18397189,5.02,300,0,B,0,16:08:38.923
000931.SZ,10:10:23.480,101023480,18398412,5.02,100,0,B,0,16:08:38.923
000931.SZ,10:10:23.480,101023480,18398417,5.02,200,0,B,0,16:08:38.923
000931.SZ,10:10:23.580,101023580,18398738,5.03,1000,0,S,0,16:08:39.080
000931.SZ,10:10:24.320,101024320,18401696,5.03,500,0,S,0,16:08:39.080
000931.SZ,10:10:24.510,101024510,18402507,5.02,100,0,B,0,16:08:39.080
000931.SZ,10:10:24.830,101024830,18403956,4.59,200,0,B,0,16:08:39.080
000931.SZ,10:10:25.210,101025210,18405529,5.03,800,0,S,0,16:08:39.080
000931.SZ,10:10:25.660,101025660,18407910,5.03,100,0,S,0,16:08:39.207
000931.SZ,10:10:25.920,101025920,18409030,5.03,500,0,S,0,16:08:39.207
000931.SZ,10:10:26.170,101026170,18409978,5.03,200,0,B,0,16:08:39.207
000931.SZ,10:10:26.410,101026410,18410689,5.03,1100,0,S,0,16:08:39.207
000931.SZ,10:10:26.560,101026560,18411227,5.03,500,0,S,0,16:08:39.207
000931.SZ,10:10:27.400,101027400,18415345,5.02,100,0,B,0,16:08:39.362
000931.SZ,10:10:27.490,101027490,18415825,5.03,100,0,S,0,16:08:39.362
000931.SZ,10:10:30.000,101030000,18425708,5.02,9900,0,B,0,16:08:39.482
000931.SZ,10:10:30.270,101030270,18426859,5.02,400,0,B,0,16:08:39.544
000931.SZ,10:10:30.280,101030280,18426904,5.02,500,0,B,0,16:08:39.544
000931.SZ,10:10:34.640,101034640,18445118,5.02,100,0,B,0,16:08:39.907
000931.SZ,10:10:34.650,101034650,18445156,4.96,5000,0,B,0,16:08:39.907
000931.SZ,10:10:36.480,101036480,18451606,5.02,300,0,B,0,16:08:40.079
000931.SZ,10:10:38.270,101038270,18458498,5.02,200,0,B,0,16:08:40.220
000931.SZ,10:10:38.480,101038480,18459120,5.02,100,0,B,0,16:08:40.220
000931.SZ,10:10:38.480,101038480,18459128,5.02,300,0,B,0,16:08:40.220
000931.SZ,10:10:39.810,101039810,18463547,5.02,1500,0,B,0,16:08:40.394
000931.SZ,10:10:40.880,101040880,18468187,5.01,1400,0,B,0,16:08:40.394
000931.SZ,10:10:42.010,101042010,18471757,5.02,7700,0,B,0,16:08:40.542
000931.SZ,10:10:44.970,101044970,18481825,5.02,800,0,B,0,16:08:40.683
000931.SZ,10:10:45.020,101045020,18481993,5.02,300,0,B,0,16:08:40.683
000931.SZ,10:10:47.180,101047180,18489891,4.95,1000,0,B,0,16:08:40.874
000931.SZ,10:10:48.060,101048060,18492284,5.03,100,0,S,0,16:08:41.016
000931.SZ,10:10:52.020,101052020,18506167,5.02,600,0,B,0,16:08:41.345
000931.SZ,10:10:52.540,101052540,18508096,5.03,1100,0,B,0,16:08:41.345
000931.SZ,10:10:52.550,101052550,18508110,5.03,3100,0,S,0,16:08:41.345
000931.SZ,10:10:55.890,101055890,18520206,4.97,5000,0,B,0,16:08:41.574
000931.SZ,10:10:56.620,101056620,18523182,5.02,200,0,B,0,16:08:41.574
000931.SZ,10:10:59.460,101059460,18534269,5.02,1000,0,B,0,16:08:41.780
000931.SZ,10:11:05.370,101105370,18559469,5.03,500,0,B,0,16:08:42.438
000931.SZ,10:11:06.150,101106150,18562386,5.0,900,0,B,0,16:08:42.542
000931.SZ,10:11:08.400,101108400,18572089,4.98,200,0,B,0,16:08:42.795
000931.SZ,10:11:08.480,101108480,18572454,5.03,200,0,S,0,16:08:42.795
000931.SZ,10:11:08.480,101108480,18572455,5.03,900,0,S,0,16:08:42.795
000931.SZ,10:11:08.480,101108480,18572456,5.03,1000,0,S,0,16:08:42.795
000931.SZ,10:11:08.480,101108480,18572457,5.03,700,0,S,0,16:08:42.795
000931.SZ,10:11:08.480,101108480,18572461,5.03,600,0,S,0,16:08:42.795
000931.SZ,10:11:08.480,101108480,18572462,5.03,100,0,S,0,16:08:42.795
000931.SZ,10:11:08.480,101108480,18572463,5.03,700,0,S,0,16:08:42.795
000931.SZ,10:11:08.480,101108480,18572465,5.03,500,0,S,0,16:08:42.795
000931.SZ,10:11:08.480,101108480,18572466,5.03,700,0,S,0,16:08:42.795
000931.SZ,10:11:08.480,101108480,18572468,5.03,1100,0,S,0,16:08:42.795
000931.SZ,10:11:08.490,101108490,18572520,5.03,2100,0,S,0,16:08:42.795
000931.SZ,10:11:08.530,101108530,18572680,5.03,6900,0,S,0,16:08:42.795
000931.SZ,10:11:09.420,101109420,18575371,5.01,400,0,S,0,16:08:42.795
000931.SZ,10:11:17.860,101117860,18607046,5.03,500,0,B,0,16:08:43.439
000931.SZ,10:11:18.730,101118730,18610073,5.03,2000,0,S,0,16:08:43.604
000931.SZ,10:11:19.860,101119860,18615449,4.92,200,0,B,0,16:08:43.746
000931.SZ,10:11:20.030,101120030,18616358,5.04,900,0,S,0,16:08:43.746
000931.SZ,10:11:20.030,101120030,18616359,5.04,1600,0,S,0,16:08:43.746
000931.SZ,10:11:20.030,101120030,18616360,5.04,700,0,S,0,16:08:43.746
000931.SZ,10:11:20.030,101120030,18616361,5.04,700,0,S,0,16:08:43.746
000931.SZ,10:11:20.030,101120030,18616362,5.04,1600,0,S,0,16:08:43.746
000931.SZ,10:11:20.030,101120030,18616363,5.04,600,0,S,0,16:08:43.746
000931.SZ,10:11:20.030,101120030,18616364,5.04,400,0,S,0,16:08:43.746
000931.SZ,10:11:23.700,101123700,18631441,5.0,100,0,B,0,16:08:44.061
000931.SZ,10:11:23.910,101123910,18632147,5.02,2000,0,B,0,16:08:44.061
000931.SZ,10:11:24.310,101124310,18633642,5.02,900,0,B,0,16:08:44.061
000931.SZ,10:11:24.310,101124310,18633661,5.02,600,0,B,0,16:08:44.061
000931.SZ,10:11:24.800,101124800,18635826,5.02,100,0,B,0,16:08:44.061
000931.SZ,10:11:25.300,101125300,18637576,5.02,400,0,B,0,16:08:44.202
000931.SZ,10:11:25.790,101125790,18639997,5.02,300,0,B,0,16:08:44.202
000931.SZ,10:11:25.910,101125910,18640731,5.02,700,0,B,0,16:08:44.202
000931.SZ,10:11:26.540,101126540,18643249,5.03,100,0,B,0,16:08:44.202
000931.SZ,10:11:26.540,101126540,18643251,5.03,100,0,B,0,16:08:44.202
000931.SZ,10:11:26.540,101126540,18643269,5.03,300,0,B,0,16:08:44.202
000931.SZ,10:11:26.630,101126630,18643534,5.03,800,0,S,0,16:08:44.202
000931.SZ,10:11:26.720,101126720,18643871,5.03,400,0,B,0,16:08:44.359
000931.SZ,10:11:26.740,101126740,18643912,5.02,200,0,B,0,16:08:44.359
000931.SZ,10:11:26.740,101126740,18643913,5.02,200,0,B,0,16:08:44.359
000931.SZ,10:11:26.740,101126740,18643914,5.02,200,0,B,0,16:08:44.359
000931.SZ,10:11:26.740,101126740,18643915,5.02,200,0,B,0,16:08:44.359
000931.SZ,10:11:27.020,101127020,18644629,5.02,100,0,B,0,16:08:44.359
000931.SZ,10:11:27.020,101127020,18644647,5.03,100,0,B,0,16:08:44.359
000931.SZ,10:11:27.180,101127180,18645278,5.03,200,0,B,0,16:08:44.359
000931.SZ,10:11:27.200,101127200,18645375,5.03,500,0,B,0,16:08:44.359
000931.SZ,10:11:27.500,101127500,18646773,5.03,800,0,B,0,16:08:44.359
000931.SZ,10:11:27.500,101127500,18646809,5.03,100,0,B,0,16:08:44.359
000931.SZ,10:11:27.620,101127620,18647455,5.03,100,0,S,0,16:08:44.359
000931.SZ,10:11:27.620,101127620,18647456,5.03,100,0,S,0,16:08:44.359
000931.SZ,10:11:27.640,101127640,18647499,5.03,100,0,S,0,16:08:44.359
000931.SZ,10:11:27.830,101127830,18648215,5.02,100,0,B,0,16:08:44.359
000931.SZ,10:11:27.870,101127870,18648392,5.03,3100,0,B,0,16:08:44.359
000931.SZ,10:11:28.020,101128020,18649122,5.03,600,0,S,0,16:08:44.359
000931.SZ,10:11:28.150,101128150,18649613,5.02,200,0,B,0,16:08:44.359
000931.SZ,10:11:28.150,101128150,18649614,5.02,200,0,B,0,16:08:44.359
000931.SZ,10:11:28.230,101128230,18649942,5.03,700,0,B,0,16:08:44.359
000931.SZ,10:11:28.300,101128300,18650415,5.03,400,0,B,0,16:08:44.359
000931.SZ,10:11:28.560,101128560,18651694,5.03,100,0,B,0,16:08:44.483
000931.SZ,10:11:28.560,101128560,18651701,5.03,200,0,B,0,16:08:44.483
000931.SZ,10:11:28.630,101128630,18651982,5.03,1000,0,B,0,16:08:44.483
000931.SZ,10:11:28.650,101128650,18652061,5.03,600,0,B,0,16:08:44.483
000931.SZ,10:11:29.070,101129070,18653388,5.03,300,0,B,0,16:08:44.483
000931.SZ,10:11:29.240,101129240,18654048,5.03,800,0,S,0,16:08:44.483
000931.SZ,10:11:30.290,101130290,18658177,5.03,600,0,S,0,16:08:44.681
000931.SZ,10:11:30.640,101130640,18659759,5.02,700,0,B,0,16:08:44.681
000931.SZ,10:11:31.040,101131040,18661785,5.03,200,0,B,0,16:08:44.681
000931.SZ,10:11:31.270,101131270,18662687,5.02,100,0,B,0,16:08:44.681
000931.SZ,10:11:31.580,101131580,18664016,5.02,100,0,B,0,16:08:44.681
000931.SZ,10:11:31.640,101131640,18664331,5.02,200,0,B,0,16:08:44.681
000931.SZ,10:11:32.060,101132060,18666073,5.03,600,0,B,0,16:08:44.791
000931.SZ,10:11:33.160,101133160,18670883,5.03,100,0,S,0,16:08:44.791
000931.SZ,10:11:33.320,101133320,18671550,5.03,300,0,B,0,16:08:44.791
000931.SZ,10:11:33.330,101133330,18671552,5.03,400,0,B,0,16:08:44.791
000931.SZ,10:11:33.330,101133330,18671554,5.03,400,0,B,0,16:08:44.791
000931.SZ,10:11:33.330,101133330,18671556,5.03,700,0,B,0,16:08:44.791
000931.SZ,10:11:33.330,101133330,18671558,5.03,300,0,B,0,16:08:44.791
000931.SZ,10:11:33.330,101133330,18671560,5.03,800,0,B,0,16:08:44.791
000931.SZ,10:11:33.330,101133330,18671562,5.03,300,0,B,0,16:08:44.791
000931.SZ,10:11:33.330,101133330,18671564,5.03,400,0,B,0,16:08:44.791
000931.SZ,10:11:33.330,101133330,18671566,5.03,200,0,B,0,16:08:44.791
000931.SZ,10:11:33.330,101133330,18671568,5.03,400,0,B,0,16:08:44.791
000931.SZ,10:11:33.330,101133330,18671570,5.03,300,0,B,0,16:08:44.791
000931.SZ,10:11:33.330,101133330,18671572,5.03,200,0,B,0,16:08:44.791
000931.SZ,10:11:33.330,101133330,18671574,5.03,200,0,B,0,16:08:44.791
000931.SZ,10:11:33.330,101133330,18671576,5.03,200,0,B,0,16:08:44.791
000931.SZ,10:11:33.330,101133330,18671578,5.03,500,0,B,0,16:08:44.791
000931.SZ,10:11:33.330,101133330,18671580,5.03,100,0,B,0,16:08:44.791
000931.SZ,10:11:33.330,101133330,18671583,5.03,200,0,B,0,16:08:44.791
000931.SZ,10:11:33.330,101133330,18671585,5.03,200,0,B,0,16:08:44.791
000931.SZ,10:11:33.330,101133330,18671587,5.03,400,0,B,0,16:08:44.791
000931.SZ,10:11:33.330,101133330,18671590,5.03,300,0,B,0,16:08:44.791
000931.SZ,10:11:33.330,101133330,18671595,5.03,400,0,B,0,16:08:44.791
000931.SZ,10:11:33.640,101133640,18673334,5.02,100,0,B,0,16:08:44.950
000931.SZ,10:11:33.640,101133640,18673339,5.03,400,0,B,0,16:08:44.950
000931.SZ,10:11:34.250,101134250,18676230,5.03,1600,0,B,0,16:08:44.950
000931.SZ,10:11:34.840,101134840,18679023,5.03,100,0,B,0,16:08:44.950
000931.SZ,10:11:34.840,101134840,18679025,5.03,400,0,B,0,16:08:44.950
000931.SZ,10:11:34.840,101134840,18679029,5.03,200,0,B,0,16:08:44.950
000931.SZ,10:11:34.840,101134840,18679031,5.03,300,0,B,0,16:08:44.950
000931.SZ,10:11:34.840,101134840,18679034,5.03,100,0,B,0,16:08:44.950
000931.SZ,10:11:34.910,101134910,18679230,5.03,200,0,B,0,16:08:44.950
000931.SZ,10:11:34.910,101134910,18679232,5.03,500,0,B,0,16:08:44.950
000931.SZ,10:11:34.910,101134910,18679234,5.03,300,0,B,0,16:08:45.045
000931.SZ,10:11:34.910,101134910,18679238,5.03,500,0,B,0,16:08:45.045
000931.SZ,10:11:34.990,101134990,18679951,5.03,200,0,B,0,16:08:45.045
000931.SZ,10:11:35.200,101135200,18681204,5.03,100,0,B,0,16:08:45.045
000931.SZ,10:11:35.420,101135420,18681958,5.03,1200,0,B,0,16:08:45.045
000931.SZ,10:11:36.300,101136300,18685271,5.03,2200,0,B,0,16:08:45.263
000931.SZ,10:11:36.360,101136360,18685487,5.03,100,0,S,0,16:08:45.263
000931.SZ,10:11:37.310,101137310,18689634,4.93,2000,0,B,0,16:08:45.263
000931.SZ,10:11:41.720,101141720,18703541,5.03,600,0,S,0,16:08:45.602
000931.SZ,10:11:41.730,101141730,18703558,5.04,600,0,S,0,16:08:45.602
000931.SZ,10:11:41.740,101141740,18703587,5.05,500,0,S,0,16:08:45.602
000931.SZ,10:11:42.660,101142660,18706442,5.03,1000,0,S,0,16:08:45.602
000931.SZ,10:11:43.080,101143080,18707922,5.03,1000,0,S,0,16:08:45.602
000931.SZ,10:11:43.160,101143160,18708276,5.03,1800,0,B,0,16:08:45.602
000931.SZ,10:11:43.170,101143170,18708287,5.02,300,0,B,0,16:08:45.602
000931.SZ,10:11:43.970,101143970,18711533,5.02,100,0,B,0,16:08:45.727
000931.SZ,10:11:44.520,101144520,18713047,5.05,400,0,S,0,16:08:45.727
000931.SZ,10:11:44.610,101144610,18713241,5.03,500,0,B,0,16:08:45.727
000931.SZ,10:11:45.770,101145770,18716650,5.03,800,0,S,0,16:08:45.886
000931.SZ,10:11:45.970,101145970,18717205,5.03,1600,0,S,0,16:08:45.886
000931.SZ,10:11:46.060,101146060,18717469,5.03,1100,0,S,0,16:08:45.886
000931.SZ,10:11:46.100,101146100,18717616,5.03,1000,0,S,0,16:08:45.886
000931.SZ,10:11:46.140,101146140,18717733,5.03,1000,0,S,0,16:08:45.886
000931.SZ,10:11:46.370,101146370,18718541,5.09,5000,0,S,0,16:08:45.886
000931.SZ,10:11:46.660,101146660,18719552,5.03,1000,0,S,0,16:08:45.886
000931.SZ,10:11:46.740,101146740,18719969,5.03,1800,0,S,0,16:08:45.886
000931.SZ,10:11:46.950,101146950,18720577,5.04,100,0,S,0,16:08:45.886
000931.SZ,10:11:46.950,101146950,18720578,5.04,100,0,S,0,16:08:45.886
000931.SZ,10:11:46.950,101146950,18720579,5.04,100,0,S,0,16:08:45.886
000931.SZ,10:11:46.950,101146950,18720580,5.04,100,0,S,0,16:08:45.886
000931.SZ,10:11:47.180,101147180,18721215,5.03,800,0,S,0,16:08:45.996
000931.SZ,10:11:48.280,101148280,18725932,5.03,400,0,S,0,16:08:45.996
000931.SZ,10:11:48.370,101148370,18726156,5.03,800,0,S,0,16:08:45.996
000931.SZ,10:11:48.740,101148740,18727776,5.03,900,0,S,0,16:08:46.137
000931.SZ,10:11:48.770,101148770,18727910,5.03,800,0,S,0,16:08:46.137
000931.SZ,10:11:48.780,101148780,18727935,5.03,3200,0,S,0,16:08:46.137
000931.SZ,10:11:48.790,101148790,18727954,5.03,200,0,S,0,16:08:46.137
000931.SZ,10:11:48.790,101148790,18727961,5.03,400,0,S,0,16:08:46.137
000931.SZ,10:11:48.790,101148790,18727966,5.03,200,0,S,0,16:08:46.137
000931.SZ,10:11:48.930,101148930,18728419,5.03,1200,0,S,0,16:08:46.137
000931.SZ,10:11:49.060,101149060,18728787,5.03,1000,0,S,0,16:08:46.137
000931.SZ,10:11:49.140,101149140,18729022,5.03,2100,0,S,0,16:08:46.137
000931.SZ,10:11:50.480,101150480,18734070,5.02,2000,0,B,0,16:08:46.294
000931.SZ,10:11:51.070,101151070,18735950,5.03,1000,0,S,0,16:08:46.294
000931.SZ,10:11:51.200,101151200,18736369,5.03,4300,0,S,0,16:08:46.294
000931.SZ,10:11:51.990,101151990,18738922,5.03,1000,0,S,0,16:08:46.294
000931.SZ,10:11:52.070,101152070,18739176,5.03,1000,0,S,0,16:08:46.294
000931.SZ,10:11:52.080,101152080,18739198,5.03,1000,0,S,0,16:08:46.294
000931.SZ,10:11:53.010,101153010,18742433,5.05,9100,0,S,0,16:08:46.418
000931.SZ,10:11:53.890,101153890,18745050,5.03,100,0,S,0,16:08:46.418
000931.SZ,10:11:56.020,101156020,18752224,5.03,10400,0,S,0,16:08:46.648
000931.SZ,10:11:56.980,101156980,18754786,5.02,1500,0,B,0,16:08:46.648
000931.SZ,10:11:57.290,101157290,18755736,5.02,200,0,B,0,16:08:46.648
000931.SZ,10:11:57.330,101157330,18755822,5.02,1000,0,B,0,16:08:46.757
000931.SZ,10:11:57.500,101157500,18756564,5.0,4200,0,B,0,16:08:46.757
000931.SZ,10:12:04.560,101204560,18782600,5.02,800,0,B,0,16:08:47.433
000931.SZ,10:12:06.370,101206370,18789460,5.02,1100,0,S,0,16:08:47.542
000931.SZ,10:12:06.570,101206570,18790260,4.86,6300,0,B,0,16:08:47.542
000931.SZ,10:12:06.840,101206840,18791303,5.04,100,0,S,0,16:08:47.542
000931.SZ,10:12:11.410,101211410,18806761,5.03,100,0,S,0,16:08:47.929
000931.SZ,10:12:13.230,101213230,18813138,5.03,600,0,S,0,16:08:48.071
000931.SZ,10:12:15.230,101215230,18822167,5.02,800,0,S,0,16:08:48.401
000931.SZ,10:12:15.400,101215400,18822833,5.03,1600,0,S,0,16:08:48.401
000931.SZ,10:12:15.400,101215400,18822839,5.03,1400,0,S,0,16:08:48.401
000931.SZ,10:12:15.400,101215400,18822840,5.03,1600,0,S,0,16:08:48.401
000931.SZ,10:12:15.400,101215400,18822841,5.03,600,0,S,0,16:08:48.401
000931.SZ,10:12:15.400,101215400,18822842,5.03,1300,0,S,0,16:08:48.401
000931.SZ,10:12:16.100,101216100,18826696,4.95,1000,0,B,0,16:08:48.401
000931.SZ,10:12:16.430,101216430,18828748,5.03,100,0,B,0,16:08:48.401
000931.SZ,10:12:16.750,101216750,18830525,5.0,700,0,B,0,16:08:48.519
000931.SZ,10:12:17.890,101217890,18835878,5.08,5000,0,S,0,16:08:48.519
000931.SZ,10:12:18.360,101218360,18838039,5.02,500,0,B,0,16:08:48.656
000931.SZ,10:12:18.450,101218450,18838451,5.02,300,0,B,0,16:08:48.656
000931.SZ,10:12:18.630,101218630,18839297,5.02,2200,0,S,0,16:08:48.656
000931.SZ,10:12:22.310,101222310,18855712,5.02,600,0,S,0,16:08:48.938
000931.SZ,10:12:22.310,101222310,18855714,5.02,600,0,S,0,16:08:48.938
000931.SZ,10:12:22.310,101222310,18855716,5.02,600,0,S,0,16:08:48.938
000931.SZ,10:12:22.480,101222480,18856568,5.02,600,0,S,0,16:08:49.064
000931.SZ,10:12:22.480,101222480,18856570,5.02,600,0,S,0,16:08:49.064
000931.SZ,10:12:23.130,101223130,18858978,5.02,700,0,S,0,16:08:49.064
000931.SZ,10:12:23.140,101223140,18859005,5.03,100,0,S,0,16:08:49.064
000931.SZ,10:12:23.500,101223500,18859916,5.03,300,0,B,0,16:08:49.064
000931.SZ,10:12:23.560,101223560,18860076,5.02,3700,0,S,0,16:08:49.064
000931.SZ,10:12:25.230,101225230,18865445,5.03,600,0,S,0,16:08:49.221
000931.SZ,10:12:25.300,101225300,18865771,5.02,100,0,B,0,16:08:49.221
000931.SZ,10:12:26.180,101226180,18868594,5.02,100,0,B,0,16:08:49.286
000931.SZ,10:12:33.090,101233090,18890029,5.02,200,0,S,0,16:08:49.795
000931.SZ,10:12:33.090,101233090,18890031,5.02,300,0,S,0,16:08:49.795
000931.SZ,10:12:37.580,101237580,18904727,5.01,800,0,B,0,16:08:50.141
000931.SZ,10:12:37.760,101237760,18905461,5.02,10400,0,S,0,16:08:50.141
000931.SZ,10:12:38.310,101238310,18907425,5.02,1000,0,S,0,16:08:50.238
000931.SZ,10:12:38.440,101238440,18907769,5.02,500,0,S,0,16:08:50.238
000931.SZ,10:12:38.530,101238530,18908003,5.02,1000,0,S,0,16:08:50.238
000931.SZ,10:12:38.590,101238590,18908121,5.02,300,0,S,0,16:08:50.238
000931.SZ,10:12:38.680,101238680,18908392,5.03,800,0,S,0,16:08:50.238
000931.SZ,10:12:38.920,101238920,18909045,5.02,100,0,S,0,16:08:50.238
000931.SZ,10:12:39.590,101239590,18911556,5.02,100,0,S,0,16:08:50.238
000931.SZ,10:12:40.490,101240490,18914776,5.02,1400,0,S,0,16:08:50.330
000931.SZ,10:12:40.500,101240500,18914802,5.03,100,0,S,0,16:08:50.330
000931.SZ,10:12:41.310,101241310,18917260,5.02,1400,0,S,0,16:08:50.424
000931.SZ,10:12:41.310,101241310,18917265,5.02,1400,0,S,0,16:08:50.424
000931.SZ,10:12:41.310,101241310,18917267,5.02,1400,0,S,0,16:08:50.424
000931.SZ,10:12:41.310,101241310,18917277,5.02,100,0,S,0,16:08:50.424
000931.SZ,10:12:41.340,101241340,18917360,5.03,100,0,B,0,16:08:50.424
000931.SZ,10:12:41.350,101241350,18917390,5.03,100,0,B,0,16:08:50.424
000931.SZ,10:12:41.350,101241350,18917404,5.03,100,0,B,0,16:08:50.424
000931.SZ,10:12:41.360,101241360,18917430,5.03,100,0,B,0,16:08:50.424
000931.SZ,10:12:41.360,101241360,18917455,5.03,100,0,B,0,16:08:50.424
000931.SZ,10:12:41.490,101241490,18917974,5.02,1400,0,S,0,16:08:50.424
000931.SZ,10:12:44.120,101244120,18926965,5.02,10000,0,S,0,16:08:50.586
000931.SZ,10:12:44.130,101244130,18926983,5.02,1300,0,S,0,16:08:50.586
000931.SZ,10:12:44.130,101244130,18926996,5.03,3100,0,S,0,16:08:50.586
000931.SZ,10:12:44.150,101244150,18927070,5.03,100,0,B,0,16:08:50.586
000931.SZ,10:12:44.150,101244150,18927084,5.03,100,0,B,0,16:08:50.586
000931.SZ,10:12:44.170,101244170,18927123,5.03,100,0,B,0,16:08:50.586
000931.SZ,10:12:44.580,101244580,18928274,5.02,100,0,S,0,16:08:50.731
000931.SZ,10:12:45.410,101245410,18930470,5.01,100,0,B,0,16:08:50.731
000931.SZ,10:12:45.410,101245410,18930482,5.02,300,0,S,0,16:08:50.731
000931.SZ,10:12:45.830,101245830,18931783,4.99,2000,0,S,0,16:08:50.731
000931.SZ,10:12:48.000,101248000,18937761,5.02,1500,0,S,0,16:08:50.907
000931.SZ,10:12:48.850,101248850,18940310,4.8,800,0,B,0,16:08:50.907
000931.SZ,10:12:49.150,101249150,18941128,4.98,100,0,B,0,16:08:50.907
000931.SZ,10:12:50.540,101250540,18945407,5.02,100,0,S,0,16:08:51.079
000931.SZ,10:12:51.100,101251100,18946876,5.04,100,0,S,0,16:08:51.079
000931.SZ,10:12:51.330,101251330,18947582,5.03,100,0,S,0,16:08:51.079
000931.SZ,10:12:56.590,101256590,18964364,5.02,100,0,S,0,16:08:51.520
000931.SZ,10:12:56.960,101256960,18965365,5.02,100,0,B,0,16:08:51.520
000931.SZ,10:12:57.020,101257020,18965530,5.03,1800,0,S,0,16:08:51.520
000931.SZ,10:13:00.430,101300430,18978404,5.03,1700,0,S,0,16:08:51.911
000931.SZ,10:13:00.430,101300430,18978534,5.04,1700,0,S,0,16:08:51.911
000931.SZ,10:13:00.440,101300440,18978637,5.05,1600,0,S,0,16:08:51.911
000931.SZ,10:13:00.970,101300970,18981427,5.01,800,0,B,0,16:08:51.911
000931.SZ,10:13:01.840,101301840,18985172,5.02,1000,0,S,0,16:08:52.084
000931.SZ,10:13:02.570,101302570,18987437,5.02,100,0,S,0,16:08:52.084
000931.SZ,10:13:03.200,101303200,18989297,5.02,500,0,S,0,16:08:52.084
000931.SZ,10:13:03.370,101303370,18989768,5.03,700,0,B,0,16:08:52.084
000931.SZ,10:13:03.460,101303460,18989935,5.01,200,0,B,0,16:08:52.084
000931.SZ,10:13:06.560,101306560,19000423,5.03,1000,0,S,0,16:08:52.407
000931.SZ,10:13:06.650,101306650,19000731,5.03,400,0,S,0,16:08:52.407
000931.SZ,10:13:09.540,101309540,19010181,5.02,100,0,S,0,16:08:52.564
000931.SZ,10:13:09.770,101309770,19010886,5.01,800,0,B,0,16:08:52.564
000931.SZ,10:13:10.470,101310470,19013071,4.97,2000,0,B,0,16:08:52.669
000931.SZ,10:13:12.870,101312870,19019806,5.02,200,0,B,0,16:08:52.777
000931.SZ,10:13:16.560,101316560,19032416,5.02,100,0,S,0,16:08:53.165
000931.SZ,10:13:21.540,101321540,19055875,5.02,100,0,S,0,16:08:53.453
000931.SZ,10:13:22.120,101322120,19058670,5.02,500,0,B,0,16:08:53.578
000931.SZ,10:13:24.210,101324210,19065320,5.02,300,0,B,0,16:08:53.578
000931.SZ,10:13:25.000,101325000,19068045,5.02,100,0,B,0,16:08:53.729
000931.SZ,10:13:27.720,101327720,19077793,5.02,100,0,B,0,16:08:53.871
000931.SZ,10:13:27.890,101327890,19078451,5.02,200,0,B,0,16:08:53.871
000931.SZ,10:13:28.370,101328370,19080390,5.0,500,0,B,0,16:08:53.968
000931.SZ,10:13:29.960,101329960,19085543,5.01,800,0,B,0,16:08:53.968
000931.SZ,10:13:34.620,101334620,19101949,4.6,300,0,B,0,16:08:54.420
000931.SZ,10:13:36.470,101336470,19106994,5.02,100,0,S,0,16:08:54.595
000931.SZ,10:13:36.540,101336540,19107283,5.02,45300,0,B,0,16:08:54.595
000931.SZ,10:13:38.140,101338140,19112522,5.02,1000,0,B,0,16:08:54.595
000931.SZ,10:13:39.250,101339250,19115667,5.03,600,0,B,0,16:08:54.766
000931.SZ,10:13:39.700,101339700,19117101,5.02,3000,0,B,0,16:08:54.766
000931.SZ,10:13:42.440,101342440,19125281,5.03,600,0,S,0,16:08:54.909
000931.SZ,10:13:44.490,101344490,19132059,5.03,20100,0,S,0,16:08:55.029
000931.SZ,10:13:52.330,101352330,19156454,5.04,100,0,S,0,16:08:55.644
000931.SZ,10:13:53.290,101353290,19159467,5.02,700,0,B,0,16:08:55.644
000931.SZ,10:13:53.720,101353720,19160967,5.02,300,0,B,0,16:08:55.644
000931.SZ,10:13:54.290,101354290,19162720,5.02,1000,0,B,0,16:08:55.806
000931.SZ,10:13:54.290,101354290,19162725,5.02,400,0,B,0,16:08:55.806
000931.SZ,10:13:54.320,101354320,19162817,5.02,600,0,B,0,16:08:55.806
000931.SZ,10:13:55.290,101355290,19165918,5.02,200,0,B,0,16:08:55.806
000931.SZ,10:13:55.670,101355670,19167449,5.02,600,0,B,0,16:08:55.806
000931.SZ,10:13:56.410,101356410,19169328,5.02,10000,0,B,0,16:08:55.932
000931.SZ,10:13:57.830,101357830,19173493,5.02,100,0,B,0,16:08:55.932
000931.SZ,10:13:58.090,101358090,19174328,5.03,5000,0,B,0,16:08:56.105
000931.SZ,10:13:58.100,101358100,19174349,5.03,3100,0,S,0,16:08:56.105
000931.SZ,10:14:03.140,101403140,19191507,5.03,900,0,S,0,16:08:56.495
000931.SZ,10:14:03.430,101403430,19192272,5.03,100,0,S,0,16:08:56.495
000931.SZ,10:14:08.050,101408050,19209759,4.8,400,0,B,0,16:08:56.882
000931.SZ,10:14:12.790,101412790,19224793,5.03,400,0,S,0,16:08:57.261
000931.SZ,10:14:13.390,101413390,19226444,5.01,500,0,B,0,16:08:57.261
000931.SZ,10:14:15.900,101415900,19233429,5.02,100,0,B,0,16:08:57.480
000931.SZ,10:14:18.070,101418070,19240264,5.01,1000,0,B,0,16:08:57.557
000931.SZ,10:14:18.290,101418290,19240787,5.02,900,0,B,0,16:08:57.557
000931.SZ,10:14:18.480,101418480,19241311,5.03,200,0,B,0,16:08:57.557
000931.SZ,10:14:20.210,101420210,19246498,5.02,500,0,B,0,16:08:57.723
000931.SZ,10:14:20.290,101420290,19246732,5.02,500,0,B,0,16:08:57.723
000931.SZ,10:14:20.730,101420730,19247933,5.02,100,0,B,0,16:08:57.723
000931.SZ,10:14:21.270,101421270,19249418,5.02,300,0,B,0,16:08:57.865
000931.SZ,10:14:23.160,101423160,19255416,5.01,800,0,B,0,16:08:58.008
000931.SZ,10:14:24.070,101424070,19257758,5.02,500,0,B,0,16:08:58.008
000931.SZ,10:14:24.230,101424230,19258446,5.03,200,0,B,0,16:08:58.008
000931.SZ,10:14:25.000,101425000,19260963,5.02,100,0,B,0,16:08:58.008
000931.SZ,10:14:25.800,101425800,19263273,4.99,100,0,S,0,16:08:58.166
000931.SZ,10:14:26.600,101426600,19265757,5.02,500,0,B,0,16:08:58.166
000931.SZ,10:14:26.920,101426920,19266531,5.02,200,0,B,0,16:08:58.166
000931.SZ,10:14:27.310,101427310,19267502,5.02,700,0,B,0,16:08:58.166
000931.SZ,10:14:28.750,101428750,19271840,5.02,200,0,B,0,16:08:58.352
000931.SZ,10:14:30.110,101430110,19276229,5.03,600,0,B,0,16:08:58.526
000931.SZ,10:14:30.200,101430200,19276724,5.02,400,0,B,0,16:08:58.526
000931.SZ,10:14:30.220,101430220,19276793,5.03,200,0,B,0,16:08:58.526
000931.SZ,10:14:30.220,101430220,19276795,5.03,100,0,B,0,16:08:58.526
000931.SZ,10:14:30.220,101430220,19276797,5.03,300,0,B,0,16:08:58.526
000931.SZ,10:14:30.510,101430510,19277704,5.0,10000,0,B,0,16:08:58.526
000931.SZ,10:14:30.700,101430700,19278259,5.03,100,0,B,0,16:08:58.526
000931.SZ,10:14:31.070,101431070,19279320,5.03,500,0,B,0,16:08:58.526
000931.SZ,10:14:31.290,101431290,19280164,5.03,200,0,B,0,16:08:58.526
000931.SZ,10:14:31.290,101431290,19280168,5.02,600,0,B,0,16:08:58.526
000931.SZ,10:14:31.290,101431290,19280169,5.03,100,0,B,0,16:08:58.526
000931.SZ,10:14:31.600,101431600,19281273,5.03,100,0,B,0,16:08:58.526
000931.SZ,10:14:31.670,101431670,19281516,5.03,100,0,B,0,16:08:58.526
000931.SZ,10:14:31.670,101431670,19281518,5.03,700,0,B,0,16:08:58.526
000931.SZ,10:14:31.670,101431670,19281520,5.03,200,0,B,0,16:08:58.526
000931.SZ,10:14:31.670,101431670,19281528,5.03,100,0,B,0,16:08:58.526
000931.SZ,10:14:32.950,101432950,19285758,5.03,200,0,B,0,16:08:58.681
000931.SZ,10:14:33.240,101433240,19287073,5.02,500,0,B,0,16:08:58.681
000931.SZ,10:14:34.180,101434180,19290228,5.02,800,0,B,0,16:08:58.681
000931.SZ,10:14:34.440,101434440,19291259,5.03,100,0,B,0,16:08:58.865
000931.SZ,10:14:34.490,101434490,19291521,5.03,100,0,B,0,16:08:58.865
000931.SZ,10:14:35.490,101435490,19295242,5.03,300,0,B,0,16:08:58.865
000931.SZ,10:14:35.490,101435490,19295245,5.03,300,0,B,0,16:08:58.865
000931.SZ,10:14:35.610,101435610,19295569,5.03,100,0,S,0,16:08:58.865
000931.SZ,10:14:35.610,101435610,19295570,5.03,100,0,S,0,16:08:58.865
000931.SZ,10:14:35.630,101435630,19295606,5.03,100,0,S,0,16:08:58.865
000931.SZ,10:14:36.430,101436430,19298462,5.03,100,0,B,0,16:08:58.865
000931.SZ,10:14:36.830,101436830,19299997,5.03,100,0,B,0,16:08:59.024
000931.SZ,10:14:38.790,101438790,19307132,5.02,100,0,S,0,16:08:59.180
000931.SZ,10:14:39.000,101439000,19307738,5.03,100,0,B,0,16:08:59.180
000931.SZ,10:14:39.180,101439180,19308285,5.02,100,0,S,0,16:08:59.180
000931.SZ,10:14:41.300,101441300,19315609,4.99,16800,0,B,0,16:08:59.289
000931.SZ,10:14:47.380,101447380,19336093,5.28,200,0,S,0,16:08:59.768
000931.SZ,10:14:48.780,101448780,19340935,5.04,100,0,S,0,16:08:59.768
000931.SZ,10:14:49.990,101449990,19345163,5.02,400,0,B,0,16:08:59.911
000931.SZ,10:14:52.500,101452500,19353342,5.11,100,0,B,0,16:09:00.083
000931.SZ,10:14:53.200,101453200,19355392,5.02,200,0,B,0,16:09:00.083
000931.SZ,10:14:56.860,101456860,19367319,5.02,100,0,B,0,16:09:00.428
000931.SZ,10:14:57.640,101457640,19370057,5.02,1000,0,B,0,16:09:00.428
000931.SZ,10:14:59.270,101459270,19375815,5.02,300,0,S,0,16:09:00.569
000931.SZ,10:15:00.130,101500130,19378458,5.03,200,0,S,0,16:09:00.569
000931.SZ,10:15:05.800,101505800,19400416,5.02,2000,0,S,0,16:09:01.193
000931.SZ,10:15:06.760,101506760,19403561,5.02,800,0,B,0,16:09:01.193
000931.SZ,10:15:07.040,101507040,19404485,4.98,300,0,B,0,16:09:01.318
000931.SZ,10:15:08.750,101508750,19409799,5.03,100,0,S,0,16:09:01.428
000931.SZ,10:15:08.870,101508870,19410201,5.03,100,0,S,0,16:09:01.428
000931.SZ,10:15:08.990,101508990,19410441,5.03,900,0,S,0,16:09:01.428
000931.SZ,10:15:09.230,101509230,19411342,5.03,100,0,S,0,16:09:01.428
000931.SZ,10:15:09.240,101509240,19411376,5.03,100,0,S,0,16:09:01.428
000931.SZ,10:15:09.550,101509550,19412429,5.0,100,0,B,0,16:09:01.428
000931.SZ,10:15:09.870,101509870,19413768,5.03,100,0,S,0,16:09:01.428
000931.SZ,10:15:11.190,101511190,19418544,5.03,100,0,S,0,16:09:01.568
000931.SZ,10:15:16.700,101516700,19438433,5.02,500,0,B,0,16:09:02.008
000931.SZ,10:15:17.480,101517480,19441450,5.02,500,0,B,0,16:09:02.008
000931.SZ,10:15:18.910,101518910,19446925,5.02,100,0,S,0,16:09:02.168
000931.SZ,10:15:19.600,101519600,19449496,5.03,1000,0,B,0,16:09:02.168
000931.SZ,10:15:19.600,101519600,19449514,5.03,1700,0,S,0,16:09:02.168
000931.SZ,10:15:21.510,101521510,19456186,5.03,500,0,B,0,16:09:02.292
000931.SZ,10:15:22.500,101522500,19459978,5.11,100,0,B,0,16:09:02.417
000931.SZ,10:15:25.890,101525890,19473835,5.03,600,0,S,0,16:09:02.715
000931.SZ,10:15:26.820,101526820,19476426,5.03,400,0,S,0,16:09:02.715
000931.SZ,10:15:26.820,101526820,19476452,5.04,400,0,S,0,16:09:02.715
000931.SZ,10:15:26.840,101526840,19476522,5.05,300,0,S,0,16:09:02.715
000931.SZ,10:15:27.300,101527300,19477910,5.02,100,0,B,0,16:09:02.715
000931.SZ,10:15:28.080,101528080,19480577,5.03,1100,0,S,0,16:09:02.850
000931.SZ,10:15:29.890,101529890,19486023,5.03,500,0,B,0,16:09:02.993
000931.SZ,10:15:29.900,101529900,19486039,5.02,300,0,B,0,16:09:02.993
000931.SZ,10:15:31.410,101531410,19491521,5.13,2000,0,S,0,16:09:03.133
000931.SZ,10:15:36.220,101536220,19506343,5.03,1400,0,S,0,16:09:03.448
000931.SZ,10:15:40.070,101540070,19519401,5.02,25400,0,S,0,16:09:03.666
000931.SZ,10:15:40.290,101540290,19520493,5.03,700,0,S,0,16:09:03.666
000931.SZ,10:15:40.420,101540420,19520931,5.03,1200,0,S,0,16:09:03.802
000931.SZ,10:15:41.040,101541040,19522806,4.96,1200,0,B,0,16:09:03.802
000931.SZ,10:15:41.830,101541830,19525417,5.02,700,0,B,0,16:09:03.802
000931.SZ,10:15:42.250,101542250,19526727,5.04,200,0,S,0,16:09:03.802
000931.SZ,10:15:43.080,101543080,19529689,5.02,1400,0,S,0,16:09:03.943
000931.SZ,10:15:43.420,101543420,19530910,5.03,2400,0,S,0,16:09:03.943
000931.SZ,10:15:43.420,101543420,19530911,5.03,1300,0,S,0,16:09:03.943
000931.SZ,10:15:43.440,101543440,19531005,5.03,2000,0,S,0,16:09:03.943
000931.SZ,10:15:43.470,101543470,19531183,5.03,2500,0,S,0,16:09:03.943
000931.SZ,10:15:43.670,101543670,19531883,5.02,1000,0,B,0,16:09:03.943
000931.SZ,10:15:44.660,101544660,19534752,5.1,900,0,S,0,16:09:04.041
000931.SZ,10:15:44.760,101544760,19534977,5.01,800,0,B,0,16:09:04.041
000931.SZ,10:15:45.310,101545310,19536517,5.03,1600,0,B,0,16:09:04.041
000931.SZ,10:15:46.530,101546530,19541132,5.03,300,0,B,0,16:09:04.183
000931.SZ,10:15:46.880,101546880,19542133,4.99,2000,0,S,0,16:09:04.183
000931.SZ,10:15:47.090,101547090,19542761,5.02,1400,0,S,0,16:09:04.183
000931.SZ,10:15:48.770,101548770,19548056,5.01,800,0,B,0,16:09:04.385
000931.SZ,10:15:50.000,101550000,19552772,5.03,700,0,S,0,16:09:04.385
000931.SZ,10:15:50.020,101550020,19552820,5.03,1000,0,S,0,16:09:04.385
000931.SZ,10:15:50.050,101550050,19552955,5.02,800,0,S,0,16:09:04.385
000931.SZ,10:15:52.100,101552100,19560463,5.02,700,0,S,0,16:09:04.588
000931.SZ,10:15:52.910,101552910,19563654,5.0,1000,0,B,0,16:09:04.588
000931.SZ,10:15:53.990,101553990,19567630,5.02,500,0,B,0,16:09:04.786
000931.SZ,10:15:54.320,101554320,19568994,4.96,200,0,B,0,16:09:04.786
000931.SZ,10:15:56.060,101556060,19575586,5.02,600,0,S,0,16:09:04.912
000931.SZ,10:15:56.280,101556280,19576452,5.02,200,0,B,0,16:09:04.912
000931.SZ,10:16:00.070,101600070,19590277,5.02,600,0,S,0,16:09:05.212
000931.SZ,10:16:00.480,101600480,19591834,5.02,1600,0,B,0,16:09:05.212
000931.SZ,10:16:06.080,101606080,19613556,5.02,600,0,S,0,16:09:05.766
000931.SZ,10:16:06.200,101606200,19613867,5.02,400,0,S,0,16:09:05.766
000931.SZ,10:16:11.060,101611060,19631058,5.02,600,0,S,0,16:09:06.100
000931.SZ,10:16:12.070,101612070,19633918,5.02,1000,0,B,0,16:09:06.259
000931.SZ,10:16:15.760,101615760,19646691,5.02,800,0,B,0,16:09:06.414
000931.SZ,10:16:16.510,101616510,19649291,5.02,200,0,S,0,16:09:06.555
000931.SZ,10:16:22.500,101622500,19670870,5.11,100,0,B,0,16:09:07.004
000931.SZ,10:16:24.610,101624610,19677089,5.03,500,0,S,0,16:09:07.131
000931.SZ,10:16:25.080,101625080,19678575,5.02,700,0,S,0,16:09:07.242
000931.SZ,10:16:26.030,101626030,19681677,5.02,100,0,B,0,16:09:07.242
000931.SZ,10:16:28.100,101628100,19688242,5.02,700,0,S,0,16:09:07.397
000931.SZ,10:16:30.410,101630410,19696382,5.03,900,0,S,0,16:09:07.553
000931.SZ,10:16:31.060,101631060,19698516,5.02,700,0,S,0,16:09:07.727
000931.SZ,10:16:31.950,101631950,19702489,5.02,6300,0,S,0,16:09:07.727
000931.SZ,10:16:31.960,101631960,19702525,5.02,100,0,S,0,16:09:07.727
000931.SZ,10:16:32.560,101632560,19704840,5.02,3100,0,S,0,16:09:07.727
000931.SZ,10:16:32.650,101632650,19705103,5.02,100,0,S,0,16:09:07.727
000931.SZ,10:16:32.670,101632670,19705156,5.02,700,0,S,0,16:09:07.727
000931.SZ,10:16:32.670,101632670,19705158,5.02,2000,0,S,0,16:09:07.727
000931.SZ,10:16:32.670,101632670,19705175,5.02,1100,0,S,0,16:09:07.727
000931.SZ,10:16:32.670,101632670,19705178,5.02,400,0,S,0,16:09:07.727
000931.SZ,10:16:32.670,101632670,19705191,5.02,2000,0,S,0,16:09:07.727
000931.SZ,10:16:32.730,101632730,19705379,5.02,100,0,S,0,16:09:07.727
000931.SZ,10:16:32.810,101632810,19705557,5.0,400,0,B,0,16:09:07.727
000931.SZ,10:16:32.810,101632810,19705568,5.02,100,0,S,0,16:09:07.727
000931.SZ,10:16:32.940,101632940,19705981,5.02,100,0,S,0,16:09:07.893
000931.SZ,10:16:33.280,101633280,19707134,5.02,2200,0,S,0,16:09:07.893
000931.SZ,10:16:33.310,101633310,19707311,5.02,100,0,S,0,16:09:07.893
000931.SZ,10:16:33.320,101633320,19707344,5.02,2300,0,S,0,16:09:07.893
000931.SZ,10:16:33.320,101633320,19707347,5.02,700,0,S,0,16:09:07.893
000931.SZ,10:16:33.320,101633320,19707351,5.02,100,0,S,0,16:09:07.893
000931.SZ,10:16:33.380,101633380,19707742,5.02,1500,0,S,0,16:09:07.893
000931.SZ,10:16:33.380,101633380,19707744,5.02,5300,0,S,0,16:09:07.893
000931.SZ,10:16:33.380,101633380,19707748,5.02,3600,0,S,0,16:09:07.893
000931.SZ,10:16:33.380,101633380,19707750,5.02,2000,0,S,0,16:09:07.893
000931.SZ,10:16:33.390,101633390,19707756,5.02,300,0,S,0,16:09:07.893
000931.SZ,10:16:33.400,101633400,19707784,5.02,4100,0,S,0,16:09:07.893
000931.SZ,10:16:33.400,101633400,19707798,5.02,3000,0,S,0,16:09:07.893
000931.SZ,10:16:33.400,101633400,19707814,5.02,700,0,S,0,16:09:07.893
000931.SZ,10:16:33.410,101633410,19707820,5.02,3100,0,S,0,16:09:07.893
000931.SZ,10:16:33.410,101633410,19707825,5.02,2100,0,S,0,16:09:07.893
000931.SZ,10:16:33.410,101633410,19707843,5.02,3300,0,S,0,16:09:07.893
000931.SZ,10:16:33.410,101633410,19707847,5.02,2500,0,S,0,16:09:07.893
000931.SZ,10:16:33.410,101633410,19707850,5.02,1000,0,S,0,16:09:07.893
000931.SZ,10:16:33.410,101633410,19707852,5.02,1200,0,S,0,16:09:07.893
000931.SZ,10:16:33.410,101633410,19707854,5.02,6400,0,S,0,16:09:07.893
000931.SZ,10:16:33.420,101633420,19707893,5.03,100,0,S,0,16:09:07.893
000931.SZ,10:16:33.430,101633430,19707912,5.02,2300,0,S,0,16:09:07.893
000931.SZ,10:16:33.430,101633430,19707925,5.02,4800,0,S,0,16:09:07.893
000931.SZ,10:16:33.430,101633430,19707935,5.02,1100,0,S,0,16:09:07.893
000931.SZ,10:16:33.430,101633430,19707939,5.02,900,0,S,0,16:09:07.893
000931.SZ,10:16:33.440,101633440,19707954,5.02,200,0,S,0,16:09:07.893
000931.SZ,10:16:33.440,101633440,19707956,5.02,200,0,S,0,16:09:07.893
000931.SZ,10:16:33.440,101633440,19707958,5.02,800,0,S,0,16:09:07.893
000931.SZ,10:16:33.440,101633440,19708018,5.02,400,0,S,0,16:09:07.893
000931.SZ,10:16:33.440,101633440,19708025,5.02,400,0,S,0,16:09:07.893
000931.SZ,10:16:33.440,101633440,19708054,5.02,100,0,S,0,16:09:07.893
000931.SZ,10:16:33.600,101633600,19708583,5.02,100,0,S,0,16:09:07.893
000931.SZ,10:16:33.610,101633610,19708602,5.02,2400,0,S,0,16:09:07.893
000931.SZ,10:16:33.610,101633610,19708610,5.02,100,0,S,0,16:09:07.893
000931.SZ,10:16:33.650,101633650,19708825,5.02,2500,0,S,0,16:09:07.893
000931.SZ,10:16:33.660,101633660,19708863,5.02,100,0,S,0,16:09:07.893
000931.SZ,10:16:33.800,101633800,19709698,5.02,100,0,S,0,16:09:07.893
000931.SZ,10:16:34.060,101634060,19710609,5.02,1300,0,S,0,16:09:07.893
000931.SZ,10:16:34.080,101634080,19710666,5.02,100,0,S,0,16:09:07.893
000931.SZ,10:16:34.550,101634550,19712500,5.02,100,0,S,0,16:09:07.893
000931.SZ,10:16:34.700,101634700,19713135,5.02,71100,0,S,0,16:09:07.893
000931.SZ,10:16:34.700,101634700,19713196,5.02,200,0,S,0,16:09:08.067
000931.SZ,10:16:34.700,101634700,19713197,5.02,100,0,S,0,16:09:08.067
000931.SZ,10:16:34.700,101634700,19713198,5.02,300,0,S,0,16:09:08.067
000931.SZ,10:16:34.700,101634700,19713199,5.02,7300,0,S,0,16:09:08.067
000931.SZ,10:16:35.120,101635120,19714847,5.02,500,0,S,0,16:09:08.067
000931.SZ,10:16:36.130,101636130,19717755,5.03,1000,0,S,0,16:09:08.067
000931.SZ,10:16:36.180,101636180,19717905,5.02,100,0,S,0,16:09:08.067
000931.SZ,10:16:36.210,101636210,19718021,5.02,600,0,B,0,16:09:08.067
000931.SZ,10:16:36.210,101636210,19718025,5.02,500,0,B,0,16:09:08.067
000931.SZ,10:16:36.210,101636210,19718027,5.02,500,0,B,0,16:09:08.067
000931.SZ,10:16:36.210,101636210,19718046,5.01,600,0,B,0,16:09:08.067
000931.SZ,10:16:36.210,101636210,19718051,5.03,3100,0,S,0,16:09:08.067
000931.SZ,10:16:36.210,101636210,19718052,5.02,200,0,S,0,16:09:08.067
000931.SZ,10:16:36.210,101636210,19718054,5.02,200,0,S,0,16:09:08.067
000931.SZ,10:16:36.210,101636210,19718056,5.02,300,0,S,0,16:09:08.067
000931.SZ,10:16:36.220,101636220,19718081,5.02,400,0,S,0,16:09:08.067
000931.SZ,10:16:36.220,101636220,19718092,5.02,200,0,S,0,16:09:08.067
000931.SZ,10:16:36.220,101636220,19718095,5.02,1000,0,S,0,16:09:08.067
000931.SZ,10:16:36.220,101636220,19718107,5.02,600,0,S,0,16:09:08.067
000931.SZ,10:16:36.220,101636220,19718111,5.02,400,0,S,0,16:09:08.067
000931.SZ,10:16:36.220,101636220,19718115,5.02,700,0,S,0,16:09:08.067
000931.SZ,10:16:36.220,101636220,19718116,5.02,400,0,S,0,16:09:08.067
000931.SZ,10:16:36.220,101636220,19718121,5.02,600,0,S,0,16:09:08.067
000931.SZ,10:16:36.230,101636230,19718147,5.02,400,0,S,0,16:09:08.067
000931.SZ,10:16:36.230,101636230,19718156,5.02,1600,0,S,0,16:09:08.067
000931.SZ,10:16:36.260,101636260,19718387,5.02,300,0,S,0,16:09:08.067
000931.SZ,10:16:36.280,101636280,19718460,5.01,8500,0,B,0,16:09:08.067
000931.SZ,10:16:36.360,101636360,19718817,5.02,100,0,B,0,16:09:08.067
000931.SZ,10:16:36.360,101636360,19718819,5.02,100,0,B,0,16:09:08.067
000931.SZ,10:16:36.910,101636910,19720873,5.02,1000,0,S,0,16:09:08.067
000931.SZ,10:16:36.930,101636930,19720949,5.02,1500,0,S,0,16:09:08.067
000931.SZ,10:16:37.760,101637760,19723888,5.01,200,0,B,0,16:09:08.211
000931.SZ,10:16:37.760,101637760,19723889,5.01,200,0,B,0,16:09:08.211
000931.SZ,10:16:37.760,101637760,19723893,5.01,200,0,B,0,16:09:08.211
000931.SZ,10:16:37.760,101637760,19723894,5.01,200,0,B,0,16:09:08.211
000931.SZ,10:16:38.030,101638030,19724623,5.01,100,0,B,0,16:09:08.211
000931.SZ,10:16:38.740,101638740,19726930,5.03,1000,0,S,0,16:09:08.211
000931.SZ,10:16:39.000,101639000,19727626,5.01,2600,0,B,0,16:09:08.211
000931.SZ,10:16:39.180,101639180,19728145,5.02,100,0,B,0,16:09:08.365
000931.SZ,10:16:39.190,101639190,19728150,5.02,200,0,B,0,16:09:08.365
000931.SZ,10:16:39.190,101639190,19728168,5.01,500,0,B,0,16:09:08.365
000931.SZ,10:16:39.190,101639190,19728169,5.02,500,0,B,0,16:09:08.365
000931.SZ,10:16:39.190,101639190,19728173,5.02,500,0,B,0,16:09:08.365
000931.SZ,10:16:39.190,101639190,19728175,5.01,700,0,B,0,16:09:08.365
000931.SZ,10:16:39.190,101639190,19728176,5.02,1100,0,B,0,16:09:08.365
000931.SZ,10:16:39.190,101639190,19728180,5.02,600,0,B,0,16:09:08.365
000931.SZ,10:16:39.190,101639190,19728202,5.02,1700,0,S,0,16:09:08.365
000931.SZ,10:16:39.200,101639200,19728209,5.02,300,0,B,0,16:09:08.365
000931.SZ,10:16:40.190,101640190,19731419,5.02,600,0,B,0,16:09:08.365
000931.SZ,10:16:40.200,101640200,19731431,5.02,100,0,B,0,16:09:08.365
000931.SZ,10:16:40.200,101640200,19731434,5.02,100,0,B,0,16:09:08.365
000931.SZ,10:16:40.200,101640200,19731436,5.02,100,0,B,0,16:09:08.365
000931.SZ,10:16:40.210,101640210,19731459,5.02,100,0,B,0,16:09:08.365
000931.SZ,10:16:40.470,101640470,19732505,5.0,700,0,B,0,16:09:08.365
000931.SZ,10:16:40.510,101640510,19732695,5.03,1500,0,S,0,16:09:08.365
000931.SZ,10:16:40.810,101640810,19733711,5.02,1100,0,B,0,16:09:08.365
000931.SZ,10:16:40.810,101640810,19733724,5.02,3100,0,S,0,16:09:08.365
000931.SZ,10:16:40.840,101640840,19733816,5.02,600,0,B,0,16:09:08.365
000931.SZ,10:16:41.010,101641010,19734510,5.02,400,0,B,0,16:09:08.491
000931.SZ,10:16:41.010,101641010,19734512,5.02,300,0,B,0,16:09:08.491
000931.SZ,10:16:41.010,101641010,19734515,5.02,300,0,B,0,16:09:08.491
000931.SZ,10:16:41.020,101641020,19734541,5.02,800,0,B,0,16:09:08.491
000931.SZ,10:16:41.060,101641060,19734731,5.02,300,0,S,0,16:09:08.491
000931.SZ,10:16:41.140,101641140,19735011,5.03,700,0,S,0,16:09:08.491
000931.SZ,10:16:41.160,101641160,19735093,5.02,300,0,B,0,16:09:08.491
000931.SZ,10:16:41.430,101641430,19736464,5.02,100,0,B,0,16:09:08.491
000931.SZ,10:16:41.550,101641550,19736813,5.02,200,0,B,0,16:09:08.491
000931.SZ,10:16:41.550,101641550,19736818,5.02,400,0,B,0,16:09:08.491
000931.SZ,10:16:41.560,101641560,19736858,5.03,1500,0,S,0,16:09:08.491
000931.SZ,10:16:41.580,101641580,19736907,4.97,500,0,B,0,16:09:08.491
000931.SZ,10:16:41.780,101641780,19737499,5.02,800,0,S,0,16:09:08.491
000931.SZ,10:16:41.790,101641790,19737505,5.02,400,0,S,0,16:09:08.491
000931.SZ,10:16:41.800,101641800,19737543,5.04,300,0,S,0,16:09:08.491
000931.SZ,10:16:42.520,101642520,19740291,5.01,100,0,B,0,16:09:08.491
000931.SZ,10:16:42.560,101642560,19740525,5.03,400,0,S,0,16:09:08.491
000931.SZ,10:16:42.820,101642820,19741621,5.03,300,0,S,0,16:09:08.647
000931.SZ,10:16:43.310,101643310,19743631,5.03,900,0,S,0,16:09:08.647
000931.SZ,10:16:43.430,101643430,19744102,5.03,300,0,S,0,16:09:08.647
000931.SZ,10:16:43.440,101643440,19744171,5.01,100,0,B,0,16:09:08.647
000931.SZ,10:16:44.660,101644660,19747937,5.03,300,0,S,0,16:09:08.810
000931.SZ,10:16:44.720,101644720,19748122,5.03,300,0,S,0,16:09:08.810
000931.SZ,10:16:45.220,101645220,19749564,5.02,300,0,B,0,16:09:08.810
000931.SZ,10:16:45.340,101645340,19749952,5.02,200,0,S,0,16:09:08.810
000931.SZ,10:16:45.670,101645670,19751079,5.02,2600,0,S,0,16:09:08.810
000931.SZ,10:16:48.000,101648000,19758372,5.02,2000,0,B,0,16:09:08.955
000931.SZ,10:16:48.440,101648440,19759698,5.03,2300,0,S,0,16:09:08.955
000931.SZ,10:16:48.600,101648600,19760351,5.03,900,0,S,0,16:09:08.955
000931.SZ,10:16:48.800,101648800,19761024,5.02,1700,0,S,0,16:09:08.955
000931.SZ,10:16:48.810,101648810,19761055,5.04,1600,0,S,0,16:09:08.955
000931.SZ,10:16:48.870,101648870,19761171,5.01,400,0,B,0,16:09:09.113
000931.SZ,10:16:49.070,101649070,19762000,5.02,1100,0,S,0,16:09:09.113
000931.SZ,10:16:49.080,101649080,19762049,5.02,1000,0,S,0,16:09:09.113
000931.SZ,10:16:49.080,101649080,19762082,5.02,1000,0,S,0,16:09:09.113
000931.SZ,10:16:49.330,101649330,19762908,5.01,30000,0,S,0,16:09:09.113
000931.SZ,10:16:50.560,101650560,19767286,5.02,300,0,S,0,16:09:09.113
000931.SZ,10:16:51.220,101651220,19769298,5.02,100,0,S,0,16:09:09.271
000931.SZ,10:16:51.230,101651230,19769309,5.02,100,0,S,0,16:09:09.271
000931.SZ,10:16:51.230,101651230,19769314,5.02,900,0,S,0,16:09:09.271
000931.SZ,10:16:51.260,101651260,19769386,5.02,100,0,S,0,16:09:09.271
000931.SZ,10:16:51.270,101651270,19769404,5.02,100,0,S,0,16:09:09.271
000931.SZ,10:16:51.290,101651290,19769593,5.02,100,0,S,0,16:09:09.271
000931.SZ,10:16:51.290,101651290,19769594,5.02,100,0,S,0,16:09:09.271
000931.SZ,10:16:51.310,101651310,19769728,5.02,300,0,S,0,16:09:09.271
000931.SZ,10:16:51.340,101651340,19769794,0.0,11000,1,S,0,16:09:09.271
000931.SZ,10:16:51.510,101651510,19770513,5.01,9900,0,B,0,16:09:09.271
000931.SZ,10:16:51.580,101651580,19770781,5.02,300,0,S,0,16:09:09.271
000931.SZ,10:16:51.760,101651760,19771476,5.02,1600,0,S,0,16:09:09.271
000931.SZ,10:16:51.770,101651770,19771493,5.02,1600,0,S,0,16:09:09.271
000931.SZ,10:16:51.820,101651820,19771697,5.02,300,0,S,0,16:09:09.271
000931.SZ,10:16:51.990,101651990,19772443,5.02,1000,0,S,0,16:09:09.271
000931.SZ,10:16:52.000,101652000,19772479,5.02,200,0,S,0,16:09:09.271
000931.SZ,10:16:52.010,101652010,19772487,5.02,200,0,S,0,16:09:09.271
000931.SZ,10:16:52.070,101652070,19772772,5.02,1000,0,S,0,16:09:09.271
000931.SZ,10:16:52.080,101652080,19772801,5.02,1000,0,S,0,16:09:09.271
000931.SZ,10:16:52.260,101652260,19773677,5.02,400,0,S,0,16:09:09.271
000931.SZ,10:16:52.330,101652330,19773863,5.02,1200,0,S,0,16:09:09.271
000931.SZ,10:16:52.350,101652350,19773940,5.02,1400,0,S,0,16:09:09.271
000931.SZ,10:16:52.430,101652430,19774245,5.02,300,0,S,0,16:09:09.271
000931.SZ,10:16:53.870,101653870,19779786,5.02,300,0,S,0,16:09:09.521
000931.SZ,10:16:54.050,101654050,19780468,5.02,300,0,S,0,16:09:09.521
000931.SZ,10:16:54.810,101654810,19784560,5.01,100,0,B,0,16:09:09.521
000931.SZ,10:16:54.860,101654860,19784690,5.01,100,0,B,0,16:09:09.521
000931.SZ,10:16:55.280,101655280,19786698,5.02,300,0,S,0,16:09:09.521
000931.SZ,10:16:55.450,101655450,19787520,5.02,300,0,S,0,16:09:09.521
000931.SZ,10:16:56.510,101656510,19791808,5.02,300,0,S,0,16:09:09.723
000931.SZ,10:16:56.590,101656590,19792247,5.02,300,0,S,0,16:09:09.723
000931.SZ,10:16:56.840,101656840,19793381,5.02,900,0,S,0,16:09:09.723
000931.SZ,10:16:57.770,101657770,19798148,5.01,800,0,B,0,16:09:09.723
000931.SZ,10:16:57.780,101657780,19798161,5.01,200,0,B,0,16:09:09.723
000931.SZ,10:16:58.610,101658610,19802224,5.02,500,0,S,0,16:09:09.907
000931.SZ,10:16:58.760,101658760,19802806,5.01,800,0,B,0,16:09:09.907
000931.SZ,10:16:59.420,101659420,19805064,5.02,300,0,S,0,16:09:09.907
000931.SZ,10:17:02.880,101702880,19819257,5.02,500,0,B,0,16:09:10.294
000931.SZ,10:17:02.890,101702890,19819303,5.02,200,0,S,0,16:09:10.294
000931.SZ,10:17:03.020,101703020,19819747,5.03,500,0,S,0,16:09:10.294
000931.SZ,10:17:03.090,101703090,19820101,5.01,4400,0,B,0,16:09:10.294
000931.SZ,10:17:03.110,101703110,19820217,5.03,300,0,S,0,16:09:10.294
000931.SZ,10:17:04.130,101704130,19824453,5.03,300,0,S,0,16:09:10.481
000931.SZ,10:17:05.000,101705000,19828054,5.03,100,0,S,0,16:09:10.481
000931.SZ,10:17:05.020,101705020,19828185,5.02,2000,0,B,0,16:09:10.481
000931.SZ,10:17:05.670,101705670,19830924,5.01,500,0,B,0,16:09:10.481
000931.SZ,10:17:05.680,101705680,19830937,5.01,100,0,B,0,16:09:10.481
000931.SZ,10:17:05.990,101705990,19831861,5.02,700,0,B,0,16:09:10.481
000931.SZ,10:17:06.070,101706070,19832226,5.03,3500,0,S,0,16:09:10.481
000931.SZ,10:17:07.230,101707230,19836629,5.02,1400,0,S,0,16:09:10.638
000931.SZ,10:17:09.210,101709210,19843427,5.02,600,0,B,0,16:09:10.826
000931.SZ,10:17:09.930,101709930,19846244,5.02,1000,0,S,0,16:09:10.826
000931.SZ,10:17:10.000,101710000,19846513,5.02,1100,0,S,0,16:09:10.826
000931.SZ,10:17:10.090,101710090,19846932,5.02,1100,0,S,0,16:09:10.826
000931.SZ,10:17:11.220,101711220,19851139,5.01,100,0,B,0,16:09:10.902
000931.SZ,10:17:12.720,101712720,19855607,5.01,800,0,B,0,16:09:11.040
000931.SZ,10:17:12.790,101712790,19855773,4.95,5000,0,B,0,16:09:11.040
000931.SZ,10:17:15.220,101715220,19863452,4.97,1000,0,B,0,16:09:11.168
000931.SZ,10:17:15.930,101715930,19865656,5.02,100,0,S,0,16:09:11.325
000931.SZ,10:17:16.960,101716960,19869583,5.02,2500,0,S,0,16:09:11.325
000931.SZ,10:17:17.830,101717830,19872218,5.01,1000,0,B,0,16:09:11.465
000931.SZ,10:17:21.160,101721160,19882347,5.02,1000,0,S,0,16:09:11.622
000931.SZ,10:17:23.260,101723260,19890501,5.01,1000,0,B,0,16:09:11.810
000931.SZ,10:17:24.900,101724900,19896523,5.01,100,0,B,0,16:09:11.960
000931.SZ,10:17:24.900,101724900,19896550,5.02,100,0,S,0,16:09:11.960
000931.SZ,10:17:24.960,101724960,19896769,5.01,800,0,B,0,16:09:11.960
000931.SZ,10:17:25.840,101725840,19899718,5.0,2000,0,B,0,16:09:11.960
000931.SZ,10:17:26.380,101726380,19901829,5.02,9700,0,S,0,16:09:12.135
000931.SZ,10:17:26.570,101726570,19902342,5.02,400,0,S,0,16:09:12.135
000931.SZ,10:17:26.960,101726960,19903561,5.01,200,0,B,0,16:09:12.135
000931.SZ,10:17:28.440,101728440,19908536,5.02,400,0,S,0,16:09:12.340
000931.SZ,10:17:29.790,101729790,19913271,5.09,500,0,S,0,16:09:12.340
000931.SZ,10:17:31.580,101731580,19919752,5.02,6000,0,B,0,16:09:12.528
000931.SZ,10:17:31.580,101731580,19919771,5.01,100,0,B,0,16:09:12.528
000931.SZ,10:17:33.840,101733840,19927269,5.02,1100,0,S,0,16:09:12.762
000931.SZ,10:17:33.850,101733850,19927280,5.03,1100,0,S,0,16:09:12.762
000931.SZ,10:17:33.860,101733860,19927300,5.04,1100,0,S,0,16:09:12.762
000931.SZ,10:17:36.520,101736520,19935911,5.02,400,0,S,0,16:09:12.762
000931.SZ,10:17:39.750,101739750,19947734,5.0,2000,0,B,0,16:09:13.086
000931.SZ,10:17:41.590,101741590,19954130,5.03,100,0,S,0,16:09:13.229
000931.SZ,10:17:41.890,101741890,19954899,5.02,300,0,S,0,16:09:13.229
000931.SZ,10:17:41.900,101741900,19954927,5.03,200,0,S,0,16:09:13.229
000931.SZ,10:17:41.920,101741920,19954976,5.04,200,0,S,0,16:09:13.229
000931.SZ,10:17:42.350,101742350,19956356,5.0,20100,0,S,0,16:09:13.229
000931.SZ,10:17:42.350,101742350,19956385,5.01,500,0,B,0,16:09:13.229
000931.SZ,10:17:43.360,101743360,19959931,5.1,5000,0,S,0,16:09:13.354
000931.SZ,10:17:43.620,101743620,19960721,5.02,400,0,B,0,16:09:13.354
000931.SZ,10:17:43.640,101743640,19960853,5.02,100,0,B,0,16:09:13.354
000931.SZ,10:17:43.660,101743660,19960907,5.02,100,0,B,0,16:09:13.354
000931.SZ,10:17:43.660,101743660,19960916,5.02,100,0,B,0,16:09:13.354
000931.SZ,10:17:44.560,101744560,19963857,4.97,3000,0,B,0,16:09:13.511
000931.SZ,10:17:44.590,101744590,19963939,5.02,100,0,B,0,16:09:13.511
000931.SZ,10:17:44.590,101744590,19963941,5.02,100,0,B,0,16:09:13.511
000931.SZ,10:17:44.590,101744590,19963943,5.02,100,0,B,0,16:09:13.511
000931.SZ,10:17:44.600,101744600,19963960,5.02,100,0,B,0,16:09:13.511
000931.SZ,10:17:44.620,101744620,19964028,5.02,100,0,B,0,16:09:13.511
000931.SZ,10:17:49.910,101749910,19982117,4.98,1000,0,B,0,16:09:13.824
000931.SZ,10:17:49.950,101749950,19982226,5.02,100,0,B,0,16:09:13.824
000931.SZ,10:17:53.400,101753400,19993454,5.02,100,0,B,0,16:09:14.164
000931.SZ,10:17:53.430,101753430,19993541,5.02,100,0,B,0,16:09:14.164
000931.SZ,10:17:53.430,101753430,19993552,5.02,100,0,B,0,16:09:14.164
000931.SZ,10:17:54.750,101754750,19997848,5.0,500,0,B,0,16:09:14.164
000931.SZ,10:17:54.800,101754800,19998031,5.01,100,0,B,0,16:09:14.164
000931.SZ,10:17:56.520,101756520,20003342,5.01,100,0,B,0,16:09:14.307
000931.SZ,10:18:01.130,101801130,20019400,4.98,3400,0,B,0,16:09:14.729
000931.SZ,10:18:02.890,101802890,20025790,5.02,11200,0,B,0,16:09:14.891
000931.SZ,10:18:02.890,101802890,20025817,5.01,200,0,B,0,16:09:14.891
000931.SZ,10:18:03.320,101803320,20027128,5.02,300,0,S,0,16:09:14.891
000931.SZ,10:18:05.310,101805310,20035492,4.97,200,0,B,0,16:09:15.226
000931.SZ,10:18:05.640,101805640,20036828,4.97,100,0,S,0,16:09:15.226
000931.SZ,10:18:09.790,101809790,20052210,5.0,1000,0,B,0,16:09:15.414
000931.SZ,10:18:11.910,101811910,20060003,5.01,200,0,S,0,16:09:15.617
000931.SZ,10:18:14.760,101814760,20069991,5.01,800,0,B,0,16:09:15.899
000931.SZ,10:18:15.080,101815080,20070682,5.01,500,0,B,0,16:09:15.899
000931.SZ,10:18:15.120,101815120,20070836,5.02,200,0,S,0,16:09:15.899
000931.SZ,10:18:15.270,101815270,20071277,5.02,1100,0,B,0,16:09:15.899
000931.SZ,10:18:15.280,101815280,20071293,5.01,100,0,B,0,16:09:15.899
000931.SZ,10:18:16.510,101816510,20075768,5.04,900,0,B,0,16:09:16.018
000931.SZ,10:18:18.760,101818760,20082474,5.02,2400,0,S,0,16:09:16.193
000931.SZ,10:18:18.770,101818770,20082479,5.02,800,0,S,0,16:09:16.193
000931.SZ,10:18:19.070,101819070,20083282,5.02,1000,0,S,0,16:09:16.193
000931.SZ,10:18:19.590,101819590,20084736,5.01,500,0,B,0,16:09:16.193
000931.SZ,10:18:20.460,101820460,20087557,5.02,100,0,B,0,16:09:16.350
000931.SZ,10:18:20.560,101820560,20087809,5.01,500,0,B,0,16:09:16.350
000931.SZ,10:18:21.760,101821760,20091752,5.02,2400,0,S,0,16:09:16.350
000931.SZ,10:18:21.770,101821770,20091796,5.02,800,0,S,0,16:09:16.350
000931.SZ,10:18:22.510,101822510,20094151,4.99,1000,0,B,0,16:09:16.350
000931.SZ,10:18:24.760,101824760,20101001,5.02,800,0,S,0,16:09:16.476
000931.SZ,10:18:25.090,101825090,20102131,4.98,1000,0,B,0,16:09:16.602
000931.SZ,10:18:25.270,101825270,20102799,5.01,1300,0,B,0,16:09:16.602
000931.SZ,10:18:25.910,101825910,20104821,4.97,100,0,S,0,16:09:16.602
000931.SZ,10:18:25.990,101825990,20105017,5.01,200,0,B,0,16:09:16.602
000931.SZ,10:18:27.200,101827200,20108198,5.02,600,0,B,0,16:09:16.741
000931.SZ,10:18:28.550,101828550,20112456,5.02,400,0,S,0,16:09:16.899
000931.SZ,10:18:31.080,101831080,20119553,5.02,1000,0,S,0,16:09:17.080
000931.SZ,10:18:32.080,101832080,20122689,5.01,100,0,S,0,16:09:17.080
000931.SZ,10:18:32.180,101832180,20122927,5.01,1000,0,B,0,16:09:17.080
000931.SZ,10:18:34.230,101834230,20128612,5.02,100,0,B,0,16:09:17.286
000931.SZ,10:18:35.860,101835860,20133442,4.98,1900,0,S,0,16:09:17.286
000931.SZ,10:18:35.860,101835860,20133453,5.01,400,0,B,0,16:09:17.286
000931.SZ,10:18:37.240,101837240,20137813,4.98,1500,0,B,0,16:09:17.490
000931.SZ,10:18:40.790,101840790,20148381,5.02,900,0,S,0,16:09:17.663
000931.SZ,10:18:40.810,101840810,20148405,5.02,200,0,S,0,16:09:17.663
000931.SZ,10:18:43.490,101843490,20156234,5.02,600,0,S,0,16:09:17.850
000931.SZ,10:18:45.030,101845030,20160481,4.97,1000,0,B,0,16:09:17.850
000931.SZ,10:18:45.040,101845040,20160497,5.02,100,0,S,0,16:09:17.850
000931.SZ,10:18:45.200,101845200,20161074,4.97,100,0,S,0,16:09:17.850
000931.SZ,10:18:45.990,101845990,20163774,5.02,100,0,S,0,16:09:17.971
000931.SZ,10:18:46.000,101846000,20163789,5.03,100,0,S,0,16:09:17.971
000931.SZ,10:18:46.550,101846550,20165937,5.01,300,0,S,0,16:09:17.971
000931.SZ,10:18:48.760,101848760,20173485,5.02,2400,0,S,0,16:09:18.019
000931.SZ,10:18:48.770,101848770,20173500,5.02,1600,0,S,0,16:09:18.019
000931.SZ,10:18:48.860,101848860,20173795,5.02,1000,0,S,0,16:09:18.019
000931.SZ,10:18:49.070,101849070,20174416,5.02,1000,0,S,0,16:09:18.019
000931.SZ,10:18:49.120,101849120,20174574,5.02,1000,0,S,0,16:09:18.019
000931.SZ,10:18:49.670,101849670,20176292,5.02,1000,0,S,0,16:09:18.055
000931.SZ,10:18:53.000,101853000,20185954,5.01,100,0,S,0,16:09:18.169
000931.SZ,10:18:55.030,101855030,20192698,5.0,5000,0,B,0,16:09:18.169
000931.SZ,10:18:56.590,101856590,20198479,4.98,3000,0,B,0,16:09:18.236
000931.SZ,10:18:57.080,101857080,20199953,5.01,100,0,B,0,16:09:18.236
000931.SZ,10:19:00.160,101900160,20209814,5.01,800,0,B,0,16:09:18.369
000931.SZ,10:19:01.560,101901560,20216563,5.01,500,0,S,0,16:09:18.440
000931.SZ,10:19:02.270,101902270,20219134,5.02,4700,0,S,0,16:09:18.440
000931.SZ,10:19:03.190,101903190,20221721,5.02,500,0,S,0,16:09:18.536
000931.SZ,10:19:04.830,101904830,20226814,5.01,500,0,B,0,16:09:18.536
000931.SZ,10:19:06.670,101906670,20233060,4.97,100,0,S,0,16:09:18.597
000931.SZ,10:19:12.940,101912940,20251764,5.01,100,0,S,0,16:09:18.730
000931.SZ,10:19:17.100,101917100,20263170,5.03,100,0,S,0,16:09:18.875
000931.SZ,10:19:17.460,101917460,20264307,5.0,200,0,B,0,16:09:18.875
000931.SZ,10:19:17.500,101917500,20264430,5.01,1600,0,S,0,16:09:18.875
000931.SZ,10:19:19.940,101919940,20272716,5.01,100,0,B,0,16:09:19.152
000931.SZ,10:19:21.760,101921760,20280396,5.01,800,0,B,0,16:09:19.152
000931.SZ,10:19:21.830,101921830,20280713,5.01,100,0,B,0,16:09:19.152
000931.SZ,10:19:24.290,101924290,20288290,5.01,100,0,B,0,16:09:19.326
000931.SZ,10:19:24.400,101924400,20288559,5.01,100,0,B,0,16:09:19.326
000931.SZ,10:19:26.530,101926530,20295157,4.97,100,0,S,0,16:09:19.607
000931.SZ,10:19:27.480,101927480,20297639,5.01,100,0,B,0,16:09:19.607
000931.SZ,10:19:28.190,101928190,20299661,5.01,5000,0,B,0,16:09:19.607
000931.SZ,10:19:28.630,101928630,20301062,5.01,300,0,B,0,16:09:19.764
000931.SZ,10:19:31.490,101931490,20310570,5.02,100,0,B,0,16:09:19.936
000931.SZ,10:19:31.990,101931990,20312691,5.0,500,0,B,0,16:09:19.936
000931.SZ,10:19:32.750,101932750,20315618,5.0,5000,0,B,0,16:09:20.071
000931.SZ,10:19:32.970,101932970,20316333,5.01,100,0,S,0,16:09:20.071
000931.SZ,10:19:33.510,101933510,20318498,5.02,1000,0,S,0,16:09:20.071
000931.SZ,10:19:33.630,101933630,20318931,5.01,100,0,B,0,16:09:20.071
000931.SZ,10:19:38.980,101938980,20339383,5.0,4100,0,B,0,16:09:20.591
000931.SZ,10:19:39.070,101939070,20339672,5.02,2700,0,B,0,16:09:20.591
000931.SZ,10:19:40.290,101940290,20344025,5.02,300,0,S,0,16:09:20.591
000931.SZ,10:19:40.510,101940510,20344758,5.02,900,0,S,0,16:09:20.763
000931.SZ,10:19:40.840,101940840,20345916,5.01,300,0,B,0,16:09:20.763
000931.SZ,10:19:41.300,101941300,20347021,5.02,2600,0,S,0,16:09:20.763
000931.SZ,10:19:41.740,101941740,20348166,5.02,400,0,S,0,16:09:20.763
000931.SZ,10:19:42.600,101942600,20350539,5.01,2900,0,B,0,16:09:20.763
000931.SZ,10:19:42.600,101942600,20350542,5.01,2700,0,B,0,16:09:20.763
000931.SZ,10:19:42.600,101942600,20350543,5.01,2800,0,B,0,16:09:20.763
000931.SZ,10:19:42.700,101942700,20350753,5.02,1000,0,S,0,16:09:20.763
000931.SZ,10:19:42.790,101942790,20351081,4.99,600,0,S,0,16:09:20.763
000931.SZ,10:19:43.140,101943140,20351967,4.99,1100,0,S,0,16:09:20.937
000931.SZ,10:19:43.150,101943150,20351972,5.01,600,0,B,0,16:09:20.937
000931.SZ,10:19:46.380,101946380,20365053,4.97,100,0,S,0,16:09:21.071
000931.SZ,10:19:46.950,101946950,20367935,5.03,5000,0,B,0,16:09:21.182
000931.SZ,10:19:47.030,101947030,20368148,5.02,200,0,S,0,16:09:21.182
000931.SZ,10:19:49.520,101949520,20377492,5.01,2000,0,B,0,16:09:21.340
000931.SZ,10:19:51.420,101951420,20383490,5.02,1000,0,B,0,16:09:21.481
000931.SZ,10:19:51.420,101951420,20383504,5.01,100,0,B,0,16:09:21.481
000931.SZ,10:19:51.780,101951780,20384630,5.02,2000,0,B,0,16:09:21.481
000931.SZ,10:19:51.790,101951790,20384648,5.01,300,0,B,0,16:09:21.481
000931.SZ,10:19:53.200,101953200,20388839,5.02,600,0,S,0,16:09:21.623
000931.SZ,10:19:53.200,101953200,20388842,5.02,8900,0,S,0,16:09:21.623
000931.SZ,10:19:53.460,101953460,20389503,5.02,9500,0,S,0,16:09:21.623
000931.SZ,10:19:53.470,101953470,20389542,5.02,9500,0,S,0,16:09:21.623
000931.SZ,10:19:53.600,101953600,20389988,5.02,500,0,S,0,16:09:21.623
000931.SZ,10:19:53.610,101953610,20390010,5.01,100,0,S,0,16:09:21.623
000931.SZ,10:19:54.860,101954860,20393473,5.01,10000,0,B,0,16:09:21.762
000931.SZ,10:19:55.320,101955320,20394858,5.02,600,0,S,0,16:09:21.762
000931.SZ,10:19:55.620,101955620,20395691,5.02,500,0,S,0,16:09:21.762
000931.SZ,10:19:56.450,101956450,20397850,5.02,800,0,S,0,16:09:21.936
000931.SZ,10:19:56.810,101956810,20398616,5.01,200,0,B,0,16:09:21.936
000931.SZ,10:19:57.380,101957380,20400168,5.02,1000,0,S,0,16:09:21.936
000931.SZ,10:20:00.060,102000060,20407562,5.01,100,0,B,0,16:09:22.118
000931.SZ,10:20:00.260,102000260,20408454,5.02,1200,0,S,0,16:09:22.118
000931.SZ,10:20:00.260,102000260,20408455,5.02,800,0,S,0,16:09:22.118
000931.SZ,10:20:00.260,102000260,20408456,5.02,1300,0,S,0,16:09:22.118
000931.SZ,10:20:00.260,102000260,20408457,5.02,800,0,S,0,16:09:22.118
000931.SZ,10:20:00.260,102000260,20408458,5.02,1200,0,S,0,16:09:22.118
000931.SZ,10:20:00.270,102000270,20408466,5.02,1200,0,S,0,16:09:22.118
000931.SZ,10:20:00.270,102000270,20408533,5.02,2500,0,S,0,16:09:22.118
000931.SZ,10:20:03.420,102003420,20419613,5.01,100,0,B,0,16:09:22.452
000931.SZ,10:20:03.700,102003700,20420448,5.02,600,0,S,0,16:09:22.452
000931.SZ,10:20:04.230,102004230,20422040,5.01,5000,0,B,0,16:09:22.607
000931.SZ,10:20:04.300,102004300,20422226,5.02,1500,0,S,0,16:09:22.607
000931.SZ,10:20:06.410,102006410,20429677,5.01,100000,0,S,0,16:09:22.747
000931.SZ,10:20:06.420,102006420,20429788,5.01,200,0,B,0,16:09:22.747
000931.SZ,10:20:06.420,102006420,20429789,5.01,200,0,S,0,16:09:22.747
000931.SZ,10:20:06.430,102006430,20429844,5.01,18400,0,S,0,16:09:22.747
000931.SZ,10:20:06.450,102006450,20429893,5.01,4200,0,S,0,16:09:22.747
000931.SZ,10:20:06.450,102006450,20429907,5.01,4200,0,B,0,16:09:22.747
000931.SZ,10:20:06.580,102006580,20430314,5.01,200,0,B,0,16:09:22.747
000931.SZ,10:20:06.580,102006580,20430317,5.01,300,0,B,0,16:09:22.747
000931.SZ,10:20:06.580,102006580,20430319,5.01,300,0,B,0,16:09:22.747
000931.SZ,10:20:06.840,102006840,20431070,5.01,5000,0,B,0,16:09:22.747
000931.SZ,10:20:06.910,102006910,20431340,5.02,100,0,S,0,16:09:22.747
000931.SZ,10:20:06.910,102006910,20431341,5.02,100,0,S,0,16:09:22.747
000931.SZ,10:20:06.920,102006920,20431358,5.02,100,0,S,0,16:09:22.747
000931.SZ,10:20:07.360,102007360,20432756,5.01,500,0,B,0,16:09:22.747
000931.SZ,10:20:07.640,102007640,20433758,4.97,16900,0,B,0,16:09:22.747
000931.SZ,10:20:08.260,102008260,20435935,5.01,100,0,B,0,16:09:22.888
000931.SZ,10:20:08.520,102008520,20436771,4.97,100,0,S,0,16:09:22.888
000931.SZ,10:20:08.540,102008540,20436842,5.01,3500,0,S,0,16:09:22.888
000931.SZ,10:20:09.270,102009270,20439398,5.01,400,0,B,0,16:09:22.888
000931.SZ,10:20:09.270,102009270,20439402,5.01,700,0,S,0,16:09:22.888
000931.SZ,10:20:09.270,102009270,20439411,5.01,100,0,B,0,16:09:22.888
000931.SZ,10:20:09.330,102009330,20439649,5.01,200,0,S,0,16:09:22.888
000931.SZ,10:20:09.350,102009350,20439751,5.01,2800,0,S,0,16:09:22.888
000931.SZ,10:20:09.360,102009360,20439762,4.98,2800,0,S,0,16:09:22.888
000931.SZ,10:20:09.360,102009360,20439785,5.0,900,0,B,0,16:09:22.888
000931.SZ,10:20:09.360,102009360,20439809,5.01,200,0,S,0,16:09:22.888
000931.SZ,10:20:09.370,102009370,20439815,5.01,400,0,B,0,16:09:22.888
000931.SZ,10:20:09.370,102009370,20439861,5.01,200,0,S,0,16:09:22.888
000931.SZ,10:20:09.370,102009370,20439877,5.01,200,0,S,0,16:09:22.888
000931.SZ,10:20:09.370,102009370,20439878,5.01,2100,0,S,0,16:09:22.888
000931.SZ,10:20:09.370,102009370,20439881,5.01,9400,0,S,0,16:09:22.888
000931.SZ,10:20:09.370,102009370,20439882,5.0,6000,0,B,0,16:09:22.888
000931.SZ,10:20:09.370,102009370,20439887,5.01,200,0,S,0,16:09:22.888
000931.SZ,10:20:09.380,102009380,20439908,5.01,500,0,B,0,16:09:22.888
000931.SZ,10:20:09.380,102009380,20439912,5.01,600,0,B,0,16:09:22.888
000931.SZ,10:20:09.380,102009380,20439915,5.01,700,0,B,0,16:09:22.888
000931.SZ,10:20:09.380,102009380,20439919,5.01,200,0,B,0,16:09:22.888
000931.SZ,10:20:09.380,102009380,20439921,5.01,200,0,B,0,16:09:22.888
000931.SZ,10:20:09.380,102009380,20439926,5.01,500,0,B,0,16:09:22.888
000931.SZ,10:20:09.390,102009390,20440006,5.01,200,0,S,0,16:09:22.888
000931.SZ,10:20:09.390,102009390,20440007,5.01,200,0,B,0,16:09:22.888
000931.SZ,10:20:09.510,102009510,20440447,5.02,500,0,S,0,16:09:22.888
000931.SZ,10:20:09.760,102009760,20441397,5.01,800,0,B,0,16:09:23.004
000931.SZ,10:20:09.760,102009760,20441420,5.01,800,0,B,0,16:09:23.004
000931.SZ,10:20:09.830,102009830,20441655,5.02,300,0,S,0,16:09:23.004
000931.SZ,10:20:10.060,102010060,20442463,5.01,500,0,B,0,16:09:23.004
000931.SZ,10:20:10.060,102010060,20442465,5.01,700,0,B,0,16:09:23.004
000931.SZ,10:20:10.070,102010070,20442479,5.01,500,0,S,0,16:09:23.004
000931.SZ,10:20:10.070,102010070,20442483,5.0,100,0,B,0,16:09:23.004
000931.SZ,10:20:10.070,102010070,20442484,5.01,200,0,B,0,16:09:23.004
000931.SZ,10:20:10.070,102010070,20442486,5.01,300,0,B,0,16:09:23.004
000931.SZ,10:20:10.070,102010070,20442490,5.01,300,0,B,0,16:09:23.004
000931.SZ,10:20:10.080,102010080,20442522,5.01,200,0,B,0,16:09:23.004
000931.SZ,10:20:10.080,102010080,20442539,5.01,1100,0,B,0,16:09:23.004
000931.SZ,10:20:10.080,102010080,20442543,5.01,100,0,B,0,16:09:23.004
000931.SZ,10:20:10.080,102010080,20442545,5.01,200,0,B,0,16:09:23.004
000931.SZ,10:20:10.080,102010080,20442547,5.01,200,0,B,0,16:09:23.004
000931.SZ,10:20:10.080,102010080,20442549,5.01,100,0,B,0,16:09:23.004
000931.SZ,10:20:10.080,102010080,20442551,5.01,100,0,B,0,16:09:23.004
000931.SZ,10:20:10.080,102010080,20442553,5.01,300,0,B,0,16:09:23.004
000931.SZ,10:20:10.080,102010080,20442555,5.01,200,0,B,0,16:09:23.004
000931.SZ,10:20:10.080,102010080,20442558,5.01,100,0,B,0,16:09:23.004
000931.SZ,10:20:10.080,102010080,20442561,5.01,100,0,B,0,16:09:23.004
000931.SZ,10:20:10.080,102010080,20442563,5.01,200,0,B,0,16:09:23.004
000931.SZ,10:20:10.080,102010080,20442565,5.01,100,0,B,0,16:09:23.004
000931.SZ,10:20:10.080,102010080,20442569,5.01,200,0,B,0,16:09:23.004
000931.SZ,10:20:10.080,102010080,20442574,5.0,800,0,B,0,16:09:23.004
000931.SZ,10:20:10.080,102010080,20442575,5.01,200,0,B,0,16:09:23.004
000931.SZ,10:20:10.080,102010080,20442577,5.01,100,0,B,0,16:09:23.004
000931.SZ,10:20:10.080,102010080,20442579,5.01,100,0,B,0,16:09:23.004
000931.SZ,10:20:10.080,102010080,20442581,5.01,200,0,B,0,16:09:23.004
000931.SZ,10:20:10.080,102010080,20442583,5.01,300,0,B,0,16:09:23.004
000931.SZ,10:20:10.080,102010080,20442585,5.01,200,0,B,0,16:09:23.004
000931.SZ,10:20:10.080,102010080,20442587,5.01,100,0,B,0,16:09:23.004
000931.SZ,10:20:10.090,102010090,20442589,5.01,300,0,B,0,16:09:23.004
000931.SZ,10:20:10.090,102010090,20442591,5.01,200,0,B,0,16:09:23.004
000931.SZ,10:20:10.090,102010090,20442593,5.01,300,0,B,0,16:09:23.004
000931.SZ,10:20:10.090,102010090,20442595,5.01,200,0,B,0,16:09:23.004
000931.SZ,10:20:10.090,102010090,20442598,5.01,100,0,B,0,16:09:23.004
000931.SZ,10:20:10.090,102010090,20442600,5.01,200,0,B,0,16:09:23.004
000931.SZ,10:20:10.090,102010090,20442603,5.01,200,0,B,0,16:09:23.004
000931.SZ,10:20:10.090,102010090,20442608,5.01,100,0,B,0,16:09:23.004
000931.SZ,10:20:10.090,102010090,20442610,5.01,300,0,B,0,16:09:23.004
000931.SZ,10:20:10.090,102010090,20442612,5.01,200,0,B,0,16:09:23.004
000931.SZ,10:20:10.090,102010090,20442615,5.01,300,0,B,0,16:09:23.004
000931.SZ,10:20:10.090,102010090,20442616,5.01,600,0,B,0,16:09:23.004
000931.SZ,10:20:10.090,102010090,20442617,5.01,100,0,B,0,16:09:23.004
000931.SZ,10:20:10.090,102010090,20442628,5.01,200,0,B,0,16:09:23.004
000931.SZ,10:20:10.090,102010090,20442629,5.01,200,0,B,0,16:09:23.004
000931.SZ,10:20:10.090,102010090,20442630,5.01,200,0,B,0,16:09:23.004
000931.SZ,10:20:10.380,102010380,20443771,5.01,100,0,B,0,16:09:23.004
000931.SZ,10:20:10.500,102010500,20444247,5.01,100,0,B,0,16:09:23.004
000931.SZ,10:20:11.560,102011560,20447282,5.01,100,0,S,0,16:09:23.186
000931.SZ,10:20:12.100,102012100,20448659,4.99,3000,0,B,0,16:09:23.186
000931.SZ,10:20:12.260,102012260,20449071,4.64,200,0,B,0,16:09:23.186
000931.SZ,10:20:12.410,102012410,20449393,5.01,2000,0,B,0,16:09:23.186
000931.SZ,10:20:12.760,102012760,20450264,5.01,800,0,B,0,16:09:23.186
000931.SZ,10:20:12.770,102012770,20450282,5.01,800,0,B,0,16:09:23.186
000931.SZ,10:20:13.390,102013390,20452065,5.01,2100,0,S,0,16:09:23.186
000931.SZ,10:20:14.070,102014070,20454249,5.01,100,0,S,0,16:09:23.352
000931.SZ,10:20:14.850,102014850,20456723,5.01,1000,0,S,0,16:09:23.352
000931.SZ,10:20:15.290,102015290,20458574,5.01,200,0,B,0,16:09:23.352
000931.SZ,10:20:15.970,102015970,20461512,5.01,1600,0,B,0,16:09:23.352
000931.SZ,10:20:15.980,102015980,20461570,5.01,800,0,B,0,16:09:23.352
000931.SZ,10:20:16.000,102016000,20461680,5.01,100,0,B,0,16:09:23.526
000931.SZ,10:20:16.020,102016020,20461754,5.01,100,0,B,0,16:09:23.526
000931.SZ,10:20:17.130,102017130,20466426,5.02,300,0,S,0,16:09:23.526
000931.SZ,10:20:17.160,102017160,20466566,5.01,100,0,B,0,16:09:23.526
000931.SZ,10:20:17.170,102017170,20466590,5.01,100,0,B,0,16:09:23.526
000931.SZ,10:20:17.170,102017170,20466593,5.01,100,0,B,0,16:09:23.526
000931.SZ,10:20:17.180,102017180,20466618,5.01,100,0,B,0,16:09:23.526
000931.SZ,10:20:17.370,102017370,20467712,5.01,100,0,B,0,16:09:23.526
000931.SZ,10:20:18.300,102018300,20471264,5.01,100,0,B,0,16:09:23.667
000931.SZ,10:20:18.320,102018320,20471428,5.01,100,0,B,0,16:09:23.667
000931.SZ,10:20:18.870,102018870,20474113,5.01,200,0,B,0,16:09:23.667
000931.SZ,10:20:18.890,102018890,20474252,5.01,38200,0,S,0,16:09:23.667
000931.SZ,10:20:18.900,102018900,20474280,5.0,1100,0,B,0,16:09:23.667
000931.SZ,10:20:19.080,102019080,20475002,5.01,200,0,B,0,16:09:23.667
000931.SZ,10:20:19.220,102019220,20475469,5.0,200,0,S,0,16:09:23.667
000931.SZ,10:20:19.220,102019220,20475510,5.01,100,0,S,0,16:09:23.667
000931.SZ,10:20:19.220,102019220,20475513,5.02,100,0,S,0,16:09:23.667
000931.SZ,10:20:19.220,102019220,20475514,5.02,100,0,S,0,16:09:23.667
000931.SZ,10:20:19.220,102019220,20475519,5.02,100,0,S,0,16:09:23.667
000931.SZ,10:20:19.220,102019220,20475521,5.02,100,0,S,0,16:09:23.667
000931.SZ,10:20:19.510,102019510,20476871,5.0,700,0,S,0,16:09:23.791
000931.SZ,10:20:19.580,102019580,20477149,5.0,300,0,S,0,16:09:23.791
000931.SZ,10:20:20.170,102020170,20479585,5.0,100,0,S,0,16:09:23.791
000931.SZ,10:20:20.270,102020270,20480081,5.02,300,0,S,0,16:09:23.791
000931.SZ,10:20:20.450,102020450,20480633,5.0,500,0,S,0,16:09:23.791
000931.SZ,10:20:20.510,102020510,20480764,5.01,2480,0,S,0,16:09:23.791
000931.SZ,10:20:20.590,102020590,20481007,5.0,500,0,S,0,16:09:23.791
000931.SZ,10:20:21.190,102021190,20483239,5.0,700,0,B,0,16:09:23.791
000931.SZ,10:20:21.190,102021190,20483240,5.0,500,0,B,0,16:09:23.791
000931.SZ,10:20:21.520,102021520,20484371,5.01,200,0,B,0,16:09:23.924
000931.SZ,10:20:21.780,102021780,20485438,5.0,100,0,S,0,16:09:23.924
000931.SZ,10:20:21.830,102021830,20485572,5.01,300,0,S,0,16:09:23.924
000931.SZ,10:20:22.250,102022250,20487269,5.01,600,0,B,0,16:09:23.924
000931.SZ,10:20:22.320,102022320,20487806,5.01,1000,0,S,0,16:09:23.924
000931.SZ,10:20:22.540,102022540,20489728,5.01,900,0,S,0,16:09:23.924
000931.SZ,10:20:22.550,102022550,20489778,5.01,300,0,S,0,16:09:23.924
000931.SZ,10:20:23.290,102023290,20493071,5.01,600,0,S,0,16:09:23.991
000931.SZ,10:20:23.320,102023320,20493211,5.0,300,0,S,0,16:09:23.991
000931.SZ,10:20:23.590,102023590,20494259,5.01,500,0,S,0,16:09:24.126
000931.SZ,10:20:23.800,102023800,20494926,5.0,100,0,B,0,16:09:24.126
000931.SZ,10:20:23.990,102023990,20495461,5.01,100,0,S,0,16:09:24.126
000931.SZ,10:20:24.000,102024000,20495490,5.0,10000,0,B,0,16:09:24.126
000931.SZ,10:20:24.010,102024010,20495551,5.01,300,0,S,0,16:09:24.126
000931.SZ,10:20:24.450,102024450,20497803,5.01,500,0,S,0,16:09:24.126
000931.SZ,10:20:24.920,102024920,20499756,5.01,200,0,B,0,16:09:24.126
000931.SZ,10:20:26.220,102026220,20505689,5.01,600,0,B,0,16:09:24.292
000931.SZ,10:20:26.730,102026730,20507509,5.01,200,0,S,0,16:09:24.292
000931.SZ,10:20:26.740,102026740,20507545,5.03,200,0,S,0,16:09:24.292
000931.SZ,10:20:26.780,102026780,20507671,5.01,800,0,S,0,16:09:24.292
000931.SZ,10:20:27.000,102027000,20508282,5.01,1300,0,B,0,16:09:24.292
000931.SZ,10:20:27.000,102027000,20508303,5.0,500,0,B,0,16:09:24.292
000931.SZ,10:20:27.070,102027070,20508593,5.01,300,0,S,0,16:09:24.292
000931.SZ,10:20:27.300,102027300,20509709,5.0,200,0,B,0,16:09:24.394
000931.SZ,10:20:27.320,102027320,20509777,5.01,400,0,S,0,16:09:24.394
000931.SZ,10:20:27.660,102027660,20511270,5.01,200,0,B,0,16:09:24.394
000931.SZ,10:20:27.780,102027780,20511778,5.01,200,0,S,0,16:09:24.394
000931.SZ,10:20:28.310,102028310,20514357,4.96,100,0,S,0,16:09:24.394
000931.SZ,10:20:28.330,102028330,20514456,5.01,1300,0,B,0,16:09:24.394
000931.SZ,10:20:28.330,102028330,20514466,5.01,800,0,B,0,16:09:24.394
000931.SZ,10:20:28.340,102028340,20514473,5.0,800,0,B,0,16:09:24.394
000931.SZ,10:20:28.560,102028560,20515837,5.01,1100,0,B,0,16:09:24.502
000931.SZ,10:20:28.560,102028560,20515847,5.0,900,0,B,0,16:09:24.502
000931.SZ,10:20:28.930,102028930,20517563,5.01,400,0,B,0,16:09:24.502
000931.SZ,10:20:29.080,102029080,20518173,5.01,100,0,B,0,16:09:24.502
000931.SZ,10:20:29.660,102029660,20520482,5.01,1500,0,B,0,16:09:24.502
000931.SZ,10:20:31.150,102031150,20527384,4.96,200,0,B,0,16:09:24.674
000931.SZ,10:20:31.410,102031410,20528388,5.02,300,0,S,0,16:09:24.674
000931.SZ,10:20:32.530,102032530,20533062,5.0,6100,0,S,0,16:09:24.799
000931.SZ,10:20:32.730,102032730,20533670,5.01,1000,0,B,0,16:09:24.799
000931.SZ,10:20:33.090,102033090,20534874,5.01,300,0,B,0,16:09:24.799
000931.SZ,10:20:33.560,102033560,20536624,5.01,1100,0,S,0,16:09:24.799
000931.SZ,10:20:33.720,102033720,20537494,4.97,1000,0,B,0,16:09:24.957
000931.SZ,10:20:34.310,102034310,20540245,4.97,1900,0,S,0,16:09:24.957
000931.SZ,10:20:35.400,102035400,20544726,5.0,100,0,S,0,16:09:24.957
000931.SZ,10:20:35.540,102035540,20545106,5.0,100,0,S,0,16:09:24.957
000931.SZ,10:20:36.290,102036290,20547662,5.01,100,0,S,0,16:09:25.107
000931.SZ,10:20:37.660,102037660,20552821,5.01,1000,0,B,0,16:09:25.264
000931.SZ,10:20:39.060,102039060,20557400,5.01,300,0,S,0,16:09:25.264
000931.SZ,10:20:39.140,102039140,20557631,5.01,1000,0,S,0,16:09:25.264
000931.SZ,10:20:41.890,102041890,20568482,5.01,100,0,B,0,16:09:25.533
000931.SZ,10:20:42.270,102042270,20570342,5.0,100,0,B,0,16:09:25.533
000931.SZ,10:20:45.010,102045010,20579194,5.0,8500,0,B,0,16:09:25.642
000931.SZ,10:20:45.080,102045080,20579389,5.01,1000,0,B,0,16:09:25.642
000931.SZ,10:20:46.730,102046730,20587064,5.01,1000,0,B,0,16:09:25.797
000931.SZ,10:20:47.850,102047850,20590412,5.0,10000,0,B,0,16:09:25.987
000931.SZ,10:20:49.220,102049220,20595406,5.01,2200,0,B,0,16:09:25.987
000931.SZ,10:20:49.280,102049280,20595755,5.01,300,0,B,0,16:09:26.091
000931.SZ,10:20:49.660,102049660,20597286,5.01,100,0,B,0,16:09:26.091
000931.SZ,10:20:49.660,102049660,20597300,5.01,100,0,B,0,16:09:26.091
000931.SZ,10:20:49.680,102049680,20597337,5.01,100,0,B,0,16:09:26.091
000931.SZ,10:20:50.480,102050480,20599991,5.01,100,0,B,0,16:09:26.091
000931.SZ,10:20:50.480,102050480,20599994,5.01,100,0,B,0,16:09:26.091
000931.SZ,10:20:50.480,102050480,20599996,5.01,100,0,B,0,16:09:26.091
000931.SZ,10:20:50.480,102050480,20599998,5.01,100,0,B,0,16:09:26.091
000931.SZ,10:20:50.480,102050480,20600001,5.01,100,0,B,0,16:09:26.091
000931.SZ,10:20:50.480,102050480,20600003,5.01,100,0,B,0,16:09:26.091
000931.SZ,10:20:50.480,102050480,20600005,5.01,100,0,B,0,16:09:26.091
000931.SZ,10:20:50.480,102050480,20600014,5.01,200,0,B,0,16:09:26.091
000931.SZ,10:20:50.490,102050490,20600024,5.01,100,0,B,0,16:09:26.091
000931.SZ,10:20:50.660,102050660,20600627,5.01,100,0,B,0,16:09:26.091
000931.SZ,10:20:50.840,102050840,20601128,5.01,100,0,B,0,16:09:26.091
000931.SZ,10:20:50.840,102050840,20601131,5.01,100,0,B,0,16:09:26.091
000931.SZ,10:20:50.840,102050840,20601133,5.01,900,0,B,0,16:09:26.091
000931.SZ,10:20:50.960,102050960,20601617,5.1,20000,0,S,0,16:09:26.247
000931.SZ,10:20:51.300,102051300,20602999,5.01,100,0,B,0,16:09:26.247
000931.SZ,10:20:51.330,102051330,20603074,5.01,100,0,B,0,16:09:26.247
000931.SZ,10:20:51.610,102051610,20604481,5.01,300,0,S,0,16:09:26.247
000931.SZ,10:20:51.790,102051790,20605336,4.8,800,0,B,0,16:09:26.247
000931.SZ,10:20:53.100,102053100,20610336,5.0,1000,0,B,0,16:09:26.403
000931.SZ,10:20:53.660,102053660,20611988,5.0,500,0,B,0,16:09:26.403
000931.SZ,10:20:53.880,102053880,20612502,5.01,4200,0,S,0,16:09:26.403
000931.SZ,10:20:57.680,102057680,20623816,5.01,100,0,S,0,16:09:26.751
000931.SZ,10:20:57.740,102057740,20623973,5.0,100,0,B,0,16:09:26.751
000931.SZ,10:21:02.770,102102770,20643393,5.01,50000,0,B,0,16:09:27.153
000931.SZ,10:21:02.780,102102780,20643433,5.01,300,0,B,0,16:09:27.153
000931.SZ,10:21:02.780,102102780,20643434,5.01,100,0,B,0,16:09:27.153
000931.SZ,10:21:02.780,102102780,20643437,5.01,200,0,B,0,16:09:27.153
000931.SZ,10:21:02.780,102102780,20643438,5.01,100,0,B,0,16:09:27.153
000931.SZ,10:21:02.780,102102780,20643439,5.01,100,0,B,0,16:09:27.153
000931.SZ,10:21:02.780,102102780,20643440,5.01,100,0,B,0,16:09:27.153
000931.SZ,10:21:02.780,102102780,20643441,5.01,100,0,B,0,16:09:27.153
000931.SZ,10:21:02.780,102102780,20643442,5.01,300,0,B,0,16:09:27.153
000931.SZ,10:21:02.780,102102780,20643443,5.01,200,0,B,0,16:09:27.153
000931.SZ,10:21:02.780,102102780,20643444,5.01,100,0,B,0,16:09:27.153
000931.SZ,10:21:02.780,102102780,20643445,5.01,100,0,B,0,16:09:27.153
000931.SZ,10:21:02.780,102102780,20643447,5.01,100,0,B,0,16:09:27.153
000931.SZ,10:21:02.780,102102780,20643448,5.01,200,0,B,0,16:09:27.153
000931.SZ,10:21:02.780,102102780,20643449,5.01,200,0,B,0,16:09:27.153
000931.SZ,10:21:02.780,102102780,20643450,5.01,200,0,B,0,16:09:27.153
000931.SZ,10:21:02.780,102102780,20643451,5.01,200,0,B,0,16:09:27.153
000931.SZ,10:21:02.780,102102780,20643452,5.01,100,0,B,0,16:09:27.153
000931.SZ,10:21:02.780,102102780,20643453,5.01,300,0,B,0,16:09:27.153
000931.SZ,10:21:02.780,102102780,20643455,5.01,200,0,B,0,16:09:27.153
000931.SZ,10:21:02.790,102102790,20643466,5.01,100,0,B,0,16:09:27.153
000931.SZ,10:21:02.790,102102790,20643467,5.01,100,0,B,0,16:09:27.308
000931.SZ,10:21:02.790,102102790,20643472,5.01,200,0,B,0,16:09:27.308
000931.SZ,10:21:02.790,102102790,20643482,5.01,100,0,B,0,16:09:27.308
000931.SZ,10:21:02.810,102102810,20643510,5.01,100,0,B,0,16:09:27.308
000931.SZ,10:21:02.810,102102810,20643517,5.01,100,0,B,0,16:09:27.308
000931.SZ,10:21:02.830,102102830,20643552,5.01,100,0,B,0,16:09:27.308
000931.SZ,10:21:03.500,102103500,20645774,5.01,100,0,B,0,16:09:27.308
000931.SZ,10:21:03.560,102103560,20646061,5.02,800,0,S,0,16:09:27.308
000931.SZ,10:21:03.580,102103580,20646104,5.03,700,0,S,0,16:09:27.308
000931.SZ,10:21:03.590,102103590,20646133,5.04,700,0,S,0,16:09:27.308
000931.SZ,10:21:04.100,102104100,20648623,4.95,400,0,B,0,16:09:27.308
000931.SZ,10:21:04.540,102104540,20650398,5.01,800,0,S,0,16:09:27.419
000931.SZ,10:21:04.710,102104710,20651096,5.02,1200,0,S,0,16:09:27.419
000931.SZ,10:21:05.320,102105320,20653283,4.8,500,0,B,0,16:09:27.419
000931.SZ,10:21:05.580,102105580,20654067,5.01,100,0,S,0,16:09:27.419
000931.SZ,10:21:07.770,102107770,20662012,5.01,5600,0,B,0,16:09:27.790
000931.SZ,10:21:07.830,102107830,20662150,5.01,100,0,S,0,16:09:27.790
000931.SZ,10:21:08.100,102108100,20662939,5.01,100,0,B,0,16:09:27.790
000931.SZ,10:21:08.100,102108100,20662941,5.01,9000,0,S,0,16:09:27.790
000931.SZ,10:21:09.560,102109560,20667535,4.98,500,0,S,0,16:09:27.790
000931.SZ,10:21:09.980,102109980,20668958,5.03,300,0,S,0,16:09:27.790
000931.SZ,10:21:10.040,102110040,20669133,5.0,100,0,B,0,16:09:27.790
000931.SZ,10:21:10.050,102110050,20669159,5.01,700,0,S,0,16:09:27.790
000931.SZ,10:21:11.110,102111110,20672797,5.02,300,0,S,0,16:09:27.929
000931.SZ,10:21:11.310,102111310,20673295,4.98,2000,0,S,0,16:09:27.929
000931.SZ,10:21:12.550,102112550,20676744,5.01,100,0,S,0,16:09:27.929
000931.SZ,10:21:12.670,102112670,20677176,5.01,200,0,B,0,16:09:27.929
000931.SZ,10:21:15.080,102115080,20683963,5.01,600,0,S,0,16:09:28.254
000931.SZ,10:21:17.820,102117820,20692656,5.01,22800,0,S,0,16:09:28.427
000931.SZ,10:21:17.820,102117820,20692696,5.01,1000,0,B,0,16:09:28.427
000931.SZ,10:21:17.820,102117820,20692698,5.0,1200,0,B,0,16:09:28.427
000931.SZ,10:21:17.850,102117850,20692731,5.01,300,0,S,0,16:09:28.427
000931.SZ,10:21:18.230,102118230,20693853,5.0,700,0,B,0,16:09:28.427
000931.SZ,10:21:18.230,102118230,20693854,5.0,500,0,B,0,16:09:28.427
000931.SZ,10:21:20.780,102120780,20701508,5.01,400,0,S,0,16:09:28.553
000931.SZ,10:21:20.860,102120860,20701728,4.89,500,0,B,0,16:09:28.553
000931.SZ,10:21:21.260,102121260,20702962,5.01,400,0,S,0,16:09:28.553
000931.SZ,10:21:21.260,102121260,20702963,5.01,400,0,S,0,16:09:28.553
000931.SZ,10:21:21.260,102121260,20702965,5.01,400,0,S,0,16:09:28.553
000931.SZ,10:21:21.260,102121260,20702967,5.01,400,0,S,0,16:09:28.553
000931.SZ,10:21:21.260,102121260,20702970,5.01,400,0,S,0,16:09:28.553
000931.SZ,10:21:21.790,102121790,20704560,4.98,5000,0,B,0,16:09:28.553
000931.SZ,10:21:24.450,102124450,20712051,5.01,300,0,S,0,16:09:28.867
000931.SZ,10:21:24.600,102124600,20712571,5.0,100,0,B,0,16:09:28.867
000931.SZ,10:21:24.930,102124930,20713763,5.02,5600,0,S,0,16:09:28.867
000931.SZ,10:21:25.500,102125500,20716088,5.01,300,0,S,0,16:09:28.867
000931.SZ,10:21:26.590,102126590,20719458,5.01,300,0,S,0,16:09:29.008
000931.SZ,10:21:26.770,102126770,20719888,5.01,200,0,S,0,16:09:29.008
000931.SZ,10:21:26.780,102126780,20719913,5.02,200,0,S,0,16:09:29.008
000931.SZ,10:21:26.790,102126790,20719943,5.03,100,0,S,0,16:09:29.008
000931.SZ,10:21:27.330,102127330,20721343,5.01,300,0,S,0,16:09:29.008
000931.SZ,10:21:27.350,102127350,20721381,5.01,200,0,S,0,16:09:29.008
000931.SZ,10:21:27.350,102127350,20721388,5.01,200,0,S,0,16:09:29.008
000931.SZ,10:21:27.350,102127350,20721392,5.01,200,0,S,0,16:09:29.008
000931.SZ,10:21:28.490,102128490,20724969,5.01,300,0,S,0,16:09:29.205
000931.SZ,10:21:29.490,102129490,20727773,5.01,4300,0,B,0,16:09:29.205
000931.SZ,10:21:29.500,102129500,20727792,5.0,1600,0,B,0,16:09:29.205
000931.SZ,10:21:30.570,102130570,20730699,5.01,2000,0,B,0,16:09:29.205
000931.SZ,10:21:30.570,102130570,20730718,5.01,600,0,B,0,16:09:29.205
000931.SZ,10:21:30.580,102130580,20730728,5.01,200,0,B,0,16:09:29.205
000931.SZ,10:21:30.580,102130580,20730731,5.01,300,0,B,0,16:09:29.205
000931.SZ,10:21:30.580,102130580,20730733,5.01,200,0,B,0,16:09:29.205
000931.SZ,10:21:30.580,102130580,20730736,5.01,300,0,B,0,16:09:29.205
000931.SZ,10:21:33.170,102133170,20738159,5.08,20000,0,S,0,16:09:29.364
000931.SZ,10:21:33.330,102133330,20738552,5.01,200,0,B,0,16:09:29.364
000931.SZ,10:21:33.590,102133590,20739346,5.01,700,0,S,0,16:09:29.364
000931.SZ,10:21:33.600,102133600,20739361,5.03,700,0,S,0,16:09:29.364
000931.SZ,10:21:36.310,102136310,20748385,5.01,400,0,S,0,16:09:29.631
000931.SZ,10:21:38.580,102138580,20755603,5.01,1000,0,B,0,16:09:29.819
000931.SZ,10:21:38.590,102138590,20755613,5.0,1000,0,B,0,16:09:29.819
000931.SZ,10:21:38.730,102138730,20755964,5.01,100,0,B,0,16:09:29.819
000931.SZ,10:21:39.310,102139310,20757428,5.0,100,0,B,0,16:09:29.819
000931.SZ,10:21:39.310,102139310,20757437,5.01,400,0,S,0,16:09:29.819
000931.SZ,10:21:41.720,102141720,20765261,5.01,100,0,S,0,16:09:29.959
000931.SZ,10:21:41.730,102141730,20765282,5.02,100,0,S,0,16:09:29.959
000931.SZ,10:21:41.740,102141740,20765292,5.03,100,0,S,0,16:09:29.959
000931.SZ,10:21:44.640,102144640,20774525,4.99,2000,0,B,0,16:09:30.129
000931.SZ,10:21:44.680,102144680,20774765,5.01,1000,0,B,0,16:09:30.129
000931.SZ,10:21:44.680,102144680,20774782,5.0,1000,0,B,0,16:09:30.129
000931.SZ,10:21:44.730,102144730,20774929,5.0,100,0,B,0,16:09:30.129
000931.SZ,10:21:45.210,102145210,20776228,5.0,100,0,B,0,16:09:30.298
000931.SZ,10:21:46.890,102146890,20781549,5.1,4000,0,S,0,16:09:30.298
000931.SZ,10:21:52.290,102152290,20798603,5.0,50000,0,S,0,16:09:30.724
000931.SZ,10:21:52.300,102152300,20798681,5.01,200,0,S,0,16:09:30.724
000931.SZ,10:21:52.340,102152340,20798873,5.01,1000,0,S,0,16:09:30.724
000931.SZ,10:21:52.340,102152340,20798893,5.01,1500,0,S,0,16:09:30.724
000931.SZ,10:21:52.650,102152650,20799877,4.96,10000,0,B,0,16:09:30.724
000931.SZ,10:21:52.910,102152910,20800714,4.96,10000,0,B,0,16:09:30.724
000931.SZ,10:21:52.990,102152990,20800945,5.01,1800,0,S,0,16:09:30.724
000931.SZ,10:21:53.370,102153370,20802170,4.97,3000,0,B,0,16:09:30.724
000931.SZ,10:21:54.190,102154190,20804752,5.01,600,0,S,0,16:09:30.865
000931.SZ,10:21:54.270,102154270,20804993,5.01,400,0,S,0,16:09:30.865
000931.SZ,10:21:54.270,102154270,20804994,5.01,400,0,S,0,16:09:30.865
000931.SZ,10:21:57.420,102157420,20814399,5.0,100,0,B,0,16:09:31.122
000931.SZ,10:21:58.710,102158710,20818829,5.09,100,0,S,0,16:09:31.122
000931.SZ,10:22:00.180,102200180,20823759,5.01,400,0,S,0,16:09:31.379
000931.SZ,10:22:00.380,102200380,20824645,4.99,2000,0,B,0,16:09:31.379
000931.SZ,10:22:00.410,102200410,20824801,4.96,400,0,B,0,16:09:31.379
000931.SZ,10:22:01.530,102201530,20830843,5.0,100,0,S,0,16:09:31.565
000931.SZ,10:22:02.920,102202920,20836514,4.95,300,0,B,0,16:09:31.565
000931.SZ,10:22:06.400,102206400,20850936,5.1,900,0,S,0,16:09:31.910
000931.SZ,10:22:10.200,102210200,20864907,4.96,1000,0,B,0,16:09:32.345
000931.SZ,10:22:12.390,102212390,20871908,5.02,100,0,S,0,16:09:32.345
000931.SZ,10:22:12.810,102212810,20873467,5.01,200,0,S,0,16:09:32.486
000931.SZ,10:22:13.820,102213820,20876791,5.6,1500,0,S,0,16:09:32.486
000931.SZ,10:22:16.000,102216000,20882819,5.01,500,0,S,0,16:09:32.645
000931.SZ,10:22:16.310,102216310,20884225,5.0,300,0,B,0,16:09:32.645
000931.SZ,10:22:17.480,102217480,20888021,5.01,1000,0,S,0,16:09:32.693
000931.SZ,10:22:18.090,102218090,20889609,5.0,1000,0,B,0,16:09:32.941
000931.SZ,10:22:18.210,102218210,20889917,5.01,3000,0,S,0,16:09:32.941
000931.SZ,10:22:21.940,102221940,20900474,5.01,300,0,S,0,16:09:33.114
000931.SZ,10:22:23.310,102223310,20904402,5.01,1100,0,B,0,16:09:33.114
000931.SZ,10:22:23.330,102223330,20904444,5.01,300,0,S,0,16:09:33.114
000931.SZ,10:22:23.600,102223600,20905168,5.01,300,0,S,0,16:09:33.114
000931.SZ,10:22:25.100,102225100,20909821,5.0,100,0,B,0,16:09:33.299
000931.SZ,10:22:25.510,102225510,20910906,5.01,300,0,S,0,16:09:33.299
000931.SZ,10:22:25.610,102225610,20911371,5.01,22800,0,S,0,16:09:33.299
000931.SZ,10:22:27.470,102227470,20916818,5.0,8000,0,S,0,16:09:33.422
000931.SZ,10:22:27.820,102227820,20918368,5.0,100,0,B,0,16:09:33.422
000931.SZ,10:22:28.470,102228470,20920701,5.01,400,0,S,0,16:09:33.479
000931.SZ,10:22:28.520,102228520,20920821,5.01,600,0,S,0,16:09:33.479
000931.SZ,10:22:28.540,102228540,20920869,5.01,300,0,S,0,16:09:33.479
000931.SZ,10:22:28.680,102228680,20921274,5.01,300,0,S,0,16:09:33.479
000931.SZ,10:22:30.230,102230230,20925577,5.01,100,0,S,0,16:09:33.479
000931.SZ,10:22:30.430,102230430,20926257,5.0,500,0,B,0,16:09:33.537
000931.SZ,10:22:33.230,102233230,20935481,5.01,300,0,S,0,16:09:33.786
000931.SZ,10:22:33.550,102233550,20936469,5.01,500,0,S,0,16:09:33.786
000931.SZ,10:22:33.560,102233560,20936498,5.02,500,0,S,0,16:09:33.786
000931.SZ,10:22:33.580,102233580,20936548,5.03,500,0,S,0,16:09:33.786
000931.SZ,10:22:34.850,102234850,20940258,5.0,100,0,B,0,16:09:33.786
000931.SZ,10:22:35.020,102235020,20940748,5.0,7700,0,S,0,16:09:33.957
000931.SZ,10:22:36.840,102236840,20945894,5.0,1200,0,B,0,16:09:33.957
000931.SZ,10:22:38.280,102238280,20950587,5.01,400,0,S,0,16:09:34.147
000931.SZ,10:22:38.330,102238330,20950710,5.04,900,0,B,0,16:09:34.147
000931.SZ,10:22:38.510,102238510,20951192,5.01,300,0,S,0,16:09:34.147
000931.SZ,10:22:38.990,102238990,20952210,4.96,1000,0,B,0,16:09:34.147
000931.SZ,10:22:39.890,102239890,20955283,5.01,500,0,B,0,16:09:34.147
000931.SZ,10:22:39.990,102239990,20955647,5.0,1100,0,B,0,16:09:34.147
000931.SZ,10:22:41.230,102241230,20959271,5.0,100,0,B,0,16:09:34.332
000931.SZ,10:22:41.780,102241780,20960793,5.01,100,0,S,0,16:09:34.332
000931.SZ,10:22:41.790,102241790,20960815,5.02,100,0,S,0,16:09:34.332
000931.SZ,10:22:42.320,102242320,20962026,5.02,100,0,S,0,16:09:34.332
000931.SZ,10:22:42.810,102242810,20963656,5.01,900,0,S,0,16:09:34.332
000931.SZ,10:22:46.200,102246200,20973693,5.01,600,0,S,0,16:09:34.597
000931.SZ,10:22:47.160,102247160,20977075,5.01,2400,0,B,0,16:09:34.737
000931.SZ,10:22:49.070,102249070,20982758,5.0,1000,0,B,0,16:09:34.894
000931.SZ,10:22:49.270,102249270,20983250,5.01,5100,0,B,0,16:09:34.894
000931.SZ,10:22:49.740,102249740,20984875,4.98,3000,0,B,0,16:09:34.894
000931.SZ,10:22:50.520,102250520,20987304,4.97,900,0,B,0,16:09:34.894
000931.SZ,10:22:52.230,102252230,20992159,5.01,10900,0,B,0,16:09:35.050
000931.SZ,10:22:52.720,102252720,20994078,4.99,2000,0,B,0,16:09:35.050
000931.SZ,10:22:53.600,102253600,20996644,5.01,300,0,S,0,16:09:35.202
000931.SZ,10:22:54.020,102254020,20997611,5.01,47400,0,B,0,16:09:35.202
000931.SZ,10:22:54.380,102254380,20998766,4.98,2200,0,S,0,16:09:35.202
000931.SZ,10:22:54.550,102254550,20999480,5.01,100,0,S,0,16:09:35.202
000931.SZ,10:22:54.550,102254550,20999491,5.01,100,0,S,0,16:09:35.202
000931.SZ,10:22:54.550,102254550,20999496,5.01,1700,0,S,0,16:09:35.202
000931.SZ,10:22:55.070,102255070,21001064,5.01,1000,0,B,0,16:09:35.202
000931.SZ,10:22:55.100,102255100,21001176,5.01,200,0,B,0,16:09:35.202
000931.SZ,10:22:57.310,102257310,21007458,5.01,1900,0,S,0,16:09:35.407
000931.SZ,10:22:57.390,102257390,21007677,4.98,8100,0,B,0,16:09:35.407
000931.SZ,10:22:57.440,102257440,21007924,5.02,100,0,S,0,16:09:35.407
000931.SZ,10:22:57.450,102257450,21007959,5.01,300,0,B,0,16:09:35.407
000931.SZ,10:22:59.070,102259070,21012931,5.01,4300,0,S,0,16:09:35.626
000931.SZ,10:22:59.100,102259100,21012981,5.01,1400,0,S,0,16:09:35.626
000931.SZ,10:22:59.100,102259100,21012985,5.01,1500,0,S,0,16:09:35.626
000931.SZ,10:22:59.320,102259320,21013557,5.01,600,0,S,0,16:09:35.626
000931.SZ,10:23:00.530,102300530,21016706,5.01,100,0,S,0,16:09:35.626
000931.SZ,10:23:01.130,102301130,21019033,5.01,1000,0,S,0,16:09:35.845
000931.SZ,10:23:01.670,102301670,21020986,5.01,2200,0,S,0,16:09:35.845
000931.SZ,10:23:01.680,102301680,21020995,5.01,900,0,S,0,16:09:35.845
000931.SZ,10:23:02.100,102302100,21022627,5.01,600,0,S,0,16:09:35.845
000931.SZ,10:23:02.450,102302450,21024082,4.97,1000,0,B,0,16:09:35.845
000931.SZ,10:23:03.070,102303070,21025538,4.99,500,0,B,0,16:09:35.845
000931.SZ,10:23:03.290,102303290,21026449,5.01,300,0,S,0,16:09:35.987
000931.SZ,10:23:03.310,102303310,21026504,5.01,500,0,S,0,16:09:35.987
000931.SZ,10:23:03.310,102303310,21026508,5.01,100,0,S,0,16:09:35.987
000931.SZ,10:23:03.310,102303310,21026510,5.01,200,0,S,0,16:09:35.987
000931.SZ,10:23:03.310,102303310,21026512,5.01,100,0,S,0,16:09:35.987
000931.SZ,10:23:03.360,102303360,21026736,5.01,200,0,S,0,16:09:35.987
000931.SZ,10:23:03.900,102303900,21028391,4.99,2000,0,B,0,16:09:35.987
000931.SZ,10:23:06.360,102306360,21038565,5.01,100,0,B,0,16:09:36.143
000931.SZ,10:23:06.400,102306400,21038785,4.8,600,0,B,0,16:09:36.143
000931.SZ,10:23:06.520,102306520,21039450,5.01,100,0,S,0,16:09:36.295
000931.SZ,10:23:07.090,102307090,21042404,5.01,1000,0,S,0,16:09:36.295
000931.SZ,10:23:07.360,102307360,21044086,5.01,800,0,B,0,16:09:36.295
000931.SZ,10:23:07.730,102307730,21045943,4.59,5000,0,B,0,16:09:36.468
000931.SZ,10:23:09.390,102309390,21052924,5.01,500,0,S,0,16:09:36.468
000931.SZ,10:23:09.630,102309630,21054241,5.01,200,0,S,0,16:09:36.657
000931.SZ,10:23:10.100,102310100,21056279,5.01,100,0,B,0,16:09:36.657
000931.SZ,10:23:10.320,102310320,21057417,5.01,800,0,B,0,16:09:36.657
000931.SZ,10:23:10.370,102310370,21057642,5.01,800,0,B,0,16:09:36.657
000931.SZ,10:23:10.980,102310980,21060961,5.01,100,0,B,0,16:09:36.657
000931.SZ,10:23:10.990,102310990,21060986,5.01,400,0,B,0,16:09:36.657
000931.SZ,10:23:12.190,102312190,21065038,4.91,6000,0,B,0,16:09:36.847
000931.SZ,10:23:12.470,102312470,21066488,5.01,200,0,B,0,16:09:36.847
000931.SZ,10:23:12.550,102312550,21066878,5.01,100,0,S,0,16:09:36.847
000931.SZ,10:23:12.680,102312680,21067326,5.01,8900,0,S,0,16:09:36.847
000931.SZ,10:23:12.690,102312690,21067366,5.01,900,0,S,0,16:09:36.847
000931.SZ,10:23:12.690,102312690,21067381,5.01,200,0,B,0,16:09:36.847
000931.SZ,10:23:12.690,102312690,21067385,5.01,100,0,B,0,16:09:36.847
000931.SZ,10:23:12.700,102312700,21067443,5.01,200,0,B,0,16:09:36.847
000931.SZ,10:23:12.760,102312760,21067800,5.01,800,0,B,0,16:09:36.847
000931.SZ,10:23:12.770,102312770,21067827,5.01,800,0,B,0,16:09:36.847
000931.SZ,10:23:12.790,102312790,21067936,5.01,100,0,B,0,16:09:36.847
000931.SZ,10:23:13.080,102313080,21068986,5.0,900,0,B,0,16:09:36.847
000931.SZ,10:23:13.080,102313080,21069015,5.01,200,0,B,0,16:09:36.847
000931.SZ,10:23:13.340,102313340,21070088,5.01,600,0,B,0,16:09:36.847
000931.SZ,10:23:13.360,102313360,21070172,5.01,500,0,B,0,16:09:36.847
000931.SZ,10:23:13.680,102313680,21071621,5.01,1000,0,B,0,16:09:37.001
000931.SZ,10:23:13.720,102313720,21071748,5.01,1600,0,B,0,16:09:37.001
000931.SZ,10:23:13.720,102313720,21071769,5.01,700,0,B,0,16:09:37.001
000931.SZ,10:23:14.070,102314070,21072820,5.02,1100,0,S,0,16:09:37.001
000931.SZ,10:23:15.760,102315760,21078352,5.01,800,0,B,0,16:09:37.190
000931.SZ,10:23:15.800,102315800,21078472,5.01,300,0,B,0,16:09:37.190
000931.SZ,10:23:15.940,102315940,21078979,5.01,100,0,B,0,16:09:37.190
000931.SZ,10:23:16.110,102316110,21079736,5.01,100,0,B,0,16:09:37.190
000931.SZ,10:23:16.770,102316770,21083257,5.02,500,0,S,0,16:09:37.190
000931.SZ,10:23:17.340,102317340,21085852,5.01,400,0,B,0,16:09:37.190
000931.SZ,10:23:17.350,102317350,21085953,5.01,6700,0,B,0,16:09:37.190
000931.SZ,10:23:18.410,102318410,21089840,5.01,100,0,B,0,16:09:37.324
000931.SZ,10:23:18.540,102318540,21090518,5.01,100,0,S,0,16:09:37.324
000931.SZ,10:23:18.610,102318610,21090831,5.01,100,0,B,0,16:09:37.324
000931.SZ,10:23:18.730,102318730,21091505,4.99,3000,0,B,0,16:09:37.324
000931.SZ,10:23:18.760,102318760,21091689,5.01,800,0,B,0,16:09:37.324
000931.SZ,10:23:18.950,102318950,21092300,5.03,200,0,S,0,16:09:37.324
000931.SZ,10:23:19.130,102319130,21093140,5.02,600,0,S,0,16:09:37.324
000931.SZ,10:23:19.770,102319770,21095629,4.98,1000,0,B,0,16:09:37.482
000931.SZ,10:23:23.040,102323040,21108379,5.01,100,0,B,0,16:09:37.734
000931.SZ,10:23:24.540,102324540,21112773,5.01,100,0,S,0,16:09:37.967
000931.SZ,10:23:24.860,102324860,21113870,5.01,100,0,B,0,16:09:37.967
000931.SZ,10:23:26.620,102326620,21118980,5.01,200,0,B,0,16:09:37.967
000931.SZ,10:23:27.750,102327750,21122317,5.01,500,0,B,0,16:09:38.157
000931.SZ,10:23:27.770,102327770,21122446,5.01,800,0,B,0,16:09:38.157
000931.SZ,10:23:30.870,102330870,21131938,4.95,2100,0,B,0,16:09:38.342
000931.SZ,10:23:31.210,102331210,21133144,5.0,1000,0,B,0,16:09:38.342
000931.SZ,10:23:33.100,102333100,21138412,5.0,500,0,B,0,16:09:38.511
000931.SZ,10:23:33.860,102333860,21140794,5.01,200,0,B,0,16:09:38.511
000931.SZ,10:23:34.940,102334940,21144087,4.89,400,0,B,0,16:09:38.511
000931.SZ,10:23:35.490,102335490,21145352,5.01,100,0,B,0,16:09:38.703
000931.SZ,10:23:38.680,102338680,21153458,4.96,2000,0,B,0,16:09:38.874
000931.SZ,10:23:39.870,102339870,21156605,5.01,1000,0,B,0,16:09:38.874
000931.SZ,10:23:42.750,102342750,21164786,5.01,800,0,B,0,16:09:39.156
000931.SZ,10:23:43.070,102343070,21166088,5.01,1100,0,B,0,16:09:39.156
000931.SZ,10:23:45.890,102345890,21174310,5.01,500,0,B,0,16:09:39.322
000931.SZ,10:23:46.090,102346090,21174889,5.02,600,0,S,0,16:09:39.322
000931.SZ,10:23:46.530,102346530,21176900,5.01,300,0,S,0,16:09:39.322
000931.SZ,10:23:47.760,102347760,21180548,5.04,4800,0,S,0,16:09:39.495
000931.SZ,10:23:48.260,102348260,21181810,5.01,2200,0,S,0,16:09:39.495
000931.SZ,10:23:49.580,102349580,21186263,5.01,100,0,S,0,16:09:39.689
000931.SZ,10:23:50.330,102350330,21188373,5.01,1200,0,B,0,16:09:39.689
000931.SZ,10:23:54.270,102354270,21199106,4.99,13200,0,B,0,16:09:39.843
000931.SZ,10:23:55.200,102355200,21201727,5.01,100,0,B,0,16:09:39.919
000931.SZ,10:23:56.560,102356560,21205333,5.01,100,0,S,0,16:09:40.091
000931.SZ,10:23:56.710,102356710,21205732,5.02,800,0,S,0,16:09:40.091
000931.SZ,10:23:57.730,102357730,21208667,5.01,100,0,B,0,16:09:40.091
000931.SZ,10:23:58.010,102358010,21209674,5.02,1000,0,S,0,16:09:40.091
000931.SZ,10:23:58.480,102358480,21211350,5.01,500,0,B,0,16:09:40.336
000931.SZ,10:23:58.670,102358670,21211987,5.0,1000,0,B,0,16:09:40.336
000931.SZ,10:24:00.860,102400860,21218989,4.98,400,0,B,0,16:09:40.540
000931.SZ,10:24:00.870,102400870,21219017,5.01,5500,0,B,0,16:09:40.540
000931.SZ,10:24:00.890,102400890,21219087,5.01,2000,0,B,0,16:09:40.540
000931.SZ,10:24:10.530,102410530,21251397,5.02,200,0,B,0,16:09:41.287
000931.SZ,10:24:11.190,102411190,21253418,5.0,500,0,B,0,16:09:41.287
000931.SZ,10:24:13.640,102413640,21260219,4.98,5000,0,B,0,16:09:41.476
000931.SZ,10:24:14.650,102414650,21262913,5.01,1000,0,B,0,16:09:41.476
000931.SZ,10:24:15.240,102415240,21264606,4.96,7100,0,B,0,16:09:41.476
000931.SZ,10:24:15.570,102415570,21265581,5.01,1100,0,S,0,16:09:41.476
000931.SZ,10:24:18.250,102418250,21273205,5.02,800,0,S,0,16:09:41.683
000931.SZ,10:24:18.760,102418760,21274847,5.01,800,0,B,0,16:09:41.683
000931.SZ,10:24:22.020,102422020,21283531,5.01,400,0,S,0,16:09:41.917
000931.SZ,10:24:25.300,102425300,21292781,5.01,100,0,B,0,16:09:42.200
000931.SZ,10:24:27.610,102427610,21298532,5.01,200,0,B,0,16:09:42.366
000931.SZ,10:24:30.710,102430710,21308552,5.01,100,0,S,0,16:09:42.477
000931.SZ,10:24:30.820,102430820,21308955,5.02,100,0,B,0,16:09:42.477
000931.SZ,10:24:33.400,102433400,21318233,5.01,1000,0,B,0,16:09:42.697
000931.SZ,10:24:35.810,102435810,21326150,5.02,100,0,B,0,16:09:42.901
000931.SZ,10:24:36.490,102436490,21328465,5.02,300,0,B,0,16:09:42.901
000931.SZ,10:24:38.270,102438270,21334063,5.02,400,0,B,0,16:09:43.025
000931.SZ,10:24:38.340,102438340,21334271,5.01,300,0,B,0,16:09:43.025
000931.SZ,10:24:38.820,102438820,21335257,5.02,100,0,B,0,16:09:43.137
000931.SZ,10:24:38.990,102438990,21335689,5.01,100,0,B,0,16:09:43.137
000931.SZ,10:24:49.700,102449700,21364226,4.98,1000,0,B,0,16:09:43.775
000931.SZ,10:24:51.070,102451070,21367130,5.01,500,0,B,0,16:09:43.933
000931.SZ,10:24:55.350,102455350,21379047,5.01,1500,0,B,0,16:09:44.246
000931.SZ,10:24:56.560,102456560,21381968,5.01,100,0,B,0,16:09:44.246
000931.SZ,10:24:58.520,102458520,21387258,5.01,10000,0,S,0,16:09:44.382
000931.SZ,10:24:58.570,102458570,21387453,5.01,13500,0,S,0,16:09:44.382
000931.SZ,10:24:59.550,102459550,21390019,5.01,1000,0,S,0,16:09:44.382
000931.SZ,10:24:59.560,102459560,21390041,5.01,200,0,B,0,16:09:44.382
000931.SZ,10:25:00.770,102500770,21394352,5.01,800,0,B,0,16:09:44.634
000931.SZ,10:25:00.770,102500770,21394369,5.02,100,0,S,0,16:09:44.634
000931.SZ,10:25:00.770,102500770,21394371,5.02,700,0,S,0,16:09:44.634
000931.SZ,10:25:00.990,102500990,21394927,5.01,200,0,S,0,16:09:44.634
000931.SZ,10:25:01.220,102501220,21395763,5.05,11900,0,S,0,16:09:44.634
000931.SZ,10:25:01.540,102501540,21396999,5.01,100,0,S,0,16:09:44.868
000931.SZ,10:25:02.050,102502050,21398798,5.0,1000,0,B,0,16:09:44.868
000931.SZ,10:25:03.760,102503760,21403211,5.01,800,0,B,0,16:09:44.868
000931.SZ,10:25:05.760,102505760,21409859,4.98,2100,0,S,0,16:09:45.025
000931.SZ,10:25:05.780,102505780,21409885,5.01,400,0,S,0,16:09:45.025
000931.SZ,10:25:05.780,102505780,21409887,5.01,400,0,S,0,16:09:45.025
000931.SZ,10:25:06.190,102506190,21411018,5.01,1300,0,B,0,16:09:45.025
000931.SZ,10:25:06.220,102506220,21411142,5.01,100,0,B,0,16:09:45.025
000931.SZ,10:25:06.220,102506220,21411149,5.01,200,0,B,0,16:09:45.025
000931.SZ,10:25:07.540,102507540,21415021,5.01,100,0,S,0,16:09:45.166
000931.SZ,10:25:09.750,102509750,21421308,5.01,800,0,B,0,16:09:45.349
000931.SZ,10:25:10.170,102510170,21422850,5.01,800,0,B,0,16:09:45.349
000931.SZ,10:25:12.720,102512720,21430118,5.01,900,0,B,0,16:09:45.536
000931.SZ,10:25:12.760,102512760,21430194,5.01,800,0,B,0,16:09:45.536
000931.SZ,10:25:13.540,102513540,21433331,5.01,100,0,S,0,16:09:45.536
000931.SZ,10:25:14.010,102514010,21434779,5.01,500,0,B,0,16:09:45.536
000931.SZ,10:25:14.020,102514020,21434829,5.01,6000,0,B,0,16:09:45.536
000931.SZ,10:25:15.350,102515350,21439744,5.01,300,0,B,0,16:09:45.714
000931.SZ,10:25:15.550,102515550,21440905,5.01,100,0,B,0,16:09:45.714
000931.SZ,10:25:15.990,102515990,21442694,4.99,300,0,B,0,16:09:45.714
000931.SZ,10:25:16.020,102516020,21442791,5.01,200,0,B,0,16:09:45.714
000931.SZ,10:25:18.230,102518230,21450304,5.01,100,0,B,0,16:09:45.900
000931.SZ,10:25:18.230,102518230,21450311,5.01,100,0,B,0,16:09:45.900
000931.SZ,10:25:18.240,102518240,21450316,5.01,200,0,B,0,16:09:45.900
000931.SZ,10:25:18.250,102518250,21450345,5.01,200,0,B,0,16:09:45.900
000931.SZ,10:25:18.250,102518250,21450347,5.01,100,0,B,0,16:09:45.900
000931.SZ,10:25:18.250,102518250,21450369,5.01,100,0,B,0,16:09:45.900
000931.SZ,10:25:18.250,102518250,21450384,5.01,100,0,B,0,16:09:45.900
000931.SZ,10:25:18.260,102518260,21450386,5.01,100,0,B,0,16:09:45.900
000931.SZ,10:25:18.260,102518260,21450390,5.01,100,0,B,0,16:09:45.900
000931.SZ,10:25:18.260,102518260,21450397,5.01,100,0,B,0,16:09:45.900
000931.SZ,10:25:18.260,102518260,21450399,5.01,100,0,B,0,16:09:45.900
000931.SZ,10:25:18.270,102518270,21450426,5.01,100,0,B,0,16:09:45.900
000931.SZ,10:25:18.270,102518270,21450429,5.01,100,0,B,0,16:09:45.900
000931.SZ,10:25:18.290,102518290,21450487,5.01,100,0,B,0,16:09:45.900
000931.SZ,10:25:18.770,102518770,21453265,5.01,800,0,B,0,16:09:45.900
000931.SZ,10:25:19.540,102519540,21457046,5.01,100,0,B,0,16:09:46.055
000931.SZ,10:25:22.970,102522970,21470016,4.59,20000,0,B,0,16:09:46.211
000931.SZ,10:25:23.020,102523020,21470294,5.01,100,0,B,0,16:09:46.211
000931.SZ,10:25:23.160,102523160,21470882,5.01,9900,0,B,0,16:09:46.211
000931.SZ,10:25:24.240,102524240,21474026,5.01,500,0,B,0,16:09:46.394
000931.SZ,10:25:24.470,102524470,21474969,5.0,1000,0,B,0,16:09:46.394
000931.SZ,10:25:25.200,102525200,21477780,5.01,100,0,B,0,16:09:46.394
000931.SZ,10:25:25.220,102525220,21477870,5.01,100,0,B,0,16:09:46.394
000931.SZ,10:25:27.200,102527200,21483569,5.01,100,0,B,0,16:09:46.569
000931.SZ,10:25:29.300,102529300,21490278,5.01,500,0,B,0,16:09:46.758
000931.SZ,10:25:30.210,102530210,21492554,5.01,700,0,B,0,16:09:46.758
000931.SZ,10:25:31.440,102531440,21496378,4.96,1000,0,B,0,16:09:46.946
000931.SZ,10:25:33.760,102533760,21502401,5.01,5300,0,B,0,16:09:46.946
000931.SZ,10:25:36.480,102536480,21510612,5.01,1800,0,B,0,16:09:47.102
000931.SZ,10:25:39.290,102539290,21517831,5.01,500,0,B,0,16:09:47.264
000931.SZ,10:25:43.450,102543450,21530664,5.03,1300,0,S,0,16:09:47.549
000931.SZ,10:25:49.760,102549760,21548523,4.99,4500,0,B,0,16:09:48.036
000931.SZ,10:25:54.590,102554590,21562690,5.0,600,0,B,0,16:09:48.313
000931.SZ,10:25:55.220,102555220,21565028,5.05,1800,0,S,0,16:09:48.313
000931.SZ,10:25:56.120,102556120,21567874,5.01,200,0,B,0,16:09:48.313
000931.SZ,10:25:59.410,102559410,21576892,5.01,10000,0,B,0,16:09:48.526
000931.SZ,10:26:03.900,102603900,21596023,5.01,100,0,B,0,16:09:49.155
000931.SZ,10:26:04.430,102604430,21598009,5.6,34600,0,S,0,16:09:49.155
000931.SZ,10:26:08.130,102608130,21610538,5.0,500,0,B,0,16:09:49.385
000931.SZ,10:26:08.510,102608510,21611685,5.02,100,0,S,0,16:09:49.385
000931.SZ,10:26:12.160,102612160,21623248,5.01,3900,0,S,0,16:09:49.667
000931.SZ,10:26:13.410,102613410,21628169,5.0,1200,0,B,0,16:09:49.843
000931.SZ,10:26:14.180,102614180,21630668,5.0,1000,0,B,0,16:09:49.843
000931.SZ,10:26:15.360,102615360,21633758,5.01,100,0,B,0,16:09:50.017
000931.SZ,10:26:24.500,102624500,21665863,5.01,100,0,B,0,16:09:50.541
000931.SZ,10:26:27.750,102627750,21675503,5.01,100,0,B,0,16:09:50.887
000931.SZ,10:26:30.240,102630240,21684375,5.01,2300,0,S,0,16:09:51.046
000931.SZ,10:26:42.750,102642750,21720186,5.01,800,0,B,0,16:09:51.743
000931.SZ,10:26:49.150,102649150,21738491,4.97,300,0,B,0,16:09:52.217
000931.SZ,10:26:49.340,102649340,21739263,5.1,300,0,S,0,16:09:52.217
000931.SZ,10:26:53.640,102653640,21750855,5.01,2700,0,B,0,16:09:52.459
000931.SZ,10:26:54.640,102654640,21754046,5.01,2500,0,B,0,16:09:52.664
000931.SZ,10:26:54.640,102654640,21754055,5.03,100,0,S,0,16:09:52.664
000931.SZ,10:26:54.710,102654710,21754246,5.01,500,0,B,0,16:09:52.664
000931.SZ,10:26:57.050,102657050,21760702,5.01,200,0,B,0,16:09:52.664
000931.SZ,10:26:58.070,102658070,21763682,5.01,41400,0,B,0,16:09:52.855
000931.SZ,10:26:58.600,102658600,21765313,5.02,1700,0,S,0,16:09:52.855
000931.SZ,10:26:58.670,102658670,21765468,5.02,1000,0,S,0,16:09:52.855
000931.SZ,10:26:59.610,102659610,21767784,4.62,800,0,B,0,16:09:52.855
000931.SZ,10:27:01.640,102701640,21774364,5.01,2500,0,B,0,16:09:53.121
000931.SZ,10:27:11.640,102711640,21800345,5.08,2000,0,S,0,16:09:53.695
000931.SZ,10:27:19.760,102719760,21820079,5.02,1200,0,B,0,16:09:54.103
000931.SZ,10:27:26.180,102726180,21837140,5.01,100,0,B,0,16:09:54.553
000931.SZ,10:27:26.970,102726970,21838768,5.01,900,0,B,0,16:09:54.553
000931.SZ,10:27:28.030,102728030,21841957,5.01,100,0,S,0,16:09:54.553
000931.SZ,10:27:33.420,102733420,21857875,5.13,500,0,S,0,16:09:54.978
000931.SZ,10:27:35.290,102735290,21863225,5.02,500,0,S,0,16:09:55.164
000931.SZ,10:27:36.810,102736810,21867169,5.01,1000,0,S,0,16:09:55.164
000931.SZ,10:27:37.170,102737170,21868454,5.01,2000,0,B,0,16:09:55.164
000931.SZ,10:27:37.770,102737770,21870731,5.01,4200,0,B,0,16:09:55.164
000931.SZ,10:27:39.240,102739240,21874409,5.02,700,0,B,0,16:09:55.290
000931.SZ,10:27:39.810,102739810,21876060,5.01,1300,0,B,0,16:09:55.290
000931.SZ,10:27:43.920,102743920,21887317,4.86,2000,0,B,0,16:09:55.597
000931.SZ,10:27:45.280,102745280,21890787,5.02,500,0,B,0,16:09:55.597
000931.SZ,10:27:48.010,102748010,21898256,5.01,8500,0,B,0,16:09:55.740
000931.SZ,10:27:48.980,102748980,21900748,5.0,6200,0,B,0,16:09:55.867
000931.SZ,10:27:53.030,102753030,21911842,5.01,1900,0,B,0,16:09:56.105
000931.SZ,10:27:54.990,102754990,21916939,5.01,4000,0,S,0,16:09:56.211
000931.SZ,10:27:56.780,102756780,21921383,5.05,1500,0,B,0,16:09:56.289
000931.SZ,10:27:57.230,102757230,21922374,5.02,9000,0,S,0,16:09:56.289
000931.SZ,10:27:57.400,102757400,21922911,5.02,900,0,S,0,16:09:56.416
000931.SZ,10:27:57.550,102757550,21923294,5.01,200,0,B,0,16:09:56.416
000931.SZ,10:27:58.930,102758930,21927143,5.11,500,0,S,0,16:09:56.416
000931.SZ,10:28:00.610,102800610,21932527,5.01,200,0,S,0,16:09:56.643
000931.SZ,10:28:01.940,102801940,21938711,5.0,1000,0,B,0,16:09:56.770
000931.SZ,10:28:02.080,102802080,21939321,5.01,2000,0,B,0,16:09:56.770
000931.SZ,10:28:02.190,102802190,21939678,4.88,5100,0,B,0,16:09:56.770
000931.SZ,10:28:03.190,102803190,21944154,5.1,2000,0,S,0,16:09:56.945
000931.SZ,10:28:08.630,102808630,21965166,4.97,300,0,B,0,16:09:57.287
000931.SZ,10:28:09.530,102809530,21967551,5.01,1500,0,B,0,16:09:57.397
000931.SZ,10:28:12.980,102812980,21976650,4.97,1000,0,B,0,16:09:57.612
000931.SZ,10:28:14.870,102814870,21981652,5.0,28000,0,B,0,16:09:57.753
000931.SZ,10:28:21.600,102821600,22003765,4.85,5300,0,B,0,16:09:58.224
000931.SZ,10:28:26.380,102826380,22020037,4.97,1000,0,B,0,16:09:58.531
000931.SZ,10:28:26.870,102826870,22021368,5.01,100,0,B,0,16:09:58.675
000931.SZ,10:28:28.000,102828000,22025051,4.98,1000,0,B,0,16:09:58.675
000931.SZ,10:28:36.140,102836140,22056778,5.03,500,0,S,0,16:09:59.379
000931.SZ,10:28:36.140,102836140,22056779,5.03,1000,0,S,0,16:09:59.379
000931.SZ,10:28:36.140,102836140,22056782,5.03,100,0,S,0,16:09:59.379
000931.SZ,10:28:36.140,102836140,22056783,5.03,700,0,S,0,16:09:59.379
000931.SZ,10:28:36.140,102836140,22056784,5.03,400,0,S,0,16:09:59.379
000931.SZ,10:28:36.140,102836140,22056785,5.03,500,0,S,0,16:09:59.379
000931.SZ,10:28:36.140,102836140,22056786,5.03,900,0,S,0,16:09:59.379
000931.SZ,10:28:36.140,102836140,22056787,5.03,100,0,S,0,16:09:59.379
000931.SZ,10:28:36.140,102836140,22056788,5.03,500,0,S,0,16:09:59.379
000931.SZ,10:28:36.140,102836140,22056789,5.03,700,0,S,0,16:09:59.379
000931.SZ,10:28:36.140,102836140,22056790,5.03,400,0,S,0,16:09:59.379
000931.SZ,10:28:36.150,102836150,22056798,5.03,7100,0,S,0,16:09:59.379
000931.SZ,10:28:36.150,102836150,22056799,5.03,100,0,S,0,16:09:59.379
000931.SZ,10:28:36.160,102836160,22056830,5.03,600,0,S,0,16:09:59.379
000931.SZ,10:28:36.190,102836190,22056894,5.02,2500,0,S,0,16:09:59.379
000931.SZ,10:28:36.690,102836690,22058817,4.99,2000,0,B,0,16:09:59.379
000931.SZ,10:28:45.680,102845680,22087717,5.02,200,0,S,0,16:10:00.004
000931.SZ,10:28:46.650,102846650,22091139,5.02,2700,0,B,0,16:10:00.114
000931.SZ,10:28:46.660,102846660,22091144,5.02,2500,0,B,0,16:10:00.114
000931.SZ,10:28:46.660,102846660,22091152,5.02,2500,0,B,0,16:10:00.114
000931.SZ,10:28:46.660,102846660,22091162,5.02,10000,0,B,0,16:10:00.114
000931.SZ,10:28:46.660,102846660,22091184,5.01,400,0,B,0,16:10:00.114
000931.SZ,10:28:46.860,102846860,22091919,5.02,300,0,B,0,16:10:00.114
000931.SZ,10:28:46.860,102846860,22091924,5.02,200,0,B,0,16:10:00.114
000931.SZ,10:28:46.890,102846890,22092000,5.02,100,0,B,0,16:10:00.114
000931.SZ,10:28:46.900,102846900,22092011,5.02,100,0,B,0,16:10:00.114
000931.SZ,10:28:46.910,102846910,22092040,5.02,700,0,B,0,16:10:00.114
000931.SZ,10:28:47.070,102847070,22092590,5.02,200,0,B,0,16:10:00.114
000931.SZ,10:28:47.070,102847070,22092594,5.02,300,0,B,0,16:10:00.114
000931.SZ,10:28:47.080,102847080,22092604,5.02,200,0,B,0,16:10:00.114
000931.SZ,10:28:47.080,102847080,22092607,5.02,100,0,B,0,16:10:00.114
000931.SZ,10:28:47.080,102847080,22092610,5.02,200,0,B,0,16:10:00.114
000931.SZ,10:28:47.080,102847080,22092612,5.02,100,0,B,0,16:10:00.114
000931.SZ,10:28:47.100,102847100,22092670,5.02,100,0,B,0,16:10:00.114
000931.SZ,10:28:47.260,102847260,22093072,5.02,800,0,B,0,16:10:00.269
000931.SZ,10:28:47.270,102847270,22093091,5.01,200,0,B,0,16:10:00.269
000931.SZ,10:28:47.270,102847270,22093092,5.01,100,0,B,0,16:10:00.269
000931.SZ,10:28:47.270,102847270,22093095,5.01,100,0,B,0,16:10:00.269
000931.SZ,10:28:51.810,102851810,22106287,5.02,100,0,S,0,16:10:00.544
000931.SZ,10:28:54.420,102854420,22113455,5.02,2500,0,S,0,16:10:00.671
000931.SZ,10:28:54.890,102854890,22114851,5.0,3000,0,B,0,16:10:00.671
000931.SZ,10:28:56.160,102856160,22118354,5.01,100,0,B,0,16:10:00.753
000931.SZ,10:28:56.640,102856640,22119443,5.01,5000,0,B,0,16:10:00.753
000931.SZ,10:28:58.220,102858220,22124372,5.02,10000,0,S,0,16:10:00.891
000931.SZ,10:29:03.090,102903090,22141867,5.02,2500,0,S,0,16:10:01.361
000931.SZ,10:29:03.120,102903120,22141952,5.02,200,0,S,0,16:10:01.361
000931.SZ,10:29:03.120,102903120,22141962,5.02,400,0,S,0,16:10:01.361
000931.SZ,10:29:03.470,102903470,22143120,5.01,3000,0,B,0,16:10:01.517
000931.SZ,10:29:08.330,102908330,22158811,5.01,600,0,B,0,16:10:01.811
000931.SZ,10:29:09.180,102909180,22161286,5.02,100,0,B,0,16:10:01.811
000931.SZ,10:29:09.250,102909250,22161505,5.01,100,0,B,0,16:10:01.811
000931.SZ,10:29:11.590,102911590,22169239,5.0,200,0,B,0,16:10:02.065
000931.SZ,10:29:12.240,102912240,22171075,5.06,400,0,B,0,16:10:02.065
000931.SZ,10:29:14.460,102914460,22178383,5.02,3900,0,S,0,16:10:02.313
000931.SZ,10:29:14.620,102914620,22178757,5.01,3200,0,B,0,16:10:02.313
000931.SZ,10:29:14.820,102914820,22179251,5.01,6400,0,B,0,16:10:02.313
000931.SZ,10:29:16.520,102916520,22184979,5.02,1000,0,S,0,16:10:02.423
000931.SZ,10:29:18.780,102918780,22191424,5.01,2800,0,S,0,16:10:02.557
000931.SZ,10:29:18.780,102918780,22191454,5.01,100,0,B,0,16:10:02.557
000931.SZ,10:29:18.830,102918830,22191622,5.02,1000,0,B,0,16:10:02.557
000931.SZ,10:29:19.160,102919160,22192595,4.99,1000,0,B,0,16:10:02.557
000931.SZ,10:29:20.970,102920970,22198180,5.01,5000,0,B,0,16:10:02.698
000931.SZ,10:29:21.000,102921000,22198231,5.0,1000,0,B,0,16:10:02.698
000931.SZ,10:29:25.500,102925500,22210868,5.1,200,0,B,0,16:10:03.015
000931.SZ,10:29:27.350,102927350,22215634,5.01,2000,0,B,0,16:10:03.187
000931.SZ,10:29:27.740,102927740,22216555,5.01,200,0,B,0,16:10:03.187
000931.SZ,10:29:28.380,102928380,22218452,5.02,200,0,B,0,16:10:03.187
000931.SZ,10:29:28.610,102928610,22219163,5.01,6000,0,B,0,16:10:03.187
000931.SZ,10:29:29.260,102929260,22220638,5.03,100,0,S,0,16:10:03.327
000931.SZ,10:29:30.410,102930410,22223957,5.01,100,0,S,0,16:10:03.327
000931.SZ,10:29:32.490,102932490,22231940,5.01,100,0,S,0,16:10:03.589
000931.SZ,10:29:33.360,102933360,22234317,5.02,100,0,B,0,16:10:03.589
000931.SZ,10:29:34.200,102934200,22236756,5.1,100,0,B,0,16:10:03.589
000931.SZ,10:29:35.660,102935660,22240849,5.02,700,0,B,0,16:10:03.732
000931.SZ,10:29:38.280,102938280,22248338,5.02,100,0,B,0,16:10:03.883
000931.SZ,10:29:38.430,102938430,22248690,5.02,100,0,B,0,16:10:03.883
000931.SZ,10:29:38.590,102938590,22249107,4.98,5000,0,B,0,16:10:03.883
000931.SZ,10:29:43.950,102943950,22262840,5.01,6000,0,B,0,16:10:04.286
000931.SZ,10:29:46.190,102946190,22267872,5.01,600,0,B,0,16:10:04.411
000931.SZ,10:29:46.890,102946890,22269703,5.02,1200,0,B,0,16:10:04.411
000931.SZ,10:29:46.890,102946890,22269705,5.02,1000,0,B,0,16:10:04.411
000931.SZ,10:29:46.900,102946900,22269717,5.01,1000,0,B,0,16:10:04.411
000931.SZ,10:29:47.160,102947160,22270292,5.02,1400,0,B,0,16:10:04.411
000931.SZ,10:29:47.160,102947160,22270303,5.01,1000,0,B,0,16:10:04.411
000931.SZ,10:29:47.160,102947160,22270306,5.01,1000,0,S,0,16:10:04.411
000931.SZ,10:29:47.200,102947200,22270406,5.01,1000,0,S,0,16:10:04.523
000931.SZ,10:29:47.800,102947800,22271556,4.96,5000,0,B,0,16:10:04.523
000931.SZ,10:29:48.200,102948200,22272337,5.01,1000,0,S,0,16:10:04.523
000931.SZ,10:29:48.210,102948210,22272345,5.01,1000,0,B,0,16:10:04.523
000931.SZ,10:29:49.140,102949140,22274394,5.02,1500,0,B,0,16:10:04.523
000931.SZ,10:29:49.150,102949150,22274408,5.01,1000,0,B,0,16:10:04.523
000931.SZ,10:29:49.150,102949150,22274446,5.01,5600,0,B,0,16:10:04.523
000931.SZ,10:29:50.770,102950770,22277988,5.1,5000,0,S,0,16:10:04.608
000931.SZ,10:29:53.050,102953050,22283002,5.02,300,0,S,0,16:10:04.735
000931.SZ,10:29:57.390,102957390,22292270,5.01,2600,0,B,0,16:10:04.972
000931.SZ,10:29:57.910,102957910,22293443,5.01,100,0,B,0,16:10:05.112
000931.SZ,10:29:58.070,102958070,22293788,5.02,18600,0,B,0,16:10:05.112
000931.SZ,10:29:58.070,102958070,22293831,5.02,1900,0,B,0,16:10:05.112
000931.SZ,10:29:58.070,102958070,22293833,5.02,1000,0,B,0,16:10:05.112
000931.SZ,10:29:58.070,102958070,22293836,5.02,5400,0,B,0,16:10:05.112
000931.SZ,10:29:58.070,102958070,22293844,5.02,22800,0,B,0,16:10:05.112
000931.SZ,10:29:58.070,102958070,22293855,5.02,800,0,B,0,16:10:05.112
000931.SZ,10:29:58.080,102958080,22293891,5.02,6100,0,B,0,16:10:05.112
000931.SZ,10:29:58.090,102958090,22293945,5.02,100,0,B,0,16:10:05.112
000931.SZ,10:29:58.110,102958110,22294013,5.03,2500,0,S,0,16:10:05.112
000931.SZ,10:29:58.550,102958550,22295176,5.04,500,0,S,0,16:10:05.112
000931.SZ,10:29:58.560,102958560,22295187,5.02,100,0,B,0,16:10:05.112
000931.SZ,10:29:58.560,102958560,22295188,5.02,100,0,B,0,16:10:05.112
000931.SZ,10:29:58.560,102958560,22295191,5.02,100,0,B,0,16:10:05.112
000931.SZ,10:29:58.560,102958560,22295192,5.02,100,0,B,0,16:10:05.112
000931.SZ,10:29:58.560,102958560,22295193,5.02,200,0,B,0,16:10:05.112
000931.SZ,10:29:58.560,102958560,22295194,5.02,100,0,B,0,16:10:05.112
000931.SZ,10:29:58.560,102958560,22295195,5.02,100,0,B,0,16:10:05.112
000931.SZ,10:29:58.560,102958560,22295196,5.02,200,0,B,0,16:10:05.112
000931.SZ,10:29:58.560,102958560,22295197,5.02,100,0,B,0,16:10:05.112
000931.SZ,10:29:58.560,102958560,22295198,5.02,100,0,B,0,16:10:05.112
000931.SZ,10:29:58.560,102958560,22295199,5.02,100,0,B,0,16:10:05.112
000931.SZ,10:29:58.560,102958560,22295200,5.02,200,0,B,0,16:10:05.112
000931.SZ,10:29:58.560,102958560,22295201,5.02,100,0,B,0,16:10:05.112
000931.SZ,10:29:58.560,102958560,22295202,5.02,100,0,B,0,16:10:05.112
000931.SZ,10:29:58.560,102958560,22295203,5.02,200,0,B,0,16:10:05.112
000931.SZ,10:29:58.560,102958560,22295204,5.02,100,0,B,0,16:10:05.112
000931.SZ,10:29:58.560,102958560,22295205,5.02,100,0,B,0,16:10:05.112
000931.SZ,10:29:58.560,102958560,22295206,5.02,200,0,B,0,16:10:05.112
000931.SZ,10:29:58.560,102958560,22295207,5.02,100,0,B,0,16:10:05.112
000931.SZ,10:29:58.560,102958560,22295208,5.02,100,0,B,0,16:10:05.112
000931.SZ,10:29:58.560,102958560,22295213,5.02,200,0,B,0,16:10:05.112
000931.SZ,10:29:58.570,102958570,22295216,5.02,100,0,B,0,16:10:05.112
000931.SZ,10:29:58.570,102958570,22295227,5.02,100,0,B,0,16:10:05.112
000931.SZ,10:29:58.570,102958570,22295231,5.02,100,0,B,0,16:10:05.112
000931.SZ,10:29:58.580,102958580,22295270,5.02,100,0,B,0,16:10:05.112
000931.SZ,10:29:58.590,102958590,22295271,5.02,100,0,B,0,16:10:05.112
000931.SZ,10:29:58.590,102958590,22295272,5.02,100,0,B,0,16:10:05.112
000931.SZ,10:29:58.590,102958590,22295275,5.04,300,0,S,0,16:10:05.112
000931.SZ,10:29:58.590,102958590,22295318,5.02,100,0,B,0,16:10:05.112
000931.SZ,10:29:58.680,102958680,22295551,5.03,100,0,S,0,16:10:05.112
000931.SZ,10:29:58.710,102958710,22295601,5.03,100,0,S,0,16:10:05.112
000931.SZ,10:29:59.360,102959360,22297180,5.04,300,0,S,0,16:10:05.112
000931.SZ,10:29:59.640,102959640,22297643,5.04,300,0,S,0,16:10:05.112
000931.SZ,10:30:00.200,103000200,22299292,5.01,9600,0,B,0,16:10:05.347
000931.SZ,10:30:00.280,103000280,22299835,5.02,1300,0,B,0,16:10:05.347
000931.SZ,10:30:00.400,103000400,22300260,5.04,300,0,S,0,16:10:05.347
000931.SZ,10:30:02.680,103002680,22307750,5.02,1000,0,B,0,16:10:05.505
000931.SZ,10:30:03.230,103003230,22309015,5.03,100,0,B,0,16:10:05.673
000931.SZ,10:30:04.240,103004240,22311862,5.02,100,0,S,0,16:10:05.673
000931.SZ,10:30:04.480,103004480,22312505,5.04,300,0,S,0,16:10:05.673
000931.SZ,10:30:05.130,103005130,22314663,5.03,1300,0,S,0,16:10:05.673
000931.SZ,10:30:05.170,103005170,22314754,4.95,1700,0,B,0,16:10:05.673
000931.SZ,10:30:05.540,103005540,22315690,5.02,4800,0,S,0,16:10:05.673
000931.SZ,10:30:05.540,103005540,22315698,5.02,800,0,S,0,16:10:05.673
000931.SZ,10:30:05.550,103005550,22315703,5.02,200,0,B,0,16:10:05.673
000931.SZ,10:30:05.550,103005550,22315708,5.02,200,0,B,0,16:10:05.673
000931.SZ,10:30:05.560,103005560,22315720,5.02,3100,0,S,0,16:10:05.673
000931.SZ,10:30:05.560,103005560,22315744,5.02,2800,0,S,0,16:10:05.673
000931.SZ,10:30:05.560,103005560,22315762,5.02,3000,0,S,0,16:10:05.673
000931.SZ,10:30:05.570,103005570,22315776,5.02,800,0,B,0,16:10:05.673
000931.SZ,10:30:05.570,103005570,22315780,5.02,200,0,S,0,16:10:05.673
000931.SZ,10:30:05.570,103005570,22315781,5.02,100,0,B,0,16:10:05.673
000931.SZ,10:30:05.570,103005570,22315783,5.02,100,0,B,0,16:10:05.673
000931.SZ,10:30:05.570,103005570,22315785,5.02,100,0,B,0,16:10:05.673
000931.SZ,10:30:05.570,103005570,22315787,5.02,100,0,B,0,16:10:05.673
000931.SZ,10:30:05.570,103005570,22315789,5.02,100,0,B,0,16:10:05.673
000931.SZ,10:30:05.570,103005570,22315792,5.02,100,0,B,0,16:10:05.673
000931.SZ,10:30:05.570,103005570,22315794,5.02,100,0,B,0,16:10:05.673
000931.SZ,10:30:05.570,103005570,22315796,5.02,100,0,B,0,16:10:05.673
000931.SZ,10:30:05.570,103005570,22315798,5.02,100,0,B,0,16:10:05.673
000931.SZ,10:30:05.570,103005570,22315800,5.02,100,0,B,0,16:10:05.673
000931.SZ,10:30:05.580,103005580,22315804,5.02,200,0,S,0,16:10:05.673
000931.SZ,10:30:05.580,103005580,22315806,5.02,400,0,S,0,16:10:05.673
000931.SZ,10:30:05.580,103005580,22315813,5.02,200,0,B,0,16:10:05.673
000931.SZ,10:30:06.520,103006520,22318349,5.02,600,0,S,0,16:10:05.793
000931.SZ,10:30:09.500,103009500,22325209,5.02,200,0,B,0,16:10:05.959
000931.SZ,10:30:09.560,103009560,22325349,5.02,100,0,B,0,16:10:05.959
000931.SZ,10:30:11.750,103011750,22330492,4.98,2000,0,B,0,16:10:06.098
000931.SZ,10:30:12.200,103012200,22332060,5.02,100,0,B,0,16:10:06.098
000931.SZ,10:30:12.390,103012390,22332496,5.02,8500,0,B,0,16:10:06.098
000931.SZ,10:30:12.390,103012390,22332519,5.02,300,0,B,0,16:10:06.098
000931.SZ,10:30:12.390,103012390,22332520,5.02,100,0,B,0,16:10:06.098
000931.SZ,10:30:12.400,103012400,22332521,5.02,300,0,B,0,16:10:06.098
000931.SZ,10:30:12.400,103012400,22332522,5.02,100,0,B,0,16:10:06.098
000931.SZ,10:30:12.500,103012500,22332780,5.02,100,0,B,0,16:10:06.098
000931.SZ,10:30:12.540,103012540,22332853,5.02,100,0,S,0,16:10:06.098
000931.SZ,10:30:13.750,103013750,22336654,5.02,800,0,B,0,16:10:06.224
000931.SZ,10:30:14.070,103014070,22337755,5.02,300,0,B,0,16:10:06.224
000931.SZ,10:30:15.000,103015000,22340597,5.02,200,0,S,0,16:10:06.379
000931.SZ,10:30:15.000,103015000,22340617,5.02,100,0,B,0,16:10:06.379
000931.SZ,10:30:15.300,103015300,22341834,5.03,200,0,S,0,16:10:06.379
000931.SZ,10:30:15.310,103015310,22341840,5.03,1500,0,S,0,16:10:06.379
000931.SZ,10:30:15.360,103015360,22341945,5.03,100,0,S,0,16:10:06.379
000931.SZ,10:30:15.360,103015360,22341962,4.99,2400,0,S,0,16:10:06.379
000931.SZ,10:30:15.550,103015550,22342761,5.02,100,0,S,0,16:10:06.379
000931.SZ,10:30:16.440,103016440,22346086,5.04,300,0,S,0,16:10:06.504
000931.SZ,10:30:17.030,103017030,22348082,5.02,2000,0,B,0,16:10:06.504
000931.SZ,10:30:17.040,103017040,22348124,5.02,100,0,B,0,16:10:06.504
000931.SZ,10:30:17.050,103017050,22348173,5.02,100,0,B,0,16:10:06.504
000931.SZ,10:30:17.070,103017070,22348444,5.02,100,0,B,0,16:10:06.504
000931.SZ,10:30:17.080,103017080,22348468,5.02,100,0,B,0,16:10:06.504
000931.SZ,10:30:17.190,103017190,22348854,5.02,100,0,B,0,16:10:06.504
000931.SZ,10:30:18.300,103018300,22353319,5.02,100,0,B,0,16:10:06.641
000931.SZ,10:30:18.300,103018300,22353324,5.02,100,0,B,0,16:10:06.641
000931.SZ,10:30:18.300,103018300,22353327,5.02,100,0,B,0,16:10:06.641
000931.SZ,10:30:18.300,103018300,22353329,5.02,100,0,B,0,16:10:06.641
000931.SZ,10:30:18.760,103018760,22355161,5.02,800,0,B,0,16:10:06.641
000931.SZ,10:30:21.550,103021550,22363893,5.02,100,0,S,0,16:10:06.765
000931.SZ,10:30:21.750,103021750,22364672,5.02,800,0,B,0,16:10:06.860
000931.SZ,10:30:21.870,103021870,22365102,5.02,800,0,B,0,16:10:06.860
000931.SZ,10:30:22.680,103022680,22368089,5.02,1000,0,B,0,16:10:06.860
000931.SZ,10:30:22.940,103022940,22368757,5.0,2000,0,B,0,16:10:06.860
000931.SZ,10:30:24.810,103024810,22376295,5.02,100,0,B,0,16:10:07.004
000931.SZ,10:30:26.470,103026470,22382738,5.02,700,0,B,0,16:10:07.145
000931.SZ,10:30:26.530,103026530,22382944,5.02,63000,0,S,0,16:10:07.145
000931.SZ,10:30:26.530,103026530,22382975,5.02,1900,0,B,0,16:10:07.145
000931.SZ,10:30:26.540,103026540,22382998,5.02,200,0,B,0,16:10:07.145
000931.SZ,10:30:26.580,103026580,22383110,5.02,1400,0,B,0,16:10:07.145
000931.SZ,10:30:26.590,103026590,22383133,5.02,100,0,B,0,16:10:07.145
000931.SZ,10:30:26.590,103026590,22383135,5.02,100,0,B,0,16:10:07.145
000931.SZ,10:30:26.590,103026590,22383138,5.02,300,0,B,0,16:10:07.145
000931.SZ,10:30:26.590,103026590,22383141,5.02,8600,0,B,0,16:10:07.145
000931.SZ,10:30:26.590,103026590,22383143,5.02,1600,0,B,0,16:10:07.145
000931.SZ,10:30:26.600,103026600,22383160,5.02,2300,0,B,0,16:10:07.145
000931.SZ,10:30:26.600,103026600,22383162,5.02,1700,0,B,0,16:10:07.145
000931.SZ,10:30:26.600,103026600,22383164,5.02,1000,0,B,0,16:10:07.145
000931.SZ,10:30:26.600,103026600,22383166,5.02,14600,0,B,0,16:10:07.145
000931.SZ,10:30:26.600,103026600,22383211,5.02,1000,0,B,0,16:10:07.145
000931.SZ,10:30:26.600,103026600,22383218,5.02,100,0,B,0,16:10:07.145
000931.SZ,10:30:26.600,103026600,22383220,5.02,100,0,B,0,16:10:07.145
000931.SZ,10:30:26.600,103026600,22383222,5.02,100,0,B,0,16:10:07.145
000931.SZ,10:30:26.600,103026600,22383224,5.02,500,0,B,0,16:10:07.145
000931.SZ,10:30:26.600,103026600,22383229,5.02,100,0,B,0,16:10:07.145
000931.SZ,10:30:26.600,103026600,22383231,5.02,100,0,B,0,16:10:07.145
000931.SZ,10:30:26.610,103026610,22383235,5.02,200,0,B,0,16:10:07.145
000931.SZ,10:30:26.610,103026610,22383241,5.02,300,0,B,0,16:10:07.145
000931.SZ,10:30:26.610,103026610,22383243,5.02,500,0,B,0,16:10:07.145
000931.SZ,10:30:26.610,103026610,22383245,5.02,200,0,B,0,16:10:07.145
000931.SZ,10:30:26.610,103026610,22383247,5.02,400,0,B,0,16:10:07.145
000931.SZ,10:30:26.610,103026610,22383249,5.02,200,0,B,0,16:10:07.145
000931.SZ,10:30:26.610,103026610,22383251,5.02,100,0,B,0,16:10:07.145
000931.SZ,10:30:26.610,103026610,22383254,5.02,300,0,B,0,16:10:07.145
000931.SZ,10:30:26.630,103026630,22383300,5.02,1100,0,B,0,16:10:07.145
000931.SZ,10:30:26.660,103026660,22383369,5.02,100,0,B,0,16:10:07.145
000931.SZ,10:30:26.820,103026820,22383705,5.02,500,0,B,0,16:10:07.145
000931.SZ,10:30:26.820,103026820,22383707,5.02,100,0,B,0,16:10:07.145
000931.SZ,10:30:26.820,103026820,22383709,5.02,200,0,B,0,16:10:07.145
000931.SZ,10:30:27.080,103027080,22384540,5.02,500,0,B,0,16:10:07.287
000931.SZ,10:30:27.080,103027080,22384542,5.02,400,0,B,0,16:10:07.287
000931.SZ,10:30:27.080,103027080,22384560,5.02,100,0,B,0,16:10:07.287
000931.SZ,10:30:27.080,103027080,22384562,5.02,500,0,B,0,16:10:07.287
000931.SZ,10:30:27.080,103027080,22384566,5.02,300,0,B,0,16:10:07.287
000931.SZ,10:30:27.080,103027080,22384568,5.02,100,0,B,0,16:10:07.287
000931.SZ,10:30:27.080,103027080,22384570,5.02,300,0,B,0,16:10:07.287
000931.SZ,10:30:27.280,103027280,22385600,5.02,600,0,B,0,16:10:07.287
000931.SZ,10:30:27.280,103027280,22385630,5.02,200,0,B,0,16:10:07.287
000931.SZ,10:30:27.280,103027280,22385632,5.02,200,0,B,0,16:10:07.287
000931.SZ,10:30:27.280,103027280,22385634,5.02,600,0,B,0,16:10:07.287
000931.SZ,10:30:27.290,103027290,22385665,5.02,200,0,B,0,16:10:07.287
000931.SZ,10:30:27.290,103027290,22385670,5.02,200,0,B,0,16:10:07.287
000931.SZ,10:30:27.290,103027290,22385697,5.02,200,0,B,0,16:10:07.287
000931.SZ,10:30:27.290,103027290,22385709,5.02,300,0,B,0,16:10:07.287
000931.SZ,10:30:27.300,103027300,22385738,5.02,400,0,S,0,16:10:07.287
000931.SZ,10:30:27.300,103027300,22385743,5.02,200,0,B,0,16:10:07.287
000931.SZ,10:30:27.320,103027320,22385800,5.02,100,0,B,0,16:10:07.287
000931.SZ,10:30:27.320,103027320,22385820,5.02,200,0,B,0,16:10:07.287
000931.SZ,10:30:27.320,103027320,22385822,5.02,3000,0,B,0,16:10:07.287
000931.SZ,10:30:27.320,103027320,22385825,5.02,1000,0,B,0,16:10:07.287
000931.SZ,10:30:27.380,103027380,22386038,5.02,100,0,B,0,16:10:07.287
000931.SZ,10:30:27.380,103027380,22386073,5.02,100,0,B,0,16:10:07.287
000931.SZ,10:30:27.680,103027680,22387468,5.01,600,0,B,0,16:10:07.287
000931.SZ,10:30:27.700,103027700,22387511,5.01,100,0,B,0,16:10:07.287
000931.SZ,10:30:27.700,103027700,22387513,5.01,100,0,B,0,16:10:07.287
000931.SZ,10:30:27.840,103027840,22388047,5.01,400,0,B,0,16:10:07.287
000931.SZ,10:30:27.960,103027960,22388572,5.01,100,0,B,0,16:10:07.287
000931.SZ,10:30:27.960,103027960,22388587,5.02,300,0,B,0,16:10:07.287
000931.SZ,10:30:28.050,103028050,22388984,5.02,1000,0,B,0,16:10:07.287
000931.SZ,10:30:28.110,103028110,22389247,5.02,100,0,B,0,16:10:07.287
000931.SZ,10:30:28.120,103028120,22389311,5.02,100,0,B,0,16:10:07.287
000931.SZ,10:30:28.540,103028540,22391074,5.02,100,0,S,0,16:10:07.395
000931.SZ,10:30:28.580,103028580,22391176,5.01,1200,0,B,0,16:10:07.395
000931.SZ,10:30:29.140,103029140,22392932,5.03,500,0,B,0,16:10:07.395
000931.SZ,10:30:29.250,103029250,22393358,5.01,700,0,B,0,16:10:07.395
000931.SZ,10:30:29.860,103029860,22395044,5.01,100,0,B,0,16:10:07.395
000931.SZ,10:30:29.870,103029870,22395066,5.01,300,0,B,0,16:10:07.395
000931.SZ,10:30:30.040,103030040,22395594,5.02,7200,0,B,0,16:10:07.567
000931.SZ,10:30:30.360,103030360,22397294,5.02,1400,0,B,0,16:10:07.567
000931.SZ,10:30:30.360,103030360,22397297,5.02,900,0,B,0,16:10:07.567
000931.SZ,10:30:30.370,103030370,22397303,5.02,200,0,B,0,16:10:07.567
000931.SZ,10:30:31.420,103031420,22402184,4.99,2700,0,S,0,16:10:07.567
000931.SZ,10:30:31.710,103031710,22403654,5.02,1300,0,B,0,16:10:07.685
000931.SZ,10:30:31.720,103031720,22403701,5.02,1500,0,B,0,16:10:07.685
000931.SZ,10:30:32.070,103032070,22404910,5.09,1000,0,S,0,16:10:07.685
000931.SZ,10:30:32.250,103032250,22405509,5.02,2300,0,B,0,16:10:07.685
000931.SZ,10:30:33.500,103033500,22409288,5.02,100,0,B,0,16:10:07.685
000931.SZ,10:30:34.550,103034550,22412978,5.02,100,0,S,0,16:10:07.845
000931.SZ,10:30:35.210,103035210,22415067,5.0,1000,0,B,0,16:10:07.845
000931.SZ,10:30:36.110,103036110,22417465,5.02,200,0,B,0,16:10:07.989
000931.SZ,10:30:37.260,103037260,22422668,5.02,2200,0,S,0,16:10:07.989
000931.SZ,10:30:37.350,103037350,22423091,5.02,100,0,S,0,16:10:08.079
000931.SZ,10:30:37.860,103037860,22425551,5.02,5000,0,B,0,16:10:08.079
000931.SZ,10:30:40.140,103040140,22434007,5.03,700,0,S,0,16:10:08.283
000931.SZ,10:30:40.180,103040180,22434309,5.03,1600,0,S,0,16:10:08.283
000931.SZ,10:30:40.210,103040210,22434390,5.03,2000,0,S,0,16:10:08.283
000931.SZ,10:30:40.240,103040240,22434570,5.03,2200,0,S,0,16:10:08.283
000931.SZ,10:30:40.530,103040530,22435584,5.02,100,0,S,0,16:10:08.283
000931.SZ,10:30:41.480,103041480,22438642,5.02,600,0,B,0,16:10:08.392
000931.SZ,10:30:42.110,103042110,22440076,4.9,1000,0,B,0,16:10:08.392
000931.SZ,10:30:42.720,103042720,22442085,5.02,1500,0,B,0,16:10:08.517
000931.SZ,10:30:43.100,103043100,22442963,5.4,3000,0,S,0,16:10:08.517
000931.SZ,10:30:43.490,103043490,22444371,5.02,2000,0,S,0,16:10:08.517
000931.SZ,10:30:44.150,103044150,22446020,5.06,500,0,S,0,16:10:08.595
000931.SZ,10:30:44.240,103044240,22446319,5.5,2000,0,S,0,16:10:08.595
000931.SZ,10:30:44.870,103044870,22447350,5.0,3000,0,B,0,16:10:08.595
000931.SZ,10:30:45.130,103045130,22448223,5.03,600,0,S,0,16:10:08.595
000931.SZ,10:30:45.840,103045840,22451005,5.02,1000,0,B,0,16:10:08.731
000931.SZ,10:30:45.900,103045900,22451189,4.99,4000,0,B,0,16:10:08.731
000931.SZ,10:30:46.930,103046930,22454885,5.03,4100,0,S,0,16:10:08.731
000931.SZ,10:30:47.550,103047550,22456854,5.02,100,0,S,0,16:10:08.841
000931.SZ,10:30:48.950,103048950,22463010,5.02,800,0,B,0,16:10:08.951
000931.SZ,10:30:50.070,103050070,22467157,5.03,1200,0,S,0,16:10:09.063
000931.SZ,10:30:50.070,103050070,22467158,5.03,700,0,S,0,16:10:09.063
000931.SZ,10:30:50.070,103050070,22467159,5.03,1000,0,S,0,16:10:09.063
000931.SZ,10:30:50.070,103050070,22467160,5.03,1200,0,S,0,16:10:09.063
000931.SZ,10:30:50.090,103050090,22467209,5.03,1300,0,S,0,16:10:09.063
000931.SZ,10:30:50.090,103050090,22467232,5.03,1300,0,S,0,16:10:09.063
000931.SZ,10:30:50.100,103050100,22467242,5.03,1000,0,S,0,16:10:09.063
000931.SZ,10:30:50.100,103050100,22467243,5.03,1700,0,S,0,16:10:09.063
000931.SZ,10:30:50.100,103050100,22467250,5.03,1200,0,S,0,16:10:09.063
000931.SZ,10:30:50.320,103050320,22468115,5.02,100,0,S,0,16:10:09.063
000931.SZ,10:30:51.560,103051560,22473159,5.02,100,0,S,0,16:10:09.172
000931.SZ,10:30:54.090,103054090,22484161,4.85,300,0,B,0,16:10:09.422
000931.SZ,10:30:54.460,103054460,22486281,5.02,9900,0,B,0,16:10:09.422
000931.SZ,10:30:56.900,103056900,22496354,5.02,200,0,B,0,16:10:09.714
000931.SZ,10:30:57.570,103057570,22498558,5.02,100,0,S,0,16:10:09.714
000931.SZ,10:30:58.810,103058810,22503153,5.0,2000,0,B,0,16:10:09.856
000931.SZ,10:30:59.150,103059150,22504327,5.02,3600,0,B,0,16:10:09.856
000931.SZ,10:30:59.220,103059220,22504481,5.01,3000,0,B,0,16:10:09.856
000931.SZ,10:31:05.040,103105040,22527317,5.0,200,0,B,0,16:10:10.381
000931.SZ,10:31:05.050,103105050,22527345,5.02,100,0,B,0,16:10:10.381
000931.SZ,10:31:05.970,103105970,22530265,5.04,100,0,S,0,16:10:10.488
000931.SZ,10:31:11.220,103111220,22549388,5.02,1000,0,B,0,16:10:10.859
000931.SZ,10:31:12.810,103112810,22554051,4.95,2000,0,B,0,16:10:10.990
000931.SZ,10:31:15.870,103115870,22562456,5.03,100,0,S,0,16:10:11.225
000931.SZ,10:31:16.550,103116550,22564612,5.02,1800,0,S,0,16:10:11.225
000931.SZ,10:31:18.800,103118800,22572083,5.01,1000,0,B,0,16:10:11.457
000931.SZ,10:31:20.210,103120210,22577236,5.02,300,0,B,0,16:10:11.457
000931.SZ,10:31:20.450,103120450,22578104,4.9,500,0,B,0,16:10:11.581
000931.SZ,10:31:24.270,103124270,22588606,5.02,600,0,B,0,16:10:11.715
000931.SZ,10:31:24.270,103124270,22588630,5.02,100,0,B,0,16:10:11.715
000931.SZ,10:31:26.890,103126890,22596584,5.02,100,0,B,0,16:10:11.984
000931.SZ,10:31:33.220,103133220,22614109,5.03,100,0,S,0,16:10:12.345
000931.SZ,10:31:33.230,103133230,22614128,5.02,200,0,B,0,16:10:12.345
000931.SZ,10:31:35.910,103135910,22621378,5.02,1100,0,B,0,16:10:12.595
000931.SZ,10:31:36.790,103136790,22623833,5.02,33400,0,B,0,16:10:12.595
000931.SZ,10:31:39.520,103139520,22631003,4.95,10000,0,B,0,16:10:12.699
000931.SZ,10:31:41.410,103141410,22636332,5.02,1500,0,B,0,16:10:12.905
000931.SZ,10:31:42.280,103142280,22639134,5.03,1600,0,B,0,16:10:12.905
000931.SZ,10:31:42.280,103142280,22639151,5.02,30000,0,S,0,16:10:12.905
000931.SZ,10:31:45.710,103145710,22649863,5.03,900,0,S,0,16:10:13.203
000931.SZ,10:31:45.720,103145720,22649886,5.02,100,0,B,0,16:10:13.203
000931.SZ,10:31:45.720,103145720,22649887,5.02,100,0,B,0,16:10:13.203
000931.SZ,10:31:45.720,103145720,22649888,5.02,100,0,B,0,16:10:13.203
000931.SZ,10:31:45.720,103145720,22649889,5.02,100,0,B,0,16:10:13.203
000931.SZ,10:31:45.720,103145720,22649890,5.02,100,0,B,0,16:10:13.203
000931.SZ,10:31:45.720,103145720,22649891,5.02,100,0,B,0,16:10:13.203
000931.SZ,10:31:45.720,103145720,22649894,5.02,300,0,B,0,16:10:13.203
000931.SZ,10:31:45.720,103145720,22649895,5.02,100,0,B,0,16:10:13.203
000931.SZ,10:31:45.720,103145720,22649911,5.02,200,0,B,0,16:10:13.203
000931.SZ,10:31:45.740,103145740,22649940,5.02,100,0,B,0,16:10:13.203
000931.SZ,10:31:51.840,103151840,22667561,5.06,5000,0,S,0,16:10:13.594
000931.SZ,10:31:52.430,103152430,22669184,5.3,2000,0,S,0,16:10:13.594
000931.SZ,10:31:54.260,103154260,22673573,5.61,1000,0,S,0,16:10:13.683
000931.SZ,10:31:56.930,103156930,22681393,5.02,200,0,B,0,16:10:13.936
000931.SZ,10:31:58.260,103158260,22686565,5.02,39100,0,S,0,16:10:14.081
000931.SZ,10:31:58.270,103158270,22686607,5.02,500,0,B,0,16:10:14.081
000931.SZ,10:31:58.270,103158270,22686610,5.01,300,0,B,0,16:10:14.081
000931.SZ,10:31:58.280,103158280,22686636,5.03,100,0,S,0,16:10:14.081
000931.SZ,10:31:58.280,103158280,22686639,5.03,8800,0,S,0,16:10:14.081
000931.SZ,10:31:58.290,103158290,22686687,5.02,200,0,S,0,16:10:14.081
000931.SZ,10:31:58.290,103158290,22686696,5.02,200,0,S,0,16:10:14.081
000931.SZ,10:31:58.300,103158300,22686703,5.02,300,0,S,0,16:10:14.081
000931.SZ,10:31:58.300,103158300,22686705,5.02,300,0,S,0,16:10:14.081
000931.SZ,10:31:58.300,103158300,22686706,5.02,100,0,S,0,16:10:14.081
000931.SZ,10:31:58.350,103158350,22686873,5.02,3000,0,S,0,16:10:14.081
000931.SZ,10:31:58.470,103158470,22687573,5.01,9900,0,B,0,16:10:14.081
000931.SZ,10:31:59.310,103159310,22690634,5.02,1100,0,S,0,16:10:14.081
000931.SZ,10:31:59.310,103159310,22690635,5.02,1600,0,S,0,16:10:14.081
000931.SZ,10:31:59.310,103159310,22690636,5.02,600,0,S,0,16:10:14.081
000931.SZ,10:31:59.310,103159310,22690637,5.02,800,0,S,0,16:10:14.081
000931.SZ,10:31:59.310,103159310,22690638,5.02,500,0,S,0,16:10:14.081
000931.SZ,10:31:59.320,103159320,22690686,5.02,900,0,S,0,16:10:14.081
000931.SZ,10:31:59.330,103159330,22690704,5.02,900,0,S,0,16:10:14.081
000931.SZ,10:31:59.330,103159330,22690721,5.02,1200,0,S,0,16:10:14.081
000931.SZ,10:31:59.330,103159330,22690722,5.02,600,0,S,0,16:10:14.081
000931.SZ,10:31:59.330,103159330,22690723,5.02,1100,0,S,0,16:10:14.081
000931.SZ,10:31:59.330,103159330,22690726,5.02,800,0,S,0,16:10:14.081
000931.SZ,10:31:59.540,103159540,22691429,5.02,1200,0,B,0,16:10:14.081
000931.SZ,10:31:59.590,103159590,22691510,5.02,1400,0,S,0,16:10:14.081
000931.SZ,10:31:59.690,103159690,22691687,5.02,600,0,B,0,16:10:14.081
000931.SZ,10:31:59.700,103159700,22691745,5.02,300,0,S,0,16:10:14.081
000931.SZ,10:32:00.210,103200210,22693718,5.02,500,0,B,0,16:10:14.313
000931.SZ,10:32:00.220,103200220,22693782,5.02,600,0,B,0,16:10:14.313
000931.SZ,10:32:00.220,103200220,22693788,5.02,200,0,B,0,16:10:14.313
000931.SZ,10:32:00.220,103200220,22693790,5.02,200,0,B,0,16:10:14.313
000931.SZ,10:32:00.220,103200220,22693792,5.02,300,0,B,0,16:10:14.313
000931.SZ,10:32:00.240,103200240,22693923,5.02,2100,0,B,0,16:10:14.313
000931.SZ,10:32:00.250,103200250,22694010,5.01,700,0,B,0,16:10:14.313
000931.SZ,10:32:00.320,103200320,22694301,4.98,3300,0,S,0,16:10:14.313
000931.SZ,10:32:00.820,103200820,22697250,5.03,100,0,S,0,16:10:14.313
000931.SZ,10:32:00.880,103200880,22697516,5.02,900,0,B,0,16:10:14.440
000931.SZ,10:32:00.880,103200880,22697560,5.02,400,0,B,0,16:10:14.440
000931.SZ,10:32:00.940,103200940,22697946,5.02,400,0,S,0,16:10:14.440
000931.SZ,10:32:00.940,103200940,22697950,5.02,100,0,B,0,16:10:14.440
000931.SZ,10:32:00.990,103200990,22698179,5.02,1500,0,S,0,16:10:14.440
000931.SZ,10:32:01.550,103201550,22701020,5.02,400,0,S,0,16:10:14.440
000931.SZ,10:32:03.290,103203290,22707568,5.02,200,0,S,0,16:10:14.581
000931.SZ,10:32:03.310,103203310,22707620,5.03,200,0,S,0,16:10:14.581
000931.SZ,10:32:03.320,103203320,22707651,5.04,100,0,S,0,16:10:14.581
000931.SZ,10:32:04.020,103204020,22711039,5.02,300,0,S,0,16:10:14.730
000931.SZ,10:32:04.080,103204080,22711485,5.02,1700,0,S,0,16:10:14.730
000931.SZ,10:32:04.490,103204490,22713199,5.02,300,0,S,0,16:10:14.730
000931.SZ,10:32:04.500,103204500,22713254,5.03,1000,0,B,0,16:10:14.730
000931.SZ,10:32:04.780,103204780,22714343,5.01,300,0,B,0,16:10:14.730
000931.SZ,10:32:04.920,103204920,22714939,5.01,300,0,B,0,16:10:14.730
000931.SZ,10:32:04.920,103204920,22714940,5.01,300,0,B,0,16:10:14.730
000931.SZ,10:32:04.920,103204920,22714941,5.01,200,0,B,0,16:10:14.730
000931.SZ,10:32:04.920,103204920,22714942,5.01,100,0,B,0,16:10:14.730
000931.SZ,10:32:04.920,103204920,22714944,5.01,100,0,B,0,16:10:14.730
000931.SZ,10:32:04.940,103204940,22715079,5.01,200,0,B,0,16:10:14.730
000931.SZ,10:32:04.940,103204940,22715080,5.01,200,0,B,0,16:10:14.730
000931.SZ,10:32:04.940,103204940,22715081,5.01,100,0,B,0,16:10:14.730
000931.SZ,10:32:04.980,103204980,22715193,5.01,100,0,B,0,16:10:14.730
000931.SZ,10:32:04.980,103204980,22715194,5.01,200,0,B,0,16:10:14.730
000931.SZ,10:32:04.980,103204980,22715195,5.01,300,0,B,0,16:10:14.730
000931.SZ,10:32:04.980,103204980,22715196,5.01,300,0,B,0,16:10:14.730
000931.SZ,10:32:05.060,103205060,22715400,5.01,300,0,B,0,16:10:14.730
000931.SZ,10:32:05.060,103205060,22715401,5.01,200,0,B,0,16:10:14.730
000931.SZ,10:32:05.060,103205060,22715403,5.01,300,0,B,0,16:10:14.730
000931.SZ,10:32:05.060,103205060,22715404,5.01,100,0,B,0,16:10:14.730
000931.SZ,10:32:06.240,103206240,22720777,5.02,400,0,S,0,16:10:14.891
000931.SZ,10:32:06.250,103206250,22720831,5.02,100,0,S,0,16:10:14.891
000931.SZ,10:32:06.250,103206250,22720847,5.02,400,0,S,0,16:10:14.891
000931.SZ,10:32:06.440,103206440,22722090,5.02,500,0,B,0,16:10:14.891
000931.SZ,10:32:10.620,103210620,22736805,5.02,300,0,S,0,16:10:15.248
000931.SZ,10:32:11.360,103211360,22738778,5.02,300,0,S,0,16:10:15.248
000931.SZ,10:32:12.210,103212210,22740778,5.02,2000,0,S,0,16:10:15.248
000931.SZ,10:32:12.220,103212220,22740801,5.02,600,0,S,0,16:10:15.248
000931.SZ,10:32:12.230,103212230,22740844,5.02,800,0,S,0,16:10:15.248
000931.SZ,10:32:12.230,103212230,22740845,5.02,1400,0,S,0,16:10:15.248
000931.SZ,10:32:12.230,103212230,22740846,5.02,700,0,S,0,16:10:15.248
000931.SZ,10:32:12.260,103212260,22740921,5.02,1200,0,S,0,16:10:15.248
000931.SZ,10:32:12.280,103212280,22740974,5.02,800,0,S,0,16:10:15.248
000931.SZ,10:32:12.290,103212290,22741004,5.02,600,0,S,0,16:10:15.248
000931.SZ,10:32:12.320,103212320,22741189,5.02,1500,0,S,0,16:10:15.248
000931.SZ,10:32:12.750,103212750,22742449,5.01,5000,0,B,0,16:10:15.373
000931.SZ,10:32:13.990,103213990,22746101,5.02,42900,0,S,0,16:10:15.373
000931.SZ,10:32:14.650,103214650,22747384,5.02,800,0,S,0,16:10:15.373
000931.SZ,10:32:14.890,103214890,22747854,5.02,500,0,S,0,16:10:15.531
000931.SZ,10:32:15.370,103215370,22749126,5.02,600,0,S,0,16:10:15.531
000931.SZ,10:32:16.490,103216490,22752286,5.02,800,0,S,0,16:10:15.531
000931.SZ,10:32:16.540,103216540,22752406,5.02,1800,0,S,0,16:10:15.531
000931.SZ,10:32:16.630,103216630,22752630,5.02,500,0,S,0,16:10:15.531
000931.SZ,10:32:17.280,103217280,22754676,5.02,5000,0,B,0,16:10:15.655
000931.SZ,10:32:17.370,103217370,22754985,5.02,300,0,S,0,16:10:15.655
000931.SZ,10:32:17.650,103217650,22755688,5.02,1200,0,S,0,16:10:15.655
000931.SZ,10:32:17.650,103217650,22755693,5.02,600,0,S,0,16:10:15.655
000931.SZ,10:32:17.650,103217650,22755694,5.02,800,0,S,0,16:10:15.655
000931.SZ,10:32:17.650,103217650,22755698,5.02,2000,0,S,0,16:10:15.655
000931.SZ,10:32:17.650,103217650,22755699,5.02,1000,0,S,0,16:10:15.655
000931.SZ,10:32:17.670,103217670,22755739,5.02,1000,0,S,0,16:10:15.655
000931.SZ,10:32:17.680,103217680,22755756,5.02,1000,0,S,0,16:10:15.655
000931.SZ,10:32:17.680,103217680,22755768,5.02,800,0,S,0,16:10:15.655
000931.SZ,10:32:17.680,103217680,22755770,5.02,1400,0,S,0,16:10:15.655
000931.SZ,10:32:17.680,103217680,22755771,5.02,1300,0,S,0,16:10:15.655
000931.SZ,10:32:17.680,103217680,22755772,5.02,1000,0,S,0,16:10:15.655
000931.SZ,10:32:18.670,103218670,22759149,5.02,1300,0,S,0,16:10:15.655
000931.SZ,10:32:19.430,103219430,22761444,5.02,400,0,S,0,16:10:15.777
000931.SZ,10:32:21.510,103221510,22766801,5.02,27700,0,B,0,16:10:15.901
000931.SZ,10:32:24.310,103224310,22774500,5.02,5000,0,B,0,16:10:16.076
000931.SZ,10:32:26.200,103226200,22780368,0.0,1000,1,B,0,16:10:16.185
000931.SZ,10:32:26.890,103226890,22782484,5.02,900,0,S,0,16:10:16.185
000931.SZ,10:32:27.300,103227300,22783649,5.02,800,0,S,0,16:10:16.185
000931.SZ,10:32:27.310,103227310,22783700,5.02,200,0,S,0,16:10:16.295
000931.SZ,10:32:27.420,103227420,22784254,5.01,100,0,B,0,16:10:16.295
000931.SZ,10:32:27.650,103227650,22785197,5.02,300,0,S,0,16:10:16.295
000931.SZ,10:32:27.890,103227890,22786036,5.02,300,0,S,0,16:10:16.295
000931.SZ,10:32:27.930,103227930,22786216,5.02,400,0,S,0,16:10:16.295
000931.SZ,10:32:29.740,103229740,22791988,5.01,100,0,B,0,16:10:16.468
000931.SZ,10:32:29.980,103229980,22792522,5.01,200,0,B,0,16:10:16.468
000931.SZ,10:32:30.730,103230730,22794753,5.01,500,0,B,0,16:10:16.468
000931.SZ,10:32:32.540,103232540,22799538,5.03,100,0,S,0,16:10:16.562
000931.SZ,10:32:33.280,103233280,22801315,5.02,100,0,S,0,16:10:16.701
000931.SZ,10:32:33.290,103233290,22801366,5.03,100,0,S,0,16:10:16.701
000931.SZ,10:32:33.300,103233300,22801384,5.04,100,0,S,0,16:10:16.701
000931.SZ,10:32:33.560,103233560,22802185,5.02,100,0,S,0,16:10:16.701
000931.SZ,10:32:42.080,103242080,22836716,5.02,200,0,S,0,16:10:17.388
000931.SZ,10:32:42.220,103242220,22837321,5.02,1100,0,S,0,16:10:17.388
000931.SZ,10:32:42.230,103242230,22837336,5.02,100,0,S,0,16:10:17.388
000931.SZ,10:32:43.030,103243030,22839821,5.02,600,0,S,0,16:10:17.388
000931.SZ,10:32:53.010,103253010,22867465,5.0,5000,0,B,0,16:10:18.071
000931.SZ,10:32:58.260,103258260,22883641,5.01,100,0,S,0,16:10:18.355
000931.SZ,10:33:00.020,103300020,22888106,5.02,2700,0,S,0,16:10:18.558
000931.SZ,10:33:00.810,103300810,22891211,5.02,1000,0,S,0,16:10:18.685
000931.SZ,10:33:06.080,103306080,22910120,5.02,200,0,S,0,16:10:18.840
000931.SZ,10:33:06.210,103306210,22910451,5.02,2500,0,S,0,16:10:18.840
000931.SZ,10:33:06.220,103306220,22910490,5.02,1600,0,S,0,16:10:18.840
000931.SZ,10:33:06.220,103306220,22910493,5.02,1700,0,S,0,16:10:18.840
000931.SZ,10:33:06.220,103306220,22910502,5.02,1600,0,S,0,16:10:18.840
000931.SZ,10:33:06.220,103306220,22910503,5.02,200,0,S,0,16:10:18.840
000931.SZ,10:33:06.220,103306220,22910504,5.02,1400,0,S,0,16:10:18.840
000931.SZ,10:33:10.050,103310050,22922371,5.01,100,0,S,0,16:10:18.929
000931.SZ,10:33:15.330,103315330,22937548,5.0,500,0,B,0,16:10:19.050
000931.SZ,10:33:21.330,103321330,22956329,5.01,500,0,B,0,16:10:19.242
000931.SZ,10:33:28.940,103328940,22978102,5.19,3000,0,S,0,16:10:19.651
000931.SZ,10:33:30.930,103330930,22985186,5.02,600,0,S,0,16:10:19.786
000931.SZ,10:33:33.390,103333390,22993302,5.01,300,0,B,0,16:10:20.085
000931.SZ,10:33:33.430,103333430,22993809,5.01,400,0,B,0,16:10:20.085
000931.SZ,10:33:33.840,103333840,22995633,5.01,100,0,B,0,16:10:20.085
000931.SZ,10:33:34.380,103334380,22997775,5.01,100,0,B,0,16:10:20.085
000931.SZ,10:33:34.810,103334810,22999475,5.01,1100,0,B,0,16:10:20.085
000931.SZ,10:33:34.810,103334810,22999497,5.01,700,0,B,0,16:10:20.085
000931.SZ,10:33:34.980,103334980,22999991,5.02,1000,0,B,0,16:10:20.212
000931.SZ,10:33:35.380,103335380,23001110,5.01,500,0,B,0,16:10:20.212
000931.SZ,10:33:35.380,103335380,23001111,5.01,400,0,B,0,16:10:20.212
000931.SZ,10:33:36.790,103336790,23005049,5.01,5000,0,S,0,16:10:20.212
000931.SZ,10:33:37.120,103337120,23006225,5.03,100,0,S,0,16:10:20.354
000931.SZ,10:33:37.280,103337280,23006592,5.01,900,0,B,0,16:10:20.354
000931.SZ,10:33:41.490,103341490,23018404,5.02,10000,0,S,0,16:10:20.495
000931.SZ,10:33:41.590,103341590,23018607,5.02,100,0,S,0,16:10:20.620
000931.SZ,10:33:41.590,103341590,23018608,5.02,2300,0,S,0,16:10:20.620
000931.SZ,10:33:41.590,103341590,23018609,5.02,9300,0,S,0,16:10:20.620
000931.SZ,10:33:41.590,103341590,23018616,5.02,7700,0,S,0,16:10:20.620
000931.SZ,10:33:41.610,103341610,23018653,5.02,19400,0,S,0,16:10:20.620
000931.SZ,10:33:41.620,103341620,23018691,5.02,19400,0,S,0,16:10:20.620
000931.SZ,10:33:41.700,103341700,23018872,5.02,100,0,S,0,16:10:20.620
000931.SZ,10:33:47.220,103347220,23033172,5.01,24900,0,S,0,16:10:20.928
000931.SZ,10:33:47.240,103347240,23033233,5.01,4800,0,S,0,16:10:20.928
000931.SZ,10:33:47.260,103347260,23033290,5.01,14100,0,S,0,16:10:20.928
000931.SZ,10:33:47.270,103347270,23033333,5.01,200,0,S,0,16:10:20.928
000931.SZ,10:33:47.270,103347270,23033341,5.01,200,0,S,0,16:10:20.928
000931.SZ,10:33:47.270,103347270,23033345,5.01,200,0,S,0,16:10:20.928
000931.SZ,10:33:47.270,103347270,23033349,5.01,400,0,S,0,16:10:20.928
000931.SZ,10:33:47.280,103347280,23033372,5.01,26000,0,S,0,16:10:20.928
000931.SZ,10:33:47.290,103347290,23033442,5.01,4000,0,S,0,16:10:20.928
000931.SZ,10:33:47.300,103347300,23033479,5.01,1000,0,S,0,16:10:20.928
000931.SZ,10:33:47.320,103347320,23033517,5.01,2000,0,S,0,16:10:20.928
000931.SZ,10:33:47.320,103347320,23033521,5.01,1900,0,S,0,16:10:20.928
000931.SZ,10:33:47.380,103347380,23033686,5.01,30000,0,S,0,16:10:20.928
000931.SZ,10:33:47.380,103347380,23033714,5.01,2200,0,S,0,16:10:20.928
000931.SZ,10:33:47.390,103347390,23033719,5.01,9100,0,S,0,16:10:20.928
000931.SZ,10:33:47.390,103347390,23033740,5.01,18600,0,S,0,16:10:20.928
000931.SZ,10:33:47.390,103347390,23033761,5.01,500,0,S,0,16:10:20.928
000931.SZ,10:33:47.390,103347390,23033762,5.01,4700,0,S,0,16:10:20.928
000931.SZ,10:33:47.390,103347390,23033763,5.01,1800,0,S,0,16:10:20.928
000931.SZ,10:33:47.390,103347390,23033764,5.01,1500,0,S,0,16:10:20.928
000931.SZ,10:33:47.390,103347390,23033765,5.01,800,0,S,0,16:10:20.928
000931.SZ,10:33:47.390,103347390,23033766,5.01,900,0,S,0,16:10:20.928
000931.SZ,10:33:47.400,103347400,23033799,5.01,8700,0,S,0,16:10:20.928
000931.SZ,10:33:47.420,103347420,23033872,5.01,8500,0,S,0,16:10:20.928
000931.SZ,10:33:47.440,103347440,23033918,5.01,1300,0,B,0,16:10:20.928
000931.SZ,10:33:48.360,103348360,23035805,4.97,6700,0,S,0,16:10:20.928
000931.SZ,10:33:48.660,103348660,23036818,5.01,1300,0,S,0,16:10:20.928
000931.SZ,10:33:49.540,103349540,23039816,5.01,400,0,S,0,16:10:21.054
000931.SZ,10:33:49.540,103349540,23039817,5.01,2300,0,S,0,16:10:21.054
000931.SZ,10:33:49.540,103349540,23039818,5.01,500,0,S,0,16:10:21.054
000931.SZ,10:33:49.540,103349540,23039819,5.01,1300,0,S,0,16:10:21.054
000931.SZ,10:33:49.540,103349540,23039820,5.01,700,0,S,0,16:10:21.054
000931.SZ,10:33:49.560,103349560,23039859,5.01,700,0,S,0,16:10:21.054
000931.SZ,10:33:49.560,103349560,23039900,5.01,700,0,S,0,16:10:21.054
000931.SZ,10:33:49.570,103349570,23039922,5.01,500,0,S,0,16:10:21.054
000931.SZ,10:33:49.570,103349570,23039923,5.01,1000,0,S,0,16:10:21.054
000931.SZ,10:33:49.570,103349570,23039925,5.01,900,0,S,0,16:10:21.054
000931.SZ,10:33:49.570,103349570,23039926,5.01,700,0,S,0,16:10:21.054
000931.SZ,10:33:49.760,103349760,23040717,5.0,300,0,S,0,16:10:21.054
000931.SZ,10:33:49.830,103349830,23041065,5.02,200,0,S,0,16:10:21.054
000931.SZ,10:33:50.430,103350430,23043015,5.0,300,0,S,0,16:10:21.054
000931.SZ,10:33:50.450,103350450,23043050,5.0,800,0,S,0,16:10:21.054
000931.SZ,10:33:51.170,103351170,23045309,5.0,900,0,S,0,16:10:21.196
000931.SZ,10:33:52.040,103352040,23048310,5.0,400,0,S,0,16:10:21.196
000931.SZ,10:33:52.960,103352960,23051701,5.01,400,0,S,0,16:10:21.342
000931.SZ,10:33:54.000,103354000,23054578,5.0,2600,0,B,0,16:10:21.342
000931.SZ,10:33:55.930,103355930,23060654,5.0,200,0,B,0,16:10:21.510
000931.SZ,10:33:56.120,103356120,23061079,5.01,1800,0,S,0,16:10:21.510
000931.SZ,10:33:56.250,103356250,23061390,5.0,1000,0,B,0,16:10:21.510
000931.SZ,10:34:01.970,103401970,23077218,4.94,200,0,B,0,16:10:22.024
000931.SZ,10:34:03.240,103403240,23079959,5.01,300,0,B,0,16:10:22.024
000931.SZ,10:34:03.360,103403360,23080205,5.01,100,0,S,0,16:10:22.024
000931.SZ,10:34:03.580,103403580,23080935,5.0,1000,0,B,0,16:10:22.024
000931.SZ,10:34:05.850,103405850,23087003,5.01,100,0,B,0,16:10:22.183
000931.SZ,10:34:06.820,103406820,23089789,5.01,1000,0,B,0,16:10:22.341
000931.SZ,10:34:08.710,103408710,23095091,5.02,100,0,S,0,16:10:22.341
000931.SZ,10:34:08.720,103408720,23095124,5.01,200,0,S,0,16:10:22.341
000931.SZ,10:34:12.080,103412080,23104726,5.01,200,0,S,0,16:10:22.604
000931.SZ,10:34:15.360,103415360,23112962,5.01,1300,0,B,0,16:10:22.729
000931.SZ,10:34:15.440,103415440,23113252,5.01,200,0,S,0,16:10:22.729
000931.SZ,10:34:15.510,103415510,23113477,5.01,3000,0,B,0,16:10:22.729
000931.SZ,10:34:15.990,103415990,23114817,5.01,1100,0,S,0,16:10:22.870
000931.SZ,10:34:18.260,103418260,23120613,5.01,400,0,S,0,16:10:22.980
000931.SZ,10:34:18.260,103418260,23120614,5.01,400,0,S,0,16:10:22.980
000931.SZ,10:34:18.260,103418260,23120615,5.01,400,0,S,0,16:10:22.980
000931.SZ,10:34:18.260,103418260,23120625,5.01,400,0,S,0,16:10:22.980
000931.SZ,10:34:18.260,103418260,23120628,5.01,400,0,S,0,16:10:22.980
000931.SZ,10:34:18.260,103418260,23120668,5.01,400,0,S,0,16:10:22.980
000931.SZ,10:34:18.270,103418270,23120717,5.01,400,0,S,0,16:10:22.980
000931.SZ,10:34:19.320,103419320,23124251,5.0,2000,0,B,0,16:10:22.980
000931.SZ,10:34:23.070,103423070,23135541,5.01,1000,0,S,0,16:10:23.295
000931.SZ,10:34:23.090,103423090,23135626,5.01,1700,0,S,0,16:10:23.295
000931.SZ,10:34:24.470,103424470,23139456,5.11,500,0,S,0,16:10:23.295
000931.SZ,10:34:24.990,103424990,23141265,5.01,1100,0,S,0,16:10:23.352
000931.SZ,10:34:25.840,103425840,23144351,5.01,300,0,B,0,16:10:23.431
000931.SZ,10:34:26.680,103426680,23146928,5.01,200,0,B,0,16:10:23.431
000931.SZ,10:34:27.260,103427260,23148405,5.01,10000,0,S,0,16:10:23.555
000931.SZ,10:34:28.020,103428020,23150819,5.01,1200,0,B,0,16:10:23.555
000931.SZ,10:34:29.800,103429800,23156383,5.01,5000,0,B,0,16:10:23.680
000931.SZ,10:34:29.930,103429930,23156678,5.01,500,0,B,0,16:10:23.680
000931.SZ,10:34:29.950,103429950,23156729,5.01,1800,0,S,0,16:10:23.680
000931.SZ,10:34:29.950,103429950,23156730,5.01,500,0,S,0,16:10:23.680
000931.SZ,10:34:29.950,103429950,23156731,5.01,1400,0,S,0,16:10:23.680
000931.SZ,10:34:29.950,103429950,23156732,5.01,100,0,S,0,16:10:23.680
000931.SZ,10:34:29.950,103429950,23156733,5.01,600,0,S,0,16:10:23.680
000931.SZ,10:34:29.950,103429950,23156734,5.01,700,0,S,0,16:10:23.680
000931.SZ,10:34:29.960,103429960,23156783,5.01,800,0,S,0,16:10:23.680
000931.SZ,10:34:29.970,103429970,23156802,5.01,800,0,S,0,16:10:23.680
000931.SZ,10:34:29.970,103429970,23156808,5.01,600,0,S,0,16:10:23.680
000931.SZ,10:34:29.970,103429970,23156809,5.01,1000,0,S,0,16:10:23.680
000931.SZ,10:34:29.970,103429970,23156810,5.01,900,0,S,0,16:10:23.680
000931.SZ,10:34:29.980,103429980,23156812,5.01,700,0,S,0,16:10:23.680
000931.SZ,10:34:30.230,103430230,23157837,5.01,200,0,S,0,16:10:23.680
000931.SZ,10:34:30.250,103430250,23157872,5.01,1200,0,S,0,16:10:23.680
000931.SZ,10:34:30.670,103430670,23159274,5.01,1000,0,S,0,16:10:23.789
000931.SZ,10:34:31.120,103431120,23160813,5.01,1000,0,S,0,16:10:23.789
000931.SZ,10:34:31.750,103431750,23163748,4.99,800,0,B,0,16:10:23.789
000931.SZ,10:34:33.160,103433160,23167704,5.0,100,0,S,0,16:10:23.919
000931.SZ,10:34:33.380,103433380,23168264,5.01,100,0,S,0,16:10:23.919
000931.SZ,10:34:33.390,103433390,23168275,5.02,100,0,S,0,16:10:23.919
000931.SZ,10:34:35.860,103435860,23175422,5.02,100,0,S,0,16:10:24.061
000931.SZ,10:34:38.710,103438710,23183161,5.0,1000,0,B,0,16:10:24.245
000931.SZ,10:34:42.240,103442240,23192191,4.93,500,0,B,0,16:10:24.446
000931.SZ,10:34:42.440,103442440,23192674,4.98,500,0,B,0,16:10:24.446
000931.SZ,10:34:45.210,103445210,23199444,5.0,1500,0,B,0,16:10:24.633
000931.SZ,10:34:47.770,103447770,23208059,4.9,20000,0,B,0,16:10:24.773
000931.SZ,10:34:53.450,103453450,23226853,4.88,20000,0,B,0,16:10:25.178
000931.SZ,10:34:59.770,103459770,23245654,5.01,400,0,S,0,16:10:25.678
000931.SZ,10:35:00.820,103500820,23249545,5.01,900,0,S,0,16:10:25.819
000931.SZ,10:35:02.560,103502560,23257631,5.0,800,0,B,0,16:10:25.877
000931.SZ,10:35:02.580,103502580,23257734,4.99,500,0,B,0,16:10:25.877
000931.SZ,10:35:02.800,103502800,23258933,4.97,200,0,B,0,16:10:26.034
000931.SZ,10:35:11.320,103511320,23294357,5.0,1400,0,B,0,16:10:26.600
000931.SZ,10:35:21.140,103521140,23325797,5.01,200,0,S,0,16:10:27.206
000931.SZ,10:35:21.230,103521230,23326006,5.01,1000,0,S,0,16:10:27.206
000931.SZ,10:35:21.230,103521230,23326015,4.97,2000,0,B,0,16:10:27.206
000931.SZ,10:35:21.280,103521280,23326090,4.95,800,0,B,0,16:10:27.332
000931.SZ,10:35:22.670,103522670,23330166,4.88,30000,0,B,0,16:10:27.332
000931.SZ,10:35:22.810,103522810,23330483,5.01,200,0,S,0,16:10:27.332
000931.SZ,10:35:27.080,103527080,23342730,5.01,200,0,S,0,16:10:27.614
000931.SZ,10:35:30.310,103530310,23353439,5.01,1300,0,B,0,16:10:27.806
000931.SZ,10:35:30.310,103530310,23353455,5.01,200,0,B,0,16:10:27.806
000931.SZ,10:35:30.510,103530510,23354338,5.0,12400,0,B,0,16:10:27.806
000931.SZ,10:35:31.250,103531250,23357004,4.97,400,0,B,0,16:10:27.954
000931.SZ,10:35:33.240,103533240,23363548,5.0,900,0,B,0,16:10:28.079
000931.SZ,10:35:33.430,103533430,23364110,4.96,1000,0,B,0,16:10:28.079
000931.SZ,10:35:34.460,103534460,23368547,5.01,5800,0,B,0,16:10:28.221
000931.SZ,10:35:36.240,103536240,23374418,5.01,600,0,S,0,16:10:28.221
000931.SZ,10:35:36.410,103536410,23375321,5.01,100,0,S,0,16:10:28.221
000931.SZ,10:35:36.530,103536530,23375734,5.01,1400,0,S,0,16:10:28.341
000931.SZ,10:35:36.670,103536670,23376238,5.01,600,0,S,0,16:10:28.341
000931.SZ,10:35:36.670,103536670,23376239,5.01,900,0,S,0,16:10:28.341
000931.SZ,10:35:36.750,103536750,23376465,5.01,800,0,B,0,16:10:28.341
000931.SZ,10:35:37.270,103537270,23378474,5.01,800,0,S,0,16:10:28.341
000931.SZ,10:35:37.490,103537490,23379458,5.01,100,0,B,0,16:10:28.341
000931.SZ,10:35:39.410,103539410,23384929,5.01,100,0,S,0,16:10:28.435
000931.SZ,10:35:39.540,103539540,23385339,5.01,1300,0,S,0,16:10:28.435
000931.SZ,10:35:39.670,103539670,23385628,5.01,800,0,S,0,16:10:28.435
000931.SZ,10:35:44.150,103544150,23396909,5.01,100,0,S,0,16:10:28.797
000931.SZ,10:35:44.170,103544170,23397001,5.01,200,0,S,0,16:10:28.797
000931.SZ,10:35:48.190,103548190,23406334,4.99,1000,0,B,0,16:10:28.939
000931.SZ,10:35:48.230,103548230,23406407,5.01,6400,0,S,0,16:10:28.939
000931.SZ,10:35:48.470,103548470,23407172,5.01,200,0,B,0,16:10:28.997
000931.SZ,10:35:48.710,103548710,23407738,4.9,8200,0,B,0,16:10:28.997
000931.SZ,10:35:49.560,103549560,23410174,5.0,200,0,B,0,16:10:29.074
000931.SZ,10:35:51.280,103551280,23414767,5.01,100,0,B,0,16:10:29.140
000931.SZ,10:35:51.640,103551640,23416328,5.01,900,0,S,0,16:10:29.232
000931.SZ,10:35:53.390,103553390,23421530,4.95,3000,0,B,0,16:10:29.341
000931.SZ,10:36:00.090,103600090,23439703,5.01,200,0,S,0,16:10:29.842
000931.SZ,10:36:03.190,103603190,23451318,4.99,1100,0,B,0,16:10:30.104
000931.SZ,10:36:03.360,103603360,23452129,4.97,1000,0,B,0,16:10:30.104
000931.SZ,10:36:07.710,103607710,23465865,4.6,500,0,B,0,16:10:30.342
000931.SZ,10:36:11.380,103611380,23475548,5.0,1000,0,B,0,16:10:30.622
000931.SZ,10:36:11.480,103611480,23475686,5.0,1000,0,B,0,16:10:30.622
000931.SZ,10:36:13.360,103613360,23480061,5.01,100,0,S,0,16:10:30.748
000931.SZ,10:36:16.350,103616350,23488804,5.01,1000,0,B,0,16:10:30.903
000931.SZ,10:36:18.150,103618150,23494893,5.0,10000,0,B,0,16:10:31.016
000931.SZ,10:36:23.550,103623550,23510886,5.0,100,0,B,0,16:10:31.345
000931.SZ,10:36:23.550,103623550,23510892,5.0,100,0,B,0,16:10:31.345
000931.SZ,10:36:24.680,103624680,23513717,5.01,600,0,S,0,16:10:31.503
000931.SZ,10:36:25.270,103625270,23515316,5.01,700,0,S,0,16:10:31.503
000931.SZ,10:36:26.240,103626240,23518191,4.59,900,0,B,0,16:10:31.612
000931.SZ,10:36:27.090,103627090,23519996,5.01,1000,0,B,0,16:10:31.612
000931.SZ,10:36:27.750,103627750,23521981,5.01,800,0,B,0,16:10:31.722
000931.SZ,10:36:27.920,103627920,23522501,5.01,6400,0,B,0,16:10:31.722
000931.SZ,10:36:28.250,103628250,23523649,5.0,200,0,B,0,16:10:31.722
000931.SZ,10:36:28.250,103628250,23523666,5.01,100,0,B,0,16:10:31.722
000931.SZ,10:36:28.250,103628250,23523668,5.01,200,0,B,0,16:10:31.722
000931.SZ,10:36:28.250,103628250,23523670,5.01,100,0,B,0,16:10:31.722
000931.SZ,10:36:30.320,103630320,23530091,5.0,1500,0,B,0,16:10:31.847
000931.SZ,10:36:30.760,103630760,23531494,5.01,800,0,B,0,16:10:31.847
000931.SZ,10:36:30.790,103630790,23531589,5.01,100,0,B,0,16:10:31.847
000931.SZ,10:36:30.890,103630890,23531829,5.01,600,0,B,0,16:10:31.847
000931.SZ,10:36:30.890,103630890,23531850,5.01,100,0,B,0,16:10:31.847
000931.SZ,10:36:31.690,103631690,23534299,4.97,300,0,B,0,16:10:32.014
000931.SZ,10:36:32.310,103632310,23535948,4.95,10600,0,B,0,16:10:32.014
000931.SZ,10:36:32.320,103632320,23535951,5.0,1500,0,B,0,16:10:32.014
000931.SZ,10:36:33.750,103633750,23539976,5.01,800,0,B,0,16:10:32.014
000931.SZ,10:36:34.100,103634100,23540907,5.01,1000,0,B,0,16:10:32.109
000931.SZ,10:36:34.140,103634140,23541023,5.01,100,0,B,0,16:10:32.109
000931.SZ,10:36:35.300,103635300,23544656,5.0,100,0,B,0,16:10:32.109
000931.SZ,10:36:35.310,103635310,23544670,5.01,1500,0,B,0,16:10:32.109
000931.SZ,10:36:35.720,103635720,23545754,5.0,100,0,B,0,16:10:32.253
000931.SZ,10:36:35.720,103635720,23545755,5.0,200,0,B,0,16:10:32.253
000931.SZ,10:36:35.720,103635720,23545765,5.0,100,0,B,0,16:10:32.253
000931.SZ,10:36:36.170,103636170,23546898,5.0,500,0,B,0,16:10:32.253
000931.SZ,10:36:36.170,103636170,23546899,5.01,800,0,B,0,16:10:32.253
000931.SZ,10:36:36.170,103636170,23546902,5.01,300,0,B,0,16:10:32.253
000931.SZ,10:36:36.180,103636180,23546917,5.01,3000,0,B,0,16:10:32.253
000931.SZ,10:36:36.180,103636180,23546926,5.01,500,0,B,0,16:10:32.253
000931.SZ,10:36:36.270,103636270,23547214,5.01,1200,0,B,0,16:10:32.253
000931.SZ,10:36:36.730,103636730,23548461,5.01,200,0,B,0,16:10:32.253
000931.SZ,10:36:36.730,103636730,23548467,5.01,3100,0,B,0,16:10:32.253
000931.SZ,10:36:36.730,103636730,23548476,5.01,200,0,B,0,16:10:32.253
000931.SZ,10:36:36.740,103636740,23548479,5.01,100,0,B,0,16:10:32.253
000931.SZ,10:36:36.740,103636740,23548481,5.01,100,0,B,0,16:10:32.253
000931.SZ,10:36:36.740,103636740,23548483,5.01,100,0,B,0,16:10:32.253
000931.SZ,10:36:36.740,103636740,23548485,5.01,300,0,B,0,16:10:32.253
000931.SZ,10:36:36.740,103636740,23548487,5.01,100,0,B,0,16:10:32.253
000931.SZ,10:36:36.740,103636740,23548489,5.01,200,0,B,0,16:10:32.253
000931.SZ,10:36:36.740,103636740,23548492,5.01,100,0,B,0,16:10:32.253
000931.SZ,10:36:36.740,103636740,23548494,5.01,100,0,B,0,16:10:32.253
000931.SZ,10:36:36.740,103636740,23548496,5.01,100,0,B,0,16:10:32.253
000931.SZ,10:36:36.740,103636740,23548498,5.01,200,0,B,0,16:10:32.253
000931.SZ,10:36:36.740,103636740,23548500,5.01,100,0,B,0,16:10:32.253
000931.SZ,10:36:36.740,103636740,23548502,5.01,100,0,B,0,16:10:32.253
000931.SZ,10:36:36.740,103636740,23548504,5.01,100,0,B,0,16:10:32.253
000931.SZ,10:36:36.750,103636750,23548549,5.01,100,0,B,0,16:10:32.253
000931.SZ,10:36:36.750,103636750,23548569,5.01,100,0,B,0,16:10:32.253
000931.SZ,10:36:36.810,103636810,23548734,5.01,100,0,B,0,16:10:32.253
000931.SZ,10:36:36.970,103636970,23549312,5.01,100,0,B,0,16:10:32.253
000931.SZ,10:36:37.060,103637060,23549752,5.01,400,0,B,0,16:10:32.253
000931.SZ,10:36:37.060,103637060,23549783,5.0,100,0,B,0,16:10:32.253
000931.SZ,10:36:38.060,103638060,23552920,5.01,1200,0,B,0,16:10:32.376
000931.SZ,10:36:39.210,103639210,23555509,5.01,700,0,B,0,16:10:32.376
000931.SZ,10:36:39.210,103639210,23555511,5.01,300,0,B,0,16:10:32.376
000931.SZ,10:36:39.210,103639210,23555515,5.01,300,0,B,0,16:10:32.376
000931.SZ,10:36:39.210,103639210,23555517,5.01,600,0,B,0,16:10:32.376
000931.SZ,10:36:39.210,103639210,23555520,5.01,300,0,B,0,16:10:32.376
000931.SZ,10:36:39.210,103639210,23555522,5.01,300,0,B,0,16:10:32.376
000931.SZ,10:36:39.210,103639210,23555524,5.01,200,0,B,0,16:10:32.376
000931.SZ,10:36:39.210,103639210,23555526,5.01,300,0,B,0,16:10:32.376
000931.SZ,10:36:39.220,103639220,23555552,5.01,300,0,B,0,16:10:32.376
000931.SZ,10:36:39.220,103639220,23555558,5.01,2500,0,B,0,16:10:32.376
000931.SZ,10:36:39.240,103639240,23555595,5.01,100,0,B,0,16:10:32.376
000931.SZ,10:36:39.550,103639550,23556559,5.01,100,0,S,0,16:10:32.376
000931.SZ,10:36:39.580,103639580,23556612,5.01,100,0,B,0,16:10:32.376
000931.SZ,10:36:39.580,103639580,23556613,5.01,100,0,B,0,16:10:32.376
000931.SZ,10:36:39.580,103639580,23556615,5.01,100,0,B,0,16:10:32.376
000931.SZ,10:36:39.580,103639580,23556616,5.01,100,0,B,0,16:10:32.376
000931.SZ,10:36:39.580,103639580,23556617,5.01,200,0,B,0,16:10:32.376
000931.SZ,10:36:39.580,103639580,23556621,5.01,100,0,B,0,16:10:32.376
000931.SZ,10:36:39.590,103639590,23556634,5.01,100,0,B,0,16:10:32.376
000931.SZ,10:36:39.590,103639590,23556640,5.02,200,0,S,0,16:10:32.376
000931.SZ,10:36:39.590,103639590,23556641,5.02,600,0,S,0,16:10:32.376
000931.SZ,10:36:39.590,103639590,23556642,5.02,300,0,S,0,16:10:32.376
000931.SZ,10:36:39.590,103639590,23556643,5.02,300,0,S,0,16:10:32.376
000931.SZ,10:36:39.590,103639590,23556646,5.01,100,0,B,0,16:10:32.376
000931.SZ,10:36:39.590,103639590,23556647,5.01,100,0,B,0,16:10:32.376
000931.SZ,10:36:39.600,103639600,23556657,5.01,100,0,B,0,16:10:32.376
000931.SZ,10:36:39.600,103639600,23556667,5.01,100,0,B,0,16:10:32.376
000931.SZ,10:36:39.600,103639600,23556668,5.01,100,0,B,0,16:10:32.376
000931.SZ,10:36:39.600,103639600,23556670,5.01,100,0,B,0,16:10:32.376
000931.SZ,10:36:39.600,103639600,23556671,5.01,100,0,B,0,16:10:32.376
000931.SZ,10:36:39.600,103639600,23556672,5.01,100,0,B,0,16:10:32.376
000931.SZ,10:36:39.600,103639600,23556682,5.01,100,0,S,0,16:10:32.376
000931.SZ,10:36:39.610,103639610,23556687,5.01,100,0,B,0,16:10:32.376
000931.SZ,10:36:39.610,103639610,23556689,5.02,300,0,S,0,16:10:32.376
000931.SZ,10:36:39.610,103639610,23556690,5.01,100,0,B,0,16:10:32.376
000931.SZ,10:36:39.610,103639610,23556691,5.01,100,0,B,0,16:10:32.376
000931.SZ,10:36:39.610,103639610,23556701,5.01,300,0,B,0,16:10:32.376
000931.SZ,10:36:39.610,103639610,23556704,5.02,300,0,S,0,16:10:32.376
000931.SZ,10:36:39.620,103639620,23556709,5.02,300,0,S,0,16:10:32.376
000931.SZ,10:36:39.620,103639620,23556712,5.02,400,0,S,0,16:10:32.376
000931.SZ,10:36:39.620,103639620,23556713,5.02,400,0,S,0,16:10:32.376
000931.SZ,10:36:39.620,103639620,23556717,5.02,300,0,S,0,16:10:32.376
000931.SZ,10:36:39.750,103639750,23557099,5.01,800,0,B,0,16:10:32.535
000931.SZ,10:36:39.760,103639760,23557116,5.01,100,0,B,0,16:10:32.535
000931.SZ,10:36:39.760,103639760,23557119,5.01,100,0,B,0,16:10:32.535
000931.SZ,10:36:39.990,103639990,23557618,5.01,100,0,B,0,16:10:32.535
000931.SZ,10:36:40.560,103640560,23558958,5.01,3200,0,S,0,16:10:32.535
000931.SZ,10:36:42.260,103642260,23562380,4.91,1000,0,B,0,16:10:32.535
000931.SZ,10:36:42.260,103642260,23562408,5.01,100,0,B,0,16:10:32.535
000931.SZ,10:36:42.330,103642330,23562509,5.02,1900,0,S,0,16:10:32.535
000931.SZ,10:36:42.330,103642330,23562510,5.02,200,0,S,0,16:10:32.535
000931.SZ,10:36:42.360,103642360,23562567,5.01,100,0,S,0,16:10:32.535
000931.SZ,10:36:42.990,103642990,23564632,5.0,1000,0,B,0,16:10:32.690
000931.SZ,10:36:43.120,103643120,23565041,5.02,200,0,S,0,16:10:32.690
000931.SZ,10:36:51.080,103651080,23583070,5.02,2500,0,S,0,16:10:33.076
000931.SZ,10:36:51.140,103651140,23583198,5.02,3900,0,S,0,16:10:33.076
000931.SZ,10:36:51.570,103651570,23584154,5.01,2200,0,S,0,16:10:33.076
000931.SZ,10:36:54.200,103654200,23590602,5.01,400,0,S,0,16:10:33.314
000931.SZ,10:36:54.200,103654200,23590608,5.01,700,0,S,0,16:10:33.314
000931.SZ,10:36:57.180,103657180,23598075,5.01,400,0,S,0,16:10:33.377
000931.SZ,10:36:57.220,103657220,23598194,5.0,100,0,B,0,16:10:33.377
000931.SZ,10:36:57.220,103657220,23598211,5.0,800,0,B,0,16:10:33.377
000931.SZ,10:36:57.220,103657220,23598212,5.0,13900,0,B,0,16:10:33.377
000931.SZ,10:36:58.610,103658610,23601879,5.01,1700,0,B,0,16:10:33.564
000931.SZ,10:37:00.190,103700190,23605375,5.01,300,0,B,0,16:10:33.564
000931.SZ,10:37:00.190,103700190,23605377,5.01,300,0,B,0,16:10:33.564
000931.SZ,10:37:00.190,103700190,23605385,5.01,100,0,B,0,16:10:33.564
000931.SZ,10:37:00.490,103700490,23606252,5.01,100,0,B,0,16:10:33.768
000931.SZ,10:37:00.570,103700570,23606560,5.01,1000,0,B,0,16:10:33.768
000931.SZ,10:37:00.750,103700750,23607272,5.01,800,0,B,0,16:10:33.768
000931.SZ,10:37:00.800,103700800,23607365,5.01,300,0,S,0,16:10:33.768
000931.SZ,10:37:00.800,103700800,23607367,5.01,300,0,S,0,16:10:33.768
000931.SZ,10:37:02.570,103702570,23612803,5.02,100,0,S,0,16:10:33.924
000931.SZ,10:37:03.260,103703260,23614296,5.01,100,0,S,0,16:10:33.924
000931.SZ,10:37:03.270,103703270,23614314,5.02,600,0,S,0,16:10:33.924
000931.SZ,10:37:04.660,103704660,23618599,5.05,2000,0,S,0,16:10:34.045
000931.SZ,10:37:06.400,103706400,23623716,5.0,400,0,B,0,16:10:34.139
000931.SZ,10:37:06.420,103706420,23623764,5.01,2200,0,B,0,16:10:34.139
000931.SZ,10:37:06.550,103706550,23624049,5.01,2100,0,S,0,16:10:34.139
000931.SZ,10:37:06.910,103706910,23625009,5.01,200,0,S,0,16:10:34.139
000931.SZ,10:37:10.560,103710560,23635251,5.01,1100,0,B,0,16:10:34.344
000931.SZ,10:37:10.600,103710600,23635332,5.01,800,0,S,0,16:10:34.344
000931.SZ,10:37:10.610,103710610,23635356,5.01,100,0,S,0,16:10:34.344
000931.SZ,10:37:10.620,103710620,23635382,5.02,100,0,S,0,16:10:34.344
000931.SZ,10:37:10.690,103710690,23635551,5.01,1000,0,S,0,16:10:34.344
000931.SZ,10:37:10.810,103710810,23635869,5.01,400,0,S,0,16:10:34.531
000931.SZ,10:37:12.200,103712200,23638843,5.0,500,0,B,0,16:10:34.531
000931.SZ,10:37:12.200,103712200,23638846,5.0,1300,0,B,0,16:10:34.531
000931.SZ,10:37:12.200,103712200,23638847,5.0,200,0,B,0,16:10:34.531
000931.SZ,10:37:12.200,103712200,23638850,5.0,200,0,B,0,16:10:34.531
000931.SZ,10:37:12.200,103712200,23638851,5.0,300,0,B,0,16:10:34.531
000931.SZ,10:37:12.200,103712200,23638852,5.0,800,0,B,0,16:10:34.531
000931.SZ,10:37:12.200,103712200,23638853,5.0,1200,0,B,0,16:10:34.531
000931.SZ,10:37:12.200,103712200,23638854,5.0,100,0,B,0,16:10:34.531
000931.SZ,10:37:12.200,103712200,23638856,5.0,100,0,B,0,16:10:34.531
000931.SZ,10:37:12.200,103712200,23638873,5.0,200,0,B,0,16:10:34.531
000931.SZ,10:37:12.210,103712210,23638883,5.0,1300,0,B,0,16:10:34.531
000931.SZ,10:37:12.210,103712210,23638886,5.0,800,0,B,0,16:10:34.531
000931.SZ,10:37:12.210,103712210,23638902,5.0,500,0,B,0,16:10:34.531
000931.SZ,10:37:12.210,103712210,23638913,5.0,800,0,B,0,16:10:34.531
000931.SZ,10:37:12.220,103712220,23638940,5.0,300,0,B,0,16:10:34.531
000931.SZ,10:37:12.250,103712250,23639008,5.0,3500,0,B,0,16:10:34.531
000931.SZ,10:37:13.940,103713940,23643124,4.97,5000,0,B,0,16:10:34.625
000931.SZ,10:37:14.000,103714000,23643238,5.01,1400,0,B,0,16:10:34.625
000931.SZ,10:37:14.000,103714000,23643247,5.02,100,0,S,0,16:10:34.625
000931.SZ,10:37:15.340,103715340,23645871,5.01,100,0,B,0,16:10:34.625
000931.SZ,10:37:15.540,103715540,23646288,5.01,100,0,S,0,16:10:34.625
000931.SZ,10:37:18.480,103718480,23653072,4.94,3000,0,B,0,16:10:34.846
000931.SZ,10:37:25.460,103725460,23671891,5.0,500,0,B,0,16:10:35.281
000931.SZ,10:37:29.150,103729150,23682129,5.0,1000,0,B,0,16:10:35.468
000931.SZ,10:37:35.240,103735240,23697960,4.98,20000,0,B,0,16:10:35.906
000931.SZ,10:37:35.250,103735250,23697984,5.01,100,0,B,0,16:10:35.906
000931.SZ,10:37:35.600,103735600,23698814,5.01,100,0,S,0,16:10:35.906
000931.SZ,10:37:38.390,103738390,23706060,4.98,3000,0,B,0,16:10:35.995
000931.SZ,10:37:43.420,103743420,23717448,4.98,700,0,S,0,16:10:36.262
000931.SZ,10:37:48.730,103748730,23728883,5.02,600,0,B,0,16:10:36.515
000931.SZ,10:37:48.900,103748900,23729335,5.0,5000,0,B,0,16:10:36.515
000931.SZ,10:37:58.280,103758280,23752834,4.98,2600,0,B,0,16:10:37.198
000931.SZ,10:37:59.410,103759410,23755582,5.0,2000,0,B,0,16:10:37.198
000931.SZ,10:37:59.990,103759990,23756832,4.95,2000,0,B,0,16:10:37.198
000931.SZ,10:38:00.430,103800430,23758145,5.0,3000,0,B,0,16:10:37.198
000931.SZ,10:38:00.430,103800430,23758150,5.01,3600,0,B,0,16:10:37.198
000931.SZ,10:38:00.560,103800560,23758675,5.01,1400,0,S,0,16:10:37.198
000931.SZ,10:38:01.070,103801070,23760272,5.01,100,0,S,0,16:10:37.405
000931.SZ,10:38:01.160,103801160,23760513,5.01,100,0,S,0,16:10:37.405
000931.SZ,10:38:01.430,103801430,23761201,4.98,1000,0,B,0,16:10:37.405
000931.SZ,10:38:03.580,103803580,23767193,5.01,100,0,B,0,16:10:37.554
000931.SZ,10:38:03.750,103803750,23767538,5.01,800,0,B,0,16:10:37.554
000931.SZ,10:38:03.760,103803760,23767551,5.01,800,0,B,0,16:10:37.554
000931.SZ,10:38:04.070,103804070,23768369,5.01,400,0,B,0,16:10:37.554
000931.SZ,10:38:04.090,103804090,23768481,5.01,1000,0,B,0,16:10:37.554
000931.SZ,10:38:06.210,103806210,23775046,5.01,500,0,B,0,16:10:37.670
000931.SZ,10:38:06.230,103806230,23775086,5.01,600,0,B,0,16:10:37.670
000931.SZ,10:38:06.430,103806430,23775798,5.01,200,0,S,0,16:10:37.904
000931.SZ,10:38:06.740,103806740,23776771,5.01,800,0,B,0,16:10:37.904
000931.SZ,10:38:06.760,103806760,23776828,5.01,800,0,B,0,16:10:37.904
000931.SZ,10:38:08.000,103808000,23780455,5.0,5000,0,B,0,16:10:37.904
000931.SZ,10:38:09.750,103809750,23784795,5.01,800,0,B,0,16:10:37.904
000931.SZ,10:38:12.290,103812290,23790322,5.01,300,0,B,0,16:10:38.165
000931.SZ,10:38:14.420,103814420,23795168,5.04,1100,0,S,0,16:10:38.308
000931.SZ,10:38:15.170,103815170,23796801,5.01,1000,0,B,0,16:10:38.308
000931.SZ,10:38:16.330,103816330,23799529,5.01,100,0,B,0,16:10:38.308
000931.SZ,10:38:19.140,103819140,23806096,5.01,9300,0,B,0,16:10:38.434
000931.SZ,10:38:19.850,103819850,23808009,5.0,100,0,B,0,16:10:38.605
000931.SZ,10:38:20.820,103820820,23810502,5.01,5000,0,B,0,16:10:38.605
000931.SZ,10:38:22.300,103822300,23814127,5.01,1000,0,B,0,16:10:38.761
000931.SZ,10:38:23.770,103823770,23816813,5.01,4800,0,S,0,16:10:38.761
000931.SZ,10:38:24.770,103824770,23818792,5.01,800,0,B,0,16:10:38.761
000931.SZ,10:38:27.010,103827010,23824068,5.01,500,0,B,0,16:10:38.950
000931.SZ,10:38:27.480,103827480,23825573,5.01,300,0,B,0,16:10:38.950
000931.SZ,10:38:27.810,103827810,23826281,5.01,1900,0,B,0,16:10:38.950
000931.SZ,10:38:30.620,103830620,23832878,5.01,400,0,B,0,16:10:39.084
000931.SZ,10:38:33.350,103833350,23839037,5.01,800,0,B,0,16:10:39.259
000931.SZ,10:38:37.290,103837290,23847213,4.95,3000,0,B,0,16:10:39.573
000931.SZ,10:38:39.980,103839980,23853666,5.01,100,0,S,0,16:10:39.715
000931.SZ,10:38:54.070,103854070,23886815,4.95,10600,0,B,0,16:10:40.477
000931.SZ,10:38:55.860,103855860,23890232,5.02,5100,0,B,0,16:10:40.634
000931.SZ,10:38:56.250,103856250,23890936,5.0,1000,0,B,0,16:10:40.634
000931.SZ,10:38:56.470,103856470,23891616,5.01,200,0,B,0,16:10:40.634
000931.SZ,10:38:59.430,103859430,23896972,5.01,5000,0,S,0,16:10:40.821
000931.SZ,10:39:00.280,103900280,23898719,5.01,600,0,B,0,16:10:40.821
000931.SZ,10:39:03.880,103903880,23908969,5.01,300,0,B,0,16:10:41.145
000931.SZ,10:39:06.980,103906980,23916932,5.01,100,0,S,0,16:10:41.337
000931.SZ,10:39:06.980,103906980,23916934,5.02,100,0,S,0,16:10:41.337
000931.SZ,10:39:08.580,103908580,23921091,5.01,100,0,B,0,16:10:41.524
000931.SZ,10:39:09.000,103909000,23921711,5.01,2600,0,B,0,16:10:41.524
000931.SZ,10:39:09.890,103909890,23923637,5.01,1000,0,B,0,16:10:41.524
000931.SZ,10:39:09.900,103909900,23923662,5.01,100,0,B,0,16:10:41.524
000931.SZ,10:39:14.230,103914230,23932917,5.02,11800,0,B,0,16:10:41.847
000931.SZ,10:39:14.230,103914230,23932928,5.01,100,0,B,0,16:10:41.847
000931.SZ,10:39:14.240,103914240,23932929,5.01,100,0,B,0,16:10:41.847
000931.SZ,10:39:14.240,103914240,23932932,5.01,100,0,B,0,16:10:41.847
000931.SZ,10:39:14.240,103914240,23932933,5.01,100,0,B,0,16:10:41.847
000931.SZ,10:39:14.240,103914240,23932934,5.01,100,0,B,0,16:10:41.847
000931.SZ,10:39:14.240,103914240,23932935,5.01,100,0,B,0,16:10:41.847
000931.SZ,10:39:14.240,103914240,23932948,5.01,100,0,B,0,16:10:41.847
000931.SZ,10:39:14.250,103914250,23932970,5.01,100,0,B,0,16:10:41.847
000931.SZ,10:39:14.270,103914270,23933024,5.01,100,0,B,0,16:10:41.847
000931.SZ,10:39:15.630,103915630,23935405,4.98,2600,0,S,0,16:10:41.847
000931.SZ,10:39:18.180,103918180,23940303,5.02,600,0,S,0,16:10:41.962
000931.SZ,10:39:21.140,103921140,23946721,4.95,500,0,B,0,16:10:42.063
000931.SZ,10:39:21.760,103921760,23947980,5.01,33000,0,B,0,16:10:42.147
000931.SZ,10:39:21.790,103921790,23948017,5.02,5000,0,S,0,16:10:42.147
000931.SZ,10:39:21.840,103921840,23948165,5.02,1600,0,S,0,16:10:42.147
000931.SZ,10:39:21.860,103921860,23948193,5.02,1500,0,S,0,16:10:42.147
000931.SZ,10:39:23.380,103923380,23951937,5.01,300,0,B,0,16:10:42.287
000931.SZ,10:39:26.890,103926890,23958731,5.01,100,0,B,0,16:10:42.445
000931.SZ,10:39:27.660,103927660,23960497,5.02,4500,0,B,0,16:10:42.445
000931.SZ,10:39:30.060,103930060,23965424,5.01,100,0,S,0,16:10:42.570
000931.SZ,10:39:30.990,103930990,23967701,5.02,1300,0,S,0,16:10:42.570
000931.SZ,10:39:31.820,103931820,23969568,5.02,2000,0,B,0,16:10:42.712
000931.SZ,10:39:34.560,103934560,23976101,5.01,200,0,B,0,16:10:42.851
000931.SZ,10:39:35.630,103935630,23978847,5.01,100,0,B,0,16:10:42.979
000931.SZ,10:39:36.040,103936040,23979674,5.01,400,0,B,0,16:10:42.979
000931.SZ,10:39:36.040,103936040,23979682,5.01,300,0,B,0,16:10:42.979
000931.SZ,10:39:36.140,103936140,23979893,5.01,100,0,B,0,16:10:42.979
000931.SZ,10:39:36.800,103936800,23982018,5.01,100,0,B,0,16:10:42.979
000931.SZ,10:39:37.050,103937050,23982671,5.03,900,0,S,0,16:10:42.979
000931.SZ,10:39:37.050,103937050,23982673,5.03,1000,0,S,0,16:10:42.979
000931.SZ,10:39:37.050,103937050,23982675,5.03,700,0,S,0,16:10:42.979
000931.SZ,10:39:37.050,103937050,23982676,5.03,700,0,S,0,16:10:42.979
000931.SZ,10:39:37.050,103937050,23982678,5.03,700,0,S,0,16:10:42.979
000931.SZ,10:39:37.050,103937050,23982680,5.03,1300,0,S,0,16:10:42.979
000931.SZ,10:39:37.050,103937050,23982681,5.03,300,0,S,0,16:10:42.979
000931.SZ,10:39:37.050,103937050,23982688,5.03,900,0,S,0,16:10:42.979
000931.SZ,10:39:37.050,103937050,23982703,5.03,7000,0,S,0,16:10:42.979
000931.SZ,10:39:37.060,103937060,23982723,5.02,1200,0,B,0,16:10:42.979
000931.SZ,10:39:38.310,103938310,23987242,5.01,100,0,B,0,16:10:43.129
000931.SZ,10:39:47.560,103947560,24013347,4.99,100,0,S,0,16:10:43.612
000931.SZ,10:39:51.640,103951640,24023918,5.01,500,0,B,0,16:10:43.860
000931.SZ,10:39:54.470,103954470,24030611,5.02,900,0,S,0,16:10:44.154
000931.SZ,10:39:55.390,103955390,24032678,5.02,500,0,B,0,16:10:44.154
000931.SZ,10:39:57.510,103957510,24037165,5.01,200,0,B,0,16:10:44.298
000931.SZ,10:39:57.650,103957650,24037401,5.02,2500,0,S,0,16:10:44.298
000931.SZ,10:39:59.500,103959500,24041350,5.02,490000,0,S,0,16:10:44.298
000931.SZ,10:39:59.600,103959600,24041516,5.01,1900,0,S,0,16:10:44.298
000931.SZ,10:39:59.620,103959620,24041539,5.02,800,0,S,0,16:10:44.298
000931.SZ,10:39:59.620,103959620,24041540,5.02,700,0,S,0,16:10:44.298
000931.SZ,10:39:59.620,103959620,24041541,5.02,500,0,S,0,16:10:44.298
000931.SZ,10:39:59.620,103959620,24041542,5.02,500,0,S,0,16:10:44.298
000931.SZ,10:39:59.620,103959620,24041543,5.02,100,0,S,0,16:10:44.298
000931.SZ,10:39:59.620,103959620,24041544,5.02,1000,0,S,0,16:10:44.298
000931.SZ,10:39:59.620,103959620,24041545,5.02,500,0,S,0,16:10:44.298
000931.SZ,10:39:59.620,103959620,24041551,5.02,300,0,S,0,16:10:44.298
000931.SZ,10:39:59.620,103959620,24041552,5.02,400,0,S,0,16:10:44.298
000931.SZ,10:39:59.620,103959620,24041553,5.02,100,0,S,0,16:10:44.455
000931.SZ,10:39:59.620,103959620,24041554,5.02,500,0,S,0,16:10:44.455
000931.SZ,10:39:59.620,103959620,24041555,5.02,1100,0,S,0,16:10:44.455
000931.SZ,10:39:59.620,103959620,24041557,5.02,7000,0,S,0,16:10:44.455
000931.SZ,10:39:59.660,103959660,24041748,5.09,4000,0,S,0,16:10:44.455
000931.SZ,10:39:59.700,103959700,24041849,5.01,100,0,S,0,16:10:44.455
000931.SZ,10:40:00.200,104000200,24042893,5.01,200,0,B,0,16:10:44.455
000931.SZ,10:40:00.240,104000240,24043066,5.01,300,0,B,0,16:10:44.455
000931.SZ,10:40:00.560,104000560,24044166,5.01,2000,0,S,0,16:10:44.455
000931.SZ,10:40:00.660,104000660,24044616,5.01,100,0,S,0,16:10:44.562
000931.SZ,10:40:02.380,104002380,24050486,5.02,1300,0,S,0,16:10:44.657
000931.SZ,10:40:03.420,104003420,24053404,5.01,300,0,B,0,16:10:44.783
000931.SZ,10:40:04.960,104004960,24058221,5.01,2000,0,B,0,16:10:44.783
000931.SZ,10:40:07.300,104007300,24064632,5.04,1100,0,S,0,16:10:44.969
000931.SZ,10:40:09.630,104009630,24070237,5.01,2100,0,S,0,16:10:45.101
000931.SZ,10:40:09.730,104009730,24070401,5.01,100,0,S,0,16:10:45.101
000931.SZ,10:40:11.570,104011570,24074820,5.01,100,0,S,0,16:10:45.233
000931.SZ,10:40:14.550,104014550,24082070,5.01,100,0,S,0,16:10:45.484
000931.SZ,10:40:17.140,104017140,24090188,5.01,200,0,B,0,16:10:45.609
000931.SZ,10:40:17.900,104017900,24092058,5.01,100,0,B,0,16:10:45.609
000931.SZ,10:40:17.900,104017900,24092062,5.01,100,0,B,0,16:10:45.609
000931.SZ,10:40:17.930,104017930,24092119,5.01,100,0,B,0,16:10:45.609
000931.SZ,10:40:25.060,104025060,24111454,5.02,73000,0,B,0,16:10:46.064
000931.SZ,10:40:25.080,104025080,24111697,5.01,8100,0,B,0,16:10:46.064
000931.SZ,10:40:25.130,104025130,24111857,5.01,100,0,B,0,16:10:46.064
000931.SZ,10:40:25.140,104025140,24111863,5.02,100,0,B,0,16:10:46.064
000931.SZ,10:40:25.140,104025140,24111868,5.02,100,0,B,0,16:10:46.064
000931.SZ,10:40:25.150,104025150,24111874,5.01,100,0,S,0,16:10:46.064
000931.SZ,10:40:25.250,104025250,24112233,5.01,1700,0,S,0,16:10:46.064
000931.SZ,10:40:26.370,104026370,24115397,5.01,100,0,B,0,16:10:46.198
000931.SZ,10:40:26.380,104026380,24115409,5.01,100,0,B,0,16:10:46.198
000931.SZ,10:40:26.380,104026380,24115410,5.01,100,0,B,0,16:10:46.198
000931.SZ,10:40:26.380,104026380,24115411,5.01,100,0,B,0,16:10:46.198
000931.SZ,10:40:26.380,104026380,24115413,5.01,100,0,B,0,16:10:46.198
000931.SZ,10:40:26.380,104026380,24115416,5.01,100,0,B,0,16:10:46.198
000931.SZ,10:40:26.380,104026380,24115417,5.01,100,0,B,0,16:10:46.198
000931.SZ,10:40:26.380,104026380,24115418,5.01,100,0,B,0,16:10:46.198
000931.SZ,10:40:26.380,104026380,24115419,5.01,100,0,B,0,16:10:46.198
000931.SZ,10:40:26.380,104026380,24115420,5.01,100,0,B,0,16:10:46.198
000931.SZ,10:40:26.380,104026380,24115422,5.01,100,0,B,0,16:10:46.198
000931.SZ,10:40:27.060,104027060,24116753,5.0,200,0,B,0,16:10:46.198
000931.SZ,10:40:27.780,104027780,24118947,4.98,3800,0,S,0,16:10:46.294
000931.SZ,10:40:27.870,104027870,24119147,5.01,100,0,S,0,16:10:46.294
000931.SZ,10:40:31.550,104031550,24128850,5.02,2000,0,B,0,16:10:46.686
000931.SZ,10:40:31.640,104031640,24129109,5.01,100,0,S,0,16:10:46.686
000931.SZ,10:40:31.730,104031730,24129292,5.01,100,0,S,0,16:10:46.686
000931.SZ,10:40:31.900,104031900,24129585,5.0,10000,0,B,0,16:10:46.686
000931.SZ,10:40:33.010,104033010,24132239,5.01,7400,0,B,0,16:10:46.686
000931.SZ,10:40:36.160,104036160,24139851,5.01,800,0,B,0,16:10:46.859
000931.SZ,10:40:37.630,104037630,24143594,4.9,2000,0,B,0,16:10:46.859
000931.SZ,10:40:39.720,104039720,24147671,4.6,100,0,B,0,16:10:46.984
000931.SZ,10:40:39.730,104039730,24147691,5.01,100,0,B,0,16:10:46.984
000931.SZ,10:40:46.370,104046370,24164746,5.0,10000,0,B,0,16:10:47.338
000931.SZ,10:40:47.550,104047550,24167379,5.0,10000,0,B,0,16:10:47.480
000931.SZ,10:40:56.140,104056140,24186787,5.01,800,0,B,0,16:10:47.905
000931.SZ,10:40:57.000,104057000,24188484,5.02,100,0,S,0,16:10:47.905
000931.SZ,10:40:57.160,104057160,24188953,5.01,100,0,B,0,16:10:48.039
000931.SZ,10:40:57.240,104057240,24189127,5.02,2900,0,S,0,16:10:48.039
000931.SZ,10:40:58.020,104058020,24191050,5.02,500,0,S,0,16:10:48.039
000931.SZ,10:41:03.080,104103080,24204270,5.02,200,0,S,0,16:10:48.459
000931.SZ,10:41:03.080,104103080,24204277,5.02,200,0,S,0,16:10:48.459
000931.SZ,10:41:06.850,104106850,24213974,5.01,20000,0,B,0,16:10:48.694
000931.SZ,10:41:15.900,104115900,24235180,5.01,5000,0,B,0,16:10:49.131
000931.SZ,10:41:15.910,104115910,24235199,5.01,100,0,B,0,16:10:49.131
000931.SZ,10:41:16.320,104116320,24236102,5.01,17100,0,B,0,16:10:49.131
000931.SZ,10:41:17.130,104117130,24237954,5.01,1000,0,B,0,16:10:49.284
000931.SZ,10:41:18.430,104118430,24241012,5.02,400,0,B,0,16:10:49.284
000931.SZ,10:41:18.780,104118780,24241865,5.04,4000,0,S,0,16:10:49.284
000931.SZ,10:41:20.690,104120690,24246380,5.02,200,0,S,0,16:10:49.440
000931.SZ,10:41:23.650,104123650,24253124,5.01,300,0,B,0,16:10:49.597
000931.SZ,10:41:24.460,104124460,24254946,5.01,300,0,S,0,16:10:49.597
000931.SZ,10:41:24.960,104124960,24256323,5.01,700,0,B,0,16:10:49.724
000931.SZ,10:41:25.420,104125420,24257585,5.02,700,0,S,0,16:10:49.724
000931.SZ,10:41:25.420,104125420,24257588,5.02,400,0,S,0,16:10:49.724
000931.SZ,10:41:25.690,104125690,24258195,5.01,300,0,B,0,16:10:49.724
000931.SZ,10:41:25.750,104125750,24258349,5.01,100,0,B,0,16:10:49.724
000931.SZ,10:41:26.670,104126670,24260508,5.01,200,0,B,0,16:10:49.724
000931.SZ,10:41:27.420,104127420,24262102,5.01,300,0,B,0,16:10:49.724
000931.SZ,10:41:29.200,104129200,24266789,5.01,2000,0,B,0,16:10:49.835
000931.SZ,10:41:31.950,104131950,24274514,5.05,3000,0,S,0,16:10:50.162
000931.SZ,10:41:34.300,104134300,24280189,4.89,200,0,B,0,16:10:50.162
000931.SZ,10:41:34.910,104134910,24281612,5.01,10000,0,B,0,16:10:50.314
000931.SZ,10:41:36.240,104136240,24284885,5.01,600,0,B,0,16:10:50.314
000931.SZ,10:41:38.610,104138610,24290918,5.01,100,0,B,0,16:10:50.456
000931.SZ,10:41:39.490,104139490,24292832,5.01,1500,0,B,0,16:10:50.456
000931.SZ,10:41:43.920,104143920,24303803,5.0,500,0,B,0,16:10:50.741
000931.SZ,10:41:45.970,104145970,24308110,5.01,10000,0,B,0,16:10:50.991
000931.SZ,10:41:50.420,104150420,24316691,5.0,1000,0,B,0,16:10:51.149
000931.SZ,10:41:52.870,104152870,24321063,5.05,13000,0,S,0,16:10:51.290
000931.SZ,10:41:56.000,104156000,24327296,5.0,7200,0,B,0,16:10:51.479
000931.SZ,10:41:57.280,104157280,24329051,5.01,100,0,B,0,16:10:51.479
000931.SZ,10:42:02.080,104202080,24339324,5.02,2000,0,B,0,16:10:51.880
000931.SZ,10:42:02.210,104202210,24339535,4.96,8600,0,B,0,16:10:51.880
000931.SZ,10:42:06.550,104206550,24348857,5.03,100,0,S,0,16:10:52.051
000931.SZ,10:42:12.760,104212760,24360399,5.01,1500,0,B,0,16:10:52.386
000931.SZ,10:42:14.580,104214580,24364057,4.94,300,0,B,0,16:10:52.386
000931.SZ,10:42:15.210,104215210,24365514,5.01,100,0,S,0,16:10:52.527
000931.SZ,10:42:19.340,104219340,24375203,5.0,300,0,B,0,16:10:52.683
000931.SZ,10:42:22.660,104222660,24383380,5.0,300,0,B,0,16:10:52.991
000931.SZ,10:42:24.180,104224180,24386832,5.01,1000,0,B,0,16:10:52.991
000931.SZ,10:42:27.710,104227710,24394444,5.01,200,0,B,0,16:10:53.275
000931.SZ,10:42:31.250,104231250,24402204,5.01,500,0,B,0,16:10:53.345
000931.SZ,10:42:38.270,104238270,24418130,5.06,13000,0,S,0,16:10:53.445
000931.SZ,10:42:39.690,104239690,24420651,5.0,300,0,B,0,16:10:53.498
000931.SZ,10:42:40.220,104240220,24422012,5.01,5000,0,B,0,16:10:53.609
000931.SZ,10:42:40.580,104240580,24422959,5.01,100,0,B,0,16:10:53.609
000931.SZ,10:42:40.580,104240580,24422960,5.01,100,0,B,0,16:10:53.609
000931.SZ,10:42:40.980,104240980,24423661,5.02,400,0,B,0,16:10:53.609
000931.SZ,10:42:42.180,104242180,24426718,5.0,2000,0,B,0,16:10:53.609
000931.SZ,10:42:42.490,104242490,24427456,5.04,1700,0,S,0,16:10:53.797
000931.SZ,10:42:51.330,104251330,24447722,5.01,2000,0,S,0,16:10:54.278
000931.SZ,10:42:51.330,104251330,24447740,5.01,100,0,B,0,16:10:54.278
000931.SZ,10:42:53.590,104253590,24453454,5.02,400,0,S,0,16:10:54.278
000931.SZ,10:42:53.590,104253590,24453455,5.02,13100,0,S,0,16:10:54.278
000931.SZ,10:42:53.590,104253590,24453456,5.02,100,0,S,0,16:10:54.278
000931.SZ,10:42:54.260,104254260,24455101,4.97,5400,0,B,0,16:10:54.278
000931.SZ,10:42:54.740,104254740,24456320,5.01,800,0,B,0,16:10:54.434
000931.SZ,10:42:56.260,104256260,24460123,5.01,100,0,B,0,16:10:54.434
000931.SZ,10:42:59.470,104259470,24468195,5.01,5000,0,B,0,16:10:54.607
000931.SZ,10:43:04.590,104304590,24484623,5.02,200,0,S,0,16:10:55.046
000931.SZ,10:43:09.310,104309310,24496429,5.01,13400,0,B,0,16:10:55.337
000931.SZ,10:43:13.690,104313690,24506773,5.03,100,0,S,0,16:10:55.623
000931.SZ,10:43:13.710,104313710,24506823,5.02,200,0,S,0,16:10:55.623
000931.SZ,10:43:14.350,104314350,24508740,5.01,400,0,B,0,16:10:55.623
000931.SZ,10:43:16.690,104316690,24515877,5.01,1000,0,B,0,16:10:55.889
000931.SZ,10:43:17.880,104317880,24520191,5.01,1000,0,B,0,16:10:55.889
000931.SZ,10:43:19.430,104319430,24526458,5.02,100,0,S,0,16:10:56.035
000931.SZ,10:43:19.900,104319900,24528445,5.01,100,0,B,0,16:10:56.201
000931.SZ,10:43:21.390,104321390,24533273,5.01,3600,0,S,0,16:10:56.201
000931.SZ,10:43:27.250,104327250,24552092,5.01,200,0,B,0,16:10:56.684
000931.SZ,10:43:36.060,104336060,24572730,4.95,20000,0,B,0,16:10:57.231
000931.SZ,10:43:38.730,104338730,24578300,5.01,1100,0,S,0,16:10:57.231
000931.SZ,10:43:42.460,104342460,24586575,5.01,100,0,S,0,16:10:57.540
000931.SZ,10:43:51.240,104351240,24604251,5.04,1500,0,S,0,16:10:57.840
000931.SZ,10:43:56.770,104356770,24616134,5.01,100,0,B,0,16:10:58.276
000931.SZ,10:43:57.250,104357250,24616997,5.01,300,0,B,0,16:10:58.276
000931.SZ,10:44:01.810,104401810,24629106,5.02,600,0,S,0,16:10:58.573
000931.SZ,10:44:02.520,104402520,24630855,5.01,800,0,B,0,16:10:58.573
000931.SZ,10:44:03.030,104403030,24631753,5.61,18300,0,S,0,16:10:58.697
000931.SZ,10:44:08.020,104408020,24645802,5.01,100,0,S,0,16:10:58.978
000931.SZ,10:44:08.280,104408280,24646471,5.01,100,0,B,0,16:10:58.978
000931.SZ,10:44:09.570,104409570,24649365,5.01,800,0,S,0,16:10:59.088
000931.SZ,10:44:09.580,104409580,24649391,5.01,46600,0,S,0,16:10:59.088
000931.SZ,10:44:09.580,104409580,24649424,5.01,103300,0,S,0,16:10:59.088
000931.SZ,10:44:09.580,104409580,24649476,5.01,103300,0,S,0,16:10:59.088
000931.SZ,10:44:09.580,104409580,24649477,5.01,10000,0,S,0,16:10:59.088
000931.SZ,10:44:09.590,104409590,24649483,5.01,100,0,S,0,16:10:59.088
000931.SZ,10:44:09.590,104409590,24649487,5.01,600,0,S,0,16:10:59.088
000931.SZ,10:44:09.590,104409590,24649488,5.01,12800,0,S,0,16:10:59.088
000931.SZ,10:44:09.590,104409590,24649489,5.01,5400,0,S,0,16:10:59.088
000931.SZ,10:44:09.590,104409590,24649490,5.01,7500,0,S,0,16:10:59.088
000931.SZ,10:44:09.590,104409590,24649491,5.01,500,0,S,0,16:10:59.088
000931.SZ,10:44:09.590,104409590,24649492,5.01,23400,0,S,0,16:10:59.088
000931.SZ,10:44:09.590,104409590,24649493,5.01,100,0,S,0,16:10:59.088
000931.SZ,10:44:09.590,104409590,24649495,5.01,12200,0,S,0,16:10:59.088
000931.SZ,10:44:09.590,104409590,24649497,5.01,8600,0,S,0,16:10:59.088
000931.SZ,10:44:09.590,104409590,24649498,5.01,7900,0,S,0,16:10:59.088
000931.SZ,10:44:09.590,104409590,24649499,5.01,7800,0,S,0,16:10:59.088
000931.SZ,10:44:09.590,104409590,24649500,5.01,3900,0,S,0,16:10:59.088
000931.SZ,10:44:09.600,104409600,24649549,5.01,200,0,S,0,16:10:59.088
000931.SZ,10:44:09.600,104409600,24649550,5.01,500,0,S,0,16:10:59.088
000931.SZ,10:44:09.600,104409600,24649551,5.01,300,0,S,0,16:10:59.088
000931.SZ,10:44:09.610,104409610,24649559,5.01,18100,0,S,0,16:10:59.088
000931.SZ,10:44:09.610,104409610,24649564,5.01,800,0,S,0,16:10:59.088
000931.SZ,10:44:09.610,104409610,24649570,5.01,11200,0,S,0,16:10:59.088
000931.SZ,10:44:09.670,104409670,24649774,5.01,2200,0,S,0,16:10:59.088
000931.SZ,10:44:09.690,104409690,24649878,5.01,600,0,S,0,16:10:59.088
000931.SZ,10:44:09.690,104409690,24649879,5.01,100,0,S,0,16:10:59.088
000931.SZ,10:44:09.690,104409690,24649880,5.01,1100,0,S,0,16:10:59.088
000931.SZ,10:44:09.690,104409690,24649881,5.01,1700,0,S,0,16:10:59.088
000931.SZ,10:44:09.690,104409690,24649882,5.01,100,0,S,0,16:10:59.088
000931.SZ,10:44:09.690,104409690,24649883,5.01,600,0,S,0,16:10:59.088
000931.SZ,10:44:09.690,104409690,24649884,5.01,300,0,S,0,16:10:59.088
000931.SZ,10:44:09.690,104409690,24649885,5.01,100,0,B,0,16:10:59.088
000931.SZ,10:44:09.700,104409700,24649887,5.01,900,0,S,0,16:10:59.088
000931.SZ,10:44:09.700,104409700,24649889,5.01,800,0,S,0,16:10:59.088
000931.SZ,10:44:09.700,104409700,24649890,5.01,100,0,B,0,16:10:59.088
000931.SZ,10:44:09.700,104409700,24649892,5.01,100,0,B,0,16:10:59.088
000931.SZ,10:44:09.700,104409700,24649894,5.01,500,0,B,0,16:10:59.088
000931.SZ,10:44:09.700,104409700,24649896,5.01,100,0,B,0,16:10:59.088
000931.SZ,10:44:09.700,104409700,24649899,5.01,100,0,B,0,16:10:59.088
000931.SZ,10:44:09.700,104409700,24649903,5.01,100,0,B,0,16:10:59.088
000931.SZ,10:44:09.700,104409700,24649906,5.01,100,0,B,0,16:10:59.088
000931.SZ,10:44:09.700,104409700,24649908,5.01,100,0,B,0,16:10:59.088
000931.SZ,10:44:09.700,104409700,24649910,5.01,100,0,B,0,16:10:59.088
000931.SZ,10:44:09.710,104409710,24649937,5.01,100,0,B,0,16:10:59.088
000931.SZ,10:44:09.710,104409710,24649946,5.01,100,0,B,0,16:10:59.088
000931.SZ,10:44:09.710,104409710,24649948,5.01,300,0,S,0,16:10:59.088
000931.SZ,10:44:09.720,104409720,24649956,5.01,100,0,B,0,16:10:59.088
000931.SZ,10:44:09.720,104409720,24649965,5.01,100,0,B,0,16:10:59.088
000931.SZ,10:44:09.730,104409730,24649978,5.01,100,0,B,0,16:10:59.088
000931.SZ,10:44:10.690,104410690,24653046,5.01,300,0,B,0,16:10:59.088
000931.SZ,10:44:10.690,104410690,24653049,5.01,300,0,B,0,16:10:59.088
000931.SZ,10:44:10.690,104410690,24653051,5.01,400,0,B,0,16:10:59.088
000931.SZ,10:44:10.690,104410690,24653054,5.01,500,0,B,0,16:10:59.088
000931.SZ,10:44:10.690,104410690,24653056,5.01,500,0,B,0,16:10:59.088
000931.SZ,10:44:10.690,104410690,24653065,5.01,500,0,B,0,16:10:59.088
000931.SZ,10:44:10.700,104410700,24653067,5.01,400,0,B,0,16:10:59.088
000931.SZ,10:44:10.740,104410740,24653155,5.01,7000,0,S,0,16:10:59.088
000931.SZ,10:44:10.740,104410740,24653156,5.01,1000,0,S,0,16:10:59.088
000931.SZ,10:44:10.740,104410740,24653157,5.01,1400,0,S,0,16:10:59.088
000931.SZ,10:44:10.750,104410750,24653182,5.01,100,0,B,0,16:10:59.088
000931.SZ,10:44:10.750,104410750,24653184,5.01,100,0,B,0,16:10:59.088
000931.SZ,10:44:10.750,104410750,24653186,5.01,100,0,B,0,16:10:59.088
000931.SZ,10:44:10.750,104410750,24653188,5.01,1300,0,S,0,16:10:59.088
000931.SZ,10:44:10.760,104410760,24653226,5.01,1000,0,S,0,16:10:59.088
000931.SZ,10:44:11.450,104411450,24654718,5.02,500,0,S,0,16:10:59.213
000931.SZ,10:44:12.310,104412310,24656861,4.97,7000,0,S,0,16:10:59.213
000931.SZ,10:44:12.380,104412380,24657157,5.01,6200,0,S,0,16:10:59.213
000931.SZ,10:44:12.390,104412390,24657183,5.01,2100,0,S,0,16:10:59.213
000931.SZ,10:44:12.680,104412680,24657862,5.01,1600,0,S,0,16:10:59.213
000931.SZ,10:44:14.560,104414560,24662603,5.0,1000,0,B,0,16:10:59.426
000931.SZ,10:44:14.650,104414650,24662869,5.01,2200,0,S,0,16:10:59.426
000931.SZ,10:44:14.900,104414900,24663331,5.01,800,0,S,0,16:10:59.426
000931.SZ,10:44:15.000,104415000,24663707,5.0,10000,0,B,0,16:10:59.426
000931.SZ,10:44:17.010,104417010,24669100,5.01,1000,0,S,0,16:10:59.587
000931.SZ,10:44:17.190,104417190,24669736,5.0,500,0,B,0,16:10:59.587
000931.SZ,10:44:17.490,104417490,24670433,0.0,2900,U,S,0,16:10:59.587
000931.SZ,10:44:18.120,104418120,24671749,4.95,500,0,B,0,16:10:59.587
000931.SZ,10:44:18.310,104418310,24672380,5.0,100,0,B,0,16:10:59.587
000931.SZ,10:44:19.260,104419260,24675097,5.01,200,0,B,0,16:10:59.757
000931.SZ,10:44:19.280,104419280,24675154,5.01,900,0,B,0,16:10:59.757
000931.SZ,10:44:19.330,104419330,24675222,5.01,600,0,B,0,16:10:59.757
000931.SZ,10:44:19.340,104419340,24675232,5.01,200,0,S,0,16:10:59.757
000931.SZ,10:44:19.390,104419390,24675364,5.01,100,0,B,0,16:10:59.757
000931.SZ,10:44:19.490,104419490,24675626,5.01,100,0,B,0,16:10:59.757
000931.SZ,10:44:19.680,104419680,24676099,5.01,300,0,B,0,16:10:59.757
000931.SZ,10:44:19.880,104419880,24676442,5.01,400,0,B,0,16:10:59.757
000931.SZ,10:44:19.880,104419880,24676448,5.01,800,0,B,0,16:10:59.757
000931.SZ,10:44:19.990,104419990,24676581,5.01,100,0,B,0,16:10:59.757
000931.SZ,10:44:20.070,104420070,24676814,5.01,100,0,B,0,16:10:59.757
000931.SZ,10:44:20.090,104420090,24676849,5.01,300,0,B,0,16:10:59.757
000931.SZ,10:44:20.090,104420090,24676859,5.01,100,0,S,0,16:10:59.757
000931.SZ,10:44:20.280,104420280,24677454,5.0,200,0,B,0,16:10:59.757
000931.SZ,10:44:21.080,104421080,24679242,5.02,500,0,B,0,16:10:59.757
000931.SZ,10:44:21.090,104421090,24679277,5.0,100,0,B,0,16:10:59.757
000931.SZ,10:44:21.780,104421780,24681330,5.01,100,0,S,0,16:10:59.757
000931.SZ,10:44:21.860,104421860,24681650,5.01,100,0,S,0,16:10:59.757
000931.SZ,10:44:29.220,104429220,24698311,4.96,500,0,B,0,16:11:00.300
000931.SZ,10:44:29.220,104429220,24698336,5.01,200,0,S,0,16:11:00.300
000931.SZ,10:44:30.060,104430060,24699805,4.96,500,0,B,0,16:11:00.300
000931.SZ,10:44:31.110,104431110,24702289,5.01,200,0,S,0,16:11:00.300
000931.SZ,10:44:31.290,104431290,24702970,5.0,100,0,S,0,16:11:00.300
000931.SZ,10:44:33.190,104433190,24707527,5.0,200,0,S,0,16:11:00.441
000931.SZ,10:44:33.470,104433470,24708075,5.01,1000,0,S,0,16:11:00.441
000931.SZ,10:44:35.180,104435180,24712373,5.0,100,0,S,0,16:11:00.616
000931.SZ,10:44:37.900,104437900,24717624,4.96,200,0,B,0,16:11:00.772
000931.SZ,10:44:39.300,104439300,24720316,5.01,100,0,B,0,16:11:00.772
000931.SZ,10:44:39.940,104439940,24721877,5.01,1000,0,S,0,16:11:00.772
000931.SZ,10:44:44.030,104444030,24730785,5.01,3300,0,B,0,16:11:01.070
000931.SZ,10:44:44.390,104444390,24731665,5.01,1200,0,S,0,16:11:01.070
000931.SZ,10:44:44.460,104444460,24731942,5.01,1000,0,S,0,16:11:01.070
000931.SZ,10:44:47.750,104447750,24738190,5.01,200,0,S,0,16:11:01.228
000931.SZ,10:44:48.240,104448240,24739049,5.0,1000,0,S,0,16:11:01.228
000931.SZ,10:44:50.390,104450390,24743310,5.01,800,0,S,0,16:11:01.228
000931.SZ,10:44:50.840,104450840,24744020,5.03,100,0,S,0,16:11:01.393
000931.SZ,10:44:51.610,104451610,24745669,4.95,500,0,B,0,16:11:01.393
000931.SZ,10:44:54.150,104454150,24750767,5.01,6600,0,S,0,16:11:01.550
000931.SZ,10:44:55.880,104455880,24754612,5.0,83,0,S,0,16:11:01.550
000931.SZ,10:45:01.700,104501700,24767871,5.01,300,0,B,0,16:11:02.085
000931.SZ,10:45:04.940,104504940,24774750,5.0,2000,0,B,0,16:11:02.179
000931.SZ,10:45:05.510,104505510,24777037,5.01,5000,0,B,0,16:11:02.179
000931.SZ,10:45:05.510,104505510,24777042,5.01,400,0,B,0,16:11:02.179
000931.SZ,10:45:05.510,104505510,24777044,5.01,2200,0,B,0,16:11:02.179
000931.SZ,10:45:05.510,104505510,24777047,5.01,1000,0,B,0,16:11:02.179
000931.SZ,10:45:05.510,104505510,24777050,5.01,600,0,B,0,16:11:02.179
000931.SZ,10:45:05.510,104505510,24777060,5.01,700,0,B,0,16:11:02.179
000931.SZ,10:45:05.520,104505520,24777064,5.01,200,0,B,0,16:11:02.179
000931.SZ,10:45:05.520,104505520,24777066,5.01,700,0,B,0,16:11:02.179
000931.SZ,10:45:05.520,104505520,24777068,5.01,2000,0,B,0,16:11:02.179
000931.SZ,10:45:05.520,104505520,24777071,5.01,100,0,B,0,16:11:02.179
000931.SZ,10:45:05.520,104505520,24777073,5.01,1100,0,B,0,16:11:02.179
000931.SZ,10:45:05.520,104505520,24777075,5.01,100,0,B,0,16:11:02.179
000931.SZ,10:45:05.520,104505520,24777077,5.01,500,0,B,0,16:11:02.179
000931.SZ,10:45:05.520,104505520,24777079,5.01,1200,0,B,0,16:11:02.179
000931.SZ,10:45:05.520,104505520,24777081,5.01,1100,0,B,0,16:11:02.179
000931.SZ,10:45:05.520,104505520,24777083,5.01,2500,0,B,0,16:11:02.179
000931.SZ,10:45:05.520,104505520,24777086,5.01,800,0,B,0,16:11:02.179
000931.SZ,10:45:05.520,104505520,24777088,5.01,200,0,B,0,16:11:02.179
000931.SZ,10:45:05.520,104505520,24777090,5.01,300,0,B,0,16:11:02.179
000931.SZ,10:45:05.520,104505520,24777092,5.01,100,0,B,0,16:11:02.179
000931.SZ,10:45:05.520,104505520,24777094,5.01,1300,0,B,0,16:11:02.179
000931.SZ,10:45:05.520,104505520,24777097,5.01,2100,0,B,0,16:11:02.179
000931.SZ,10:45:05.520,104505520,24777101,5.01,1700,0,B,0,16:11:02.179
000931.SZ,10:45:05.520,104505520,24777104,5.01,2500,0,B,0,16:11:02.179
000931.SZ,10:45:05.520,104505520,24777109,5.01,1100,0,B,0,16:11:02.179
000931.SZ,10:45:05.520,104505520,24777112,5.01,900,0,B,0,16:11:02.179
000931.SZ,10:45:05.520,104505520,24777115,5.01,1600,0,B,0,16:11:02.179
000931.SZ,10:45:05.520,104505520,24777119,5.01,1400,0,B,0,16:11:02.179
000931.SZ,10:45:05.520,104505520,24777123,5.01,300,0,B,0,16:11:02.179
000931.SZ,10:45:05.520,104505520,24777125,5.01,1800,0,B,0,16:11:02.179
000931.SZ,10:45:05.520,104505520,24777128,5.01,200,0,B,0,16:11:02.179
000931.SZ,10:45:05.520,104505520,24777130,5.01,2000,0,B,0,16:11:02.179
000931.SZ,10:45:05.520,104505520,24777133,5.01,300,0,B,0,16:11:02.179
000931.SZ,10:45:05.520,104505520,24777135,5.01,200,0,B,0,16:11:02.179
000931.SZ,10:45:05.550,104505550,24777182,5.01,200,0,B,0,16:11:02.179
000931.SZ,10:45:05.560,104505560,24777189,5.01,1600,0,B,0,16:11:02.179
000931.SZ,10:45:05.560,104505560,24777191,5.01,1300,0,B,0,16:11:02.179
000931.SZ,10:45:05.560,104505560,24777202,5.01,900,0,S,0,16:11:02.179
000931.SZ,10:45:05.560,104505560,24777204,5.01,100,0,B,0,16:11:02.179
000931.SZ,10:45:05.570,104505570,24777205,5.01,100,0,B,0,16:11:02.179
000931.SZ,10:45:05.570,104505570,24777217,5.01,100,0,B,0,16:11:02.179
000931.SZ,10:45:05.600,104505600,24777276,5.01,500,0,S,0,16:11:02.179
000931.SZ,10:45:06.200,104506200,24778428,5.01,100,0,B,0,16:11:02.179
000931.SZ,10:45:06.210,104506210,24778454,5.01,100,0,S,0,16:11:02.179
000931.SZ,10:45:06.210,104506210,24778457,5.01,100,0,S,0,16:11:02.179
000931.SZ,10:45:06.330,104506330,24779160,5.01,100,0,S,0,16:11:02.179
000931.SZ,10:45:06.340,104506340,24779201,5.01,200,0,S,0,16:11:02.179
000931.SZ,10:45:06.560,104506560,24779632,5.01,1100,0,S,0,16:11:02.179
000931.SZ,10:45:06.700,104506700,24779935,5.01,700,0,S,0,16:11:02.326
000931.SZ,10:45:07.110,104507110,24781072,5.01,100,0,S,0,16:11:02.326
000931.SZ,10:45:07.290,104507290,24781728,5.01,23517,0,S,0,16:11:02.326
000931.SZ,10:45:07.290,104507290,24781761,5.01,600,0,S,0,16:11:02.326
000931.SZ,10:45:07.340,104507340,24781925,5.01,800,0,B,0,16:11:02.326
000931.SZ,10:45:07.350,104507350,24781954,5.01,200,0,B,0,16:11:02.326
000931.SZ,10:45:07.440,104507440,24782197,5.01,100,0,S,0,16:11:02.326
000931.SZ,10:45:10.290,104510290,24788355,5.0,1700,0,S,0,16:11:02.486
000931.SZ,10:45:10.310,104510310,24788401,5.01,100,0,S,0,16:11:02.486
000931.SZ,10:45:10.310,104510310,24788406,5.01,100,0,S,0,16:11:02.486
000931.SZ,10:45:12.240,104512240,24792535,5.01,100,0,S,0,16:11:02.486
000931.SZ,10:45:12.240,104512240,24792537,5.01,100,0,S,0,16:11:02.486
000931.SZ,10:45:12.260,104512260,24792589,5.01,400,0,S,0,16:11:02.486
000931.SZ,10:45:12.260,104512260,24792590,5.01,100,0,S,0,16:11:02.486
000931.SZ,10:45:12.270,104512270,24792608,5.01,500,0,S,0,16:11:02.486
000931.SZ,10:45:12.280,104512280,24792613,5.01,100,0,S,0,16:11:02.486
000931.SZ,10:45:12.280,104512280,24792614,5.01,500,0,S,0,16:11:02.486
000931.SZ,10:45:12.290,104512290,24792643,5.01,100,0,S,0,16:11:02.486
000931.SZ,10:45:12.430,104512430,24793069,5.0,200,0,B,0,16:11:02.675
000931.SZ,10:45:13.860,104513860,24796369,5.01,200,0,B,0,16:11:02.675
000931.SZ,10:45:15.850,104515850,24801842,5.01,200,0,B,0,16:11:02.849
000931.SZ,10:45:15.940,104515940,24802054,5.01,1200,0,S,0,16:11:02.849
000931.SZ,10:45:16.070,104516070,24802396,5.01,1100,0,S,0,16:11:02.849
000931.SZ,10:45:16.080,104516080,24802428,5.01,1000,0,S,0,16:11:02.849
000931.SZ,10:45:18.180,104518180,24808723,5.01,600,0,S,0,16:11:02.849
000931.SZ,10:45:18.180,104518180,24808726,5.01,600,0,S,0,16:11:02.849
000931.SZ,10:45:18.200,104518200,24808781,5.01,400,0,S,0,16:11:02.849
000931.SZ,10:45:18.200,104518200,24808794,5.01,400,0,S,0,16:11:02.849
000931.SZ,10:45:18.240,104518240,24808883,5.01,700,0,S,0,16:11:02.849
000931.SZ,10:45:18.750,104518750,24809994,5.01,800,0,S,0,16:11:02.990
000931.SZ,10:45:19.070,104519070,24810692,5.01,1000,0,S,0,16:11:02.990
000931.SZ,10:45:19.090,104519090,24810747,5.01,1000,0,S,0,16:11:02.990
000931.SZ,10:45:21.210,104521210,24815832,4.97,2100,0,S,0,16:11:03.146
000931.SZ,10:45:21.740,104521740,24816934,5.01,800,0,S,0,16:11:03.146
000931.SZ,10:45:21.740,104521740,24816944,5.01,3200,0,S,0,16:11:03.146
000931.SZ,10:45:21.740,104521740,24816945,5.01,1000,0,S,0,16:11:03.146
000931.SZ,10:45:21.750,104521750,24816971,5.01,800,0,S,0,16:11:03.146
000931.SZ,10:45:23.420,104523420,24821607,5.01,100,0,B,0,16:11:03.146
000931.SZ,10:45:24.050,104524050,24823204,5.01,400,0,B,0,16:11:03.146
000931.SZ,10:45:24.240,104524240,24823667,5.01,100,0,S,0,16:11:03.302
000931.SZ,10:45:24.240,104524240,24823668,5.01,500,0,S,0,16:11:03.302
000931.SZ,10:45:24.680,104524680,24824981,5.01,1000,0,S,0,16:11:03.302
000931.SZ,10:45:24.750,104524750,24825103,5.01,1600,0,S,0,16:11:03.302
000931.SZ,10:45:24.760,104524760,24825125,5.01,800,0,S,0,16:11:03.302
000931.SZ,10:45:25.060,104525060,24825971,5.01,1000,0,S,0,16:11:03.302
000931.SZ,10:45:27.740,104527740,24833464,5.01,800,0,S,0,16:11:03.485
000931.SZ,10:45:27.750,104527750,24833483,5.01,800,0,S,0,16:11:03.485
000931.SZ,10:45:27.990,104527990,24834490,5.01,1000,0,S,0,16:11:03.485
000931.SZ,10:45:28.070,104528070,24834794,5.01,1000,0,S,0,16:11:03.485
000931.SZ,10:45:28.100,104528100,24834873,5.01,1000,0,S,0,16:11:03.485
000931.SZ,10:45:28.100,104528100,24834892,5.01,1000,0,S,0,16:11:03.485
000931.SZ,10:45:31.550,104531550,24847531,4.96,1100,0,B,0,16:11:03.769
000931.SZ,10:45:31.570,104531570,24847558,5.01,5500,0,S,0,16:11:03.769
000931.SZ,10:45:39.860,104539860,24875597,5.01,100,0,S,0,16:11:04.316
000931.SZ,10:45:39.920,104539920,24875792,5.01,100,0,S,0,16:11:04.316
000931.SZ,10:45:40.910,104540910,24879747,5.01,400,0,S,0,16:11:04.437
000931.SZ,10:45:41.850,104541850,24882112,5.02,100,0,S,0,16:11:04.437
000931.SZ,10:45:42.230,104542230,24883048,5.01,400,0,S,0,16:11:04.437
000931.SZ,10:45:42.290,104542290,24883186,5.01,200,0,S,0,16:11:04.437
000931.SZ,10:45:43.150,104543150,24886127,5.01,500,0,S,0,16:11:04.537
000931.SZ,10:45:44.950,104544950,24890150,4.99,800,0,B,0,16:11:04.663
000931.SZ,10:45:45.050,104545050,24890281,5.01,500,0,S,0,16:11:04.663
000931.SZ,10:45:45.070,104545070,24890334,5.01,600,0,S,0,16:11:04.663
000931.SZ,10:45:45.340,104545340,24890949,5.01,1100,0,S,0,16:11:04.663
000931.SZ,10:45:46.600,104546600,24894906,4.98,2000,0,B,0,16:11:04.803
000931.SZ,10:45:48.060,104548060,24898372,4.99,1000,0,B,0,16:11:04.803
000931.SZ,10:45:48.180,104548180,24898659,5.01,300,0,S,0,16:11:04.803
000931.SZ,10:45:48.180,104548180,24898660,5.01,100,0,S,0,16:11:04.803
000931.SZ,10:45:48.180,104548180,24898661,5.01,900,0,S,0,16:11:04.803
000931.SZ,10:45:48.180,104548180,24898662,5.01,400,0,S,0,16:11:04.803
000931.SZ,10:45:48.200,104548200,24898713,5.01,200,0,S,0,16:11:04.803
000931.SZ,10:45:48.200,104548200,24898714,5.01,300,0,S,0,16:11:04.803
000931.SZ,10:45:48.200,104548200,24898716,5.01,200,0,S,0,16:11:04.803
000931.SZ,10:45:48.200,104548200,24898723,5.01,200,0,S,0,16:11:04.803
000931.SZ,10:45:51.260,104551260,24906589,5.01,1100,0,S,0,16:11:04.978
000931.SZ,10:45:53.440,104553440,24911351,5.0,700,0,S,0,16:11:05.117
000931.SZ,10:45:56.690,104556690,24918735,5.0,200,0,B,0,16:11:05.275
000931.SZ,10:46:00.310,104600310,24927211,4.9,3800,0,S,0,16:11:05.662
000931.SZ,10:46:00.410,104600410,24927566,5.0,10000,0,B,0,16:11:05.662
000931.SZ,10:46:01.950,104601950,24933115,5.01,2600,0,S,0,16:11:05.819
000931.SZ,10:46:04.170,104604170,24938317,4.98,1000,0,B,0,16:11:05.929
000931.SZ,10:46:12.800,104612800,24959709,5.0,400,0,B,0,16:11:06.376
000931.SZ,10:46:12.990,104612990,24960547,4.99,1000,0,B,0,16:11:06.376
000931.SZ,10:46:13.230,104613230,24961125,5.0,5000,0,B,0,16:11:06.518
000931.SZ,10:46:13.550,104613550,24962242,4.99,800,0,B,0,16:11:06.518
000931.SZ,10:46:18.000,104618000,24972443,5.0,500,0,B,0,16:11:06.631
000931.SZ,10:46:18.120,104618120,24972689,5.01,200,0,S,0,16:11:06.631
000931.SZ,10:46:21.200,104621200,24979266,5.01,900,0,S,0,16:11:06.820
000931.SZ,10:46:23.460,104623460,24984104,4.99,700,0,B,0,16:11:07.008
000931.SZ,10:46:26.550,104626550,24989667,5.0,2000,0,B,0,16:11:07.211
000931.SZ,10:46:27.790,104627790,24992545,5.0,100,0,B,0,16:11:07.211
000931.SZ,10:46:27.870,104627870,24992755,4.96,10000,0,B,0,16:11:07.211
000931.SZ,10:46:31.910,104631910,25002003,5.0,500,0,B,0,16:11:07.409
000931.SZ,10:46:31.930,104631930,25002030,5.01,200,0,S,0,16:11:07.409
000931.SZ,10:46:35.050,104635050,25010319,5.09,1500,0,S,0,16:11:07.567
000931.SZ,10:46:35.060,104635060,25010349,5.01,200,0,S,0,16:11:07.567
000931.SZ,10:46:47.550,104647550,25040791,4.99,800,0,B,0,16:11:08.367
000931.SZ,10:46:48.010,104648010,25041393,5.01,200,0,S,0,16:11:08.367
000931.SZ,10:46:49.820,104649820,25045500,4.97,70000,0,B,0,16:11:08.367
000931.SZ,10:46:56.320,104656320,25060065,5.01,500,0,S,0,16:11:08.833
000931.SZ,10:46:57.670,104657670,25062490,5.0,200,0,B,0,16:11:08.833
000931.SZ,10:46:57.690,104657690,25062508,4.99,1000,0,B,0,16:11:08.833
000931.SZ,10:46:57.850,104657850,25062769,5.03,100,0,S,0,16:11:08.833
000931.SZ,10:46:58.060,104658060,25063162,5.01,1000,0,B,0,16:11:08.833
000931.SZ,10:47:00.230,104700230,25066892,5.01,1300,0,S,0,16:11:09.020
000931.SZ,10:47:02.790,104702790,25073534,4.98,5000,0,B,0,16:11:09.177
000931.SZ,10:47:04.720,104704720,25077619,5.0,100,0,B,0,16:11:09.302
000931.SZ,10:47:06.130,104706130,25080838,5.01,300,0,S,0,16:11:09.421
000931.SZ,10:47:06.980,104706980,25082693,4.98,200,0,B,0,16:11:09.421
000931.SZ,10:47:07.200,104707200,25083219,5.01,100,0,S,0,16:11:09.578
000931.SZ,10:47:14.560,104714560,25098539,5.01,200,0,B,0,16:11:09.986
000931.SZ,10:47:15.390,104715390,25100788,4.59,700,0,B,0,16:11:09.986
000931.SZ,10:47:17.530,104717530,25106545,5.01,1000,0,S,0,16:11:10.098
000931.SZ,10:47:17.540,104717540,25106586,5.01,8000,0,S,0,16:11:10.098
000931.SZ,10:47:23.560,104723560,25121962,5.0,800,0,B,0,16:11:10.410
000931.SZ,10:47:23.610,104723610,25122054,5.01,1000,0,S,0,16:11:10.410
000931.SZ,10:47:26.050,104726050,25127602,5.01,100,0,B,0,16:11:10.537
000931.SZ,10:47:27.500,104727500,25130499,5.0,100,0,B,0,16:11:10.661
000931.SZ,10:47:27.770,104727770,25131002,5.0,1200,0,B,0,16:11:10.661
000931.SZ,10:47:29.240,104729240,25134009,5.01,100,0,S,0,16:11:10.805
000931.SZ,10:47:29.240,104729240,25134010,5.01,7900,0,S,0,16:11:10.805
000931.SZ,10:47:34.080,104734080,25143330,5.0,1000,0,B,0,16:11:10.993
000931.SZ,10:47:34.380,104734380,25143985,5.0,100,0,B,0,16:11:10.993
000931.SZ,10:47:42.690,104742690,25159177,4.77,1000,0,B,0,16:11:11.405
000931.SZ,10:47:46.300,104746300,25167098,4.99,200,0,B,0,16:11:11.692
000931.SZ,10:47:47.340,104747340,25169462,4.98,3900,0,B,0,16:11:11.692
000931.SZ,10:47:49.970,104749970,25175969,4.81,1000,0,B,0,16:11:11.881
000931.SZ,10:47:53.950,104753950,25183970,5.01,2000,0,B,0,16:11:12.053
000931.SZ,10:47:56.900,104756900,25190284,5.0,2100,0,B,0,16:11:12.210
000931.SZ,10:47:57.480,104757480,25191170,5.0,200,0,B,0,16:11:12.210
000931.SZ,10:48:02.260,104802260,25201277,4.99,3000,0,B,0,16:11:12.705
000931.SZ,10:48:03.750,104803750,25204068,5.0,800,0,B,0,16:11:12.705
000931.SZ,10:48:11.370,104811370,25219629,4.99,2800,0,B,0,16:11:13.162
000931.SZ,10:48:17.460,104817460,25230545,5.01,2000,0,B,0,16:11:13.412
000931.SZ,10:48:17.680,104817680,25230919,5.0,1600,0,B,0,16:11:13.412
000931.SZ,10:48:20.830,104820830,25237640,5.0,3900,0,B,0,16:11:13.643
000931.SZ,10:48:23.060,104823060,25242243,5.01,1000,0,B,0,16:11:13.817
000931.SZ,10:48:23.770,104823770,25243630,4.99,1000,0,B,0,16:11:13.817
000931.SZ,10:48:26.030,104826030,25248477,5.0,600,0,B,0,16:11:14.051
000931.SZ,10:48:27.140,104827140,25250388,5.0,100,0,B,0,16:11:14.051
000931.SZ,10:48:31.500,104831500,25259377,5.01,500,0,B,0,16:11:14.223
000931.SZ,10:48:31.580,104831580,25259516,5.0,1400,0,B,0,16:11:14.223
000931.SZ,10:48:38.790,104838790,25273008,5.0,100,0,B,0,16:11:14.500
000931.SZ,10:48:40.380,104840380,25276716,4.95,20000,0,B,0,16:11:14.674
000931.SZ,10:48:42.740,104842740,25281929,5.0,800,0,B,0,16:11:14.818
000931.SZ,10:48:45.750,104845750,25288772,5.0,800,0,B,0,16:11:14.957
000931.SZ,10:48:50.650,104850650,25297642,4.96,1000,0,B,0,16:11:15.224
000931.SZ,10:48:54.730,104854730,25304787,5.05,1000,0,S,0,16:11:15.349
000931.SZ,10:48:57.440,104857440,25310146,5.03,100,0,S,0,16:11:15.515
000931.SZ,10:48:57.850,104857850,25310975,5.0,100,0,B,0,16:11:15.515
000931.SZ,10:48:58.140,104858140,25311459,4.99,800,0,B,0,16:11:15.515
000931.SZ,10:48:58.700,104858700,25312418,5.0,1000,0,B,0,16:11:15.718
000931.SZ,10:49:02.220,104902220,25318914,5.0,2500,0,B,0,16:11:15.909
000931.SZ,10:49:13.410,104913410,25340556,5.01,10000,0,B,0,16:11:16.497
000931.SZ,10:49:13.410,104913410,25340565,5.01,200,0,B,0,16:11:16.497
000931.SZ,10:49:13.410,104913410,25340567,5.01,200,0,B,0,16:11:16.497
000931.SZ,10:49:13.410,104913410,25340569,5.01,1100,0,B,0,16:11:16.497
000931.SZ,10:49:13.410,104913410,25340571,5.01,1900,0,B,0,16:11:16.497
000931.SZ,10:49:13.700,104913700,25341059,5.01,100,0,B,0,16:11:16.497
000931.SZ,10:49:13.710,104913710,25341107,5.01,300,0,B,0,16:11:16.497
000931.SZ,10:49:13.710,104913710,25341109,5.01,200,0,B,0,16:11:16.497
000931.SZ,10:49:13.710,104913710,25341111,5.01,100,0,B,0,16:11:16.497
000931.SZ,10:49:13.710,104913710,25341117,5.01,100,0,B,0,16:11:16.497
000931.SZ,10:49:13.720,104913720,25341136,5.01,800,0,S,0,16:11:16.497
000931.SZ,10:49:13.720,104913720,25341138,5.01,100,0,S,0,16:11:16.497
000931.SZ,10:49:13.730,104913730,25341158,5.01,100,0,B,0,16:11:16.497
000931.SZ,10:49:13.730,104913730,25341160,5.01,100,0,B,0,16:11:16.497
000931.SZ,10:49:13.730,104913730,25341162,5.01,100,0,B,0,16:11:16.497
000931.SZ,10:49:13.730,104913730,25341165,5.01,100,0,B,0,16:11:16.497
000931.SZ,10:49:13.730,104913730,25341167,5.01,100,0,B,0,16:11:16.497
000931.SZ,10:49:13.740,104913740,25341171,5.01,100,0,B,0,16:11:16.497
000931.SZ,10:49:13.740,104913740,25341176,5.01,100,0,B,0,16:11:16.497
000931.SZ,10:49:13.740,104913740,25341178,5.01,100,0,B,0,16:11:16.497
000931.SZ,10:49:13.740,104913740,25341180,5.01,100,0,B,0,16:11:16.497
000931.SZ,10:49:13.740,104913740,25341182,5.01,100,0,B,0,16:11:16.497
000931.SZ,10:49:13.740,104913740,25341184,5.01,100,0,B,0,16:11:16.497
000931.SZ,10:49:13.740,104913740,25341187,5.01,100,0,B,0,16:11:16.497
000931.SZ,10:49:13.740,104913740,25341189,5.01,100,0,B,0,16:11:16.497
000931.SZ,10:49:13.740,104913740,25341191,5.01,100,0,B,0,16:11:16.497
000931.SZ,10:49:13.750,104913750,25341206,5.01,100,0,B,0,16:11:16.497
000931.SZ,10:49:13.870,104913870,25341425,5.01,100,0,B,0,16:11:16.497
000931.SZ,10:49:14.020,104914020,25341629,5.01,100,0,B,0,16:11:16.497
000931.SZ,10:49:14.470,104914470,25342435,5.01,100,0,B,0,16:11:16.497
000931.SZ,10:49:14.770,104914770,25342792,5.0,100,0,B,0,16:11:16.497
000931.SZ,10:49:14.770,104914770,25342793,5.0,200,0,B,0,16:11:16.497
000931.SZ,10:49:14.770,104914770,25342794,5.0,100,0,B,0,16:11:16.497
000931.SZ,10:49:14.810,104914810,25342838,5.01,700,0,B,0,16:11:16.497
000931.SZ,10:49:18.260,104918260,25349405,5.02,1500,0,B,0,16:11:16.670
000931.SZ,10:49:18.270,104918270,25349414,5.01,200,0,B,0,16:11:16.670
000931.SZ,10:49:18.280,104918280,25349454,5.01,200,0,S,0,16:11:16.670
000931.SZ,10:49:18.310,104918310,25349544,5.02,500,0,B,0,16:11:16.670
000931.SZ,10:49:21.290,104921290,25355838,5.0,200,0,B,0,16:11:16.939
000931.SZ,10:49:22.120,104922120,25358230,5.0,100,0,B,0,16:11:16.939
000931.SZ,10:49:26.140,104926140,25366471,5.0,200,0,B,0,16:11:17.080
000931.SZ,10:49:28.420,104928420,25371512,5.01,300,0,B,0,16:11:17.253
000931.SZ,10:49:30.500,104930500,25375384,5.01,100,0,S,0,16:11:17.475
000931.SZ,10:49:36.900,104936900,25389601,5.0,100,0,S,0,16:11:17.796
000931.SZ,10:49:37.090,104937090,25390375,5.01,100,0,S,0,16:11:17.796
000931.SZ,10:49:39.700,104939700,25394771,4.99,900,0,B,0,16:11:17.954
000931.SZ,10:49:45.330,104945330,25405827,5.01,1000,0,S,0,16:11:18.206
000931.SZ,10:49:46.560,104946560,25408471,5.01,200,0,B,0,16:11:18.206
000931.SZ,10:49:48.850,104948850,25412465,5.0,500,0,B,0,16:11:18.394
000931.SZ,10:49:56.110,104956110,25428871,5.0,600,0,B,0,16:11:18.559
000931.SZ,10:49:56.170,104956170,25428948,5.01,200,0,B,0,16:11:18.605
000931.SZ,10:49:56.880,104956880,25430014,5.0,100,0,B,0,16:11:18.605
000931.SZ,10:49:56.910,104956910,25430069,5.01,200,0,B,0,16:11:18.605
000931.SZ,10:49:56.910,104956910,25430072,5.01,200,0,B,0,16:11:18.605
000931.SZ,10:49:56.920,104956920,25430080,5.01,100,0,B,0,16:11:18.605
000931.SZ,10:49:56.930,104956930,25430090,5.01,200,0,B,0,16:11:18.605
000931.SZ,10:50:00.940,105000940,25437050,5.01,1400,0,S,0,16:11:18.692
000931.SZ,10:50:01.470,105001470,25438049,4.98,200,0,B,0,16:11:18.770
000931.SZ,10:50:03.260,105003260,25441783,5.01,2000,0,B,0,16:11:18.770
000931.SZ,10:50:03.300,105003300,25441845,5.01,400,0,B,0,16:11:18.770
000931.SZ,10:50:03.830,105003830,25442745,5.01,2000,0,B,0,16:11:18.770
000931.SZ,10:50:03.880,105003880,25442819,5.0,3600,0,B,0,16:11:18.770
000931.SZ,10:50:04.900,105004900,25444983,5.0,300,0,B,0,16:11:18.837
000931.SZ,10:50:04.900,105004900,25444984,5.0,3500,0,B,0,16:11:18.837
000931.SZ,10:50:04.900,105004900,25445006,5.0,3600,0,B,0,16:11:18.837
000931.SZ,10:50:04.940,105004940,25445096,5.01,200,0,S,0,16:11:18.837
000931.SZ,10:50:05.930,105005930,25446873,5.01,400,0,S,0,16:11:18.837
000931.SZ,10:50:06.500,105006500,25448299,5.01,300,0,S,0,16:11:18.837
000931.SZ,10:50:08.720,105008720,25453023,5.0,800,0,B,0,16:11:18.920
000931.SZ,10:50:09.100,105009100,25453652,5.11,200,0,S,0,16:11:18.920
000931.SZ,10:50:11.070,105011070,25457902,5.0,5500,0,B,0,16:11:18.920
000931.SZ,10:50:11.670,105011670,25459327,5.0,400,0,B,0,16:11:18.920
000931.SZ,10:50:14.750,105014750,25465252,4.99,800,0,B,0,16:11:18.998
000931.SZ,10:50:18.260,105018260,25474301,5.01,3000,0,B,0,16:11:19.058
000931.SZ,10:50:18.260,105018260,25474312,5.01,500,0,B,0,16:11:19.058
000931.SZ,10:50:18.260,105018260,25474316,5.01,800,0,B,0,16:11:19.058
000931.SZ,10:50:21.210,105021210,25481666,5.01,100,0,B,0,16:11:19.136
000931.SZ,10:50:21.210,105021210,25481668,5.0,100,0,B,0,16:11:19.136
000931.SZ,10:50:21.220,105021220,25481703,5.01,100,0,B,0,16:11:19.136
000931.SZ,10:50:22.300,105022300,25484308,5.01,600,0,S,0,16:11:19.180
000931.SZ,10:50:22.310,105022310,25484335,5.01,100,0,B,0,16:11:19.180
000931.SZ,10:50:24.270,105024270,25488831,5.01,100,0,B,0,16:11:19.180
000931.SZ,10:50:24.300,105024300,25488945,5.01,600,0,S,0,16:11:19.251
000931.SZ,10:50:26.900,105026900,25495275,5.0,200,0,B,0,16:11:19.251
000931.SZ,10:50:30.070,105030070,25501477,5.01,2400,0,S,0,16:11:19.306
000931.SZ,10:50:30.750,105030750,25503180,5.01,1000,0,B,0,16:11:19.354
000931.SZ,10:50:31.150,105031150,25504120,5.01,800,0,S,0,16:11:19.354
000931.SZ,10:50:31.740,105031740,25505534,5.01,800,0,S,0,16:11:19.354
000931.SZ,10:50:33.720,105033720,25509180,5.01,900,0,S,0,16:11:19.432
000931.SZ,10:50:33.740,105033740,25509199,5.01,3200,0,S,0,16:11:19.432
000931.SZ,10:50:33.750,105033750,25509222,5.01,800,0,S,0,16:11:19.432
000931.SZ,10:50:36.740,105036740,25515489,5.01,800,0,S,0,16:11:19.596
000931.SZ,10:50:36.860,105036860,25515864,5.01,1100,0,S,0,16:11:19.596
000931.SZ,10:50:37.150,105037150,25516737,5.01,800,0,S,0,16:11:19.596
000931.SZ,10:50:38.660,105038660,25520498,5.0,1100,0,B,0,16:11:19.817
000931.SZ,10:50:38.940,105038940,25520941,5.0,800,0,B,0,16:11:19.817
000931.SZ,10:50:39.930,105039930,25522667,5.01,2100,0,B,0,16:11:19.817
000931.SZ,10:50:40.740,105040740,25524386,5.01,800,0,S,0,16:11:19.817
000931.SZ,10:50:53.250,105053250,25548325,5.01,4400,0,S,0,16:11:20.398
000931.SZ,10:50:53.310,105053310,25548463,5.01,5400,0,S,0,16:11:20.612
000931.SZ,10:50:54.780,105054780,25551582,5.01,1900,0,S,0,16:11:20.612
000931.SZ,10:50:55.320,105055320,25552954,5.01,14900,0,S,0,16:11:20.612
000931.SZ,10:50:55.340,105055340,25552989,5.01,8500,0,S,0,16:11:20.612
000931.SZ,10:50:55.420,105055420,25553349,4.98,5400,0,B,0,16:11:20.612
000931.SZ,10:50:55.880,105055880,25554179,5.0,600,0,S,0,16:11:20.612
000931.SZ,10:50:56.460,105056460,25555220,5.0,400,0,S,0,16:11:20.612
000931.SZ,10:50:57.340,105057340,25556597,5.0,100,0,B,0,16:11:20.612
000931.SZ,10:50:57.940,105057940,25557755,5.01,700,0,S,0,16:11:20.612
000931.SZ,10:50:59.610,105059610,25560709,4.98,1000,0,B,0,16:11:20.881
000931.SZ,10:51:00.390,105100390,25562109,5.0,300,0,B,0,16:11:20.881
000931.SZ,10:51:03.630,105103630,25568733,5.01,1000,0,B,0,16:11:21.178
000931.SZ,10:51:08.060,105108060,25577789,5.0,3500,0,B,0,16:11:21.351
000931.SZ,10:51:08.090,105108090,25577832,5.01,200,0,S,0,16:11:21.351
000931.SZ,10:51:09.350,105109350,25579808,4.97,2100,0,S,0,16:11:21.351
000931.SZ,10:51:11.740,105111740,25584131,5.0,800,0,B,0,16:11:21.508
000931.SZ,10:51:15.750,105115750,25591781,5.0,2900,0,S,0,16:11:21.690
000931.SZ,10:51:15.890,105115890,25592053,5.05,2500,0,S,0,16:11:21.690
000931.SZ,10:51:19.120,105119120,25599807,5.03,100,0,S,0,16:11:21.865
000931.SZ,10:51:19.780,105119780,25601127,4.91,5600,0,B,0,16:11:22.071
000931.SZ,10:51:20.500,105120500,25602517,5.0,1000,0,B,0,16:11:22.071
000931.SZ,10:51:22.410,105122410,25606075,5.01,500,0,B,0,16:11:22.071
000931.SZ,10:51:22.820,105122820,25606740,5.01,600,0,S,0,16:11:22.071
000931.SZ,10:51:23.890,105123890,25608829,5.0,1100,0,B,0,16:11:22.071
000931.SZ,10:51:25.980,105125980,25612838,4.98,2000,0,B,0,16:11:22.228
000931.SZ,10:51:26.800,105126800,25614268,5.0,200,0,B,0,16:11:22.228
000931.SZ,10:51:31.550,105131550,25624002,5.0,1500,0,B,0,16:11:22.526
000931.SZ,10:51:31.710,105131710,25624274,4.99,400,0,S,0,16:11:22.526
000931.SZ,10:51:41.940,105141940,25644139,4.99,800,0,B,0,16:11:23.026
000931.SZ,10:51:44.770,105144770,25650049,4.99,800,0,B,0,16:11:23.242
000931.SZ,10:51:46.430,105146430,25653322,5.01,1500,0,B,0,16:11:23.242
000931.SZ,10:51:49.860,105149860,25660312,5.01,2000,0,B,0,16:11:23.442
000931.SZ,10:51:50.710,105150710,25662089,5.0,2000,0,B,0,16:11:23.442
000931.SZ,10:51:51.880,105151880,25664136,5.01,500,0,B,0,16:11:23.625
000931.SZ,10:51:56.280,105156280,25672861,5.0,100,0,B,0,16:11:23.782
000931.SZ,10:52:03.640,105203640,25691517,4.95,1000,0,B,0,16:11:24.230
000931.SZ,10:52:05.090,105205090,25695930,5.01,3600,0,S,0,16:11:24.425
000931.SZ,10:52:08.790,105208790,25707703,5.0,200,0,S,0,16:11:24.588
000931.SZ,10:52:09.050,105209050,25708307,4.83,500,0,B,0,16:11:24.588
000931.SZ,10:52:15.260,105215260,25727136,5.0,200,0,B,0,16:11:25.001
000931.SZ,10:52:15.770,105215770,25728476,5.01,5000,0,B,0,16:11:25.219
000931.SZ,10:52:16.430,105216430,25731066,5.01,100,0,S,0,16:11:25.219
000931.SZ,10:52:16.730,105216730,25731720,5.01,2500,0,S,0,16:11:25.219
000931.SZ,10:52:16.770,105216770,25731792,5.01,1600,0,S,0,16:11:25.219
000931.SZ,10:52:16.900,105216900,25732004,5.0,100,0,B,0,16:11:25.219
000931.SZ,10:52:16.940,105216940,25732163,5.01,1400,0,S,0,16:11:25.219
000931.SZ,10:52:16.950,105216950,25732169,5.01,700,0,S,0,16:11:25.219
000931.SZ,10:52:16.970,105216970,25732212,5.01,400,0,S,0,16:11:25.219
000931.SZ,10:52:16.970,105216970,25732213,5.0,100,0,B,0,16:11:25.219
000931.SZ,10:52:17.200,105217200,25733011,5.01,4300,0,S,0,16:11:25.219
000931.SZ,10:52:17.280,105217280,25733594,5.01,4300,0,S,0,16:11:25.219
000931.SZ,10:52:17.280,105217280,25733611,5.01,4300,0,S,0,16:11:25.219
000931.SZ,10:52:17.290,105217290,25733764,5.01,4300,0,S,0,16:11:25.219
000931.SZ,10:52:18.720,105218720,25737088,5.0,700,0,S,0,16:11:25.219
000931.SZ,10:52:19.310,105219310,25739029,5.0,700,0,S,0,16:11:25.219
000931.SZ,10:52:19.460,105219460,25740097,5.0,100,0,S,0,16:11:25.315
000931.SZ,10:52:19.580,105219580,25741243,5.0,1500,0,S,0,16:11:25.315
000931.SZ,10:52:19.720,105219720,25741575,5.0,700,0,S,0,16:11:25.315
000931.SZ,10:52:19.750,105219750,25741618,5.05,1500,0,S,0,16:11:25.315
000931.SZ,10:52:21.310,105221310,25746461,5.0,700,0,S,0,16:11:25.315
000931.SZ,10:52:21.460,105221460,25747005,5.0,100,0,S,0,16:11:25.472
000931.SZ,10:52:21.580,105221580,25747347,5.0,1600,0,S,0,16:11:25.472
000931.SZ,10:52:21.720,105221720,25747683,5.0,1300,0,S,0,16:11:25.472
000931.SZ,10:52:21.720,105221720,25747685,5.0,700,0,S,0,16:11:25.472
000931.SZ,10:52:23.170,105223170,25751775,5.0,700,0,S,0,16:11:25.472
000931.SZ,10:52:23.600,105223600,25752449,5.0,700,0,S,0,16:11:25.472
000931.SZ,10:52:24.010,105224010,25753037,5.0,700,0,S,0,16:11:25.472
000931.SZ,10:52:24.310,105224310,25753645,5.0,1000,0,S,0,16:11:25.653
000931.SZ,10:52:24.590,105224590,25754216,5.0,2200,0,S,0,16:11:25.653
000931.SZ,10:52:24.720,105224720,25754434,5.0,1500,0,S,0,16:11:25.653
000931.SZ,10:52:24.720,105224720,25754439,5.0,700,0,S,0,16:11:25.653
000931.SZ,10:52:25.170,105225170,25755482,5.0,1200,0,S,0,16:11:25.653
000931.SZ,10:52:25.460,105225460,25756306,5.0,100,0,S,0,16:11:25.653
000931.SZ,10:52:25.600,105225600,25756625,5.0,900,0,S,0,16:11:25.653
000931.SZ,10:52:25.610,105225610,25756638,5.0,100,0,S,0,16:11:25.653
000931.SZ,10:52:25.650,105225650,25756709,5.0,1200,0,S,0,16:11:25.653
000931.SZ,10:52:25.660,105225660,25756734,5.0,600,0,S,0,16:11:25.653
000931.SZ,10:52:25.990,105225990,25757221,5.0,200,0,B,0,16:11:25.653
000931.SZ,10:52:26.760,105226760,25758443,5.0,100,0,S,0,16:11:25.653
000931.SZ,10:52:27.580,105227580,25759819,5.0,2200,0,S,0,16:11:25.653
000931.SZ,10:52:27.710,105227710,25760068,5.0,1600,0,S,0,16:11:25.796
000931.SZ,10:52:28.010,105228010,25760510,5.0,700,0,S,0,16:11:25.796
000931.SZ,10:52:29.710,105229710,25764090,5.0,1100,0,S,0,16:11:25.796
000931.SZ,10:52:30.310,105230310,25765493,5.01,800,0,S,0,16:11:25.796
000931.SZ,10:52:30.310,105230310,25765500,5.01,100,0,S,0,16:11:25.796
000931.SZ,10:52:40.460,105240460,25789239,5.0,300,0,S,0,16:11:26.548
000931.SZ,10:52:40.540,105240540,25789474,5.01,500,0,S,0,16:11:26.548
000931.SZ,10:52:40.540,105240540,25789475,5.01,300,0,S,0,16:11:26.548
000931.SZ,10:52:40.540,105240540,25789476,5.01,100,0,S,0,16:11:26.548
000931.SZ,10:52:40.540,105240540,25789478,5.01,100,0,S,0,16:11:26.548
000931.SZ,10:52:40.540,105240540,25789480,5.01,500,0,S,0,16:11:26.548
000931.SZ,10:52:40.540,105240540,25789481,5.01,200,0,S,0,16:11:26.548
000931.SZ,10:52:40.540,105240540,25789487,5.01,100,0,S,0,16:11:26.548
000931.SZ,10:52:40.540,105240540,25789488,5.01,200,0,S,0,16:11:26.548
000931.SZ,10:52:40.540,105240540,25789509,5.01,500,0,S,0,16:11:26.548
000931.SZ,10:52:40.540,105240540,25789513,5.01,300,0,S,0,16:11:26.548
000931.SZ,10:52:40.570,105240570,25789577,5.01,300,0,S,0,16:11:26.548
000931.SZ,10:52:41.870,105241870,25791746,4.98,11500,0,S,0,16:11:26.548
000931.SZ,10:52:41.900,105241900,25791825,5.01,100,0,B,0,16:11:26.548
000931.SZ,10:52:41.900,105241900,25791827,5.01,100,0,B,0,16:11:26.548
000931.SZ,10:52:41.900,105241900,25791831,5.01,100,0,B,0,16:11:26.548
000931.SZ,10:52:41.900,105241900,25791835,5.01,100,0,B,0,16:11:26.548
000931.SZ,10:52:41.900,105241900,25791843,5.01,100,0,B,0,16:11:26.548
000931.SZ,10:52:41.910,105241910,25791846,5.01,100,0,B,0,16:11:26.548
000931.SZ,10:52:41.910,105241910,25791876,5.01,100,0,B,0,16:11:26.548
000931.SZ,10:52:41.930,105241930,25791896,5.01,100,0,B,0,16:11:26.548
000931.SZ,10:52:41.980,105241980,25791980,5.01,100,0,B,0,16:11:26.548
000931.SZ,10:52:43.310,105243310,25794305,4.97,2100,0,S,0,16:11:26.548
000931.SZ,10:52:44.310,105244310,25796313,5.0,1100,0,S,0,16:11:26.548
000931.SZ,10:52:45.740,105245740,25798434,4.99,800,0,B,0,16:11:26.714
000931.SZ,10:52:47.580,105247580,25801805,4.97,16900,0,S,0,16:11:26.714
000931.SZ,10:52:47.620,105247620,25801857,5.0,1300,0,S,0,16:11:26.714
000931.SZ,10:52:47.810,105247810,25802185,5.0,900,0,B,0,16:11:26.714
000931.SZ,10:52:49.070,105249070,25805353,5.01,6300,0,B,0,16:11:26.870
000931.SZ,10:52:49.270,105249270,25806266,5.01,200,0,S,0,16:11:26.870
000931.SZ,10:52:49.270,105249270,25806271,5.01,100,0,S,0,16:11:26.870
000931.SZ,10:52:49.270,105249270,25806272,5.01,100,0,S,0,16:11:26.870
000931.SZ,10:52:49.270,105249270,25806273,5.01,200,0,S,0,16:11:26.870
000931.SZ,10:52:49.270,105249270,25806274,5.01,100,0,S,0,16:11:26.870
000931.SZ,10:52:49.270,105249270,25806277,5.01,1600,0,S,0,16:11:26.870
000931.SZ,10:52:49.270,105249270,25806278,5.01,100,0,S,0,16:11:26.870
000931.SZ,10:52:49.280,105249280,25806433,5.01,100,0,S,0,16:11:26.870
000931.SZ,10:52:49.280,105249280,25806434,5.01,100,0,S,0,16:11:26.870
000931.SZ,10:52:49.280,105249280,25806435,5.01,100,0,S,0,16:11:26.870
000931.SZ,10:52:49.280,105249280,25806436,5.01,100,0,S,0,16:11:26.870
000931.SZ,10:52:49.280,105249280,25806440,5.01,100,0,S,0,16:11:26.870
000931.SZ,10:52:50.820,105250820,25812477,4.99,1200,0,B,0,16:11:27.063
000931.SZ,10:52:51.140,105251140,25813410,5.0,1000,0,B,0,16:11:27.063
000931.SZ,10:52:51.410,105251410,25814513,5.01,3000,0,B,0,16:11:27.063
000931.SZ,10:52:52.580,105252580,25818707,5.01,200,0,S,0,16:11:27.063
000931.SZ,10:52:52.580,105252580,25818708,5.01,100,0,S,0,16:11:27.063
000931.SZ,10:52:52.580,105252580,25818710,5.01,800,0,S,0,16:11:27.063
000931.SZ,10:52:52.580,105252580,25818711,5.01,100,0,S,0,16:11:27.063
000931.SZ,10:52:52.580,105252580,25818712,5.01,100,0,S,0,16:11:27.063
000931.SZ,10:52:52.580,105252580,25818716,5.01,400,0,S,0,16:11:27.063
000931.SZ,10:52:52.580,105252580,25818717,5.01,300,0,S,0,16:11:27.063
000931.SZ,10:52:52.580,105252580,25818718,5.01,100,0,S,0,16:11:27.063
000931.SZ,10:52:52.580,105252580,25818720,5.01,100,0,S,0,16:11:27.063
000931.SZ,10:52:52.600,105252600,25818740,5.01,100,0,S,0,16:11:27.063
000931.SZ,10:52:52.600,105252600,25818741,5.01,100,0,S,0,16:11:27.063
000931.SZ,10:52:52.600,105252600,25818742,5.01,100,0,S,0,16:11:27.063
000931.SZ,10:52:52.600,105252600,25818743,5.01,100,0,S,0,16:11:27.063
000931.SZ,10:52:52.600,105252600,25818744,5.01,100,0,S,0,16:11:27.063
000931.SZ,10:52:52.600,105252600,25818745,5.01,100,0,S,0,16:11:27.063
000931.SZ,10:52:52.610,105252610,25818757,5.01,100,0,S,0,16:11:27.063
000931.SZ,10:52:55.260,105255260,25824808,5.01,400,0,S,0,16:11:27.356
000931.SZ,10:52:56.100,105256100,25827761,5.0,100,0,B,0,16:11:27.356
000931.SZ,10:52:56.460,105256460,25828373,5.01,200,0,B,0,16:11:27.356
000931.SZ,10:53:00.120,105300120,25836666,4.95,1000,0,B,0,16:11:27.546
000931.SZ,10:53:00.500,105300500,25837971,5.01,500,0,S,0,16:11:27.546
000931.SZ,10:53:00.640,105300640,25838480,4.98,100,0,S,0,16:11:27.679
000931.SZ,10:53:01.980,105301980,25841940,5.0,100,0,B,0,16:11:27.837
000931.SZ,10:53:02.030,105302030,25842033,5.01,800,0,S,0,16:11:27.837
000931.SZ,10:53:04.070,105304070,25846417,5.01,200,0,S,0,16:11:27.837
000931.SZ,10:53:04.080,105304080,25846472,5.01,100,0,S,0,16:11:27.837
000931.SZ,10:53:04.980,105304980,25849129,5.01,100,0,S,0,16:11:27.964
000931.SZ,10:53:04.980,105304980,25849145,5.01,4900,0,S,0,16:11:27.964
000931.SZ,10:53:04.980,105304980,25849146,5.01,7700,0,S,0,16:11:27.964
000931.SZ,10:53:05.990,105305990,25851333,5.0,700,0,B,0,16:11:27.964
000931.SZ,10:53:06.970,105306970,25853939,5.01,4000,0,B,0,16:11:28.130
000931.SZ,10:53:06.980,105306980,25853960,5.01,300,0,S,0,16:11:28.130
000931.SZ,10:53:07.070,105307070,25854511,5.01,100,0,S,0,16:11:28.130
000931.SZ,10:53:07.080,105307080,25854543,5.0,100,0,B,0,16:11:28.130
000931.SZ,10:53:07.550,105307550,25855579,5.01,100,0,S,0,16:11:28.130
000931.SZ,10:53:08.340,105308340,25857206,5.01,100,0,S,0,16:11:28.130
000931.SZ,10:53:08.490,105308490,25857501,5.01,100,0,S,0,16:11:28.130
000931.SZ,10:53:08.540,105308540,25857555,5.01,100,0,S,0,16:11:28.130
000931.SZ,10:53:10.290,105310290,25860515,5.03,2000,0,S,0,16:11:28.349
000931.SZ,10:53:14.450,105314450,25867379,4.96,5000,0,B,0,16:11:28.349
000931.SZ,10:53:14.990,105314990,25868126,5.01,1100,0,S,0,16:11:28.548
000931.SZ,10:53:17.110,105317110,25871702,5.01,13300,0,S,0,16:11:28.548
000931.SZ,10:53:17.320,105317320,25872078,5.03,100,0,S,0,16:11:28.548
000931.SZ,10:53:26.340,105326340,25887580,4.99,800,0,B,0,16:11:28.947
000931.SZ,10:53:26.830,105326830,25888220,5.0,100,0,B,0,16:11:28.947
000931.SZ,10:53:29.390,105329390,25892406,5.01,7500,0,S,0,16:11:29.121
000931.SZ,10:53:29.390,105329390,25892408,5.01,1400,0,S,0,16:11:29.121
000931.SZ,10:53:29.410,105329410,25892426,5.01,13300,0,S,0,16:11:29.121
000931.SZ,10:53:29.430,105329430,25892452,5.01,13300,0,S,0,16:11:29.121
000931.SZ,10:53:32.780,105332780,25897126,5.0,1000,0,B,0,16:11:29.308
000931.SZ,10:53:33.490,105333490,25898240,5.0,5000,0,B,0,16:11:29.308
000931.SZ,10:53:34.740,105334740,25900358,4.99,800,0,B,0,16:11:29.308
000931.SZ,10:53:38.160,105338160,25906271,4.99,10000,0,B,0,16:11:29.403
000931.SZ,10:53:39.100,105339100,25907650,5.01,2200,0,B,0,16:11:29.527
000931.SZ,10:53:39.120,105339120,25907678,5.01,200,0,S,0,16:11:29.527
000931.SZ,10:53:39.120,105339120,25907679,5.01,500,0,S,0,16:11:29.527
000931.SZ,10:53:39.170,105339170,25907885,5.01,200,0,S,0,16:11:29.527
000931.SZ,10:53:39.170,105339170,25907886,5.01,200,0,S,0,16:11:29.527
000931.SZ,10:53:39.170,105339170,25907887,5.01,100,0,S,0,16:11:29.527
000931.SZ,10:53:39.170,105339170,25907888,5.01,100,0,S,0,16:11:29.527
000931.SZ,10:53:39.170,105339170,25907889,5.01,100,0,S,0,16:11:29.527
000931.SZ,10:53:39.170,105339170,25907890,5.01,200,0,S,0,16:11:29.527
000931.SZ,10:53:39.170,105339170,25907891,5.01,300,0,S,0,16:11:29.527
000931.SZ,10:53:39.170,105339170,25907892,5.01,100,0,S,0,16:11:29.527
000931.SZ,10:53:39.190,105339190,25907953,5.01,300,0,S,0,16:11:29.527
000931.SZ,10:53:39.190,105339190,25907954,5.01,300,0,S,0,16:11:29.527
000931.SZ,10:53:39.190,105339190,25907955,5.01,400,0,S,0,16:11:29.527
000931.SZ,10:53:39.190,105339190,25907956,5.01,100,0,S,0,16:11:29.527
000931.SZ,10:53:39.190,105339190,25907957,5.01,300,0,S,0,16:11:29.527
000931.SZ,10:53:39.190,105339190,25907958,5.01,100,0,S,0,16:11:29.527
000931.SZ,10:53:39.190,105339190,25907959,5.01,100,0,S,0,16:11:29.527
000931.SZ,10:53:39.190,105339190,25907960,5.01,100,0,S,0,16:11:29.527
000931.SZ,10:53:39.200,105339200,25907976,5.01,100,0,S,0,16:11:29.527
000931.SZ,10:53:40.950,105340950,25911264,5.0,800,0,B,0,16:11:29.693
000931.SZ,10:53:41.900,105341900,25912811,4.96,2100,0,B,0,16:11:29.693
000931.SZ,10:53:49.660,105349660,25926538,5.0,3000,0,B,0,16:11:29.965
000931.SZ,10:53:49.830,105349830,25926822,5.0,2000,0,B,0,16:11:29.965
000931.SZ,10:53:53.830,105353830,25933904,5.01,1000,0,S,0,16:11:30.150
000931.SZ,10:53:54.380,105354380,25935009,5.0,1000,0,B,0,16:11:30.150
000931.SZ,10:53:54.420,105354420,25935109,5.01,1000,0,S,0,16:11:30.150
000931.SZ,10:53:56.590,105356590,25938922,5.0,200,0,B,0,16:11:30.274
000931.SZ,10:53:59.750,105359750,25944429,5.01,1000,0,S,0,16:11:30.417
000931.SZ,10:54:01.610,105401610,25948638,5.01,1000,0,B,0,16:11:30.655
000931.SZ,10:54:01.610,105401610,25948649,5.01,100,0,B,0,16:11:30.655
000931.SZ,10:54:01.640,105401640,25948801,5.0,400,0,S,0,16:11:30.655
000931.SZ,10:54:03.570,105403570,25952826,5.01,100,0,S,0,16:11:30.848
000931.SZ,10:54:04.210,105404210,25954165,4.9,1000,0,B,0,16:11:30.848
000931.SZ,10:54:08.360,105408360,25962059,5.01,1300,0,S,0,16:11:30.977
000931.SZ,10:54:10.970,105410970,25966970,5.0,100,0,B,0,16:11:31.240
000931.SZ,10:54:22.100,105422100,25992012,5.01,1000,0,S,0,16:11:31.751
000931.SZ,10:54:25.090,105425090,25998501,5.01,1000,0,S,0,16:11:31.894
000931.SZ,10:54:25.100,105425100,25998513,5.01,600,0,S,0,16:11:31.894
000931.SZ,10:54:26.280,105426280,26001079,5.0,100,0,B,0,16:11:31.894
000931.SZ,10:54:26.330,105426330,26001186,5.0,1600,0,B,0,16:11:31.894
000931.SZ,10:54:27.020,105427020,26002173,5.0,300,0,B,0,16:11:31.894
000931.SZ,10:54:27.700,105427700,26003334,5.0,900,0,B,0,16:11:32.051
000931.SZ,10:54:28.010,105428010,26003950,5.0,200,0,B,0,16:11:32.051
000931.SZ,10:54:28.510,105428510,26004963,5.0,200,0,B,0,16:11:32.051
000931.SZ,10:54:29.670,105429670,26007164,5.0,200,0,B,0,16:11:32.051
000931.SZ,10:54:29.680,105429680,26007193,5.0,1200,0,B,0,16:11:32.051
000931.SZ,10:54:30.280,105430280,26008337,5.01,400,0,S,0,16:11:32.051
000931.SZ,10:54:30.290,105430290,26008348,4.94,5000,0,B,0,16:11:32.051
000931.SZ,10:54:31.460,105431460,26011130,5.0,100,0,S,0,16:11:32.178
000931.SZ,10:54:31.460,105431460,26011132,5.0,200,0,S,0,16:11:32.178
000931.SZ,10:54:31.470,105431470,26011169,5.0,100,0,S,0,16:11:32.178
000931.SZ,10:54:31.480,105431480,26011214,5.0,100,0,S,0,16:11:32.178
000931.SZ,10:54:31.880,105431880,26012076,5.01,100,0,B,0,16:11:32.178
000931.SZ,10:54:35.180,105435180,26018610,5.0,300,0,B,0,16:11:32.316
000931.SZ,10:54:36.280,105436280,26020762,5.01,100,0,B,0,16:11:32.412
000931.SZ,10:54:36.380,105436380,26020966,5.01,100,0,B,0,16:11:32.412
000931.SZ,10:54:36.740,105436740,26021656,5.01,4000,0,S,0,16:11:32.412
000931.SZ,10:54:36.750,105436750,26021685,5.01,1600,0,S,0,16:11:32.412
000931.SZ,10:54:37.100,105437100,26022277,5.01,1000,0,S,0,16:11:32.412
000931.SZ,10:54:38.880,105438880,26025195,5.01,100,0,B,0,16:11:32.538
000931.SZ,10:54:38.970,105438970,26025327,5.01,100,0,B,0,16:11:32.538
000931.SZ,10:54:43.360,105443360,26032983,5.01,300,0,B,0,16:11:32.686
000931.SZ,10:54:43.380,105443380,26033042,5.0,100,0,S,0,16:11:32.686
000931.SZ,10:54:48.000,105448000,26040612,5.08,2000,0,S,0,16:11:32.971
000931.SZ,10:54:53.170,105453170,26048420,4.94,3500,0,B,0,16:11:33.113
000931.SZ,10:54:53.200,105453200,26048453,5.01,500,0,B,0,16:11:33.113
000931.SZ,10:54:57.160,105457160,26055186,4.98,300,0,B,0,16:11:33.409
000931.SZ,10:54:58.200,105458200,26057129,5.0,200,0,B,0,16:11:33.409
000931.SZ,10:55:00.900,105500900,26062474,5.0,4200,0,S,0,16:11:33.597
000931.SZ,10:55:01.530,105501530,26064371,5.0,1000,0,S,0,16:11:33.694
000931.SZ,10:55:01.760,105501760,26065020,5.01,800,0,S,0,16:11:33.694
000931.SZ,10:55:03.740,105503740,26069070,4.99,800,0,B,0,16:11:33.828
000931.SZ,10:55:04.520,105504520,26070492,5.0,500,0,S,0,16:11:33.828
000931.SZ,10:55:08.490,105508490,26077997,4.99,1000,0,B,0,16:11:33.987
000931.SZ,10:55:12.060,105512060,26084894,5.0,1900,0,S,0,16:11:34.095
000931.SZ,10:55:20.950,105520950,26101490,4.95,500,0,B,0,16:11:34.550
000931.SZ,10:55:22.140,105522140,26104915,4.99,800,0,B,0,16:11:34.659
000931.SZ,10:55:22.260,105522260,26105491,5.0,1100,0,B,0,16:11:34.659
000931.SZ,10:55:22.380,105522380,26105971,5.0,1000,0,B,0,16:11:34.659
000931.SZ,10:55:27.370,105527370,26115760,5.0,100,0,B,0,16:11:34.967
000931.SZ,10:55:37.770,105537770,26136768,5.0,500,0,B,0,16:11:35.469
000931.SZ,10:55:39.310,105539310,26139599,5.01,1000,0,S,0,16:11:35.642
000931.SZ,10:55:39.980,105539980,26140923,5.03,100,0,S,0,16:11:35.642
000931.SZ,10:55:43.520,105543520,26147504,4.95,2000,0,B,0,16:11:35.807
000931.SZ,10:55:47.540,105547540,26154475,5.0,2700,0,B,0,16:11:35.949
000931.SZ,10:55:48.440,105548440,26155824,5.01,1000,0,S,0,16:11:35.949
000931.SZ,10:55:48.500,105548500,26155906,5.0,1400,0,B,0,16:11:35.949
000931.SZ,10:55:50.360,105550360,26160233,4.99,800,0,B,0,16:11:36.139
000931.SZ,10:55:56.430,105556430,26173248,5.0,200,0,B,0,16:11:36.404
000931.SZ,10:55:57.540,105557540,26175118,5.0,200,0,B,0,16:11:36.497
000931.SZ,10:56:16.570,105616570,26219710,5.0,700,0,S,0,16:11:37.731
000931.SZ,10:56:16.720,105616720,26220079,5.0,900,0,S,0,16:11:37.731
000931.SZ,10:56:18.380,105618380,26224479,5.01,100,0,S,0,16:11:37.822
000931.SZ,10:56:18.590,105618590,26225040,5.0,600,0,S,0,16:11:37.822
000931.SZ,10:56:19.340,105619340,26227528,5.0,14900,0,S,0,16:11:37.822
000931.SZ,10:56:19.340,105619340,26227567,5.0,258200,0,S,0,16:11:37.822
000931.SZ,10:56:19.340,105619340,26227729,5.0,7900,0,S,0,16:11:37.914
000931.SZ,10:56:19.350,105619350,26227739,5.0,100,0,S,0,16:11:37.914
000931.SZ,10:56:19.350,105619350,26227740,5.0,100,0,S,0,16:11:37.914
000931.SZ,10:56:19.350,105619350,26227741,5.0,100,0,S,0,16:11:37.914
000931.SZ,10:56:19.350,105619350,26227742,5.0,100,0,S,0,16:11:37.914
000931.SZ,10:56:19.350,105619350,26227743,5.0,100,0,S,0,16:11:37.914
000931.SZ,10:56:19.350,105619350,26227744,5.0,100,0,S,0,16:11:37.914
000931.SZ,10:56:19.350,105619350,26227745,5.0,100,0,S,0,16:11:37.914
000931.SZ,10:56:19.350,105619350,26227746,5.0,10700,0,S,0,16:11:37.914
000931.SZ,10:56:19.350,105619350,26227747,5.0,100,0,S,0,16:11:37.914
000931.SZ,10:56:19.350,105619350,26227748,5.0,100,0,S,0,16:11:37.914
000931.SZ,10:56:19.350,105619350,26227749,5.0,100,0,S,0,16:11:37.914
000931.SZ,10:56:19.350,105619350,26227750,5.0,49200,0,S,0,16:11:37.914
000931.SZ,10:56:19.350,105619350,26227751,5.0,100,0,S,0,16:11:37.914
000931.SZ,10:56:19.350,105619350,26227753,5.0,10000,0,S,0,16:11:37.914
000931.SZ,10:56:19.350,105619350,26227757,5.01,29500,0,S,0,16:11:37.914
000931.SZ,10:56:19.350,105619350,26227758,5.01,12000,0,S,0,16:11:37.914
000931.SZ,10:56:19.350,105619350,26227759,5.0,300,0,S,0,16:11:37.914
000931.SZ,10:56:19.350,105619350,26227760,5.0,8800,0,S,0,16:11:37.914
000931.SZ,10:56:19.350,105619350,26227761,5.0,5400,0,S,0,16:11:37.914
000931.SZ,10:56:19.350,105619350,26227762,5.0,1600,0,S,0,16:11:37.914
000931.SZ,10:56:19.350,105619350,26227763,5.0,28800,0,S,0,16:11:37.914
000931.SZ,10:56:19.350,105619350,26227764,5.0,4100,0,S,0,16:11:37.914
000931.SZ,10:56:19.350,105619350,26227771,5.0,200,0,S,0,16:11:37.914
000931.SZ,10:56:19.350,105619350,26227776,5.0,8700,0,S,0,16:11:37.914
000931.SZ,10:56:19.350,105619350,26227779,5.0,100,0,S,0,16:11:37.914
000931.SZ,10:56:19.350,105619350,26227783,5.0,32500,0,S,0,16:11:37.914
000931.SZ,10:56:19.350,105619350,26227879,5.0,100,0,S,0,16:11:37.914
000931.SZ,10:56:19.360,105619360,26227888,5.0,1000,0,S,0,16:11:37.914
000931.SZ,10:56:19.360,105619360,26227889,5.0,7100,0,S,0,16:11:37.914
000931.SZ,10:56:19.360,105619360,26227890,5.0,4200,0,S,0,16:11:37.914
000931.SZ,10:56:19.360,105619360,26227891,5.0,18700,0,S,0,16:11:37.914
000931.SZ,10:56:19.360,105619360,26227892,5.0,21300,0,S,0,16:11:37.914
000931.SZ,10:56:19.360,105619360,26227893,5.0,7400,0,S,0,16:11:37.914
000931.SZ,10:56:19.360,105619360,26227897,5.0,3900,0,S,0,16:11:37.914
000931.SZ,10:56:19.360,105619360,26227898,5.0,500,0,S,0,16:11:37.914
000931.SZ,10:56:19.360,105619360,26227899,5.0,14200,0,S,0,16:11:37.914
000931.SZ,10:56:19.360,105619360,26227900,5.0,4100,0,S,0,16:11:37.914
000931.SZ,10:56:19.360,105619360,26227901,5.0,3900,0,S,0,16:11:37.914
000931.SZ,10:56:19.360,105619360,26227971,5.0,100,0,S,0,16:11:37.914
000931.SZ,10:56:19.370,105619370,26228112,5.0,18100,0,S,0,16:11:37.914
000931.SZ,10:56:19.380,105619380,26228147,5.0,1100,0,S,0,16:11:37.914
000931.SZ,10:56:19.390,105619390,26228222,5.0,4500,0,S,0,16:11:37.914
000931.SZ,10:56:19.860,105619860,26229685,5.02,200,0,S,0,16:11:37.914
000931.SZ,10:56:21.310,105621310,26233657,5.0,5600,0,S,0,16:11:37.982
000931.SZ,10:56:21.310,105621310,26233658,4.96,7800,0,S,0,16:11:37.982
000931.SZ,10:56:21.400,105621400,26234326,4.99,100,0,S,0,16:11:37.982
000931.SZ,10:56:21.730,105621730,26235071,4.99,1600,0,B,0,16:11:37.982
000931.SZ,10:56:22.100,105622100,26236282,4.99,1000,0,B,0,16:11:38.136
000931.SZ,10:56:22.520,105622520,26237710,4.99,300,0,S,0,16:11:38.136
000931.SZ,10:56:22.590,105622590,26237911,5.0,1000,0,S,0,16:11:38.136
000931.SZ,10:56:22.730,105622730,26238287,5.0,1300,0,S,0,16:11:38.136
000931.SZ,10:56:22.790,105622790,26238384,4.99,700,0,B,0,16:11:38.136
000931.SZ,10:56:24.410,105624410,26241763,5.0,900,0,S,0,16:11:38.274
000931.SZ,10:56:25.400,105625400,26244409,5.0,5500,0,S,0,16:11:38.274
000931.SZ,10:56:27.140,105627140,26248515,4.99,200,0,B,0,16:11:38.432
000931.SZ,10:56:27.460,105627460,26250077,5.0,900,0,S,0,16:11:38.432
000931.SZ,10:56:27.480,105627480,26250110,4.99,100,0,S,0,16:11:38.432
000931.SZ,10:56:30.220,105630220,26256304,5.0,1000,0,S,0,16:11:38.588
000931.SZ,10:56:30.230,105630230,26256311,5.0,1000,0,S,0,16:11:38.588
000931.SZ,10:56:30.250,105630250,26256372,5.0,1000,0,S,0,16:11:38.588
000931.SZ,10:56:30.250,105630250,26256381,5.0,1000,0,S,0,16:11:38.588
000931.SZ,10:56:30.250,105630250,26256395,5.0,1000,0,S,0,16:11:38.588
000931.SZ,10:56:30.390,105630390,26256768,5.0,200,0,S,0,16:11:38.588
000931.SZ,10:56:30.390,105630390,26256773,5.0,200,0,S,0,16:11:38.588
000931.SZ,10:56:30.390,105630390,26256778,5.0,200,0,S,0,16:11:38.588
000931.SZ,10:56:30.390,105630390,26256780,5.0,100,0,S,0,16:11:38.588
000931.SZ,10:56:30.390,105630390,26256781,5.0,300,0,S,0,16:11:38.588
000931.SZ,10:56:30.390,105630390,26256783,5.0,100,0,S,0,16:11:38.588
000931.SZ,10:56:30.390,105630390,26256786,5.0,100,0,S,0,16:11:38.588
000931.SZ,10:56:30.390,105630390,26256792,5.0,100,0,S,0,16:11:38.588
000931.SZ,10:56:30.410,105630410,26256827,5.0,300,0,S,0,16:11:38.588
000931.SZ,10:56:30.410,105630410,26256829,5.0,300,0,S,0,16:11:38.588
000931.SZ,10:56:30.410,105630410,26256830,5.0,400,0,S,0,16:11:38.588
000931.SZ,10:56:30.410,105630410,26256831,5.0,100,0,S,0,16:11:38.588
000931.SZ,10:56:30.410,105630410,26256832,5.0,100,0,S,0,16:11:38.588
000931.SZ,10:56:30.410,105630410,26256833,5.0,100,0,S,0,16:11:38.588
000931.SZ,10:56:30.410,105630410,26256839,5.0,100,0,S,0,16:11:38.588
000931.SZ,10:56:30.410,105630410,26256840,5.0,100,0,S,0,16:11:38.588
000931.SZ,10:56:30.420,105630420,26256946,5.0,100,0,S,0,16:11:38.588
000931.SZ,10:56:30.750,105630750,26258644,5.0,5400,0,S,0,16:11:38.588
000931.SZ,10:56:31.300,105631300,26262166,4.98,4000,0,B,0,16:11:38.744
000931.SZ,10:56:31.990,105631990,26266228,4.99,1100,0,B,0,16:11:38.744
000931.SZ,10:56:34.140,105634140,26276081,5.01,100,0,S,0,16:11:38.990
000931.SZ,10:56:34.140,105634140,26276082,5.01,100,0,S,0,16:11:38.990
000931.SZ,10:56:34.140,105634140,26276083,5.01,100,0,S,0,16:11:38.990
000931.SZ,10:56:34.140,105634140,26276086,5.01,100,0,S,0,16:11:38.990
000931.SZ,10:56:37.060,105637060,26286064,5.0,2200,0,S,0,16:11:39.146
000931.SZ,10:56:37.140,105637140,26286837,4.99,800,0,B,0,16:11:39.146
000931.SZ,10:56:38.430,105638430,26290505,5.01,1800,0,S,0,16:11:39.272
000931.SZ,10:56:38.440,105638440,26290522,5.0,800,0,S,0,16:11:39.272
000931.SZ,10:56:38.450,105638450,26290524,5.0,600,0,S,0,16:11:39.272
000931.SZ,10:56:39.760,105639760,26293486,4.99,400,0,B,0,16:11:39.396
000931.SZ,10:56:40.050,105640050,26294106,4.99,3300,0,B,0,16:11:39.396
000931.SZ,10:56:40.340,105640340,26295239,4.99,800,0,B,0,16:11:39.396
000931.SZ,10:56:42.170,105642170,26298860,4.99,100,0,B,0,16:11:39.554
000931.SZ,10:56:42.300,105642300,26299365,4.99,100,0,B,0,16:11:39.554
000931.SZ,10:56:43.100,105643100,26301531,4.99,1000,0,B,0,16:11:39.554
000931.SZ,10:56:45.730,105645730,26305990,4.99,800,0,B,0,16:11:39.694
000931.SZ,10:56:45.860,105645860,26306395,4.99,500,0,B,0,16:11:39.694
000931.SZ,10:56:48.520,105648520,26311351,5.0,100,0,S,0,16:11:39.845
000931.SZ,10:56:51.000,105651000,26315341,4.99,10000,0,B,0,16:11:39.973
000931.SZ,10:56:53.230,105653230,26319379,4.99,2800,0,S,0,16:11:39.973
000931.SZ,10:56:56.470,105656470,26325061,4.99,14900,0,S,0,16:11:40.270
000931.SZ,10:56:57.120,105657120,26325890,4.98,1000,0,B,0,16:11:40.270
000931.SZ,10:56:57.240,105657240,26326151,5.0,100,0,S,0,16:11:40.270
000931.SZ,10:56:57.240,105657240,26326154,5.0,1100,0,S,0,16:11:40.270
000931.SZ,10:56:57.700,105657700,26326992,4.99,100,0,B,0,16:11:40.270
000931.SZ,10:56:57.740,105657740,26327059,4.99,800,0,B,0,16:11:40.270
000931.SZ,10:57:00.710,105700710,26332583,5.07,1200,0,S,0,16:11:40.474
000931.SZ,10:57:00.720,105700720,26332598,4.99,800,0,B,0,16:11:40.474
000931.SZ,10:57:00.750,105700750,26332698,4.99,800,0,B,0,16:11:40.474
000931.SZ,10:57:02.800,105702800,26337111,5.01,3500,0,S,0,16:11:40.615
000931.SZ,10:57:03.360,105703360,26337975,4.97,5000,0,B,0,16:11:40.615
000931.SZ,10:57:04.940,105704940,26341212,4.99,100,0,B,0,16:11:40.772
000931.SZ,10:57:04.940,105704940,26341213,4.99,2700,0,B,0,16:11:40.772
000931.SZ,10:57:06.740,105706740,26344371,4.99,800,0,B,0,16:11:40.772
000931.SZ,10:57:11.810,105711810,26353173,4.98,400,0,S,0,16:11:41.066
000931.SZ,10:57:12.690,105712690,26354822,4.99,300,0,B,0,16:11:41.066
000931.SZ,10:57:13.860,105713860,26357130,4.98,1000,0,B,0,16:11:41.158
000931.SZ,10:57:15.350,105715350,26359476,4.98,200,0,B,0,16:11:41.158
000931.SZ,10:57:18.510,105718510,26366015,5.0,500,0,B,0,16:11:41.442
000931.SZ,10:57:20.090,105720090,26369340,4.99,200,0,S,0,16:11:41.442
000931.SZ,10:57:24.290,105724290,26377177,4.97,300,0,B,0,16:11:41.582
000931.SZ,10:57:24.290,105724290,26377179,4.97,200,0,B,0,16:11:41.582
000931.SZ,10:57:24.750,105724750,26377896,5.0,17700,0,B,0,16:11:41.709
000931.SZ,10:57:24.750,105724750,26377906,5.0,2700,0,B,0,16:11:41.709
000931.SZ,10:57:24.780,105724780,26378032,5.0,600,0,B,0,16:11:41.709
000931.SZ,10:57:25.310,105725310,26378897,4.99,200,0,B,0,16:11:41.709
000931.SZ,10:57:25.310,105725310,26378913,5.0,100,0,B,0,16:11:41.709
000931.SZ,10:57:25.330,105725330,26378930,5.0,100,0,B,0,16:11:41.709
000931.SZ,10:57:25.790,105725790,26379879,4.99,100,0,B,0,16:11:41.709
000931.SZ,10:57:25.790,105725790,26379880,4.99,200,0,B,0,16:11:41.709
000931.SZ,10:57:25.790,105725790,26379881,4.99,100,0,B,0,16:11:41.709
000931.SZ,10:57:26.790,105726790,26381317,4.99,200,0,B,0,16:11:41.709
000931.SZ,10:57:26.800,105726800,26381329,5.0,1900,0,S,0,16:11:41.709
000931.SZ,10:57:28.100,105728100,26383397,5.0,1100,0,B,0,16:11:41.806
000931.SZ,10:57:28.910,105728910,26384810,5.0,5700,0,S,0,16:11:41.806
000931.SZ,10:57:29.150,105729150,26385111,4.99,100,0,B,0,16:11:41.806
000931.SZ,10:57:29.500,105729500,26385605,4.99,100,0,B,0,16:11:41.806
000931.SZ,10:57:29.500,105729500,26385606,4.99,100,0,B,0,16:11:41.806
000931.SZ,10:57:30.740,105730740,26387758,4.98,3000,0,B,0,16:11:41.952
000931.SZ,10:57:35.410,105735410,26395257,4.98,200,0,B,0,16:11:42.125
000931.SZ,10:57:36.050,105736050,26396190,4.99,400,0,B,0,16:11:42.125
000931.SZ,10:57:36.830,105736830,26397481,5.0,2000,0,B,0,16:11:42.125
000931.SZ,10:57:37.080,105737080,26397918,5.0,100,0,S,0,16:11:42.125
000931.SZ,10:57:37.570,105737570,26398878,4.93,7600,0,B,0,16:11:42.298
000931.SZ,10:57:38.050,105738050,26399720,4.97,200,0,B,0,16:11:42.298
000931.SZ,10:57:38.360,105738360,26400222,5.0,5600,0,S,0,16:11:42.298
000931.SZ,10:57:38.530,105738530,26400516,5.0,100,0,B,0,16:11:42.298
000931.SZ,10:57:38.560,105738560,26400554,5.0,1700,0,B,0,16:11:42.298
000931.SZ,10:57:40.500,105740500,26404929,5.0,100,0,B,0,16:11:42.440
000931.SZ,10:57:40.520,105740520,26404973,5.0,100,0,B,0,16:11:42.440
000931.SZ,10:57:40.710,105740710,26405290,4.97,5000,0,B,0,16:11:42.440
000931.SZ,10:57:41.450,105741450,26406531,5.02,100,0,S,0,16:11:42.440
000931.SZ,10:57:42.240,105742240,26407890,5.0,100,0,B,0,16:11:42.440
000931.SZ,10:57:42.270,105742270,26407935,5.0,100,0,B,0,16:11:42.440
000931.SZ,10:57:43.790,105743790,26411091,4.96,2900,0,B,0,16:11:42.612
000931.SZ,10:57:45.310,105745310,26413185,5.0,100,0,B,0,16:11:42.612
000931.SZ,10:57:46.750,105746750,26415915,5.0,300,0,B,0,16:11:42.751
000931.SZ,10:57:48.200,105748200,26418002,5.0,700,0,B,0,16:11:42.751
000931.SZ,10:57:48.200,105748200,26418010,4.99,100,0,B,0,16:11:42.751
000931.SZ,10:57:48.220,105748220,26418034,5.0,400,0,B,0,16:11:42.751
000931.SZ,10:57:48.220,105748220,26418036,5.0,300,0,B,0,16:11:42.751
000931.SZ,10:57:48.220,105748220,26418038,5.0,600,0,B,0,16:11:42.751
000931.SZ,10:57:55.850,105755850,26430286,4.99,3500,0,B,0,16:11:43.030
000931.SZ,10:57:56.080,105756080,26430558,5.0,200,0,B,0,16:11:43.155
000931.SZ,10:57:56.850,105756850,26431599,4.99,300,0,B,0,16:11:43.155
000931.SZ,10:57:57.090,105757090,26431852,4.99,100,0,B,0,16:11:43.155
000931.SZ,10:58:01.740,105801740,26443103,5.0,5400,0,S,0,16:11:43.594
000931.SZ,10:58:01.740,105801740,26443105,4.96,2200,0,S,0,16:11:43.594
000931.SZ,10:58:02.040,105802040,26445393,5.0,2900,0,S,0,16:11:43.594
000931.SZ,10:58:03.000,105803000,26448173,5.0,600,0,S,0,16:11:43.594
000931.SZ,10:58:03.110,105803110,26448609,5.0,100,0,S,0,16:11:43.594
000931.SZ,10:58:03.120,105803120,26448610,5.0,16700,0,S,0,16:11:43.594
000931.SZ,10:58:03.120,105803120,26448611,5.0,100,0,S,0,16:11:43.594
000931.SZ,10:58:08.700,105808700,26459914,5.0,5300,0,S,0,16:11:43.872
000931.SZ,10:58:09.710,105809710,26461717,4.95,7000,0,B,0,16:11:43.872
000931.SZ,10:58:10.770,105810770,26463561,5.0,2000,0,B,0,16:11:44.012
000931.SZ,10:58:12.350,105812350,26465862,4.99,400,0,B,0,16:11:44.012
000931.SZ,10:58:12.620,105812620,26466191,5.0,5200,0,S,0,16:11:44.123
000931.SZ,10:58:13.400,105813400,26467457,4.99,15300,0,B,0,16:11:44.123
000931.SZ,10:58:14.070,105814070,26468478,4.93,7500,0,B,0,16:11:44.123
000931.SZ,10:58:16.340,105816340,26472509,5.0,5100,0,S,0,16:11:44.216
000931.SZ,10:58:17.240,105817240,26474125,5.0,100,0,S,0,16:11:44.359
000931.SZ,10:58:17.240,105817240,26474128,5.0,17900,0,S,0,16:11:44.359
000931.SZ,10:58:17.240,105817240,26474129,5.0,900,0,S,0,16:11:44.359
000931.SZ,10:58:17.240,105817240,26474134,5.0,7900,0,S,0,16:11:44.359
000931.SZ,10:58:17.240,105817240,26474136,5.0,9700,0,S,0,16:11:44.359
000931.SZ,10:58:17.560,105817560,26474577,5.0,443000,0,S,0,16:11:44.359
000931.SZ,10:58:17.600,105817600,26474635,4.99,100,0,B,0,16:11:44.359
000931.SZ,10:58:17.600,105817600,26474641,4.99,200,0,B,0,16:11:44.359
000931.SZ,10:58:17.640,105817640,26474669,4.99,200,0,B,0,16:11:44.359
000931.SZ,10:58:17.760,105817760,26474809,4.98,20000,0,B,0,16:11:44.359
000931.SZ,10:58:18.540,105818540,26476279,4.99,16800,0,S,0,16:11:44.359
000931.SZ,10:58:20.810,105820810,26480322,4.98,1900,0,S,0,16:11:44.497
000931.SZ,10:58:20.980,105820980,26480537,4.99,700,0,S,0,16:11:44.497
000931.SZ,10:58:20.980,105820980,26480545,5.0,5000,0,S,0,16:11:44.497
000931.SZ,10:58:21.580,105821580,26481548,5.0,600,0,S,0,16:11:44.497
000931.SZ,10:58:21.870,105821870,26482010,5.0,1100,0,S,0,16:11:44.497
000931.SZ,10:58:22.650,105822650,26483465,5.0,500,0,S,0,16:11:44.497
000931.SZ,10:58:24.480,105824480,26486199,4.99,1600,0,B,0,16:11:44.625
000931.SZ,10:58:25.010,105825010,26486971,5.0,100,0,S,0,16:11:44.625
000931.SZ,10:58:27.270,105827270,26490477,4.99,800,0,S,0,16:11:44.749
000931.SZ,10:58:27.490,105827490,26490900,4.99,100,0,B,0,16:11:44.749
000931.SZ,10:58:29.330,105829330,26494286,4.99,1200,0,S,0,16:11:44.915
000931.SZ,10:58:35.480,105835480,26503983,4.99,300,0,B,0,16:11:45.056
000931.SZ,10:58:35.980,105835980,26504927,4.99,100,0,B,0,16:11:45.213
000931.SZ,10:58:36.480,105836480,26506134,4.99,100,0,B,0,16:11:45.213
000931.SZ,10:58:36.990,105836990,26507057,4.99,600,0,B,0,16:11:45.213
000931.SZ,10:58:39.240,105839240,26510931,5.0,700,0,B,0,16:11:45.354
000931.SZ,10:58:39.310,105839310,26511034,4.99,1000,0,B,0,16:11:45.354
000931.SZ,10:58:41.520,105841520,26516206,4.95,500,0,B,0,16:11:45.354
000931.SZ,10:58:43.550,105843550,26521141,5.0,5000,0,B,0,16:11:45.495
000931.SZ,10:58:43.800,105843800,26521574,4.99,1000,0,S,0,16:11:45.495
000931.SZ,10:58:43.920,105843920,26521787,4.99,1000,0,S,0,16:11:45.495
000931.SZ,10:58:44.430,105844430,26522965,4.99,1000,0,S,0,16:11:45.495
000931.SZ,10:58:45.030,105845030,26523972,4.99,1000,0,S,0,16:11:45.495
000931.SZ,10:58:46.050,105846050,26526376,4.97,8100,0,B,0,16:11:45.652
000931.SZ,10:58:46.150,105846150,26526899,4.91,500,0,B,0,16:11:45.652
000931.SZ,10:58:46.270,105846270,26527298,4.99,1000,0,S,0,16:11:45.652
000931.SZ,10:58:49.760,105849760,26535979,4.88,500,0,B,0,16:11:45.824
000931.SZ,10:58:51.110,105851110,26538537,5.0,500,0,B,0,16:11:45.824
000931.SZ,10:58:54.420,105854420,26545989,4.96,500,0,B,0,16:11:45.960
000931.SZ,10:58:55.960,105855960,26549513,4.99,200,0,B,0,16:11:46.136
000931.SZ,10:58:55.980,105855980,26549551,5.0,300,0,S,0,16:11:46.136
000931.SZ,10:58:56.170,105856170,26549823,4.99,200,0,B,0,16:11:46.136
000931.SZ,10:58:57.280,105857280,26551523,4.95,1000,0,B,0,16:11:46.136
000931.SZ,10:58:59.350,105859350,26555949,4.99,6400,0,B,0,16:11:46.353
000931.SZ,10:59:02.100,105902100,26563035,4.99,100,0,S,0,16:11:46.557
000931.SZ,10:59:02.100,105902100,26563053,4.99,100,0,B,0,16:11:46.557
000931.SZ,10:59:02.100,105902100,26563054,4.99,100,0,B,0,16:11:46.557
000931.SZ,10:59:02.100,105902100,26563055,4.99,100,0,B,0,16:11:46.557
000931.SZ,10:59:02.100,105902100,26563056,4.99,100,0,B,0,16:11:46.557
000931.SZ,10:59:02.100,105902100,26563057,4.99,100,0,B,0,16:11:46.557
000931.SZ,10:59:02.100,105902100,26563058,4.99,100,0,B,0,16:11:46.557
000931.SZ,10:59:02.100,105902100,26563059,4.99,100,0,B,0,16:11:46.557
000931.SZ,10:59:02.110,105902110,26563065,4.99,100,0,B,0,16:11:46.557
000931.SZ,10:59:02.120,105902120,26563082,4.99,100,0,B,0,16:11:46.557
000931.SZ,10:59:03.330,105903330,26565124,4.98,400,0,B,0,16:11:46.761
000931.SZ,10:59:04.720,105904720,26569332,4.99,100,0,B,0,16:11:46.761
000931.SZ,10:59:13.420,105913420,26588582,4.99,3400,0,B,0,16:11:47.303
000931.SZ,10:59:14.320,105914320,26590308,4.95,2000,0,B,0,16:11:47.303
000931.SZ,10:59:14.320,105914320,26590320,4.99,300,0,B,0,16:11:47.303
000931.SZ,10:59:17.290,105917290,26596147,4.99,3700,0,B,0,16:11:47.303
000931.SZ,10:59:18.090,105918090,26597692,4.85,1500,0,B,0,16:11:47.490
000931.SZ,10:59:24.080,105924080,26608381,5.0,200,0,S,0,16:11:47.664
000931.SZ,10:59:24.940,105924940,26610465,5.03,10000,0,S,0,16:11:47.664
000931.SZ,10:59:26.970,105926970,26613416,4.99,100,0,B,0,16:11:47.804
000931.SZ,10:59:33.320,105933320,26624992,5.0,100,0,S,0,16:11:48.128
000931.SZ,10:59:33.320,105933320,26625001,4.99,200,0,B,0,16:11:48.128
000931.SZ,10:59:33.320,105933320,26625003,4.99,200,0,B,0,16:11:48.128
000931.SZ,10:59:33.330,105933330,26625004,4.99,200,0,B,0,16:11:48.128
000931.SZ,10:59:33.330,105933330,26625006,4.99,200,0,B,0,16:11:48.128
000931.SZ,10:59:33.330,105933330,26625007,4.99,200,0,B,0,16:11:48.128
000931.SZ,10:59:33.330,105933330,26625081,4.99,200,0,B,0,16:11:48.128
000931.SZ,10:59:35.590,105935590,26629806,4.99,100,0,S,0,16:11:48.255
000931.SZ,10:59:36.090,105936090,26630548,4.99,100,0,S,0,16:11:48.255
000931.SZ,10:59:36.560,105936560,26631390,4.99,800,0,B,0,16:11:48.255
000931.SZ,10:59:37.350,105937350,26633089,5.0,400,0,B,0,16:11:48.255
000931.SZ,10:59:38.180,105938180,26634452,4.99,100,0,S,0,16:11:48.426
000931.SZ,10:59:38.890,105938890,26635566,4.97,5000,0,B,0,16:11:48.426
000931.SZ,10:59:41.430,105941430,26639749,4.96,2300,0,S,0,16:11:48.599
000931.SZ,10:59:44.810,105944810,26645091,4.95,1000,0,B,0,16:11:48.599
000931.SZ,10:59:45.790,105945790,26646318,4.88,50000,0,B,0,16:11:48.761
000931.SZ,10:59:45.910,105945910,26646463,5.0,4500,0,S,0,16:11:48.761
000931.SZ,10:59:49.590,105949590,26651790,4.99,59700,0,S,0,16:11:48.845
000931.SZ,10:59:49.590,105949590,26651846,4.99,100,0,B,0,16:11:48.845
000931.SZ,10:59:49.600,105949600,26651847,4.99,600,0,B,0,16:11:48.845
000931.SZ,10:59:49.600,105949600,26651848,4.99,200,0,B,0,16:11:48.845
000931.SZ,10:59:49.600,105949600,26651850,4.99,200,0,B,0,16:11:48.845
000931.SZ,10:59:49.600,105949600,26651852,4.99,200,0,B,0,16:11:48.845
000931.SZ,10:59:49.600,105949600,26651853,4.99,100,0,B,0,16:11:48.845
000931.SZ,10:59:49.600,105949600,26651854,4.99,300,0,B,0,16:11:48.845
000931.SZ,10:59:49.600,105949600,26651855,4.99,200,0,B,0,16:11:48.845
000931.SZ,10:59:49.600,105949600,26651856,4.99,400,0,B,0,16:11:48.845
000931.SZ,10:59:49.600,105949600,26651858,4.99,200,0,B,0,16:11:48.845
000931.SZ,10:59:49.600,105949600,26651860,4.99,400,0,B,0,16:11:48.845
000931.SZ,10:59:49.600,105949600,26651861,4.99,200,0,B,0,16:11:48.845
000931.SZ,10:59:49.600,105949600,26651862,4.99,600,0,B,0,16:11:48.845
000931.SZ,10:59:49.600,105949600,26651864,4.99,600,0,B,0,16:11:48.845
000931.SZ,10:59:49.600,105949600,26651865,4.99,300,0,B,0,16:11:48.845
000931.SZ,10:59:49.600,105949600,26651870,4.99,200,0,B,0,16:11:48.845
000931.SZ,10:59:49.600,105949600,26651871,4.99,100,0,B,0,16:11:48.845
000931.SZ,10:59:49.610,105949610,26651886,4.99,300,0,B,0,16:11:48.845
000931.SZ,10:59:49.610,105949610,26651890,4.99,100,0,B,0,16:11:48.845
000931.SZ,10:59:49.620,105949620,26651901,4.99,200,0,B,0,16:11:48.845
000931.SZ,10:59:49.790,105949790,26652074,4.97,500,0,B,0,16:11:48.845
000931.SZ,10:59:51.210,105951210,26653854,4.99,100,0,S,0,16:11:48.946
000931.SZ,10:59:51.240,105951240,26653923,4.99,100,0,S,0,16:11:48.946
000931.SZ,10:59:51.740,105951740,26654612,4.99,800,0,B,0,16:11:48.946
000931.SZ,10:59:54.100,105954100,26658084,4.99,100,0,B,0,16:11:49.089
000931.SZ,10:59:54.740,105954740,26659020,4.99,800,0,B,0,16:11:49.089
000931.SZ,10:59:54.760,105954760,26659056,4.99,800,0,B,0,16:11:49.089
000931.SZ,10:59:54.860,105954860,26659207,4.9,500,0,B,0,16:11:49.089
000931.SZ,10:59:55.350,105955350,26659796,4.99,800,0,B,0,16:11:49.089
000931.SZ,10:59:56.950,105956950,26661872,4.99,200,0,B,0,16:11:49.277
000931.SZ,10:59:58.610,105958610,26664372,4.99,300,0,B,0,16:11:49.277
000931.SZ,11:00:01.100,110001100,26669198,4.99,1000,0,B,0,16:11:49.480
000931.SZ,11:00:01.480,110001480,26670030,5.0,500,0,S,0,16:11:49.480
000931.SZ,11:00:02.930,110002930,26672905,4.99,500,0,S,0,16:11:49.638
000931.SZ,11:00:03.790,110003790,26674173,4.98,2000,0,B,0,16:11:49.638
000931.SZ,11:00:03.960,110003960,26674470,4.99,800,0,B,0,16:11:49.638
000931.SZ,11:00:05.000,110005000,26676230,4.99,400,0,S,0,16:11:49.638
000931.SZ,11:00:05.050,110005050,26676340,4.96,5000,0,B,0,16:11:49.638
000931.SZ,11:00:07.060,110007060,26680199,4.99,1000,0,B,0,16:11:49.748
000931.SZ,11:00:09.260,110009260,26683601,5.0,100,0,S,0,16:11:49.929
000931.SZ,11:00:09.280,110009280,26683635,4.99,100,0,B,0,16:11:49.929
000931.SZ,11:00:09.280,110009280,26683641,4.81,1000,0,B,0,16:11:49.929
000931.SZ,11:00:12.350,110012350,26688962,5.0,100,0,S,0,16:11:49.929
000931.SZ,11:00:13.250,110013250,26690541,4.98,6600,0,B,0,16:11:50.165
000931.SZ,11:00:15.230,110015230,26695472,5.0,200,0,S,0,16:11:50.165
000931.SZ,11:00:18.090,110018090,26702506,4.99,100,0,B,0,16:11:50.353
000931.SZ,11:00:18.360,110018360,26703170,5.0,100,0,S,0,16:11:50.353
000931.SZ,11:00:20.420,110020420,26707204,4.99,200,0,B,0,16:11:50.557
000931.SZ,11:00:21.370,110021370,26708811,5.0,100,0,S,0,16:11:50.557
000931.SZ,11:00:21.450,110021450,26708935,4.99,100,0,B,0,16:11:50.557
000931.SZ,11:00:22.310,110022310,26710525,4.99,4000,0,B,0,16:11:50.557
000931.SZ,11:00:24.240,110024240,26714359,5.0,100,0,S,0,16:11:50.557
000931.SZ,11:00:25.310,110025310,26717247,4.99,2800,0,S,0,16:11:50.731
000931.SZ,11:00:26.870,110026870,26720543,4.99,100,0,B,0,16:11:50.731
000931.SZ,11:00:26.920,110026920,26720598,4.98,100,0,B,0,16:11:50.731
000931.SZ,11:00:27.230,110027230,26721510,5.0,100,0,S,0,16:11:50.731
000931.SZ,11:00:27.230,110027230,26721511,4.99,200,0,B,0,16:11:50.731
000931.SZ,11:00:28.090,110028090,26723916,4.99,16000,0,B,0,16:11:50.973
000931.SZ,11:00:30.410,110030410,26729589,4.93,1200,0,B,0,16:11:50.973
000931.SZ,11:00:30.920,110030920,26730901,4.98,5000,0,B,0,16:11:50.973
000931.SZ,11:00:32.410,110032410,26734477,4.99,200,0,B,0,16:11:51.116
000931.SZ,11:00:32.570,110032570,26734695,4.9,3000,0,B,0,16:11:51.116
000931.SZ,11:00:33.040,110033040,26735733,4.97,100,0,B,0,16:11:51.116
000931.SZ,11:00:33.270,110033270,26736480,4.99,1000,0,B,0,16:11:51.116
000931.SZ,11:00:34.090,110034090,26738553,4.99,100,0,B,0,16:11:51.116
000931.SZ,11:00:34.560,110034560,26739706,4.99,500,0,B,0,16:11:51.116
000931.SZ,11:00:35.010,110035010,26740588,4.95,200,0,B,0,16:11:51.290
000931.SZ,11:00:38.510,110038510,26748197,4.96,2000,0,B,0,16:11:51.446
000931.SZ,11:00:39.470,110039470,26749653,4.96,100,0,B,0,16:11:51.446
000931.SZ,11:00:42.480,110042480,26756598,4.99,5100,0,B,0,16:11:51.602
000931.SZ,11:00:48.530,110048530,26769760,4.95,100,0,B,0,16:11:51.885
000931.SZ,11:00:49.320,110049320,26771444,4.81,1100,0,B,0,16:11:51.885
000931.SZ,11:00:51.520,110051520,26775525,4.93,6200,0,B,0,16:11:52.050
000931.SZ,11:00:51.700,110051700,26775968,5.03,1200,0,S,0,16:11:52.050
000931.SZ,11:00:52.180,110052180,26777039,4.99,100,0,B,0,16:11:52.050
000931.SZ,11:00:52.500,110052500,26777805,5.0,100,0,S,0,16:11:52.050
000931.SZ,11:00:53.870,110053870,26780665,5.0,500,0,B,0,16:11:52.213
000931.SZ,11:00:56.880,110056880,26787589,4.99,200,0,B,0,16:11:52.398
000931.SZ,11:00:57.540,110057540,26789048,4.99,800,0,B,0,16:11:52.398
000931.SZ,11:00:58.890,110058890,26792062,4.99,1000,0,B,0,16:11:52.398
000931.SZ,11:00:59.720,110059720,26793984,4.88,500,0,B,0,16:11:52.616
000931.SZ,11:01:02.050,110102050,26800100,5.0,10000,0,B,0,16:11:52.729
000931.SZ,11:01:02.070,110102070,26800159,5.0,400,0,S,0,16:11:52.729
000931.SZ,11:01:02.070,110102070,26800161,5.0,300,0,S,0,16:11:52.729
000931.SZ,11:01:02.170,110102170,26800494,5.0,300,0,S,0,16:11:52.729
000931.SZ,11:01:02.170,110102170,26800495,5.0,400,0,S,0,16:11:52.729
000931.SZ,11:01:02.170,110102170,26800497,5.0,200,0,S,0,16:11:52.729
000931.SZ,11:01:02.170,110102170,26800515,5.0,200,0,S,0,16:11:52.729
000931.SZ,11:01:02.170,110102170,26800516,5.0,100,0,S,0,16:11:52.729
000931.SZ,11:01:02.170,110102170,26800518,5.0,100,0,S,0,16:11:52.729
000931.SZ,11:01:02.170,110102170,26800531,5.0,300,0,S,0,16:11:52.729
000931.SZ,11:01:02.180,110102180,26800556,5.0,200,0,S,0,16:11:52.729
000931.SZ,11:01:02.180,110102180,26800557,5.0,200,0,S,0,16:11:52.729
000931.SZ,11:01:02.180,110102180,26800559,5.0,300,0,S,0,16:11:52.729
000931.SZ,11:01:02.180,110102180,26800560,5.0,100,0,S,0,16:11:52.729
000931.SZ,11:01:02.180,110102180,26800561,5.0,100,0,S,0,16:11:52.729
000931.SZ,11:01:02.180,110102180,26800562,5.0,200,0,S,0,16:11:52.729
000931.SZ,11:01:02.180,110102180,26800563,5.0,200,0,S,0,16:11:52.729
000931.SZ,11:01:02.180,110102180,26800564,5.0,200,0,S,0,16:11:52.729
000931.SZ,11:01:02.190,110102190,26800586,5.0,200,0,S,0,16:11:52.729
000931.SZ,11:01:05.100,110105100,26807770,5.0,10800,0,S,0,16:11:52.885
000931.SZ,11:01:05.100,110105100,26807771,5.0,700,0,S,0,16:11:52.885
000931.SZ,11:01:05.240,110105240,26808220,5.0,300,0,S,0,16:11:52.885
000931.SZ,11:01:05.240,110105240,26808221,5.0,300,0,S,0,16:11:52.885
000931.SZ,11:01:05.240,110105240,26808222,5.0,2000,0,S,0,16:11:52.885
000931.SZ,11:01:05.240,110105240,26808223,5.0,1000,0,S,0,16:11:52.885
000931.SZ,11:01:05.240,110105240,26808224,5.0,800,0,S,0,16:11:52.885
000931.SZ,11:01:05.250,110105250,26808226,5.0,1100,0,S,0,16:11:52.885
000931.SZ,11:01:05.260,110105260,26808249,5.0,800,0,S,0,16:11:52.885
000931.SZ,11:01:05.260,110105260,26808252,5.0,500,0,S,0,16:11:52.885
000931.SZ,11:01:05.260,110105260,26808254,5.0,600,0,S,0,16:11:52.885
000931.SZ,11:01:05.260,110105260,26808258,5.0,500,0,S,0,16:11:52.885
000931.SZ,11:01:05.260,110105260,26808259,5.0,600,0,S,0,16:11:52.885
000931.SZ,11:01:05.270,110105270,26808277,5.0,400,0,S,0,16:11:52.885
000931.SZ,11:01:05.270,110105270,26808289,5.0,200,0,S,0,16:11:52.885
000931.SZ,11:01:05.270,110105270,26808290,5.0,300,0,S,0,16:11:52.885
000931.SZ,11:01:10.030,110110030,26820850,4.95,10000,0,B,0,16:11:53.161
000931.SZ,11:01:10.240,110110240,26821195,4.99,1100,0,B,0,16:11:53.161
000931.SZ,11:01:11.520,110111520,26824075,4.97,3000,0,B,0,16:11:53.240
000931.SZ,11:01:12.690,110112690,26826324,5.0,300,0,S,0,16:11:53.240
000931.SZ,11:01:12.700,110112700,26826349,5.0,1600,0,S,0,16:11:53.240
000931.SZ,11:01:12.700,110112700,26826352,5.0,200,0,S,0,16:11:53.240
000931.SZ,11:01:12.700,110112700,26826353,5.0,1600,0,S,0,16:11:53.240
000931.SZ,11:01:15.870,110115870,26831567,5.0,900,0,S,0,16:11:53.376
000931.SZ,11:01:15.870,110115870,26831568,5.0,200,0,S,0,16:11:53.376
000931.SZ,11:01:15.870,110115870,26831569,5.0,200,0,S,0,16:11:53.376
000931.SZ,11:01:15.870,110115870,26831570,5.0,100,0,S,0,16:11:53.376
000931.SZ,11:01:15.870,110115870,26831571,5.0,100,0,S,0,16:11:53.376
000931.SZ,11:01:15.880,110115880,26831572,5.0,1800,0,S,0,16:11:53.376
000931.SZ,11:01:15.880,110115880,26831575,5.0,200,0,S,0,16:11:53.376
000931.SZ,11:01:15.880,110115880,26831576,5.0,800,0,S,0,16:11:53.376
000931.SZ,11:01:15.880,110115880,26831577,5.0,600,0,S,0,16:11:53.376
000931.SZ,11:01:15.880,110115880,26831578,5.0,900,0,S,0,16:11:53.376
000931.SZ,11:01:15.890,110115890,26831618,5.0,600,0,S,0,16:11:53.376
000931.SZ,11:01:15.890,110115890,26831619,5.0,500,0,S,0,16:11:53.376
000931.SZ,11:01:15.890,110115890,26831621,5.0,300,0,S,0,16:11:53.376
000931.SZ,11:01:15.890,110115890,26831622,5.0,200,0,S,0,16:11:53.376
000931.SZ,11:01:15.890,110115890,26831624,5.0,700,0,S,0,16:11:53.376
000931.SZ,11:01:15.900,110115900,26831651,5.0,300,0,S,0,16:11:53.376
000931.SZ,11:01:15.910,110115910,26831662,5.0,100,0,S,0,16:11:53.376
000931.SZ,11:01:15.910,110115910,26831663,5.0,200,0,S,0,16:11:53.376
000931.SZ,11:01:17.110,110117110,26834380,5.0,600,0,S,0,16:11:53.376
000931.SZ,11:01:17.110,110117110,26834381,5.0,7500,0,S,0,16:11:53.376
000931.SZ,11:01:17.140,110117140,26834451,5.0,400,0,S,0,16:11:53.376
000931.SZ,11:01:17.140,110117140,26834452,5.0,100,0,S,0,16:11:53.376
000931.SZ,11:01:17.140,110117140,26834454,5.0,1200,0,S,0,16:11:53.376
000931.SZ,11:01:17.140,110117140,26834456,5.0,7700,0,S,0,16:11:53.376
000931.SZ,11:01:17.140,110117140,26834460,5.0,2100,0,S,0,16:11:53.376
000931.SZ,11:01:28.080,110128080,26856313,4.99,100,0,B,0,16:11:53.841
000931.SZ,11:01:28.110,110128110,26856397,4.99,300,0,S,0,16:11:53.841
000931.SZ,11:01:29.110,110129110,26858353,4.96,2200,0,S,0,16:11:53.841
000931.SZ,11:01:29.370,110129370,26858871,5.0,100,0,S,0,16:11:53.841
000931.SZ,11:01:29.990,110129990,26860185,4.99,300,0,B,0,16:11:53.841
000931.SZ,11:01:30.190,110130190,26860703,4.99,3000,0,B,0,16:11:53.841
000931.SZ,11:01:30.360,110130360,26860971,5.0,100,0,S,0,16:11:53.841
000931.SZ,11:01:40.920,110140920,26883870,4.97,1000,0,B,0,16:11:54.355
000931.SZ,11:01:44.670,110144670,26890473,4.96,2000,0,B,0,16:11:54.480
000931.SZ,11:01:44.990,110144990,26890922,4.99,500,0,B,0,16:11:54.620
000931.SZ,11:01:51.730,110151730,26906155,4.98,1200,0,B,0,16:11:54.934
000931.SZ,11:01:54.310,110154310,26911730,4.99,1000,0,B,0,16:11:54.934
000931.SZ,11:01:55.990,110155990,26915684,4.99,100,0,B,0,16:11:55.070
000931.SZ,11:01:57.250,110157250,26918331,5.0,100,0,S,0,16:11:55.230
000931.SZ,11:02:00.150,110200150,26925137,4.99,1700,0,S,0,16:11:55.383
000931.SZ,11:02:00.160,110200160,26925179,4.99,100,0,B,0,16:11:55.383
000931.SZ,11:02:00.160,110200160,26925180,4.99,100,0,B,0,16:11:55.383
000931.SZ,11:02:00.180,110200180,26925211,4.99,100,0,B,0,16:11:55.383
000931.SZ,11:02:03.050,110203050,26932093,4.96,100,0,B,0,16:11:55.556
000931.SZ,11:02:03.050,110203050,26932138,4.99,300,0,B,0,16:11:55.556
000931.SZ,11:02:03.050,110203050,26932139,4.99,300,0,B,0,16:11:55.556
000931.SZ,11:02:03.230,110203230,26932539,4.99,2200,0,S,0,16:11:55.556
000931.SZ,11:02:05.970,110205970,26938565,4.66,100,0,B,0,16:11:55.745
000931.SZ,11:02:09.300,110209300,26945819,4.99,100,0,B,0,16:11:55.870
000931.SZ,11:02:09.540,110209540,26946558,5.0,500,0,S,0,16:11:55.870
000931.SZ,11:02:09.540,110209540,26946559,5.0,300,0,S,0,16:11:55.870
000931.SZ,11:02:09.540,110209540,26946562,5.0,500,0,S,0,16:11:55.870
000931.SZ,11:02:09.540,110209540,26946565,5.0,500,0,S,0,16:11:55.870
000931.SZ,11:02:09.540,110209540,26946566,5.0,200,0,S,0,16:11:55.870
000931.SZ,11:02:09.540,110209540,26946571,5.0,100,0,S,0,16:11:55.870
000931.SZ,11:02:09.540,110209540,26946572,5.0,200,0,S,0,16:11:55.870
000931.SZ,11:02:09.540,110209540,26946577,5.0,100,0,S,0,16:11:55.870
000931.SZ,11:02:09.540,110209540,26946578,5.0,100,0,S,0,16:11:55.870
000931.SZ,11:02:09.540,110209540,26946579,5.0,300,0,S,0,16:11:55.870
000931.SZ,11:02:09.550,110209550,26946584,5.0,500,0,S,0,16:11:55.870
000931.SZ,11:02:09.550,110209550,26946585,5.0,300,0,S,0,16:11:55.870
000931.SZ,11:02:09.570,110209570,26946630,5.0,300,0,S,0,16:11:55.870
000931.SZ,11:02:09.570,110209570,26946631,5.0,500,0,S,0,16:11:55.870
000931.SZ,11:02:11.090,110211090,26949800,4.96,10000,0,B,0,16:11:56.020
000931.SZ,11:02:12.110,110212110,26951189,5.0,200,0,S,0,16:11:56.020
000931.SZ,11:02:12.260,110212260,26951478,4.98,50700,0,B,0,16:11:56.020
000931.SZ,11:02:12.270,110212270,26951494,5.0,100,0,S,0,16:11:56.020
000931.SZ,11:02:14.730,110214730,26957423,5.19,5000,0,S,0,16:11:56.209
000931.SZ,11:02:15.270,110215270,26958397,5.0,400,0,S,0,16:11:56.209
000931.SZ,11:02:15.380,110215380,26958564,5.0,100,0,S,0,16:11:56.209
000931.SZ,11:02:16.520,110216520,26960719,4.99,200,0,B,0,16:11:56.319
000931.SZ,11:02:21.200,110221200,26970784,4.99,200,0,B,0,16:11:56.431
000931.SZ,11:02:21.320,110221320,26971065,5.0,200,0,S,0,16:11:56.431
000931.SZ,11:02:23.120,110223120,26974644,5.0,100,0,S,0,16:11:56.587
000931.SZ,11:02:23.510,110223510,26975649,5.0,800,0,S,0,16:11:56.587
000931.SZ,11:02:23.570,110223570,26975800,5.0,400,0,S,0,16:11:56.587
000931.SZ,11:02:23.770,110223770,26976303,4.99,200,0,B,0,16:11:56.587
000931.SZ,11:02:23.890,110223890,26976569,4.99,500,0,B,0,16:11:56.587
000931.SZ,11:02:24.290,110224290,26977652,5.0,400,0,S,0,16:11:56.587
000931.SZ,11:02:24.530,110224530,26978303,4.99,400,0,B,0,16:11:56.713
000931.SZ,11:02:24.610,110224610,26978492,5.0,100,0,S,0,16:11:56.713
000931.SZ,11:02:24.760,110224760,26978861,5.0,800,0,S,0,16:11:56.713
000931.SZ,11:02:24.870,110224870,26979152,5.0,100,0,S,0,16:11:56.713
000931.SZ,11:02:25.000,110225000,26979401,4.99,100,0,B,0,16:11:56.713
000931.SZ,11:02:25.260,110225260,26979999,5.02,100,0,S,0,16:11:56.713
000931.SZ,11:02:26.280,110226280,26982064,4.99,200,0,B,0,16:11:56.713
000931.SZ,11:02:26.530,110226530,26982601,4.99,200,0,B,0,16:11:56.713
000931.SZ,11:02:27.100,110227100,26983771,5.0,300,0,S,0,16:11:56.855
000931.SZ,11:02:27.340,110227340,26984388,4.99,100,0,B,0,16:11:56.855
000931.SZ,11:02:29.010,110229010,26987923,4.97,5000,0,B,0,16:11:56.855
000931.SZ,11:02:29.010,110229010,26987924,4.99,400,0,B,0,16:11:56.855
000931.SZ,11:02:29.490,110229490,26989038,5.0,300,0,S,0,16:11:56.855
000931.SZ,11:02:29.980,110229980,26989675,4.99,7500,0,B,0,16:11:56.855
000931.SZ,11:02:31.130,110231130,26992064,4.95,500,0,B,0,16:11:56.986
000931.SZ,11:02:31.960,110231960,26993783,5.0,200,0,S,0,16:11:56.986
000931.SZ,11:02:34.220,110234220,26998241,4.99,5000,0,B,0,16:11:57.161
000931.SZ,11:02:36.760,110236760,27002713,5.0,1000,0,S,0,16:11:57.257
000931.SZ,11:02:45.350,110245350,27019341,4.99,200,0,B,0,16:11:57.729
000931.SZ,11:02:48.250,110248250,27025381,4.99,7000,0,B,0,16:11:57.837
000931.SZ,11:02:48.470,110248470,27025810,4.99,400,0,B,0,16:11:57.837
000931.SZ,11:02:49.060,110249060,27026988,5.0,200,0,B,0,16:11:57.837
000931.SZ,11:02:49.060,110249060,27026996,5.0,100,0,B,0,16:11:57.837
000931.SZ,11:02:49.060,110249060,27026999,5.0,200,0,B,0,16:11:57.837
000931.SZ,11:02:49.060,110249060,27027004,5.0,200,0,B,0,16:11:57.837
000931.SZ,11:02:49.070,110249070,27027024,5.0,200,0,B,0,16:11:57.837
000931.SZ,11:02:49.070,110249070,27027036,5.0,200,0,S,0,16:11:57.837
000931.SZ,11:02:49.080,110249080,27027053,5.0,100,0,B,0,16:11:57.837
000931.SZ,11:02:50.230,110250230,27029570,5.0,4300,0,S,0,16:11:58.034
000931.SZ,11:02:50.230,110250230,27029590,5.0,100,0,B,0,16:11:58.034
000931.SZ,11:02:50.230,110250230,27029592,5.0,100,0,B,0,16:11:58.034
000931.SZ,11:02:50.230,110250230,27029594,5.0,300,0,B,0,16:11:58.034
000931.SZ,11:02:55.730,110255730,27039957,4.99,800,0,B,0,16:11:58.193
000931.SZ,11:02:55.740,110255740,27039962,4.99,100,0,B,0,16:11:58.193
000931.SZ,11:02:57.480,110257480,27042445,4.99,100,0,B,0,16:11:58.193
000931.SZ,11:02:58.680,110258680,27044951,5.3,2300,0,S,0,16:11:58.396
000931.SZ,11:02:59.200,110259200,27045710,4.99,3300,0,B,0,16:11:58.396
000931.SZ,11:02:59.200,110259200,27045712,4.99,200,0,B,0,16:11:58.396
000931.SZ,11:02:59.200,110259200,27045713,4.99,100,0,B,0,16:11:58.396
000931.SZ,11:02:59.210,110259210,27045724,5.0,1000,0,S,0,16:11:58.396
000931.SZ,11:02:59.230,110259230,27045745,4.99,1000,0,S,0,16:11:58.396
000931.SZ,11:02:59.560,110259560,27046292,4.99,500,0,B,0,16:11:58.396
000931.SZ,11:03:00.220,110300220,27047356,4.99,100,0,B,0,16:11:58.396
000931.SZ,11:03:00.240,110300240,27047381,4.99,700,0,B,0,16:11:58.396
000931.SZ,11:03:00.260,110300260,27047434,4.99,100,0,B,0,16:11:58.396
000931.SZ,11:03:03.760,110303760,27055938,4.99,800,0,B,0,16:11:58.679
000931.SZ,11:03:07.520,110307520,27063416,4.98,100,0,S,0,16:11:58.835
000931.SZ,11:03:07.630,110307630,27063749,5.0,100,0,S,0,16:11:58.835
000931.SZ,11:03:09.740,110309740,27068796,4.97,1400,0,B,0,16:11:58.930
000931.SZ,11:03:10.910,110310910,27071417,5.0,600,0,B,0,16:11:59.034
000931.SZ,11:03:17.140,110317140,27087161,5.0,300,0,S,0,16:11:59.426
000931.SZ,11:03:17.140,110317140,27087162,5.0,100,0,S,0,16:11:59.426
000931.SZ,11:03:17.140,110317140,27087166,5.0,2500,0,S,0,16:11:59.426
000931.SZ,11:03:26.990,110326990,27109015,4.99,1000,0,B,0,16:11:59.913
000931.SZ,11:03:27.150,110327150,27109221,4.99,200,0,B,0,16:11:59.913
000931.SZ,11:03:29.810,110329810,27115625,5.0,2000,0,B,0,16:12:00.079
000931.SZ,11:03:36.540,110336540,27130546,5.0,1600,0,B,0,16:12:00.347
000931.SZ,11:03:36.870,110336870,27131059,4.95,1600,0,B,0,16:12:00.457
000931.SZ,11:03:38.770,110338770,27134526,4.89,5000,0,B,0,16:12:00.457
000931.SZ,11:03:42.200,110342200,27141131,4.99,10000,0,B,0,16:12:00.615
000931.SZ,11:03:47.770,110347770,27150993,4.99,200,0,B,0,16:12:00.927
000931.SZ,11:03:50.550,110350550,27158996,5.0,2000,0,B,0,16:12:01.064
000931.SZ,11:03:57.420,110357420,27173921,4.96,2600,0,S,0,16:12:01.425
000931.SZ,11:03:57.450,110357450,27174060,5.0,100,0,B,0,16:12:01.425
000931.SZ,11:03:57.450,110357450,27174062,5.0,100,0,B,0,16:12:01.425
000931.SZ,11:03:57.450,110357450,27174082,5.0,100,0,B,0,16:12:01.425
000931.SZ,11:03:57.450,110357450,27174084,5.0,100,0,B,0,16:12:01.425
000931.SZ,11:03:57.450,110357450,27174086,5.0,100,0,B,0,16:12:01.425
000931.SZ,11:03:57.460,110357460,27174098,5.0,100,0,B,0,16:12:01.425
000931.SZ,11:03:57.460,110357460,27174148,5.0,100,0,B,0,16:12:01.425
000931.SZ,11:03:57.460,110357460,27174152,5.0,100,0,B,0,16:12:01.425
000931.SZ,11:03:57.460,110357460,27174154,5.0,100,0,B,0,16:12:01.425
000931.SZ,11:03:57.460,110357460,27174157,5.0,100,0,B,0,16:12:01.425
000931.SZ,11:03:57.470,110357470,27174174,5.0,100,0,B,0,16:12:01.425
000931.SZ,11:03:57.470,110357470,27174178,5.0,100,0,B,0,16:12:01.425
000931.SZ,11:03:57.470,110357470,27174181,5.0,100,0,B,0,16:12:01.425
000931.SZ,11:03:57.480,110357480,27174190,5.0,100,0,B,0,16:12:01.425
000931.SZ,11:03:57.480,110357480,27174209,5.0,100,0,B,0,16:12:01.425
000931.SZ,11:03:57.580,110357580,27174374,4.99,100,0,B,0,16:12:01.425
000931.SZ,11:04:02.980,110402980,27187667,4.99,100,0,B,0,16:12:01.895
000931.SZ,11:04:02.980,110402980,27187670,4.99,300,0,B,0,16:12:01.895
000931.SZ,11:04:02.980,110402980,27187673,4.99,100,0,B,0,16:12:01.895
000931.SZ,11:04:02.980,110402980,27187674,4.99,100,0,B,0,16:12:01.895
000931.SZ,11:04:02.980,110402980,27187677,4.99,100,0,B,0,16:12:01.895
000931.SZ,11:04:02.990,110402990,27187698,4.99,100,0,B,0,16:12:01.895
000931.SZ,11:04:05.050,110405050,27192533,5.0,2500,0,S,0,16:12:02.005
000931.SZ,11:04:09.950,110409950,27202397,4.98,1000,0,B,0,16:12:02.281
000931.SZ,11:04:15.370,110415370,27212604,4.97,5000,0,B,0,16:12:02.440
000931.SZ,11:04:17.330,110417330,27216706,5.0,2500,0,S,0,16:12:02.580
000931.SZ,11:04:20.160,110420160,27222247,4.98,100,0,S,0,16:12:02.737
000931.SZ,11:04:21.430,110421430,27224649,4.99,100,0,B,0,16:12:02.924
000931.SZ,11:04:26.190,110426190,27233451,4.99,200,0,B,0,16:12:03.073
000931.SZ,11:04:26.430,110426430,27233775,5.04,500,0,S,0,16:12:03.073
000931.SZ,11:04:27.030,110427030,27234701,4.9,1000,0,B,0,16:12:03.073
000931.SZ,11:04:29.490,110429490,27239067,5.0,2500,0,S,0,16:12:03.251
000931.SZ,11:04:32.150,110432150,27244145,4.99,100,0,S,0,16:12:03.251
000931.SZ,11:04:32.150,110432150,27244148,5.02,100,0,S,0,16:12:03.251
000931.SZ,11:04:32.220,110432220,27244297,5.0,200,0,B,0,16:12:03.251
000931.SZ,11:04:33.150,110433150,27245652,5.0,100,0,S,0,16:12:03.438
000931.SZ,11:04:33.730,110433730,27246673,4.99,800,0,B,0,16:12:03.438
000931.SZ,11:04:35.300,110435300,27250124,4.9,600,0,B,0,16:12:03.438
000931.SZ,11:04:35.900,110435900,27251158,5.0,100,0,B,0,16:12:03.438
000931.SZ,11:04:36.930,110436930,27253257,5.0,100,0,B,0,16:12:03.438
000931.SZ,11:04:38.520,110438520,27256594,5.0,200,0,B,0,16:12:03.596
000931.SZ,11:04:41.120,110441120,27260925,5.0,2600,0,S,0,16:12:03.736
000931.SZ,11:04:41.190,110441190,27261074,4.94,1000,0,B,0,16:12:03.736
000931.SZ,11:04:45.730,110445730,27269639,4.99,800,0,B,0,16:12:03.864
000931.SZ,11:04:48.540,110448540,27275233,4.95,500,0,B,0,16:12:04.065
000931.SZ,11:04:48.900,110448900,27275738,4.98,10100,0,B,0,16:12:04.065
000931.SZ,11:04:50.220,110450220,27278992,4.99,8200,0,B,0,16:12:04.065
000931.SZ,11:04:50.230,110450230,27279004,4.99,700,0,B,0,16:12:04.065
000931.SZ,11:04:51.900,110451900,27281758,4.99,200,0,B,0,16:12:04.170
000931.SZ,11:04:56.030,110456030,27289260,4.99,100,0,S,0,16:12:04.422
000931.SZ,11:04:56.060,110456060,27289298,5.0,200,0,B,0,16:12:04.422
000931.SZ,11:04:56.060,110456060,27289301,5.0,200,0,B,0,16:12:04.422
000931.SZ,11:04:56.070,110456070,27289312,5.0,200,0,B,0,16:12:04.422
000931.SZ,11:04:56.090,110456090,27289377,5.0,200,0,B,0,16:12:04.422
000931.SZ,11:04:56.100,110456100,27289400,5.0,200,0,B,0,16:12:04.422
000931.SZ,11:04:58.000,110458000,27292487,4.99,100,0,B,0,16:12:04.422
000931.SZ,11:04:58.030,110458030,27292520,5.0,200,0,B,0,16:12:04.422
000931.SZ,11:04:58.040,110458040,27292542,5.0,200,0,B,0,16:12:04.422
000931.SZ,11:04:59.190,110459190,27294415,5.0,100,0,B,0,16:12:04.594
000931.SZ,11:04:59.200,110459200,27294425,5.0,900,0,S,0,16:12:04.594
000931.SZ,11:04:59.210,110459210,27294430,5.0,100,0,B,0,16:12:04.594
000931.SZ,11:05:00.150,110500150,27295966,5.1,500,0,S,0,16:12:04.594
000931.SZ,11:05:00.160,110500160,27295981,5.0,200,0,B,0,16:12:04.594
000931.SZ,11:05:00.160,110500160,27295983,5.0,100,0,B,0,16:12:04.594
000931.SZ,11:05:00.160,110500160,27295987,5.0,100,0,B,0,16:12:04.594
000931.SZ,11:05:02.030,110502030,27299873,4.99,100,0,B,0,16:12:04.723
000931.SZ,11:05:02.030,110502030,27299874,4.99,100,0,B,0,16:12:04.723
000931.SZ,11:05:02.040,110502040,27299877,5.0,300,0,B,0,16:12:04.723
000931.SZ,11:05:02.040,110502040,27299883,5.0,2000,0,S,0,16:12:04.723
000931.SZ,11:05:02.040,110502040,27299884,5.0,2000,0,S,0,16:12:04.723
000931.SZ,11:05:02.060,110502060,27299906,5.0,2000,0,S,0,16:12:04.723
000931.SZ,11:05:02.060,110502060,27299909,5.0,400,0,B,0,16:12:04.723
000931.SZ,11:05:02.090,110502090,27299992,5.0,200,0,B,0,16:12:04.723
000931.SZ,11:05:02.150,110502150,27300153,5.0,200,0,B,0,16:12:04.723
000931.SZ,11:05:04.020,110504020,27304962,4.99,100,0,B,0,16:12:04.892
000931.SZ,11:05:05.490,110505490,27309645,5.0,2900,0,S,0,16:12:05.079
000931.SZ,11:05:05.770,110505770,27310247,5.0,100,0,B,0,16:12:05.079
000931.SZ,11:05:07.260,110507260,27314262,4.99,100,0,B,0,16:12:05.079
000931.SZ,11:05:11.480,110511480,27326305,4.99,200,0,S,0,16:12:05.395
000931.SZ,11:05:12.860,110512860,27332755,4.84,1000,0,B,0,16:12:05.489
000931.SZ,11:05:13.320,110513320,27335300,4.99,43000,0,S,0,16:12:05.489
000931.SZ,11:05:13.340,110513340,27335488,4.99,100,0,S,0,16:12:05.489
000931.SZ,11:05:13.340,110513340,27335490,4.99,8500,0,S,0,16:12:05.489
000931.SZ,11:05:13.340,110513340,27335499,4.99,400,0,S,0,16:12:05.489
000931.SZ,11:05:13.340,110513340,27335503,4.99,800,0,S,0,16:12:05.489
000931.SZ,11:05:13.340,110513340,27335506,4.99,600,0,S,0,16:12:05.489
000931.SZ,11:05:13.350,110513350,27335586,4.99,100,0,S,0,16:12:05.489
000931.SZ,11:05:13.360,110513360,27335654,4.99,800,0,S,0,16:12:05.489
000931.SZ,11:05:13.370,110513370,27335744,4.99,200,0,S,0,16:12:05.489
000931.SZ,11:05:13.480,110513480,27336610,4.99,28300,0,S,0,16:12:05.489
000931.SZ,11:05:13.480,110513480,27336682,4.99,44200,0,S,0,16:12:05.489
000931.SZ,11:05:13.490,110513490,27336728,4.99,100,0,S,0,16:12:05.489
000931.SZ,11:05:13.490,110513490,27336738,5.0,1600,0,B,0,16:12:05.489
000931.SZ,11:05:13.500,110513500,27336810,4.99,300,0,S,0,16:12:05.489
000931.SZ,11:05:13.510,110513510,27336937,4.99,300,0,S,0,16:12:05.489
000931.SZ,11:05:13.510,110513510,27336951,4.99,100,0,S,0,16:12:05.489
000931.SZ,11:05:13.510,110513510,27336958,4.99,100,0,S,0,16:12:05.489
000931.SZ,11:05:13.510,110513510,27336962,4.99,100,0,S,0,16:12:05.489
000931.SZ,11:05:13.510,110513510,27337006,4.99,7500,0,S,0,16:12:05.489
000931.SZ,11:05:13.510,110513510,27337007,4.99,5300,0,S,0,16:12:05.489
000931.SZ,11:05:13.520,110513520,27337048,4.99,1900,0,S,0,16:12:05.489
000931.SZ,11:05:13.520,110513520,27337050,4.99,100,0,S,0,16:12:05.489
000931.SZ,11:05:13.520,110513520,27337058,4.99,100,0,S,0,16:12:05.489
000931.SZ,11:05:13.530,110513530,27337114,4.99,100,0,S,0,16:12:05.489
000931.SZ,11:05:13.540,110513540,27337175,4.99,200,0,B,0,16:12:05.568
000931.SZ,11:05:13.570,110513570,27337408,4.99,100,0,S,0,16:12:05.568
000931.SZ,11:05:13.570,110513570,27337432,4.99,1900,0,S,0,16:12:05.568
000931.SZ,11:05:13.580,110513580,27337450,4.99,100,0,S,0,16:12:05.568
000931.SZ,11:05:15.030,110515030,27345087,5.0,500,0,S,0,16:12:05.692
000931.SZ,11:05:15.030,110515030,27345101,4.98,2300,0,B,0,16:12:05.692
000931.SZ,11:05:15.070,110515070,27345199,4.99,200,0,S,0,16:12:05.692
000931.SZ,11:05:15.080,110515080,27345282,4.99,1400,0,S,0,16:12:05.692
000931.SZ,11:05:15.080,110515080,27345305,4.99,200,0,B,0,16:12:05.692
000931.SZ,11:05:15.370,110515370,27346903,4.98,10000,0,B,0,16:12:05.819
000931.SZ,11:05:15.490,110515490,27347726,4.99,200,0,S,0,16:12:05.819
000931.SZ,11:05:15.490,110515490,27347730,4.99,700,0,S,0,16:12:05.819
000931.SZ,11:05:15.490,110515490,27347731,4.99,100,0,S,0,16:12:05.819
000931.SZ,11:05:15.500,110515500,27347732,4.99,600,0,S,0,16:12:05.819
000931.SZ,11:05:15.500,110515500,27347733,4.99,200,0,S,0,16:12:05.819
000931.SZ,11:05:15.500,110515500,27347734,4.99,500,0,S,0,16:12:05.819
000931.SZ,11:05:15.500,110515500,27347735,4.99,1600,0,S,0,16:12:05.819
000931.SZ,11:05:15.500,110515500,27347743,4.99,700,0,S,0,16:12:05.819
000931.SZ,11:05:15.500,110515500,27347752,4.99,100,0,S,0,16:12:05.819
000931.SZ,11:05:15.510,110515510,27347844,4.99,300,0,S,0,16:12:05.819
000931.SZ,11:05:15.510,110515510,27347845,4.99,100,0,S,0,16:12:05.819
000931.SZ,11:05:15.510,110515510,27347846,4.99,500,0,S,0,16:12:05.819
000931.SZ,11:05:15.510,110515510,27347853,4.99,500,0,S,0,16:12:05.819
000931.SZ,11:05:15.510,110515510,27347863,4.99,200,0,S,0,16:12:05.819
000931.SZ,11:05:15.520,110515520,27347864,4.99,100,0,S,0,16:12:05.819
000931.SZ,11:05:15.520,110515520,27347869,4.99,200,0,S,0,16:12:05.819
000931.SZ,11:05:15.530,110515530,27347892,4.99,400,0,S,0,16:12:05.819
000931.SZ,11:05:15.700,110515700,27348768,4.98,100,0,S,0,16:12:05.819
000931.SZ,11:05:15.750,110515750,27348918,4.98,100,0,S,0,16:12:05.819
000931.SZ,11:05:15.820,110515820,27349348,4.98,100,0,B,0,16:12:05.819
000931.SZ,11:05:16.190,110516190,27351172,4.98,100,0,B,0,16:12:05.819
000931.SZ,11:05:16.330,110516330,27351930,4.98,200,0,B,0,16:12:05.819
000931.SZ,11:05:16.380,110516380,27352146,4.99,100,0,S,0,16:12:05.913
000931.SZ,11:05:16.400,110516400,27352205,4.98,400,0,S,0,16:12:05.913
000931.SZ,11:05:16.820,110516820,27354872,4.98,200,0,B,0,16:12:05.913
000931.SZ,11:05:16.820,110516820,27354873,4.98,100,0,B,0,16:12:05.913
000931.SZ,11:05:17.010,110517010,27355490,4.98,300,0,S,0,16:12:05.913
000931.SZ,11:05:17.030,110517030,27355652,4.99,300,0,S,0,16:12:05.913
000931.SZ,11:05:17.340,110517340,27357033,4.98,100,0,S,0,16:12:05.913
000931.SZ,11:05:17.490,110517490,27357585,4.98,400,0,S,0,16:12:06.068
000931.SZ,11:05:17.650,110517650,27357958,5.03,80200,0,S,0,16:12:06.068
000931.SZ,11:05:18.020,110518020,27358723,4.99,300,0,S,0,16:12:06.068
000931.SZ,11:05:18.200,110518200,27359466,4.99,3300,0,S,0,16:12:06.068
000931.SZ,11:05:18.200,110518200,27359467,4.99,3900,0,S,0,16:12:06.068
000931.SZ,11:05:18.200,110518200,27359477,4.99,700,0,S,0,16:12:06.068
000931.SZ,11:05:18.210,110518210,27359508,4.99,700,0,S,0,16:12:06.068
000931.SZ,11:05:18.210,110518210,27359510,4.99,800,0,S,0,16:12:06.068
000931.SZ,11:05:18.360,110518360,27360001,4.98,200,0,S,0,16:12:06.068
000931.SZ,11:05:18.500,110518500,27360456,4.98,800,0,S,0,16:12:06.068
000931.SZ,11:05:18.570,110518570,27360665,4.98,800,0,S,0,16:12:06.068
000931.SZ,11:05:19.030,110519030,27361755,4.99,3500,0,S,0,16:12:06.068
000931.SZ,11:05:19.040,110519040,27361910,4.99,200,0,S,0,16:12:06.068
000931.SZ,11:05:19.200,110519200,27362822,4.99,200,0,S,0,16:12:06.068
000931.SZ,11:05:19.910,110519910,27365355,4.98,300,0,S,0,16:12:06.172
000931.SZ,11:05:20.470,110520470,27366658,4.9,500,0,B,0,16:12:06.172
000931.SZ,11:05:20.500,110520500,27366778,4.99,400,0,S,0,16:12:06.172
000931.SZ,11:05:24.080,110524080,27375628,4.98,68300,0,B,0,16:12:06.442
000931.SZ,11:05:24.350,110524350,27376292,4.85,10000,0,B,0,16:12:06.442
000931.SZ,11:05:25.780,110525780,27379817,4.99,100,0,B,0,16:12:06.442
000931.SZ,11:05:26.860,110526860,27381816,4.98,200,0,B,0,16:12:06.565
000931.SZ,11:05:27.010,110527010,27381995,4.98,12500,0,B,0,16:12:06.565
000931.SZ,11:05:27.040,110527040,27382029,4.99,400,0,B,0,16:12:06.565
000931.SZ,11:05:27.110,110527110,27382157,4.99,200,0,S,0,16:12:06.565
000931.SZ,11:05:27.700,110527700,27383414,4.99,100,0,S,0,16:12:06.565
000931.SZ,11:05:27.800,110527800,27383606,4.99,100,0,B,0,16:12:06.565
000931.SZ,11:05:27.810,110527810,27383633,4.99,100,0,B,0,16:12:06.565
000931.SZ,11:05:28.200,110528200,27384463,4.99,100,0,B,0,16:12:06.565
000931.SZ,11:05:28.250,110528250,27384603,4.99,400,0,B,0,16:12:06.565
000931.SZ,11:05:28.310,110528310,27384688,4.99,100,0,B,0,16:12:06.660
000931.SZ,11:05:28.450,110528450,27384972,4.99,1400,0,B,0,16:12:06.660
000931.SZ,11:05:28.450,110528450,27384974,4.99,100,0,B,0,16:12:06.660
000931.SZ,11:05:28.800,110528800,27385641,4.99,300,0,B,0,16:12:06.660
000931.SZ,11:05:29.250,110529250,27386345,4.99,300,0,B,0,16:12:06.660
000931.SZ,11:05:29.310,110529310,27386424,4.99,100,0,B,0,16:12:06.660
000931.SZ,11:05:30.340,110530340,27388427,4.99,100,0,S,0,16:12:06.660
000931.SZ,11:05:30.370,110530370,27388460,4.98,100,0,B,0,16:12:06.770
000931.SZ,11:05:30.510,110530510,27388779,4.99,200,0,B,0,16:12:06.770
000931.SZ,11:05:30.780,110530780,27389217,4.97,100,0,S,0,16:12:06.770
000931.SZ,11:05:31.600,110531600,27391275,4.99,600,0,B,0,16:12:06.770
000931.SZ,11:05:31.600,110531600,27391279,4.99,100,0,B,0,16:12:06.770
000931.SZ,11:05:34.580,110534580,27396579,4.99,12000,0,B,0,16:12:06.879
000931.SZ,11:05:34.720,110534720,27396939,4.99,200,0,S,0,16:12:06.879
000931.SZ,11:05:34.720,110534720,27396940,4.99,100,0,S,0,16:12:06.879
000931.SZ,11:05:34.720,110534720,27396941,4.99,1000,0,S,0,16:12:06.879
000931.SZ,11:05:34.720,110534720,27396942,4.99,300,0,S,0,16:12:06.879
000931.SZ,11:05:34.720,110534720,27396943,4.99,100,0,S,0,16:12:06.879
000931.SZ,11:05:34.720,110534720,27396944,4.99,1100,0,S,0,16:12:06.879
000931.SZ,11:05:34.720,110534720,27396945,4.99,900,0,S,0,16:12:06.879
000931.SZ,11:05:34.720,110534720,27396947,4.99,400,0,S,0,16:12:06.879
000931.SZ,11:05:34.720,110534720,27396948,4.99,700,0,S,0,16:12:06.879
000931.SZ,11:05:34.720,110534720,27396949,4.99,1000,0,S,0,16:12:06.879
000931.SZ,11:05:34.740,110534740,27396968,4.99,600,0,S,0,16:12:07.021
000931.SZ,11:05:34.740,110534740,27396969,4.99,700,0,S,0,16:12:07.021
000931.SZ,11:05:34.740,110534740,27396970,4.99,200,0,S,0,16:12:07.021
000931.SZ,11:05:34.740,110534740,27396971,4.99,200,0,S,0,16:12:07.021
000931.SZ,11:05:34.740,110534740,27396972,4.99,200,0,S,0,16:12:07.021
000931.SZ,11:05:34.740,110534740,27396973,4.99,800,0,S,0,16:12:07.021
000931.SZ,11:05:34.740,110534740,27396974,4.99,400,0,S,0,16:12:07.021
000931.SZ,11:05:34.750,110534750,27396979,4.99,400,0,S,0,16:12:07.021
000931.SZ,11:05:35.070,110535070,27397501,4.99,100,0,B,0,16:12:07.021
000931.SZ,11:05:37.410,110537410,27402449,4.98,1000,0,B,0,16:12:07.021
000931.SZ,11:05:41.800,110541800,27410104,4.98,200,0,B,0,16:12:07.272
000931.SZ,11:05:42.190,110542190,27410671,4.99,100,0,S,0,16:12:07.272
000931.SZ,11:05:42.240,110542240,27410753,4.99,200,0,B,0,16:12:07.272
000931.SZ,11:05:42.260,110542260,27410772,4.99,100,0,S,0,16:12:07.272
000931.SZ,11:05:42.260,110542260,27410773,4.99,100,0,S,0,16:12:07.272
000931.SZ,11:05:45.200,110545200,27416282,4.98,1600,0,B,0,16:12:07.348
000931.SZ,11:05:45.970,110545970,27417762,4.99,38000,0,B,0,16:12:07.348
000931.SZ,11:05:45.970,110545970,27417808,4.99,700,0,S,0,16:12:07.458
000931.SZ,11:05:45.980,110545980,27417815,4.99,100,0,B,0,16:12:07.458
000931.SZ,11:05:45.980,110545980,27417816,4.99,400,0,B,0,16:12:07.458
000931.SZ,11:05:45.980,110545980,27417817,4.99,200,0,B,0,16:12:07.458
000931.SZ,11:05:45.980,110545980,27417818,4.99,200,0,B,0,16:12:07.458
000931.SZ,11:05:45.980,110545980,27417821,4.99,200,0,B,0,16:12:07.458
000931.SZ,11:05:45.980,110545980,27417822,4.99,300,0,B,0,16:12:07.458
000931.SZ,11:05:45.980,110545980,27417823,4.99,200,0,B,0,16:12:07.458
000931.SZ,11:05:45.980,110545980,27417824,4.99,100,0,B,0,16:12:07.458
000931.SZ,11:05:45.980,110545980,27417825,4.99,100,0,B,0,16:12:07.458
000931.SZ,11:05:45.980,110545980,27417826,4.99,300,0,B,0,16:12:07.458
000931.SZ,11:05:45.980,110545980,27417827,4.99,200,0,B,0,16:12:07.458
000931.SZ,11:05:45.980,110545980,27417828,4.99,600,0,B,0,16:12:07.458
000931.SZ,11:05:45.980,110545980,27417829,4.99,200,0,B,0,16:12:07.458
000931.SZ,11:05:45.980,110545980,27417830,4.99,200,0,B,0,16:12:07.458
000931.SZ,11:05:45.980,110545980,27417831,4.99,800,0,B,0,16:12:07.458
000931.SZ,11:05:45.980,110545980,27417832,4.99,200,0,B,0,16:12:07.458
000931.SZ,11:05:45.980,110545980,27417833,4.99,300,0,B,0,16:12:07.458
000931.SZ,11:05:45.980,110545980,27417834,4.99,300,0,B,0,16:12:07.458
000931.SZ,11:05:45.980,110545980,27417835,4.99,800,0,B,0,16:12:07.458
000931.SZ,11:05:45.980,110545980,27417836,4.99,100,0,B,0,16:12:07.458
000931.SZ,11:05:45.980,110545980,27417837,4.99,100,0,B,0,16:12:07.458
000931.SZ,11:05:45.980,110545980,27417838,4.99,100,0,B,0,16:12:07.458
000931.SZ,11:05:45.980,110545980,27417839,4.99,200,0,B,0,16:12:07.458
000931.SZ,11:05:45.980,110545980,27417840,4.99,300,0,B,0,16:12:07.458
000931.SZ,11:05:45.980,110545980,27417841,4.99,100,0,B,0,16:12:07.458
000931.SZ,11:05:45.980,110545980,27417842,4.99,800,0,B,0,16:12:07.458
000931.SZ,11:05:45.980,110545980,27417843,4.99,200,0,B,0,16:12:07.458
000931.SZ,11:05:45.980,110545980,27417844,4.99,100,0,B,0,16:12:07.458
000931.SZ,11:05:45.980,110545980,27417845,4.99,200,0,B,0,16:12:07.458
000931.SZ,11:05:45.980,110545980,27417846,4.99,100,0,B,0,16:12:07.458
000931.SZ,11:05:45.980,110545980,27417847,4.99,200,0,B,0,16:12:07.458
000931.SZ,11:05:45.980,110545980,27417849,4.99,100,0,B,0,16:12:07.458
000931.SZ,11:05:45.980,110545980,27417851,4.99,400,0,B,0,16:12:07.458
000931.SZ,11:05:45.980,110545980,27417855,4.99,300,0,B,0,16:12:07.458
000931.SZ,11:05:45.980,110545980,27417859,4.99,300,0,B,0,16:12:07.458
000931.SZ,11:05:45.980,110545980,27417860,4.99,100,0,B,0,16:12:07.458
000931.SZ,11:05:45.980,110545980,27417861,4.99,200,0,B,0,16:12:07.458
000931.SZ,11:05:45.990,110545990,27417869,4.99,200,0,B,0,16:12:07.458
000931.SZ,11:05:45.990,110545990,27417877,4.99,400,0,B,0,16:12:07.458
000931.SZ,11:05:45.990,110545990,27417880,4.99,100,0,B,0,16:12:07.458
000931.SZ,11:05:46.010,110546010,27417900,4.99,300,0,B,0,16:12:07.458
000931.SZ,11:05:46.070,110546070,27418007,4.98,1000,0,B,0,16:12:07.458
000931.SZ,11:05:46.110,110546110,27418085,4.99,100,0,B,0,16:12:07.458
000931.SZ,11:05:46.200,110546200,27418307,4.98,100,0,B,0,16:12:07.458
000931.SZ,11:05:47.350,110547350,27420464,4.98,300,0,B,0,16:12:07.458
000931.SZ,11:05:47.530,110547530,27420816,4.98,500,0,B,0,16:12:07.458
000931.SZ,11:05:47.970,110547970,27421383,4.98,500,0,B,0,16:12:07.458
000931.SZ,11:05:48.360,110548360,27422128,5.0,200,0,S,0,16:12:07.458
000931.SZ,11:05:48.740,110548740,27422869,4.99,800,0,B,0,16:12:07.599
000931.SZ,11:05:48.750,110548750,27422900,4.99,100,0,B,0,16:12:07.599
000931.SZ,11:05:48.940,110548940,27423125,4.99,1600,0,B,0,16:12:07.599
000931.SZ,11:05:48.990,110548990,27423208,4.99,1000,0,B,0,16:12:07.599
000931.SZ,11:05:49.110,110549110,27423389,4.99,1000,0,B,0,16:12:07.599
000931.SZ,11:05:49.280,110549280,27423666,4.99,3000,0,B,0,16:12:07.599
000931.SZ,11:05:50.040,110550040,27425144,4.99,100,0,B,0,16:12:07.599
000931.SZ,11:05:51.290,110551290,27427147,4.99,500,0,S,0,16:12:07.599
000931.SZ,11:05:51.310,110551310,27427170,4.99,1900,0,S,0,16:12:07.599
000931.SZ,11:05:51.500,110551500,27427633,4.99,100,0,B,0,16:12:07.599
000931.SZ,11:05:51.770,110551770,27428315,4.99,100,0,S,0,16:12:07.730
000931.SZ,11:05:52.010,110552010,27428754,4.99,100,0,S,0,16:12:07.730
000931.SZ,11:05:52.060,110552060,27428877,4.99,100,0,S,0,16:12:07.730
000931.SZ,11:05:52.430,110552430,27429596,4.99,100,0,B,0,16:12:07.730
000931.SZ,11:05:52.770,110552770,27430297,4.99,2500,0,S,0,16:12:07.730
000931.SZ,11:05:52.800,110552800,27430340,4.99,400,0,S,0,16:12:07.730
000931.SZ,11:05:52.800,110552800,27430351,4.99,100,0,S,0,16:12:07.730
000931.SZ,11:05:52.840,110552840,27430425,4.99,1600,0,S,0,16:12:07.730
000931.SZ,11:05:52.880,110552880,27430479,4.99,100,0,S,0,16:12:07.730
000931.SZ,11:05:53.030,110553030,27430657,4.99,2700,0,S,0,16:12:07.730
000931.SZ,11:05:53.040,110553040,27430689,4.99,300,0,S,0,16:12:07.730
000931.SZ,11:05:53.060,110553060,27430714,4.99,1400,0,S,0,16:12:07.730
000931.SZ,11:05:54.220,110554220,27432887,4.99,500,0,S,0,16:12:07.730
000931.SZ,11:05:54.220,110554220,27432889,4.99,1900,0,S,0,16:12:07.730
000931.SZ,11:05:54.220,110554220,27432891,4.99,2300,0,S,0,16:12:07.730
000931.SZ,11:05:54.220,110554220,27432897,5.0,1100,0,S,0,16:12:07.730
000931.SZ,11:05:54.220,110554220,27432899,5.0,200,0,S,0,16:12:07.730
000931.SZ,11:05:54.220,110554220,27432900,4.99,2300,0,S,0,16:12:07.730
000931.SZ,11:05:54.220,110554220,27432912,5.0,200,0,S,0,16:12:07.730
000931.SZ,11:05:54.230,110554230,27432916,4.99,200,0,S,0,16:12:07.730
000931.SZ,11:05:54.230,110554230,27432918,5.0,200,0,S,0,16:12:07.730
000931.SZ,11:05:54.230,110554230,27432919,4.99,200,0,S,0,16:12:07.730
000931.SZ,11:05:54.230,110554230,27432921,4.99,1500,0,S,0,16:12:07.730
000931.SZ,11:05:54.230,110554230,27432926,4.99,3300,0,S,0,16:12:07.730
000931.SZ,11:05:54.230,110554230,27432939,4.99,200,0,S,0,16:12:07.730
000931.SZ,11:05:54.230,110554230,27432942,5.0,700,0,S,0,16:12:07.730
000931.SZ,11:05:54.230,110554230,27432943,5.0,300,0,S,0,16:12:07.730
000931.SZ,11:05:54.230,110554230,27432946,4.99,8700,0,S,0,16:12:07.730
000931.SZ,11:05:54.230,110554230,27432970,5.0,100,0,S,0,16:12:07.821
000931.SZ,11:05:54.240,110554240,27432988,5.0,100,0,S,0,16:12:07.821
000931.SZ,11:05:54.240,110554240,27432993,4.99,100,0,S,0,16:12:07.821
000931.SZ,11:05:54.250,110554250,27433002,4.99,1000,0,S,0,16:12:07.821
000931.SZ,11:05:54.300,110554300,27433089,4.99,3000,0,S,0,16:12:07.821
000931.SZ,11:05:54.300,110554300,27433114,4.99,600,0,S,0,16:12:07.821
000931.SZ,11:05:54.330,110554330,27433158,4.99,400,0,S,0,16:12:07.821
000931.SZ,11:05:54.330,110554330,27433161,4.99,100,0,S,0,16:12:07.821
000931.SZ,11:05:54.330,110554330,27433166,4.99,100,0,S,0,16:12:07.821
000931.SZ,11:05:54.350,110554350,27433188,5.0,2000,0,S,0,16:12:07.821
000931.SZ,11:05:54.350,110554350,27433200,4.99,100,0,S,0,16:12:07.821
000931.SZ,11:05:54.350,110554350,27433202,4.99,100,0,S,0,16:12:07.821
000931.SZ,11:05:54.380,110554380,27433243,4.99,200,0,S,0,16:12:07.821
000931.SZ,11:05:54.400,110554400,27433269,5.0,200,0,S,0,16:12:07.821
000931.SZ,11:05:54.410,110554410,27433298,4.99,200,0,S,0,16:12:07.821
000931.SZ,11:05:54.610,110554610,27433792,4.99,100,0,S,0,16:12:07.821
000931.SZ,11:05:54.760,110554760,27434032,4.99,200,0,S,0,16:12:07.821
000931.SZ,11:05:54.760,110554760,27434033,4.99,300,0,S,0,16:12:07.821
000931.SZ,11:05:54.760,110554760,27434034,4.99,300,0,S,0,16:12:07.821
000931.SZ,11:05:54.760,110554760,27434035,4.99,1000,0,S,0,16:12:07.821
000931.SZ,11:05:54.760,110554760,27434036,4.99,200,0,S,0,16:12:07.821
000931.SZ,11:05:54.760,110554760,27434038,4.99,400,0,S,0,16:12:07.821
000931.SZ,11:05:54.760,110554760,27434040,4.99,900,0,S,0,16:12:07.821
000931.SZ,11:05:54.760,110554760,27434041,4.99,600,0,S,0,16:12:07.821
000931.SZ,11:05:54.760,110554760,27434042,4.99,1000,0,S,0,16:12:07.821
000931.SZ,11:05:54.780,110554780,27434082,4.99,1000,0,S,0,16:12:07.821
000931.SZ,11:05:54.780,110554780,27434083,4.99,600,0,S,0,16:12:07.821
000931.SZ,11:05:54.780,110554780,27434084,4.99,200,0,S,0,16:12:07.821
000931.SZ,11:05:54.780,110554780,27434086,4.99,300,0,S,0,16:12:07.821
000931.SZ,11:05:54.780,110554780,27434096,4.99,400,0,S,0,16:12:07.821
000931.SZ,11:05:54.780,110554780,27434097,4.99,300,0,S,0,16:12:07.821
000931.SZ,11:05:54.780,110554780,27434098,4.99,800,0,S,0,16:12:07.821
000931.SZ,11:05:54.790,110554790,27434107,4.99,400,0,S,0,16:12:07.821
000931.SZ,11:05:55.060,110555060,27434577,4.99,300,0,B,0,16:12:07.821
000931.SZ,11:05:55.060,110555060,27434579,4.99,100,0,B,0,16:12:07.821
000931.SZ,11:05:55.060,110555060,27434581,4.99,100,0,B,0,16:12:07.821
000931.SZ,11:05:55.060,110555060,27434583,4.99,100,0,B,0,16:12:07.821
000931.SZ,11:05:55.060,110555060,27434585,4.99,100,0,B,0,16:12:07.821
000931.SZ,11:05:55.060,110555060,27434587,4.99,200,0,B,0,16:12:07.821
000931.SZ,11:05:55.060,110555060,27434590,4.99,200,0,B,0,16:12:07.821
000931.SZ,11:05:55.060,110555060,27434592,4.99,100,0,B,0,16:12:07.821
000931.SZ,11:05:55.070,110555070,27434602,4.98,1600,0,B,0,16:12:07.821
000931.SZ,11:05:55.070,110555070,27434606,4.99,2300,0,B,0,16:12:07.821
000931.SZ,11:05:55.070,110555070,27434618,4.99,100,0,B,0,16:12:07.821
000931.SZ,11:05:55.070,110555070,27434621,4.99,100,0,B,0,16:12:07.821
000931.SZ,11:05:55.070,110555070,27434623,4.99,100,0,B,0,16:12:07.821
000931.SZ,11:05:55.070,110555070,27434625,4.99,100,0,B,0,16:12:07.821
000931.SZ,11:05:55.070,110555070,27434627,4.99,100,0,B,0,16:12:07.821
000931.SZ,11:05:55.070,110555070,27434629,4.99,100,0,B,0,16:12:07.821
000931.SZ,11:05:55.070,110555070,27434631,4.99,100,0,B,0,16:12:07.821
000931.SZ,11:05:55.070,110555070,27434633,4.99,100,0,B,0,16:12:07.821
000931.SZ,11:05:55.070,110555070,27434636,4.99,100,0,B,0,16:12:07.821
000931.SZ,11:05:55.070,110555070,27434638,4.99,100,0,B,0,16:12:07.821
000931.SZ,11:05:55.070,110555070,27434640,4.99,100,0,B,0,16:12:07.821
000931.SZ,11:05:55.070,110555070,27434642,4.99,100,0,B,0,16:12:07.821
000931.SZ,11:05:55.070,110555070,27434644,4.99,100,0,B,0,16:12:07.821
000931.SZ,11:05:55.070,110555070,27434646,4.99,100,0,B,0,16:12:07.821
000931.SZ,11:05:55.070,110555070,27434648,4.99,100,0,B,0,16:12:07.821
000931.SZ,11:05:55.070,110555070,27434650,4.99,100,0,B,0,16:12:07.821
000931.SZ,11:05:55.070,110555070,27434652,4.99,100,0,B,0,16:12:07.821
000931.SZ,11:05:55.080,110555080,27434656,4.99,300,0,B,0,16:12:07.821
000931.SZ,11:05:55.080,110555080,27434658,4.99,8800,0,B,0,16:12:07.821
000931.SZ,11:05:55.080,110555080,27434687,4.99,1400,0,S,0,16:12:07.821
000931.SZ,11:05:55.100,110555100,27434737,4.99,200,0,B,0,16:12:07.821
000931.SZ,11:05:55.110,110555110,27434754,4.99,100,0,S,0,16:12:07.821
000931.SZ,11:05:55.120,110555120,27434760,4.99,300,0,S,0,16:12:07.821
000931.SZ,11:05:55.140,110555140,27434819,4.99,100,0,B,0,16:12:07.821
000931.SZ,11:05:55.140,110555140,27434821,4.99,100,0,B,0,16:12:07.821
000931.SZ,11:05:55.140,110555140,27434822,4.99,100,0,B,0,16:12:07.821
000931.SZ,11:05:55.150,110555150,27434823,4.99,100,0,B,0,16:12:07.821
000931.SZ,11:05:55.270,110555270,27434975,4.99,100,0,B,0,16:12:07.821
000931.SZ,11:05:55.280,110555280,27434987,4.99,100,0,B,0,16:12:07.821
000931.SZ,11:05:56.410,110556410,27437188,4.99,100,0,S,0,16:12:07.943
000931.SZ,11:05:56.410,110556410,27437200,4.99,100,0,S,0,16:12:07.943
000931.SZ,11:05:56.410,110556410,27437202,4.99,100,0,S,0,16:12:07.943
000931.SZ,11:05:56.410,110556410,27437204,4.99,100,0,S,0,16:12:07.943
000931.SZ,11:05:56.410,110556410,27437207,4.99,100,0,S,0,16:12:07.943
000931.SZ,11:05:56.410,110556410,27437216,4.99,100,0,S,0,16:12:07.943
000931.SZ,11:05:56.420,110556420,27437220,4.99,100,0,S,0,16:12:07.943
000931.SZ,11:05:56.420,110556420,27437224,4.99,100,0,S,0,16:12:07.943
000931.SZ,11:05:56.510,110556510,27437397,4.99,100,0,S,0,16:12:07.943
000931.SZ,11:05:56.520,110556520,27437404,4.99,100,0,S,0,16:12:07.943
000931.SZ,11:05:56.590,110556590,27437523,4.99,100,0,S,0,16:12:07.943
000931.SZ,11:05:56.620,110556620,27437549,4.99,100,0,S,0,16:12:07.943
000931.SZ,11:05:56.720,110556720,27437723,4.99,200,0,B,0,16:12:07.943
000931.SZ,11:05:57.000,110557000,27438059,4.9,500,0,B,0,16:12:07.943
000931.SZ,11:05:57.000,110557000,27438066,4.98,1600,0,B,0,16:12:07.943
000931.SZ,11:05:57.070,110557070,27438173,4.99,100,0,B,0,16:12:07.943
000931.SZ,11:05:57.070,110557070,27438179,4.99,400,0,B,0,16:12:07.943
000931.SZ,11:05:57.260,110557260,27438553,5.0,500,0,S,0,16:12:07.943
000931.SZ,11:05:57.260,110557260,27438555,5.0,2000,0,S,0,16:12:07.943
000931.SZ,11:05:57.260,110557260,27438559,5.0,400,0,S,0,16:12:07.943
000931.SZ,11:05:57.260,110557260,27438561,5.0,1600,0,S,0,16:12:07.943
000931.SZ,11:05:57.260,110557260,27438562,5.0,2000,0,S,0,16:12:07.943
000931.SZ,11:05:57.260,110557260,27438563,5.0,300,0,S,0,16:12:07.943
000931.SZ,11:05:57.270,110557270,27438570,4.99,100,0,S,0,16:12:07.943
000931.SZ,11:05:57.340,110557340,27438772,5.0,600,0,S,0,16:12:07.943
000931.SZ,11:05:57.370,110557370,27438824,4.99,1400,0,S,0,16:12:07.943
000931.SZ,11:05:57.370,110557370,27438825,4.99,200,0,S,0,16:12:07.943
000931.SZ,11:06:00.040,110600040,27443668,4.98,5000,0,B,0,16:12:08.122
000931.SZ,11:06:00.060,110600060,27443726,4.99,400,0,S,0,16:12:08.122
000931.SZ,11:06:00.210,110600210,27444026,4.99,100,0,B,0,16:12:08.122
000931.SZ,11:06:00.210,110600210,27444028,4.99,500,0,S,0,16:12:08.122
000931.SZ,11:06:00.210,110600210,27444031,4.99,1700,0,S,0,16:12:08.122
000931.SZ,11:06:00.210,110600210,27444032,4.99,500,0,S,0,16:12:08.122
000931.SZ,11:06:00.600,110600600,27445245,4.99,200,0,B,0,16:12:08.122
000931.SZ,11:06:01.370,110601370,27446959,5.0,100,0,S,0,16:12:08.266
000931.SZ,11:06:01.490,110601490,27447168,4.99,200,0,S,0,16:12:08.266
000931.SZ,11:06:01.490,110601490,27447169,4.99,100,0,S,0,16:12:08.266
000931.SZ,11:06:01.490,110601490,27447170,4.99,200,0,S,0,16:12:08.266
000931.SZ,11:06:01.490,110601490,27447171,4.99,100,0,S,0,16:12:08.266
000931.SZ,11:06:01.490,110601490,27447172,4.99,800,0,S,0,16:12:08.266
000931.SZ,11:06:01.490,110601490,27447178,4.99,400,0,S,0,16:12:08.266
000931.SZ,11:06:01.490,110601490,27447179,4.99,300,0,S,0,16:12:08.266
000931.SZ,11:06:01.490,110601490,27447180,4.99,100,0,S,0,16:12:08.266
000931.SZ,11:06:01.490,110601490,27447182,4.99,100,0,S,0,16:12:08.266
000931.SZ,11:06:01.490,110601490,27447187,4.99,100,0,S,0,16:12:08.266
000931.SZ,11:06:01.510,110601510,27447238,4.99,100,0,S,0,16:12:08.266
000931.SZ,11:06:01.510,110601510,27447239,4.99,100,0,S,0,16:12:08.266
000931.SZ,11:06:01.510,110601510,27447240,4.99,100,0,S,0,16:12:08.266
000931.SZ,11:06:01.510,110601510,27447241,4.99,100,0,S,0,16:12:08.266
000931.SZ,11:06:01.510,110601510,27447242,4.99,100,0,S,0,16:12:08.266
000931.SZ,11:06:01.510,110601510,27447243,4.99,100,0,S,0,16:12:08.266
000931.SZ,11:06:01.510,110601510,27447244,4.99,100,0,S,0,16:12:08.266
000931.SZ,11:06:01.510,110601510,27447246,4.99,100,0,S,0,16:12:08.266
000931.SZ,11:06:01.520,110601520,27447260,4.99,100,0,S,0,16:12:08.266
000931.SZ,11:06:03.190,110603190,27450789,4.99,500,0,S,0,16:12:08.382
000931.SZ,11:06:03.190,110603190,27450790,4.99,500,0,S,0,16:12:08.382
000931.SZ,11:06:03.200,110603200,27450793,4.98,1700,0,B,0,16:12:08.382
000931.SZ,11:06:05.470,110605470,27455488,4.99,1800,0,B,0,16:12:08.519
000931.SZ,11:06:08.940,110608940,27461910,4.94,2100,0,B,0,16:12:08.661
000931.SZ,11:06:09.710,110609710,27463414,4.98,500,0,B,0,16:12:08.661
000931.SZ,11:06:14.970,110614970,27472952,4.99,1000,0,B,0,16:12:08.910
000931.SZ,11:06:15.020,110615020,27473024,4.99,1500,0,B,0,16:12:08.910
000931.SZ,11:06:15.030,110615030,27473032,4.99,500,0,B,0,16:12:08.910
000931.SZ,11:06:15.310,110615310,27473453,4.99,500,0,S,0,16:12:08.910
000931.SZ,11:06:18.310,110618310,27478892,4.99,1700,0,B,0,16:12:09.052
000931.SZ,11:06:20.110,110620110,27482631,4.99,100,0,S,0,16:12:09.052
000931.SZ,11:06:26.910,110626910,27494330,4.97,1000,0,B,0,16:12:09.344
000931.SZ,11:06:30.070,110630070,27499389,4.96,800,0,B,0,16:12:09.518
000931.SZ,11:06:30.340,110630340,27499935,4.99,900,0,B,0,16:12:09.518
000931.SZ,11:06:31.360,110631360,27502038,4.99,400,0,S,0,16:12:09.674
000931.SZ,11:06:33.700,110633700,27506020,4.99,100,0,S,0,16:12:09.674
000931.SZ,11:06:41.500,110641500,27519894,5.01,100,0,S,0,16:12:10.085
000931.SZ,11:06:42.200,110642200,27520906,4.99,500,0,S,0,16:12:10.085
000931.SZ,11:06:42.980,110642980,27522202,4.89,5000,0,B,0,16:12:10.085
000931.SZ,11:06:43.470,110643470,27523015,4.99,4000,0,B,0,16:12:10.151
000931.SZ,11:06:43.470,110643470,27523044,4.99,200,0,B,0,16:12:10.151
000931.SZ,11:06:43.470,110643470,27523045,4.99,100,0,B,0,16:12:10.151
000931.SZ,11:06:43.480,110643480,27523052,4.99,200,0,B,0,16:12:10.151
000931.SZ,11:06:43.480,110643480,27523067,4.99,200,0,S,0,16:12:10.151
000931.SZ,11:06:43.480,110643480,27523069,4.99,100,0,S,0,16:12:10.151
000931.SZ,11:06:43.480,110643480,27523071,4.99,200,0,B,0,16:12:10.151
000931.SZ,11:06:43.480,110643480,27523074,4.99,100,0,S,0,16:12:10.151
000931.SZ,11:06:43.480,110643480,27523083,4.99,300,0,S,0,16:12:10.151
000931.SZ,11:06:43.480,110643480,27523085,4.99,100,0,S,0,16:12:10.151
000931.SZ,11:06:43.490,110643490,27523093,4.99,300,0,S,0,16:12:10.151
000931.SZ,11:06:43.500,110643500,27523146,4.99,500,0,B,0,16:12:10.151
000931.SZ,11:06:44.350,110644350,27524683,4.99,300,0,S,0,16:12:10.151
000931.SZ,11:06:44.360,110644360,27524770,4.99,200,0,S,0,16:12:10.151
000931.SZ,11:06:44.360,110644360,27524773,4.99,100,0,S,0,16:12:10.151
000931.SZ,11:06:44.360,110644360,27524778,4.99,300,0,B,0,16:12:10.151
000931.SZ,11:06:44.360,110644360,27524781,4.99,100,0,S,0,16:12:10.151
000931.SZ,11:06:44.360,110644360,27524788,4.99,300,0,S,0,16:12:10.151
000931.SZ,11:06:44.370,110644370,27524805,4.99,300,0,S,0,16:12:10.151
000931.SZ,11:06:44.450,110644450,27524893,4.99,200,0,S,0,16:12:10.151
000931.SZ,11:06:44.530,110644530,27525037,4.98,300,0,B,0,16:12:10.151
000931.SZ,11:06:44.540,110644540,27525046,4.99,100,0,B,0,16:12:10.151
000931.SZ,11:06:44.540,110644540,27525048,4.99,100,0,B,0,16:12:10.151
000931.SZ,11:06:44.550,110644550,27525065,4.99,100,0,S,0,16:12:10.151
000931.SZ,11:06:44.550,110644550,27525081,4.99,200,0,S,0,16:12:10.151
000931.SZ,11:06:44.560,110644560,27525106,4.99,200,0,S,0,16:12:10.151
000931.SZ,11:06:44.570,110644570,27525112,4.99,100,0,S,0,16:12:10.151
000931.SZ,11:06:44.640,110644640,27525288,4.99,100,0,S,0,16:12:10.151
000931.SZ,11:06:44.870,110644870,27525544,4.98,100,0,B,0,16:12:10.151
000931.SZ,11:06:44.870,110644870,27525545,4.98,100,0,B,0,16:12:10.151
000931.SZ,11:06:45.000,110645000,27525725,4.99,100,0,S,0,16:12:10.151
000931.SZ,11:06:45.000,110645000,27525726,4.99,500,0,S,0,16:12:10.151
000931.SZ,11:06:45.000,110645000,27525728,4.99,200,0,S,0,16:12:10.151
000931.SZ,11:06:45.000,110645000,27525729,4.99,200,0,S,0,16:12:10.151
000931.SZ,11:06:45.000,110645000,27525732,4.99,100,0,S,0,16:12:10.151
000931.SZ,11:06:45.000,110645000,27525733,4.99,400,0,S,0,16:12:10.151
000931.SZ,11:06:45.000,110645000,27525734,4.99,500,0,S,0,16:12:10.151
000931.SZ,11:06:45.000,110645000,27525735,4.99,500,0,S,0,16:12:10.151
000931.SZ,11:06:45.010,110645010,27525752,4.98,100,0,B,0,16:12:10.151
000931.SZ,11:06:45.020,110645020,27525755,4.99,300,0,S,0,16:12:10.151
000931.SZ,11:06:45.020,110645020,27525756,4.99,200,0,S,0,16:12:10.151
000931.SZ,11:06:45.020,110645020,27525757,4.99,100,0,S,0,16:12:10.151
000931.SZ,11:06:45.020,110645020,27525758,4.99,200,0,S,0,16:12:10.151
000931.SZ,11:06:45.020,110645020,27525759,4.99,200,0,S,0,16:12:10.151
000931.SZ,11:06:45.020,110645020,27525760,4.99,400,0,S,0,16:12:10.151
000931.SZ,11:06:45.030,110645030,27525773,4.99,200,0,S,0,16:12:10.151
000931.SZ,11:06:45.200,110645200,27526162,4.99,500,0,S,0,16:12:10.151
000931.SZ,11:06:45.220,110645220,27526251,5.0,100,0,B,0,16:12:10.151
000931.SZ,11:06:45.220,110645220,27526253,5.0,100,0,B,0,16:12:10.151
000931.SZ,11:06:45.220,110645220,27526255,4.98,400,0,B,0,16:12:10.151
000931.SZ,11:06:45.220,110645220,27526256,5.0,100,0,B,0,16:12:10.151
000931.SZ,11:06:45.220,110645220,27526258,5.0,300,0,B,0,16:12:10.151
000931.SZ,11:06:45.220,110645220,27526263,5.0,100,0,B,0,16:12:10.151
000931.SZ,11:06:45.220,110645220,27526265,5.0,700,0,B,0,16:12:10.151
000931.SZ,11:06:45.220,110645220,27526269,5.0,100,0,B,0,16:12:10.151
000931.SZ,11:06:45.220,110645220,27526271,4.98,300,0,B,0,16:12:10.151
000931.SZ,11:06:45.220,110645220,27526272,5.0,1300,0,B,0,16:12:10.151
000931.SZ,11:06:45.220,110645220,27526277,5.0,100,0,B,0,16:12:10.151
000931.SZ,11:06:45.220,110645220,27526279,5.0,200,0,B,0,16:12:10.151
000931.SZ,11:06:45.220,110645220,27526282,5.0,100,0,B,0,16:12:10.151
000931.SZ,11:06:45.220,110645220,27526284,5.0,100,0,B,0,16:12:10.151
000931.SZ,11:06:45.220,110645220,27526286,4.98,100,0,B,0,16:12:10.151
000931.SZ,11:06:45.220,110645220,27526287,5.0,100,0,B,0,16:12:10.151
000931.SZ,11:06:45.220,110645220,27526289,5.0,100,0,B,0,16:12:10.151
000931.SZ,11:06:45.220,110645220,27526292,5.0,100,0,B,0,16:12:10.151
000931.SZ,11:06:45.220,110645220,27526294,4.98,100,0,B,0,16:12:10.151
000931.SZ,11:06:45.220,110645220,27526295,5.0,100,0,B,0,16:12:10.151
000931.SZ,11:06:45.220,110645220,27526297,4.98,100,0,B,0,16:12:10.151
000931.SZ,11:06:45.220,110645220,27526298,5.0,100,0,B,0,16:12:10.151
000931.SZ,11:06:45.220,110645220,27526300,5.0,100,0,B,0,16:12:10.151
000931.SZ,11:06:45.220,110645220,27526303,5.0,100,0,B,0,16:12:10.151
000931.SZ,11:06:45.230,110645230,27526308,5.0,100,0,B,0,16:12:10.151
000931.SZ,11:06:45.230,110645230,27526310,4.98,200,0,B,0,16:12:10.151
000931.SZ,11:06:45.230,110645230,27526311,5.0,100,0,B,0,16:12:10.151
000931.SZ,11:06:45.230,110645230,27526313,5.0,1100,0,B,0,16:12:10.151
000931.SZ,11:06:45.230,110645230,27526318,4.98,100,0,B,0,16:12:10.151
000931.SZ,11:06:45.230,110645230,27526319,4.98,100,0,B,0,16:12:10.151
000931.SZ,11:06:45.230,110645230,27526321,4.99,500,0,B,0,16:12:10.151
000931.SZ,11:06:45.230,110645230,27526323,4.98,300,0,B,0,16:12:10.151
000931.SZ,11:06:45.230,110645230,27526324,5.0,100,0,B,0,16:12:10.151
000931.SZ,11:06:45.230,110645230,27526326,5.0,200,0,B,0,16:12:10.151
000931.SZ,11:06:45.230,110645230,27526329,5.0,100,0,B,0,16:12:10.151
000931.SZ,11:06:45.230,110645230,27526331,5.0,100,0,B,0,16:12:10.151
000931.SZ,11:06:45.230,110645230,27526333,4.99,200,0,S,0,16:12:10.151
000931.SZ,11:06:45.230,110645230,27526335,5.0,100,0,B,0,16:12:10.151
000931.SZ,11:06:45.230,110645230,27526340,5.0,100,0,B,0,16:12:10.151
000931.SZ,11:06:45.230,110645230,27526349,4.98,700,0,B,0,16:12:10.151
000931.SZ,11:06:45.230,110645230,27526356,5.0,800,0,B,0,16:12:10.151
000931.SZ,11:06:45.230,110645230,27526359,5.0,100,0,B,0,16:12:10.151
000931.SZ,11:06:45.230,110645230,27526365,4.98,100,0,B,0,16:12:10.151
000931.SZ,11:06:45.230,110645230,27526371,4.98,200,0,B,0,16:12:10.151
000931.SZ,11:06:45.230,110645230,27526372,5.0,100,0,B,0,16:12:10.151
000931.SZ,11:06:45.240,110645240,27526378,5.0,100,0,B,0,16:12:10.151
000931.SZ,11:06:45.260,110645260,27526441,5.0,100,0,B,0,16:12:10.151
000931.SZ,11:06:45.270,110645270,27526459,5.0,100,0,B,0,16:12:10.151
000931.SZ,11:06:45.290,110645290,27526524,5.0,100,0,B,0,16:12:10.151
000931.SZ,11:06:45.310,110645310,27526551,4.98,100,0,B,0,16:12:10.151
000931.SZ,11:06:45.950,110645950,27527868,4.83,2000,0,B,0,16:12:10.232
000931.SZ,11:06:45.950,110645950,27527881,4.99,100,0,B,0,16:12:10.232
000931.SZ,11:06:45.950,110645950,27527882,4.99,100,0,B,0,16:12:10.232
000931.SZ,11:06:45.950,110645950,27527883,4.99,100,0,B,0,16:12:10.232
000931.SZ,11:06:45.950,110645950,27527886,4.99,100,0,B,0,16:12:10.232
000931.SZ,11:06:45.950,110645950,27527887,4.99,200,0,B,0,16:12:10.232
000931.SZ,11:06:45.950,110645950,27527888,4.99,200,0,B,0,16:12:10.232
000931.SZ,11:06:45.950,110645950,27527889,4.99,100,0,B,0,16:12:10.232
000931.SZ,11:06:45.950,110645950,27527890,4.99,100,0,B,0,16:12:10.232
000931.SZ,11:06:46.310,110646310,27529005,4.99,300,0,S,0,16:12:10.232
000931.SZ,11:06:46.550,110646550,27529510,4.99,500,0,B,0,16:12:10.232
000931.SZ,11:06:47.330,110647330,27531287,4.99,200,0,S,0,16:12:10.378
000931.SZ,11:06:48.300,110648300,27535643,4.99,500,0,B,0,16:12:10.378
000931.SZ,11:06:48.300,110648300,27535672,4.99,200,0,S,0,16:12:10.378
000931.SZ,11:06:48.310,110648310,27535771,4.99,300,0,S,0,16:12:10.378
000931.SZ,11:06:48.330,110648330,27535869,4.99,900,0,S,0,16:12:10.378
000931.SZ,11:06:48.330,110648330,27535882,4.98,12500,0,B,0,16:12:10.378
000931.SZ,11:06:48.430,110648430,27536177,5.0,100,0,B,0,16:12:10.378
000931.SZ,11:06:48.750,110648750,27537063,4.99,800,0,B,0,16:12:10.378
000931.SZ,11:06:49.090,110649090,27538102,4.99,100,0,B,0,16:12:10.378
000931.SZ,11:06:49.500,110649500,27538986,4.99,200,0,S,0,16:12:10.473
000931.SZ,11:06:49.610,110649610,27539216,4.99,200,0,S,0,16:12:10.473
000931.SZ,11:06:50.730,110650730,27541638,4.98,1000,0,B,0,16:12:10.473
000931.SZ,11:06:50.780,110650780,27541690,4.99,8800,0,S,0,16:12:10.473
000931.SZ,11:06:50.780,110650780,27541697,4.99,7900,0,B,0,16:12:10.473
000931.SZ,11:06:51.340,110651340,27543068,4.99,100,0,B,0,16:12:10.473
000931.SZ,11:06:51.360,110651360,27543126,4.99,100,0,B,0,16:12:10.473
000931.SZ,11:06:51.730,110651730,27544014,4.98,800,0,B,0,16:12:10.536
000931.SZ,11:06:51.740,110651740,27544035,4.98,800,0,B,0,16:12:10.536
000931.SZ,11:06:54.200,110654200,27549137,4.98,800,0,B,0,16:12:10.662
000931.SZ,11:06:54.210,110654210,27549157,4.99,100,0,B,0,16:12:10.662
000931.SZ,11:06:54.210,110654210,27549158,4.99,100,0,B,0,16:12:10.662
000931.SZ,11:06:54.210,110654210,27549159,4.99,100,0,B,0,16:12:10.662
000931.SZ,11:06:54.850,110654850,27550768,4.8,2000,0,B,0,16:12:10.662
000931.SZ,11:06:56.240,110656240,27554091,4.99,100,0,B,0,16:12:10.804
000931.SZ,11:06:56.580,110656580,27554682,4.99,200,0,B,0,16:12:10.804
000931.SZ,11:06:58.660,110658660,27558222,4.98,60000,0,B,0,16:12:10.928
000931.SZ,11:07:01.110,110701110,27562726,4.99,1000,0,B,0,16:12:11.132
000931.SZ,11:07:01.350,110701350,27563438,4.99,100,0,B,0,16:12:11.132
000931.SZ,11:07:03.730,110703730,27568348,4.99,800,0,B,0,16:12:11.269
000931.SZ,11:07:06.660,110706660,27574211,4.98,5000,0,B,0,16:12:11.332
000931.SZ,11:07:06.730,110706730,27574292,4.99,800,0,B,0,16:12:11.332
000931.SZ,11:07:09.730,110709730,27580105,4.99,800,0,B,0,16:12:11.567
000931.SZ,11:07:09.740,110709740,27580117,4.99,800,0,B,0,16:12:11.567
000931.SZ,11:07:10.070,110710070,27580907,4.99,200,0,B,0,16:12:11.567
000931.SZ,11:07:10.110,110710110,27581006,4.99,1100,0,B,0,16:12:11.567
000931.SZ,11:07:10.350,110710350,27581528,4.99,100,0,S,0,16:12:11.567
000931.SZ,11:07:10.380,110710380,27581612,4.98,1000,0,B,0,16:12:11.567
000931.SZ,11:07:11.570,110711570,27584311,4.99,100,0,B,0,16:12:11.567
000931.SZ,11:07:11.990,110711990,27584892,4.99,4900,0,S,0,16:12:11.677
000931.SZ,11:07:12.000,110712000,27584963,4.99,14000,0,B,0,16:12:11.677
000931.SZ,11:07:12.610,110712610,27587599,4.98,2000,0,B,0,16:12:11.677
000931.SZ,11:07:12.720,110712720,27587866,4.99,100,0,B,0,16:12:11.677
000931.SZ,11:07:13.080,110713080,27588564,4.99,1000,0,B,0,16:12:11.677
000931.SZ,11:07:14.740,110714740,27591989,4.99,800,0,B,0,16:12:11.770
000931.SZ,11:07:15.950,110715950,27594277,4.99,1600,0,B,0,16:12:11.838
000931.SZ,11:07:17.350,110717350,27597158,4.98,100,0,B,0,16:12:11.946
000931.SZ,11:07:18.440,110718440,27599701,4.98,1000,0,B,0,16:12:11.946
000931.SZ,11:07:18.730,110718730,27600321,4.99,1600,0,B,0,16:12:11.946
000931.SZ,11:07:18.740,110718740,27600342,4.99,800,0,B,0,16:12:11.946
000931.SZ,11:07:18.950,110718950,27600609,4.99,800,0,B,0,16:12:11.946
000931.SZ,11:07:19.080,110719080,27600829,4.99,100,0,B,0,16:12:11.946
000931.SZ,11:07:19.110,110719110,27600891,4.99,1000,0,B,0,16:12:11.946
000931.SZ,11:07:20.060,110720060,27602756,4.99,1000,0,B,0,16:12:12.007
000931.SZ,11:07:20.440,110720440,27603644,5.02,300,0,S,0,16:12:12.007
000931.SZ,11:07:20.450,110720450,27603648,4.99,14000,0,B,0,16:12:12.007
000931.SZ,11:07:20.450,110720450,27603655,4.99,100,0,B,0,16:12:12.007
000931.SZ,11:07:20.700,110720700,27603991,4.99,400,0,B,0,16:12:12.007
000931.SZ,11:07:20.730,110720730,27604019,4.99,800,0,B,0,16:12:12.007
000931.SZ,11:07:21.740,110721740,27606681,4.99,800,0,B,0,16:12:12.101
000931.SZ,11:07:21.790,110721790,27606727,4.61,4300,0,B,0,16:12:12.101
000931.SZ,11:07:21.880,110721880,27606882,4.99,100,0,B,0,16:12:12.101
000931.SZ,11:07:21.990,110721990,27607064,4.99,1000,0,B,0,16:12:12.101
000931.SZ,11:07:22.060,110722060,27607395,4.99,600,0,B,0,16:12:12.101
000931.SZ,11:07:22.110,110722110,27607519,4.99,1000,0,B,0,16:12:12.101
000931.SZ,11:07:22.330,110722330,27607918,4.99,1600,0,B,0,16:12:12.101
000931.SZ,11:07:23.350,110723350,27609812,4.8,6200,0,B,0,16:12:12.191
000931.SZ,11:07:23.640,110723640,27610366,4.9,2000,0,B,0,16:12:12.191
000931.SZ,11:07:24.730,110724730,27612694,4.99,1600,0,B,0,16:12:12.191
000931.SZ,11:07:24.740,110724740,27612703,4.99,800,0,B,0,16:12:12.191
000931.SZ,11:07:25.070,110725070,27613387,4.99,500,0,B,0,16:12:12.312
000931.SZ,11:07:25.100,110725100,27613501,4.99,1000,0,B,0,16:12:12.312
000931.SZ,11:07:25.990,110725990,27615277,4.99,1200,0,B,0,16:12:12.312
000931.SZ,11:07:26.440,110726440,27616229,4.99,6000,0,B,0,16:12:12.312
000931.SZ,11:07:26.860,110726860,27617736,4.99,200,0,B,0,16:12:12.312
000931.SZ,11:07:27.730,110727730,27619816,4.99,2400,0,B,0,16:12:12.380
000931.SZ,11:07:27.740,110727740,27619825,4.99,800,0,B,0,16:12:12.380
000931.SZ,11:07:27.830,110727830,27619924,4.99,60000,0,B,0,16:12:12.380
000931.SZ,11:07:30.000,110730000,27624627,4.99,10000,0,B,0,16:12:12.458
000931.SZ,11:07:30.550,110730550,27625845,5.0,100,0,S,0,16:12:12.458
000931.SZ,11:07:36.260,110736260,27636216,4.99,1000,0,B,0,16:12:12.756
000931.SZ,11:07:36.270,110736270,27636227,4.91,10000,0,B,0,16:12:12.756
000931.SZ,11:07:36.880,110736880,27637148,4.99,100,0,B,0,16:12:12.756
000931.SZ,11:07:38.990,110738990,27640895,4.99,5000,0,B,0,16:12:12.879
000931.SZ,11:07:39.050,110739050,27640991,5.0,700,0,S,0,16:12:12.879
000931.SZ,11:07:39.310,110739310,27641334,4.99,100,0,S,0,16:12:12.879
000931.SZ,11:07:41.240,110741240,27644709,5.0,100,0,S,0,16:12:12.990
000931.SZ,11:07:43.160,110743160,27647983,4.99,100,0,B,0,16:12:13.100
000931.SZ,11:07:46.960,110746960,27655505,4.98,10000,0,B,0,16:12:13.222
000931.SZ,11:07:48.470,110748470,27658808,4.99,5100,0,B,0,16:12:13.359
000931.SZ,11:07:52.710,110752710,27668994,4.97,2000,0,B,0,16:12:13.614
000931.SZ,11:07:57.790,110757790,27678151,4.99,100,0,B,0,16:12:13.832
000931.SZ,11:07:57.800,110757800,27678210,4.99,100,0,B,0,16:12:13.832
000931.SZ,11:08:04.310,110804310,27692878,4.99,1000,0,B,0,16:12:14.265
000931.SZ,11:08:04.920,110804920,27694222,4.98,2000,0,B,0,16:12:14.265
000931.SZ,11:08:04.930,110804930,27694233,4.99,100,0,S,0,16:12:14.265
000931.SZ,11:08:06.210,110806210,27696465,4.99,700,0,B,0,16:12:14.265
000931.SZ,11:08:08.500,110808500,27700782,4.99,100,0,S,0,16:12:14.471
000931.SZ,11:08:11.840,110811840,27706044,4.99,11300,0,B,0,16:12:14.549
000931.SZ,11:08:14.150,110814150,27710149,4.99,200,0,B,0,16:12:14.660
000931.SZ,11:08:14.810,110814810,27711285,4.97,2300,0,B,0,16:12:14.660
000931.SZ,11:08:15.770,110815770,27713021,4.95,200,0,B,0,16:12:14.753
000931.SZ,11:08:17.230,110817230,27715745,5.0,300,0,B,0,16:12:14.845
000931.SZ,11:08:17.690,110817690,27716385,4.6,10000,0,B,0,16:12:14.845
000931.SZ,11:08:21.150,110821150,27722490,4.88,12000,0,B,0,16:12:14.990
000931.SZ,11:08:23.980,110823980,27727251,4.99,400,0,B,0,16:12:15.065
000931.SZ,11:08:24.380,110824380,27728156,5.0,900,0,S,0,16:12:15.065
000931.SZ,11:08:25.700,110825700,27731013,4.99,900,0,B,0,16:12:15.213
000931.SZ,11:08:25.700,110825700,27731027,4.99,200,0,B,0,16:12:15.213
000931.SZ,11:08:26.540,110826540,27732468,4.99,1800,0,B,0,16:12:15.213
000931.SZ,11:08:27.360,110827360,27734023,4.99,800,0,B,0,16:12:15.213
000931.SZ,11:08:27.410,110827410,27734162,4.99,200,0,B,0,16:12:15.213
000931.SZ,11:08:27.540,110827540,27734528,4.99,1400,0,B,0,16:12:15.213
000931.SZ,11:08:30.210,110830210,27739802,4.99,100,0,B,0,16:12:15.392
000931.SZ,11:08:31.540,110831540,27742921,4.99,100,0,S,0,16:12:15.501
000931.SZ,11:08:32.990,110832990,27745372,5.05,500,0,S,0,16:12:15.501
000931.SZ,11:08:37.860,110837860,27756152,4.99,100,0,B,0,16:12:15.737
000931.SZ,11:08:40.080,110840080,27760064,4.99,200,0,B,0,16:12:15.860
000931.SZ,11:08:45.860,110845860,27769089,4.97,100,0,S,0,16:12:16.097
000931.SZ,11:08:50.950,110850950,27776627,4.99,3000,0,B,0,16:12:16.342
000931.SZ,11:08:52.380,110852380,27778972,4.99,100,0,B,0,16:12:16.342
000931.SZ,11:08:52.480,110852480,27779158,4.99,1800,0,B,0,16:12:16.342
000931.SZ,11:08:52.480,110852480,27779175,4.99,200,0,B,0,16:12:16.342
000931.SZ,11:08:52.560,110852560,27779358,4.99,100,0,B,0,16:12:16.342
000931.SZ,11:08:52.560,110852560,27779359,4.99,100,0,B,0,16:12:16.342
000931.SZ,11:08:52.580,110852580,27779394,4.99,200,0,B,0,16:12:16.342
000931.SZ,11:08:52.580,110852580,27779400,4.99,400,0,B,0,16:12:16.342
000931.SZ,11:08:52.580,110852580,27779403,4.99,100,0,B,0,16:12:16.342
000931.SZ,11:08:52.620,110852620,27779455,4.99,100,0,B,0,16:12:16.455
000931.SZ,11:08:52.940,110852940,27779916,4.95,200,0,B,0,16:12:16.455
000931.SZ,11:08:53.130,110853130,27780163,4.98,2000,0,B,0,16:12:16.455
000931.SZ,11:08:56.460,110856460,27785563,4.99,100,0,B,0,16:12:16.550
000931.SZ,11:08:59.520,110859520,27790265,4.95,1000,0,B,0,16:12:16.688
000931.SZ,11:09:02.340,110902340,27796294,4.99,11900,0,S,0,16:12:17.020
000931.SZ,11:09:07.080,110907080,27804812,4.95,400,0,B,0,16:12:17.113
000931.SZ,11:09:07.320,110907320,27805292,4.99,2000,0,B,0,16:12:17.174
000931.SZ,11:09:07.730,110907730,27806079,4.99,800,0,B,0,16:12:17.174
000931.SZ,11:09:09.690,110909690,27809305,4.99,800,0,B,0,16:12:17.277
000931.SZ,11:09:10.070,110910070,27810442,4.99,1100,0,B,0,16:12:17.277
000931.SZ,11:09:13.730,110913730,27817803,4.99,800,0,B,0,16:12:17.515
000931.SZ,11:09:14.450,110914450,27819345,4.98,100,0,S,0,16:12:17.515
000931.SZ,11:09:15.420,110915420,27821045,4.89,600,0,B,0,16:12:17.515
000931.SZ,11:09:16.160,110916160,27822571,4.99,1000,0,B,0,16:12:17.639
000931.SZ,11:09:23.320,110923320,27834088,5.0,800,0,S,0,16:12:17.843
000931.SZ,11:09:23.920,110923920,27834821,4.95,1000,0,B,0,16:12:17.843
000931.SZ,11:09:27.220,110927220,27839929,4.99,2000,0,B,0,16:12:17.986
000931.SZ,11:09:27.740,110927740,27840780,4.99,200,0,B,0,16:12:18.081
000931.SZ,11:09:27.990,110927990,27841122,5.0,100,0,B,0,16:12:18.081
000931.SZ,11:09:30.220,110930220,27844652,4.99,400,0,B,0,16:12:18.189
000931.SZ,11:09:30.270,110930270,27844748,5.0,100,0,S,0,16:12:18.189
000931.SZ,11:09:30.990,110930990,27845988,4.95,1000,0,B,0,16:12:18.189
000931.SZ,11:09:31.250,110931250,27846598,4.98,2000,0,B,0,16:12:18.189
000931.SZ,11:09:31.670,110931670,27847741,4.99,500,0,B,0,16:12:18.269
000931.SZ,11:09:37.980,110937980,27858968,5.0,100,0,S,0,16:12:18.346
000931.SZ,11:09:53.420,110953420,27883251,4.88,20000,0,B,0,16:12:18.612
000931.SZ,11:09:55.300,110955300,27886125,5.0,200,0,S,0,16:12:18.635
000931.SZ,11:09:56.300,110956300,27888124,4.99,100,0,B,0,16:12:18.635
000931.SZ,11:10:00.690,111000690,27896936,4.99,5000,0,S,0,16:12:18.769
000931.SZ,11:10:01.490,111001490,27899508,5.0,200,0,S,0,16:12:18.803
000931.SZ,11:10:02.340,111002340,27901564,5.0,10000,0,B,0,16:12:18.803
000931.SZ,11:10:10.740,111010740,27917949,4.99,100,0,B,0,16:12:18.965
000931.SZ,11:10:10.810,111010810,27918094,4.99,100,0,B,0,16:12:18.965
000931.SZ,11:10:15.900,111015900,27928149,5.0,1200,0,B,0,16:12:19.061
000931.SZ,11:10:19.040,111019040,27937100,4.99,100,0,B,0,16:12:19.139
000931.SZ,11:10:19.110,111019110,27937586,4.99,100,0,B,0,16:12:19.139
000931.SZ,11:10:19.200,111019200,27937803,4.99,3800,0,B,0,16:12:19.139
000931.SZ,11:10:25.280,111025280,27952589,4.98,100,0,S,0,16:12:19.434
000931.SZ,11:10:25.360,111025360,27953087,5.0,100,0,S,0,16:12:19.434
000931.SZ,11:10:27.260,111027260,27956703,4.99,100,0,B,0,16:12:19.560
000931.SZ,11:10:27.370,111027370,27956904,4.98,2000,0,B,0,16:12:19.560
000931.SZ,11:10:27.490,111027490,27957155,5.0,100,0,S,0,16:12:19.560
000931.SZ,11:10:27.940,111027940,27958158,4.99,1000,0,B,0,16:12:19.560
000931.SZ,11:10:31.020,111031020,27964990,5.0,600,0,S,0,16:12:19.732
000931.SZ,11:10:31.510,111031510,27966198,4.99,100,0,S,0,16:12:19.732
000931.SZ,11:10:31.700,111031700,27966564,4.99,100,0,B,0,16:12:19.732
000931.SZ,11:10:32.150,111032150,27967484,4.99,2000,0,B,0,16:12:19.732
000931.SZ,11:10:45.990,111045990,27993274,4.99,1300,0,B,0,16:12:20.402
000931.SZ,11:10:46.490,111046490,27994654,4.99,1500,0,S,0,16:12:20.402
000931.SZ,11:10:54.460,111054460,28008773,4.9,500,0,B,0,16:12:20.858
000931.SZ,11:10:57.010,111057010,28012919,4.99,200,0,B,0,16:12:20.858
000931.SZ,11:10:58.200,111058200,28014853,4.99,100,0,B,0,16:12:20.999
000931.SZ,11:11:07.890,111107890,28035869,4.98,900,0,B,0,16:12:21.575
000931.SZ,11:11:08.560,111108560,28037165,4.98,20000,0,B,0,16:12:21.575
000931.SZ,11:11:10.350,111110350,28041581,4.99,200,0,B,0,16:12:21.700
000931.SZ,11:11:10.720,111110720,28042489,4.99,100,0,B,0,16:12:21.700
000931.SZ,11:11:10.850,111110850,28042723,4.99,100,0,B,0,16:12:21.700
000931.SZ,11:11:10.850,111110850,28042724,4.99,200,0,B,0,16:12:21.700
000931.SZ,11:11:10.850,111110850,28042725,4.99,100,0,B,0,16:12:21.700
000931.SZ,11:11:12.260,111112260,28046193,4.99,700,0,B,0,16:12:21.829
000931.SZ,11:11:13.620,111113620,28049956,4.99,100,0,B,0,16:12:21.829
000931.SZ,11:11:13.630,111113630,28049990,4.99,100,0,B,0,16:12:21.829
000931.SZ,11:11:15.170,111115170,28052893,5.0,1700,0,B,0,16:12:21.880
000931.SZ,11:11:15.180,111115180,28052895,5.0,209300,0,B,0,16:12:21.880
000931.SZ,11:11:15.180,111115180,28052900,5.0,900,0,B,0,16:12:21.880
000931.SZ,11:11:15.180,111115180,28052902,5.0,10000,0,B,0,16:12:21.880
000931.SZ,11:11:15.180,111115180,28052904,5.0,900,0,B,0,16:12:21.880
000931.SZ,11:11:15.180,111115180,28052906,5.0,200,0,B,0,16:12:21.880
000931.SZ,11:11:15.180,111115180,28052908,5.0,300,0,B,0,16:12:21.880
000931.SZ,11:11:15.180,111115180,28052910,5.0,200,0,B,0,16:12:21.880
000931.SZ,11:11:15.180,111115180,28052912,5.0,2400,0,B,0,16:12:21.880
000931.SZ,11:11:15.180,111115180,28052914,5.0,4000,0,B,0,16:12:21.880
000931.SZ,11:11:15.180,111115180,28052916,5.0,200,0,B,0,16:12:21.880
000931.SZ,11:11:15.180,111115180,28052918,5.0,15100,0,B,0,16:12:21.880
000931.SZ,11:11:15.180,111115180,28052920,5.0,300,0,B,0,16:12:21.880
000931.SZ,11:11:15.180,111115180,28052922,5.0,27300,0,B,0,16:12:21.880
000931.SZ,11:11:15.180,111115180,28052924,5.0,40800,0,B,0,16:12:21.880
000931.SZ,11:11:15.180,111115180,28052926,5.0,100,0,B,0,16:12:21.880
000931.SZ,11:11:15.180,111115180,28052928,5.0,100,0,B,0,16:12:21.880
000931.SZ,11:11:15.180,111115180,28052930,5.0,100,0,B,0,16:12:21.880
000931.SZ,11:11:15.180,111115180,28052932,5.0,10000,0,B,0,16:12:21.880
000931.SZ,11:11:15.180,111115180,28052935,5.0,50100,0,B,0,16:12:21.880
000931.SZ,11:11:15.180,111115180,28052948,5.0,4700,0,B,0,16:12:21.880
000931.SZ,11:11:15.180,111115180,28052950,5.0,8400,0,B,0,16:12:21.880
000931.SZ,11:11:15.180,111115180,28052952,5.0,8800,0,B,0,16:12:21.880
000931.SZ,11:11:15.190,111115190,28052954,5.0,13600,0,B,0,16:12:21.880
000931.SZ,11:11:15.190,111115190,28052956,5.0,500,0,B,0,16:12:21.880
000931.SZ,11:11:15.190,111115190,28052958,5.0,8300,0,B,0,16:12:21.880
000931.SZ,11:11:15.190,111115190,28052971,5.0,40800,0,B,0,16:12:21.880
000931.SZ,11:11:15.190,111115190,28053063,5.0,100,0,B,0,16:12:21.880
000931.SZ,11:11:15.190,111115190,28053064,5.0,100,0,B,0,16:12:21.880
000931.SZ,11:11:15.190,111115190,28053067,5.0,300,0,B,0,16:12:21.880
000931.SZ,11:11:15.190,111115190,28053068,5.0,300,0,B,0,16:12:21.880
000931.SZ,11:11:15.190,111115190,28053069,5.0,100,0,B,0,16:12:21.880
000931.SZ,11:11:15.190,111115190,28053072,5.0,100,0,B,0,16:12:21.880
000931.SZ,11:11:15.190,111115190,28053073,5.0,7000,0,B,0,16:12:21.880
000931.SZ,11:11:15.190,111115190,28053074,5.0,100,0,B,0,16:12:21.880
000931.SZ,11:11:15.190,111115190,28053077,5.0,100,0,B,0,16:12:21.880
000931.SZ,11:11:15.190,111115190,28053078,5.0,400,0,B,0,16:12:21.880
000931.SZ,11:11:15.190,111115190,28053079,5.0,100,0,B,0,16:12:21.880
000931.SZ,11:11:15.190,111115190,28053080,5.01,234000,0,B,0,16:12:21.880
000931.SZ,11:11:15.190,111115190,28053122,5.0,100,0,B,0,16:12:21.880
000931.SZ,11:11:15.190,111115190,28053124,5.0,300,0,B,0,16:12:21.880
000931.SZ,11:11:15.190,111115190,28053125,5.0,26200,0,B,0,16:12:21.880
000931.SZ,11:11:15.190,111115190,28053126,5.0,1500,0,B,0,16:12:21.880
000931.SZ,11:11:15.190,111115190,28053127,5.0,2200,0,B,0,16:12:21.880
000931.SZ,11:11:15.190,111115190,28053128,5.0,200,0,B,0,16:12:21.880
000931.SZ,11:11:15.190,111115190,28053129,5.0,1800,0,B,0,16:12:21.880
000931.SZ,11:11:15.190,111115190,28053130,5.0,2900,0,B,0,16:12:21.880
000931.SZ,11:11:15.190,111115190,28053131,5.0,5300,0,B,0,16:12:21.880
000931.SZ,11:11:15.190,111115190,28053132,5.0,100,0,B,0,16:12:21.880
000931.SZ,11:11:15.190,111115190,28053133,5.0,300,0,B,0,16:12:21.880
000931.SZ,11:11:15.190,111115190,28053134,5.0,900,0,B,0,16:12:21.880
000931.SZ,11:11:15.190,111115190,28053135,5.0,4400,0,B,0,16:12:21.880
000931.SZ,11:11:15.190,111115190,28053136,5.0,2500,0,B,0,16:12:21.880
000931.SZ,11:11:15.190,111115190,28053137,5.0,1700,0,B,0,16:12:21.880
000931.SZ,11:11:15.190,111115190,28053138,5.0,8100,0,B,0,16:12:21.880
000931.SZ,11:11:15.190,111115190,28053139,5.0,3000,0,B,0,16:12:21.880
000931.SZ,11:11:15.190,111115190,28053140,5.0,200,0,B,0,16:12:21.880
000931.SZ,11:11:15.190,111115190,28053141,5.0,26200,0,B,0,16:12:21.880
000931.SZ,11:11:15.190,111115190,28053142,5.0,5900,0,B,0,16:12:21.880
000931.SZ,11:11:15.190,111115190,28053143,5.0,300,0,B,0,16:12:21.880
000931.SZ,11:11:15.190,111115190,28053144,5.0,49300,0,B,0,16:12:21.880
000931.SZ,11:11:15.190,111115190,28053145,5.0,9000,0,B,0,16:12:21.880
000931.SZ,11:11:15.190,111115190,28053146,5.0,25600,0,B,0,16:12:21.880
000931.SZ,11:11:15.190,111115190,28053147,5.0,68100,0,B,0,16:12:21.880
000931.SZ,11:11:15.190,111115190,28053148,5.0,300,0,B,0,16:12:21.880
000931.SZ,11:11:15.190,111115190,28053149,5.0,200,0,B,0,16:12:21.880
000931.SZ,11:11:15.190,111115190,28053150,5.0,24800,0,B,0,16:12:21.880
000931.SZ,11:11:15.190,111115190,28053151,5.0,300,0,B,0,16:12:21.880
000931.SZ,11:11:15.190,111115190,28053152,5.0,5800,0,B,0,16:12:21.880
000931.SZ,11:11:15.190,111115190,28053153,5.0,20000,0,B,0,16:12:21.880
000931.SZ,11:11:15.190,111115190,28053154,5.0,1100,0,B,0,16:12:21.880
000931.SZ,11:11:15.190,111115190,28053155,5.0,1200,0,B,0,16:12:21.880
000931.SZ,11:11:15.190,111115190,28053156,5.0,2100,0,B,0,16:12:21.880
000931.SZ,11:11:15.190,111115190,28053157,5.0,36900,0,B,0,16:12:21.880
000931.SZ,11:11:15.190,111115190,28053158,5.0,17200,0,B,0,16:12:21.880
000931.SZ,11:11:15.190,111115190,28053159,5.0,100,0,B,0,16:12:21.880
000931.SZ,11:11:15.190,111115190,28053162,5.0,400,0,B,0,16:12:21.880
000931.SZ,11:11:15.190,111115190,28053169,5.0,400,0,B,0,16:12:21.880
000931.SZ,11:11:15.190,111115190,28053172,5.0,10000,0,B,0,16:12:21.880
000931.SZ,11:11:15.190,111115190,28053173,5.0,3000,0,B,0,16:12:21.880
000931.SZ,11:11:15.190,111115190,28053175,5.0,3000,0,B,0,16:12:21.880
000931.SZ,11:11:15.190,111115190,28053176,5.0,100,0,B,0,16:12:21.880
000931.SZ,11:11:15.190,111115190,28053177,5.0,2900,0,B,0,16:12:21.880
000931.SZ,11:11:15.190,111115190,28053178,5.0,3000,0,B,0,16:12:21.880
000931.SZ,11:11:15.190,111115190,28053179,5.0,3000,0,B,0,16:12:21.880
000931.SZ,11:11:15.190,111115190,28053182,5.0,2700,0,B,0,16:12:21.880
000931.SZ,11:11:15.190,111115190,28053183,5.0,700,0,B,0,16:12:21.880
000931.SZ,11:11:15.190,111115190,28053184,5.0,3000,0,B,0,16:12:21.880
000931.SZ,11:11:15.190,111115190,28053185,5.0,3000,0,B,0,16:12:21.880
000931.SZ,11:11:15.190,111115190,28053186,5.01,3000,0,B,0,16:12:21.880
000931.SZ,11:11:15.190,111115190,28053187,5.01,1100,0,S,0,16:12:21.880
000931.SZ,11:11:15.190,111115190,28053189,5.0,1700,0,B,0,16:12:21.880
000931.SZ,11:11:15.190,111115190,28053190,5.02,200,0,B,0,16:12:21.880
000931.SZ,11:11:15.190,111115190,28053192,5.02,200,0,B,0,16:12:21.970
000931.SZ,11:11:15.190,111115190,28053194,5.02,100,0,B,0,16:12:21.970
000931.SZ,11:11:15.190,111115190,28053196,5.02,200,0,B,0,16:12:21.970
000931.SZ,11:11:15.190,111115190,28053198,5.0,300,0,B,0,16:12:21.970
000931.SZ,11:11:15.190,111115190,28053199,5.0,200,0,B,0,16:12:21.970
000931.SZ,11:11:15.190,111115190,28053200,5.0,100,0,B,0,16:12:21.970
000931.SZ,11:11:15.190,111115190,28053202,5.0,3000,0,B,0,16:12:21.970
000931.SZ,11:11:15.190,111115190,28053203,5.0,3000,0,B,0,16:12:21.970
000931.SZ,11:11:15.190,111115190,28053204,5.0,100,0,B,0,16:12:21.970
000931.SZ,11:11:15.190,111115190,28053205,5.0,3000,0,B,0,16:12:21.970
000931.SZ,11:11:15.190,111115190,28053206,5.0,3000,0,B,0,16:12:21.970
000931.SZ,11:11:15.190,111115190,28053207,5.0,1800,0,B,0,16:12:21.970
000931.SZ,11:11:15.190,111115190,28053210,5.0,100,0,B,0,16:12:21.970
000931.SZ,11:11:15.190,111115190,28053211,5.0,500,0,B,0,16:12:21.970
000931.SZ,11:11:15.190,111115190,28053212,5.0,200,0,B,0,16:12:21.970
000931.SZ,11:11:15.190,111115190,28053213,5.01,100,0,B,0,16:12:21.970
000931.SZ,11:11:15.190,111115190,28053214,5.0,3000,0,B,0,16:12:21.970
000931.SZ,11:11:15.190,111115190,28053215,5.01,1400,0,B,0,16:12:21.970
000931.SZ,11:11:15.190,111115190,28053216,5.0,3000,0,B,0,16:12:21.970
000931.SZ,11:11:15.190,111115190,28053217,5.01,3000,0,B,0,16:12:21.970
000931.SZ,11:11:15.190,111115190,28053218,5.0,100,0,B,0,16:12:21.970
000931.SZ,11:11:15.190,111115190,28053219,5.0,100,0,B,0,16:12:21.970
000931.SZ,11:11:15.200,111115200,28053220,5.0,3000,0,B,0,16:12:21.970
000931.SZ,11:11:15.200,111115200,28053221,5.0,3000,0,B,0,16:12:21.970
000931.SZ,11:11:15.200,111115200,28053226,5.0,100,0,B,0,16:12:21.970
000931.SZ,11:11:15.200,111115200,28053227,5.0,3000,0,B,0,16:12:21.970
000931.SZ,11:11:15.200,111115200,28053229,5.0,3000,0,B,0,16:12:21.970
000931.SZ,11:11:15.200,111115200,28053230,5.0,100,0,B,0,16:12:21.970
000931.SZ,11:11:15.200,111115200,28053231,5.0,100,0,B,0,16:12:21.970
000931.SZ,11:11:15.200,111115200,28053245,5.02,100,0,B,0,16:12:21.970
000931.SZ,11:11:15.200,111115200,28053248,5.02,100,0,B,0,16:12:21.970
000931.SZ,11:11:15.200,111115200,28053251,5.0,100,0,B,0,16:12:21.970
000931.SZ,11:11:15.200,111115200,28053258,5.0,100,0,B,0,16:12:21.970
000931.SZ,11:11:15.200,111115200,28053262,5.02,1100,0,B,0,16:12:21.970
000931.SZ,11:11:15.200,111115200,28053270,5.02,100,0,B,0,16:12:21.970
000931.SZ,11:11:15.200,111115200,28053273,5.0,7400,0,B,0,16:12:21.970
000931.SZ,11:11:15.200,111115200,28053274,5.0,100,0,B,0,16:12:21.970
000931.SZ,11:11:15.200,111115200,28053275,5.0,100,0,B,0,16:12:21.970
000931.SZ,11:11:15.200,111115200,28053276,5.0,100,0,B,0,16:12:21.970
000931.SZ,11:11:15.200,111115200,28053277,5.0,200,0,B,0,16:12:21.970
000931.SZ,11:11:15.200,111115200,28053281,5.0,500,0,B,0,16:12:21.970
000931.SZ,11:11:15.200,111115200,28053282,5.0,100,0,B,0,16:12:21.970
000931.SZ,11:11:15.200,111115200,28053283,5.0,600,0,B,0,16:12:21.970
000931.SZ,11:11:15.200,111115200,28053286,5.0,2100,0,B,0,16:12:21.970
000931.SZ,11:11:15.210,111115210,28053287,5.0,100,0,B,0,16:12:21.970
000931.SZ,11:11:15.210,111115210,28053290,5.0,300,0,B,0,16:12:21.970
000931.SZ,11:11:15.210,111115210,28053291,5.0,1600,0,B,0,16:12:21.970
000931.SZ,11:11:15.210,111115210,28053292,5.0,1200,0,B,0,16:12:21.970
000931.SZ,11:11:15.210,111115210,28053293,5.0,1400,0,B,0,16:12:21.970
000931.SZ,11:11:15.210,111115210,28053295,5.0,300,0,B,0,16:12:21.970
000931.SZ,11:11:15.210,111115210,28053298,5.0,3000,0,B,0,16:12:21.970
000931.SZ,11:11:15.210,111115210,28053299,5.0,100,0,B,0,16:12:21.970
000931.SZ,11:11:15.210,111115210,28053300,5.0,100,0,B,0,16:12:21.970
000931.SZ,11:11:15.210,111115210,28053301,5.0,100,0,B,0,16:12:21.970
000931.SZ,11:11:15.210,111115210,28053302,5.0,100,0,B,0,16:12:21.970
000931.SZ,11:11:15.210,111115210,28053311,5.0,100,0,B,0,16:12:21.970
000931.SZ,11:11:15.210,111115210,28053312,5.0,200,0,B,0,16:12:21.970
000931.SZ,11:11:15.210,111115210,28053318,5.0,100,0,B,0,16:12:21.970
000931.SZ,11:11:15.210,111115210,28053320,5.0,100,0,B,0,16:12:21.970
000931.SZ,11:11:15.210,111115210,28053327,5.02,500,0,B,0,16:12:21.970
000931.SZ,11:11:15.210,111115210,28053331,5.02,2500,0,B,0,16:12:21.970
000931.SZ,11:11:15.210,111115210,28053334,5.0,3000,0,B,0,16:12:21.970
000931.SZ,11:11:15.210,111115210,28053335,5.0,3000,0,B,0,16:12:21.970
000931.SZ,11:11:15.210,111115210,28053337,5.0,100,0,B,0,16:12:21.970
000931.SZ,11:11:15.210,111115210,28053338,5.01,30000,0,B,0,16:12:21.970
000931.SZ,11:11:15.210,111115210,28053339,5.02,2100,0,S,0,16:12:21.970
000931.SZ,11:11:15.210,111115210,28053341,5.02,2100,0,S,0,16:12:21.970
000931.SZ,11:11:15.210,111115210,28053342,5.02,600,0,S,0,16:12:21.970
000931.SZ,11:11:15.210,111115210,28053343,5.0,100,0,B,0,16:12:21.970
000931.SZ,11:11:15.210,111115210,28053344,5.02,300,0,S,0,16:12:21.970
000931.SZ,11:11:15.210,111115210,28053347,5.02,2100,0,S,0,16:12:21.970
000931.SZ,11:11:15.220,111115220,28053349,5.0,100,0,B,0,16:12:21.970
000931.SZ,11:11:15.220,111115220,28053367,5.02,300,0,B,0,16:12:21.970
000931.SZ,11:11:15.220,111115220,28053370,5.02,100,0,B,0,16:12:21.970
000931.SZ,11:11:15.220,111115220,28053372,5.02,100,0,B,0,16:12:21.970
000931.SZ,11:11:15.220,111115220,28053374,5.02,300,0,B,0,16:12:21.970
000931.SZ,11:11:15.220,111115220,28053376,5.02,100,0,B,0,16:12:21.970
000931.SZ,11:11:15.220,111115220,28053379,5.02,200,0,B,0,16:12:21.970
000931.SZ,11:11:15.230,111115230,28053384,5.0,900,0,B,0,16:12:21.970
000931.SZ,11:11:15.230,111115230,28053386,5.0,11600,0,B,0,16:12:21.970
000931.SZ,11:11:15.230,111115230,28053387,5.01,700,0,B,0,16:12:21.970
000931.SZ,11:11:15.230,111115230,28053388,5.0,1200,0,B,0,16:12:21.970
000931.SZ,11:11:15.230,111115230,28053389,5.01,2100,0,B,0,16:12:21.970
000931.SZ,11:11:15.230,111115230,28053390,5.0,300,0,B,0,16:12:21.970
000931.SZ,11:11:15.230,111115230,28053393,5.0,200,0,B,0,16:12:21.970
000931.SZ,11:11:15.230,111115230,28053394,5.0,8900,0,B,0,16:12:21.970
000931.SZ,11:11:15.230,111115230,28053395,5.02,200,0,B,0,16:12:21.970
000931.SZ,11:11:15.230,111115230,28053399,5.02,100,0,B,0,16:12:21.970
000931.SZ,11:11:15.230,111115230,28053403,5.01,700,0,B,0,16:12:21.970
000931.SZ,11:11:15.230,111115230,28053404,5.01,23300,0,B,0,16:12:21.970
000931.SZ,11:11:15.230,111115230,28053405,5.0,100,0,B,0,16:12:21.970
000931.SZ,11:11:15.230,111115230,28053406,5.0,100,0,B,0,16:12:21.970
000931.SZ,11:11:15.240,111115240,28053407,5.0,300,0,B,0,16:12:21.970
000931.SZ,11:11:15.240,111115240,28053410,5.02,1200,0,B,0,16:12:21.970
000931.SZ,11:11:15.240,111115240,28053417,5.0,600,0,B,0,16:12:21.970
000931.SZ,11:11:15.240,111115240,28053418,5.02,100,0,B,0,16:12:21.970
000931.SZ,11:11:15.240,111115240,28053426,5.0,100,0,B,0,16:12:21.970
000931.SZ,11:11:15.240,111115240,28053429,5.0,100,0,B,0,16:12:21.970
000931.SZ,11:11:15.240,111115240,28053434,5.0,300,0,B,0,16:12:21.970
000931.SZ,11:11:15.250,111115250,28053435,5.0,600,0,B,0,16:12:21.970
000931.SZ,11:11:15.250,111115250,28053438,5.0,100,0,B,0,16:12:21.970
000931.SZ,11:11:15.250,111115250,28053440,5.0,1500,0,B,0,16:12:21.970
000931.SZ,11:11:15.250,111115250,28053441,5.0,1100,0,B,0,16:12:21.970
000931.SZ,11:11:15.260,111115260,28053458,5.0,100,0,B,0,16:12:21.970
000931.SZ,11:11:15.260,111115260,28053462,5.01,100,0,B,0,16:12:21.970
000931.SZ,11:11:15.270,111115270,28053466,5.02,100,0,B,0,16:12:21.970
000931.SZ,11:11:15.270,111115270,28053480,5.0,200,0,B,0,16:12:21.970
000931.SZ,11:11:15.270,111115270,28053481,5.0,100,0,B,0,16:12:21.970
000931.SZ,11:11:15.290,111115290,28053506,5.0,200,0,B,0,16:12:21.970
000931.SZ,11:11:15.300,111115300,28053535,5.01,5200,0,B,0,16:12:21.970
000931.SZ,11:11:15.350,111115350,28053631,5.02,900,0,B,0,16:12:21.970
000931.SZ,11:11:15.410,111115410,28053793,5.01,9900,0,B,0,16:12:21.970
000931.SZ,11:11:15.440,111115440,28053900,5.02,1400,0,B,0,16:12:21.970
000931.SZ,11:11:15.440,111115440,28053906,5.03,100,0,B,0,16:12:21.970
000931.SZ,11:11:15.460,111115460,28053972,5.02,7700,0,B,0,16:12:21.970
000931.SZ,11:11:15.460,111115460,28053982,5.02,1400,0,S,0,16:12:21.970
000931.SZ,11:11:15.460,111115460,28053984,5.02,6700,0,S,0,16:12:21.970
000931.SZ,11:11:15.460,111115460,28053986,5.02,6300,0,S,0,16:12:21.970
000931.SZ,11:11:15.460,111115460,28053990,5.02,1000,0,S,0,16:12:21.970
000931.SZ,11:11:15.460,111115460,28054002,5.02,7700,0,S,0,16:12:21.970
000931.SZ,11:11:15.480,111115480,28054042,5.02,14000,0,S,0,16:12:21.970
000931.SZ,11:11:15.480,111115480,28054056,5.02,100,0,B,0,16:12:21.970
000931.SZ,11:11:15.490,111115490,28054058,5.02,100,0,B,0,16:12:21.970
000931.SZ,11:11:15.490,111115490,28054061,5.02,100,0,B,0,16:12:21.970
000931.SZ,11:11:15.490,111115490,28054063,5.02,100,0,B,0,16:12:21.970
000931.SZ,11:11:15.490,111115490,28054068,5.02,100,0,B,0,16:12:21.970
000931.SZ,11:11:15.490,111115490,28054070,5.02,300,0,B,0,16:12:21.970
000931.SZ,11:11:15.490,111115490,28054072,5.02,100,0,B,0,16:12:21.970
000931.SZ,11:11:15.490,111115490,28054077,5.02,200,0,B,0,16:12:21.970
000931.SZ,11:11:15.490,111115490,28054096,5.02,100,0,B,0,16:12:21.970
000931.SZ,11:11:15.500,111115500,28054102,5.02,100,0,B,0,16:12:21.970
000931.SZ,11:11:15.500,111115500,28054104,5.02,100,0,B,0,16:12:21.970
000931.SZ,11:11:15.500,111115500,28054106,5.02,200,0,B,0,16:12:21.970
000931.SZ,11:11:15.500,111115500,28054109,5.02,100,0,B,0,16:12:21.970
000931.SZ,11:11:15.500,111115500,28054111,5.02,200,0,B,0,16:12:21.970
000931.SZ,11:11:15.500,111115500,28054115,5.02,200,0,B,0,16:12:21.970
000931.SZ,11:11:15.500,111115500,28054121,5.02,100,0,B,0,16:12:21.970
000931.SZ,11:11:15.500,111115500,28054150,5.02,200,0,B,0,16:12:21.970
000931.SZ,11:11:15.500,111115500,28054152,5.02,200,0,B,0,16:12:21.970
000931.SZ,11:11:15.520,111115520,28054201,5.02,100,0,B,0,16:12:21.970
000931.SZ,11:11:15.520,111115520,28054203,5.02,400,0,B,0,16:12:21.970
000931.SZ,11:11:15.520,111115520,28054212,5.02,100,0,B,0,16:12:21.970
000931.SZ,11:11:15.530,111115530,28054233,5.02,200,0,B,0,16:12:21.970
000931.SZ,11:11:15.540,111115540,28054269,5.02,100,0,B,0,16:12:21.970
000931.SZ,11:11:15.540,111115540,28054272,5.02,100,0,B,0,16:12:21.970
000931.SZ,11:11:15.570,111115570,28054382,5.02,100,0,B,0,16:12:21.970
000931.SZ,11:11:15.570,111115570,28054384,5.02,100,0,B,0,16:12:21.970
000931.SZ,11:11:15.570,111115570,28054386,5.02,300,0,B,0,16:12:21.970
000931.SZ,11:11:15.570,111115570,28054392,5.02,200,0,B,0,16:12:21.970
000931.SZ,11:11:16.270,111116270,28056038,5.02,1300,0,S,0,16:12:21.970
000931.SZ,11:11:16.790,111116790,28057332,5.02,5200,0,B,0,16:12:22.095
000931.SZ,11:11:16.790,111116790,28057342,5.02,5000,0,B,0,16:12:22.095
000931.SZ,11:11:16.800,111116800,28057384,5.02,100,0,S,0,16:12:22.095
000931.SZ,11:11:18.010,111118010,28059747,5.0,12500,0,B,0,16:12:22.095
000931.SZ,11:11:18.040,111118040,28059821,5.03,400,0,B,0,16:12:22.095
000931.SZ,11:11:18.260,111118260,28060443,5.02,100,0,S,0,16:12:22.095
000931.SZ,11:11:18.260,111118260,28060444,5.02,300,0,S,0,16:12:22.095
000931.SZ,11:11:18.340,111118340,28060636,5.02,7600,0,S,0,16:12:22.095
000931.SZ,11:11:18.360,111118360,28060682,5.02,14000,0,S,0,16:12:22.095
000931.SZ,11:11:18.920,111118920,28062015,5.0,200,0,B,0,16:12:22.194
000931.SZ,11:11:19.370,111119370,28063448,5.01,800,0,B,0,16:12:22.194
000931.SZ,11:11:19.410,111119410,28063574,5.02,300,0,S,0,16:12:22.194
000931.SZ,11:11:19.560,111119560,28063995,5.01,1800,0,B,0,16:12:22.194
000931.SZ,11:11:19.560,111119560,28063996,5.01,1400,0,B,0,16:12:22.194
000931.SZ,11:11:19.710,111119710,28064492,5.01,400,0,B,0,16:12:22.194
000931.SZ,11:11:19.710,111119710,28064494,5.01,900,0,B,0,16:12:22.194
000931.SZ,11:11:19.730,111119730,28064563,5.01,200,0,B,0,16:12:22.194
000931.SZ,11:11:20.220,111120220,28065809,5.01,100,0,B,0,16:12:22.194
000931.SZ,11:11:20.520,111120520,28066413,5.03,100,0,S,0,16:12:22.194
000931.SZ,11:11:22.040,111122040,28069838,5.01,100,0,B,0,16:12:22.272
000931.SZ,11:11:23.170,111123170,28072893,5.01,200,0,B,0,16:12:22.371
000931.SZ,11:11:23.370,111123370,28073219,5.02,300,0,B,0,16:12:22.371
000931.SZ,11:11:23.370,111123370,28073256,5.02,300,0,B,0,16:12:22.371
000931.SZ,11:11:24.860,111124860,28077240,5.02,100,0,S,0,16:12:22.482
000931.SZ,11:11:24.870,111124870,28077254,5.02,100,0,S,0,16:12:22.482
000931.SZ,11:11:25.680,111125680,28079065,5.02,300,0,S,0,16:12:22.482
000931.SZ,11:11:26.990,111126990,28081283,5.19,2000,0,S,0,16:12:22.607
000931.SZ,11:11:27.050,111127050,28081377,4.99,1500,0,B,0,16:12:22.607
000931.SZ,11:11:27.200,111127200,28081687,5.02,800,0,S,0,16:12:22.607
000931.SZ,11:11:27.770,111127770,28082812,5.02,400,0,B,0,16:12:22.607
000931.SZ,11:11:28.100,111128100,28083671,5.02,3000,0,S,0,16:12:22.607
000931.SZ,11:11:29.380,111129380,28086106,5.02,100,0,S,0,16:12:22.748
000931.SZ,11:11:30.700,111130700,28088323,5.02,800,0,S,0,16:12:22.748
000931.SZ,11:11:30.730,111130730,28088425,5.02,7200,0,S,0,16:12:22.748
000931.SZ,11:11:30.750,111130750,28088457,5.02,3200,0,S,0,16:12:22.748
000931.SZ,11:11:30.760,111130760,28088478,5.02,400,0,S,0,16:12:22.748
000931.SZ,11:11:30.860,111130860,28088663,5.02,1000,0,S,0,16:12:22.748
000931.SZ,11:11:30.990,111130990,28089262,5.02,1100,0,S,0,16:12:22.748
000931.SZ,11:11:31.120,111131120,28089664,5.02,3000,0,S,0,16:12:22.748
000931.SZ,11:11:33.730,111133730,28094764,5.02,1600,0,S,0,16:12:22.834
000931.SZ,11:11:33.740,111133740,28094773,5.01,100,0,B,0,16:12:22.834
000931.SZ,11:11:33.740,111133740,28094779,5.01,100,0,B,0,16:12:22.834
000931.SZ,11:11:34.060,111134060,28095588,5.02,1000,0,S,0,16:12:22.834
000931.SZ,11:11:34.080,111134080,28095625,5.02,100,0,S,0,16:12:22.834
000931.SZ,11:11:34.110,111134110,28095684,5.02,2100,0,S,0,16:12:22.834
000931.SZ,11:11:34.320,111134320,28096137,5.02,4000,0,S,0,16:12:22.926
000931.SZ,11:11:34.990,111134990,28097444,5.02,1000,0,S,0,16:12:22.926
000931.SZ,11:11:35.070,111135070,28097568,5.02,4600,0,B,0,16:12:22.926
000931.SZ,11:11:35.230,111135230,28098138,5.02,2900,0,S,0,16:12:22.926
000931.SZ,11:11:36.300,111136300,28100045,5.02,100,0,S,0,16:12:22.926
000931.SZ,11:11:36.730,111136730,28100968,5.02,1600,0,S,0,16:12:23.063
000931.SZ,11:11:37.110,111137110,28101790,5.02,2000,0,S,0,16:12:23.063
000931.SZ,11:11:37.120,111137120,28101801,5.01,200,0,B,0,16:12:23.063
000931.SZ,11:11:37.120,111137120,28101803,5.01,200,0,B,0,16:12:23.063
000931.SZ,11:11:37.120,111137120,28101804,5.01,300,0,B,0,16:12:23.063
000931.SZ,11:11:37.120,111137120,28101805,5.01,200,0,B,0,16:12:23.063
000931.SZ,11:11:37.130,111137130,28101826,5.01,200,0,B,0,16:12:23.063
000931.SZ,11:11:37.330,111137330,28102141,5.02,4000,0,S,0,16:12:23.063
000931.SZ,11:11:37.340,111137340,28102183,5.01,200,0,B,0,16:12:23.063
000931.SZ,11:11:38.510,111138510,28104319,5.02,100,0,S,0,16:12:23.063
000931.SZ,11:11:38.510,111138510,28104320,4.99,15300,0,B,0,16:12:23.063
000931.SZ,11:11:39.720,111139720,28106615,5.02,800,0,S,0,16:12:23.128
000931.SZ,11:11:39.720,111139720,28106627,5.01,300,0,B,0,16:12:23.128
000931.SZ,11:11:39.720,111139720,28106628,5.01,300,0,B,0,16:12:23.128
000931.SZ,11:11:39.740,111139740,28106654,5.02,2400,0,S,0,16:12:23.128
000931.SZ,11:11:39.760,111139760,28106676,5.02,800,0,S,0,16:12:23.128
000931.SZ,11:11:40.080,111140080,28107267,5.02,1000,0,S,0,16:12:23.128
000931.SZ,11:11:42.670,111142670,28111822,5.02,400,0,B,0,16:12:23.249
000931.SZ,11:11:42.680,111142680,28111840,5.01,400,0,B,0,16:12:23.249
000931.SZ,11:11:42.680,111142680,28111843,5.01,300,0,B,0,16:12:23.249
000931.SZ,11:11:42.730,111142730,28111930,5.02,2400,0,S,0,16:12:23.249
000931.SZ,11:11:42.870,111142870,28112125,5.02,1000,0,S,0,16:12:23.249
000931.SZ,11:11:43.110,111143110,28112736,5.02,1000,0,S,0,16:12:23.249
000931.SZ,11:11:43.460,111143460,28113519,5.02,600,0,S,0,16:12:23.401
000931.SZ,11:11:45.720,111145720,28117790,5.02,2400,0,S,0,16:12:23.401
000931.SZ,11:11:45.990,111145990,28118372,5.02,1000,0,S,0,16:12:23.401
000931.SZ,11:11:46.130,111146130,28118730,5.02,1000,0,S,0,16:12:23.401
000931.SZ,11:11:47.080,111147080,28120462,5.02,1000,0,S,0,16:12:23.495
000931.SZ,11:11:47.410,111147410,28121100,4.96,1000,0,B,0,16:12:23.495
000931.SZ,11:11:48.730,111148730,28124048,5.02,3200,0,S,0,16:12:23.559
000931.SZ,11:11:48.950,111148950,28124623,5.02,1000,0,S,0,16:12:23.559
000931.SZ,11:11:48.990,111148990,28124676,5.02,1200,0,S,0,16:12:23.559
000931.SZ,11:11:49.060,111149060,28124797,5.02,1100,0,S,0,16:12:23.559
000931.SZ,11:11:49.070,111149070,28124851,5.02,1100,0,S,0,16:12:23.559
000931.SZ,11:11:49.100,111149100,28124919,5.02,1000,0,S,0,16:12:23.559
000931.SZ,11:11:51.210,111151210,28128814,5.01,300,0,S,0,16:12:23.652
000931.SZ,11:11:51.210,111151210,28128817,5.01,600,0,S,0,16:12:23.652
000931.SZ,11:11:51.230,111151230,28128906,5.01,300,0,S,0,16:12:23.652
000931.SZ,11:11:52.260,111152260,28131032,5.02,13100,0,B,0,16:12:23.776
000931.SZ,11:11:54.200,111154200,28134177,5.01,100,0,B,0,16:12:23.776
000931.SZ,11:11:54.690,111154690,28135334,5.02,800,0,S,0,16:12:23.776
000931.SZ,11:11:54.730,111154730,28135379,5.02,1600,0,S,0,16:12:23.776
000931.SZ,11:11:56.580,111156580,28137967,5.02,200,0,B,0,16:12:23.895
000931.SZ,11:11:57.730,111157730,28139664,5.02,800,0,S,0,16:12:23.895
000931.SZ,11:12:00.900,111200900,28145478,5.01,100,0,B,0,16:12:24.160
000931.SZ,11:12:00.910,111200910,28145488,5.01,200,0,B,0,16:12:24.160
000931.SZ,11:12:02.120,111202120,28148445,5.02,100,0,S,0,16:12:24.275
000931.SZ,11:12:02.130,111202130,28148452,5.01,100,0,B,0,16:12:24.275
000931.SZ,11:12:02.130,111202130,28148454,5.01,100,0,B,0,16:12:24.275
000931.SZ,11:12:02.130,111202130,28148456,5.01,100,0,B,0,16:12:24.275
000931.SZ,11:12:02.130,111202130,28148457,5.01,100,0,B,0,16:12:24.275
000931.SZ,11:12:02.130,111202130,28148459,5.01,100,0,B,0,16:12:24.275
000931.SZ,11:12:02.130,111202130,28148460,5.01,100,0,B,0,16:12:24.275
000931.SZ,11:12:02.130,111202130,28148461,5.01,100,0,B,0,16:12:24.275
000931.SZ,11:12:02.160,111202160,28148525,5.01,100,0,B,0,16:12:24.275
000931.SZ,11:12:04.880,111204880,28154157,5.01,100,0,B,0,16:12:24.394
000931.SZ,11:12:05.600,111205600,28155662,5.01,1000,0,B,0,16:12:24.394
000931.SZ,11:12:06.630,111206630,28157719,5.0,100,0,B,0,16:12:24.394
000931.SZ,11:12:07.300,111207300,28159041,5.02,2000,0,S,0,16:12:24.520
000931.SZ,11:12:07.360,111207360,28159232,5.01,100,0,B,0,16:12:24.520
000931.SZ,11:12:08.110,111208110,28160470,5.01,100,0,B,0,16:12:24.520
000931.SZ,11:12:12.890,111212890,28168580,5.01,100,0,B,0,16:12:24.725
000931.SZ,11:12:12.950,111212950,28168664,5.01,100,0,B,0,16:12:24.725
000931.SZ,11:12:25.990,111225990,28194397,5.01,100,0,B,0,16:12:25.358
000931.SZ,11:12:30.620,111230620,28202748,5.01,300,0,S,0,16:12:25.599
000931.SZ,11:12:30.630,111230630,28202794,5.01,200,0,S,0,16:12:25.599
000931.SZ,11:12:31.650,111231650,28205484,5.01,400,0,S,0,16:12:25.599
000931.SZ,11:12:31.660,111231660,28205510,5.01,200,0,S,0,16:12:25.599
000931.SZ,11:12:31.670,111231670,28205517,5.01,200,0,S,0,16:12:25.599
000931.SZ,11:12:31.730,111231730,28205761,5.01,200,0,S,0,16:12:25.599
000931.SZ,11:12:32.640,111232640,28207943,5.01,200,0,S,0,16:12:25.709
000931.SZ,11:12:32.820,111232820,28208232,5.01,6300,0,S,0,16:12:25.709
000931.SZ,11:12:32.830,111232830,28208237,5.01,44400,0,S,0,16:12:25.709
000931.SZ,11:12:32.830,111232830,28208285,5.01,4700,0,S,0,16:12:25.709
000931.SZ,11:12:32.840,111232840,28208295,5.01,600,0,S,0,16:12:25.709
000931.SZ,11:12:32.850,111232850,28208411,5.01,200,0,S,0,16:12:25.709
000931.SZ,11:12:32.850,111232850,28208417,5.01,100,0,S,0,16:12:25.709
000931.SZ,11:12:32.880,111232880,28208469,5.01,200,0,S,0,16:12:25.709
000931.SZ,11:12:33.260,111233260,28209141,5.0,1500,0,B,0,16:12:25.709
000931.SZ,11:12:33.260,111233260,28209174,5.01,400,0,S,0,16:12:25.709
000931.SZ,11:12:33.260,111233260,28209176,5.0,13400,0,B,0,16:12:25.709
000931.SZ,11:12:33.970,111233970,28210990,5.01,600,0,B,0,16:12:25.709
000931.SZ,11:12:33.970,111233970,28210996,5.01,900,0,B,0,16:12:25.709
000931.SZ,11:12:34.420,111234420,28212492,5.02,2900,0,S,0,16:12:25.709
000931.SZ,11:12:34.420,111234420,28212523,5.0,500,0,B,0,16:12:25.709
000931.SZ,11:12:34.420,111234420,28212527,5.0,1200,0,B,0,16:12:25.709
000931.SZ,11:12:34.420,111234420,28212546,5.0,100,0,B,0,16:12:25.709
000931.SZ,11:12:34.420,111234420,28212551,5.0,100,0,B,0,16:12:25.709
000931.SZ,11:12:34.420,111234420,28212552,5.0,100,0,B,0,16:12:25.709
000931.SZ,11:12:34.420,111234420,28212553,5.0,100,0,B,0,16:12:25.709
000931.SZ,11:12:34.420,111234420,28212555,5.0,100,0,B,0,16:12:25.709
000931.SZ,11:12:34.420,111234420,28212556,5.0,100,0,B,0,16:12:25.709
000931.SZ,11:12:34.420,111234420,28212558,5.0,100,0,B,0,16:12:25.709
000931.SZ,11:12:34.430,111234430,28212560,5.0,200,0,B,0,16:12:25.709
000931.SZ,11:12:34.430,111234430,28212561,5.0,100,0,B,0,16:12:25.709
000931.SZ,11:12:34.430,111234430,28212562,5.0,100,0,B,0,16:12:25.709
000931.SZ,11:12:34.520,111234520,28212770,5.01,1100,0,S,0,16:12:25.709
000931.SZ,11:12:34.550,111234550,28212823,5.01,200,0,S,0,16:12:25.709
000931.SZ,11:12:34.550,111234550,28212835,5.01,300,0,S,0,16:12:25.709
000931.SZ,11:12:34.560,111234560,28212841,5.01,400,0,S,0,16:12:25.709
000931.SZ,11:12:34.560,111234560,28212856,5.01,200,0,S,0,16:12:25.709
000931.SZ,11:12:34.590,111234590,28212919,5.01,500,0,S,0,16:12:25.709
000931.SZ,11:12:34.850,111234850,28213414,5.0,100,0,B,0,16:12:25.834
000931.SZ,11:12:34.850,111234850,28213415,5.0,100,0,B,0,16:12:25.834
000931.SZ,11:12:34.850,111234850,28213416,5.0,200,0,B,0,16:12:25.834
000931.SZ,11:12:35.210,111235210,28214546,5.0,100,0,B,0,16:12:25.834
000931.SZ,11:12:35.350,111235350,28214829,5.0,200,0,B,0,16:12:25.834
000931.SZ,11:12:35.500,111235500,28215106,5.0,100,0,B,0,16:12:25.834
000931.SZ,11:12:35.530,111235530,28215154,5.0,500,0,B,0,16:12:25.834
000931.SZ,11:12:36.180,111236180,28216671,5.01,600,0,S,0,16:12:25.834
000931.SZ,11:12:36.800,111236800,28218377,5.01,1200,0,S,0,16:12:25.834
000931.SZ,11:12:36.950,111236950,28218787,5.01,1000,0,S,0,16:12:25.976
000931.SZ,11:12:37.090,111237090,28219285,5.01,1000,0,S,0,16:12:25.976
000931.SZ,11:12:37.900,111237900,28221572,5.0,100,0,B,0,16:12:25.976
000931.SZ,11:12:37.900,111237900,28221573,5.0,100,0,B,0,16:12:25.976
000931.SZ,11:12:38.020,111238020,28221861,5.0,100,0,B,0,16:12:25.976
000931.SZ,11:12:38.320,111238320,28222489,5.0,100,0,B,0,16:12:25.976
000931.SZ,11:12:39.260,111239260,28223693,5.01,400,0,S,0,16:12:25.976
000931.SZ,11:12:39.260,111239260,28223695,5.01,900,0,S,0,16:12:25.976
000931.SZ,11:12:40.070,111240070,28225364,5.01,1100,0,S,0,16:12:26.101
000931.SZ,11:12:40.110,111240110,28225525,5.01,1000,0,S,0,16:12:26.101
000931.SZ,11:12:40.960,111240960,28227014,5.0,500,0,B,0,16:12:26.101
000931.SZ,11:12:42.280,111242280,28228903,5.01,400,0,S,0,16:12:26.101
000931.SZ,11:12:42.720,111242720,28229697,5.01,1600,0,S,0,16:12:26.195
000931.SZ,11:12:43.310,111243310,28230662,5.01,1000,0,S,0,16:12:26.195
000931.SZ,11:12:43.740,111243740,28231331,5.01,100,0,S,0,16:12:26.195
000931.SZ,11:12:45.240,111245240,28233490,5.01,100,0,S,0,16:12:26.257
000931.SZ,11:12:45.500,111245500,28233943,5.01,1000,0,S,0,16:12:26.257
000931.SZ,11:12:48.220,111248220,28237807,4.95,500,0,B,0,16:12:26.353
000931.SZ,11:12:49.740,111249740,28240102,5.01,800,0,S,0,16:12:26.442
000931.SZ,11:12:54.240,111254240,28247549,4.99,100,0,B,0,16:12:26.694
000931.SZ,11:12:56.550,111256550,28252872,5.0,200,0,B,0,16:12:26.759
000931.SZ,11:13:01.140,111301140,28261150,5.02,11900,0,S,0,16:12:27.177
000931.SZ,11:13:01.150,111301150,28261159,5.0,100,0,B,0,16:12:27.177
000931.SZ,11:13:01.940,111301940,28262738,4.99,400,0,B,0,16:12:27.177
000931.SZ,11:13:06.710,111306710,28271338,4.98,1400,0,B,0,16:12:27.389
000931.SZ,11:13:11.480,111311480,28279125,5.0,200,0,B,0,16:12:27.596
000931.SZ,11:13:11.740,111311740,28279553,5.0,200,0,B,0,16:12:27.596
000931.SZ,11:13:13.290,111313290,28281984,5.0,6400,0,B,0,16:12:27.739
000931.SZ,11:13:13.540,111313540,28283295,5.0,200,0,B,0,16:12:27.739
000931.SZ,11:13:15.590,111315590,28286413,5.01,700,0,B,0,16:12:27.739
000931.SZ,11:13:16.540,111316540,28287798,5.0,1500,0,B,0,16:12:27.811
000931.SZ,11:13:17.060,111317060,28288582,5.0,100,0,B,0,16:12:27.811
000931.SZ,11:13:17.090,111317090,28288631,5.0,1100,0,B,0,16:12:27.811
000931.SZ,11:13:17.540,111317540,28289193,5.0,100,0,B,0,16:12:27.811
000931.SZ,11:13:18.100,111318100,28290065,5.0,500,0,B,0,16:12:27.811
000931.SZ,11:13:18.500,111318500,28290611,5.0,300,0,B,0,16:12:27.953
000931.SZ,11:13:18.870,111318870,28291150,5.0,2500,0,B,0,16:12:27.953
000931.SZ,11:13:19.050,111319050,28291391,5.0,1500,0,B,0,16:12:27.953
000931.SZ,11:13:19.090,111319090,28291550,5.0,1200,0,B,0,16:12:27.953
000931.SZ,11:13:19.740,111319740,28292555,5.0,400,0,B,0,16:12:27.953
000931.SZ,11:13:20.280,111320280,28293406,5.2,1000,0,S,0,16:12:27.953
000931.SZ,11:13:20.540,111320540,28293783,5.0,200,0,B,0,16:12:27.953
000931.SZ,11:13:21.060,111321060,28294440,5.0,600,0,B,0,16:12:27.953
000931.SZ,11:13:22.050,111322050,28295778,4.85,300,0,B,0,16:12:28.062
000931.SZ,11:13:23.480,111323480,28297827,5.0,100,0,S,0,16:12:28.062
000931.SZ,11:13:27.040,111327040,28302511,5.03,100,0,S,0,16:12:28.171
000931.SZ,11:13:27.160,111327160,28302682,5.0,100,0,B,0,16:12:28.171
000931.SZ,11:13:29.580,111329580,28305870,5.0,300,0,B,0,16:12:28.313
000931.SZ,11:13:30.170,111330170,28306589,5.2,700,0,S,0,16:12:28.313
000931.SZ,11:13:32.090,111332090,28309506,5.0,800,0,B,0,16:12:28.398
000931.SZ,11:13:57.360,111357360,28344499,5.0,200,0,B,0,16:12:29.273
000931.SZ,11:13:57.680,111357680,28344964,4.99,2000,0,B,0,16:12:29.273
000931.SZ,11:13:57.920,111357920,28345264,5.01,3200,0,S,0,16:12:29.273
000931.SZ,11:13:57.990,111357990,28345310,5.01,1000,0,S,0,16:12:29.273
000931.SZ,11:13:58.490,111358490,28346042,5.22,1000,0,S,0,16:12:29.381
000931.SZ,11:14:00.810,111400810,28350532,4.99,100,0,S,0,16:12:29.517
000931.SZ,11:14:02.770,111402770,28354071,5.0,100,0,B,0,16:12:29.612
000931.SZ,11:14:10.200,111410200,28367868,5.0,1000,0,B,0,16:12:30.037
000931.SZ,11:14:14.380,111414380,28373969,4.95,1000,0,B,0,16:12:30.176
000931.SZ,11:14:15.000,111415000,28375206,5.0,10000,0,B,0,16:12:30.176
000931.SZ,11:14:27.170,111427170,28397442,5.0,100,0,B,0,16:12:30.860
000931.SZ,11:14:27.910,111427910,28399037,5.0,500,0,B,0,16:12:30.860
000931.SZ,11:14:29.460,111429460,28402207,5.01,100,0,S,0,16:12:30.860
000931.SZ,11:14:29.460,111429460,28402208,5.01,100,0,S,0,16:12:30.860
000931.SZ,11:14:29.460,111429460,28402209,5.01,200,0,S,0,16:12:30.860
000931.SZ,11:14:29.460,111429460,28402211,5.01,7800,0,S,0,16:12:30.860
000931.SZ,11:14:29.580,111429580,28402400,4.99,100,0,S,0,16:12:30.860
000931.SZ,11:14:29.970,111429970,28402931,5.25,700,0,S,0,16:12:30.860
000931.SZ,11:14:30.900,111430900,28405315,5.0,100,0,B,0,16:12:30.860
000931.SZ,11:14:33.480,111433480,28410661,5.0,100,0,S,0,16:12:31.018
000931.SZ,11:14:35.070,111435070,28413745,5.01,100,0,S,0,16:12:31.174
000931.SZ,11:14:40.040,111440040,28423099,5.0,1500,0,B,0,16:12:31.321
000931.SZ,11:14:41.080,111441080,28424391,5.01,8200,0,S,0,16:12:31.454
000931.SZ,11:14:41.940,111441940,28425372,4.98,68400,0,B,0,16:12:31.454
000931.SZ,11:14:45.010,111445010,28430517,5.0,12500,0,B,0,16:12:31.610
000931.SZ,11:14:45.500,111445500,28431278,5.01,1000,0,S,0,16:12:31.610
000931.SZ,11:14:49.410,111449410,28437074,4.97,500,0,B,0,16:12:31.753
000931.SZ,11:14:49.530,111449530,28437288,4.96,100,0,S,0,16:12:31.753
000931.SZ,11:14:53.390,111453390,28442789,4.96,2000,0,B,0,16:12:31.914
000931.SZ,11:14:53.670,111453670,28443285,5.01,700,0,S,0,16:12:31.914
000931.SZ,11:14:53.670,111453670,28443286,5.01,7500,0,S,0,16:12:31.914
000931.SZ,11:14:54.220,111454220,28444016,5.0,700,0,B,0,16:12:31.914
000931.SZ,11:14:56.690,111456690,28447653,5.01,200,0,S,0,16:12:32.026
000931.SZ,11:14:57.440,111457440,28448582,5.0,200,0,B,0,16:12:32.026
000931.SZ,11:15:00.550,111500550,28453023,4.98,100,0,B,0,16:12:32.339
000931.SZ,11:15:01.220,111501220,28454667,5.0,700,0,B,0,16:12:32.339
000931.SZ,11:15:03.930,111503930,28459765,5.01,2600,0,S,0,16:12:32.488
000931.SZ,11:15:04.360,111504360,28460551,5.0,400,0,S,0,16:12:32.488
000931.SZ,11:15:08.300,111508300,28467274,5.01,900,0,S,0,16:12:32.650
000931.SZ,11:15:08.360,111508360,28467427,5.01,100,0,S,0,16:12:32.650
000931.SZ,11:15:08.410,111508410,28467504,5.01,100,0,S,0,16:12:32.650
000931.SZ,11:15:08.490,111508490,28467596,5.01,100,0,S,0,16:12:32.650
000931.SZ,11:15:08.540,111508540,28467680,5.01,100,0,S,0,16:12:32.650
000931.SZ,11:15:08.850,111508850,28467992,5.01,100,0,S,0,16:12:32.650
000931.SZ,11:15:09.180,111509180,28468762,5.01,100,0,S,0,16:12:32.650
000931.SZ,11:15:12.320,111512320,28473974,5.01,3800,0,S,0,16:12:32.803
000931.SZ,11:15:18.870,111518870,28485143,5.03,100,0,S,0,16:12:33.102
000931.SZ,11:15:20.050,111520050,28487320,4.96,5000,0,B,0,16:12:33.226
000931.SZ,11:15:24.960,111524960,28496113,4.99,176000,0,B,0,16:12:33.399
000931.SZ,11:15:27.790,111527790,28501894,5.0,100,0,B,0,16:12:33.535
000931.SZ,11:15:30.470,111530470,28505845,4.99,1000,0,B,0,16:12:33.677
000931.SZ,11:15:35.210,111535210,28513366,4.99,300,0,B,0,16:12:33.818
000931.SZ,11:15:40.400,111540400,28522529,5.01,2000,0,S,0,16:12:34.069
000931.SZ,11:15:45.710,111545710,28531120,4.95,400,0,B,0,16:12:34.272
000931.SZ,11:15:45.780,111545780,28531210,5.01,500,0,S,0,16:12:34.272
000931.SZ,11:15:45.800,111545800,28531270,5.01,500,0,S,0,16:12:34.272
000931.SZ,11:15:45.830,111545830,28531345,5.01,200,0,S,0,16:12:34.272
000931.SZ,11:15:45.830,111545830,28531348,5.01,100,0,S,0,16:12:34.272
000931.SZ,11:15:45.840,111545840,28531354,5.01,300,0,S,0,16:12:34.272
000931.SZ,11:15:52.210,111552210,28542677,5.01,700,0,S,0,16:12:34.646
000931.SZ,11:15:52.210,111552210,28542678,5.01,1300,0,S,0,16:12:34.646
000931.SZ,11:15:52.220,111552220,28542705,5.01,400,0,S,0,16:12:34.646
000931.SZ,11:15:55.500,111555500,28549037,5.01,1500,0,S,0,16:12:34.802
000931.SZ,11:15:55.530,111555530,28549091,5.01,1700,0,S,0,16:12:34.802
000931.SZ,11:15:55.530,111555530,28549092,5.01,800,0,S,0,16:12:34.802
000931.SZ,11:15:55.530,111555530,28549093,5.01,2900,0,S,0,16:12:34.802
000931.SZ,11:15:55.530,111555530,28549095,5.01,1700,0,S,0,16:12:34.802
000931.SZ,11:15:56.340,111556340,28550462,5.0,100,0,B,0,16:12:34.802
000931.SZ,11:15:58.440,111558440,28553799,5.02,4600,0,S,0,16:12:34.958
000931.SZ,11:15:58.750,111558750,28554352,4.99,1000,0,B,0,16:12:34.958
000931.SZ,11:16:01.630,111601630,28559708,4.98,1000,0,B,0,16:12:35.131
000931.SZ,11:16:06.140,111606140,28567422,5.0,8500,0,S,0,16:12:35.326
000931.SZ,11:16:06.150,111606150,28567464,5.0,100,0,B,0,16:12:35.326
000931.SZ,11:16:06.350,111606350,28567766,5.0,300,0,B,0,16:12:35.326
000931.SZ,11:16:10.370,111610370,28574006,4.97,5700,0,S,0,16:12:35.564
000931.SZ,11:16:10.380,111610380,28574026,5.01,300,0,S,0,16:12:35.564
000931.SZ,11:16:10.380,111610380,28574027,5.01,100,0,S,0,16:12:35.564
000931.SZ,11:16:10.380,111610380,28574028,5.01,2200,0,S,0,16:12:35.564
000931.SZ,11:16:10.380,111610380,28574030,5.01,2200,0,S,0,16:12:35.564
000931.SZ,11:16:10.380,111610380,28574031,5.01,2200,0,S,0,16:12:35.564
000931.SZ,11:16:10.380,111610380,28574032,5.01,1800,0,S,0,16:12:35.564
000931.SZ,11:16:12.080,111612080,28576361,5.02,200,0,S,0,16:12:35.564
000931.SZ,11:16:12.980,111612980,28577824,5.0,10000,0,B,0,16:12:35.706
000931.SZ,11:16:12.990,111612990,28577833,5.0,1600,0,S,0,16:12:35.706
000931.SZ,11:16:18.610,111618610,28585607,5.01,5700,0,B,0,16:12:35.879
000931.SZ,11:16:21.260,111621260,28589322,4.97,1200,0,B,0,16:12:36.005
000931.SZ,11:16:22.730,111622730,28591556,5.01,100,0,B,0,16:12:36.145
000931.SZ,11:16:27.390,111627390,28598170,5.01,200,0,S,0,16:12:36.349
000931.SZ,11:16:27.490,111627490,28598297,5.0,200,0,B,0,16:12:36.349
000931.SZ,11:16:31.760,111631760,28605037,5.0,300,0,B,0,16:12:36.499
000931.SZ,11:16:32.100,111632100,28605679,5.0,600,0,B,0,16:12:36.499
000931.SZ,11:16:40.120,111640120,28617511,4.97,5000,0,B,0,16:12:36.803
000931.SZ,11:16:45.300,111645300,28623823,5.01,1300,0,B,0,16:12:36.988
000931.SZ,11:16:45.300,111645300,28623831,5.0,100,0,B,0,16:12:36.988
000931.SZ,11:16:47.520,111647520,28627283,5.0,100,0,B,0,16:12:36.988
000931.SZ,11:16:48.210,111648210,28628227,5.0,10000,0,B,0,16:12:36.988
000931.SZ,11:16:48.650,111648650,28629286,4.96,3000,0,B,0,16:12:37.175
000931.SZ,11:16:55.680,111655680,28645103,5.0,200,0,B,0,16:12:37.548
000931.SZ,11:16:56.730,111656730,28646853,5.0,100,0,B,0,16:12:37.548
000931.SZ,11:16:59.970,111659970,28651903,4.96,100,0,B,0,16:12:37.548
000931.SZ,11:17:00.290,111700290,28652547,5.0,700,0,B,0,16:12:37.813
000931.SZ,11:17:01.740,111701740,28655719,5.0,6600,0,B,0,16:12:37.813
000931.SZ,11:17:02.920,111702920,28657680,5.01,700,0,S,0,16:12:37.813
000931.SZ,11:17:03.180,111703180,28658121,5.01,300,0,S,0,16:12:37.813
000931.SZ,11:17:03.190,111703190,28658195,4.97,1000,0,B,0,16:12:37.971
000931.SZ,11:17:03.390,111703390,28658556,5.01,100,0,S,0,16:12:37.971
000931.SZ,11:17:03.530,111703530,28658860,5.01,100,0,S,0,16:12:37.971
000931.SZ,11:17:04.990,111704990,28661711,5.01,200,0,S,0,16:12:37.971
000931.SZ,11:17:07.550,111707550,28666609,5.01,100,0,S,0,16:12:38.111
000931.SZ,11:17:07.690,111707690,28666869,5.01,400,0,S,0,16:12:38.111
000931.SZ,11:17:07.700,111707700,28666900,5.01,100,0,S,0,16:12:38.111
000931.SZ,11:17:07.830,111707830,28667247,5.01,400,0,S,0,16:12:38.111
000931.SZ,11:17:07.850,111707850,28667271,5.01,200,0,S,0,16:12:38.111
000931.SZ,11:17:14.050,111714050,28679109,5.0,1000,0,B,0,16:12:38.456
000931.SZ,11:17:14.370,111714370,28679692,5.0,2000,0,B,0,16:12:38.456
000931.SZ,11:17:15.830,111715830,28681904,4.94,1000,0,B,0,16:12:38.456
000931.SZ,11:17:17.920,111717920,28685318,4.98,2800,0,B,0,16:12:38.654
000931.SZ,11:17:26.560,111726560,28700503,5.0,200,0,B,0,16:12:38.938
000931.SZ,11:17:26.640,111726640,28700610,4.91,1000,0,B,0,16:12:38.938
000931.SZ,11:17:30.310,111730310,28707774,5.0,6800,0,B,0,16:12:39.034
000931.SZ,11:17:30.690,111730690,28708529,5.01,4600,0,S,0,16:12:39.159
000931.SZ,11:17:36.300,111736300,28718249,4.88,1000,0,B,0,16:12:39.378
000931.SZ,11:17:37.970,111737970,28721200,5.01,15700,0,S,0,16:12:39.378
000931.SZ,11:17:37.980,111737980,28721206,5.0,100,0,B,0,16:12:39.378
000931.SZ,11:17:37.980,111737980,28721207,5.0,100,0,B,0,16:12:39.378
000931.SZ,11:17:37.980,111737980,28721208,5.0,100,0,B,0,16:12:39.378
000931.SZ,11:17:37.980,111737980,28721209,5.0,100,0,B,0,16:12:39.378
000931.SZ,11:17:37.980,111737980,28721210,5.0,100,0,B,0,16:12:39.378
000931.SZ,11:17:37.980,111737980,28721211,5.0,100,0,B,0,16:12:39.378
000931.SZ,11:17:37.980,111737980,28721212,5.0,100,0,B,0,16:12:39.378
000931.SZ,11:17:37.980,111737980,28721214,5.0,100,0,B,0,16:12:39.378
000931.SZ,11:17:37.980,111737980,28721215,5.0,100,0,B,0,16:12:39.378
000931.SZ,11:17:40.040,111740040,28724208,5.02,100,0,S,0,16:12:39.502
000931.SZ,11:17:41.230,111741230,28726405,5.0,5000,0,B,0,16:12:39.623
000931.SZ,11:17:41.900,111741900,28727596,4.98,1800,0,B,0,16:12:39.623
000931.SZ,11:17:46.210,111746210,28734856,4.85,1000,0,B,0,16:12:39.781
000931.SZ,11:17:47.820,111747820,28737241,5.0,200,0,B,0,16:12:39.781
000931.SZ,11:17:49.630,111749630,28740487,4.99,1000,0,B,0,16:12:39.890
000931.SZ,11:17:50.880,111750880,28742077,5.0,8300,0,S,0,16:12:39.890
000931.SZ,11:17:52.470,111752470,28744609,5.01,600,0,S,0,16:12:40.070
000931.SZ,11:17:52.470,111752470,28744612,5.01,2300,0,S,0,16:12:40.070
000931.SZ,11:17:55.180,111755180,28748737,5.01,600,0,S,0,16:12:40.070
000931.SZ,11:17:57.410,111757410,28752527,5.0,100,0,B,0,16:12:40.266
000931.SZ,11:17:57.430,111757430,28752585,4.82,2000,0,B,0,16:12:40.266
000931.SZ,11:18:03.500,111803500,28765042,5.0,100,0,B,0,16:12:40.762
000931.SZ,11:18:04.780,111804780,28767608,5.01,100,0,B,0,16:12:40.762
000931.SZ,11:18:05.110,111805110,28768298,5.01,4600,0,S,0,16:12:40.762
000931.SZ,11:18:05.120,111805120,28768327,5.0,100,0,B,0,16:12:40.762
000931.SZ,11:18:09.840,111809840,28775971,4.78,2000,0,B,0,16:12:40.967
000931.SZ,11:18:14.440,111814440,28782545,4.99,5000,0,B,0,16:12:41.156
000931.SZ,11:18:18.710,111818710,28788100,4.98,5000,0,B,0,16:12:41.360
000931.SZ,11:18:21.280,111821280,28792299,4.73,2000,0,B,0,16:12:41.360
000931.SZ,11:18:21.940,111821940,28793214,4.99,3000,0,B,0,16:12:41.360
000931.SZ,11:18:25.110,111825110,28797474,5.0,1000,0,B,0,16:12:41.572
000931.SZ,11:18:26.310,111826310,28798954,5.0,200,0,B,0,16:12:41.572
000931.SZ,11:18:29.260,111829260,28803259,5.01,4600,0,S,0,16:12:41.715
000931.SZ,11:18:32.150,111832150,28807756,4.68,2000,0,B,0,16:12:41.715
000931.SZ,11:18:43.880,111843880,28824248,4.63,2000,0,B,0,16:12:42.208
000931.SZ,11:18:45.650,111845650,28826556,5.0,12300,0,B,0,16:12:42.208
000931.SZ,11:18:47.560,111847560,28830237,5.0,1000,0,B,0,16:12:42.348
000931.SZ,11:18:47.630,111847630,28830313,5.0,1900,0,B,0,16:12:42.348
000931.SZ,11:18:52.120,111852120,28838545,5.01,900,0,S,0,16:12:42.521
000931.SZ,11:18:53.460,111853460,28840633,4.9,200,0,B,0,16:12:42.641
000931.SZ,11:18:53.590,111853590,28840797,4.59,5000,0,B,0,16:12:42.641
000931.SZ,11:18:57.280,111857280,28845993,5.0,100,0,B,0,16:12:42.752
000931.SZ,11:19:01.940,111901940,28852489,5.01,3100,0,S,0,16:12:43.003
000931.SZ,11:19:02.060,111902060,28852726,5.01,800,0,S,0,16:12:43.003
000931.SZ,11:19:03.810,111903810,28855245,5.01,300,0,S,0,16:12:43.114
000931.SZ,11:19:08.380,111908380,28863270,5.01,200,0,S,0,16:12:43.378
000931.SZ,11:19:11.170,111911170,28868422,5.01,3700,0,S,0,16:12:43.507
000931.SZ,11:19:13.250,111913250,28872023,4.95,100,0,B,0,16:12:43.507
000931.SZ,11:19:26.780,111926780,28890633,5.0,200,0,B,0,16:12:44.018
000931.SZ,11:19:30.180,111930180,28895088,5.01,8000,0,B,0,16:12:44.191
000931.SZ,11:19:30.210,111930210,28895144,5.01,100,0,B,0,16:12:44.191
000931.SZ,11:19:30.210,111930210,28895150,5.01,100,0,B,0,16:12:44.191
000931.SZ,11:19:30.230,111930230,28895169,5.01,100,0,B,0,16:12:44.191
000931.SZ,11:19:30.230,111930230,28895172,5.01,100,0,B,0,16:12:44.191
000931.SZ,11:19:30.230,111930230,28895176,5.01,100,0,B,0,16:12:44.191
000931.SZ,11:19:38.550,111938550,28912940,5.02,100,0,S,0,16:12:44.655
000931.SZ,11:19:44.560,111944560,28924919,5.01,7000,0,B,0,16:12:44.845
000931.SZ,11:19:44.600,111944600,28925039,5.01,200,0,B,0,16:12:44.845
000931.SZ,11:19:47.150,111947150,28930126,5.01,100,0,S,0,16:12:45.049
000931.SZ,11:19:47.150,111947150,28930127,5.01,100,0,S,0,16:12:45.049
000931.SZ,11:19:47.160,111947160,28930149,5.01,100,0,B,0,16:12:45.049
000931.SZ,11:19:47.160,111947160,28930151,5.01,100,0,B,0,16:12:45.049
000931.SZ,11:19:47.160,111947160,28930154,5.01,100,0,B,0,16:12:45.049
000931.SZ,11:19:47.170,111947170,28930179,5.01,100,0,B,0,16:12:45.049
000931.SZ,11:19:47.400,111947400,28930414,4.98,300,0,B,0,16:12:45.049
000931.SZ,11:19:49.150,111949150,28933789,5.01,100,0,S,0,16:12:45.159
000931.SZ,11:19:50.920,111950920,28936506,5.01,6000,0,B,0,16:12:45.159
000931.SZ,11:19:51.220,111951220,28937042,5.45,77800,0,S,0,16:12:45.159
000931.SZ,11:19:57.760,111957760,28948316,5.0,100,0,B,0,16:12:45.476
000931.SZ,11:20:03.120,112003120,28958978,5.01,1400,0,S,0,16:12:45.798
000931.SZ,11:20:03.120,112003120,28958980,5.01,2000,0,S,0,16:12:45.798
000931.SZ,11:20:08.120,112008120,28967090,5.01,600,0,S,0,16:12:46.064
000931.SZ,11:20:09.690,112009690,28969124,5.0,1600,0,B,0,16:12:46.158
000931.SZ,11:20:12.370,112012370,28973384,5.01,100,0,S,0,16:12:46.298
000931.SZ,11:20:12.440,112012440,28973487,5.01,100,0,S,0,16:12:46.298
000931.SZ,11:20:12.440,112012440,28973488,5.01,300,0,S,0,16:12:46.298
000931.SZ,11:20:13.790,112013790,28975647,5.0,500,0,B,0,16:12:46.298
000931.SZ,11:20:14.030,112014030,28975973,5.01,100,0,S,0,16:12:46.298
000931.SZ,11:20:14.550,112014550,28976813,5.0,20000,0,B,0,16:12:46.298
000931.SZ,11:20:27.900,112027900,29000608,5.0,100,0,B,0,16:12:46.908
000931.SZ,11:20:31.050,112031050,29005199,5.01,400,0,B,0,16:12:47.017
000931.SZ,11:20:34.000,112034000,29009527,4.99,10000,0,B,0,16:12:47.187
000931.SZ,11:20:36.900,112036900,29014676,5.01,200,0,B,0,16:12:47.187
000931.SZ,11:20:38.130,112038130,29016509,5.01,800,0,S,0,16:12:47.359
000931.SZ,11:20:39.750,112039750,29018455,5.01,100,0,S,0,16:12:47.359
000931.SZ,11:20:43.130,112043130,29024065,5.01,600,0,S,0,16:12:47.502
000931.SZ,11:20:51.010,112051010,29039887,5.0,200,0,S,0,16:12:47.841
000931.SZ,11:20:52.140,112052140,29042788,5.01,600,0,S,0,16:12:47.999
000931.SZ,11:20:57.540,112057540,29053042,5.0,200,0,B,0,16:12:48.125
000931.SZ,11:20:58.920,112058920,29055586,5.0,800,0,B,0,16:12:48.312
000931.SZ,11:20:59.640,112059640,29056746,5.01,3000,0,B,0,16:12:48.312
000931.SZ,11:20:59.750,112059750,29056912,5.01,1500,0,S,0,16:12:48.312
000931.SZ,11:20:59.750,112059750,29056917,5.01,1200,0,S,0,16:12:48.312
000931.SZ,11:20:59.760,112059760,29056934,5.01,1400,0,S,0,16:12:48.312
000931.SZ,11:20:59.760,112059760,29056935,5.01,700,0,S,0,16:12:48.312
000931.SZ,11:20:59.770,112059770,29056949,5.01,700,0,S,0,16:12:48.312
000931.SZ,11:20:59.770,112059770,29056950,5.01,1200,0,S,0,16:12:48.312
000931.SZ,11:20:59.770,112059770,29056952,5.01,900,0,S,0,16:12:48.312
000931.SZ,11:20:59.770,112059770,29056954,5.01,1100,0,S,0,16:12:48.312
000931.SZ,11:21:03.080,112103080,29063762,4.95,300,0,B,0,16:12:48.471
000931.SZ,11:21:03.080,112103080,29063772,5.01,200,0,S,0,16:12:48.471
000931.SZ,11:21:03.090,112103090,29063783,5.01,200,0,S,0,16:12:48.471
000931.SZ,11:21:03.090,112103090,29063798,5.01,200,0,S,0,16:12:48.471
000931.SZ,11:21:07.450,112107450,29073001,5.0,5000,0,B,0,16:12:48.835
000931.SZ,11:21:14.940,112114940,29085430,5.0,8600,0,B,0,16:12:49.119
000931.SZ,11:21:15.640,112115640,29086554,5.0,100,0,S,0,16:12:49.119
000931.SZ,11:21:27.870,112127870,29104456,5.0,100,0,B,0,16:12:49.529
000931.SZ,11:21:28.720,112128720,29105767,5.01,1900,0,S,0,16:12:49.604
000931.SZ,11:21:29.720,112129720,29107141,5.0,1000,0,B,0,16:12:49.604
000931.SZ,11:21:29.780,112129780,29107209,5.01,4400,0,S,0,16:12:49.604
000931.SZ,11:21:31.010,112131010,29109750,5.01,700,0,S,0,16:12:49.604
000931.SZ,11:21:31.020,112131020,29109762,5.01,700,0,S,0,16:12:49.604
000931.SZ,11:21:34.760,112134760,29115615,5.0,400,0,S,0,16:12:49.729
000931.SZ,11:21:35.550,112135550,29116798,4.98,1000,0,B,0,16:12:49.883
