code,raw_code,date,action_day,time,time_raw,status,price,open,high,low,pre_close,high_limited,low_limited,volume,turnover,num_trades,BidPrice1,BidVolume1,AskPrice1,AskVolume1,BidPrice2,BidVolume2,AskPrice2,AskVolume2,BidPrice3,BidVolume3,AskPrice3,AskVolume3,BidPrice4,BidVolume4,AskPrice4,AskVolume4,BidPrice5,BidVolume5,AskPrice5,AskVolume5,BidPrice6,BidVolume6,AskPrice6,AskVolume6,BidPrice7,BidVolume7,AskPrice7,AskVolume7,BidPrice8,BidVolume8,AskPrice8,AskVolume8,BidPrice9,BidVolume9,AskPrice9,AskVolume9,BidPrice10,BidVolume10,AskPrice10,AskVolume10,total_bid_vol,total_ask_vol,recv_time
000931.SZ,000931,20260421,20260421,08:00:00.000,80000000,0,0.0,0.0,0.0,0.0,5.1,0.0,0.0,0,0.0,0,0.0,0,0.0,0,0.0,0,0.0,0,0.0,0,0.0,0,0.0,0,0.0,0,0.0,0,0.0,0,0.0,0,0.0,0,0.0,0,0.0,0,0.0,0,0.0,0,0.0,0,0.0,0,0.0,0,0.0,0,0,0,16:02:50.712
000931.SZ,000931,20260421,20260421,08:28:39.000,82839000,70,0.0,0.0,0.0,0.0,5.1,5.61,4.59,0,0.0,0,0.0,0,0.0,0,0.0,0,0.0,0,0.0,0,0.0,0,0.0,0,0.0,0,0.0,0,0.0,0,0.0,0,0.0,0,0.0,0,0.0,0,0.0,0,0.0,0,0.0,0,0.0,0,0.0,0,0.0,0,0,0,16:02:50.712
000931.SZ,000931,20260421,20260421,08:28:45.000,82845000,70,0.0,0.0,0.0,0.0,5.1,5.61,4.59,0,0.0,0,0.0,0,0.0,0,0.0,0,0.0,0,0.0,0,0.0,0,0.0,0,0.0,0,0.0,0,0.0,0,0.0,0,0.0,0,0.0,0,0.0,0,0.0,0,0.0,0,0.0,0,0.0,0,0.0,0,0.0,0,0,0,16:02:50.712
000931.SZ,000931,20260421,20260421,09:15:00.000,91500000,73,0.0,0.0,0.0,0.0,5.1,5.61,4.59,0,0.0,0,0.0,0,0.0,0,0.0,0,0.0,0,0.0,0,0.0,0,0.0,0,0.0,0,0.0,0,0.0,0,0.0,0,0.0,0,0.0,0,0.0,0,0.0,0,0.0,0,0.0,0,0.0,0,0.0,0,0.0,0,0,0,16:02:50.712
000931.SZ,000931,20260421,20260421,09:15:09.000,91509000,73,0.0,0.0,0.0,0.0,5.1,5.61,4.59,0,0.0,0,5.13,2700,5.13,2700,0.0,0,0.0,6632,0.0,0,0.0,0,0.0,0,0.0,0,0.0,0,0.0,0,0.0,0,0.0,0,0.0,0,0.0,0,0.0,0,0.0,0,0.0,0,0.0,0,0.0,0,0.0,0,0,0,16:02:54.342
000931.SZ,000931,20260421,20260421,09:15:27.000,91527000,73,0.0,0.0,0.0,0.0,5.1,5.61,4.59,0,0.0,0,5.13,3100,5.13,3100,0.0,0,0.0,7412,0.0,0,0.0,0,0.0,0,0.0,0,0.0,0,0.0,0,0.0,0,0.0,0,0.0,0,0.0,0,0.0,0,0.0,0,0.0,0,0.0,0,0.0,0,0.0,0,0,0,16:02:54.808
000931.SZ,000931,20260421,20260421,09:15:54.000,91554000,73,0.0,0.0,0.0,0.0,5.1,5.61,4.59,0,0.0,0,5.13,3800,5.13,3800,0.0,0,0.0,6712,0.0,0,0.0,0,0.0,0,0.0,0,0.0,0,0.0,0,0.0,0,0.0,0,0.0,0,0.0,0,0.0,0,0.0,0,0.0,0,0.0,0,0.0,0,0.0,0,0,0,16:02:55.073
000931.SZ,000931,20260421,20260421,09:16:12.000,91612000,73,0.0,0.0,0.0,0.0,5.1,5.61,4.59,0,0.0,0,5.13,8800,5.13,8800,0.0,0,0.0,1912,0.0,0,0.0,0,0.0,0,0.0,0,0.0,0,0.0,0,0.0,0,0.0,0,0.0,0,0.0,0,0.0,0,0.0,0,0.0,0,0.0,0,0.0,0,0.0,0,0,0,16:02:55.125
000931.SZ,000931,20260421,20260421,09:16:21.000,91621000,73,0.0,0.0,0.0,0.0,5.1,5.61,4.59,0,0.0,0,5.13,9400,5.13,9400,0.0,0,0.0,1912,0.0,0,0.0,0,0.0,0,0.0,0,0.0,0,0.0,0,0.0,0,0.0,0,0.0,0,0.0,0,0.0,0,0.0,0,0.0,0,0.0,0,0.0,0,0.0,0,0,0,16:02:55.271
000931.SZ,000931,20260421,20260421,09:17:24.000,91724000,73,0.0,0.0,0.0,0.0,5.1,5.61,4.59,0,0.0,0,5.13,9400,5.13,9400,0.0,0,0.0,2512,0.0,0,0.0,0,0.0,0,0.0,0,0.0,0,0.0,0,0.0,0,0.0,0,0.0,0,0.0,0,0.0,0,0.0,0,0.0,0,0.0,0,0.0,0,0.0,0,0,0,16:02:55.648
000931.SZ,000931,20260421,20260421,09:17:51.000,91751000,73,0.0,0.0,0.0,0.0,5.1,5.61,4.59,0,0.0,0,5.13,10600,5.13,10600,0.0,0,0.0,1712,0.0,0,0.0,0,0.0,0,0.0,0,0.0,0,0.0,0,0.0,0,0.0,0,0.0,0,0.0,0,0.0,0,0.0,0,0.0,0,0.0,0,0.0,0,0.0,0,0,0,16:02:55.810
000931.SZ,000931,20260421,20260421,09:18:00.000,91800000,73,0.0,0.0,0.0,0.0,5.1,5.61,4.59,0,0.0,0,5.13,10600,5.13,10600,0.0,0,0.0,4512,0.0,0,0.0,0,0.0,0,0.0,0,0.0,0,0.0,0,0.0,0,0.0,0,0.0,0,0.0,0,0.0,0,0.0,0,0.0,0,0.0,0,0.0,0,0.0,0,0,0,16:02:55.822
000931.SZ,000931,20260421,20260421,09:18:27.000,91827000,73,0.0,0.0,0.0,0.0,5.1,5.61,4.59,0,0.0,0,5.13,10600,5.13,10600,0.0,0,0.0,5112,0.0,0,0.0,0,0.0,0,0.0,0,0.0,0,0.0,0,0.0,0,0.0,0,0.0,0,0.0,0,0.0,0,0.0,0,0.0,0,0.0,0,0.0,0,0.0,0,0,0,16:02:56.192
000931.SZ,000931,20260421,20260421,09:18:36.000,91836000,73,0.0,0.0,0.0,0.0,5.1,5.61,4.59,0,0.0,0,5.13,11100,5.13,11100,0.0,0,0.0,4612,0.0,0,0.0,0,0.0,0,0.0,0,0.0,0,0.0,0,0.0,0,0.0,0,0.0,0,0.0,0,0.0,0,0.0,0,0.0,0,0.0,0,0.0,0,0.0,0,0,0,16:02:56.192
000931.SZ,000931,20260421,20260421,09:18:45.000,91845000,73,0.0,0.0,0.0,0.0,5.1,5.61,4.59,0,0.0,0,5.13,11100,5.13,11100,0.0,0,0.0,5612,0.0,0,0.0,0,0.0,0,0.0,0,0.0,0,0.0,0,0.0,0,0.0,0,0.0,0,0.0,0,0.0,0,0.0,0,0.0,0,0.0,0,0.0,0,0.0,0,0,0,16:02:56.192
000931.SZ,000931,20260421,20260421,09:19:12.000,91912000,73,0.0,0.0,0.0,0.0,5.1,5.61,4.59,0,0.0,0,5.13,11100,5.13,11100,0.0,0,0.0,7012,0.0,0,0.0,0,0.0,0,0.0,0,0.0,0,0.0,0,0.0,0,0.0,0,0.0,0,0.0,0,0.0,0,0.0,0,0.0,0,0.0,0,0.0,0,0.0,0,0,0,16:02:56.505
000931.SZ,000931,20260421,20260421,09:19:21.000,91921000,73,0.0,0.0,0.0,0.0,5.1,5.61,4.59,0,0.0,0,5.13,11100,5.13,11100,0.0,0,0.0,9712,0.0,0,0.0,0,0.0,0,0.0,0,0.0,0,0.0,0,0.0,0,0.0,0,0.0,0,0.0,0,0.0,0,0.0,0,0.0,0,0.0,0,0.0,0,0.0,0,0,0,16:02:56.505
000931.SZ,000931,20260421,20260421,09:19:30.000,91930000,73,0.0,0.0,0.0,0.0,5.1,5.61,4.59,0,0.0,0,5.13,13200,5.13,13200,0.0,0,0.0,7612,0.0,0,0.0,0,0.0,0,0.0,0,0.0,0,0.0,0,0.0,0,0.0,0,0.0,0,0.0,0,0.0,0,0.0,0,0.0,0,0.0,0,0.0,0,0.0,0,0,0,16:02:56.505
000931.SZ,000931,20260421,20260421,09:19:39.000,91939000,73,0.0,0.0,0.0,0.0,5.1,5.61,4.59,0,0.0,0,5.13,13200,5.13,13200,0.0,0,0.0,7912,0.0,0,0.0,0,0.0,0,0.0,0,0.0,0,0.0,0,0.0,0,0.0,0,0.0,0,0.0,0,0.0,0,0.0,0,0.0,0,0.0,0,0.0,0,0.0,0,0,0,16:02:56.842
000931.SZ,000931,20260421,20260421,09:19:48.000,91948000,73,0.0,0.0,0.0,0.0,5.1,5.61,4.59,0,0.0,0,5.13,13200,5.13,13200,0.0,0,0.0,15512,0.0,0,0.0,0,0.0,0,0.0,0,0.0,0,0.0,0,0.0,0,0.0,0,0.0,0,0.0,0,0.0,0,0.0,0,0.0,0,0.0,0,0.0,0,0.0,0,0,0,16:02:56.842
000931.SZ,000931,20260421,20260421,09:20:09.000,92009000,73,0.0,0.0,0.0,0.0,5.1,5.61,4.59,0,0.0,0,5.13,13300,5.13,13300,0.0,0,0.0,15812,0.0,0,0.0,0,0.0,0,0.0,0,0.0,0,0.0,0,0.0,0,0.0,0,0.0,0,0.0,0,0.0,0,0.0,0,0.0,0,0.0,0,0.0,0,0.0,0,0,0,16:02:56.842
000931.SZ,000931,20260421,20260421,09:20:27.000,92027000,73,0.0,0.0,0.0,0.0,5.1,5.61,4.59,0,0.0,0,5.13,13300,5.13,13300,0.0,0,0.0,16412,0.0,0,0.0,0,0.0,0,0.0,0,0.0,0,0.0,0,0.0,0,0.0,0,0.0,0,0.0,0,0.0,0,0.0,0,0.0,0,0.0,0,0.0,0,0.0,0,0,0,16:02:57.124
000931.SZ,000931,20260421,20260421,09:20:36.000,92036000,73,0.0,0.0,0.0,0.0,5.1,5.61,4.59,0,0.0,0,5.13,13300,5.13,13300,0.0,0,0.0,17412,0.0,0,0.0,0,0.0,0,0.0,0,0.0,0,0.0,0,0.0,0,0.0,0,0.0,0,0.0,0,0.0,0,0.0,0,0.0,0,0.0,0,0.0,0,0.0,0,0,0,16:02:57.124
000931.SZ,000931,20260421,20260421,09:21:12.000,92112000,73,0.0,0.0,0.0,0.0,5.1,5.61,4.59,0,0.0,0,5.12,13300,5.12,13300,0.0,0,0.0,132,0.0,0,0.0,0,0.0,0,0.0,0,0.0,0,0.0,0,0.0,0,0.0,0,0.0,0,0.0,0,0.0,0,0.0,0,0.0,0,0.0,0,0.0,0,0.0,0,0,0,16:02:57.368
000931.SZ,000931,20260421,20260421,09:21:21.000,92121000,73,0.0,0.0,0.0,0.0,5.1,5.61,4.59,0,0.0,0,5.09,16600,5.09,16600,0.0,0,0.0,1400,0.0,0,0.0,0,0.0,0,0.0,0,0.0,0,0.0,0,0.0,0,0.0,0,0.0,0,0.0,0,0.0,0,0.0,0,0.0,0,0.0,0,0.0,0,0.0,0,0,0,16:02:57.368
000931.SZ,000931,20260421,20260421,09:22:06.000,92206000,73,0.0,0.0,0.0,0.0,5.1,5.61,4.59,0,0.0,0,5.09,16600,5.09,16600,0.0,0,0.0,1900,0.0,0,0.0,0,0.0,0,0.0,0,0.0,0,0.0,0,0.0,0,0.0,0,0.0,0,0.0,0,0.0,0,0.0,0,0.0,0,0.0,0,0.0,0,0.0,0,0,0,16:02:57.808
000931.SZ,000931,20260421,20260421,09:22:24.000,92224000,73,0.0,0.0,0.0,0.0,5.1,5.61,4.59,0,0.0,0,5.09,16600,5.09,16600,0.0,0,0.0,2500,0.0,0,0.0,0,0.0,0,0.0,0,0.0,0,0.0,0,0.0,0,0.0,0,0.0,0,0.0,0,0.0,0,0.0,0,0.0,0,0.0,0,0.0,0,0.0,0,0,0,16:02:58.059
000931.SZ,000931,20260421,20260421,09:22:42.000,92242000,73,0.0,0.0,0.0,0.0,5.1,5.61,4.59,0,0.0,0,5.09,16600,5.09,16600,0.0,0,0.0,9500,0.0,0,0.0,0,0.0,0,0.0,0,0.0,0,0.0,0,0.0,0,0.0,0,0.0,0,0.0,0,0.0,0,0.0,0,0.0,0,0.0,0,0.0,0,0.0,0,0,0,16:02:58.059
000931.SZ,000931,20260421,20260421,09:22:51.000,92251000,73,0.0,0.0,0.0,0.0,5.1,5.61,4.59,0,0.0,0,5.09,16600,5.09,16600,0.0,0,0.0,10000,0.0,0,0.0,0,0.0,0,0.0,0,0.0,0,0.0,0,0.0,0,0.0,0,0.0,0,0.0,0,0.0,0,0.0,0,0.0,0,0.0,0,0.0,0,0.0,0,0,0,16:02:58.273
000931.SZ,000931,20260421,20260421,09:23:09.000,92309000,73,0.0,0.0,0.0,0.0,5.1,5.61,4.59,0,0.0,0,5.09,17600,5.09,17600,0.0,0,0.0,9000,0.0,0,0.0,0,0.0,0,0.0,0,0.0,0,0.0,0,0.0,0,0.0,0,0.0,0,0.0,0,0.0,0,0.0,0,0.0,0,0.0,0,0.0,0,0.0,0,0,0,16:02:58.273
000931.SZ,000931,20260421,20260421,09:23:27.000,92327000,73,0.0,0.0,0.0,0.0,5.1,5.61,4.59,0,0.0,0,5.09,17600,5.09,17600,0.0,0,0.0,11800,0.0,0,0.0,0,0.0,0,0.0,0,0.0,0,0.0,0,0.0,0,0.0,0,0.0,0,0.0,0,0.0,0,0.0,0,0.0,0,0.0,0,0.0,0,0.0,0,0,0,16:02:58.492
000931.SZ,000931,20260421,20260421,09:23:54.000,92354000,73,0.0,0.0,0.0,0.0,5.1,5.61,4.59,0,0.0,0,5.09,17600,5.09,17600,0.0,0,0.0,13800,0.0,0,0.0,0,0.0,0,0.0,0,0.0,0,0.0,0,0.0,0,0.0,0,0.0,0,0.0,0,0.0,0,0.0,0,0.0,0,0.0,0,0.0,0,0.0,0,0,0,16:02:58.714
000931.SZ,000931,20260421,20260421,09:24:03.000,92403000,73,0.0,0.0,0.0,0.0,5.1,5.61,4.59,0,0.0,0,5.07,23300,5.07,23300,0.0,24200,0.0,0,0.0,0,0.0,0,0.0,0,0.0,0,0.0,0,0.0,0,0.0,0,0.0,0,0.0,0,0.0,0,0.0,0,0.0,0,0.0,0,0.0,0,0.0,0,0.0,0,0,0,16:02:58.967
000931.SZ,000931,20260421,20260421,09:24:21.000,92421000,73,0.0,0.0,0.0,0.0,5.1,5.61,4.59,0,0.0,0,5.07,25600,5.07,25600,0.0,26900,0.0,0,0.0,0,0.0,0,0.0,0,0.0,0,0.0,0,0.0,0,0.0,0,0.0,0,0.0,0,0.0,0,0.0,0,0.0,0,0.0,0,0.0,0,0.0,0,0.0,0,0,0,16:02:59.162
000931.SZ,000931,20260421,20260421,09:24:30.000,92430000,73,0.0,0.0,0.0,0.0,5.1,5.61,4.59,0,0.0,0,5.07,25600,5.07,25600,0.0,27300,0.0,0,0.0,0,0.0,0,0.0,0,0.0,0,0.0,0,0.0,0,0.0,0,0.0,0,0.0,0,0.0,0,0.0,0,0.0,0,0.0,0,0.0,0,0.0,0,0.0,0,0,0,16:02:59.352
000931.SZ,000931,20260421,20260421,09:24:39.000,92439000,73,0.0,0.0,0.0,0.0,5.1,5.61,4.59,0,0.0,0,5.07,25700,5.07,25700,0.0,27200,0.0,0,0.0,0,0.0,0,0.0,0,0.0,0,0.0,0,0.0,0,0.0,0,0.0,0,0.0,0,0.0,0,0.0,0,0.0,0,0.0,0,0.0,0,0.0,0,0.0,0,0,0,16:02:59.555
000931.SZ,000931,20260421,20260421,09:24:48.000,92448000,73,0.0,0.0,0.0,0.0,5.1,5.61,4.59,0,0.0,0,5.08,26200,5.08,26200,0.0,0,0.0,15000,0.0,0,0.0,0,0.0,0,0.0,0,0.0,0,0.0,0,0.0,0,0.0,0,0.0,0,0.0,0,0.0,0,0.0,0,0.0,0,0.0,0,0.0,0,0.0,0,0,0,16:02:59.555
000931.SZ,000931,20260421,20260421,09:24:57.000,92457000,73,0.0,0.0,0.0,0.0,5.1,5.61,4.59,0,0.0,0,5.07,33900,5.07,33900,0.0,21200,0.0,0,0.0,0,0.0,0,0.0,0,0.0,0,0.0,0,0.0,0,0.0,0,0.0,0,0.0,0,0.0,0,0.0,0,0.0,0,0.0,0,0.0,0,0.0,0,0.0,0,0,0,16:02:59.918
000931.SZ,000931,20260421,20260421,09:25:00.000,92500000,80,5.09,5.09,5.09,5.09,5.1,5.61,4.59,70500,35.8845,53,5.08,1700,5.09,31700,5.07,28300,5.1,13832,5.06,700,5.11,4500,5.05,5300,5.12,8900,5.04,2200,5.13,34380,5.03,600,5.14,37800,5.02,10100,5.15,29800,5.01,24000,5.16,33200,5.0,120700,5.17,8200,4.98,47400,5.18,15700,539600,884412,16:03:00.383
000931.SZ,000931,20260421,20260421,09:30:00.000,93000000,79,5.08,5.09,5.09,5.08,5.1,5.61,4.59,83200,42.3381,69,5.08,400,5.09,40900,5.07,28300,5.1,13832,5.06,700,5.11,4500,5.05,5300,5.12,9900,5.04,2200,5.13,35380,5.03,600,5.14,37800,5.02,10100,5.15,29800,5.01,40400,5.16,33200,5.0,120700,5.17,8200,4.98,47400,5.18,15700,601400,898212,16:03:01.951
000931.SZ,000931,20260421,20260421,09:30:03.000,93003000,79,5.08,5.09,5.09,5.07,5.1,5.61,4.59,135300,68.7867,148,5.07,22400,5.08,14300,5.06,700,5.09,65400,5.05,11700,5.1,14132,5.04,17500,5.11,9500,5.03,600,5.12,31500,5.02,18400,5.13,40980,5.01,41400,5.14,67800,5.0,121200,5.15,65200,4.99,2200,5.16,47500,4.98,47800,5.17,9100,668400,1149012,16:03:03.331
000931.SZ,000931,20260421,20260421,09:30:06.000,93006000,79,5.07,5.09,5.09,5.06,5.1,5.61,4.59,175200,89.022,198,5.05,14500,5.07,55100,5.04,20500,5.08,31800,5.03,600,5.09,76600,5.02,18400,5.1,14532,5.01,46400,5.11,9500,5.0,126200,5.12,39500,4.99,2200,5.13,42980,4.98,47800,5.14,68800,4.97,12200,5.15,66200,4.96,101800,5.16,47500,722600,1251212,16:03:04.646
000931.SZ,000931,20260421,20260421,09:30:09.000,93009000,79,5.05,5.09,5.09,5.05,5.1,5.61,4.59,184700,93.8247,223,5.05,13800,5.06,16900,5.04,20600,5.07,69300,5.03,600,5.08,30900,5.02,18400,5.09,55900,5.01,46400,5.1,14532,5.0,126600,5.11,9500,4.99,2200,5.12,39500,4.98,48700,5.13,42980,4.97,12200,5.14,70800,4.96,101800,5.15,66200,700300,1270612,16:03:05.787
000931.SZ,000931,20260421,20260421,09:30:12.000,93012000,79,5.05,5.09,5.09,5.05,5.1,5.61,4.59,193100,98.0673,232,5.05,9300,5.06,30800,5.04,20900,5.07,73000,5.03,600,5.08,27200,5.02,18400,5.09,55100,5.01,46400,5.1,14532,5.0,126600,5.11,9500,4.99,2200,5.12,39500,4.98,48700,5.13,42980,4.97,12200,5.14,70800,4.96,101800,5.15,66200,696100,1283712,16:03:07.132
000931.SZ,000931,20260421,20260421,09:30:15.000,93015000,79,5.05,5.09,5.09,5.05,5.1,5.61,4.59,210100,106.6526,266,5.05,2700,5.06,39300,5.04,20900,5.07,73000,5.03,600,5.08,13900,5.02,18600,5.09,41300,5.01,46400,5.1,14532,5.0,126600,5.11,9500,4.99,2200,5.12,39500,4.98,48700,5.13,42980,4.97,12200,5.14,70800,4.96,101800,5.15,66200,689700,1265112,16:03:08.384
000931.SZ,000931,20260421,20260421,09:30:18.000,93018000,79,5.05,5.09,5.09,5.04,5.1,5.61,4.59,230700,117.0648,301,5.05,7400,5.06,52600,5.04,20600,5.07,67000,5.03,600,5.08,13800,5.02,18600,5.09,40200,5.01,46400,5.1,14432,5.0,126600,5.11,9500,4.99,2200,5.12,39500,4.98,48700,5.13,42980,4.97,12200,5.14,70800,4.96,101800,5.15,66200,695100,1271112,16:03:09.575
000931.SZ,000931,20260421,20260421,09:30:21.000,93021000,79,5.06,5.09,5.09,5.04,5.1,5.61,4.59,261200,132.496,344,5.05,7000,5.06,33500,5.04,20800,5.07,89900,5.03,600,5.08,13800,5.02,18600,5.09,35900,5.01,46400,5.1,14432,5.0,126800,5.11,9500,4.99,2200,5.12,38900,4.98,48700,5.13,39380,4.97,12200,5.14,70800,4.96,101800,5.15,66200,695100,1266412,16:03:10.942
000931.SZ,000931,20260421,20260421,09:30:24.000,93024000,79,5.06,5.09,5.09,5.04,5.1,5.61,4.59,271700,137.8087,353,5.05,15200,5.06,28000,5.04,21200,5.07,89900,5.03,600,5.08,13800,5.02,18600,5.09,34300,5.01,46400,5.1,14432,5.0,126800,5.11,9500,4.99,2200,5.12,38900,4.98,48700,5.13,39380,4.97,12200,5.14,70800,4.96,101800,5.15,66200,703700,1259312,16:03:12.214
000931.SZ,000931,20260421,20260421,09:30:27.000,93027000,79,5.07,5.09,5.09,5.04,5.1,5.61,4.59,308600,156.4828,385,5.06,2600,5.07,85200,5.05,24300,5.08,13800,5.04,21200,5.09,23300,5.03,600,5.1,14432,5.02,18600,5.11,9500,5.01,46400,5.12,38900,5.0,126800,5.13,39380,4.99,2200,5.14,70800,4.98,50300,5.15,66200,4.97,12200,5.16,47500,717000,1215612,16:03:13.485
000931.SZ,000931,20260421,20260421,09:30:30.000,93030000,79,5.07,5.09,5.09,5.04,5.1,5.61,4.59,317900,161.1979,398,5.06,7600,5.07,79200,5.05,34400,5.08,13800,5.04,21200,5.09,23300,5.03,600,5.1,14432,5.02,18600,5.11,9500,5.01,46400,5.12,38900,5.0,126800,5.13,39380,4.99,2200,5.14,70800,4.98,50300,5.15,66200,4.97,12200,5.16,47500,783100,1209612,16:03:14.779
000931.SZ,000931,20260421,20260421,09:30:33.000,93033000,79,5.07,5.09,5.09,5.04,5.1,5.61,4.59,332000,168.3466,410,5.06,20800,5.07,68300,5.05,34400,5.08,13800,5.04,21200,5.09,23300,5.03,1600,5.1,14432,5.02,18600,5.11,9500,5.01,46400,5.12,38900,5.0,126800,5.13,39380,4.99,2200,5.14,70800,4.98,50300,5.15,66200,4.97,12200,5.16,47500,801800,1201712,16:03:16.158
000931.SZ,000931,20260421,20260421,09:30:36.000,93036000,79,5.07,5.09,5.09,5.04,5.1,5.61,4.59,376400,190.8574,456,5.06,28700,5.07,25700,5.05,35400,5.08,19600,5.04,21200,5.09,23300,5.03,1600,5.1,11732,5.02,18600,5.11,9500,5.01,46400,5.12,38900,5.0,126800,5.13,39380,4.99,2200,5.14,70800,4.98,50300,5.15,66200,4.97,12200,5.16,47500,811000,1162212,16:03:17.432
000931.SZ,000931,20260421,20260421,09:30:39.000,93039000,79,5.08,5.09,5.09,5.04,5.1,5.61,4.59,405500,205.6145,488,5.07,54100,5.08,16100,5.06,46700,5.09,23600,5.05,35800,5.1,11732,5.04,21200,5.11,6500,5.03,1600,5.12,38900,5.02,18600,5.13,39380,5.01,46400,5.14,70800,5.0,126800,5.15,66200,4.99,2200,5.16,47500,4.98,53400,5.17,9100,886600,1130312,16:03:18.613
000931.SZ,000931,20260421,20260421,09:30:42.000,93042000,79,5.08,5.09,5.09,5.04,5.1,5.61,4.59,431500,218.8201,527,5.07,55500,5.08,14000,5.06,42800,5.09,18500,5.05,26700,5.1,11732,5.04,20400,5.11,6500,5.03,1600,5.12,38900,5.02,12100,5.13,39380,5.01,47300,5.14,70800,5.0,126800,5.15,66200,4.99,2200,5.16,47500,4.98,54400,5.17,9100,869600,1125312,16:03:19.089
000931.SZ,000931,20260421,20260421,09:30:45.000,93045000,79,5.08,5.09,5.09,5.04,5.1,5.61,4.59,435300,220.7496,533,5.07,51000,5.08,25800,5.06,46400,5.09,18500,5.05,24500,5.1,4232,5.04,20400,5.11,6500,5.03,1600,5.12,38900,5.02,12100,5.13,39380,5.01,47300,5.14,70800,5.0,126800,5.15,66200,4.99,2200,5.16,47500,4.98,54400,5.17,9100,871500,1129612,16:03:19.812
000931.SZ,000931,20260421,20260421,09:30:48.000,93048000,79,5.08,5.09,5.09,5.04,5.1,5.61,4.59,457100,231.824,542,5.07,105200,5.08,4100,5.06,33400,5.09,18500,5.05,26500,5.1,4232,5.04,20400,5.11,5000,5.03,1600,5.12,38900,5.02,12100,5.13,39380,5.01,47300,5.14,70800,5.0,126800,5.15,66200,4.99,2200,5.16,47500,4.98,54400,5.17,9100,914700,1107412,16:03:21.080
000931.SZ,000931,20260421,20260421,09:30:51.000,93051000,79,5.08,5.09,5.09,5.04,5.1,5.61,4.59,483400,245.1598,561,5.07,76900,5.08,13000,5.06,30700,5.09,18500,5.05,26500,5.1,4232,5.04,20400,5.11,8000,5.03,1600,5.12,38900,5.02,12100,5.13,39380,5.01,47300,5.14,70800,5.0,126800,5.15,66200,4.99,2200,5.16,47500,4.98,54400,5.17,9100,883700,1119312,16:03:22.332
000931.SZ,000931,20260421,20260421,09:30:54.000,93054000,79,5.08,5.09,5.09,5.04,5.1,5.61,4.59,489700,248.3602,566,5.07,76900,5.08,6700,5.06,29200,5.09,18500,5.05,16500,5.1,4232,5.04,20400,5.11,8000,5.03,1600,5.12,38900,5.02,12100,5.13,39380,5.01,47300,5.14,70800,5.0,126800,5.15,66200,4.99,2200,5.16,47500,4.98,54400,5.17,9100,872300,1113112,16:03:23.728
000931.SZ,000931,20260421,20260421,09:30:57.000,93057000,79,5.09,5.09,5.09,5.04,5.1,5.61,4.59,523600,265.5999,583,5.08,5900,5.1,4232,5.07,80500,5.11,8000,5.06,28400,5.12,38900,5.05,16500,5.13,39380,5.04,20400,5.14,72800,5.03,1600,5.15,66200,5.02,12100,5.16,47500,5.01,47300,5.17,9100,5.0,127800,5.18,27500,4.99,2200,5.19,11700,883000,1091912,16:03:24.924
000931.SZ,000931,20260421,20260421,09:31:00.000,93100000,79,5.09,5.09,5.09,5.04,5.1,5.61,4.59,527600,267.6359,587,5.09,400,5.1,8332,5.08,59100,5.11,8000,5.07,78400,5.12,38900,5.06,22200,5.13,39380,5.05,17000,5.14,72800,5.04,20400,5.15,66200,5.03,1600,5.16,47500,5.02,12100,5.17,9100,5.01,47300,5.18,27500,5.0,127800,5.19,11700,928800,1096012,16:03:26.265
000931.SZ,000931,20260421,20260421,09:31:03.000,93103000,79,5.1,5.09,5.1,5.04,5.1,5.61,4.59,527800,267.7379,589,5.09,38300,5.1,11032,5.08,52600,5.11,8000,5.07,68600,5.12,38900,5.06,22100,5.13,39380,5.05,17000,5.14,72800,5.04,20400,5.15,66200,5.03,2600,5.16,47500,5.02,12100,5.17,9100,5.01,47300,5.18,27500,5.0,127800,5.19,11700,956300,1098712,16:03:27.729
000931.SZ,000931,20260421,20260421,09:31:06.000,93106000,79,5.09,5.09,5.1,5.04,5.1,5.61,4.59,531500,269.6212,593,5.09,34600,5.1,16132,5.08,52600,5.11,8500,5.07,68500,5.12,38900,5.06,22100,5.13,39380,5.05,17000,5.14,72800,5.04,20400,5.15,66200,5.03,2600,5.16,47500,5.02,12100,5.17,9100,5.01,47300,5.18,27500,5.0,127800,5.19,11700,953500,1104312,16:03:29.007
000931.SZ,000931,20260421,20260421,09:31:09.000,93109000,79,5.1,5.09,5.1,5.04,5.1,5.61,4.59,538600,273.2367,603,5.09,30300,5.1,41232,5.08,52500,5.11,17000,5.07,69100,5.12,38900,5.06,22100,5.13,38380,5.05,17000,5.14,72800,5.04,20400,5.15,46200,5.03,2600,5.16,47500,5.02,12100,5.17,9100,5.01,47300,5.18,27500,5.0,127800,5.19,11700,949700,1149812,16:03:30.226
000931.SZ,000931,20260421,20260421,09:31:12.000,93112000,79,5.09,5.09,5.1,5.04,5.1,5.61,4.59,540200,274.0511,607,5.09,28700,5.1,41232,5.08,52500,5.11,17000,5.07,69100,5.12,39300,5.06,22100,5.13,38380,5.05,17000,5.14,72800,5.04,20400,5.15,46200,5.03,2600,5.16,47500,5.02,12100,5.17,9100,5.01,47300,5.18,27500,5.0,127800,5.19,11700,948700,1151212,16:03:31.272
000931.SZ,000931,20260421,20260421,09:31:15.000,93115000,79,5.09,5.09,5.1,5.04,5.1,5.61,4.59,542200,275.0691,609,5.09,26700,5.1,50832,5.08,52700,5.11,17000,5.07,69100,5.12,39300,5.06,22100,5.13,38380,5.05,17000,5.14,72800,5.04,20400,5.15,47500,5.03,2600,5.16,47500,5.02,12100,5.17,9100,5.01,47300,5.18,27500,5.0,127800,5.19,11700,948900,1163112,16:03:32.366
000931.SZ,000931,20260421,20260421,09:31:18.000,93118000,79,5.09,5.09,5.1,5.04,5.1,5.61,4.59,554700,281.4316,617,5.09,14200,5.1,84732,5.08,52700,5.11,17000,5.07,69100,5.12,39300,5.06,22100,5.13,38380,5.05,17000,5.14,72800,5.04,20400,5.15,47500,5.03,2600,5.16,47500,5.02,12100,5.17,9100,5.01,47300,5.18,27500,5.0,127800,5.19,11700,946400,1197012,16:03:33.399
000931.SZ,000931,20260421,20260421,09:31:21.000,93121000,79,5.09,5.09,5.1,5.04,5.1,5.61,4.59,557700,282.9586,623,5.09,13000,5.1,84732,5.08,52700,5.11,9000,5.07,69200,5.12,39300,5.06,22100,5.13,38380,5.05,20000,5.14,72800,5.04,20400,5.15,47500,5.03,2600,5.16,47500,5.02,16100,5.17,9100,5.01,47300,5.18,27500,5.0,127600,5.19,11700,952100,1191012,16:03:34.506
000931.SZ,000931,20260421,20260421,09:31:24.000,93124000,79,5.09,5.09,5.1,5.04,5.1,5.61,4.59,585500,297.0979,657,5.08,44100,5.09,7600,5.07,69200,5.1,74832,5.06,22100,5.11,9000,5.05,20000,5.12,39300,5.04,20400,5.13,38380,5.03,2600,5.14,72800,5.02,16100,5.15,47500,5.01,47300,5.16,47500,5.0,127600,5.17,9100,4.99,2200,5.18,27500,933500,1189712,16:03:35.377
000931.SZ,000931,20260421,20260421,09:31:27.000,93127000,79,5.09,5.09,5.1,5.04,5.1,5.61,4.59,594300,301.577,682,5.08,44000,5.09,11900,5.07,69200,5.1,73532,5.06,22100,5.11,10000,5.05,18600,5.12,39300,5.04,20400,5.13,38380,5.03,2600,5.14,72800,5.02,16100,5.15,47500,5.01,47300,5.16,47500,5.0,127600,5.17,9100,4.99,2200,5.18,27500,933200,1193712,16:03:36.125
000931.SZ,000931,20260421,20260421,09:31:30.000,93130000,79,5.09,5.09,5.1,5.04,5.1,5.61,4.59,607700,308.3976,688,5.09,2400,5.1,46732,5.08,48400,5.11,10000,5.07,69200,5.12,39300,5.06,22100,5.13,38380,5.05,18600,5.14,74800,5.04,20400,5.15,47500,5.03,2600,5.16,47500,5.02,16100,5.17,9100,5.01,47300,5.18,27500,5.0,127600,5.19,11700,940000,1157012,16:03:36.966
000931.SZ,000931,20260421,20260421,09:31:33.000,93133000,79,5.09,5.09,5.1,5.04,5.1,5.61,4.59,620100,314.7092,701,5.09,12700,5.1,77132,5.08,48400,5.11,10000,5.07,69200,5.12,39300,5.06,20800,5.13,38380,5.05,20400,5.14,74800,5.04,20400,5.15,47500,5.03,2600,5.16,47500,5.02,16100,5.17,9100,5.01,47300,5.18,27500,5.0,127600,5.19,21700,950800,1197412,16:03:37.855
000931.SZ,000931,20260421,20260421,09:31:36.000,93136000,79,5.09,5.09,5.1,5.04,5.1,5.61,4.59,622200,315.7781,707,5.09,13800,5.1,77132,5.08,48400,5.11,10000,5.07,69200,5.12,41300,5.06,20800,5.13,38380,5.05,20400,5.14,74800,5.04,20400,5.15,47500,5.03,2600,5.16,47500,5.02,16100,5.17,10100,5.01,47300,5.18,27500,5.0,127600,5.19,21700,951900,1200412,16:03:38.593
000931.SZ,000931,20260421,20260421,09:31:39.000,93139000,79,5.09,5.09,5.1,5.04,5.1,5.61,4.59,630300,319.901,720,5.09,10800,5.1,77132,5.08,48400,5.11,10000,5.07,69200,5.12,39700,5.06,20800,5.13,38380,5.05,20400,5.14,74800,5.04,20400,5.15,47500,5.03,2600,5.16,47500,5.02,16100,5.17,10100,5.01,47300,5.18,27500,5.0,127600,5.19,21700,998900,1198812,16:03:39.420
000931.SZ,000931,20260421,20260421,09:31:42.000,93142000,79,5.09,5.09,5.1,5.04,5.1,5.61,4.59,630500,320.0028,722,5.09,12100,5.1,80432,5.08,48400,5.11,10000,5.07,67600,5.12,39700,5.06,20800,5.13,38380,5.05,20400,5.14,74800,5.04,20400,5.15,47500,5.03,2600,5.16,47500,5.02,16100,5.17,10100,5.01,47300,5.18,27500,5.0,127600,5.19,21700,1000600,1202112,16:03:40.087
000931.SZ,000931,20260421,20260421,09:31:45.000,93145000,79,5.09,5.09,5.1,5.04,5.1,5.61,4.59,630500,320.0028,722,5.09,20900,5.1,81032,5.08,48400,5.11,10000,5.07,67300,5.12,39700,5.06,20800,5.13,38380,5.05,20400,5.14,75000,5.04,20400,5.15,47500,5.03,2600,5.16,47500,5.02,16100,5.17,10100,5.01,47300,5.18,27500,5.0,127600,5.19,21700,1010100,1202912,16:03:40.794
000931.SZ,000931,20260421,20260421,09:31:48.000,93148000,79,5.09,5.09,5.1,5.04,5.1,5.61,4.59,641200,325.4501,738,5.09,11400,5.1,83632,5.08,48400,5.11,10000,5.07,67300,5.12,39700,5.06,20800,5.13,38380,5.05,25000,5.14,75000,5.04,5400,5.15,47500,5.03,2600,5.16,47500,5.02,16100,5.17,10100,5.01,47300,5.18,27500,5.0,127600,5.19,21700,990700,1205512,16:03:41.576
000931.SZ,000931,20260421,20260421,09:31:51.000,93151000,79,5.09,5.09,5.1,5.04,5.1,5.61,4.59,652600,331.2527,755,5.09,3000,5.1,89232,5.08,48400,5.11,10000,5.07,67300,5.12,39900,5.06,20800,5.13,38380,5.05,25000,5.14,75000,5.04,5400,5.15,47500,5.03,2600,5.16,47500,5.02,16100,5.17,10100,5.01,47400,5.18,27500,5.0,127600,5.19,21700,982400,1211312,16:03:42.229
000931.SZ,000931,20260421,20260421,09:31:54.000,93154000,79,5.09,5.09,5.1,5.04,5.1,5.61,4.59,656400,333.1869,767,5.09,8900,5.1,90132,5.08,48400,5.11,10000,5.07,67300,5.12,39900,5.06,20800,5.13,38380,5.05,25000,5.14,75500,5.04,5400,5.15,47500,5.03,2600,5.16,47500,5.02,16100,5.17,10100,5.01,47400,5.18,27500,5.0,127600,5.19,21700,953400,1212712,16:03:43.022
000931.SZ,000931,20260421,20260421,09:31:57.000,93157000,79,5.09,5.09,5.1,5.04,5.1,5.61,4.59,668600,339.3967,788,5.09,1800,5.1,92132,5.08,48400,5.11,10000,5.07,67200,5.12,39900,5.06,20800,5.13,38380,5.05,25000,5.14,75500,5.04,5400,5.15,47500,5.03,2600,5.16,47500,5.02,16100,5.17,10100,5.01,47400,5.18,27500,5.0,127600,5.19,21700,946200,1214712,16:03:43.647
000931.SZ,000931,20260421,20260421,09:32:00.000,93200000,79,5.09,5.09,5.1,5.04,5.1,5.61,4.59,673300,341.789,799,5.09,600,5.1,92132,5.08,48400,5.11,10000,5.07,67200,5.12,39900,5.06,20800,5.13,38380,5.05,25000,5.14,75500,5.04,5400,5.15,47500,5.03,2600,5.16,47500,5.02,16100,5.17,10100,5.01,47400,5.18,27500,5.0,127600,5.19,21700,945000,1224712,16:03:44.254
000931.SZ,000931,20260421,20260421,09:32:03.000,93203000,79,5.09,5.09,5.1,5.04,5.1,5.61,4.59,679700,345.0466,810,5.08,48400,5.09,10600,5.07,67200,5.1,95032,5.06,20800,5.11,12900,5.05,25000,5.12,42800,5.04,5400,5.13,38380,5.03,2600,5.14,75500,5.02,16100,5.15,42000,5.01,47400,5.16,47500,5.0,127600,5.17,10100,4.99,2200,5.18,27500,945400,1238712,16:03:45.173
000931.SZ,000931,20260421,20260421,09:32:06.000,93206000,79,5.09,5.09,5.1,5.04,5.1,5.61,4.59,684000,347.2353,819,5.08,50400,5.09,22200,5.07,67200,5.1,62232,5.06,20800,5.11,15900,5.05,25000,5.12,42800,5.04,5400,5.13,38380,5.03,2600,5.14,75500,5.02,16100,5.15,42000,5.01,47400,5.16,47500,5.0,127600,5.17,10100,4.99,2200,5.18,27500,947400,1220512,16:03:45.968
000931.SZ,000931,20260421,20260421,09:32:09.000,93209000,79,5.09,5.09,5.1,5.04,5.1,5.61,4.59,687200,348.8641,821,5.08,51400,5.09,56600,5.07,76400,5.1,56932,5.06,20800,5.11,15900,5.05,25000,5.12,42800,5.04,5400,5.13,38380,5.03,2600,5.14,75500,5.02,16100,5.15,42000,5.01,47400,5.16,47500,5.0,127600,5.17,10100,4.99,2200,5.18,27500,957600,1249612,16:03:46.755
000931.SZ,000931,20260421,20260421,09:32:12.000,93212000,79,5.09,5.09,5.1,5.04,5.1,5.61,4.59,688700,349.6276,825,5.08,68900,5.09,59500,5.07,76400,5.1,90932,5.06,20800,5.11,15900,5.05,25000,5.12,42800,5.04,5400,5.13,38380,5.03,2600,5.14,75500,5.02,16100,5.15,42100,5.01,47400,5.16,47500,5.0,127600,5.17,10100,4.99,2200,5.18,27500,978100,1286612,16:03:47.487
000931.SZ,000931,20260421,20260421,09:32:15.000,93215000,79,5.09,5.09,5.1,5.04,5.1,5.61,4.59,701900,356.3464,830,5.08,70600,5.09,48300,5.07,76400,5.1,90932,5.06,20800,5.11,15900,5.05,25000,5.12,42900,5.04,5400,5.13,38380,5.03,2600,5.14,75500,5.02,16100,5.15,42100,5.01,47400,5.16,47500,5.0,132600,5.17,10100,4.99,2200,5.18,27500,984800,1275512,16:03:48.238
000931.SZ,000931,20260421,20260421,09:32:18.000,93218000,79,5.09,5.09,5.1,5.04,5.1,5.61,4.59,710500,360.7205,842,5.08,67300,5.09,51200,5.07,76400,5.1,90932,5.06,20800,5.11,15900,5.05,25000,5.12,40000,5.04,5400,5.13,38380,5.03,2600,5.14,75500,5.02,16100,5.15,42100,5.01,47400,5.16,47500,5.0,132600,5.17,10100,4.99,2200,5.18,27500,981500,1275512,16:03:48.834
000931.SZ,000931,20260421,20260421,09:32:21.000,93221000,79,5.08,5.09,5.1,5.04,5.1,5.61,4.59,711100,361.0253,843,5.08,66700,5.09,51200,5.07,76400,5.1,90932,5.06,20800,5.11,15900,5.05,25000,5.12,40000,5.04,5400,5.13,38380,5.03,2600,5.14,75500,5.02,16100,5.15,41100,5.01,47400,5.16,47500,5.0,132600,5.17,10100,4.99,2200,5.18,27500,980900,1273812,16:03:49.481
000931.SZ,000931,20260421,20260421,09:32:24.000,93224000,79,5.08,5.09,5.1,5.04,5.1,5.61,4.59,711100,361.0253,843,5.08,66700,5.09,97300,5.07,76400,5.1,90932,5.06,20800,5.11,15900,5.05,25000,5.12,40000,5.04,5400,5.13,38380,5.03,2600,5.14,75500,5.02,16100,5.15,41100,5.01,47400,5.16,47500,5.0,132600,5.17,10100,4.99,2200,5.18,27500,980900,1320212,16:03:50.208
000931.SZ,000931,20260421,20260421,09:32:27.000,93227000,79,5.09,5.09,5.1,5.04,5.1,5.61,4.59,713400,362.196,846,5.08,83500,5.09,98400,5.07,76400,5.1,90132,5.06,20800,5.11,15900,5.05,25000,5.12,40000,5.04,5400,5.13,38380,5.03,2600,5.14,75500,5.02,16100,5.15,41100,5.01,47400,5.16,47500,5.0,132600,5.17,10100,4.99,2200,5.18,27500,998700,1320512,16:03:50.821
000931.SZ,000931,20260421,20260421,09:32:30.000,93230000,79,5.09,5.09,5.1,5.04,5.1,5.61,4.59,720100,365.6063,852,5.08,80700,5.09,91700,5.07,76400,5.1,90132,5.06,20800,5.11,15900,5.05,93600,5.12,40000,5.04,5400,5.13,38380,5.03,2600,5.14,75500,5.02,16100,5.15,41100,5.01,47400,5.16,47500,5.0,132600,5.17,10100,4.99,2200,5.18,27500,1064500,1313812,16:03:51.524
000931.SZ,000931,20260421,20260421,09:32:33.000,93233000,79,5.1,5.09,5.1,5.04,5.1,5.61,4.59,843400,428.3976,939,5.09,43900,5.1,36032,5.08,78200,5.11,15900,5.07,72800,5.12,40000,5.06,20800,5.13,38380,5.05,93600,5.14,75500,5.04,5400,5.15,41100,5.03,2600,5.16,47500,5.02,16100,5.17,10100,5.01,47400,5.18,27500,5.0,132600,5.19,21700,1102300,1168012,16:03:52.112
000931.SZ,000931,20260421,20260421,09:32:36.000,93236000,79,5.09,5.09,5.1,5.04,5.1,5.61,4.59,853600,433.5931,946,5.09,37700,5.1,41432,5.08,78200,5.11,15900,5.07,72800,5.12,40800,5.06,20800,5.13,38380,5.05,93600,5.14,75500,5.04,5400,5.15,41100,5.03,2600,5.16,47500,5.02,16100,5.17,10100,5.01,47400,5.18,27500,5.0,132600,5.19,21700,1096600,1174212,16:03:52.760
000931.SZ,000931,20260421,20260421,09:32:39.000,93239000,79,5.09,5.09,5.1,5.04,5.1,5.61,4.59,858200,435.9353,953,5.09,40300,5.1,45632,5.08,78200,5.11,13000,5.07,72800,5.12,40800,5.06,20800,5.13,38380,5.05,93600,5.14,75500,5.04,5400,5.15,41100,5.03,2600,5.16,47500,5.02,16100,5.17,10100,5.01,47400,5.18,27500,5.0,132600,5.19,21700,1099200,1175512,16:03:53.412
000931.SZ,000931,20260421,20260421,09:32:42.000,93242000,79,5.09,5.09,5.1,5.04,5.1,5.61,4.59,868100,440.9791,958,5.09,18300,5.1,101332,5.08,76600,5.11,14000,5.07,72800,5.12,41700,5.06,20800,5.13,38380,5.05,98600,5.14,75500,5.04,5400,5.15,41100,5.03,2600,5.16,47500,5.02,16100,5.17,10100,5.01,47400,5.18,27500,5.0,132600,5.19,21700,1080600,1235112,16:03:53.818
000931.SZ,000931,20260421,20260421,09:32:45.000,93245000,79,5.09,5.09,5.1,5.04,5.1,5.61,4.59,887700,450.9555,976,5.08,76600,5.09,2200,5.07,72800,5.1,36332,5.06,20800,5.11,14000,5.05,98600,5.12,41700,5.04,5400,5.13,38380,5.03,2600,5.14,75500,5.02,16100,5.15,41100,5.01,47400,5.16,47500,5.0,132600,5.17,10100,4.99,2200,5.18,27500,1063400,1172312,16:03:54.361
000931.SZ,000931,20260421,20260421,09:32:48.000,93248000,79,5.09,5.09,5.1,5.04,5.1,5.61,4.59,894800,454.5646,984,5.09,900,5.1,109832,5.08,71800,5.11,14000,5.07,72800,5.12,41700,5.06,20800,5.13,38380,5.05,98600,5.14,75500,5.04,5400,5.15,41100,5.03,2600,5.16,47500,5.02,16100,5.17,10100,5.01,47400,5.18,27500,5.0,132600,5.19,21700,1059500,1243612,16:03:54.985
000931.SZ,000931,20260421,20260421,09:32:51.000,93251000,79,5.09,5.09,5.1,5.04,5.1,5.61,4.59,896700,455.5317,991,5.08,71800,5.09,300,5.07,72800,5.1,49632,5.06,20800,5.11,14000,5.05,100000,5.12,40900,5.04,5400,5.13,38380,5.03,2600,5.14,80500,5.02,16100,5.15,41100,5.01,47400,5.16,47500,5.0,133600,5.17,10100,4.99,2200,5.18,27500,1061000,1187912,16:03:55.673
000931.SZ,000931,20260421,20260421,09:32:54.000,93254000,79,5.09,5.09,5.1,5.04,5.1,5.61,4.59,900900,457.6664,997,5.08,72600,5.09,3900,5.07,72800,5.1,61332,5.06,20800,5.11,16300,5.05,100000,5.12,40000,5.04,5400,5.13,38380,5.03,2600,5.14,80500,5.02,16100,5.15,41100,5.01,47400,5.16,47500,5.0,133600,5.17,10100,4.99,2200,5.18,27500,1061800,1204612,16:03:56.422
000931.SZ,000931,20260421,20260421,09:32:57.000,93257000,79,5.09,5.09,5.1,5.04,5.1,5.61,4.59,974500,495.0737,1033,5.08,1800,5.09,9900,5.07,72900,5.1,69132,5.06,20800,5.11,17200,5.05,100000,5.12,40000,5.04,5400,5.13,38380,5.03,2600,5.14,80500,5.02,16100,5.15,41100,5.01,47400,5.16,47500,5.0,133600,5.17,10100,4.99,2200,5.18,27500,991100,1219312,16:03:56.965
000931.SZ,000931,20260421,20260421,09:33:00.000,93300000,79,5.08,5.09,5.1,5.04,5.1,5.61,4.59,983500,499.6418,1040,5.08,1600,5.09,22900,5.07,69900,5.1,58132,5.06,20800,5.11,16400,5.05,100000,5.12,40000,5.04,7400,5.13,38380,5.03,2600,5.14,80500,5.02,16100,5.15,41100,5.01,47400,5.16,47500,5.0,133600,5.17,10100,4.99,2200,5.18,27500,989900,1220512,16:03:57.600
000931.SZ,000931,20260421,20260421,09:33:03.000,93303000,79,5.08,5.09,5.1,5.04,5.1,5.61,4.59,983500,499.6418,1040,5.08,2000,5.09,35300,5.07,69900,5.1,58132,5.06,20800,5.11,16400,5.05,100000,5.12,40000,5.04,82400,5.13,38380,5.03,2600,5.14,80500,5.02,16100,5.15,41100,5.01,47400,5.16,47500,5.0,133600,5.17,10100,4.99,2200,5.18,27500,1065300,1232912,16:03:58.439
000931.SZ,000931,20260421,20260421,09:33:06.000,93306000,79,5.08,5.09,5.1,5.04,5.1,5.61,4.59,983500,499.6418,1040,5.08,2000,5.09,32300,5.07,69900,5.1,68732,5.06,20800,5.11,16400,5.05,100000,5.12,40000,5.04,82400,5.13,38380,5.03,2600,5.14,80500,5.02,16100,5.15,41100,5.01,47400,5.16,47500,5.0,133600,5.17,10100,4.99,2200,5.18,27500,1065300,1243512,16:03:59.172
000931.SZ,000931,20260421,20260421,09:33:09.000,93309000,79,5.08,5.09,5.1,5.04,5.1,5.61,4.59,985700,500.7594,1047,5.07,69900,5.08,13900,5.06,20800,5.09,31300,5.05,100000,5.1,68332,5.04,82400,5.11,16400,5.03,2600,5.12,40000,5.02,16100,5.13,38380,5.01,47400,5.14,80500,5.0,133600,5.15,41100,4.99,2200,5.16,47500,4.98,55400,5.17,10100,1063300,1256012,16:03:59.847
000931.SZ,000931,20260421,20260421,09:33:12.000,93312000,79,5.07,5.09,5.1,5.04,5.1,5.61,4.59,996100,506.0322,1055,5.07,59500,5.08,19200,5.06,20800,5.09,26900,5.05,100000,5.1,63932,5.04,82400,5.11,15500,5.03,2600,5.12,40000,5.02,16100,5.13,38380,5.01,47400,5.14,80500,5.0,133600,5.15,41100,4.99,2200,5.16,47500,4.98,55400,5.17,10100,1052900,1251612,16:04:00.455
000931.SZ,000931,20260421,20260421,09:33:15.000,93315000,79,5.07,5.09,5.1,5.04,5.1,5.61,4.59,999700,507.8574,1057,5.07,56300,5.08,33900,5.06,20800,5.09,27700,5.05,100000,5.1,66732,5.04,82400,5.11,15500,5.03,2600,5.12,40000,5.02,16100,5.13,38380,5.01,47400,5.14,80500,5.0,133600,5.15,41100,4.99,2200,5.16,47500,4.98,55400,5.17,10100,1049700,1275912,16:04:01.077
000931.SZ,000931,20260421,20260421,09:33:18.000,93318000,79,5.07,5.09,5.1,5.04,5.1,5.61,4.59,1008100,512.1162,1060,5.07,47900,5.08,26900,5.06,20800,5.09,27700,5.05,100000,5.1,66332,5.04,82400,5.11,12500,5.03,2600,5.12,40000,5.02,17100,5.13,38380,5.01,47400,5.14,80500,5.0,133600,5.15,41100,4.99,2200,5.16,47500,4.98,55400,5.17,10100,1052300,1265212,16:04:01.690
000931.SZ,000931,20260421,20260421,09:33:21.000,93321000,79,5.07,5.09,5.1,5.04,5.1,5.61,4.59,1011800,513.9921,1062,5.07,45700,5.08,23900,5.06,21300,5.09,30300,5.05,100000,5.1,64932,5.04,82400,5.11,12500,5.03,2600,5.12,40000,5.02,17100,5.13,38380,5.01,47400,5.14,80500,5.0,133600,5.15,41100,4.99,2200,5.16,47500,4.98,55400,5.17,10100,1050600,1268212,16:04:02.282
000931.SZ,000931,20260421,20260421,09:33:24.000,93324000,79,5.07,5.09,5.1,5.04,5.1,5.61,4.59,1034900,525.7038,1066,5.07,23700,5.08,98500,5.06,21300,5.09,32200,5.05,99000,5.1,61432,5.04,82400,5.11,12500,5.03,2600,5.12,40000,5.02,17100,5.13,38380,5.01,47400,5.14,80500,5.0,133600,5.15,41100,4.99,2200,5.16,47500,4.98,55400,5.17,10100,1027600,1341212,16:04:02.893
000931.SZ,000931,20260421,20260421,09:33:27.000,93327000,79,5.07,5.09,5.1,5.04,5.1,5.61,4.59,1041900,529.2528,1069,5.07,18600,5.08,99200,5.06,21400,5.09,17600,5.05,99000,5.1,55732,5.04,82400,5.11,12500,5.03,2600,5.12,40000,5.02,17100,5.13,38380,5.01,47400,5.14,50500,5.0,133600,5.15,41100,4.99,2200,5.16,47500,4.98,55400,5.17,10100,1022600,1291612,16:04:03.483
000931.SZ,000931,20260421,20260421,09:33:30.000,93330000,79,5.07,5.09,5.1,5.04,5.1,5.61,4.59,1042400,529.5063,1072,5.07,45600,5.08,103800,5.06,21400,5.09,17600,5.05,99000,5.1,56332,5.04,82400,5.11,12500,5.03,2600,5.12,40000,5.02,17100,5.13,38380,5.01,47400,5.14,50500,5.0,133600,5.15,41100,4.99,2200,5.16,47500,4.98,55400,5.17,10100,1049600,1296812,16:04:04.059
000931.SZ,000931,20260421,20260421,09:33:33.000,93333000,79,5.07,5.09,5.1,5.04,5.1,5.61,4.59,1046100,531.3823,1078,5.07,44800,5.08,104700,5.06,21400,5.09,17300,5.05,99000,5.1,56332,5.04,82400,5.11,12500,5.03,2600,5.12,40300,5.02,17100,5.13,38380,5.01,47400,5.14,50500,5.0,133600,5.15,41100,4.99,2200,5.16,47500,4.98,55400,5.17,10100,1048800,1297712,16:04:04.623
000931.SZ,000931,20260421,20260421,09:33:36.000,93336000,79,5.07,5.09,5.1,5.04,5.1,5.61,4.59,1046300,531.4837,1080,5.07,44600,5.08,108400,5.06,21400,5.09,17300,5.05,99000,5.1,60632,5.04,82400,5.11,12500,5.03,2600,5.12,40300,5.02,17100,5.13,38380,5.01,47400,5.14,50500,5.0,133600,5.15,41100,4.99,2200,5.16,47500,4.98,55400,5.17,10100,1048600,1305712,16:04:05.261
000931.SZ,000931,20260421,20260421,09:33:39.000,93339000,79,5.07,5.09,5.1,5.04,5.1,5.61,4.59,1054300,535.5397,1085,5.07,36100,5.08,34300,5.06,22200,5.09,17300,5.05,99000,5.1,60232,5.04,82400,5.11,12500,5.03,2600,5.12,40300,5.02,17100,5.13,38380,5.01,47400,5.14,50500,5.0,133600,5.15,51100,4.99,2200,5.16,47500,4.98,55400,5.17,10100,1040900,1241212,16:04:05.814
000931.SZ,000931,20260421,20260421,09:33:42.000,93342000,79,5.07,5.09,5.1,5.04,5.1,5.61,4.59,1057100,536.9593,1091,5.07,35500,5.08,35100,5.06,22200,5.09,17300,5.05,99000,5.1,60232,5.04,82400,5.11,12500,5.03,12600,5.12,40000,5.02,17100,5.13,38380,5.01,47400,5.14,50500,5.0,133600,5.15,51100,4.99,2200,5.16,47500,4.98,55400,5.17,10100,1050300,1241712,16:04:06.446
000931.SZ,000931,20260421,20260421,09:33:45.000,93345000,79,5.08,5.09,5.1,5.04,5.1,5.61,4.59,1058400,537.6195,1095,5.07,35300,5.08,34000,5.06,22200,5.09,17300,5.05,100000,5.1,60132,5.04,82400,5.11,12500,5.03,12600,5.12,40000,5.02,17100,5.13,38380,5.01,47400,5.14,50500,5.0,133600,5.15,51100,4.99,2200,5.16,47500,4.98,55400,5.17,10100,1051100,1258612,16:04:06.934
000931.SZ,000931,20260421,20260421,09:33:48.000,93348000,79,5.07,5.09,5.1,5.04,5.1,5.61,4.59,1059000,537.9237,1099,5.07,34700,5.08,34000,5.06,22200,5.09,17300,5.05,100000,5.1,60132,5.04,82400,5.11,12500,5.03,12600,5.12,40000,5.02,17100,5.13,38380,5.01,47400,5.14,50500,5.0,133600,5.15,51100,4.99,2200,5.16,47500,4.98,55400,5.17,10100,1050500,1258912,16:04:07.574
000931.SZ,000931,20260421,20260421,09:33:51.000,93351000,79,5.07,5.09,5.1,5.04,5.1,5.61,4.59,1059000,537.9237,1099,5.07,35200,5.08,45000,5.06,22100,5.09,19400,5.05,100000,5.1,60132,5.04,82400,5.11,17500,5.03,12600,5.12,40000,5.02,17100,5.13,38380,5.01,47400,5.14,50500,5.0,133600,5.15,51700,4.99,2200,5.16,47500,4.98,55400,5.17,10100,1050900,1277612,16:04:08.257
000931.SZ,000931,20260421,20260421,09:33:54.000,93354000,79,5.07,5.09,5.1,5.04,5.1,5.61,4.59,1059100,537.9744,1100,5.07,36100,5.08,45000,5.06,22100,5.09,19400,5.05,100000,5.1,60132,5.04,82400,5.11,17500,5.03,12600,5.12,40000,5.02,17100,5.13,38380,5.01,47400,5.14,50500,5.0,135600,5.15,51700,4.99,2200,5.16,47500,4.98,55400,5.17,10100,1053800,1277612,16:04:08.840
000931.SZ,000931,20260421,20260421,09:33:57.000,93357000,79,5.07,5.09,5.1,5.04,5.1,5.61,4.59,1059900,538.38,1102,5.07,35300,5.08,45000,5.06,22100,5.09,19400,5.05,100000,5.1,60132,5.04,82400,5.11,17500,5.03,12600,5.12,40000,5.02,17100,5.13,38380,5.01,47400,5.14,50500,5.0,135600,5.15,51700,4.99,2200,5.16,47500,4.98,55400,5.17,10100,1053000,1277612,16:04:09.411
000931.SZ,000931,20260421,20260421,09:34:00.000,93400000,79,5.07,5.09,5.1,5.04,5.1,5.61,4.59,1063900,540.408,1108,5.07,31300,5.08,44000,5.06,22100,5.09,19400,5.05,100000,5.1,60132,5.04,82400,5.11,17500,5.03,12600,5.12,40000,5.02,17100,5.13,38380,5.01,47400,5.14,50500,5.0,135600,5.15,51700,4.99,2200,5.16,47500,4.98,55400,5.17,10100,1049000,1276612,16:04:10.009
000931.SZ,000931,20260421,20260421,09:34:03.000,93403000,79,5.07,5.09,5.1,5.04,5.1,5.61,4.59,1064000,540.4587,1109,5.07,41000,5.08,40300,5.06,22100,5.09,19400,5.05,100000,5.1,60132,5.04,82400,5.11,17500,5.03,12600,5.12,40000,5.02,17100,5.13,38380,5.01,47400,5.14,50500,5.0,135200,5.15,51700,4.99,2200,5.16,47500,4.98,55400,5.17,10100,1058300,1273812,16:04:10.673
000931.SZ,000931,20260421,20260421,09:34:06.000,93406000,79,5.08,5.09,5.1,5.04,5.1,5.61,4.59,1064200,540.5602,1111,5.07,79600,5.08,45900,5.06,25100,5.09,19500,5.05,100000,5.1,60132,5.04,82400,5.11,17500,5.03,12600,5.12,40000,5.02,17100,5.13,38380,5.01,47400,5.14,50500,5.0,136400,5.15,51700,4.99,2200,5.16,47500,4.98,55400,5.17,10100,1101100,1279512,16:04:11.258
000931.SZ,000931,20260421,20260421,09:34:09.000,93409000,79,5.08,5.09,5.1,5.04,5.1,5.61,4.59,1075700,546.4021,1123,5.07,88400,5.08,35300,5.06,23100,5.09,19500,5.05,100000,5.1,60132,5.04,82400,5.11,17500,5.03,12600,5.12,40000,5.02,17100,5.13,38380,5.01,47400,5.14,50500,5.0,136400,5.15,51700,4.99,2200,5.16,47500,4.98,55400,5.17,10100,1107900,1268912,16:04:11.792
000931.SZ,000931,20260421,20260421,09:34:12.000,93412000,79,5.08,5.09,5.1,5.04,5.1,5.61,4.59,1081900,549.5517,1137,5.07,63100,5.08,29100,5.06,23100,5.09,18900,5.05,100000,5.1,59532,5.04,82400,5.11,17500,5.03,12600,5.12,40000,5.02,17100,5.13,38380,5.01,47400,5.14,50500,5.0,136400,5.15,51700,4.99,2200,5.16,47500,4.98,55400,5.17,10100,1082600,1261512,16:04:12.399
000931.SZ,000931,20260421,20260421,09:34:15.000,93415000,79,5.07,5.09,5.1,5.04,5.1,5.61,4.59,1082000,549.6024,1138,5.07,63500,5.08,30500,5.06,23200,5.09,19300,5.05,100000,5.1,59932,5.04,82400,5.11,17500,5.03,12600,5.12,40000,5.02,17100,5.13,38380,5.01,47400,5.14,51500,5.0,136400,5.15,51700,4.99,2200,5.16,47500,4.98,55400,5.17,10100,1083100,1264712,16:04:12.964
000931.SZ,000931,20260421,20260421,09:34:18.000,93418000,79,5.07,5.09,5.1,5.04,5.1,5.61,4.59,1082100,549.6531,1139,5.07,63400,5.08,30700,5.06,34200,5.09,17200,5.05,100000,5.1,59932,5.04,82400,5.11,17500,5.03,12600,5.12,40000,5.02,17100,5.13,38380,5.01,47400,5.14,51500,5.0,136400,5.15,51700,4.99,2200,5.16,47500,4.98,55400,5.17,10100,1094000,1262812,16:04:13.522
000931.SZ,000931,20260421,20260421,09:34:21.000,93421000,79,5.07,5.09,5.1,5.04,5.1,5.61,4.59,1116700,567.2307,1174,5.08,1500,5.09,16200,5.07,63800,5.1,60732,5.06,34200,5.11,17500,5.05,100000,5.12,40000,5.04,82400,5.13,38380,5.03,12600,5.14,51500,5.02,17100,5.15,51700,5.01,47400,5.16,47500,5.0,136400,5.17,10100,4.99,2200,5.18,28400,1095900,1231912,16:04:14.207
000931.SZ,000931,20260421,20260421,09:34:24.000,93424000,79,5.07,5.09,5.1,5.04,5.1,5.61,4.59,1116700,567.2307,1174,5.08,6900,5.09,16200,5.07,67400,5.1,59932,5.06,34200,5.11,17500,5.05,100000,5.12,40000,5.04,82400,5.13,38380,5.03,12600,5.14,51500,5.02,17100,5.15,51700,5.01,47400,5.16,47500,5.0,136400,5.17,10100,4.99,2200,5.18,28400,1104900,1231112,16:04:14.725
000931.SZ,000931,20260421,20260421,09:34:27.000,93427000,79,5.08,5.09,5.1,5.04,5.1,5.61,4.59,1131800,574.9106,1206,5.08,1300,5.09,6800,5.07,58300,5.1,60332,5.06,34200,5.11,17500,5.05,100000,5.12,40000,5.04,82400,5.13,38380,5.03,12600,5.14,51500,5.02,17100,5.15,51700,5.01,47400,5.16,47500,5.0,136700,5.17,10100,4.99,2200,5.18,28400,1090700,1223112,16:04:15.242
000931.SZ,000931,20260421,20260421,09:34:30.000,93430000,79,5.07,5.09,5.1,5.04,5.1,5.61,4.59,1134300,576.1794,1210,5.08,9800,5.09,7900,5.07,55800,5.1,60632,5.06,34100,5.11,17500,5.05,100000,5.12,40000,5.04,82400,5.13,38380,5.03,2600,5.14,51500,5.02,17100,5.15,51700,5.01,47600,5.16,47500,5.0,136700,5.17,10100,4.99,2200,5.18,28400,1086800,1224512,16:04:15.801
000931.SZ,000931,20260421,20260421,09:34:33.000,93433000,79,5.08,5.09,5.1,5.04,5.1,5.61,4.59,1138400,578.2635,1217,5.08,10400,5.09,6600,5.07,55800,5.1,60632,5.06,34100,5.11,17500,5.05,100000,5.12,40000,5.04,82400,5.13,38380,5.03,2600,5.14,51500,5.02,17100,5.15,51700,5.01,47600,5.16,47500,5.0,136700,5.17,10100,4.99,2200,5.18,28400,1087400,1223212,16:04:16.423
000931.SZ,000931,20260421,20260421,09:34:36.000,93436000,79,5.09,5.09,5.1,5.04,5.1,5.61,4.59,1212000,615.5956,1264,5.06,212800,5.09,80000,5.05,99000,5.1,91032,5.04,85900,5.11,17000,5.03,2600,5.12,40000,5.02,17100,5.13,38380,5.01,47600,5.14,51500,5.0,136700,5.15,51700,4.99,2200,5.16,47500,4.98,55400,5.17,10100,4.97,12200,5.18,28400,1202400,1336512,16:04:16.912
000931.SZ,000931,20260421,20260421,09:34:39.000,93439000,79,5.08,5.09,5.1,5.04,5.1,5.61,4.59,1212100,615.6464,1265,5.07,4100,5.09,6600,5.06,54300,5.1,91032,5.05,99000,5.11,17000,5.04,85900,5.12,40000,5.03,2600,5.13,38380,5.02,17100,5.14,51500,5.01,47600,5.15,51700,5.0,136700,5.16,47500,4.99,2200,5.17,10100,4.98,55400,5.18,28400,1048000,1263112,16:04:17.578
000931.SZ,000931,20260421,20260421,09:34:42.000,93442000,79,5.08,5.09,5.1,5.04,5.1,5.61,4.59,1212100,615.6464,1265,5.07,3200,5.08,600,5.06,54300,5.09,17200,5.05,99600,5.1,91032,5.04,85900,5.11,17000,5.03,2600,5.12,40000,5.02,17100,5.13,38380,5.01,47600,5.14,51500,5.0,136700,5.15,51700,4.99,2200,5.16,47500,4.98,55400,5.17,10100,1047700,1274312,16:04:18.036
000931.SZ,000931,20260421,20260421,09:34:45.000,93445000,79,5.08,5.09,5.1,5.04,5.1,5.61,4.59,1212100,615.6464,1265,5.07,7300,5.09,17200,5.06,54300,5.1,94032,5.05,99600,5.11,17000,5.04,85900,5.12,40000,5.03,2600,5.13,38380,5.02,17100,5.14,51500,5.01,48600,5.15,51700,5.0,136700,5.16,47500,4.99,2200,5.17,10100,4.98,55400,5.18,28400,1052800,1276712,16:04:18.346
000931.SZ,000931,20260421,20260421,09:34:48.000,93448000,79,5.08,5.09,5.1,5.04,5.1,5.61,4.59,1212200,615.6972,1266,5.07,7800,5.08,600,5.06,54300,5.09,18500,5.05,100100,5.1,90832,5.04,85900,5.11,17000,5.03,2600,5.12,39700,5.02,17100,5.13,38380,5.01,48600,5.14,51500,5.0,137700,5.15,51700,4.99,2200,5.16,47500,4.98,55400,5.17,10600,1054800,1275612,16:04:18.548
000931.SZ,000931,20260421,20260421,09:34:51.000,93451000,79,5.07,5.09,5.1,5.04,5.1,5.61,4.59,1212600,615.9,1269,5.07,7400,5.08,800,5.06,54300,5.09,18500,5.05,100100,5.1,90032,5.04,85900,5.11,17000,5.03,2600,5.12,39700,5.02,17100,5.13,38380,5.01,48600,5.14,51800,5.0,137700,5.15,51700,4.99,2200,5.16,47500,4.98,55400,5.17,10600,1054400,1264112,16:04:18.728
000931.SZ,000931,20260421,20260421,09:34:54.000,93454000,79,5.07,5.09,5.1,5.04,5.1,5.61,4.59,1212900,616.0521,1270,5.07,7000,5.08,3100,5.06,55600,5.09,18900,5.05,100100,5.1,98532,5.04,85900,5.11,17000,5.03,2600,5.12,39700,5.02,17100,5.13,38380,5.01,48600,5.14,51800,5.0,137700,5.15,51700,4.99,2200,5.16,47500,4.98,55400,5.17,10600,1055300,1275312,16:04:18.969
000931.SZ,000931,20260421,20260421,09:34:57.000,93457000,79,5.07,5.09,5.1,5.04,5.1,5.61,4.59,1212900,616.0521,1270,5.07,7000,5.08,3200,5.06,55600,5.09,11400,5.05,96300,5.1,93532,5.04,85900,5.11,17000,5.03,1600,5.12,39700,5.02,17100,5.13,38380,5.01,48600,5.14,51800,5.0,137700,5.15,51700,4.99,2200,5.16,47500,4.98,55400,5.17,10600,1050500,1262912,16:04:19.412
000931.SZ,000931,20260421,20260421,09:35:00.000,93500000,79,5.07,5.09,5.1,5.04,5.1,5.61,4.59,1212900,616.0521,1270,5.07,7400,5.08,3500,5.06,55600,5.09,11300,5.05,96300,5.1,93332,5.04,85900,5.11,17000,5.03,1600,5.12,39700,5.02,17100,5.13,38380,5.01,48600,5.14,51800,5.0,137700,5.15,51700,4.99,2200,5.16,47500,4.98,55400,5.17,10600,1050900,1262912,16:04:19.931
000931.SZ,000931,20260421,20260421,09:35:03.000,93503000,79,5.07,5.09,5.1,5.04,5.1,5.61,4.59,1212900,616.0521,1270,5.07,13300,5.08,5500,5.06,55600,5.09,11600,5.05,96300,5.1,93332,5.04,85900,5.11,17000,5.03,1600,5.12,39700,5.02,17100,5.13,38380,5.01,48600,5.14,51800,5.0,137700,5.15,51700,4.99,2200,5.16,47500,4.98,55400,5.17,10600,1056800,1265212,16:04:20.695
000931.SZ,000931,20260421,20260421,09:35:06.000,93506000,79,5.07,5.09,5.1,5.04,5.1,5.61,4.59,1212900,616.0521,1270,5.07,13600,5.08,12700,5.06,55600,5.09,8700,5.05,27700,5.1,83332,5.04,85900,5.11,17000,5.03,1600,5.12,39700,5.02,17100,5.13,38380,5.01,48600,5.14,51800,5.0,137700,5.15,51700,4.99,2200,5.16,47500,4.98,55400,5.17,10600,988500,1259512,16:04:21.379
000931.SZ,000931,20260421,20260421,09:35:09.000,93509000,79,5.07,5.09,5.1,5.04,5.1,5.61,4.59,1212900,616.0521,1270,5.07,13600,5.08,23000,5.06,55600,5.09,8700,5.05,27700,5.1,83332,5.04,85900,5.11,17000,5.03,1600,5.12,39700,5.02,17100,5.13,38380,5.01,48600,5.14,51800,5.0,138700,5.15,51700,4.99,2200,5.16,47500,4.98,55400,5.17,10600,989500,1269812,16:04:21.854
000931.SZ,000931,20260421,20260421,09:35:12.000,93512000,79,5.08,5.09,5.1,5.04,5.1,5.61,4.59,1226300,622.8497,1290,5.07,8000,5.08,19600,5.06,54300,5.09,8700,5.05,27700,5.1,83332,5.04,85900,5.11,17000,5.03,1600,5.12,39700,5.02,17100,5.13,38380,5.01,48600,5.14,51800,5.0,138700,5.15,51700,4.99,2200,5.16,47500,4.98,55400,5.17,10600,982600,1266412,16:04:22.372
000931.SZ,000931,20260421,20260421,09:35:15.000,93515000,79,5.08,5.09,5.1,5.04,5.1,5.61,4.59,1226300,622.8497,1290,5.07,12900,5.08,21500,5.06,54300,5.09,8600,5.05,27700,5.1,83232,5.04,85900,5.11,17000,5.03,6600,5.12,39700,5.02,17100,5.13,38380,5.01,48600,5.14,51800,5.0,138700,5.15,51700,4.99,2200,5.16,47500,4.98,55400,5.17,10600,992500,1268112,16:04:23.056
000931.SZ,000931,20260421,20260421,09:35:18.000,93518000,79,5.08,5.09,5.1,5.04,5.1,5.61,4.59,1229400,624.4245,1298,5.07,33900,5.08,18400,5.06,64300,5.09,8600,5.05,27700,5.1,83232,5.04,85900,5.11,17000,5.03,6600,5.12,39700,5.02,17100,5.13,38380,5.01,48600,5.14,51800,5.0,138700,5.15,51700,4.99,2200,5.16,47500,4.98,55400,5.17,10600,1023500,1265012,16:04:23.512
000931.SZ,000931,20260421,20260421,09:35:21.000,93521000,79,5.07,5.09,5.1,5.04,5.1,5.61,4.59,1235500,627.5203,1304,5.07,32300,5.08,15600,5.06,64300,5.09,8600,5.05,27700,5.1,83232,5.04,85900,5.11,17000,5.03,6600,5.12,39700,5.02,17100,5.13,38380,5.01,48600,5.14,51800,5.0,138700,5.15,51700,4.99,2200,5.16,47500,4.98,55400,5.17,10600,1031900,1262212,16:04:24.086
000931.SZ,000931,20260421,20260421,09:35:24.000,93524000,79,5.07,5.09,5.1,5.04,5.1,5.61,4.59,1235500,627.5203,1304,5.07,32300,5.08,15600,5.06,64300,5.09,8600,5.05,27700,5.1,83232,5.04,85900,5.11,17000,5.03,6600,5.12,39700,5.02,17100,5.13,38380,5.01,49100,5.14,51800,5.0,138700,5.15,51700,4.99,2200,5.16,47500,4.98,55400,5.17,10600,1032400,1262212,16:04:24.654
000931.SZ,000931,20260421,20260421,09:35:27.000,93527000,79,5.07,5.09,5.1,5.04,5.1,5.61,4.59,1240600,630.1061,1308,5.07,27300,5.08,15800,5.06,64300,5.09,8600,5.05,27700,5.1,83232,5.04,85900,5.11,17000,5.03,6600,5.12,39700,5.02,17100,5.13,38380,5.01,49100,5.14,51800,5.0,138700,5.15,51700,4.99,2200,5.16,47500,4.98,55400,5.17,10600,1027400,1262412,16:04:25.053
000931.SZ,000931,20260421,20260421,09:35:30.000,93530000,79,5.07,5.09,5.1,5.04,5.1,5.61,4.59,1240600,630.1061,1308,5.07,28300,5.08,16000,5.06,64300,5.09,8600,5.05,30900,5.1,83232,5.04,85900,5.11,17000,5.03,6600,5.12,39700,5.02,17100,5.13,38380,5.01,49300,5.14,51800,5.0,138700,5.15,51700,4.99,2200,5.16,47500,4.98,55400,5.17,10600,1032200,1262612,16:04:25.659
000931.SZ,000931,20260421,20260421,09:35:33.000,93533000,79,5.07,5.09,5.1,5.04,5.1,5.61,4.59,1240600,630.1061,1308,5.07,28300,5.08,20500,5.06,64300,5.09,8600,5.05,30900,5.1,84732,5.04,85900,5.11,17000,5.03,6600,5.12,39700,5.02,17100,5.13,38380,5.01,49300,5.14,51800,5.0,138700,5.15,51700,4.99,2200,5.16,52500,4.98,55400,5.17,10600,1032200,1273712,16:04:26.146
000931.SZ,000931,20260421,20260421,09:35:36.000,93536000,79,5.07,5.09,5.1,5.04,5.1,5.61,4.59,1240600,630.1061,1308,5.07,30100,5.08,20800,5.06,62800,5.09,8600,5.05,30900,5.1,84732,5.04,85900,5.11,17000,5.03,6600,5.12,39700,5.02,17100,5.13,38380,5.01,49300,5.14,51800,5.0,138700,5.15,51700,4.99,2200,5.16,52500,4.98,55400,5.17,10600,1033500,1274012,16:04:26.689
000931.SZ,000931,20260421,20260421,09:35:39.000,93539000,79,5.07,5.09,5.1,5.04,5.1,5.61,4.59,1240600,630.1061,1308,5.07,30500,5.08,22400,5.06,62800,5.09,8600,5.05,30900,5.1,84732,5.04,86500,5.11,17000,5.03,6600,5.12,39700,5.02,17100,5.13,38380,5.01,49300,5.14,51800,5.0,138700,5.15,51700,4.99,2200,5.16,52500,4.98,55400,5.17,10600,1035000,1275612,16:04:27.191
000931.SZ,000931,20260421,20260421,09:35:42.000,93542000,79,5.08,5.09,5.1,5.04,5.1,5.61,4.59,1243700,631.6786,1310,5.07,51900,5.08,21600,5.06,62800,5.09,8600,5.05,30900,5.1,84732,5.04,86500,5.11,17000,5.03,6600,5.12,39700,5.02,17100,5.13,38380,5.01,49300,5.14,51800,5.0,138700,5.15,51700,4.99,2200,5.16,52500,4.98,55400,5.17,10600,1056400,1274812,16:04:27.702
000931.SZ,000931,20260421,20260421,09:35:45.000,93545000,79,5.08,5.09,5.1,5.04,5.1,5.61,4.59,1265600,642.8038,1329,5.08,300,5.09,7900,5.07,48600,5.1,84732,5.06,62800,5.11,17000,5.05,30900,5.12,39700,5.04,86500,5.13,38380,5.03,6600,5.14,51800,5.02,17100,5.15,51700,5.01,49300,5.16,52500,5.0,138900,5.17,10600,4.99,2200,5.18,28400,1053600,1252512,16:04:28.213
000931.SZ,000931,20260421,20260421,09:35:48.000,93548000,79,5.08,5.09,5.1,5.04,5.1,5.61,4.59,1265600,642.8038,1329,5.08,10100,5.09,8000,5.07,40800,5.1,85832,5.06,62800,5.11,17100,5.05,31900,5.12,39700,5.04,86500,5.13,38380,5.03,6600,5.14,51800,5.02,17100,5.15,51700,5.01,49300,5.16,52500,5.0,138900,5.17,10600,4.99,2200,5.18,28400,1056600,1253812,16:04:28.776
000931.SZ,000931,20260421,20260421,09:35:51.000,93551000,79,5.08,5.09,5.1,5.04,5.1,5.61,4.59,1265600,642.8038,1329,5.08,15200,5.09,8300,5.07,40900,5.1,85832,5.06,62800,5.11,17100,5.05,44000,5.12,39700,5.04,86500,5.13,38380,5.03,6600,5.14,51800,5.02,17100,5.15,51700,5.01,49300,5.16,52500,5.0,138900,5.17,10600,4.99,2200,5.18,28400,1073900,1254112,16:04:29.385
000931.SZ,000931,20260421,20260421,09:35:54.000,93554000,79,5.08,5.09,5.1,5.04,5.1,5.61,4.59,1265600,642.8038,1329,5.08,15200,5.09,9200,5.07,29000,5.1,85832,5.06,62800,5.11,17100,5.05,44000,5.12,39700,5.04,86500,5.13,38380,5.03,6600,5.14,51800,5.02,17100,5.15,51700,5.01,49900,5.16,52500,5.0,139400,5.17,10600,4.99,2200,5.18,28400,1063100,1255012,16:04:29.888
000931.SZ,000931,20260421,20260421,09:35:57.000,93557000,79,5.08,5.09,5.1,5.04,5.1,5.61,4.59,1266100,643.0578,1332,5.08,15500,5.09,8700,5.07,29100,5.1,85832,5.06,62800,5.11,17100,5.05,78100,5.12,39700,5.04,86500,5.13,38380,5.03,6600,5.14,51800,5.02,17100,5.15,51700,5.01,49900,5.16,52500,5.0,139400,5.17,10600,4.99,2200,5.18,28400,1097600,1265512,16:04:30.420
000931.SZ,000931,20260421,20260421,09:36:00.000,93600000,79,5.09,5.09,5.1,5.04,5.1,5.61,4.59,1274100,647.1284,1352,5.09,19300,5.1,86032,5.08,30800,5.11,17100,5.07,28300,5.12,39700,5.06,55600,5.13,38380,5.05,78100,5.14,51800,5.04,86500,5.15,51700,5.03,6600,5.16,52500,5.02,17100,5.17,10600,5.01,49900,5.18,28400,5.0,139400,5.19,22000,1124200,1257012,16:04:30.905
000931.SZ,000931,20260421,20260421,09:36:03.000,93603000,79,5.09,5.09,5.1,5.04,5.1,5.61,4.59,1274100,647.1284,1352,5.09,21500,5.1,85932,5.08,30800,5.11,17000,5.07,26400,5.12,39700,5.06,55600,5.13,38380,5.05,78100,5.14,51800,5.04,86500,5.15,51700,5.03,6600,5.16,52500,5.02,17100,5.17,10600,5.01,49900,5.18,28400,5.0,139400,5.19,22000,1124500,1256812,16:04:31.697
000931.SZ,000931,20260421,20260421,09:36:06.000,93606000,79,5.09,5.09,5.1,5.04,5.1,5.61,4.59,1274100,647.1284,1352,5.09,28200,5.1,85632,5.08,30900,5.11,17000,5.07,26400,5.12,39700,5.06,55500,5.13,38380,5.05,78100,5.14,51800,5.04,86500,5.15,51700,5.03,6600,5.16,52500,5.02,17100,5.17,10600,5.01,49900,5.18,28400,5.0,139400,5.19,22000,1131200,1256512,16:04:32.445
000931.SZ,000931,20260421,20260421,09:36:09.000,93609000,79,5.09,5.09,5.1,5.04,5.1,5.61,4.59,1274100,647.1284,1352,5.09,29600,5.1,85632,5.08,30900,5.11,17500,5.07,26700,5.12,39700,5.06,55500,5.13,38380,5.05,78100,5.14,51800,5.04,86500,5.15,51700,5.03,6600,5.16,52500,5.02,17100,5.17,10600,5.01,49900,5.18,28400,5.0,141400,5.19,22000,1134900,1257012,16:04:33.151
000931.SZ,000931,20260421,20260421,09:36:12.000,93612000,79,5.09,5.09,5.1,5.04,5.1,5.61,4.59,1285700,653.0328,1364,5.09,20600,5.1,85632,5.08,30900,5.11,17500,5.07,26600,5.12,39700,5.06,55500,5.13,38380,5.05,76800,5.14,51800,5.04,83500,5.15,41700,5.03,6600,5.16,52500,5.02,17100,5.17,10600,5.01,49900,5.18,28400,5.0,141400,5.19,22000,1125400,1247012,16:04:33.745
000931.SZ,000931,20260421,20260421,09:36:15.000,93615000,79,5.1,5.09,5.1,5.04,5.1,5.61,4.59,1288700,654.5628,1366,5.09,21900,5.1,82632,5.08,26000,5.11,17500,5.07,26600,5.12,40700,5.06,89600,5.13,38380,5.05,76800,5.14,51800,5.04,83500,5.15,42200,5.03,6600,5.16,52500,5.02,17100,5.17,10600,5.01,49900,5.18,28400,5.0,141400,5.19,22000,1155900,1245512,16:04:34.357
000931.SZ,000931,20260421,20260421,09:36:18.000,93618000,79,5.1,5.09,5.1,5.04,5.1,5.61,4.59,1290500,655.4808,1369,5.09,21900,5.1,81332,5.08,26000,5.11,17600,5.07,26600,5.12,40700,5.06,89600,5.13,38380,5.05,76800,5.14,51800,5.04,83500,5.15,42200,5.03,6600,5.16,52500,5.02,17100,5.17,10600,5.01,49900,5.18,28400,5.0,141400,5.19,22000,1176900,1244312,16:04:35.040
000931.SZ,000931,20260421,20260421,09:36:21.000,93621000,79,5.09,5.09,5.1,5.04,5.1,5.61,4.59,1291100,655.7862,1370,5.09,21300,5.1,81332,5.08,25600,5.11,17600,5.07,26600,5.12,40700,5.06,89600,5.13,38380,5.05,76800,5.14,51800,5.04,83500,5.15,42200,5.03,6600,5.16,52500,5.02,17100,5.17,10600,5.01,49900,5.18,28400,5.0,141400,5.19,22000,1175900,1249212,16:04:35.676
000931.SZ,000931,20260421,20260421,09:36:24.000,93624000,79,5.09,5.09,5.1,5.04,5.1,5.61,4.59,1292700,656.6006,1371,5.09,26300,5.1,81332,5.08,25600,5.11,17600,5.07,26600,5.12,40700,5.06,89600,5.13,38380,5.05,76800,5.14,51800,5.04,82900,5.15,42200,5.03,6600,5.16,52500,5.02,17100,5.17,10600,5.01,49900,5.18,28400,5.0,141400,5.19,22000,1180300,1249212,16:04:36.210
000931.SZ,000931,20260421,20260421,09:36:27.000,93627000,79,5.1,5.09,5.1,5.04,5.1,5.61,4.59,1321600,671.3396,1384,5.09,32500,5.1,52732,5.08,25600,5.11,17600,5.07,26600,5.12,40700,5.06,89600,5.13,38380,5.05,76800,5.14,51800,5.04,82900,5.15,42200,5.03,6600,5.16,52500,5.02,17100,5.17,10600,5.01,49900,5.18,28400,5.0,141400,5.19,22000,1186500,1220612,16:04:36.738
000931.SZ,000931,20260421,20260421,09:36:30.000,93630000,79,5.09,5.09,5.1,5.04,5.1,5.61,4.59,1327600,674.3972,1389,5.09,31500,5.1,52932,5.08,26700,5.11,17600,5.07,26600,5.12,40700,5.06,89600,5.13,38380,5.05,76800,5.14,51800,5.04,82900,5.15,42200,5.03,6600,5.16,52500,5.02,17100,5.17,10600,5.01,49900,5.18,28400,5.0,141400,5.19,22000,1186600,1220812,16:04:37.270
000931.SZ,000931,20260421,20260421,09:36:33.000,93633000,79,5.09,5.09,5.1,5.04,5.1,5.61,4.59,1327600,674.3972,1389,5.09,33000,5.1,52932,5.08,26700,5.11,17600,5.07,26600,5.12,40700,5.06,89600,5.13,38380,5.05,76800,5.14,51800,5.04,82900,5.15,42200,5.03,6600,5.16,52500,5.02,17100,5.17,10600,5.01,49900,5.18,28400,5.0,141400,5.19,22000,1188100,1220812,16:04:37.846
000931.SZ,000931,20260421,20260421,09:36:36.000,93636000,79,5.1,5.09,5.1,5.04,5.1,5.61,4.59,1333100,677.2022,1394,5.09,38100,5.1,47432,5.08,26700,5.11,17600,5.07,26600,5.12,41200,5.06,89600,5.13,38380,5.05,76800,5.14,51800,5.04,82900,5.15,42200,5.03,6600,5.16,52500,5.02,17100,5.17,10600,5.01,49900,5.18,28400,5.0,141400,5.19,22000,1193200,1215812,16:04:38.410
000931.SZ,000931,20260421,20260421,09:36:39.000,93639000,79,5.1,5.09,5.1,5.04,5.1,5.61,4.59,1333100,677.2022,1394,5.09,38100,5.1,47432,5.08,26900,5.11,17600,5.07,26600,5.12,41200,5.06,89600,5.13,38380,5.05,76800,5.14,51800,5.04,82900,5.15,42200,5.03,6600,5.16,52500,5.02,17100,5.17,10600,5.01,49900,5.18,28400,5.0,141400,5.19,22000,1193400,1216812,16:04:39.035
000931.SZ,000931,20260421,20260421,09:36:42.000,93642000,79,5.1,5.09,5.1,5.04,5.1,5.61,4.59,1333100,677.2022,1394,5.09,38100,5.1,47432,5.08,26900,5.11,18000,5.07,26600,5.12,41200,5.06,89600,5.13,38380,5.05,76800,5.14,51800,5.04,82900,5.15,42200,5.03,6600,5.16,52500,5.02,17100,5.17,10600,5.01,49900,5.18,28400,5.0,141400,5.19,22000,1193400,1217312,16:04:39.637
000931.SZ,000931,20260421,20260421,09:36:45.000,93645000,79,5.09,5.09,5.1,5.04,5.1,5.61,4.59,1373800,697.9184,1458,5.08,26700,5.09,100,5.07,26600,5.1,48232,5.06,89600,5.11,18000,5.05,77800,5.12,41200,5.04,82900,5.13,38380,5.03,6600,5.14,51800,5.02,17100,5.15,42200,5.01,49900,5.16,52500,5.0,141400,5.17,10600,4.99,2200,5.18,28400,1156100,1222212,16:04:40.060
000931.SZ,000931,20260421,20260421,09:36:48.000,93648000,79,5.09,5.09,5.1,5.04,5.1,5.61,4.59,1373900,697.9693,1459,5.08,9100,5.09,5600,5.07,26600,5.1,48332,5.06,89600,5.11,20400,5.05,77800,5.12,41200,5.04,82900,5.13,38380,5.03,6600,5.14,51800,5.02,17100,5.15,42200,5.01,49900,5.16,52500,5.0,141400,5.17,10600,4.99,2200,5.18,28400,1138500,1300212,16:04:40.542
000931.SZ,000931,20260421,20260421,09:36:51.000,93651000,79,5.09,5.09,5.1,5.04,5.1,5.61,4.59,1373900,697.9693,1459,5.08,9100,5.09,10700,5.07,26600,5.1,50332,5.06,89600,5.11,20400,5.05,77300,5.12,41200,5.04,92900,5.13,38380,5.03,6600,5.14,51800,5.02,17100,5.15,42200,5.01,49900,5.16,52500,5.0,141400,5.17,10600,4.99,2200,5.18,28400,1148000,1307312,16:04:41.170
000931.SZ,000931,20260421,20260421,09:36:54.000,93654000,79,5.09,5.09,5.1,5.04,5.1,5.61,4.59,1373900,697.9693,1459,5.08,9100,5.09,12100,5.07,26600,5.1,50332,5.06,55500,5.11,20400,5.05,77300,5.12,41200,5.04,92900,5.13,38380,5.03,6600,5.14,51800,5.02,17100,5.15,42200,5.01,49900,5.16,52500,5.0,141400,5.17,10600,4.99,2200,5.18,29400,1113900,1309712,16:04:41.683
000931.SZ,000931,20260421,20260421,09:36:57.000,93657000,79,5.09,5.09,5.1,5.04,5.1,5.61,4.59,1373900,697.9693,1459,5.08,20100,5.09,12100,5.07,26600,5.1,50332,5.06,55500,5.11,20400,5.05,77300,5.12,41200,5.04,92900,5.13,38380,5.03,6600,5.14,51800,5.02,17100,5.15,42200,5.01,49900,5.16,52500,5.0,141400,5.17,10600,4.99,2200,5.18,29400,1124900,1309712,16:04:42.214
000931.SZ,000931,20260421,20260421,09:37:00.000,93700000,79,5.09,5.09,5.1,5.04,5.1,5.61,4.59,1374000,698.0202,1460,5.08,20100,5.09,12300,5.07,26700,5.1,51232,5.06,55500,5.11,20300,5.05,43200,5.12,41200,5.04,17900,5.13,38380,5.03,6600,5.14,51800,5.02,17100,5.15,42200,5.01,49900,5.16,52500,5.0,141400,5.17,10600,4.99,2200,5.18,29400,1015900,1310712,16:04:42.803
000931.SZ,000931,20260421,20260421,09:37:03.000,93703000,79,5.08,5.09,5.1,5.04,5.1,5.61,4.59,1374100,698.071,1461,5.08,20100,5.09,13700,5.07,26700,5.1,52132,5.06,55500,5.11,20300,5.05,43200,5.12,41200,5.04,22900,5.13,38380,5.03,6600,5.14,51800,5.02,17100,5.15,42200,5.01,49900,5.16,52500,5.0,141400,5.17,10600,4.99,2200,5.18,29400,1022400,1313012,16:04:43.448
000931.SZ,000931,20260421,20260421,09:37:06.000,93706000,79,5.08,5.09,5.1,5.04,5.1,5.61,4.59,1374100,698.071,1461,5.08,21400,5.09,13700,5.07,26800,5.1,52532,5.06,55500,5.11,20300,5.05,43200,5.12,40800,5.04,22900,5.13,38380,5.03,6600,5.14,51800,5.02,17100,5.15,42200,5.01,49900,5.16,52500,5.0,141400,5.17,10600,4.99,2200,5.18,29400,1023800,1315012,16:04:44.057
000931.SZ,000931,20260421,20260421,09:37:09.000,93709000,79,5.08,5.09,5.1,5.04,5.1,5.61,4.59,1374100,698.071,1461,5.08,21500,5.09,13900,5.07,26800,5.1,52532,5.06,55500,5.11,20300,5.05,43200,5.12,40800,5.04,22900,5.13,38380,5.03,6600,5.14,51800,5.02,17100,5.15,42200,5.01,49900,5.16,52500,5.0,141400,5.17,10600,4.99,2200,5.18,29400,1023900,1315212,16:04:44.429
000931.SZ,000931,20260421,20260421,09:37:12.000,93712000,79,5.08,5.09,5.1,5.04,5.1,5.61,4.59,1404200,713.3618,1503,5.08,200,5.09,16800,5.07,26800,5.1,52532,5.06,55500,5.11,20300,5.05,43200,5.12,40800,5.04,22900,5.13,38380,5.03,6600,5.14,51800,5.02,17100,5.15,42200,5.01,49900,5.16,52700,5.0,141400,5.17,10600,4.99,2200,5.18,29400,1002600,1318312,16:04:45.006
000931.SZ,000931,20260421,20260421,09:37:15.000,93715000,79,5.08,5.09,5.1,5.04,5.1,5.61,4.59,1404200,713.3618,1503,5.08,300,5.09,18700,5.07,26800,5.1,52832,5.06,55500,5.11,20300,5.05,43200,5.12,40800,5.04,22900,5.13,38380,5.03,6600,5.14,51800,5.02,17100,5.15,42200,5.01,49900,5.16,53900,5.0,141400,5.17,10600,4.99,2200,5.18,29400,1002700,1321712,16:04:45.460
000931.SZ,000931,20260421,20260421,09:37:18.000,93718000,79,5.08,5.09,5.1,5.04,5.1,5.61,4.59,1404500,713.5142,1505,5.07,26800,5.09,17100,5.06,55500,5.1,53132,5.05,43200,5.11,20300,5.04,22900,5.12,40800,5.03,6600,5.13,38380,5.02,17100,5.14,51800,5.01,49900,5.15,42200,5.0,141400,5.16,53900,4.99,2200,5.17,10600,4.98,55400,5.18,29400,1002400,1320412,16:04:46.081
000931.SZ,000931,20260421,20260421,09:37:21.000,93721000,79,5.07,5.09,5.1,5.04,5.1,5.61,4.59,1407500,715.0355,1514,5.07,41400,5.09,17500,5.06,55500,5.1,53632,5.05,43200,5.11,20300,5.04,22900,5.12,41700,5.03,6600,5.13,38380,5.02,17100,5.14,51800,5.01,49900,5.15,42200,5.0,141400,5.16,53900,4.99,2200,5.17,10600,4.98,55400,5.18,29400,1017000,1322212,16:04:46.591
000931.SZ,000931,20260421,20260421,09:37:24.000,93724000,79,5.07,5.09,5.1,5.04,5.1,5.61,4.59,1407500,715.0355,1514,5.08,11000,5.09,17500,5.07,41400,5.1,53632,5.06,55500,5.11,20300,5.05,43200,5.12,41700,5.04,22900,5.13,38380,5.03,6600,5.14,51800,5.02,17100,5.15,42200,5.01,49900,5.16,53900,5.0,141400,5.17,10600,4.99,2200,5.18,29400,1028000,1322212,16:04:47.125
000931.SZ,000931,20260421,20260421,09:37:27.000,93727000,79,5.09,5.09,5.1,5.04,5.1,5.61,4.59,1427500,725.2155,1547,5.08,11000,5.09,8000,5.07,41800,5.1,53632,5.06,55500,5.11,20300,5.05,43200,5.12,41700,5.04,22900,5.13,38380,5.03,6600,5.14,51800,5.02,17100,5.15,42200,5.01,49900,5.16,54900,5.0,141400,5.17,10600,4.99,2200,5.18,32400,1028400,1316712,16:04:47.636
000931.SZ,000931,20260421,20260421,09:37:30.000,93730000,79,5.08,5.09,5.1,5.04,5.1,5.61,4.59,1431500,727.2475,1548,5.08,7400,5.09,8800,5.07,41800,5.1,53332,5.06,55500,5.11,20300,5.05,43200,5.12,41700,5.04,22900,5.13,38380,5.03,6600,5.14,51800,5.02,17100,5.15,42200,5.01,49900,5.16,54900,5.0,141400,5.17,10600,4.99,2200,5.18,32400,1024800,1317212,16:04:48.106
000931.SZ,000931,20260421,20260421,09:37:33.000,93733000,79,5.08,5.09,5.1,5.04,5.1,5.61,4.59,1433700,728.3651,1549,5.08,6200,5.09,9100,5.07,41800,5.1,53232,5.06,55500,5.11,20300,5.05,43200,5.12,41700,5.04,22900,5.13,38380,5.03,6600,5.14,51800,5.02,17100,5.15,42200,5.01,49900,5.16,54900,5.0,141400,5.17,10600,4.99,2200,5.18,32400,1023600,1317412,16:04:48.659
000931.SZ,000931,20260421,20260421,09:37:36.000,93736000,79,5.09,5.09,5.1,5.04,5.1,5.61,4.59,1442800,732.997,1556,5.09,49600,5.1,53232,5.08,6200,5.11,20300,5.07,41800,5.12,41700,5.06,55500,5.13,38380,5.05,45300,5.14,51800,5.04,22900,5.15,42200,5.03,6600,5.16,54900,5.02,17100,5.17,10600,5.01,49900,5.18,32400,5.0,141400,5.19,26000,1075300,1308312,16:04:49.084
000931.SZ,000931,20260421,20260421,09:37:39.000,93739000,79,5.09,5.09,5.1,5.04,5.1,5.61,4.59,1446400,734.8296,1561,5.09,46200,5.1,54032,5.08,6200,5.11,20300,5.07,41600,5.12,41700,5.06,55500,5.13,38380,5.05,45300,5.14,51800,5.04,22900,5.15,42200,5.03,6600,5.16,54900,5.02,17100,5.17,10600,5.01,49900,5.18,32400,5.0,141400,5.19,26000,1089600,1309112,16:04:49.673
000931.SZ,000931,20260421,20260421,09:37:42.000,93742000,79,5.09,5.09,5.1,5.04,5.1,5.61,4.59,1447100,735.1859,1562,5.09,47100,5.1,55332,5.08,6500,5.11,20300,5.07,41600,5.12,41700,5.06,55500,5.13,38380,5.05,45300,5.14,51800,5.04,22900,5.15,42200,5.03,6600,5.16,54900,5.02,17100,5.17,10600,5.01,49900,5.18,32400,5.0,141400,5.19,26000,1093800,1310412,16:04:50.112
000931.SZ,000931,20260421,20260421,09:37:45.000,93745000,79,5.09,5.09,5.1,5.04,5.1,5.61,4.59,1455700,739.5633,1565,5.09,38500,5.1,59332,5.08,6500,5.11,20300,5.07,41600,5.12,41700,5.06,55500,5.13,38380,5.05,45300,5.14,51800,5.04,22900,5.15,40000,5.03,6600,5.16,54900,5.02,17100,5.17,10600,5.01,49900,5.18,32400,5.0,141700,5.19,26000,1088000,1312212,16:04:50.568
000931.SZ,000931,20260421,20260421,09:37:48.000,93748000,79,5.09,5.09,5.1,5.04,5.1,5.61,4.59,1464900,744.2461,1571,5.09,29300,5.1,61532,5.08,6500,5.11,20300,5.07,43600,5.12,41700,5.06,55500,5.13,38380,5.05,45300,5.14,51800,5.04,22900,5.15,40000,5.03,6600,5.16,54900,5.02,17100,5.17,10600,5.01,49900,5.18,32400,5.0,141700,5.19,26000,1080800,1314412,16:04:51.054
000931.SZ,000931,20260421,20260421,09:37:51.000,93751000,79,5.09,5.09,5.1,5.04,5.1,5.61,4.59,1499100,761.6502,1601,5.08,2300,5.09,3200,5.07,43600,5.1,64232,5.06,55500,5.11,20300,5.05,45300,5.12,41700,5.04,22900,5.13,38380,5.03,6600,5.14,51800,5.02,17100,5.15,41000,5.01,49900,5.16,54900,5.0,141700,5.17,10600,4.99,6900,5.18,32400,1047300,1321312,16:04:51.526
000931.SZ,000931,20260421,20260421,09:37:54.000,93754000,79,5.08,5.09,5.1,5.04,5.1,5.61,4.59,1501400,762.8186,1605,5.08,400,5.09,5900,5.07,43600,5.1,69532,5.06,55500,5.11,20300,5.05,45300,5.12,41700,5.04,22900,5.13,38380,5.03,6600,5.14,51800,5.02,17100,5.15,41000,5.01,49900,5.16,54900,5.0,141700,5.17,10600,4.99,6900,5.18,32400,1045400,1329912,16:04:52.085
000931.SZ,000931,20260421,20260421,09:37:57.000,93757000,79,5.09,5.09,5.1,5.04,5.1,5.61,4.59,1508800,766.5851,1619,5.08,1200,5.09,15300,5.07,43600,5.1,69132,5.06,55500,5.11,20300,5.05,45300,5.12,41700,5.04,22900,5.13,38380,5.03,6600,5.14,51800,5.02,17100,5.15,41000,5.01,49900,5.16,54900,5.0,142200,5.17,10600,4.99,6900,5.18,32400,1046700,1338912,16:04:52.558
000931.SZ,000931,20260421,20260421,09:38:00.000,93800000,79,5.09,5.09,5.1,5.04,5.1,5.61,4.59,1508800,766.5851,1619,5.08,17700,5.09,12800,5.07,43600,5.1,69132,5.06,55500,5.11,20300,5.05,45300,5.12,40800,5.04,22900,5.13,38380,5.03,6600,5.14,51800,5.02,17100,5.15,41000,5.01,49900,5.16,54900,5.0,142200,5.17,10600,4.99,6900,5.18,32400,1063200,1335512,16:04:53.101
000931.SZ,000931,20260421,20260421,09:38:03.000,93803000,79,5.1,5.09,5.1,5.04,5.1,5.61,4.59,1562700,794.0203,1640,5.09,37800,5.1,69032,5.08,35400,5.11,20300,5.07,43600,5.12,40800,5.06,55500,5.13,38380,5.05,45300,5.14,51800,5.04,22900,5.15,41000,5.03,6600,5.16,54900,5.02,17100,5.17,10600,5.01,49900,5.18,32400,5.0,142200,5.19,26000,1118700,1322612,16:04:53.713
000931.SZ,000931,20260421,20260421,09:38:06.000,93806000,79,5.09,5.09,5.1,5.04,5.1,5.61,4.59,1566000,795.7,1643,5.09,35900,5.1,64032,5.08,35500,5.11,20300,5.07,43600,5.12,40800,5.06,55500,5.13,38380,5.05,45300,5.14,51800,5.04,22900,5.15,40500,5.03,6600,5.16,54900,5.02,17100,5.17,10600,5.01,49900,5.18,32400,5.0,142200,5.19,26000,1116900,1317112,16:04:54.177
000931.SZ,000931,20260421,20260421,09:38:09.000,93809000,79,5.1,5.09,5.1,5.04,5.1,5.61,4.59,1567000,796.21,1644,5.09,35900,5.1,63032,5.08,35500,5.11,20300,5.07,43600,5.12,40800,5.06,55500,5.13,38380,5.05,45300,5.14,51800,5.04,22900,5.15,41500,5.03,6600,5.16,54900,5.02,17100,5.17,10600,5.01,49900,5.18,32400,5.0,142200,5.19,26000,1116900,1317112,16:04:54.609
000931.SZ,000931,20260421,20260421,09:38:15.000,93815000,79,5.1,5.09,5.1,5.04,5.1,5.61,4.59,1567000,796.21,1644,5.09,35900,5.1,63032,5.08,35500,5.11,20300,5.07,43600,5.12,40800,5.06,55500,5.13,38380,5.05,45300,5.14,51800,5.04,23400,5.15,41500,5.03,6600,5.16,54900,5.02,17100,5.17,10600,5.01,49900,5.18,32400,5.0,142200,5.19,26000,1117400,1317112,16:04:55.601
000931.SZ,000931,20260421,20260421,09:38:18.000,93818000,79,5.1,5.09,5.1,5.04,5.1,5.61,4.59,1567000,796.21,1644,5.09,1900,5.1,60832,5.08,35500,5.11,20300,5.07,43600,5.12,40800,5.06,55500,5.13,38380,5.05,45300,5.14,51800,5.04,23400,5.15,41500,5.03,6600,5.16,54900,5.02,17100,5.17,10600,5.01,49900,5.18,32400,5.0,142200,5.19,26000,1083400,1314912,16:04:56.126
000931.SZ,000931,20260421,20260421,09:38:21.000,93821000,79,5.09,5.09,5.1,5.04,5.1,5.61,4.59,1567600,796.5154,1646,5.09,1600,5.1,60832,5.08,35500,5.11,20300,5.07,43600,5.12,40800,5.06,55500,5.13,38380,5.05,45300,5.14,51800,5.04,23400,5.15,41500,5.03,6600,5.16,54900,5.02,17100,5.17,10600,5.01,49900,5.18,32400,5.0,137200,5.19,26000,1078100,1319912,16:04:56.549
000931.SZ,000931,20260421,20260421,09:38:24.000,93824000,79,5.09,5.09,5.1,5.04,5.1,5.61,4.59,1567600,796.5154,1646,5.09,1600,5.1,60832,5.08,35500,5.11,20300,5.07,43600,5.12,40800,5.06,55500,5.13,53380,5.05,45300,5.14,51800,5.04,23400,5.15,43700,5.03,6600,5.16,54900,5.02,17100,5.17,10600,5.01,49900,5.18,32400,5.0,137200,5.19,26000,1078100,1337112,16:04:57.062
000931.SZ,000931,20260421,20260421,09:38:27.000,93827000,79,5.09,5.09,5.1,5.04,5.1,5.61,4.59,1568100,796.7699,1647,5.09,1700,5.1,61032,5.08,35500,5.11,20300,5.07,43600,5.12,40800,5.06,55500,5.13,53380,5.05,45300,5.14,51800,5.04,23400,5.15,43700,5.03,16600,5.16,54900,5.02,17100,5.17,10600,5.01,49900,5.18,32400,5.0,137200,5.19,26000,1088200,1337312,16:04:57.500
000931.SZ,000931,20260421,20260421,09:38:30.000,93830000,79,5.09,5.09,5.1,5.04,5.1,5.61,4.59,1570700,798.0933,1658,5.09,1400,5.1,61032,5.08,35500,5.11,20300,5.07,43600,5.12,40800,5.06,55500,5.13,53380,5.05,46300,5.14,51800,5.04,23400,5.15,43700,5.03,16600,5.16,54900,5.02,17100,5.17,10600,5.01,49900,5.18,32400,5.0,137200,5.19,26000,1091000,1337312,16:04:57.996
000931.SZ,000931,20260421,20260421,09:38:36.000,93836000,79,5.09,5.09,5.1,5.04,5.1,5.61,4.59,1571700,798.6023,1664,5.09,16500,5.1,61032,5.08,35500,5.11,20300,5.07,43600,5.12,40800,5.06,55500,5.13,53380,5.05,46300,5.14,51800,5.04,23400,5.15,43700,5.03,16600,5.16,54900,5.02,17100,5.17,10600,5.01,49900,5.18,32400,5.0,137200,5.19,26000,1106100,1337312,16:04:58.891
000931.SZ,000931,20260421,20260421,09:38:39.000,93839000,79,5.09,5.09,5.1,5.04,5.1,5.61,4.59,1572000,798.755,1665,5.09,16200,5.1,62632,5.08,35500,5.11,20300,5.07,43600,5.12,40800,5.06,55500,5.13,53380,5.05,46300,5.14,51800,5.04,23400,5.15,43700,5.03,16600,5.16,54900,5.02,17100,5.17,10600,5.01,49900,5.18,32400,5.0,137200,5.19,26000,1105800,1338912,16:04:59.425
000931.SZ,000931,20260421,20260421,09:38:42.000,93842000,79,5.09,5.09,5.1,5.04,5.1,5.61,4.59,1574200,799.8748,1667,5.09,14000,5.1,67632,5.08,35500,5.11,20300,5.07,43600,5.12,40800,5.06,55500,5.13,53380,5.05,46300,5.14,51800,5.04,23400,5.15,43700,5.03,16600,5.16,54900,5.02,17100,5.17,10600,5.01,49900,5.18,32400,5.0,137200,5.19,26000,1103600,1353912,16:04:59.856
000931.SZ,000931,20260421,20260421,09:38:45.000,93845000,79,5.09,5.09,5.1,5.04,5.1,5.61,4.59,1574200,799.8748,1667,5.09,14000,5.1,67232,5.08,35500,5.11,20300,5.07,43600,5.12,40800,5.06,55500,5.13,53380,5.05,46300,5.14,51800,5.04,23100,5.15,43700,5.03,16600,5.16,53900,5.02,17100,5.17,10600,5.01,49900,5.18,32400,5.0,139200,5.19,26000,1105300,1352512,16:05:00.330
000931.SZ,000931,20260421,20260421,09:38:48.000,93848000,79,5.09,5.09,5.1,5.04,5.1,5.61,4.59,1574200,799.8748,1667,5.09,15500,5.1,67232,5.08,35500,5.11,20300,5.07,43600,5.12,40800,5.06,55500,5.13,53380,5.05,46300,5.14,51800,5.04,23100,5.15,43700,5.03,16600,5.16,53900,5.02,17100,5.17,10600,5.01,49900,5.18,32400,5.0,139200,5.19,26000,1106800,1352512,16:05:00.777
000931.SZ,000931,20260421,20260421,09:38:51.000,93851000,79,5.09,5.09,5.1,5.04,5.1,5.61,4.59,1574200,799.8748,1667,5.09,15800,5.1,117232,5.08,35500,5.11,20300,5.07,43600,5.12,40800,5.06,55500,5.13,53380,5.05,46300,5.14,51800,5.04,23100,5.15,43700,5.03,16600,5.16,53900,5.02,17100,5.17,10600,5.01,49900,5.18,32400,5.0,139200,5.19,26000,1107100,1402512,16:05:01.201
000931.SZ,000931,20260421,20260421,09:38:54.000,93854000,79,5.1,5.09,5.1,5.04,5.1,5.61,4.59,1585500,805.6378,1684,5.09,22700,5.1,106332,5.08,35500,5.11,20300,5.07,43600,5.12,43300,5.06,55500,5.13,53380,5.05,46300,5.14,51800,5.04,23100,5.15,43700,5.03,16600,5.16,53900,5.02,17100,5.17,10600,5.01,49900,5.18,32400,5.0,139200,5.19,26000,1114000,1394112,16:05:01.745
000931.SZ,000931,20260421,20260421,09:38:57.000,93857000,79,5.1,5.09,5.1,5.04,5.1,5.61,4.59,1593100,809.5138,1693,5.09,25000,5.1,98732,5.08,31200,5.11,20300,5.07,43600,5.12,43300,5.06,55500,5.13,43380,5.05,46300,5.14,51800,5.04,23100,5.15,43700,5.03,16600,5.16,53900,5.02,17100,5.17,10600,5.01,49900,5.18,32400,5.0,139200,5.19,26000,1112000,1376512,16:05:02.170
000931.SZ,000931,20260421,20260421,09:39:00.000,93900000,79,5.09,5.09,5.1,5.04,5.1,5.61,4.59,1598500,812.2645,1697,5.09,22100,5.1,96632,5.08,31200,5.11,20300,5.07,43600,5.12,43300,5.06,55500,5.13,43380,5.05,46300,5.14,51800,5.04,23100,5.15,43700,5.03,16600,5.16,53900,5.02,17100,5.17,10600,5.01,49900,5.18,32400,5.0,139200,5.19,26000,1109100,1374412,16:05:02.804
000931.SZ,000931,20260421,20260421,09:39:03.000,93903000,79,5.1,5.09,5.1,5.04,5.1,5.61,4.59,1598600,812.3155,1698,5.09,16100,5.1,107032,5.08,31200,5.11,20300,5.07,43600,5.12,43300,5.06,55500,5.13,43380,5.05,46300,5.14,51800,5.04,23100,5.15,47200,5.03,16600,5.16,53900,5.02,17100,5.17,10600,5.01,49900,5.18,32400,5.0,139200,5.19,26000,1100100,1383512,16:05:03.338
000931.SZ,000931,20260421,20260421,09:39:06.000,93906000,79,5.1,5.09,5.1,5.04,5.1,5.61,4.59,1598600,812.3155,1698,5.09,16200,5.1,140732,5.08,32200,5.11,20300,5.07,43600,5.12,43300,5.06,55500,5.13,47380,5.05,46300,5.14,51800,5.04,23100,5.15,47200,5.03,16600,5.16,53900,5.02,17100,5.17,10600,5.01,49900,5.18,32400,5.0,139200,5.19,26000,1101200,1421212,16:05:03.900
000931.SZ,000931,20260421,20260421,09:39:09.000,93909000,79,5.09,5.09,5.1,5.04,5.1,5.61,4.59,1614800,820.5613,1718,5.08,16200,5.09,200,5.07,43600,5.1,107032,5.06,52500,5.11,20300,5.05,46300,5.12,43300,5.04,23100,5.13,47380,5.03,16600,5.14,51800,5.02,17100,5.15,47200,5.01,49900,5.16,53900,5.0,139200,5.17,10600,4.99,6900,5.18,32400,1066000,1387712,16:05:04.541
000931.SZ,000931,20260421,20260421,09:39:12.000,93912000,79,5.09,5.09,5.1,5.04,5.1,5.61,4.59,1617900,822.1392,1721,5.08,16200,5.09,17000,5.07,43600,5.1,107032,5.06,52500,5.11,20300,5.05,51300,5.12,43300,5.04,23100,5.13,47380,5.03,16600,5.14,51800,5.02,17100,5.15,47200,5.01,49900,5.16,53900,5.0,137200,5.17,10600,4.99,6900,5.18,32400,1069000,1404512,16:05:05.020
000931.SZ,000931,20260421,20260421,09:39:15.000,93915000,79,5.09,5.09,5.1,5.04,5.1,5.61,4.59,1628400,827.4815,1725,5.08,14000,5.09,10100,5.07,43600,5.1,107032,5.06,52500,5.11,21300,5.05,51300,5.12,43300,5.04,23100,5.13,47380,5.03,16600,5.14,51800,5.02,17100,5.15,47200,5.01,49900,5.16,53900,5.0,137200,5.17,10600,4.99,6900,5.18,32400,1066800,1398612,16:05:05.397
000931.SZ,000931,20260421,20260421,09:39:18.000,93918000,79,5.09,5.09,5.1,5.04,5.1,5.61,4.59,1628400,827.4815,1725,5.08,14000,5.09,57800,5.07,43600,5.1,217132,5.06,52500,5.11,21300,5.05,51300,5.12,43300,5.04,23100,5.13,47380,5.03,16600,5.14,51800,5.02,17100,5.15,47200,5.01,49900,5.16,53900,5.0,137200,5.17,12600,4.99,6900,5.18,32400,1066800,1558412,16:05:06.001
000931.SZ,000931,20260421,20260421,09:39:21.000,93921000,79,5.07,5.09,5.1,5.04,5.1,5.61,4.59,1642800,834.7965,1735,5.07,43400,5.08,24700,5.06,52500,5.09,57800,5.05,51300,5.1,216732,5.04,23100,5.11,21300,5.03,16600,5.12,43300,5.02,17100,5.13,47380,5.01,49900,5.14,51800,5.0,137200,5.15,47200,4.99,6900,5.16,53900,4.98,57500,5.17,12600,1052600,1582712,16:05:06.443
000931.SZ,000931,20260421,20260421,09:39:24.000,93924000,79,5.07,5.09,5.1,5.04,5.1,5.61,4.59,1650400,838.6547,1750,5.07,23500,5.08,24200,5.06,52500,5.09,57500,5.05,51300,5.1,218832,5.04,23100,5.11,21300,5.03,16600,5.12,43300,5.02,17100,5.13,47380,5.01,49900,5.14,51800,5.0,137200,5.15,47200,4.99,6900,5.16,53900,4.98,57500,5.17,12600,1032700,1584012,16:05:07.018
000931.SZ,000931,20260421,20260421,09:39:27.000,93927000,79,5.07,5.09,5.1,5.04,5.1,5.61,4.59,1650600,838.7561,1751,5.07,23300,5.08,24200,5.06,52500,5.09,57583,5.05,51300,5.1,218832,5.04,23100,5.11,21300,5.03,16600,5.12,43300,5.02,17100,5.13,32380,5.01,49900,5.14,51800,5.0,137200,5.15,47200,4.99,6900,5.16,53900,4.98,57500,5.17,12600,1032500,1569095,16:05:07.612
000931.SZ,000931,20260421,20260421,09:39:30.000,93930000,79,5.08,5.09,5.1,5.04,5.1,5.61,4.59,1651700,839.3149,1753,5.07,23300,5.08,24500,5.06,52500,5.09,57583,5.05,51300,5.1,218832,5.04,23100,5.11,21300,5.03,16600,5.12,43300,5.02,17100,5.13,32380,5.01,49900,5.14,51800,5.0,137200,5.15,47200,4.99,6900,5.16,53900,4.98,57500,5.17,12600,1032500,1569395,16:05:08.091
000931.SZ,000931,20260421,20260421,09:39:36.000,93936000,79,5.08,5.09,5.1,5.04,5.1,5.61,4.59,1651800,839.3657,1754,5.07,23200,5.08,24400,5.06,52500,5.09,57583,5.05,51300,5.1,218832,5.04,23100,5.11,21300,5.03,16600,5.12,43300,5.02,17100,5.13,32380,5.01,49900,5.14,51800,5.0,137200,5.15,47200,4.99,6900,5.16,53900,4.98,57500,5.17,12600,1032400,1569295,16:05:09.201
000931.SZ,000931,20260421,20260421,09:39:39.000,93939000,79,5.07,5.09,5.1,5.04,5.1,5.61,4.59,1652000,839.4672,1756,5.07,25800,5.08,31300,5.06,52500,5.09,81100,5.05,51300,5.1,218832,5.04,23100,5.11,21300,5.03,16600,5.12,43300,5.02,17100,5.13,32380,5.01,49900,5.14,51800,5.0,137200,5.15,47200,4.99,6900,5.16,53900,4.98,57500,5.17,12600,1035000,1599712,16:05:09.771
000931.SZ,000931,20260421,20260421,09:39:42.000,93942000,79,5.07,5.09,5.1,5.04,5.1,5.61,4.59,1652800,839.8728,1758,5.07,25000,5.08,49300,5.06,52500,5.09,81100,5.05,51300,5.1,218832,5.04,23100,5.11,21300,5.03,16600,5.12,43300,5.02,17100,5.13,32380,5.01,49900,5.14,51800,5.0,137200,5.15,48200,4.99,6900,5.16,53900,4.98,57500,5.17,12600,1034200,1618712,16:05:10.201
000931.SZ,000931,20260421,20260421,09:39:45.000,93945000,79,5.07,5.09,5.1,5.04,5.1,5.61,4.59,1688000,857.7192,1774,5.06,52500,5.08,48700,5.05,51300,5.09,81100,5.04,23100,5.1,218832,5.03,16600,5.11,21300,5.02,17100,5.12,43300,5.01,49900,5.13,32380,5.0,137200,5.14,51800,4.99,6900,5.15,48200,4.98,57500,5.16,53900,4.97,12200,5.17,12600,1009200,1618112,16:05:10.720
000931.SZ,000931,20260421,20260421,09:39:48.000,93948000,79,5.07,5.09,5.1,5.04,5.1,5.61,4.59,1693100,860.3021,1778,5.06,49700,5.08,48700,5.05,51300,5.09,81100,5.04,23100,5.1,218832,5.03,16600,5.11,21300,5.02,17100,5.12,43300,5.01,49900,5.13,32380,5.0,137200,5.14,51800,4.99,6900,5.15,48200,4.98,57500,5.16,53900,4.97,12200,5.17,12600,1006400,1618112,16:05:11.264
000931.SZ,000931,20260421,20260421,09:39:51.000,93951000,79,5.07,5.09,5.1,5.04,5.1,5.61,4.59,1693100,860.3021,1778,5.06,49700,5.08,48800,5.05,51300,5.09,85100,5.04,23100,5.1,218832,5.03,16600,5.11,21300,5.02,17100,5.12,43300,5.01,49900,5.13,32380,5.0,137700,5.14,51800,4.99,6900,5.15,48200,4.98,57500,5.16,53900,4.97,12200,5.17,12600,1006900,1622212,16:05:11.765
000931.SZ,000931,20260421,20260421,09:39:54.000,93954000,79,5.07,5.09,5.1,5.04,5.1,5.61,4.59,1693100,860.3021,1778,5.07,17200,5.08,49400,5.06,49700,5.09,61600,5.05,53300,5.1,218832,5.04,33100,5.11,21300,5.03,16600,5.12,43300,5.02,17100,5.13,28380,5.01,49900,5.14,51800,5.0,137700,5.15,48200,4.99,6900,5.16,53900,4.98,57500,5.17,12600,1036700,1595312,16:05:12.358
000931.SZ,000931,20260421,20260421,09:39:57.000,93957000,79,5.08,5.09,5.1,5.04,5.1,5.61,4.59,1744600,886.4139,1790,5.07,39600,5.08,13300,5.06,82300,5.09,29400,5.05,53300,5.1,219832,5.04,33100,5.11,21300,5.03,16600,5.12,41300,5.02,17100,5.13,28380,5.01,49900,5.14,51800,5.0,137700,5.15,48200,4.99,6900,5.16,53900,4.98,57500,5.17,12600,1091700,1526012,16:05:12.914
000931.SZ,000931,20260421,20260421,09:40:00.000,94000000,79,5.07,5.09,5.1,5.04,5.1,5.61,4.59,1754100,891.2361,1801,5.07,37400,5.08,7600,5.06,82300,5.09,29400,5.05,53300,5.1,219832,5.04,33100,5.11,21300,5.03,16600,5.12,41300,5.02,17100,5.13,28380,5.01,49900,5.14,51800,5.0,137700,5.15,48200,4.99,6900,5.16,53900,4.98,57500,5.17,12600,1089500,1520312,16:05:13.619
000931.SZ,000931,20260421,20260421,09:40:03.000,94003000,79,5.07,5.09,5.1,5.04,5.1,5.61,4.59,1754100,891.2361,1801,5.07,37400,5.08,7600,5.06,82300,5.09,29400,5.05,53300,5.1,219532,5.04,33100,5.11,21300,5.03,16600,5.12,41300,5.02,17100,5.13,28380,5.01,49900,5.14,51800,5.0,137700,5.15,48200,4.99,6900,5.16,53900,4.98,57500,5.17,12600,1089500,1520012,16:05:14.209
000931.SZ,000931,20260421,20260421,09:40:06.000,94006000,79,5.08,5.09,5.1,5.04,5.1,5.61,4.59,1777800,903.2526,1805,5.07,15100,5.08,7500,5.06,82300,5.09,29400,5.05,53300,5.1,219532,5.04,33100,5.11,21300,5.03,16600,5.12,41300,5.02,17100,5.13,28380,5.01,49900,5.14,51800,5.0,137700,5.15,48200,4.99,6900,5.16,53900,4.98,57500,5.17,12600,1067200,1522912,16:05:14.776
000931.SZ,000931,20260421,20260421,09:40:09.000,94009000,79,5.08,5.09,5.1,5.04,5.1,5.61,4.59,1777800,903.2526,1805,5.07,15100,5.08,8700,5.06,82300,5.09,29400,5.05,53300,5.1,219532,5.04,33100,5.11,21300,5.03,16600,5.12,41300,5.02,17100,5.13,28380,5.01,49900,5.14,51800,5.0,137700,5.15,48200,4.99,6900,5.16,53900,4.98,57500,5.17,12600,1066600,1524112,16:05:15.380
000931.SZ,000931,20260421,20260421,09:40:12.000,94012000,79,5.07,5.09,5.1,5.04,5.1,5.61,4.59,1778300,903.5061,1806,5.07,9100,5.08,12600,5.06,49700,5.09,29400,5.05,53300,5.1,219532,5.04,33100,5.11,21300,5.03,16600,5.12,41300,5.02,17100,5.13,28380,5.01,49900,5.14,51800,5.0,137700,5.15,48200,4.99,6900,5.16,53900,4.98,57500,5.17,12600,1028000,1528012,16:05:15.860
000931.SZ,000931,20260421,20260421,09:40:15.000,94015000,79,5.08,5.09,5.1,5.04,5.1,5.61,4.59,1790400,909.642,1826,5.07,8300,5.08,11900,5.06,49700,5.09,29400,5.05,53300,5.1,219532,5.04,33100,5.11,21300,5.03,16600,5.12,41300,5.02,17100,5.13,28380,5.01,49900,5.14,51800,5.0,137700,5.15,48200,4.99,6900,5.16,53900,4.98,57500,5.17,12600,1027200,1527312,16:05:16.474
000931.SZ,000931,20260421,20260421,09:40:18.000,94018000,79,5.07,5.09,5.1,5.04,5.1,5.61,4.59,1791600,910.2504,1828,5.07,15500,5.08,17900,5.06,49700,5.09,29400,5.05,53300,5.1,219532,5.04,33100,5.11,21300,5.03,16600,5.12,41300,5.02,17100,5.13,28380,5.01,49900,5.14,50800,5.0,137700,5.15,48200,4.99,6900,5.16,53900,4.98,57500,5.17,12600,1034400,1532312,16:05:16.983
000931.SZ,000931,20260421,20260421,09:40:21.000,94021000,79,5.07,5.09,5.1,5.04,5.1,5.61,4.59,1798600,913.7994,1830,5.07,19600,5.08,19400,5.06,49700,5.09,29400,5.05,53300,5.1,219532,5.04,33100,5.11,21300,5.03,16600,5.12,41300,5.02,17100,5.13,28380,5.01,49900,5.14,50800,5.0,137700,5.15,48200,4.99,6900,5.16,53900,4.98,57500,5.17,12600,1038500,1533812,16:05:17.579
000931.SZ,000931,20260421,20260421,09:40:24.000,94024000,79,5.07,5.09,5.1,5.04,5.1,5.61,4.59,1798600,913.7994,1830,5.07,27800,5.08,23400,5.06,49700,5.09,29400,5.05,53300,5.1,219532,5.04,23100,5.11,21300,5.03,16600,5.12,41300,5.02,17100,5.13,28380,5.01,49900,5.14,50800,5.0,137700,5.15,48200,4.99,6900,5.16,53900,4.98,57500,5.17,12600,1041700,1533712,16:05:18.075
000931.SZ,000931,20260421,20260421,09:40:27.000,94027000,79,5.07,5.09,5.1,5.04,5.1,5.61,4.59,1800900,914.9658,1838,5.07,27000,5.08,25600,5.06,49700,5.09,29400,5.05,53300,5.1,219532,5.04,23100,5.11,21300,5.03,16600,5.12,41300,5.02,22400,5.13,28380,5.01,49900,5.14,50800,5.0,137700,5.15,48200,4.99,6900,5.16,53900,4.98,57500,5.17,12600,1046200,1535912,16:05:18.507
000931.SZ,000931,20260421,20260421,09:40:30.000,94030000,79,5.08,5.09,5.1,5.04,5.1,5.61,4.59,1801400,915.2198,1839,5.07,28000,5.08,25100,5.06,49700,5.09,29400,5.05,53300,5.1,219532,5.04,23100,5.11,21300,5.03,16600,5.12,41300,5.02,22400,5.13,28380,5.01,49900,5.14,50800,5.0,137700,5.15,48200,4.99,6900,5.16,53900,4.98,57500,5.17,12600,1047200,1535412,16:05:18.930
000931.SZ,000931,20260421,20260421,09:40:33.000,94033000,79,5.08,5.09,5.1,5.04,5.1,5.61,4.59,1801400,915.2198,1839,5.07,28500,5.08,25100,5.06,49700,5.09,29400,5.05,53300,5.1,221232,5.04,23100,5.11,21300,5.03,16600,5.12,41300,5.02,22400,5.13,28380,5.01,49900,5.14,50800,5.0,137700,5.15,48200,4.99,6900,5.16,53900,4.98,57500,5.17,12600,1047700,1537112,16:05:19.137
000931.SZ,000931,20260421,20260421,09:40:36.000,94036000,79,5.08,5.09,5.1,5.04,5.1,5.61,4.59,1801400,915.2198,1839,5.07,28700,5.08,25500,5.06,49700,5.09,29400,5.05,53300,5.1,221232,5.04,23100,5.11,21300,5.03,16600,5.12,41300,5.02,22400,5.13,28380,5.01,49900,5.14,50800,5.0,137700,5.15,48200,4.99,6900,5.16,53900,4.98,57500,5.17,12600,1048500,1537512,16:05:19.392
000931.SZ,000931,20260421,20260421,09:40:39.000,94039000,79,5.07,5.09,5.1,5.04,5.1,5.61,4.59,1802400,915.7268,1841,5.07,28800,5.08,27400,5.06,49700,5.09,29400,5.05,53300,5.1,221232,5.04,23100,5.11,21300,5.03,16600,5.12,41300,5.02,22400,5.13,28380,5.01,49900,5.14,50800,5.0,137700,5.15,48200,4.99,6900,5.16,53900,4.98,57500,5.17,10600,1049000,1537412,16:05:19.981
000931.SZ,000931,20260421,20260421,09:40:42.000,94042000,79,5.07,5.09,5.1,5.04,5.1,5.61,4.59,1802400,915.7268,1841,5.07,29800,5.08,28400,5.06,49700,5.09,29400,5.05,53300,5.1,221232,5.04,23100,5.11,21300,5.03,16600,5.12,41300,5.02,22400,5.13,28380,5.01,49900,5.14,50800,5.0,137700,5.15,48200,4.99,6900,5.16,53900,4.98,57500,5.17,10600,1050000,1538412,16:05:20.484
000931.SZ,000931,20260421,20260421,09:40:45.000,94045000,79,5.08,5.09,5.1,5.04,5.1,5.61,4.59,1802900,915.9808,1842,5.07,29800,5.08,27900,5.06,49700,5.09,29400,5.05,53300,5.1,221232,5.04,23100,5.11,21300,5.03,16600,5.12,41300,5.02,22400,5.13,28380,5.01,49900,5.14,50800,5.0,137700,5.15,48200,4.99,6900,5.16,53900,4.98,57500,5.17,10600,1050000,1537912,16:05:20.963
000931.SZ,000931,20260421,20260421,09:40:48.000,94048000,79,5.07,5.09,5.1,5.04,5.1,5.61,4.59,1803000,916.0315,1843,5.07,29700,5.08,28700,5.06,49700,5.09,29400,5.05,53800,5.1,221232,5.04,23100,5.11,31300,5.03,16600,5.12,41300,5.02,22400,5.13,28380,5.01,49900,5.14,50800,5.0,137700,5.15,48200,4.99,6900,5.16,53900,4.98,51500,5.17,10600,1046400,1548712,16:05:21.405
000931.SZ,000931,20260421,20260421,09:40:51.000,94051000,79,5.07,5.09,5.1,5.04,5.1,5.61,4.59,1803000,916.0315,1843,5.07,30000,5.08,31600,5.06,49700,5.09,29400,5.05,53800,5.1,221232,5.04,23100,5.11,31300,5.03,16600,5.12,41300,5.02,22400,5.13,28380,5.01,49900,5.14,50800,5.0,137700,5.15,48200,4.99,6900,5.16,53900,4.98,51500,5.17,10600,1046700,1551612,16:05:21.977
000931.SZ,000931,20260421,20260421,09:40:54.000,94054000,79,5.07,5.09,5.1,5.04,5.1,5.61,4.59,1805400,917.2483,1847,5.07,27600,5.08,32900,5.06,49700,5.09,29400,5.05,53800,5.1,221232,5.04,23100,5.11,31300,5.03,16600,5.12,41300,5.02,22400,5.13,28380,5.01,49900,5.14,50800,5.0,137700,5.15,48200,4.99,6900,5.16,53900,4.98,51500,5.17,10600,1044300,1554912,16:05:22.418
000931.SZ,000931,20260421,20260421,09:40:57.000,94057000,79,5.07,5.09,5.1,5.04,5.1,5.61,4.59,1852000,940.8569,1903,5.06,32100,5.07,7100,5.05,53800,5.08,33000,5.04,23100,5.09,29400,5.03,16600,5.1,221232,5.02,22400,5.11,31300,5.01,49900,5.12,41300,5.0,137700,5.13,28380,4.99,6900,5.14,50800,4.98,51500,5.15,48200,4.97,12200,5.16,53900,999100,1562112,16:05:22.943
000931.SZ,000931,20260421,20260421,09:41:00.000,94100000,79,5.07,5.09,5.1,5.04,5.1,5.61,4.59,1899400,964.8887,1943,5.07,1400,5.08,28200,5.06,32100,5.09,29400,5.05,53800,5.1,218332,5.04,23100,5.11,31300,5.03,16600,5.12,41300,5.02,22400,5.13,28380,5.01,49900,5.14,50800,5.0,137700,5.15,48200,4.99,6900,5.16,53900,4.98,51500,5.17,10600,1000500,1547312,16:05:23.517
000931.SZ,000931,20260421,20260421,09:41:03.000,94103000,79,5.07,5.09,5.1,5.04,5.1,5.61,4.59,1904300,967.373,1960,5.06,39000,5.07,7600,5.05,53800,5.08,31300,5.04,23100,5.09,29400,5.03,16600,5.1,218332,5.02,22400,5.11,31300,5.01,49900,5.12,41300,5.0,137700,5.13,28380,4.99,6900,5.14,50800,4.98,51500,5.15,48200,4.97,12200,5.16,53900,1006000,1560012,16:05:24.053
000931.SZ,000931,20260421,20260421,09:41:06.000,94106000,79,5.07,5.09,5.1,5.04,5.1,5.61,4.59,1908500,969.5002,1963,5.06,36800,5.07,6000,5.05,52800,5.08,29100,5.04,23100,5.09,29400,5.03,16600,5.1,218332,5.02,22400,5.11,31300,5.01,49900,5.12,41300,5.0,137900,5.13,28380,4.99,6900,5.14,50800,4.98,51500,5.15,48200,4.97,12200,5.16,53900,1003000,1556212,16:05:24.534
000931.SZ,000931,20260421,20260421,09:41:09.000,94109000,79,5.07,5.09,5.1,5.04,5.1,5.61,4.59,1908500,969.5002,1963,5.06,36800,5.07,8500,5.05,52800,5.08,29100,5.04,23100,5.09,29400,5.03,16600,5.1,228332,5.02,22400,5.11,31300,5.01,49900,5.12,41300,5.0,137900,5.13,28380,4.99,6900,5.14,50800,4.98,51500,5.15,48200,4.97,12200,5.16,53900,1003000,1568712,16:05:24.966
000931.SZ,000931,20260421,20260421,09:41:12.000,94112000,79,5.07,5.09,5.1,5.04,5.1,5.61,4.59,1909200,969.8551,1965,5.06,36800,5.07,8800,5.05,52800,5.08,29100,5.04,23100,5.09,29400,5.03,16900,5.1,227832,5.02,22400,5.11,31300,5.01,49900,5.12,41300,5.0,137900,5.13,28380,4.99,6900,5.14,50800,4.98,51500,5.15,48200,4.97,12200,5.16,53900,1003300,1568512,16:05:25.488
000931.SZ,000931,20260421,20260421,09:41:15.000,94115000,79,5.07,5.09,5.1,5.04,5.1,5.61,4.59,1909200,969.8551,1965,5.06,37300,5.07,10000,5.05,52800,5.08,29100,5.04,23100,5.09,29400,5.03,22100,5.1,227832,5.02,22400,5.11,31300,5.01,49900,5.12,41300,5.0,137900,5.13,28380,4.99,6900,5.14,50800,4.98,51500,5.15,48200,4.97,12200,5.16,53900,1009500,1569712,16:05:25.929
000931.SZ,000931,20260421,20260421,09:41:18.000,94118000,79,5.07,5.09,5.1,5.04,5.1,5.61,4.59,1909200,969.8551,1965,5.06,37300,5.07,10100,5.05,52800,5.08,29100,5.04,23100,5.09,29400,5.03,24100,5.1,227832,5.02,22400,5.11,31300,5.01,49900,5.12,41300,5.0,135900,5.13,28380,4.99,6900,5.14,50800,4.98,51500,5.15,48200,4.97,12200,5.16,53900,1009500,1569812,16:05:26.410
000931.SZ,000931,20260421,20260421,09:41:21.000,94121000,79,5.07,5.09,5.1,5.04,5.1,5.61,4.59,1909200,969.8551,1965,5.06,37300,5.07,13600,5.05,52800,5.08,29000,5.04,23100,5.09,29400,5.03,24100,5.1,227832,5.02,22400,5.11,31300,5.01,49900,5.12,41300,5.0,135900,5.13,28380,4.99,6900,5.14,50800,4.98,51500,5.15,47900,4.97,12200,5.16,53900,1009500,1572912,16:05:26.927
000931.SZ,000931,20260421,20260421,09:41:24.000,94124000,79,5.06,5.09,5.1,5.04,5.1,5.61,4.59,1913600,972.0815,1967,5.06,33100,5.07,14800,5.05,52800,5.08,29000,5.04,28100,5.09,29400,5.03,24100,5.1,227832,5.02,22400,5.11,31300,5.01,49900,5.12,41300,5.0,135900,5.13,28380,4.99,6900,5.14,50800,4.98,51500,5.15,47900,4.97,12200,5.16,53900,1010300,1574112,16:05:27.392
000931.SZ,000931,20260421,20260421,09:41:27.000,94127000,79,5.06,5.09,5.1,5.04,5.1,5.61,4.59,1915200,972.8911,1968,5.06,33400,5.07,14800,5.05,52800,5.08,29000,5.04,28100,5.09,29400,5.03,24100,5.1,227832,5.02,22400,5.11,31300,5.01,49900,5.12,41300,5.0,135900,5.13,28380,4.99,6900,5.14,50800,4.98,51500,5.15,47900,4.97,12200,5.16,53900,1010600,1574112,16:05:27.817
000931.SZ,000931,20260421,20260421,09:41:30.000,94130000,79,5.06,5.09,5.1,5.04,5.1,5.61,4.59,1920000,975.3199,1975,5.06,28600,5.07,18900,5.05,52800,5.08,29000,5.04,28100,5.09,29400,5.03,24100,5.1,227832,5.02,22400,5.11,31300,5.01,49900,5.12,41300,5.0,135900,5.13,27980,4.99,6900,5.14,50800,4.98,51500,5.15,47900,4.97,12200,5.16,53900,1005800,1577812,16:05:28.377
000931.SZ,000931,20260421,20260421,09:41:33.000,94133000,79,5.06,5.09,5.1,5.04,5.1,5.61,4.59,1948600,989.7915,1989,5.05,52800,5.07,19700,5.04,28100,5.08,29000,5.03,23900,5.09,29400,5.02,22400,5.1,227832,5.01,50900,5.11,31300,5.0,135900,5.12,41300,4.99,6900,5.13,27980,4.98,51500,5.14,50800,4.97,12200,5.15,47900,4.96,110900,5.16,53900,978000,1578612,16:05:28.745
000931.SZ,000931,20260421,20260421,09:41:36.000,94136000,79,5.06,5.09,5.1,5.04,5.1,5.61,4.59,1949300,990.1457,1994,5.05,54600,5.06,4400,5.04,28100,5.07,20600,5.03,23900,5.08,23700,5.02,22600,5.09,29400,5.01,50900,5.1,224832,5.0,135900,5.11,31300,4.99,6900,5.12,41300,4.98,51500,5.13,27980,4.97,12200,5.14,50800,4.96,110900,5.15,47900,980500,1575612,16:05:29.222
000931.SZ,000931,20260421,20260421,09:41:39.000,94139000,79,5.06,5.09,5.1,5.04,5.1,5.61,4.59,1966200,998.6971,2022,5.05,61700,5.06,700,5.04,28100,5.07,36200,5.03,25900,5.08,14500,5.02,22600,5.09,29400,5.01,50900,5.1,224832,5.0,135900,5.11,31300,4.99,6900,5.12,41300,4.98,51500,5.13,27980,4.97,12200,5.14,50800,4.96,110900,5.15,47900,989600,1578312,16:05:29.581
000931.SZ,000931,20260421,20260421,09:41:42.000,94142000,79,5.06,5.09,5.1,5.04,5.1,5.61,4.59,1985400,1008.4123,2043,5.06,1400,5.07,109900,5.05,54600,5.08,13600,5.04,28100,5.09,29400,5.03,25900,5.1,224832,5.02,22600,5.11,31300,5.01,50900,5.12,41300,5.0,135600,5.13,27980,4.99,6900,5.14,50800,4.98,51500,5.15,47900,4.97,12200,5.16,53900,983600,1650412,16:05:30.264
000931.SZ,000931,20260421,20260421,09:41:45.000,94145000,79,5.07,5.09,5.1,5.04,5.1,5.61,4.59,1993200,1012.3623,2054,5.06,19700,5.07,50600,5.05,60700,5.08,13600,5.04,28100,5.09,29400,5.03,38900,5.1,224832,5.02,22600,5.11,31300,5.01,50900,5.12,41300,5.0,135600,5.13,27980,4.99,6900,5.14,50800,4.98,51200,5.15,47900,4.97,12200,5.16,53900,1020700,1591112,16:05:30.832
000931.SZ,000931,20260421,20260421,09:41:48.000,94148000,79,5.06,5.09,5.1,5.04,5.1,5.61,4.59,2003000,1017.3211,2060,5.06,10800,5.07,60500,5.05,53600,5.08,13600,5.04,24600,5.09,29400,5.03,38900,5.1,224832,5.02,22600,5.11,31300,5.01,50900,5.12,41300,5.0,135600,5.13,27980,4.99,6900,5.14,50800,4.98,51200,5.15,47900,4.97,12200,5.16,53900,1001200,1602012,16:05:31.298
000931.SZ,000931,20260421,20260421,09:41:51.000,94151000,79,5.07,5.09,5.1,5.04,5.1,5.61,4.59,2007400,1019.5514,2068,5.06,11300,5.07,67200,5.05,53600,5.08,13600,5.04,24600,5.09,29400,5.03,38900,5.1,224832,5.02,22600,5.11,30900,5.01,50900,5.12,41300,5.0,135600,5.13,27980,4.99,6900,5.14,50800,4.98,51200,5.15,47900,4.97,12200,5.16,53900,1001700,1608312,16:05:31.833
000931.SZ,000931,20260421,20260421,09:41:54.000,94154000,79,5.06,5.09,5.1,5.04,5.1,5.61,4.59,2009400,1020.5634,2073,5.05,60700,5.06,29800,5.04,24600,5.07,29700,5.03,38900,5.08,13500,5.02,22600,5.09,29400,5.01,50900,5.1,224832,5.0,135600,5.11,30900,4.99,6900,5.12,41300,4.98,51200,5.13,27980,4.97,12200,5.14,50800,4.96,110900,5.15,52900,997500,1605512,16:05:32.201
000931.SZ,000931,20260421,20260421,09:41:57.000,94157000,79,5.06,5.09,5.1,5.04,5.1,5.61,4.59,2044500,1038.324,2087,5.06,1200,5.07,34400,5.05,53600,5.08,13500,5.04,37900,5.09,29400,5.03,38900,5.1,224832,5.02,22600,5.11,30900,5.01,50900,5.12,41300,5.0,135600,5.13,27980,4.99,6900,5.14,50800,4.98,51200,5.15,52900,4.97,12200,5.16,53900,1005900,1580412,16:05:32.626
000931.SZ,000931,20260421,20260421,09:42:00.000,94200000,79,5.06,5.09,5.1,5.04,5.1,5.61,4.59,2045700,1038.9312,2089,5.05,55100,5.06,9400,5.04,37900,5.07,36400,5.03,38900,5.08,13500,5.02,22600,5.09,29400,5.01,50900,5.1,224832,5.0,135600,5.11,30900,4.99,6900,5.12,41300,4.98,51200,5.13,27980,4.97,12200,5.14,50800,4.96,111900,5.15,52900,1006200,1591812,16:05:33.153
000931.SZ,000931,20260421,20260421,09:42:03.000,94203000,79,5.05,5.09,5.1,5.04,5.1,5.61,4.59,2048900,1040.5472,2100,5.05,53300,5.06,12200,5.04,38900,5.07,36400,5.03,38900,5.08,13500,5.02,22600,5.09,29400,5.01,55900,5.1,224832,5.0,135600,5.11,30900,4.99,6900,5.12,41300,4.98,51200,5.13,27980,4.97,12200,5.14,50800,4.96,111900,5.15,52900,1010400,1594612,16:05:33.735
000931.SZ,000931,20260421,20260421,09:42:06.000,94206000,79,5.06,5.09,5.1,5.04,5.1,5.61,4.59,2053100,1042.6724,2102,5.05,83300,5.06,52800,5.04,39900,5.07,36400,5.03,38900,5.08,13500,5.02,22600,5.09,29400,5.01,55900,5.1,224832,5.0,135600,5.11,30900,4.99,6900,5.12,41300,4.98,51200,5.13,27980,4.97,12200,5.14,50800,4.96,111900,5.15,52900,1041400,1635212,16:05:34.137
000931.SZ,000931,20260421,20260421,09:42:09.000,94209000,79,5.06,5.09,5.1,5.04,5.1,5.61,4.59,2053100,1042.6724,2102,5.05,80400,5.06,53500,5.04,39900,5.07,36400,5.03,38900,5.08,13500,5.02,22600,5.09,29400,5.01,55900,5.1,224832,5.0,135600,5.11,30900,4.99,6900,5.12,41300,4.98,51200,5.13,27980,4.97,12200,5.14,50800,4.96,111900,5.15,52900,1038500,1635912,16:05:34.657
000931.SZ,000931,20260421,20260421,09:42:12.000,94212000,79,5.06,5.09,5.1,5.04,5.1,5.61,4.59,2053500,1042.8748,2103,5.05,80400,5.06,50600,5.04,39900,5.07,36400,5.03,38900,5.08,13500,5.02,22600,5.09,29400,5.01,55900,5.1,224832,5.0,135600,5.11,30900,4.99,6900,5.12,41300,4.98,51200,5.13,27980,4.97,12200,5.14,50800,4.96,111900,5.15,52900,1038500,1633012,16:05:35.033
000931.SZ,000931,20260421,20260421,09:42:15.000,94215000,79,5.06,5.09,5.1,5.04,5.1,5.61,4.59,2055100,1043.6844,2104,5.05,82000,5.06,51000,5.04,39900,5.07,36400,5.03,39400,5.08,13100,5.02,22600,5.09,29400,5.01,55900,5.1,224832,5.0,135600,5.11,30900,4.99,6900,5.12,41300,4.98,51200,5.13,27980,4.97,12200,5.14,50800,4.96,111900,5.15,52900,1040600,1633012,16:05:35.529
000931.SZ,000931,20260421,20260421,09:42:18.000,94218000,79,5.05,5.09,5.1,5.04,5.1,5.61,4.59,2055600,1043.9369,2105,5.05,79700,5.06,5000,5.04,30900,5.07,31700,5.03,39400,5.08,13100,5.02,22600,5.09,29400,5.01,55900,5.1,224832,5.0,135600,5.11,30900,4.99,6900,5.12,41300,4.98,51200,5.13,27980,4.97,12200,5.14,50800,4.96,111900,5.15,52900,1034300,1582312,16:05:36.047
000931.SZ,000931,20260421,20260421,09:42:21.000,94221000,79,5.05,5.09,5.1,5.04,5.1,5.61,4.59,2056600,1044.4419,2107,5.05,77900,5.06,3800,5.04,30900,5.07,31700,5.03,39400,5.08,13100,5.02,22600,5.09,29400,5.01,55900,5.1,224832,5.0,135600,5.11,30900,4.99,6900,5.12,41300,4.98,51200,5.13,27980,4.97,12200,5.14,50800,4.96,111900,5.15,52900,1032500,1581112,16:05:36.515
000931.SZ,000931,20260421,20260421,09:42:24.000,94224000,79,5.06,5.09,5.1,5.04,5.1,5.61,4.59,2056700,1044.4925,2108,5.05,77900,5.06,4100,5.04,30900,5.07,31700,5.03,39400,5.08,13100,5.02,22600,5.09,29400,5.01,55900,5.1,224832,5.0,135700,5.11,30900,4.99,6900,5.12,41300,4.98,51200,5.13,27980,4.97,12200,5.14,50500,4.96,111900,5.15,52900,1032600,1581112,16:05:36.872
000931.SZ,000931,20260421,20260421,09:42:27.000,94227000,79,5.06,5.09,5.1,5.04,5.1,5.61,4.59,2056700,1044.4925,2108,5.05,77900,5.06,4500,5.04,30900,5.07,31700,5.03,39400,5.08,28100,5.02,22600,5.09,29400,5.01,55900,5.1,224832,5.0,135700,5.11,30900,4.99,6900,5.12,41300,4.98,51200,5.13,27980,4.97,12200,5.14,50500,4.96,111900,5.15,52900,1032600,1596512,16:05:37.354
000931.SZ,000931,20260421,20260421,09:42:30.000,94230000,79,5.06,5.09,5.1,5.04,5.1,5.61,4.59,2060100,1046.2129,2114,5.05,77900,5.06,3100,5.04,30900,5.07,31700,5.03,39400,5.08,28100,5.02,23600,5.09,29400,5.01,61400,5.1,224832,5.0,135700,5.11,30900,4.99,6900,5.12,40300,4.98,51200,5.13,27980,4.97,12200,5.14,50500,4.96,111900,5.15,52900,1039100,1594112,16:05:37.763
000931.SZ,000931,20260421,20260421,09:42:33.000,94233000,79,5.06,5.09,5.1,5.04,5.1,5.61,4.59,2078500,1055.5233,2128,5.05,77800,5.06,4800,5.04,30900,5.07,31700,5.03,39400,5.08,28100,5.02,23600,5.09,29400,5.01,61400,5.1,224832,5.0,135900,5.11,30900,4.99,6900,5.12,40300,4.98,51200,5.13,27980,4.97,12200,5.14,50500,4.96,111900,5.15,52900,1039200,1595812,16:05:38.274
000931.SZ,000931,20260421,20260421,09:42:36.000,94236000,79,5.06,5.09,5.1,5.04,5.1,5.61,4.59,2079300,1055.9281,2130,5.05,77800,5.06,8000,5.04,30900,5.07,31700,5.03,39400,5.08,28100,5.02,23600,5.09,29400,5.01,61400,5.1,224832,5.0,135900,5.11,30900,4.99,6900,5.12,40300,4.98,51200,5.13,27980,4.97,12200,5.14,50500,4.96,111900,5.15,52900,1039200,1599012,16:05:38.588
000931.SZ,000931,20260421,20260421,09:42:39.000,94239000,79,5.05,5.09,5.1,5.04,5.1,5.61,4.59,2157500,1095.4191,2157,5.04,39400,5.05,6500,5.03,41200,5.06,182200,5.02,36700,5.07,31700,5.01,61400,5.08,25700,5.0,135900,5.09,29400,4.99,6900,5.1,224832,4.98,51200,5.11,30900,4.97,12200,5.12,40300,4.96,111900,5.13,27980,4.95,120000,5.14,50500,984800,1777312,16:05:39.106
000931.SZ,000931,20260421,20260421,09:42:42.000,94242000,79,5.06,5.09,5.1,5.04,5.1,5.61,4.59,2180300,1106.9339,2207,5.05,6900,5.06,109400,5.04,39400,5.07,29800,5.03,41200,5.08,24700,5.02,36700,5.09,29400,5.01,61400,5.1,224832,5.0,135900,5.11,30900,4.99,6900,5.12,40300,4.98,51200,5.13,27980,4.97,12200,5.14,50500,4.96,111900,5.15,52900,991700,1695112,16:05:39.604
000931.SZ,000931,20260421,20260421,09:42:45.000,94245000,79,5.05,5.09,5.1,5.04,5.1,5.61,4.59,2183000,1108.2974,2210,5.05,7100,5.06,112900,5.04,39400,5.07,29800,5.03,41200,5.08,24700,5.02,36700,5.09,25400,5.01,61400,5.1,114432,5.0,135900,5.11,30900,4.99,6900,5.12,40300,4.98,51200,5.13,27980,4.97,12200,5.14,50500,4.96,111900,5.15,52900,991900,1584212,16:05:40.136
000931.SZ,000931,20260421,20260421,09:42:48.000,94248000,79,5.05,5.09,5.1,5.04,5.1,5.61,4.59,2190400,1112.0344,2223,5.04,26100,5.05,3800,5.03,41200,5.06,114500,5.02,36700,5.07,27800,5.01,61400,5.08,24700,5.0,135900,5.09,26000,4.99,6900,5.1,114432,4.98,51200,5.11,40900,4.97,12200,5.12,40300,4.96,111900,5.13,27980,4.95,120000,5.14,50500,971500,1598212,16:05:40.570
000931.SZ,000931,20260421,20260421,09:42:51.000,94251000,79,5.05,5.09,5.1,5.04,5.1,5.61,4.59,2190400,1112.0344,2223,5.04,26600,5.05,12100,5.03,41200,5.06,111000,5.02,36700,5.07,27800,5.01,61400,5.08,24700,5.0,135900,5.09,26000,4.99,6900,5.1,114432,4.98,51200,5.11,40900,4.97,12200,5.12,40300,4.96,111900,5.13,27980,4.95,120000,5.14,50500,972000,1603012,16:05:40.947
000931.SZ,000931,20260421,20260421,09:42:54.000,94254000,79,5.05,5.09,5.1,5.04,5.1,5.61,4.59,2190400,1112.0344,2223,5.04,26700,5.05,15800,5.03,41200,5.06,115000,5.02,36700,5.07,27800,5.01,61400,5.08,24700,5.0,135900,5.09,26000,4.99,6900,5.1,114432,4.98,51200,5.11,40900,4.97,12200,5.12,40300,4.96,111900,5.13,28280,4.95,120000,5.14,50500,972100,1611012,16:05:41.506
000931.SZ,000931,20260421,20260421,09:42:57.000,94257000,79,5.05,5.09,5.1,5.04,5.1,5.61,4.59,2199000,1116.3774,2230,5.04,26700,5.05,7600,5.03,41200,5.06,115000,5.02,36700,5.07,27800,5.01,61400,5.08,24700,5.0,135900,5.09,26000,4.99,6900,5.1,114432,4.98,51200,5.11,40900,4.97,12200,5.12,40300,4.96,111900,5.13,28280,4.95,120000,5.14,50500,972100,1602812,16:05:42.072
000931.SZ,000931,20260421,20260421,09:43:00.000,94300000,79,5.05,5.09,5.1,5.04,5.1,5.61,4.59,2206100,1119.9629,2237,5.04,26700,5.05,12800,5.03,41200,5.06,117000,5.02,36700,5.07,27800,5.01,61400,5.08,24700,5.0,141900,5.09,26000,4.99,6900,5.1,116432,4.98,51200,5.11,40900,4.97,12200,5.12,40300,4.96,111900,5.13,28280,4.95,120000,5.14,50500,978100,1612012,16:05:42.412
000931.SZ,000931,20260421,20260421,09:43:03.000,94303000,79,5.05,5.09,5.1,5.04,5.1,5.61,4.59,2216200,1125.0634,2247,5.04,18200,5.05,9400,5.03,41200,5.06,117000,5.02,36700,5.07,25400,5.01,61400,5.08,24700,5.0,143900,5.09,26000,4.99,6900,5.1,116432,4.98,51200,5.11,40900,4.97,12200,5.12,40300,4.96,111900,5.13,28280,4.95,120000,5.14,50500,971600,1606212,16:05:43.151
000931.SZ,000931,20260421,20260421,09:43:06.000,94306000,79,5.04,5.09,5.1,5.04,5.1,5.61,4.59,2218200,1126.0723,2250,5.04,18100,5.05,12100,5.03,60500,5.06,117000,5.02,36700,5.07,25400,5.01,61400,5.08,24700,5.0,143900,5.09,26000,4.99,6900,5.1,116432,4.98,51200,5.11,40900,4.97,12200,5.12,40300,4.96,111900,5.13,28280,4.95,120000,5.14,50500,990800,1608912,16:05:43.682
000931.SZ,000931,20260421,20260421,09:43:12.000,94312000,79,5.04,5.09,5.1,5.04,5.1,5.61,4.59,2218200,1126.0723,2250,5.04,18300,5.05,14700,5.03,60500,5.06,115000,5.02,36700,5.07,25400,5.01,61400,5.08,24700,5.0,143900,5.09,26000,4.99,10500,5.1,116432,4.98,51200,5.11,40900,4.97,12200,5.12,40300,4.96,111900,5.13,28280,4.95,120000,5.14,50500,994600,1609912,16:05:44.599
000931.SZ,000931,20260421,20260421,09:43:15.000,94315000,79,5.04,5.09,5.1,5.04,5.1,5.61,4.59,2222300,1128.1387,2255,5.04,16700,5.05,16600,5.03,60500,5.06,115000,5.02,37200,5.07,25400,5.01,61400,5.08,24700,5.0,143900,5.09,26000,4.99,10500,5.1,116432,4.98,51200,5.11,40900,4.97,12200,5.12,40300,4.96,111900,5.13,28280,4.95,120000,5.14,50500,993500,1611812,16:05:45.022
000931.SZ,000931,20260421,20260421,09:43:18.000,94318000,79,5.04,5.09,5.1,5.04,5.1,5.61,4.59,2250600,1142.4019,2267,5.04,12100,5.05,16600,5.03,60500,5.06,115000,5.02,37200,5.07,25400,5.01,61400,5.08,21300,5.0,143900,5.09,26000,4.99,12500,5.1,118432,4.98,51200,5.11,40900,4.97,12200,5.12,40300,4.96,111900,5.13,28280,4.95,120000,5.14,50500,1030900,1610412,16:05:45.455
000931.SZ,000931,20260421,20260421,09:43:21.000,94321000,79,5.04,5.09,5.1,5.04,5.1,5.61,4.59,2250600,1142.4019,2267,5.03,60500,5.05,16600,5.02,37200,5.06,117400,5.01,61400,5.07,25400,5.0,143900,5.08,21300,4.99,12500,5.09,26000,4.98,51200,5.1,118432,4.97,12200,5.11,40900,4.96,111900,5.12,40300,4.95,120000,5.13,28280,4.94,85000,5.14,50500,1038300,1612812,16:05:45.801
000931.SZ,000931,20260421,20260421,09:43:24.000,94324000,79,5.04,5.09,5.1,5.04,5.1,5.61,4.59,2253000,1143.6115,2270,5.04,8200,5.05,16600,5.03,60500,5.06,117400,5.02,37200,5.07,25400,5.01,61400,5.08,21300,5.0,143900,5.09,26000,4.99,12500,5.1,118432,4.98,51200,5.11,40900,4.97,12200,5.12,40300,4.96,111900,5.13,28280,4.95,122000,5.14,50500,1048500,1612812,16:05:46.209
000931.SZ,000931,20260421,20260421,09:43:27.000,94327000,79,5.04,5.09,5.1,5.04,5.1,5.61,4.59,2253000,1143.6115,2270,5.04,8200,5.05,16600,5.03,62900,5.06,115200,5.02,37200,5.07,25400,5.01,61400,5.08,21300,5.0,143900,5.09,26000,4.99,12500,5.1,118432,4.98,51200,5.11,40900,4.97,12200,5.12,40300,4.96,111900,5.13,28280,4.95,122000,5.14,50500,1050900,1610412,16:05:46.643
000931.SZ,000931,20260421,20260421,09:43:30.000,94330000,79,5.04,5.09,5.1,5.04,5.1,5.61,4.59,2253000,1143.6115,2270,5.04,21300,5.05,16800,5.03,62900,5.06,115200,5.02,37200,5.07,25400,5.01,63300,5.08,21300,5.0,144400,5.09,26000,4.99,12500,5.1,118432,4.98,51200,5.11,40900,4.97,12200,5.12,40300,4.96,111900,5.13,23280,4.95,122000,5.14,50500,1066400,1605612,16:05:47.006
000931.SZ,000931,20260421,20260421,09:43:33.000,94333000,79,5.05,5.09,5.1,5.04,5.1,5.61,4.59,2253500,1143.864,2271,5.04,23300,5.05,16500,5.03,62900,5.06,115200,5.02,37200,5.07,25400,5.01,63300,5.08,21300,5.0,144400,5.09,26000,4.99,12500,5.1,118432,4.98,51400,5.11,40900,4.97,12200,5.12,40300,4.96,111900,5.13,23280,4.95,122000,5.14,50500,1068600,1605312,16:05:47.436
000931.SZ,000931,20260421,20260421,09:43:36.000,94336000,79,5.05,5.09,5.1,5.04,5.1,5.61,4.59,2253500,1143.864,2271,5.04,23300,5.05,16500,5.03,62900,5.06,115200,5.02,37200,5.07,25400,5.01,63300,5.08,21300,5.0,145200,5.09,26000,4.99,12500,5.1,118432,4.98,51400,5.11,40900,4.97,12200,5.12,40300,4.96,111900,5.13,23280,4.95,122000,5.14,50500,1069400,1605312,16:05:47.736
000931.SZ,000931,20260421,20260421,09:43:39.000,94339000,79,5.04,5.09,5.1,5.04,5.1,5.61,4.59,2255500,1144.872,2274,5.04,21300,5.05,16500,5.03,62900,5.06,115200,5.02,37200,5.07,25400,5.01,65300,5.08,21300,5.0,145200,5.09,26000,4.99,12500,5.1,118432,4.98,51400,5.11,40900,4.97,12200,5.12,40300,4.96,111900,5.13,23280,4.95,122000,5.14,50500,1069400,1605312,16:05:48.112
000931.SZ,000931,20260421,20260421,09:43:42.000,94342000,79,5.04,5.09,5.1,5.04,5.1,5.61,4.59,2257100,1145.6784,2276,5.04,19800,5.05,16500,5.03,67900,5.06,115200,5.02,37200,5.07,25400,5.01,65300,5.08,21300,5.0,146200,5.09,26000,4.99,12500,5.1,118432,4.98,51400,5.11,40900,4.97,12200,5.12,40300,4.96,111900,5.13,23280,4.95,122000,5.14,50500,1073900,1605312,16:05:48.468
000931.SZ,000931,20260421,20260421,09:43:45.000,94345000,79,5.04,5.09,5.1,5.04,5.1,5.61,4.59,2269400,1151.8886,2289,5.04,19800,5.05,5500,5.03,67900,5.06,115200,5.02,37200,5.07,25400,5.01,65300,5.08,21300,5.0,146200,5.09,26000,4.99,12500,5.1,118432,4.98,51400,5.11,40900,4.97,12200,5.12,40300,4.96,111900,5.13,23280,4.95,122000,5.14,50500,993900,1594312,16:05:48.926
000931.SZ,000931,20260421,20260421,09:43:48.000,94348000,79,5.04,5.09,5.1,5.04,5.1,5.61,4.59,2269400,1151.8886,2289,5.04,23800,5.05,5500,5.03,67900,5.06,115200,5.02,37200,5.07,25400,5.01,65300,5.08,20500,5.0,146200,5.09,26000,4.99,12500,5.1,118432,4.98,51400,5.11,40900,4.97,12200,5.12,40300,4.96,111900,5.13,23280,4.95,122000,5.14,50500,997900,1593512,16:05:49.299
000931.SZ,000931,20260421,20260421,09:43:51.000,94351000,79,5.05,5.09,5.1,5.04,5.1,5.61,4.59,2269800,1152.0906,2291,5.04,59900,5.05,5100,5.03,67900,5.06,115200,5.02,37200,5.07,25400,5.01,65300,5.08,20500,5.0,146200,5.09,26000,4.99,12500,5.1,118432,4.98,51400,5.11,40900,4.97,12200,5.12,40300,4.96,114000,5.13,23280,4.95,122000,5.14,50500,1036100,1593112,16:05:49.722
000931.SZ,000931,20260421,20260421,09:43:54.000,94354000,79,5.05,5.09,5.1,5.04,5.1,5.61,4.59,2269800,1152.0906,2291,5.04,59800,5.05,4000,5.03,69200,5.06,115200,5.02,37200,5.07,25400,5.01,65300,5.08,20500,5.0,146200,5.09,26000,4.99,12500,5.1,118432,4.98,51400,5.11,40900,4.97,12200,5.12,40300,4.96,114000,5.13,23280,4.95,122000,5.14,50500,1044800,1592012,16:05:50.161
000931.SZ,000931,20260421,20260421,09:43:57.000,94357000,79,5.05,5.09,5.1,5.04,5.1,5.61,4.59,2269900,1152.1411,2292,5.04,59900,5.05,10300,5.03,69200,5.06,115200,5.02,37200,5.07,25400,5.01,65300,5.08,21500,5.0,146200,5.09,26000,4.99,12500,5.1,118432,4.98,51400,5.11,40900,4.97,12200,5.12,40300,4.96,114000,5.13,23280,4.95,122000,5.14,50500,1044900,1599312,16:05:50.607
000931.SZ,000931,20260421,20260421,09:44:00.000,94400000,79,5.04,5.09,5.1,5.04,5.1,5.61,4.59,2272000,1153.1995,2296,5.04,66200,5.05,24600,5.03,69200,5.06,114200,5.02,37200,5.07,25400,5.01,65300,5.08,21400,5.0,156700,5.09,26000,4.99,12500,5.1,118432,4.98,51400,5.11,40900,4.97,12200,5.12,40300,4.96,114000,5.13,23280,4.95,122000,5.14,50500,1061700,1612512,16:05:51.001
000931.SZ,000931,20260421,20260421,09:44:03.000,94403000,79,5.04,5.09,5.1,5.04,5.1,5.61,4.59,2272000,1153.1995,2296,5.04,66200,5.05,24000,5.03,69200,5.06,114200,5.02,37200,5.07,25400,5.01,65300,5.08,21400,5.0,156700,5.09,26000,4.99,12500,5.1,118432,4.98,51400,5.11,40900,4.97,12200,5.12,40300,4.96,114000,5.13,23280,4.95,122000,5.14,50500,1061700,1611912,16:05:51.593
000931.SZ,000931,20260421,20260421,09:44:06.000,94406000,79,5.05,5.09,5.1,5.04,5.1,5.61,4.59,2272900,1153.654,2300,5.04,66200,5.05,28400,5.03,69200,5.06,114200,5.02,37200,5.07,25400,5.01,65300,5.08,21400,5.0,156700,5.09,26000,4.99,12500,5.1,118432,4.98,51400,5.11,40900,4.97,12200,5.12,40300,4.96,114000,5.13,23280,4.95,122000,5.14,50500,1061700,1616312,16:05:52.141
000931.SZ,000931,20260421,20260421,09:44:09.000,94409000,79,5.05,5.09,5.1,5.04,5.1,5.61,4.59,2272900,1153.654,2300,5.04,66200,5.05,31800,5.03,69200,5.06,114200,5.02,37200,5.07,25400,5.01,65300,5.08,21400,5.0,156800,5.09,26000,4.99,12500,5.1,118432,4.98,51400,5.11,40900,4.97,12200,5.12,40300,4.96,114000,5.13,23280,4.95,122000,5.14,50500,1061800,1619712,16:05:52.416
000931.SZ,000931,20260421,20260421,09:44:12.000,94412000,79,5.04,5.09,5.1,5.04,5.1,5.61,4.59,2285500,1160.0044,2303,5.04,65600,5.05,32700,5.03,69200,5.06,116100,5.02,37200,5.07,25400,5.01,65300,5.08,19500,5.0,156800,5.09,26000,4.99,12500,5.1,118432,4.98,51400,5.11,40900,4.97,12200,5.12,40300,4.96,114000,5.13,23280,4.95,122000,5.14,50500,1121200,1615612,16:05:52.780
000931.SZ,000931,20260421,20260421,09:44:15.000,94415000,79,5.04,5.09,5.1,5.04,5.1,5.61,4.59,2288700,1161.6172,2308,5.04,64500,5.05,33800,5.03,73200,5.06,116100,5.02,37200,5.07,25400,5.01,65300,5.08,19500,5.0,156800,5.09,26000,4.99,12500,5.1,118432,4.98,51400,5.11,40900,4.97,12200,5.12,40300,4.96,115000,5.13,23280,4.95,122000,5.14,50500,1125100,1616712,16:05:53.205
000931.SZ,000931,20260421,20260421,09:44:18.000,94418000,79,5.04,5.09,5.1,5.04,5.1,5.61,4.59,2288700,1161.6172,2308,5.04,65200,5.05,70200,5.03,73200,5.06,116100,5.02,37200,5.07,25400,5.01,65300,5.08,18100,5.0,156800,5.09,26000,4.99,12500,5.1,118432,4.98,51400,5.11,40900,4.97,12200,5.12,40300,4.96,115000,5.13,23280,4.95,122000,5.14,50500,1125800,1651912,16:05:53.625
000931.SZ,000931,20260421,20260421,09:44:21.000,94421000,79,5.05,5.09,5.1,5.04,5.1,5.61,4.59,2293800,1164.1906,2318,5.04,64000,5.05,110800,5.03,74400,5.06,116100,5.02,37200,5.07,25400,5.01,65300,5.08,18000,5.0,156800,5.09,26000,4.99,12500,5.1,118432,4.98,51400,5.11,40900,4.97,12200,5.12,40300,4.96,115000,5.13,23280,4.95,122000,5.14,50500,1125800,1692112,16:05:53.919
000931.SZ,000931,20260421,20260421,09:44:24.000,94424000,79,5.04,5.09,5.1,5.04,5.1,5.61,4.59,2294800,1164.6946,2319,5.04,69300,5.05,119500,5.03,74400,5.06,116100,5.02,37200,5.07,25400,5.01,65300,5.08,18000,5.0,156800,5.09,26000,4.99,10500,5.1,118432,4.98,51400,5.11,40900,4.97,12200,5.12,40300,4.96,115000,5.13,23280,4.95,122000,5.14,50500,1129100,1700812,16:05:54.353
000931.SZ,000931,20260421,20260421,09:44:27.000,94427000,79,5.04,5.09,5.1,5.04,5.1,5.61,4.59,2294800,1164.6946,2319,5.04,69400,5.05,119500,5.03,74400,5.06,116100,5.02,37200,5.07,25400,5.01,65300,5.08,18000,5.0,156800,5.09,26000,4.99,10500,5.1,118432,4.98,51400,5.11,40900,4.97,12200,5.12,40300,4.96,115000,5.13,23280,4.95,122000,5.14,50500,1129200,1700812,16:05:54.730
000931.SZ,000931,20260421,20260421,09:44:30.000,94430000,79,5.04,5.09,5.1,5.04,5.1,5.61,4.59,2294800,1164.6946,2319,5.04,69400,5.05,119500,5.03,74400,5.06,116100,5.02,37200,5.07,25400,5.01,65300,5.08,17900,5.0,156800,5.09,26000,4.99,10500,5.1,118432,4.98,51400,5.11,40900,4.97,12200,5.12,40300,4.96,115000,5.13,23280,4.95,122000,5.14,50500,1129200,1700712,16:05:55.108
000931.SZ,000931,20260421,20260421,09:44:33.000,94433000,79,5.04,5.09,5.1,5.04,5.1,5.61,4.59,2297500,1166.0554,2322,5.04,66700,5.05,122000,5.03,74400,5.06,116100,5.02,37200,5.07,25400,5.01,65300,5.08,17900,5.0,157000,5.09,26000,4.99,10500,5.1,118732,4.98,51400,5.11,40900,4.97,12200,5.12,40300,4.96,115000,5.13,23280,4.95,122000,5.14,50500,1126700,1692512,16:05:55.556
000931.SZ,000931,20260421,20260421,09:44:36.000,94436000,79,5.05,5.09,5.1,5.04,5.1,5.61,4.59,2297600,1166.1059,2323,5.04,80000,5.05,122900,5.03,74400,5.06,114100,5.02,38200,5.07,25400,5.01,65300,5.08,17900,5.0,157000,5.09,26000,4.99,14300,5.1,118732,4.98,51400,5.11,40900,4.97,12200,5.12,40300,4.96,115000,5.13,23280,4.95,122000,5.14,50500,1145400,1691412,16:05:56.042
000931.SZ,000931,20260421,20260421,09:44:39.000,94439000,79,5.04,5.09,5.1,5.04,5.1,5.61,4.59,2297700,1166.1563,2324,5.04,82900,5.05,119900,5.03,74400,5.06,114000,5.02,38200,5.07,25400,5.01,65300,5.08,17900,5.0,156800,5.09,26000,4.99,14300,5.1,118732,4.98,51400,5.11,40900,4.97,12200,5.12,40300,4.96,115000,5.13,23280,4.95,122000,5.14,50500,1148100,1688312,16:05:56.381
000931.SZ,000931,20260421,20260421,09:44:42.000,94442000,79,5.05,5.09,5.1,5.04,5.1,5.61,4.59,2298800,1166.7118,2332,5.04,82900,5.05,120800,5.03,74400,5.06,114000,5.02,38200,5.07,25400,5.01,65300,5.08,17900,5.0,156800,5.09,26000,4.99,14300,5.1,118732,4.98,56400,5.11,40900,4.97,12200,5.12,40300,4.96,115000,5.13,23280,4.95,122000,5.14,50500,1153100,1689212,16:05:56.821
000931.SZ,000931,20260421,20260421,09:44:45.000,94445000,79,5.05,5.09,5.1,5.04,5.1,5.61,4.59,2298800,1166.7118,2332,5.04,85000,5.05,120800,5.03,74400,5.06,114000,5.02,38200,5.07,25400,5.01,70300,5.08,17900,5.0,156800,5.09,26000,4.99,14300,5.1,118732,4.98,56400,5.11,40900,4.97,12200,5.12,40300,4.96,118000,5.13,63880,4.95,122000,5.14,50500,1163200,1729812,16:05:57.245
000931.SZ,000931,20260421,20260421,09:44:48.000,94448000,79,5.05,5.09,5.1,5.04,5.1,5.61,4.59,2299100,1166.8633,2333,5.04,85000,5.05,120500,5.03,74800,5.06,114000,5.02,38200,5.07,25400,5.01,70300,5.08,17900,5.0,156800,5.09,26000,4.99,14300,5.1,118732,4.98,57400,5.11,40900,4.97,12200,5.12,40300,4.96,118000,5.13,63880,4.95,122000,5.14,50500,1164600,1729512,16:05:57.647
000931.SZ,000931,20260421,20260421,09:44:51.000,94451000,79,5.06,5.09,5.1,5.04,5.1,5.61,4.59,2416400,1226.1169,2385,5.05,26000,5.06,96900,5.04,86000,5.07,25400,5.03,74800,5.08,17900,5.02,38200,5.09,26000,5.01,70300,5.1,118732,5.0,156800,5.11,41900,4.99,14300,5.12,40300,4.98,57400,5.13,63880,4.97,12200,5.14,50500,4.96,118000,5.15,52900,1191600,1592912,16:05:57.996
000931.SZ,000931,20260421,20260421,09:44:54.000,94454000,79,5.05,5.09,5.1,5.04,5.1,5.61,4.59,2439900,1237.9844,2397,5.05,200,5.06,125500,5.04,87500,5.07,25400,5.03,74800,5.08,17900,5.02,38200,5.09,26000,5.01,70300,5.1,118732,5.0,163800,5.11,41900,4.99,14300,5.12,40300,4.98,57400,5.13,63880,4.97,12200,5.14,50500,4.96,118000,5.15,52900,1174300,1621512,16:05:58.473
000931.SZ,000931,20260421,20260421,09:44:57.000,94457000,79,5.05,5.09,5.1,5.04,5.1,5.61,4.59,2439900,1237.9844,2397,5.05,200,5.06,125500,5.04,87500,5.07,25400,5.03,74800,5.08,17900,5.02,38200,5.09,26000,5.01,70300,5.1,118732,5.0,163800,5.11,41900,4.99,14300,5.12,40300,4.98,57400,5.13,63880,4.97,12200,5.14,50500,4.96,118000,5.15,52900,1175300,1621512,16:05:58.771
000931.SZ,000931,20260421,20260421,09:45:00.000,94500000,79,5.06,5.09,5.1,5.04,5.1,5.61,4.59,2440000,1238.035,2398,5.05,200,5.06,123700,5.04,87400,5.07,25400,5.03,74800,5.08,17900,5.02,38200,5.09,26000,5.01,70300,5.1,118432,5.0,163800,5.11,41900,4.99,14300,5.12,40300,4.98,57400,5.13,63880,4.97,12200,5.14,50500,4.96,118000,5.15,52900,1175200,1619412,16:05:59.164
000931.SZ,000931,20260421,20260421,09:45:03.000,94503000,79,5.05,5.09,5.1,5.04,5.1,5.61,4.59,2440900,1238.4895,2400,5.04,87400,5.05,200,5.03,74800,5.06,98100,5.02,38200,5.07,25400,5.01,70300,5.08,17900,5.0,163800,5.09,26000,4.99,14300,5.1,118432,4.98,57400,5.11,41900,4.97,12200,5.12,40300,4.96,118000,5.13,63880,4.95,122000,5.14,50500,1175000,1594012,16:05:59.822
000931.SZ,000931,20260421,20260421,09:45:06.000,94506000,79,5.05,5.09,5.1,5.04,5.1,5.61,4.59,2441600,1238.843,2403,5.04,96400,5.05,2100,5.03,79800,5.06,95600,5.02,38200,5.07,25400,5.01,70300,5.08,17900,5.0,163800,5.09,26000,4.99,14300,5.1,118432,4.98,57400,5.11,41900,4.97,12200,5.12,40300,4.96,118000,5.13,63880,4.95,122000,5.14,50500,1189000,1593412,16:06:00.248
000931.SZ,000931,20260421,20260421,09:45:09.000,94509000,79,5.05,5.09,5.1,5.04,5.1,5.61,4.59,2442700,1239.3985,2405,5.04,96400,5.05,13900,5.03,78500,5.06,95600,5.02,38200,5.07,25400,5.01,70900,5.08,17900,5.0,163800,5.09,26000,4.99,14300,5.1,118432,4.98,57400,5.11,41900,4.97,12200,5.12,42300,4.96,118000,5.13,63880,4.95,122000,5.14,50500,1188300,1607212,16:06:00.696
000931.SZ,000931,20260421,20260421,09:45:12.000,94512000,79,5.04,5.09,5.1,5.04,5.1,5.61,4.59,2539100,1287.9841,2425,5.03,78500,5.04,800,5.02,38200,5.05,22200,5.01,83800,5.06,95600,5.0,163800,5.07,25400,4.99,14300,5.08,17900,4.98,57400,5.09,26000,4.97,12200,5.1,118432,4.96,118000,5.11,41900,4.95,122000,5.12,42300,4.94,13500,5.13,63880,1104800,1616312,16:06:01.216
000931.SZ,000931,20260421,20260421,09:45:15.000,94515000,79,5.04,5.09,5.1,5.04,5.1,5.61,4.59,2541700,1289.2945,2432,5.03,78500,5.04,9000,5.02,38200,5.05,22200,5.01,83800,5.06,93400,5.0,163800,5.07,25400,4.99,14300,5.08,17900,4.98,57400,5.09,26000,4.97,12200,5.1,118432,4.96,118000,5.11,41900,4.95,122000,5.12,42300,4.94,13500,5.13,63880,1104800,1622312,16:06:01.618
000931.SZ,000931,20260421,20260421,09:45:18.000,94518000,79,5.04,5.09,5.1,5.03,5.1,5.61,4.59,2548100,1292.5191,2445,5.03,77500,5.04,8700,5.02,38200,5.05,22200,5.01,83800,5.06,93400,5.0,163800,5.07,25400,4.99,14300,5.08,17900,4.98,57400,5.09,26000,4.97,12200,5.1,118032,4.96,115000,5.11,41900,4.95,122000,5.12,42300,4.94,13500,5.13,63880,1100800,1621612,16:06:02.089
000931.SZ,000931,20260421,20260421,09:45:21.000,94521000,79,5.04,5.09,5.1,5.03,5.1,5.61,4.59,2551900,1294.4343,2459,5.03,79400,5.04,12200,5.02,38200,5.05,22200,5.01,83800,5.06,93400,5.0,164200,5.07,25400,4.99,14300,5.08,17900,4.98,57400,5.09,26000,4.97,12200,5.1,118032,4.96,115000,5.11,41900,4.95,122000,5.12,42300,4.94,13500,5.13,63880,1103100,1625112,16:06:02.600
000931.SZ,000931,20260421,20260421,09:45:24.000,94524000,79,5.04,5.09,5.1,5.03,5.1,5.61,4.59,2561700,1299.3735,2467,5.03,83100,5.04,6600,5.02,38200,5.05,22200,5.01,83800,5.06,93400,5.0,164200,5.07,25400,4.99,14300,5.08,17900,4.98,57400,5.09,26000,4.97,12200,5.1,118032,4.96,115000,5.11,41900,4.95,122000,5.12,42300,4.94,13500,5.13,63880,1126800,1619512,16:06:03.041
000931.SZ,000931,20260421,20260421,09:45:27.000,94527000,79,5.04,5.09,5.1,5.03,5.1,5.61,4.59,2563800,1300.4319,2474,5.03,83100,5.04,9400,5.02,38200,5.05,22200,5.01,83800,5.06,93400,5.0,164200,5.07,25400,4.99,14300,5.08,17900,4.98,57400,5.09,26000,4.97,12200,5.1,118032,4.96,115000,5.11,41900,4.95,122000,5.12,42300,4.94,13500,5.13,63880,1128300,1622312,16:06:03.490
000931.SZ,000931,20260421,20260421,09:45:30.000,94530000,79,5.04,5.09,5.1,5.03,5.1,5.61,4.59,2564800,1300.9359,2479,5.03,86100,5.04,14700,5.02,38200,5.05,22200,5.01,83800,5.06,93400,5.0,164200,5.07,25400,4.99,14300,5.08,17900,4.98,57400,5.09,26000,4.97,12200,5.1,118032,4.96,115000,5.11,41900,4.95,122000,5.12,42300,4.94,13500,5.13,63880,1131300,1627612,16:06:03.977
000931.SZ,000931,20260421,20260421,09:45:33.000,94533000,79,5.03,5.09,5.1,5.03,5.1,5.61,4.59,2602400,1319.849,2490,5.03,74500,5.04,23400,5.02,38200,5.05,22200,5.01,83800,5.06,93400,5.0,164200,5.07,25400,4.99,14300,5.08,17900,4.98,57400,5.09,26000,4.97,12200,5.1,118032,4.96,115000,5.11,41900,4.95,122000,5.12,42300,4.94,13500,5.13,63880,1119700,1636312,16:06:04.448
000931.SZ,000931,20260421,20260421,09:45:36.000,94536000,79,5.03,5.09,5.1,5.03,5.1,5.61,4.59,2616100,1326.7531,2506,5.03,78200,5.04,8400,5.02,38200,5.05,24100,5.01,83800,5.06,93400,5.0,164200,5.07,25400,4.99,14300,5.08,17900,4.98,57400,5.09,26000,4.97,12200,5.1,118032,4.96,115000,5.11,41900,4.95,122000,5.12,42300,4.94,13500,5.13,63880,1123400,1623212,16:06:04.974
000931.SZ,000931,20260421,20260421,09:45:39.000,94539000,79,5.03,5.09,5.1,5.03,5.1,5.61,4.59,2624400,1330.9303,2519,5.03,73900,5.04,12900,5.02,38200,5.05,24100,5.01,83800,5.06,93400,5.0,164200,5.07,25400,4.99,14300,5.08,17900,4.98,60400,5.09,26000,4.97,12200,5.1,118032,4.96,115000,5.11,41900,4.95,122000,5.12,42300,4.94,13500,5.13,63880,1122600,1627712,16:06:05.419
000931.SZ,000931,20260421,20260421,09:45:42.000,94542000,79,5.03,5.09,5.1,5.03,5.1,5.61,4.59,2624400,1330.9303,2519,5.03,74500,5.04,17000,5.02,38200,5.05,24100,5.01,83800,5.06,93400,5.0,164200,5.07,25400,4.99,14300,5.08,17900,4.98,60400,5.09,26000,4.97,12200,5.1,118032,4.96,115000,5.11,41900,4.95,122000,5.12,42300,4.94,13500,5.13,63880,1118200,1631812,16:06:05.785
000931.SZ,000931,20260421,20260421,09:45:45.000,94545000,79,5.03,5.09,5.1,5.03,5.1,5.61,4.59,2624400,1330.9303,2519,5.03,69500,5.04,17000,5.02,38200,5.05,24100,5.01,83800,5.06,93400,5.0,164200,5.07,25400,4.99,14300,5.08,17900,4.98,60400,5.09,26000,4.97,14200,5.1,118032,4.96,115000,5.11,41900,4.95,122000,5.12,42300,4.94,13500,5.13,63880,1115200,1631812,16:06:06.336
000931.SZ,000931,20260421,20260421,09:45:48.000,94548000,79,5.03,5.09,5.1,5.03,5.1,5.61,4.59,2624400,1330.9303,2519,5.03,69500,5.04,25100,5.02,38200,5.05,13100,5.01,85800,5.06,93400,5.0,164200,5.07,25400,4.99,14300,5.08,17900,4.98,60400,5.09,26000,4.97,14200,5.1,118032,4.96,115000,5.11,41900,4.95,122000,5.12,42300,4.94,13500,5.13,63880,1117200,1628912,16:06:06.612
000931.SZ,000931,20260421,20260421,09:45:51.000,94551000,79,5.03,5.09,5.1,5.03,5.1,5.61,4.59,2624400,1330.9303,2519,5.03,69500,5.04,25400,5.02,38200,5.05,13100,5.01,85800,5.06,93400,5.0,164200,5.07,25400,4.99,14300,5.08,17900,4.98,60400,5.09,26000,4.97,14200,5.1,118032,4.96,115000,5.11,41900,4.95,122000,5.12,42300,4.94,13500,5.13,63880,1117200,1629212,16:06:07.004
000931.SZ,000931,20260421,20260421,09:45:54.000,94554000,79,5.04,5.09,5.1,5.03,5.1,5.61,4.59,2624500,1330.9807,2520,5.03,69600,5.04,25900,5.02,38200,5.05,13100,5.01,88800,5.06,93400,5.0,159200,5.07,25400,4.99,14300,5.08,17900,4.98,60400,5.09,26000,4.97,14200,5.1,118032,4.96,115000,5.11,41900,4.95,122000,5.12,42300,4.94,13500,5.13,63880,1115300,1629712,16:06:07.413
000931.SZ,000931,20260421,20260421,09:45:57.000,94557000,79,5.03,5.09,5.1,5.03,5.1,5.61,4.59,2632300,1334.9091,2539,5.03,76800,5.04,32600,5.02,40200,5.05,13100,5.01,85900,5.06,93400,5.0,159200,5.07,25400,4.99,14300,5.08,17900,4.98,60400,5.09,26000,4.97,14200,5.1,118032,4.96,115000,5.11,41900,4.95,122000,5.12,42300,4.94,13500,5.13,63880,1121600,1636412,16:06:07.798
000931.SZ,000931,20260421,20260421,09:46:00.000,94600000,79,5.03,5.09,5.1,5.03,5.1,5.61,4.59,2632300,1334.9091,2539,5.03,76800,5.04,37200,5.02,48200,5.05,13100,5.01,85900,5.06,93400,5.0,159200,5.07,25400,4.99,19300,5.08,17600,4.98,60400,5.09,26000,4.97,14200,5.1,118032,4.96,115000,5.11,41900,4.95,122000,5.12,42300,4.94,13500,5.13,63880,1134600,1640712,16:06:08.224
000931.SZ,000931,20260421,20260421,09:46:03.000,94603000,79,5.03,5.09,5.1,5.03,5.1,5.61,4.59,2637100,1337.3235,2542,5.03,72000,5.04,41700,5.02,48200,5.05,13100,5.01,85900,5.06,93400,5.0,159200,5.07,25400,4.99,19300,5.08,17600,4.98,60400,5.09,26000,4.97,14200,5.1,118032,4.96,115000,5.11,41900,4.95,122500,5.12,42300,4.94,13500,5.13,63880,1130300,1645212,16:06:08.859
000931.SZ,000931,20260421,20260421,09:46:06.000,94606000,79,5.03,5.09,5.1,5.03,5.1,5.61,4.59,2638300,1337.9271,2547,5.03,71300,5.04,41700,5.02,48200,5.05,13100,5.01,85900,5.06,93400,5.0,159200,5.07,25400,4.99,19300,5.08,17600,4.98,60400,5.09,26000,4.97,14200,5.1,118032,4.96,115500,5.11,41900,4.95,122500,5.12,42300,4.94,13500,5.13,63880,1130100,1645212,16:06:09.347
000931.SZ,000931,20260421,20260421,09:46:09.000,94609000,79,5.03,5.09,5.1,5.03,5.1,5.61,4.59,2709900,1373.9419,2619,5.02,61300,5.03,15400,5.01,85900,5.04,38000,5.0,159200,5.05,13100,4.99,19300,5.06,91000,4.98,60400,5.07,25400,4.97,14200,5.08,17600,4.96,115500,5.09,26000,4.95,122500,5.1,118032,4.94,13500,5.11,41900,4.93,12900,5.12,42300,1072400,1654512,16:06:09.717
000931.SZ,000931,20260421,20260421,09:46:12.000,94612000,79,5.03,5.09,5.1,5.02,5.1,5.61,4.59,2733700,1385.9132,2654,5.02,49600,5.03,18500,5.01,82800,5.04,36700,5.0,159300,5.05,13100,4.99,19300,5.06,91000,4.98,60400,5.07,25400,4.97,14200,5.08,17600,4.96,118600,5.09,25600,4.95,122500,5.1,113032,4.94,13500,5.11,41900,4.93,12900,5.12,42300,1110800,1630912,16:06:10.206
000931.SZ,000931,20260421,20260421,09:46:15.000,94615000,79,5.03,5.09,5.1,5.02,5.1,5.61,4.59,2734800,1386.4665,2660,5.02,49600,5.03,4000,5.01,82800,5.04,36700,5.0,159300,5.05,13100,4.99,19300,5.06,91000,4.98,60400,5.07,25400,4.97,14200,5.08,17600,4.96,118600,5.09,25600,4.95,122500,5.1,109032,4.94,13500,5.11,41900,4.93,12900,5.12,42300,1110800,1612412,16:06:10.707
000931.SZ,000931,20260421,20260421,09:46:18.000,94618000,79,5.03,5.09,5.1,5.02,5.1,5.61,4.59,2736500,1387.3216,2666,5.02,49700,5.03,3200,5.01,82800,5.04,36700,5.0,159300,5.05,13100,4.99,19300,5.06,91000,4.98,60400,5.07,25400,4.97,14200,5.08,17600,4.96,118600,5.09,25600,4.95,122500,5.1,109032,4.94,13500,5.11,41900,4.93,12900,5.12,42300,1110900,1611612,16:06:11.163
000931.SZ,000931,20260421,20260421,09:46:21.000,94621000,79,5.03,5.09,5.1,5.02,5.1,5.61,4.59,2737600,1387.8749,2673,5.02,49700,5.03,2100,5.01,82800,5.04,36700,5.0,159300,5.05,13100,4.99,19300,5.06,91000,4.98,60400,5.07,25400,4.97,14200,5.08,17600,4.96,118600,5.09,25600,4.95,122500,5.1,109032,4.94,13500,5.11,41900,4.93,12900,5.12,42300,1110900,1610512,16:06:11.539
000931.SZ,000931,20260421,20260421,09:46:24.000,94624000,79,5.03,5.09,5.1,5.02,5.1,5.61,4.59,2738700,1388.4282,2682,5.02,51200,5.03,5500,5.01,82800,5.04,36700,5.0,159300,5.05,13100,4.99,19300,5.06,91000,4.98,60400,5.07,25400,4.97,14200,5.08,17600,4.96,118600,5.09,25600,4.95,122500,5.1,109032,4.94,13500,5.11,41900,4.93,12900,5.12,42300,1112400,1613912,16:06:11.974
000931.SZ,000931,20260421,20260421,09:46:27.000,94627000,79,5.03,5.09,5.1,5.02,5.1,5.61,4.59,2738700,1388.4282,2682,5.02,54300,5.03,5100,5.01,82800,5.04,36700,5.0,159300,5.05,13100,4.99,19300,5.06,91000,4.98,60400,5.07,25400,4.97,14200,5.08,17600,4.96,118600,5.09,25600,4.95,122500,5.1,109032,4.94,13500,5.11,41900,4.93,12900,5.12,42300,1115500,1613512,16:06:12.290
000931.SZ,000931,20260421,20260421,09:46:30.000,94630000,79,5.03,5.09,5.1,5.02,5.1,5.61,4.59,2738900,1388.5288,2684,5.02,57900,5.03,9700,5.01,82800,5.04,36700,5.0,159300,5.05,13100,4.99,19300,5.06,91000,4.98,60400,5.07,25400,4.97,14200,5.08,17600,4.96,118600,5.09,25600,4.95,122500,5.1,109032,4.94,13500,5.11,41900,4.93,12900,5.12,42300,1119100,1618112,16:06:12.657
000931.SZ,000931,20260421,20260421,09:46:33.000,94633000,79,5.03,5.09,5.1,5.02,5.1,5.61,4.59,2738900,1388.5288,2684,5.02,70100,5.03,9800,5.01,81800,5.04,36600,5.0,159300,5.05,13100,4.99,19300,5.06,91000,4.98,60400,5.07,25400,4.97,14200,5.08,17600,4.96,118600,5.09,25600,4.95,122500,5.1,109032,4.94,13500,5.11,41900,4.93,12900,5.12,42300,1130300,1618112,16:06:13.128
000931.SZ,000931,20260421,20260421,09:46:36.000,94636000,79,5.03,5.09,5.1,5.02,5.1,5.61,4.59,2745900,1392.0498,2698,5.02,73400,5.03,3500,5.01,81800,5.04,36300,5.0,159300,5.05,13100,4.99,19300,5.06,91000,4.98,65900,5.07,25400,4.97,14200,5.08,17600,4.96,118600,5.09,25600,4.95,122500,5.1,109032,4.94,13500,5.11,41900,4.93,12900,5.12,42300,1139200,1611512,16:06:13.490
000931.SZ,000931,20260421,20260421,09:46:39.000,94639000,79,5.03,5.09,5.1,5.02,5.1,5.61,4.59,2746200,1392.2007,2699,5.02,78000,5.03,4000,5.01,81800,5.04,36300,5.0,159300,5.05,13100,4.99,19300,5.06,91000,4.98,65900,5.07,25400,4.97,14200,5.08,17600,4.96,118600,5.09,25600,4.95,122500,5.1,109032,4.94,13500,5.11,41900,4.93,12900,5.12,42300,1143800,1612012,16:06:13.875
000931.SZ,000931,20260421,20260421,09:46:42.000,94642000,79,5.02,5.09,5.1,5.02,5.1,5.61,4.59,2747700,1392.9537,2700,5.02,76500,5.03,7900,5.01,86800,5.04,36300,5.0,159300,5.05,13100,4.99,19300,5.06,91000,4.98,65900,5.07,25400,4.97,14200,5.08,17600,4.96,118600,5.09,25600,4.95,124500,5.1,109032,4.94,13500,5.11,41900,4.93,12900,5.12,42300,1149300,1615912,16:06:14.284
000931.SZ,000931,20260421,20260421,09:46:45.000,94645000,79,5.02,5.09,5.1,5.02,5.1,5.61,4.59,2747700,1392.9537,2700,5.02,77200,5.03,9400,5.01,86800,5.04,36800,5.0,159400,5.05,13100,4.99,19300,5.06,91000,4.98,65900,5.07,25400,4.97,14200,5.08,23600,4.96,118600,5.09,25600,4.95,124500,5.1,109032,4.94,13500,5.11,41900,4.93,12900,5.12,42300,1150100,1623912,16:06:14.784
000931.SZ,000931,20260421,20260421,09:46:48.000,94648000,79,5.02,5.09,5.1,5.02,5.1,5.61,4.59,2747700,1392.9537,2700,5.02,80400,5.03,11100,5.01,86800,5.04,37700,5.0,159400,5.05,13100,4.99,19300,5.06,91000,4.98,67800,5.07,25400,4.97,14200,5.08,23600,4.96,118600,5.09,25600,4.95,124500,5.1,109032,4.94,13500,5.11,41900,4.93,12900,5.12,42300,1155200,1626512,16:06:15.236
000931.SZ,000931,20260421,20260421,09:46:51.000,94651000,79,5.02,5.09,5.1,5.02,5.1,5.61,4.59,2766100,1402.2072,2742,5.02,81800,5.03,10200,5.01,86800,5.04,27500,5.0,159400,5.05,13100,4.99,19300,5.06,91000,4.98,67800,5.07,25400,4.97,14200,5.08,23600,4.96,118600,5.09,25600,4.95,125100,5.1,109032,4.94,13500,5.11,41900,4.93,12900,5.12,42300,1157200,1615412,16:06:15.488
000931.SZ,000931,20260421,20260421,09:46:54.000,94654000,79,5.02,5.09,5.1,5.02,5.1,5.61,4.59,2766100,1402.2072,2742,5.02,81800,5.03,3800,5.01,81800,5.04,27200,5.0,159400,5.05,13100,4.99,19300,5.06,91000,4.98,67800,5.07,25400,4.97,14200,5.08,23600,4.96,118600,5.09,25600,4.95,125100,5.1,109032,4.94,13500,5.11,41900,4.93,12900,5.12,42300,1152200,1608712,16:06:15.893
000931.SZ,000931,20260421,20260421,09:46:57.000,94657000,79,5.03,5.09,5.1,5.02,5.1,5.61,4.59,2766200,1402.2575,2743,5.02,82200,5.03,14000,5.01,81800,5.04,27200,5.0,159400,5.05,13100,4.99,19300,5.06,91000,4.98,67800,5.07,25400,4.97,14200,5.08,23600,4.96,119600,5.09,25600,4.95,125100,5.1,109032,4.94,13500,5.11,41900,4.93,12900,5.12,42300,1153600,1618912,16:06:16.282
000931.SZ,000931,20260421,20260421,09:47:00.000,94700000,79,5.03,5.09,5.1,5.02,5.1,5.61,4.59,2766200,1402.2575,2743,5.02,82200,5.03,14300,5.01,81800,5.04,26900,5.0,160900,5.05,13100,4.99,19300,5.06,91000,4.98,67800,5.07,25400,4.97,14200,5.08,23600,4.96,119600,5.09,25600,4.95,125100,5.1,109032,4.94,13500,5.11,41900,4.93,12900,5.12,42300,1155100,1618912,16:06:16.612
000931.SZ,000931,20260421,20260421,09:47:03.000,94703000,79,5.03,5.09,5.1,5.02,5.1,5.61,4.59,2766200,1402.2575,2743,5.02,82200,5.03,14300,5.01,81800,5.04,26900,5.0,160900,5.05,13100,4.99,19300,5.06,91000,4.98,67800,5.07,25400,4.97,14200,5.08,23600,4.96,119600,5.09,25600,4.95,125100,5.1,109032,4.94,13500,5.11,41900,4.93,12900,5.12,42300,1156100,1618912,16:06:17.171
000931.SZ,000931,20260421,20260421,09:47:06.000,94706000,79,5.03,5.09,5.1,5.02,5.1,5.61,4.59,2766800,1402.5593,2745,5.02,82200,5.03,13700,5.01,81800,5.04,26500,5.0,160900,5.05,13100,4.99,19300,5.06,91000,4.98,67800,5.07,25400,4.97,14200,5.08,23600,4.96,119600,5.09,25600,4.95,125100,5.1,109032,4.94,13500,5.11,41900,4.93,12900,5.12,42300,1156100,1617912,16:06:17.547
000931.SZ,000931,20260421,20260421,09:47:09.000,94709000,79,5.03,5.09,5.1,5.02,5.1,5.61,4.59,2766800,1402.5593,2745,5.02,82200,5.03,15800,5.01,84800,5.04,26600,5.0,160900,5.05,13100,4.99,19300,5.06,91000,4.98,67800,5.07,25400,4.97,14200,5.08,23600,4.96,119600,5.09,25600,4.95,125100,5.1,109032,4.94,13500,5.11,41900,4.93,12900,5.12,42300,1159100,1620112,16:06:17.996
000931.SZ,000931,20260421,20260421,09:47:12.000,94712000,79,5.03,5.09,5.1,5.02,5.1,5.61,4.59,2767800,1403.0623,2746,5.02,83000,5.03,23800,5.01,84800,5.04,26600,5.0,150600,5.05,13100,4.99,19300,5.06,91000,4.98,65900,5.07,25400,4.97,14200,5.08,23600,4.96,119600,5.09,25600,4.95,125100,5.1,109032,4.94,13500,5.11,41900,4.93,12900,5.12,42300,1147700,1628112,16:06:18.437
000931.SZ,000931,20260421,20260421,09:47:15.000,94715000,79,5.03,5.09,5.1,5.02,5.1,5.61,4.59,2768000,1403.1629,2748,5.02,84100,5.03,23600,5.01,84800,5.04,26600,5.0,140600,5.05,13100,4.99,19300,5.06,91000,4.98,65900,5.07,25400,4.97,14200,5.08,23600,4.96,119600,5.09,25600,4.95,125100,5.1,109032,4.94,13500,5.11,41900,4.93,12900,5.12,42300,1138800,1627912,16:06:18.732
000931.SZ,000931,20260421,20260421,09:47:18.000,94718000,79,5.02,5.09,5.1,5.02,5.1,5.61,4.59,2768700,1403.5143,2749,5.02,83400,5.03,23700,5.01,84800,5.04,26600,5.0,141000,5.05,13100,4.99,19300,5.06,91000,4.98,65900,5.07,25400,4.97,14200,5.08,23600,4.96,119600,5.09,25600,4.95,125100,5.1,109032,4.94,13500,5.11,41900,4.93,12900,5.12,42300,1138500,1628012,16:06:18.877
000931.SZ,000931,20260421,20260421,09:47:21.000,94721000,79,5.03,5.09,5.1,5.02,5.1,5.61,4.59,2779700,1409.0473,2763,5.02,83400,5.03,12700,5.01,84800,5.04,26600,5.0,141300,5.05,13100,4.99,19300,5.06,91000,4.98,65900,5.07,25400,4.97,14200,5.08,23600,4.96,119600,5.09,25600,4.95,125100,5.1,109032,4.94,13500,5.11,41900,4.93,12900,5.12,42300,1138800,1617012,16:06:19.033
000931.SZ,000931,20260421,20260421,09:47:24.000,94724000,79,5.03,5.09,5.1,5.02,5.1,5.61,4.59,2779800,1409.0976,2764,5.02,83400,5.03,12600,5.01,84800,5.04,26600,5.0,142400,5.05,13100,4.99,19300,5.06,91000,4.98,65900,5.07,25400,4.97,14200,5.08,23600,4.96,119600,5.09,25600,4.95,125100,5.1,109032,4.94,13500,5.11,41900,4.93,12900,5.12,42300,1139900,1616912,16:06:19.177
000931.SZ,000931,20260421,20260421,09:47:27.000,94727000,79,5.03,5.09,5.1,5.02,5.1,5.61,4.59,2779800,1409.0976,2764,5.02,83500,5.03,14600,5.01,86800,5.04,26600,5.0,142400,5.05,13100,4.99,19300,5.06,91000,4.98,65900,5.07,25400,4.97,14200,5.08,23600,4.96,119600,5.09,25600,4.95,125100,5.1,109032,4.94,13500,5.11,41900,4.93,12900,5.12,42300,1142000,1618912,16:06:19.334
000931.SZ,000931,20260421,20260421,09:47:30.000,94730000,79,5.03,5.09,5.1,5.02,5.1,5.61,4.59,2790500,1414.4797,2772,5.02,83700,5.03,3900,5.01,86800,5.04,26600,5.0,142400,5.05,13100,4.99,19300,5.06,91000,4.98,65900,5.07,25400,4.97,14200,5.08,23600,4.96,119600,5.09,25600,4.95,125100,5.1,109032,4.94,13500,5.11,41900,4.93,12900,5.12,42300,1141200,1608212,16:06:19.484
000931.SZ,000931,20260421,20260421,09:47:36.000,94736000,79,5.03,5.09,5.1,5.02,5.1,5.61,4.59,2790500,1414.4797,2772,5.02,83700,5.03,4300,5.01,86800,5.04,26600,5.0,142400,5.05,13100,4.99,19300,5.06,91000,4.98,65900,5.07,25400,4.97,14200,5.08,23600,4.96,119600,5.09,25600,4.95,125100,5.1,109032,4.94,13500,5.11,41900,4.93,12900,5.12,42300,1141200,1616612,16:06:20.264
000931.SZ,000931,20260421,20260421,09:47:42.000,94742000,79,5.03,5.09,5.1,5.02,5.1,5.61,4.59,2810600,1424.59,2782,5.02,82800,5.03,79000,5.01,86800,5.04,100900,5.0,142400,5.05,13100,4.99,19300,5.06,91000,4.98,70900,5.07,25400,4.97,14200,5.08,23600,4.96,119600,5.09,25600,4.95,125100,5.1,109032,4.94,13500,5.11,41900,4.93,12900,5.12,42300,1145800,1765612,16:06:20.978
000931.SZ,000931,20260421,20260421,09:47:45.000,94745000,79,5.02,5.09,5.1,5.02,5.1,5.61,4.59,2811500,1425.0422,2784,5.02,84300,5.03,78600,5.01,86800,5.04,30300,5.0,142400,5.05,13100,4.99,19300,5.06,91000,4.98,70900,5.07,25400,4.97,14200,5.08,23600,4.96,119600,5.09,25600,4.95,125100,5.1,109032,4.94,13500,5.11,41900,4.93,12900,5.12,42300,1147300,1694612,16:06:21.371
000931.SZ,000931,20260421,20260421,09:47:48.000,94748000,79,5.02,5.09,5.1,5.02,5.1,5.61,4.59,2814600,1426.5984,2788,5.02,81600,5.03,80200,5.01,87800,5.04,30300,5.0,142400,5.05,13100,4.99,19300,5.06,91000,4.98,70900,5.07,25400,4.97,14200,5.08,23600,4.96,119600,5.09,25600,4.95,125100,5.1,109032,4.94,13500,5.11,41900,4.93,12900,5.12,42300,1145600,1696212,16:06:21.720
000931.SZ,000931,20260421,20260421,09:47:54.000,94754000,79,5.03,5.09,5.1,5.02,5.1,5.61,4.59,2815100,1426.8499,2789,5.02,81600,5.03,79700,5.01,87800,5.04,30300,5.0,142400,5.05,13100,4.99,19300,5.06,91000,4.98,70900,5.07,25400,4.97,14200,5.08,23600,4.96,119600,5.09,25600,4.95,125100,5.1,109032,4.94,13500,5.11,41900,4.93,12900,5.12,42300,1145600,1695712,16:06:22.516
000931.SZ,000931,20260421,20260421,09:47:57.000,94757000,79,5.03,5.09,5.1,5.02,5.1,5.61,4.59,2815100,1426.8499,2789,5.02,82000,5.03,79700,5.01,85900,5.04,30300,5.0,142400,5.05,13100,4.99,19300,5.06,91000,4.98,70900,5.07,25400,4.97,14200,5.08,23600,4.96,119600,5.09,25600,4.95,126100,5.1,109032,4.94,13500,5.11,41900,4.93,12900,5.12,42300,1146100,1695712,16:06:22.962
000931.SZ,000931,20260421,20260421,09:48:00.000,94800000,79,5.03,5.09,5.1,5.02,5.1,5.61,4.59,2815100,1426.8499,2789,5.02,92100,5.03,79700,5.01,85900,5.04,30300,5.0,142400,5.05,13100,4.99,19300,5.06,91000,4.98,70900,5.07,25400,4.97,14200,5.08,23600,4.96,119600,5.09,25600,4.95,129800,5.1,109032,4.94,13500,5.11,41900,4.93,12900,5.12,42300,1159900,1695712,16:06:23.252
000931.SZ,000931,20260421,20260421,09:48:03.000,94803000,79,5.03,5.09,5.1,5.02,5.1,5.61,4.59,2815100,1426.8499,2789,5.02,92100,5.03,79900,5.01,85900,5.04,30300,5.0,142500,5.05,13100,4.99,19300,5.06,91000,4.98,70900,5.07,25400,4.97,14200,5.08,23600,4.96,119600,5.09,25600,4.95,129800,5.1,109032,4.94,13500,5.11,41900,4.93,12900,5.12,42300,1160000,1695912,16:06:23.772
000931.SZ,000931,20260421,20260421,09:48:06.000,94806000,79,5.03,5.09,5.1,5.02,5.1,5.61,4.59,2815100,1426.8499,2789,5.02,93800,5.03,81100,5.01,85900,5.04,30300,5.0,143500,5.05,13100,4.99,19300,5.06,91000,4.98,70900,5.07,25400,4.97,14200,5.08,23600,4.96,119600,5.09,25600,4.95,129800,5.1,109032,4.94,13500,5.11,41900,4.93,12900,5.12,42300,1162700,1697112,16:06:24.317
000931.SZ,000931,20260421,20260421,09:48:09.000,94809000,79,5.03,5.09,5.1,5.02,5.1,5.61,4.59,2815600,1427.1014,2790,5.02,93800,5.03,80600,5.01,85900,5.04,30300,5.0,143600,5.05,13100,4.99,29300,5.06,91000,4.98,70900,5.07,25400,4.97,14200,5.08,23600,4.96,119600,5.09,25600,4.95,129800,5.1,109032,4.94,13500,5.11,41900,4.93,12900,5.12,42300,1172800,1696612,16:06:24.577
000931.SZ,000931,20260421,20260421,09:48:12.000,94812000,79,5.03,5.09,5.1,5.02,5.1,5.61,4.59,2820000,1429.3146,2792,5.02,94600,5.03,88500,5.01,85900,5.04,30300,5.0,144600,5.05,13100,4.99,29300,5.06,91000,4.98,70900,5.07,25400,4.97,14200,5.08,23600,4.96,119600,5.09,25600,4.95,129800,5.1,109032,4.94,13500,5.11,41900,4.93,12900,5.12,42300,1174600,1704512,16:06:24.958
000931.SZ,000931,20260421,20260421,09:48:15.000,94815000,79,5.02,5.09,5.1,5.02,5.1,5.61,4.59,2820500,1429.5656,2794,5.02,93600,5.03,92300,5.01,73000,5.04,30300,5.0,144600,5.05,13100,4.99,29300,5.06,91000,4.98,70900,5.07,25400,4.97,14200,5.08,23600,4.96,119600,5.09,25600,4.95,129800,5.1,109032,4.94,13500,5.11,41900,4.93,12900,5.12,42300,1160700,1708312,16:06:25.430
000931.SZ,000931,20260421,20260421,09:48:18.000,94818000,79,5.02,5.09,5.1,5.02,5.1,5.61,4.59,2820500,1429.5656,2794,5.02,98600,5.03,92300,5.01,73000,5.04,30300,5.0,144600,5.05,13100,4.99,29300,5.06,91000,4.98,70900,5.07,25400,4.97,14200,5.08,23600,4.96,119600,5.09,25600,4.95,129800,5.1,109032,4.94,13500,5.11,41900,4.93,12900,5.12,42300,1165700,1708312,16:06:25.785
000931.SZ,000931,20260421,20260421,09:48:21.000,94821000,79,5.02,5.09,5.1,5.02,5.1,5.61,4.59,2820500,1429.5656,2794,5.02,98600,5.03,92300,5.01,73000,5.04,30300,5.0,145800,5.05,13100,4.99,29300,5.06,91000,4.98,70900,5.07,25400,4.97,14200,5.08,23600,4.96,119600,5.09,25600,4.95,129800,5.1,109032,4.94,13500,5.11,41900,4.93,12900,5.12,42300,1166900,1708312,16:06:26.179
000931.SZ,000931,20260421,20260421,09:48:24.000,94824000,79,5.02,5.09,5.1,5.02,5.1,5.61,4.59,2820500,1429.5656,2794,5.02,98700,5.03,80000,5.01,73000,5.04,30300,5.0,145800,5.05,13100,4.99,29300,5.06,91000,4.98,70900,5.07,25400,4.97,14200,5.08,23600,4.96,119600,5.09,25600,4.95,129800,5.1,109032,4.94,13500,5.11,41900,4.93,12900,5.12,42300,1167000,1696012,16:06:26.475
000931.SZ,000931,20260421,20260421,09:48:27.000,94827000,79,5.02,5.09,5.1,5.02,5.1,5.61,4.59,2820500,1429.5656,2794,5.02,99400,5.03,81500,5.01,73000,5.04,30300,5.0,145800,5.05,13100,4.99,29300,5.06,91000,4.98,70900,5.07,25400,4.97,14200,5.08,23600,4.96,119600,5.09,25600,4.95,129800,5.1,109032,4.94,13500,5.11,41900,4.93,12900,5.12,42300,1167700,1697512,16:06:26.800
000931.SZ,000931,20260421,20260421,09:48:30.000,94830000,79,5.02,5.09,5.1,5.02,5.1,5.61,4.59,2820500,1429.5656,2794,5.02,101700,5.03,81500,5.01,73000,5.04,30300,5.0,145800,5.05,13100,4.99,29300,5.06,91000,4.98,70900,5.07,25400,4.97,14200,5.08,23600,4.96,119600,5.09,25600,4.95,127800,5.1,109032,4.94,13500,5.11,41900,4.93,12900,5.12,42300,1170000,1697512,16:06:27.271
000931.SZ,000931,20260421,20260421,09:48:33.000,94833000,79,5.02,5.09,5.1,5.02,5.1,5.61,4.59,2820500,1429.5656,2794,5.02,102700,5.03,81500,5.01,73000,5.04,30300,5.0,145800,5.05,13100,4.99,29300,5.06,91000,4.98,70900,5.07,25400,4.97,14200,5.08,23600,4.96,125000,5.09,25600,4.95,127800,5.1,109032,4.94,13500,5.11,41900,4.93,12900,5.12,42300,1176400,1697512,16:06:27.600
000931.SZ,000931,20260421,20260421,09:48:36.000,94836000,79,5.03,5.09,5.1,5.02,5.1,5.61,4.59,2821000,1429.8171,2795,5.02,104000,5.03,81100,5.01,73000,5.04,30300,5.0,145800,5.05,11200,4.99,29300,5.06,91000,4.98,70900,5.07,25400,4.97,14200,5.08,23600,4.96,125000,5.09,25600,4.95,127800,5.1,109032,4.94,13500,5.11,41900,4.93,12900,5.12,42300,1177700,1695212,16:06:27.876
000931.SZ,000931,20260421,20260421,09:48:39.000,94839000,79,5.03,5.09,5.1,5.02,5.1,5.61,4.59,2822900,1430.771,2799,5.02,102200,5.03,81000,5.01,73000,5.04,30300,5.0,145800,5.05,11200,4.99,30100,5.06,91000,4.98,70900,5.07,25400,4.97,14200,5.08,23600,4.96,125000,5.09,25600,4.95,127800,5.1,109032,4.94,13500,5.11,41900,4.93,12900,5.12,42300,1177100,1695112,16:06:28.390
000931.SZ,000931,20260421,20260421,09:48:42.000,94842000,79,5.04,5.09,5.1,5.02,5.1,5.61,4.59,2904400,1471.7661,2814,5.03,8400,5.04,29700,5.02,101500,5.05,11200,5.01,73000,5.06,91000,5.0,151300,5.07,25400,4.99,30100,5.08,23600,4.98,70900,5.09,25600,4.97,14200,5.1,109032,4.96,125000,5.11,41900,4.95,127800,5.12,42300,4.94,13500,5.13,63880,1190300,1613512,16:06:28.754
000931.SZ,000931,20260421,20260421,09:48:45.000,94845000,79,5.04,5.09,5.1,5.02,5.1,5.61,4.59,2935300,1487.3397,2855,5.04,500,5.05,85200,5.03,31900,5.06,91000,5.02,93200,5.07,25400,5.01,73000,5.08,23600,5.0,153300,5.09,25600,4.99,30100,5.1,109032,4.98,70900,5.11,41900,4.97,14200,5.12,42300,4.96,125000,5.13,63880,4.95,128800,5.14,50500,1209000,1657812,16:06:29.111
000931.SZ,000931,20260421,20260421,09:48:48.000,94848000,79,5.04,5.09,5.1,5.02,5.1,5.61,4.59,2936500,1487.9445,2862,5.03,31100,5.04,13000,5.02,92500,5.05,11200,5.01,73000,5.06,92900,5.0,153200,5.07,25400,4.99,34100,5.08,23600,4.98,70900,5.09,25600,4.97,14200,5.1,109032,4.96,129200,5.11,41900,4.95,128800,5.12,42300,4.94,13500,5.13,63880,1215100,1598712,16:06:29.453
000931.SZ,000931,20260421,20260421,09:48:51.000,94851000,79,5.04,5.09,5.1,5.02,5.1,5.61,4.59,2940500,1489.9605,2864,5.03,31100,5.05,11200,5.02,92700,5.06,92900,5.01,73000,5.07,25400,5.0,153900,5.08,23600,4.99,34100,5.09,25600,4.98,70900,5.1,109032,4.97,14200,5.11,41900,4.96,129200,5.12,42300,4.95,128800,5.13,63880,4.94,13500,5.14,50500,1216000,1585712,16:06:29.783
000931.SZ,000931,20260421,20260421,09:48:54.000,94854000,79,5.05,5.09,5.1,5.02,5.1,5.61,4.59,2940700,1490.0615,2866,5.03,31900,5.05,11000,5.02,92700,5.06,92900,5.01,73000,5.07,25400,5.0,153900,5.08,23600,4.99,34100,5.09,25600,4.98,70900,5.1,109032,4.97,14200,5.11,41900,4.96,129200,5.12,42300,4.95,128800,5.13,63880,4.94,13500,5.14,50500,1216800,1593512,16:06:30.137
000931.SZ,000931,20260421,20260421,09:48:57.000,94857000,79,5.04,5.09,5.1,5.02,5.1,5.61,4.59,2945100,1492.2791,2869,5.04,300,5.05,85000,5.03,31900,5.06,92900,5.02,92600,5.07,25400,5.01,73000,5.08,23600,5.0,156900,5.09,25600,4.99,34100,5.1,109032,4.98,70900,5.11,41900,4.97,14200,5.12,42300,4.96,129200,5.13,63880,4.95,128800,5.14,50500,1220800,1667512,16:06:30.455
000931.SZ,000931,20260421,20260421,09:49:00.000,94900000,79,5.04,5.09,5.1,5.02,5.1,5.61,4.59,2945400,1492.4303,2870,5.03,31900,5.04,2700,5.02,107600,5.05,11000,5.01,73000,5.06,92900,5.0,156900,5.07,25400,4.99,34100,5.08,23600,4.98,70900,5.09,25600,4.97,14200,5.1,109032,4.96,123800,5.11,41900,4.95,130800,5.12,42300,4.94,13500,5.13,63880,1232200,1596212,16:06:30.802
000931.SZ,000931,20260421,20260421,09:49:03.000,94903000,79,5.04,5.09,5.1,5.02,5.1,5.61,4.59,2945800,1492.6319,2871,5.03,31300,5.04,2700,5.02,107600,5.05,13400,5.01,73000,5.06,92900,5.0,157300,5.07,25400,4.99,34100,5.08,23600,4.98,70900,5.09,25600,4.97,14200,5.1,109032,4.96,123800,5.11,41900,4.95,130800,5.12,42300,4.94,13500,5.13,63880,1232000,1598612,16:06:31.380
000931.SZ,000931,20260421,20260421,09:49:06.000,94906000,79,5.03,5.09,5.1,5.02,5.1,5.61,4.59,2947300,1493.3864,2873,5.03,29800,5.04,4100,5.02,107600,5.05,13400,5.01,73000,5.06,92900,5.0,157300,5.07,25400,4.99,34100,5.08,23600,4.98,70900,5.09,25600,4.97,14200,5.1,109032,4.96,123800,5.11,41900,4.95,130800,5.12,42300,4.94,13500,5.13,63880,1230500,1600012,16:06:31.723
000931.SZ,000931,20260421,20260421,09:49:09.000,94909000,79,5.03,5.09,5.1,5.02,5.1,5.61,4.59,2947300,1493.3864,2873,5.03,29800,5.04,4500,5.02,107600,5.05,15500,5.01,73000,5.06,92900,5.0,160400,5.07,25400,4.99,34100,5.08,23600,4.98,70900,5.09,25600,4.97,14200,5.1,109032,4.96,123800,5.11,41900,4.95,130800,5.12,42300,4.94,13500,5.13,63880,1233600,1602512,16:06:32.125
000931.SZ,000931,20260421,20260421,09:49:12.000,94912000,79,5.04,5.09,5.1,5.02,5.1,5.61,4.59,2947700,1493.588,2876,5.03,34800,5.04,1900,5.02,110400,5.05,35500,5.01,73000,5.06,92900,5.0,160400,5.07,25400,4.99,34100,5.08,23600,4.98,70900,5.09,25600,4.97,14200,5.1,114032,4.96,123800,5.11,41900,4.95,130800,5.12,42300,4.94,13500,5.13,63880,1241400,1624912,16:06:32.457
000931.SZ,000931,20260421,20260421,09:49:15.000,94915000,79,5.04,5.09,5.1,5.02,5.1,5.61,4.59,2947800,1493.6384,2877,5.03,35500,5.04,12100,5.02,110400,5.05,35500,5.01,73000,5.06,92900,5.0,162400,5.07,25400,4.99,34100,5.08,23600,4.98,70900,5.09,25600,4.97,14200,5.1,114032,4.96,123800,5.11,41900,4.95,130800,5.12,42300,4.94,13500,5.13,63880,1244600,1635112,16:06:32.770
000931.SZ,000931,20260421,20260421,09:49:18.000,94918000,79,5.04,5.09,5.1,5.02,5.1,5.61,4.59,2950100,1494.7954,2879,5.03,32900,5.04,13400,5.02,112300,5.05,35500,5.01,73000,5.06,92900,5.0,167400,5.07,25400,4.99,34100,5.08,23600,4.98,70900,5.09,25600,4.97,14200,5.1,114032,4.96,123800,5.11,41900,4.95,130800,5.12,42300,4.94,13500,5.13,63880,1248900,1636412,16:06:33.094
000931.SZ,000931,20260421,20260421,09:49:21.000,94921000,79,5.04,5.09,5.1,5.02,5.1,5.61,4.59,2950700,1495.0978,2881,5.03,33100,5.04,17700,5.02,112300,5.05,35500,5.01,73000,5.06,92900,5.0,167400,5.07,25400,4.99,34100,5.08,23600,4.98,70900,5.09,25600,4.97,14200,5.1,114032,4.96,123800,5.11,41900,4.95,130800,5.12,42300,4.94,13500,5.13,83880,1249100,1660712,16:06:33.548
000931.SZ,000931,20260421,20260421,09:49:24.000,94924000,79,5.04,5.09,5.1,5.02,5.1,5.61,4.59,2950700,1495.0978,2881,5.03,33100,5.04,18600,5.02,112300,5.05,35500,5.01,84200,5.06,92900,5.0,166800,5.07,25400,4.99,34100,5.08,23600,4.98,70900,5.09,25600,4.97,14200,5.1,114032,4.96,123800,5.11,41900,4.95,130800,5.12,42300,4.94,13500,5.13,83880,1259700,1661612,16:06:33.862
000931.SZ,000931,20260421,20260421,09:49:27.000,94927000,79,5.04,5.09,5.1,5.02,5.1,5.61,4.59,2950800,1495.1482,2882,5.03,33100,5.04,21500,5.02,112300,5.05,35500,5.01,84200,5.06,92900,5.0,166800,5.07,25400,4.99,34100,5.08,23600,4.98,70900,5.09,25600,4.97,14200,5.1,114032,4.96,133800,5.11,41900,4.95,130800,5.12,42300,4.94,13500,5.13,83880,1269700,1675512,16:06:34.074
000931.SZ,000931,20260421,20260421,09:49:30.000,94930000,79,5.04,5.09,5.1,5.02,5.1,5.61,4.59,2951100,1495.2994,2884,5.03,33700,5.04,21200,5.02,112300,5.05,35500,5.01,84200,5.06,92900,5.0,166800,5.07,35400,4.99,34100,5.08,23600,4.98,70900,5.09,25600,4.97,14200,5.1,114032,4.96,133800,5.11,41900,4.95,130800,5.12,42300,4.94,13500,5.13,83880,1270300,1685212,16:06:34.421
000931.SZ,000931,20260421,20260421,09:49:33.000,94933000,79,5.03,5.09,5.1,5.02,5.1,5.61,4.59,2953300,1496.4076,2890,5.03,32000,5.04,70200,5.02,112300,5.05,35500,5.01,84200,5.06,92900,5.0,166800,5.07,35400,4.99,35100,5.08,23600,4.98,70900,5.09,25600,4.97,14200,5.1,114032,4.96,133800,5.11,41900,4.95,130800,5.12,42300,4.94,13500,5.13,83880,1269600,1734212,16:06:34.830
000931.SZ,000931,20260421,20260421,09:49:36.000,94936000,79,5.04,5.09,5.1,5.02,5.1,5.61,4.59,2954800,1497.1636,2893,5.03,32000,5.04,92400,5.02,112300,5.05,35500,5.01,84200,5.06,92900,5.0,167300,5.07,35400,4.99,35100,5.08,23600,4.98,70900,5.09,25600,4.97,14200,5.1,114032,4.96,133800,5.11,41900,4.95,130800,5.12,42300,4.94,13500,5.13,43280,1270100,1715812,16:06:35.292
000931.SZ,000931,20260421,20260421,09:49:39.000,94939000,79,5.04,5.09,5.1,5.02,5.1,5.61,4.59,2956700,1498.1212,2899,5.03,30800,5.04,90900,5.02,111600,5.05,35500,5.01,84000,5.06,92900,5.0,167300,5.07,35400,4.99,35100,5.08,23600,4.98,70900,5.09,25600,4.97,14200,5.1,114032,4.96,133800,5.11,39400,4.95,130800,5.12,42300,4.94,13500,5.13,43280,1270000,1711812,16:06:35.717
000931.SZ,000931,20260421,20260421,09:49:42.000,94942000,79,5.03,5.09,5.1,5.02,5.1,5.61,4.59,2960000,1499.7818,2903,5.03,28200,5.04,90200,5.02,111600,5.05,35500,5.01,84000,5.06,92900,5.0,167500,5.07,35400,4.99,35100,5.08,23600,4.98,70900,5.09,25600,4.97,14200,5.1,114032,4.96,133800,5.11,39400,4.95,130800,5.12,42300,4.94,13500,5.13,43280,1267600,1711312,16:06:36.028
000931.SZ,000931,20260421,20260421,09:49:45.000,94945000,79,5.03,5.09,5.1,5.02,5.1,5.61,4.59,2960100,1499.8321,2904,5.03,30500,5.04,90200,5.02,111600,5.05,35500,5.01,84000,5.06,92900,5.0,167500,5.07,35400,4.99,35100,5.08,23600,4.98,70900,5.09,25600,4.97,14200,5.1,114032,4.96,133800,5.11,39400,4.95,130800,5.12,42300,4.94,13500,5.13,43280,1269900,1711312,16:06:36.340
000931.SZ,000931,20260421,20260421,09:49:48.000,94948000,79,5.03,5.09,5.1,5.02,5.1,5.61,4.59,2960100,1499.8321,2904,5.03,32600,5.04,90200,5.02,111600,5.05,35500,5.01,84000,5.06,92900,5.0,167500,5.07,35400,4.99,35100,5.08,23600,4.98,70900,5.09,25600,4.97,14200,5.1,114032,4.96,133800,5.11,39400,4.95,130800,5.12,42300,4.94,13500,5.13,43280,1272000,1711312,16:06:36.700
000931.SZ,000931,20260421,20260421,09:49:51.000,94951000,79,5.04,5.09,5.1,5.02,5.1,5.61,4.59,2970300,1504.9729,2917,5.03,32600,5.04,80000,5.02,115900,5.05,35500,5.01,84000,5.06,92900,5.0,168800,5.07,35400,4.99,25100,5.08,23600,4.98,70900,5.09,25600,4.97,14200,5.1,114032,4.96,133800,5.11,39400,4.95,130800,5.12,42300,4.94,13500,5.13,43280,1267600,1701112,16:06:37.072
000931.SZ,000931,20260421,20260421,09:49:54.000,94954000,79,5.04,5.09,5.1,5.02,5.1,5.61,4.59,2970300,1504.9729,2917,5.03,33300,5.04,81800,5.02,115900,5.05,35500,5.01,84000,5.06,91000,5.0,168800,5.07,35400,4.99,25100,5.08,23600,4.98,70900,5.09,25600,4.97,14200,5.1,114032,4.96,133800,5.11,39400,4.95,130800,5.12,42300,4.94,13500,5.13,43280,1268300,1701012,16:06:37.371
000931.SZ,000931,20260421,20260421,09:49:57.000,94957000,79,5.04,5.09,5.1,5.02,5.1,5.61,4.59,2970300,1504.9729,2917,5.03,36500,5.04,81800,5.02,115900,5.05,35500,5.01,84000,5.06,91000,5.0,169800,5.07,35400,4.99,25100,5.08,23600,4.98,70900,5.09,25600,4.97,14200,5.1,114032,4.96,133800,5.11,39400,4.95,130800,5.12,42300,4.94,13500,5.13,43280,1273000,1704012,16:06:37.698
000931.SZ,000931,20260421,20260421,09:50:00.000,95000000,79,5.04,5.09,5.1,5.02,5.1,5.61,4.59,2970300,1504.9729,2917,5.03,36800,5.04,7800,5.02,116500,5.05,35500,5.01,94000,5.06,91000,5.0,169800,5.07,35400,4.99,25100,5.08,23600,4.98,70900,5.09,25600,4.97,14200,5.1,114032,4.96,133800,5.11,39400,4.95,130800,5.12,42300,4.94,13500,5.13,43280,1283900,1630012,16:06:38.147
000931.SZ,000931,20260421,20260421,09:50:03.000,95003000,79,5.04,5.09,5.1,5.02,5.1,5.61,4.59,2970500,1505.0737,2918,5.03,39700,5.04,7600,5.02,116500,5.05,35500,5.01,94000,5.06,91000,5.0,169800,5.07,35400,4.99,25100,5.08,23600,4.98,70900,5.09,25600,4.97,14200,5.1,114032,4.96,133800,5.11,39400,4.95,130800,5.12,42300,4.94,13500,5.13,43280,1286800,1629812,16:06:38.681
000931.SZ,000931,20260421,20260421,09:50:06.000,95006000,79,5.04,5.09,5.1,5.02,5.1,5.61,4.59,2970500,1505.0737,2918,5.03,39200,5.04,7600,5.02,117100,5.05,35500,5.01,94000,5.06,91000,5.0,169800,5.07,35400,4.99,27100,5.08,23600,4.98,70900,5.09,25600,4.97,14200,5.1,114032,4.96,133800,5.11,39400,4.95,130800,5.12,42300,4.94,13500,5.13,43280,1290900,1629812,16:06:39.006
000931.SZ,000931,20260421,20260421,09:50:09.000,95009000,79,5.04,5.09,5.1,5.02,5.1,5.61,4.59,2970500,1505.0737,2918,5.03,39200,5.04,7600,5.02,117100,5.05,35500,5.01,94000,5.06,91000,5.0,169800,5.07,35400,4.99,27100,5.08,23600,4.98,71400,5.09,25600,4.97,14200,5.1,114032,4.96,133800,5.11,39400,4.95,130800,5.12,42300,4.94,13500,5.13,43280,1291400,1629812,16:06:39.319
000931.SZ,000931,20260421,20260421,09:50:12.000,95012000,79,5.04,5.09,5.1,5.02,5.1,5.61,4.59,2971100,1505.3761,2920,5.03,40100,5.04,9900,5.02,117100,5.05,35500,5.01,94000,5.06,91000,5.0,169800,5.07,35400,4.99,32100,5.08,23600,4.98,71400,5.09,25600,4.97,14200,5.1,114032,4.96,133800,5.11,39400,4.95,130800,5.12,42300,4.94,13500,5.13,43280,1297300,1632112,16:06:39.727
000931.SZ,000931,20260421,20260421,09:50:15.000,95015000,79,5.04,5.09,5.1,5.02,5.1,5.61,4.59,2974500,1507.0897,2924,5.03,40100,5.04,6500,5.02,117100,5.05,35500,5.01,94000,5.06,91000,5.0,169800,5.07,35400,4.99,32100,5.08,23600,4.98,71400,5.09,25600,4.97,14200,5.1,114032,4.96,133800,5.11,39400,4.95,130800,5.12,42300,4.94,13500,5.13,43280,1297300,1628712,16:06:40.145
000931.SZ,000931,20260421,20260421,09:50:18.000,95018000,79,5.04,5.09,5.1,5.02,5.1,5.61,4.59,2974500,1507.0897,2924,5.03,45200,5.04,6500,5.02,117100,5.05,35500,5.01,94000,5.06,91000,5.0,169800,5.07,35400,4.99,32100,5.08,23600,4.98,71400,5.09,25600,4.97,14200,5.1,114032,4.96,133800,5.11,39400,4.95,130800,5.12,42300,4.94,13500,5.13,43280,1302400,1628712,16:06:40.616
000931.SZ,000931,20260421,20260421,09:50:21.000,95021000,79,5.04,5.09,5.1,5.02,5.1,5.61,4.59,2981400,1510.5673,2941,5.04,1000,5.05,42000,5.03,45900,5.06,91000,5.02,117100,5.07,35400,5.01,93400,5.08,23600,5.0,170800,5.09,25600,4.99,32100,5.1,114432,4.98,71400,5.11,39400,4.97,14200,5.12,42300,4.96,133800,5.13,43280,4.95,130800,5.14,50500,1304500,1629112,16:06:41.065
000931.SZ,000931,20260421,20260421,09:50:24.000,95024000,79,5.05,5.09,5.1,5.02,5.1,5.61,4.59,3026200,1533.1901,2965,5.04,3300,5.06,91000,5.03,44700,5.07,35400,5.02,117100,5.08,23600,5.01,93400,5.09,25600,5.0,170800,5.1,114432,4.99,32100,5.11,39400,4.98,71400,5.12,42300,4.97,14200,5.13,43280,4.96,133800,5.14,50500,4.95,138100,5.15,52900,1312900,1587112,16:06:41.506
000931.SZ,000931,20260421,20260421,09:50:27.000,95027000,79,5.05,5.09,5.1,5.02,5.1,5.61,4.59,3027000,1533.5936,2970,5.05,700,5.06,92100,5.04,14700,5.07,37800,5.03,43100,5.08,23600,5.02,117000,5.09,25600,5.01,93400,5.1,113432,5.0,170800,5.11,39400,4.99,32100,5.12,42300,4.98,71400,5.13,43280,4.97,14200,5.14,50500,4.96,133800,5.15,52900,1323300,1589612,16:06:41.897
000931.SZ,000931,20260421,20260421,09:50:30.000,95030000,79,5.06,5.09,5.1,5.02,5.1,5.61,4.59,3119500,1580.3982,2980,5.05,13000,5.07,37800,5.04,14800,5.08,23600,5.03,41300,5.09,25600,5.02,115400,5.1,113032,5.01,93400,5.11,39400,5.0,170800,5.12,42300,4.99,32100,5.13,43280,4.98,71400,5.14,50500,4.97,14200,5.15,52900,4.96,133800,5.16,53900,1332300,1497112,16:06:42.269
000931.SZ,000931,20260421,20260421,09:50:33.000,95033000,79,5.06,5.09,5.1,5.02,5.1,5.61,4.59,3121500,1581.4089,2989,5.05,11800,5.06,9700,5.04,14800,5.07,116300,5.03,41200,5.08,23600,5.02,113500,5.09,25600,5.01,93400,5.1,113032,5.0,170800,5.11,39400,4.99,32100,5.12,42300,4.98,71400,5.13,43280,4.97,14200,5.14,50500,4.96,133800,5.15,52900,1329100,1585312,16:06:42.787
000931.SZ,000931,20260421,20260421,09:50:36.000,95036000,79,5.05,5.09,5.1,5.02,5.1,5.61,4.59,3122300,1581.8129,2990,5.05,11000,5.06,10500,5.04,15000,5.07,42700,5.03,46200,5.08,23600,5.02,109600,5.09,25600,5.01,93400,5.1,113032,5.0,170800,5.11,39400,4.99,32100,5.12,42300,4.98,71400,5.13,43280,4.97,14200,5.14,50500,4.96,135800,5.15,52900,1336600,1512512,16:06:43.236
000931.SZ,000931,20260421,20260421,09:50:39.000,95039000,79,5.05,5.09,5.1,5.02,5.1,5.61,4.59,3133200,1587.3174,2995,5.05,1100,5.06,11200,5.04,15000,5.07,42700,5.03,46200,5.08,23600,5.02,109600,5.09,25600,5.01,93400,5.1,113032,5.0,170800,5.11,39400,4.99,32100,5.12,42300,4.98,71400,5.13,43280,4.97,14200,5.14,50500,4.96,135800,5.15,52900,1326700,1513212,16:06:43.726
000931.SZ,000931,20260421,20260421,09:50:42.000,95042000,79,5.06,5.09,5.1,5.02,5.1,5.61,4.59,3134400,1587.9235,2998,5.04,18900,5.06,14900,5.03,46200,5.07,42700,5.02,109600,5.08,24100,5.01,93400,5.09,25600,5.0,170800,5.1,113032,4.99,32100,5.11,39400,4.98,72400,5.12,42300,4.97,14200,5.13,43280,4.96,135800,5.14,50500,4.95,143100,5.15,52900,1330500,1517912,16:06:44.064
000931.SZ,000931,20260421,20260421,09:50:45.000,95045000,79,5.06,5.09,5.1,5.02,5.1,5.61,4.59,3134400,1587.9235,2998,5.04,18900,5.06,14900,5.03,46200,5.07,42700,5.02,106600,5.08,24100,5.01,93400,5.09,25600,5.0,170800,5.1,113032,4.99,32100,5.11,39400,4.98,72400,5.12,42300,4.97,14200,5.13,43280,4.96,135800,5.14,50500,4.95,143100,5.15,52900,1327500,1517912,16:06:44.472
000931.SZ,000931,20260421,20260421,09:50:48.000,95048000,79,5.06,5.09,5.1,5.02,5.1,5.61,4.59,3141200,1591.3641,3000,5.04,18800,5.06,82000,5.03,46200,5.07,42700,5.02,106600,5.08,24100,5.01,93400,5.09,25600,5.0,170800,5.1,113032,4.99,32100,5.11,39400,4.98,72400,5.12,42300,4.97,14200,5.13,43280,4.96,135800,5.14,50500,4.95,143100,5.15,52900,1327500,1585012,16:06:44.865
000931.SZ,000931,20260421,20260421,09:50:51.000,95051000,79,5.04,5.09,5.1,5.02,5.1,5.61,4.59,3141300,1591.4145,3001,5.04,20800,5.06,82000,5.03,49200,5.07,42700,5.02,108100,5.08,24100,5.01,93400,5.09,25600,5.0,170800,5.1,113032,4.99,32100,5.11,39400,4.98,72400,5.12,42300,4.97,14200,5.13,43280,4.96,135800,5.14,50500,4.95,143100,5.15,52900,1334000,1585012,16:06:45.314
000931.SZ,000931,20260421,20260421,09:50:54.000,95054000,79,5.04,5.09,5.1,5.02,5.1,5.61,4.59,3141300,1591.4145,3001,5.05,100,5.06,82000,5.04,21500,5.07,42700,5.03,49200,5.08,24100,5.02,108100,5.09,25600,5.01,93400,5.1,113032,5.0,170800,5.11,39400,4.99,32100,5.12,42300,4.98,72400,5.13,43280,4.97,14200,5.14,50500,4.96,135800,5.15,52900,1334800,1585012,16:06:45.598
000931.SZ,000931,20260421,20260421,09:50:57.000,95057000,79,5.05,5.09,5.1,5.02,5.1,5.61,4.59,3141600,1591.566,3003,5.05,11000,5.06,83000,5.04,21500,5.07,42700,5.03,49200,5.08,24100,5.02,108100,5.09,25600,5.01,93400,5.1,114032,5.0,170800,5.11,39400,4.99,32100,5.12,42300,4.98,72400,5.13,43280,4.97,14200,5.14,50500,4.96,135800,5.15,52900,1345700,1587012,16:06:46.047
000931.SZ,000931,20260421,20260421,09:51:00.000,95100000,79,5.05,5.09,5.1,5.02,5.1,5.61,4.59,3148900,1595.2525,3010,5.05,9700,5.06,83200,5.04,21500,5.07,42700,5.03,48200,5.08,24100,5.02,108100,5.09,25600,5.01,93400,5.1,114032,5.0,170800,5.11,39400,4.99,32100,5.12,42300,4.98,72400,5.13,43280,4.97,14200,5.14,50500,4.96,135800,5.15,52900,1343400,1587212,16:06:46.454
000931.SZ,000931,20260421,20260421,09:51:03.000,95103000,79,5.05,5.09,5.1,5.02,5.1,5.61,4.59,3149000,1595.303,3011,5.05,9600,5.06,83200,5.04,21500,5.07,42700,5.03,48200,5.08,24100,5.02,108100,5.09,25600,5.01,93400,5.1,114032,5.0,170800,5.11,39400,4.99,32100,5.12,42300,4.98,72400,5.13,43280,4.97,14200,5.14,50500,4.96,135800,5.15,52900,1343300,1587212,16:06:46.941
000931.SZ,000931,20260421,20260421,09:51:06.000,95106000,79,5.05,5.09,5.1,5.02,5.1,5.61,4.59,3149000,1595.303,3011,5.05,21200,5.06,83500,5.04,20600,5.07,42700,5.03,48200,5.08,24100,5.02,108100,5.09,26200,5.01,93400,5.1,114032,5.0,165800,5.11,39400,4.99,32100,5.12,42300,4.98,72400,5.13,43280,4.97,14200,5.14,50500,4.96,135800,5.15,52900,1349000,1588112,16:06:47.314
000931.SZ,000931,20260421,20260421,09:51:09.000,95109000,79,5.05,5.09,5.1,5.02,5.1,5.61,4.59,3149100,1595.3535,3012,5.05,33600,5.06,83500,5.04,20600,5.07,42700,5.03,48200,5.08,24100,5.02,108600,5.09,26200,5.01,93400,5.1,114032,5.0,165800,5.11,39400,4.99,32100,5.12,42300,4.98,72400,5.13,43280,4.97,14200,5.14,50500,4.96,135800,5.15,52900,1361900,1588112,16:06:47.720
000931.SZ,000931,20260421,20260421,09:51:12.000,95112000,79,5.05,5.09,5.1,5.02,5.1,5.61,4.59,3149100,1595.3535,3012,5.05,33600,5.06,83500,5.04,20500,5.07,42700,5.03,48700,5.08,24100,5.02,108600,5.09,26200,5.01,93400,5.1,114032,5.0,165800,5.11,39400,4.99,32100,5.12,42300,4.98,72400,5.13,43280,4.97,14200,5.14,50500,4.96,135800,5.15,52900,1362300,1588112,16:06:48.057
000931.SZ,000931,20260421,20260421,09:51:15.000,95115000,79,5.05,5.09,5.1,5.02,5.1,5.61,4.59,3151900,1596.7675,3013,5.05,30800,5.06,84100,5.04,20500,5.07,42700,5.03,48700,5.08,24100,5.02,108600,5.09,26200,5.01,93400,5.1,114032,5.0,165800,5.11,39400,4.99,32100,5.12,42300,4.98,72400,5.13,43280,4.97,14200,5.14,50500,4.96,135800,5.15,52900,1359500,1588712,16:06:48.373
000931.SZ,000931,20260421,20260421,09:51:18.000,95118000,79,5.05,5.09,5.1,5.02,5.1,5.61,4.59,3151900,1596.7675,3013,5.05,31500,5.06,84100,5.04,20500,5.07,42700,5.03,48700,5.08,24100,5.02,108600,5.09,26200,5.01,93400,5.1,114032,5.0,165800,5.11,39400,4.99,32100,5.12,42300,4.98,72400,5.13,43280,4.97,14200,5.14,50500,4.96,135800,5.15,52900,1360200,1588712,16:06:48.720
000931.SZ,000931,20260421,20260421,09:51:21.000,95121000,79,5.05,5.09,5.1,5.02,5.1,5.61,4.59,3151900,1596.7675,3013,5.05,31800,5.06,84100,5.04,20500,5.07,42700,5.03,48900,5.08,24100,5.02,108600,5.09,26200,5.01,93400,5.1,114032,5.0,165800,5.11,39400,4.99,32100,5.12,42300,4.98,72400,5.13,43280,4.97,14200,5.14,50500,4.96,135800,5.15,52900,1360700,1588712,16:06:49.116
000931.SZ,000931,20260421,20260421,09:51:27.000,95127000,79,5.05,5.09,5.1,5.02,5.1,5.61,4.59,3151900,1596.7675,3013,5.05,31800,5.06,85200,5.04,20500,5.07,42700,5.03,48900,5.08,24100,5.02,108600,5.09,26200,5.01,93400,5.1,114032,5.0,165800,5.11,39400,4.99,32100,5.12,42300,4.98,72400,5.13,43280,4.97,14200,5.14,50500,4.96,135800,5.15,52900,1360700,1589812,16:06:49.904
000931.SZ,000931,20260421,20260421,09:51:30.000,95130000,79,5.05,5.09,5.1,5.02,5.1,5.61,4.59,3151900,1596.7675,3013,5.05,32200,5.06,85200,5.04,20500,5.07,42700,5.03,48900,5.08,24100,5.02,113600,5.09,26200,5.01,93400,5.1,114032,5.0,155800,5.11,39400,4.99,32100,5.12,42300,4.98,72400,5.13,43280,4.97,14200,5.14,50500,4.96,135800,5.15,52900,1356100,1589812,16:06:50.208
000931.SZ,000931,20260421,20260421,09:51:33.000,95133000,79,5.05,5.09,5.1,5.02,5.1,5.61,4.59,3152400,1597.02,3014,5.05,31500,5.06,87600,5.04,20500,5.07,42700,5.03,48900,5.08,24100,5.02,113600,5.09,26200,5.01,93400,5.1,114032,5.0,155800,5.11,39400,4.99,32100,5.12,42300,4.98,72400,5.13,43280,4.97,14200,5.14,50500,4.96,136200,5.15,52900,1355800,1592212,16:06:50.585
000931.SZ,000931,20260421,20260421,09:51:36.000,95136000,79,5.05,5.09,5.1,5.02,5.1,5.61,4.59,3152700,1597.1715,3017,5.05,31200,5.06,87600,5.04,20500,5.07,42700,5.03,48900,5.08,24100,5.02,113600,5.09,26200,5.01,93400,5.1,114032,5.0,155800,5.11,39400,4.99,32100,5.12,42300,4.98,72400,5.13,43280,4.97,14200,5.14,50500,4.96,136200,5.15,52900,1355500,1650312,16:06:50.807
000931.SZ,000931,20260421,20260421,09:51:39.000,95139000,79,5.05,5.09,5.1,5.02,5.1,5.61,4.59,3153100,1597.3735,3021,5.05,30800,5.06,98100,5.04,20500,5.07,42700,5.03,48900,5.08,24100,5.02,113600,5.09,26200,5.01,93400,5.1,114032,5.0,155800,5.11,39400,4.99,32100,5.12,42300,4.98,72400,5.13,43280,4.97,14200,5.14,50500,4.96,136200,5.15,52900,1355100,1660812,16:06:51.194
000931.SZ,000931,20260421,20260421,09:51:42.000,95142000,79,5.05,5.09,5.1,5.02,5.1,5.61,4.59,3154300,1597.9795,3022,5.05,29600,5.06,24300,5.04,21500,5.07,42700,5.03,48900,5.08,24100,5.02,113600,5.09,26200,5.01,93400,5.1,114032,5.0,155800,5.11,39400,4.99,32100,5.12,42300,4.98,72400,5.13,43280,4.97,14200,5.14,50500,4.96,136200,5.15,52900,1354900,1587012,16:06:51.563
000931.SZ,000931,20260421,20260421,09:51:45.000,95145000,79,5.05,5.09,5.1,5.02,5.1,5.61,4.59,3156600,1599.141,3024,5.05,27300,5.06,25200,5.04,21500,5.07,42700,5.03,48900,5.08,24100,5.02,113600,5.09,26200,5.01,93400,5.1,114032,5.0,172400,5.11,39400,4.99,32100,5.12,42300,4.98,72400,5.13,43280,4.97,14200,5.14,50500,4.96,136200,5.15,52900,1369200,1587912,16:06:51.933
000931.SZ,000931,20260421,20260421,09:51:48.000,95148000,79,5.05,5.09,5.1,5.02,5.1,5.61,4.59,3156600,1599.141,3024,5.05,27300,5.06,26200,5.04,21500,5.07,42700,5.03,48900,5.08,24100,5.02,113600,5.09,26200,5.01,93400,5.1,114032,5.0,172400,5.11,39400,4.99,32100,5.12,42300,4.98,72400,5.13,43280,4.97,14200,5.14,50500,4.96,136200,5.15,52900,1369200,1588912,16:06:52.130
000931.SZ,000931,20260421,20260421,09:51:51.000,95151000,79,5.05,5.09,5.1,5.02,5.1,5.61,4.59,3156600,1599.141,3024,5.05,27300,5.06,26200,5.04,21500,5.07,42700,5.03,48900,5.08,18100,5.02,113400,5.09,26200,5.01,93400,5.1,114032,5.0,172400,5.11,39400,4.99,32100,5.12,42300,4.98,72400,5.13,43280,4.97,14200,5.14,50500,4.96,136200,5.15,52900,1369000,1582912,16:06:52.586
000931.SZ,000931,20260421,20260421,09:51:54.000,95154000,79,5.05,5.09,5.1,5.02,5.1,5.61,4.59,3156600,1599.141,3024,5.05,27700,5.06,23300,5.04,22600,5.07,42700,5.03,48900,5.08,18100,5.02,113400,5.09,26200,5.01,93400,5.1,114032,5.0,172400,5.11,39400,4.99,32100,5.12,42300,4.98,72400,5.13,43280,4.97,14200,5.14,50500,4.96,136200,5.15,52900,1371300,1580012,16:06:52.868
000931.SZ,000931,20260421,20260421,09:51:57.000,95157000,79,5.05,5.09,5.1,5.02,5.1,5.61,4.59,3156600,1599.141,3024,5.05,28300,5.06,23300,5.04,22600,5.07,42700,5.03,48900,5.08,18100,5.02,112800,5.09,26200,5.01,93400,5.1,114032,5.0,172400,5.11,39400,4.99,32100,5.12,42300,4.98,72400,5.13,43280,4.97,14200,5.14,50500,4.96,136200,5.15,52900,1371300,1579212,16:06:53.233
000931.SZ,000931,20260421,20260421,09:52:00.000,95200000,79,5.06,5.09,5.1,5.02,5.1,5.61,4.59,3157500,1599.5964,3029,5.05,28500,5.06,22400,5.04,22600,5.07,42700,5.03,48900,5.08,18100,5.02,112800,5.09,26200,5.01,93400,5.1,114032,5.0,172400,5.11,39400,4.99,32100,5.12,42300,4.98,72400,5.13,43280,4.97,14200,5.14,50500,4.96,136200,5.15,52900,1371500,1578312,16:06:53.527
000931.SZ,000931,20260421,20260421,09:52:03.000,95203000,79,5.06,5.09,5.1,5.02,5.1,5.61,4.59,3157500,1599.5964,3029,5.05,28600,5.06,22400,5.04,22600,5.07,42700,5.03,48900,5.08,18100,5.02,112800,5.09,26200,5.01,93400,5.1,114032,5.0,172300,5.11,39400,4.99,32100,5.12,42300,4.98,72400,5.13,43280,4.97,14200,5.14,50500,4.96,136200,5.15,52900,1371500,1578312,16:06:53.819
000931.SZ,000931,20260421,20260421,09:52:06.000,95206000,79,5.06,5.09,5.1,5.02,5.1,5.61,4.59,3157500,1599.5964,3029,5.05,28600,5.06,22400,5.04,22600,5.07,42700,5.03,48900,5.08,18100,5.02,112800,5.09,26200,5.01,93400,5.1,114032,5.0,172300,5.11,39400,4.99,32100,5.12,42300,4.98,72400,5.13,43280,4.97,14200,5.14,50500,4.96,136200,5.15,52900,1372500,1578312,16:06:54.127
000931.SZ,000931,20260421,20260421,09:52:09.000,95209000,79,5.06,5.09,5.1,5.02,5.1,5.61,4.59,3157500,1599.5964,3029,5.05,40600,5.06,23000,5.04,23600,5.07,42700,5.03,48900,5.08,18100,5.02,112300,5.09,26200,5.01,93400,5.1,114032,5.0,172300,5.11,39400,4.99,32100,5.12,42300,4.98,72400,5.13,43280,4.97,14200,5.14,50500,4.96,136200,5.15,52900,1385000,1578912,16:06:54.534
000931.SZ,000931,20260421,20260421,09:52:12.000,95212000,79,5.06,5.09,5.1,5.02,5.1,5.61,4.59,3157500,1599.5964,3029,5.05,40600,5.06,23000,5.04,23600,5.07,42700,5.03,48900,5.08,18100,5.02,112300,5.09,26200,5.01,93400,5.1,114032,5.0,172300,5.11,39400,4.99,32100,5.12,42300,4.98,72400,5.13,44180,4.97,14200,5.14,50500,4.96,136200,5.15,52900,1385000,1579812,16:06:54.834
000931.SZ,000931,20260421,20260421,09:52:15.000,95215000,79,5.06,5.09,5.1,5.02,5.1,5.61,4.59,3157500,1599.5964,3029,5.05,40600,5.06,23000,5.04,23600,5.07,40300,5.03,51900,5.08,18100,5.02,112300,5.09,26200,5.01,93400,5.1,114032,5.0,172300,5.11,39400,4.99,32100,5.12,42300,4.98,72400,5.13,44180,4.97,14200,5.14,50500,4.96,136200,5.15,52900,1388000,1577412,16:06:55.284
000931.SZ,000931,20260421,20260421,09:52:18.000,95218000,79,5.06,5.09,5.1,5.02,5.1,5.61,4.59,3157500,1599.5964,3029,5.05,40600,5.06,23000,5.04,23600,5.07,40300,5.03,54400,5.08,18100,5.02,112300,5.09,26200,5.01,93400,5.1,114032,5.0,172300,5.11,39400,4.99,32100,5.12,42300,4.98,72400,5.13,44180,4.97,14200,5.14,50500,4.96,136200,5.15,52900,1390500,1577412,16:06:55.581
000931.SZ,000931,20260421,20260421,09:52:21.000,95221000,79,5.06,5.09,5.1,5.02,5.1,5.61,4.59,3198700,1620.403,3064,5.04,24700,5.06,26100,5.03,54400,5.07,40300,5.02,112300,5.08,18100,5.01,93400,5.09,26200,5.0,172300,5.1,114032,4.99,32100,5.11,39400,4.98,72400,5.12,42300,4.97,14200,5.13,44180,4.96,136200,5.14,50500,4.95,144100,5.15,52900,1351000,1580512,16:06:55.879
000931.SZ,000931,20260421,20260421,09:52:24.000,95224000,79,5.05,5.09,5.1,5.02,5.1,5.61,4.59,3199000,1620.5545,3066,5.04,24800,5.06,29400,5.03,54400,5.07,40300,5.02,112300,5.08,18100,5.01,93400,5.09,26200,5.0,172300,5.1,114032,4.99,32100,5.11,39400,4.98,72400,5.12,42300,4.97,14200,5.13,44180,4.96,136200,5.14,50500,4.95,144100,5.15,52900,1351100,1583812,16:06:56.204
000931.SZ,000931,20260421,20260421,09:52:27.000,95227000,79,5.05,5.09,5.1,5.02,5.1,5.61,4.59,3199000,1620.5545,3066,5.04,24800,5.06,39400,5.03,54400,5.07,42300,5.02,112300,5.08,18100,5.01,93400,5.09,26200,5.0,172300,5.1,114032,4.99,32100,5.11,39400,4.98,72400,5.12,42300,4.97,14200,5.13,44180,4.96,136200,5.14,50500,4.95,144100,5.15,52900,1351100,1595812,16:06:56.470
000931.SZ,000931,20260421,20260421,09:52:30.000,95230000,79,5.05,5.09,5.1,5.02,5.1,5.61,4.59,3199200,1620.6555,3067,5.04,26900,5.06,39400,5.03,54400,5.07,42300,5.02,112300,5.08,18100,5.01,93400,5.09,26200,5.0,172300,5.1,114032,4.99,32100,5.11,39400,4.98,72400,5.12,42300,4.97,14200,5.13,44180,4.96,136200,5.14,50500,4.95,144100,5.15,52900,1353200,1595812,16:06:56.800
000931.SZ,000931,20260421,20260421,09:52:33.000,95233000,79,5.05,5.09,5.1,5.02,5.1,5.61,4.59,3199200,1620.6555,3067,5.04,26500,5.05,10700,5.03,54400,5.06,39400,5.02,112300,5.07,44800,5.01,93400,5.08,18100,5.0,174800,5.09,26200,4.99,32100,5.1,114032,4.98,72400,5.11,39400,4.97,14200,5.12,42300,4.96,136200,5.13,44180,4.95,144100,5.14,50500,1355300,1609012,16:06:57.299
000931.SZ,000931,20260421,20260421,09:52:36.000,95236000,79,5.04,5.09,5.1,5.02,5.1,5.61,4.59,3199700,1620.9075,3068,5.04,26000,5.05,14500,5.03,54400,5.06,39100,5.02,113300,5.07,44800,5.01,87900,5.08,18100,5.0,174800,5.09,26200,4.99,32100,5.1,114032,4.98,72400,5.11,39400,4.97,14200,5.12,42300,4.96,136200,5.13,44180,4.95,144100,5.14,50500,1350300,1612512,16:06:57.690
000931.SZ,000931,20260421,20260421,09:52:39.000,95239000,79,5.04,5.09,5.1,5.02,5.1,5.61,4.59,3199700,1620.9075,3068,5.04,26000,5.05,15200,5.03,53000,5.06,39100,5.02,113300,5.07,44800,5.01,87900,5.08,18100,5.0,174800,5.09,26200,4.99,32100,5.1,114032,4.98,72400,5.11,39400,4.97,14200,5.12,42300,4.96,136200,5.13,44180,4.95,144100,5.14,50500,1348900,1613212,16:06:58.050
000931.SZ,000931,20260421,20260421,09:52:42.000,95242000,79,5.04,5.09,5.1,5.02,5.1,5.61,4.59,3199700,1620.9075,3068,5.04,26000,5.05,18300,5.03,53000,5.06,45100,5.02,113300,5.07,44800,5.01,87900,5.08,18100,5.0,174800,5.09,26200,4.99,32100,5.1,114032,4.98,72400,5.11,39400,4.97,14200,5.12,42300,4.96,136200,5.13,44180,4.95,144100,5.14,50500,1348900,1622312,16:06:58.373
000931.SZ,000931,20260421,20260421,09:52:45.000,95245000,79,5.04,5.09,5.1,5.02,5.1,5.61,4.59,3199700,1620.9075,3068,5.04,26100,5.05,18600,5.03,53000,5.06,45100,5.02,113300,5.07,44800,5.01,87900,5.08,18100,5.0,174800,5.09,26200,4.99,32100,5.1,114032,4.98,72400,5.11,39400,4.97,14200,5.12,42300,4.96,136200,5.13,44880,4.95,144100,5.14,50500,1349000,1623312,16:06:58.861
000931.SZ,000931,20260421,20260421,09:52:48.000,95248000,79,5.04,5.09,5.1,5.02,5.1,5.61,4.59,3200500,1621.3107,3069,5.04,25300,5.05,18600,5.03,53000,5.06,45100,5.02,113300,5.07,44800,5.01,87900,5.08,18100,5.0,174800,5.09,26200,4.99,32100,5.1,114032,4.98,72400,5.11,39400,4.97,14200,5.12,42300,4.96,136200,5.13,44880,4.95,144100,5.14,50500,1348200,1623312,16:06:59.127
000931.SZ,000931,20260421,20260421,09:52:51.000,95251000,79,5.04,5.09,5.1,5.02,5.1,5.61,4.59,3200500,1621.3107,3069,5.04,23700,5.05,18600,5.03,55000,5.06,45100,5.02,113300,5.07,44800,5.01,87900,5.08,18100,5.0,174800,5.09,26200,4.99,32100,5.1,114032,4.98,72400,5.11,39400,4.97,14200,5.12,42300,4.96,136200,5.13,44880,4.95,144100,5.14,50500,1348600,1623312,16:06:59.624
000931.SZ,000931,20260421,20260421,09:52:54.000,95254000,79,5.04,5.09,5.1,5.02,5.1,5.61,4.59,3200500,1621.3107,3069,5.04,23700,5.05,18600,5.03,60500,5.06,45700,5.02,113300,5.07,44800,5.01,87900,5.08,18100,5.0,174800,5.09,26200,4.99,32100,5.1,114032,4.98,72400,5.11,39400,4.97,14200,5.12,42300,4.96,136200,5.13,44880,4.95,144100,5.14,50500,1354100,1623912,16:06:59.844
000931.SZ,000931,20260421,20260421,09:52:57.000,95257000,79,5.04,5.09,5.1,5.02,5.1,5.61,4.59,3200500,1621.3107,3069,5.04,30800,5.05,18600,5.03,60500,5.06,45700,5.02,113300,5.07,44800,5.01,87900,5.08,18100,5.0,175800,5.09,26200,4.99,32100,5.1,114032,4.98,72400,5.11,39400,4.97,14200,5.12,42300,4.96,136200,5.13,44880,4.95,144100,5.14,50500,1362200,1623912,16:07:00.245
000931.SZ,000931,20260421,20260421,09:53:00.000,95300000,79,5.04,5.09,5.1,5.02,5.1,5.61,4.59,3200500,1621.3107,3069,5.04,31000,5.05,18600,5.03,60500,5.06,45700,5.02,113300,5.07,54800,5.01,87900,5.08,18100,5.0,175800,5.09,26200,4.99,32100,5.1,114032,4.98,72400,5.11,39400,4.97,14200,5.12,42300,4.96,136200,5.13,44880,4.95,144100,5.14,50500,1362400,1633912,16:07:00.512
000931.SZ,000931,20260421,20260421,09:53:03.000,95303000,79,5.04,5.09,5.1,5.02,5.1,5.61,4.59,3231500,1636.9347,3096,5.03,60500,5.05,18600,5.02,113300,5.06,45700,5.01,88500,5.07,54800,5.0,176300,5.08,18100,4.99,32100,5.09,26200,4.98,72400,5.1,114032,4.97,14200,5.11,39400,4.96,136200,5.12,42300,4.95,144100,5.13,44880,4.94,13600,5.14,50500,1332500,1633912,16:07:01.113
000931.SZ,000931,20260421,20260421,09:53:06.000,95306000,79,5.05,5.09,5.1,5.02,5.1,5.61,4.59,3231800,1637.086,3098,5.03,60500,5.05,23300,5.02,113800,5.06,41100,5.01,88500,5.07,54800,5.0,176400,5.08,18100,4.99,32100,5.09,26200,4.98,72400,5.1,114032,4.97,14200,5.11,39400,4.96,136200,5.12,42300,4.95,144100,5.13,44880,4.94,13600,5.14,50500,1333100,1634012,16:07:01.484
000931.SZ,000931,20260421,20260421,09:53:09.000,95309000,79,5.05,5.09,5.1,5.02,5.1,5.61,4.59,3231800,1637.086,3098,5.03,60400,5.04,2100,5.02,112800,5.05,23300,5.01,88500,5.06,41300,5.0,176400,5.07,54800,4.99,32100,5.08,18100,4.98,72400,5.09,26200,4.97,14200,5.1,114032,4.96,136200,5.11,39400,4.95,144100,5.12,42300,4.94,13600,5.13,44880,1332000,1636312,16:07:01.815
000931.SZ,000931,20260421,20260421,09:53:12.000,95312000,79,5.03,5.09,5.1,5.02,5.1,5.61,4.59,3238900,1640.662,3115,5.03,58600,5.05,92400,5.02,112800,5.06,37600,5.01,88500,5.07,54800,5.0,176400,5.08,18100,4.99,32100,5.09,26200,4.98,72400,5.1,114032,4.97,14200,5.11,39400,4.96,136200,5.12,42300,4.95,144100,5.13,44880,4.94,13600,5.14,50500,1330200,1699612,16:07:02.082
000931.SZ,000931,20260421,20260421,09:53:15.000,95315000,79,5.03,5.09,5.1,5.02,5.1,5.61,4.59,3238900,1640.662,3115,5.03,60800,5.05,94200,5.02,112800,5.06,37600,5.01,88500,5.07,54800,5.0,176400,5.08,18100,4.99,32100,5.09,26200,4.98,72400,5.1,114032,4.97,14200,5.11,39400,4.96,136200,5.12,42300,4.95,144100,5.13,44880,4.94,13600,5.14,50500,1333400,1701412,16:07:02.420
000931.SZ,000931,20260421,20260421,09:53:18.000,95318000,79,5.03,5.09,5.1,5.02,5.1,5.61,4.59,3240700,1641.5674,3117,5.03,59000,5.05,94200,5.02,112800,5.06,37600,5.01,88500,5.07,54800,5.0,176400,5.08,18100,4.99,32100,5.09,26200,4.98,72400,5.1,114032,4.97,14200,5.11,39400,4.96,136200,5.12,42300,4.95,144100,5.13,44880,4.94,13600,5.14,50500,1331600,1701412,16:07:02.768
000931.SZ,000931,20260421,20260421,09:53:21.000,95321000,79,5.04,5.09,5.1,5.02,5.1,5.61,4.59,3241000,1641.7186,3118,5.03,60500,5.04,3400,5.02,112800,5.05,20300,5.01,88500,5.06,39700,5.0,176400,5.07,54800,4.99,32100,5.08,28300,4.98,72400,5.09,26200,4.97,14200,5.1,114032,4.96,136200,5.11,39400,4.95,144100,5.12,42300,4.94,13600,5.13,44880,1333100,1643212,16:07:03.003
000931.SZ,000931,20260421,20260421,09:53:24.000,95324000,79,5.04,5.09,5.1,5.02,5.1,5.61,4.59,3246500,1644.4906,3122,5.04,1500,5.05,63000,5.03,60500,5.06,39700,5.02,112800,5.07,54800,5.01,88500,5.08,28300,5.0,176400,5.09,26200,4.99,32100,5.1,114032,4.98,72400,5.11,39400,4.97,14200,5.12,42300,4.96,136200,5.13,43980,4.95,144100,5.14,50500,1334600,1681612,16:07:03.342
000931.SZ,000931,20260421,20260421,09:53:27.000,95327000,79,5.04,5.09,5.1,5.02,5.1,5.61,4.59,3246800,1644.6418,3124,5.04,2000,5.05,64300,5.03,60500,5.06,38700,5.02,112800,5.07,54800,5.01,88500,5.08,28300,5.0,176400,5.09,26200,4.99,32100,5.1,114032,4.98,72400,5.11,39400,4.97,14200,5.12,42300,4.96,136200,5.13,43980,4.95,144100,5.14,50500,1335100,1681912,16:07:03.640
000931.SZ,000931,20260421,20260421,09:53:30.000,95330000,79,5.04,5.09,5.1,5.02,5.1,5.61,4.59,3246800,1644.6418,3124,5.04,3200,5.05,64300,5.03,67500,5.06,38700,5.02,112800,5.07,54800,5.01,88500,5.08,28300,5.0,177400,5.09,26200,4.99,32100,5.1,114032,4.98,72400,5.11,39400,4.97,14200,5.12,42300,4.96,136200,5.13,43980,4.95,144100,5.14,50500,1344300,1681912,16:07:03.924
000931.SZ,000931,20260421,20260421,09:53:33.000,95333000,79,5.04,5.09,5.1,5.02,5.1,5.61,4.59,3246900,1644.6922,3125,5.04,6300,5.05,64900,5.03,62500,5.06,38700,5.02,112800,5.07,54800,5.01,88500,5.08,28300,5.0,177400,5.09,26200,4.99,32100,5.1,114032,4.98,72400,5.11,39400,4.97,14200,5.12,42300,4.96,136200,5.13,43980,4.95,144100,5.14,50500,1342400,1682512,16:07:04.248
000931.SZ,000931,20260421,20260421,09:53:39.000,95339000,79,5.04,5.09,5.1,5.02,5.1,5.61,4.59,3247000,1644.7426,3126,5.04,6200,5.05,64900,5.03,62500,5.06,38700,5.02,112800,5.07,54800,5.01,88500,5.08,28300,5.0,178600,5.09,26200,4.99,32100,5.1,114032,4.98,72400,5.11,39400,4.97,14200,5.12,42300,4.96,136200,5.13,43980,4.95,144100,5.14,50500,1343500,1682512,16:07:04.953
000931.SZ,000931,20260421,20260421,09:53:42.000,95342000,79,5.04,5.09,5.1,5.02,5.1,5.61,4.59,3247000,1644.7426,3126,5.04,6200,5.05,68500,5.03,62500,5.06,38700,5.02,113100,5.07,54800,5.01,88500,5.08,28300,5.0,178600,5.09,26200,4.99,32100,5.1,114032,4.98,72400,5.11,39400,4.97,19200,5.12,42300,4.96,136200,5.13,43980,4.95,144100,5.14,50500,1348800,1686112,16:07:05.242
000931.SZ,000931,20260421,20260421,09:53:45.000,95345000,79,5.04,5.09,5.1,5.02,5.1,5.61,4.59,3253300,1647.9178,3136,5.03,62500,5.04,16200,5.02,113100,5.05,25200,5.01,88500,5.06,38700,5.0,178600,5.07,54800,4.99,32100,5.08,28300,4.98,72400,5.09,26200,4.97,19200,5.1,114032,4.96,136200,5.11,39400,4.95,144100,5.12,42300,4.94,13600,5.13,43980,1342600,1659012,16:07:05.559
000931.SZ,000931,20260421,20260421,09:53:48.000,95348000,79,5.03,5.09,5.1,5.02,5.1,5.61,4.59,3253800,1648.1693,3138,5.03,62000,5.04,12800,5.02,113100,5.05,25200,5.01,88500,5.06,36600,5.0,178600,5.07,54800,4.99,32100,5.08,28300,4.98,72400,5.09,26200,4.97,19200,5.1,114032,4.96,136200,5.11,39400,4.95,144100,5.12,42300,4.94,13600,5.13,43980,1342100,1653512,16:07:06.031
000931.SZ,000931,20260421,20260421,09:53:51.000,95351000,79,5.04,5.09,5.1,5.02,5.1,5.61,4.59,3258000,1650.2861,3140,5.03,65900,5.04,7500,5.02,113100,5.05,25200,5.01,88500,5.06,36600,5.0,178600,5.07,54800,4.99,32100,5.08,28300,4.98,72400,5.09,26200,4.97,28200,5.1,114032,4.96,136200,5.11,39400,4.95,144100,5.12,42300,4.94,13600,5.13,43980,1355000,1648212,16:07:06.257
000931.SZ,000931,20260421,20260421,09:53:54.000,95354000,79,5.04,5.09,5.1,5.02,5.1,5.61,4.59,3258000,1650.2861,3140,5.03,66500,5.04,7500,5.02,113100,5.05,25200,5.01,88500,5.06,36600,5.0,181600,5.07,54800,4.99,32100,5.08,28300,4.98,72400,5.09,26200,4.97,28200,5.1,114032,4.96,136200,5.11,39400,4.95,144100,5.12,42300,4.94,13600,5.13,43980,1358600,1648212,16:07:06.621
000931.SZ,000931,20260421,20260421,09:53:57.000,95357000,79,5.04,5.09,5.1,5.02,5.1,5.61,4.59,3258000,1650.2861,3140,5.03,66800,5.04,12900,5.02,113600,5.05,25200,5.01,88500,5.06,36600,5.0,181600,5.07,54800,4.99,32100,5.08,28300,4.98,72400,5.09,26200,4.97,28200,5.1,114032,4.96,136200,5.11,39400,4.95,144100,5.12,42300,4.94,13600,5.13,43980,1359400,1653612,16:07:06.873
000931.SZ,000931,20260421,20260421,09:54:03.000,95403000,79,5.03,5.09,5.1,5.02,5.1,5.61,4.59,3261000,1651.7951,3142,5.03,63800,5.04,14000,5.02,113600,5.05,25200,5.01,88500,5.06,36600,5.0,180400,5.07,54800,4.99,32100,5.08,28300,4.98,72400,5.09,26200,4.97,28200,5.1,114032,4.96,136200,5.11,39400,4.95,144100,5.12,42300,4.94,13600,5.13,43980,1355200,1654712,16:07:07.729
000931.SZ,000931,20260421,20260421,09:54:06.000,95406000,79,5.03,5.09,5.1,5.02,5.1,5.61,4.59,3261000,1651.7951,3142,5.03,63800,5.04,14000,5.02,113600,5.05,25200,5.01,88500,5.06,36600,5.0,180400,5.07,54800,4.99,32100,5.08,28300,4.98,72400,5.09,26200,4.97,28200,5.1,114032,4.96,136200,5.11,39400,4.95,144100,5.12,42300,4.94,13600,5.13,43980,1355200,1655712,16:07:08.090
000931.SZ,000931,20260421,20260421,09:54:09.000,95409000,79,5.03,5.09,5.1,5.02,5.1,5.61,4.59,3261000,1651.7951,3142,5.03,63800,5.04,14100,5.02,113600,5.05,25200,5.01,88500,5.06,36600,5.0,180400,5.07,54800,4.99,32100,5.08,28300,4.98,72400,5.09,26200,4.97,28200,5.1,114032,4.96,136200,5.11,39400,4.95,144100,5.12,42300,4.94,13600,5.13,43980,1355200,1655812,16:07:08.281
000931.SZ,000931,20260421,20260421,09:54:12.000,95412000,79,5.03,5.09,5.1,5.02,5.1,5.61,4.59,3261000,1651.7951,3142,5.03,63800,5.04,15100,5.02,113600,5.05,25200,5.01,89000,5.06,36600,5.0,180400,5.07,54800,4.99,32100,5.08,28300,4.98,72400,5.09,26200,4.97,28200,5.1,114032,4.96,136200,5.11,39400,4.95,144100,5.12,42300,4.94,13600,5.13,43980,1355700,1656812,16:07:08.597
000931.SZ,000931,20260421,20260421,09:54:15.000,95415000,79,5.03,5.09,5.1,5.02,5.1,5.61,4.59,3261000,1651.7951,3142,5.03,64800,5.04,15100,5.02,113600,5.05,25200,5.01,89000,5.06,36600,5.0,180400,5.07,54800,4.99,32100,5.08,28300,4.98,72400,5.09,26200,4.97,28200,5.1,114032,4.96,136200,5.11,39400,4.95,144100,5.12,42300,4.94,13600,5.13,43980,1356700,1656812,16:07:08.918
000931.SZ,000931,20260421,20260421,09:54:18.000,95418000,79,5.03,5.09,5.1,5.02,5.1,5.61,4.59,3261000,1651.7951,3142,5.03,64800,5.04,16600,5.02,113600,5.05,23600,5.01,89000,5.06,36600,5.0,180400,5.07,54800,4.99,32100,5.08,28300,4.98,72400,5.09,26200,4.97,28200,5.1,114032,4.96,136200,5.11,39400,4.95,144100,5.12,42300,4.94,13600,5.13,43980,1357700,1656712,16:07:09.230
000931.SZ,000931,20260421,20260421,09:54:21.000,95421000,79,5.03,5.09,5.1,5.02,5.1,5.61,4.59,3261000,1651.7951,3142,5.03,64800,5.04,16600,5.02,113600,5.05,23300,5.01,89000,5.06,36600,5.0,181000,5.07,54800,4.99,32100,5.08,28300,4.98,72400,5.09,26200,4.97,28200,5.1,114032,4.96,136200,5.11,39400,4.95,145100,5.12,42300,4.94,13600,5.13,43980,1359300,1656412,16:07:09.523
000931.SZ,000931,20260421,20260421,09:54:27.000,95427000,79,5.03,5.09,5.1,5.02,5.1,5.61,4.59,3261000,1651.7951,3142,5.03,64900,5.04,16600,5.02,113600,5.05,23300,5.01,89000,5.06,36600,5.0,181000,5.07,54800,4.99,32100,5.08,28300,4.98,72400,5.09,26200,4.97,28200,5.1,114032,4.96,136200,5.11,39400,4.95,145100,5.12,42300,4.94,13600,5.13,43980,1359400,1656412,16:07:10.214
000931.SZ,000931,20260421,20260421,09:54:30.000,95430000,79,5.04,5.09,5.1,5.02,5.1,5.61,4.59,3263500,1653.0551,3146,5.03,64900,5.04,8700,5.02,113600,5.05,23300,5.01,89000,5.06,36600,5.0,181000,5.07,54800,4.99,32100,5.08,28300,4.98,72400,5.09,26200,4.97,28200,5.1,114032,4.96,136200,5.11,39400,4.95,145100,5.12,42300,4.94,13600,5.13,43980,1360600,1648512,16:07:10.495
000931.SZ,000931,20260421,20260421,09:54:33.000,95433000,79,5.04,5.09,5.1,5.02,5.1,5.61,4.59,3264900,1653.7603,3153,5.03,66900,5.04,7700,5.02,113600,5.05,22900,5.01,89000,5.06,36600,5.0,181000,5.07,54800,4.99,32100,5.08,28300,4.98,72400,5.09,26200,4.97,28200,5.1,114032,4.96,136200,5.11,39400,4.95,145100,5.12,42300,4.94,13600,5.13,43980,1362600,1647112,16:07:10.747
000931.SZ,000931,20260421,20260421,09:54:36.000,95436000,79,5.03,5.09,5.1,5.02,5.1,5.61,4.59,3269000,1655.8227,3159,5.03,62900,5.04,7600,5.02,113600,5.05,22700,5.01,89000,5.06,36500,5.0,181000,5.07,54800,4.99,32100,5.08,28300,4.98,73400,5.09,26200,4.97,28200,5.1,114032,4.96,136200,5.11,39400,4.95,145100,5.12,42300,4.94,13600,5.13,43980,1359600,1646712,16:07:11.063
000931.SZ,000931,20260421,20260421,09:54:39.000,95439000,79,5.03,5.09,5.1,5.02,5.1,5.61,4.59,3269200,1655.9233,3161,5.03,62700,5.04,7600,5.02,113600,5.05,22500,5.01,89000,5.06,36500,5.0,181000,5.07,54800,4.99,32100,5.08,28300,4.98,73400,5.09,26200,4.97,28200,5.1,114032,4.96,136200,5.11,39400,4.95,145100,5.12,42300,4.94,13600,5.13,43980,1360600,1646512,16:07:11.369
000931.SZ,000931,20260421,20260421,09:54:42.000,95442000,79,5.03,5.09,5.1,5.02,5.1,5.61,4.59,3269200,1655.9233,3161,5.03,63400,5.04,7900,5.02,108300,5.05,22500,5.01,89000,5.06,36500,5.0,181300,5.07,54800,4.99,32100,5.08,28300,4.98,73400,5.09,26200,4.97,28200,5.1,114032,4.96,136200,5.11,39400,4.95,145100,5.12,42300,4.94,13600,5.13,43980,1356300,1646812,16:07:11.604
000931.SZ,000931,20260421,20260421,09:54:45.000,95445000,79,5.03,5.09,5.1,5.02,5.1,5.61,4.59,3269200,1655.9233,3161,5.03,67500,5.04,8200,5.02,108300,5.05,22500,5.01,89000,5.06,36500,5.0,181300,5.07,54800,4.99,32100,5.08,28300,4.98,73400,5.09,26200,4.97,28200,5.1,114032,4.96,136200,5.11,39400,4.95,145100,5.12,42300,4.94,13600,5.13,43980,1360400,1647112,16:07:11.966
000931.SZ,000931,20260421,20260421,09:54:51.000,95451000,79,5.03,5.09,5.1,5.02,5.1,5.61,4.59,3269200,1655.9233,3161,5.03,67500,5.04,11000,5.02,108300,5.05,20700,5.01,89000,5.06,36500,5.0,181300,5.07,54800,4.99,32100,5.08,28300,4.98,73400,5.09,26200,4.97,28200,5.1,114032,4.96,136200,5.11,39400,4.95,145100,5.12,42300,4.94,13600,5.13,43980,1360400,1648112,16:07:12.541
000931.SZ,000931,20260421,20260421,09:54:54.000,95454000,79,5.03,5.09,5.1,5.02,5.1,5.61,4.59,3269200,1655.9233,3161,5.03,67500,5.04,11000,5.02,108300,5.05,20700,5.01,89000,5.06,36500,5.0,181300,5.07,54800,4.99,32100,5.08,28300,4.98,73400,5.09,26200,4.97,28200,5.1,114032,4.96,166200,5.11,39400,4.95,145100,5.12,42300,4.94,13600,5.13,43980,1390400,1648112,16:07:12.745
000931.SZ,000931,20260421,20260421,09:54:57.000,95457000,79,5.03,5.09,5.1,5.02,5.1,5.61,4.59,3269200,1655.9233,3161,5.03,69900,5.04,11000,5.02,108300,5.05,20700,5.01,89000,5.06,36500,5.0,181200,5.07,54800,4.99,32100,5.08,28300,4.98,73400,5.09,26200,4.97,32700,5.1,114032,4.96,166200,5.11,39400,4.95,145100,5.12,42300,4.94,13600,5.13,43980,1397200,1648112,16:07:13.043
000931.SZ,000931,20260421,20260421,09:55:00.000,95500000,79,5.04,5.09,5.1,5.02,5.1,5.61,4.59,3270000,1656.3265,3166,5.03,71300,5.04,10200,5.02,108300,5.05,20700,5.01,89000,5.06,36500,5.0,181200,5.07,54800,4.99,32100,5.08,28300,4.98,73500,5.09,26200,4.97,32700,5.1,114032,4.96,166200,5.11,39400,4.95,145100,5.12,42300,4.94,13600,5.13,43980,1398700,1647312,16:07:13.342
000931.SZ,000931,20260421,20260421,09:55:03.000,95503000,79,5.04,5.09,5.1,5.02,5.1,5.61,4.59,3270200,1656.4273,3167,5.03,71500,5.04,13200,5.02,108300,5.05,20700,5.01,89000,5.06,35600,5.0,181200,5.07,54800,4.99,32100,5.08,28300,4.98,73500,5.09,26200,4.97,32700,5.1,114032,4.96,166200,5.11,39400,4.95,145100,5.12,42300,4.94,13600,5.13,43980,1398900,1649412,16:07:13.805
000931.SZ,000931,20260421,20260421,09:55:06.000,95506000,79,5.04,5.09,5.1,5.02,5.1,5.61,4.59,3270200,1656.4273,3167,5.03,67500,5.04,13200,5.02,108300,5.05,20700,5.01,89000,5.06,35600,5.0,181200,5.07,54800,4.99,32100,5.08,28300,4.98,73500,5.09,26200,4.97,32700,5.1,114032,4.96,166200,5.11,39400,4.95,145100,5.12,42300,4.94,13600,5.13,43980,1394900,1649412,16:07:14.135
000931.SZ,000931,20260421,20260421,09:55:09.000,95509000,79,5.04,5.09,5.1,5.02,5.1,5.61,4.59,3271900,1657.2841,3171,5.03,67500,5.04,11500,5.02,108300,5.05,20700,5.01,89000,5.06,35600,5.0,181200,5.07,54800,4.99,32100,5.08,28300,4.98,73500,5.09,26200,4.97,32700,5.1,114032,4.96,166200,5.11,39400,4.95,145100,5.12,42300,4.94,13600,5.13,43980,1394900,1647712,16:07:14.553
000931.SZ,000931,20260421,20260421,09:55:12.000,95512000,79,5.04,5.09,5.1,5.02,5.1,5.61,4.59,3276100,1659.4009,3180,5.03,67800,5.04,7300,5.02,108300,5.05,22200,5.01,89000,5.06,25600,5.0,181200,5.07,54800,4.99,32100,5.08,28300,4.98,73700,5.09,26200,4.97,32700,5.1,114032,4.96,166200,5.11,39400,4.95,145100,5.12,42300,4.94,13600,5.13,43980,1395400,1635012,16:07:14.774
000931.SZ,000931,20260421,20260421,09:55:15.000,95515000,79,5.04,5.09,5.1,5.02,5.1,5.61,4.59,3283400,1663.0801,3195,5.04,4900,5.05,22200,5.03,68100,5.06,25600,5.02,108300,5.07,54800,5.01,89000,5.08,28300,5.0,181200,5.09,26200,4.99,32100,5.1,114032,4.98,73700,5.11,39400,4.97,32700,5.12,42300,4.96,166200,5.13,43980,4.95,145100,5.14,50500,1400600,1627712,16:07:15.167
000931.SZ,000931,20260421,20260421,09:55:18.000,95518000,79,5.04,5.09,5.1,5.02,5.1,5.61,4.59,3294000,1668.4248,3219,5.04,2300,5.05,14500,5.03,68100,5.06,25600,5.02,103700,5.07,54800,5.01,89000,5.08,28300,5.0,181200,5.09,26200,4.99,32100,5.1,114032,4.98,73700,5.11,39400,4.97,32700,5.12,42300,4.96,166200,5.13,43980,4.95,145100,5.14,50500,1393400,1620012,16:07:15.506
000931.SZ,000931,20260421,20260421,09:55:21.000,95521000,79,5.04,5.09,5.1,5.02,5.1,5.61,4.59,3294100,1668.4752,3220,5.04,7700,5.05,14500,5.03,67300,5.06,25600,5.02,101700,5.07,54800,5.01,89000,5.08,28300,5.0,181700,5.09,26200,4.99,32100,5.1,114032,4.98,73700,5.11,39400,4.97,32700,5.12,42300,4.96,166200,5.13,43980,4.95,145100,5.14,50500,1396500,1620012,16:07:15.773
000931.SZ,000931,20260421,20260421,09:55:24.000,95524000,79,5.04,5.09,5.1,5.02,5.1,5.61,4.59,3294100,1668.4752,3220,5.04,7700,5.05,14000,5.03,69800,5.06,25600,5.02,101700,5.07,54800,5.01,88400,5.08,28300,5.0,181700,5.09,26200,4.99,32100,5.1,114032,4.98,73700,5.11,39400,4.97,32700,5.12,42300,4.96,166200,5.13,43980,4.95,145100,5.14,50500,1398400,1619512,16:07:16.181
000931.SZ,000931,20260421,20260421,09:55:27.000,95527000,79,5.04,5.09,5.1,5.02,5.1,5.61,4.59,3294100,1668.4752,3220,5.04,7900,5.05,14000,5.03,69500,5.06,25600,5.02,101400,5.07,44800,5.01,88400,5.08,28300,5.0,181700,5.09,26200,4.99,32100,5.1,114032,4.98,73700,5.11,39400,4.97,32700,5.12,42300,4.96,166200,5.13,43980,4.95,145100,5.14,50500,1398000,1609512,16:07:16.473
000931.SZ,000931,20260421,20260421,09:55:30.000,95530000,79,5.05,5.09,5.1,5.02,5.1,5.61,4.59,3314600,1678.8143,3277,5.04,7500,5.05,24100,5.03,69200,5.06,25600,5.02,101400,5.07,44800,5.01,88400,5.08,28300,5.0,180700,5.09,26200,4.99,32100,5.1,114032,4.98,73700,5.11,39400,4.97,32700,5.12,42300,4.96,166200,5.13,43980,4.95,145100,5.14,50500,1396300,1619612,16:07:16.865
000931.SZ,000931,20260421,20260421,09:55:33.000,95533000,79,5.05,5.09,5.1,5.02,5.1,5.61,4.59,3314600,1678.8143,3277,5.04,7500,5.05,24100,5.03,69000,5.06,25600,5.02,101400,5.07,44800,5.01,88400,5.08,28300,5.0,180700,5.09,26200,4.99,32100,5.1,114032,4.98,73700,5.11,39400,4.97,32700,5.12,42300,4.96,166200,5.13,43980,4.95,145100,5.14,50500,1396100,1619612,16:07:17.164
000931.SZ,000931,20260421,20260421,09:55:36.000,95536000,79,5.04,5.09,5.1,5.02,5.1,5.61,4.59,3317900,1680.4805,3284,5.04,7600,5.05,78300,5.03,69000,5.06,19600,5.02,101400,5.07,44800,5.01,88400,5.08,28300,5.0,180700,5.09,26200,4.99,32100,5.1,114032,4.98,73700,5.11,39400,4.97,32700,5.12,42300,4.96,166200,5.13,43980,4.95,145100,5.14,50500,1396200,1667812,16:07:17.503
000931.SZ,000931,20260421,20260421,09:55:39.000,95539000,79,5.04,5.09,5.1,5.02,5.1,5.61,4.59,3319580,1681.3272,3287,5.04,8220,5.05,78400,5.03,69600,5.06,19600,5.02,101400,5.07,44800,5.01,88400,5.08,28300,5.0,181900,5.09,26200,4.99,32100,5.1,114032,4.98,73700,5.11,39400,4.97,32700,5.12,42300,4.96,166200,5.13,43980,4.95,145100,5.14,50500,1398620,1667912,16:07:17.974
000931.SZ,000931,20260421,20260421,09:55:42.000,95542000,79,5.04,5.09,5.1,5.02,5.1,5.61,4.59,3319580,1681.3272,3287,5.04,8520,5.05,81900,5.03,73800,5.06,19600,5.02,101300,5.07,44800,5.01,88400,5.08,28300,5.0,181900,5.09,26200,4.99,32100,5.1,114032,4.98,73700,5.11,39400,4.97,32700,5.12,42300,4.96,166200,5.13,43980,4.95,145100,5.14,50500,1403020,1671612,16:07:18.225
000931.SZ,000931,20260421,20260421,09:55:45.000,95545000,79,5.04,5.09,5.1,5.02,5.1,5.61,4.59,3319980,1681.5291,3289,5.04,7600,5.05,81600,5.03,73800,5.06,19600,5.02,101300,5.07,44800,5.01,88400,5.08,28300,5.0,181900,5.09,26200,4.99,32100,5.1,114032,4.98,73700,5.11,39400,4.97,32700,5.12,42300,4.96,166200,5.13,43980,4.95,145100,5.14,50500,1405100,1671312,16:07:18.438
000931.SZ,000931,20260421,20260421,09:55:48.000,95548000,79,5.04,5.09,5.1,5.02,5.1,5.61,4.59,3319980,1681.5291,3289,5.04,18200,5.05,81600,5.03,73800,5.06,19600,5.02,101300,5.07,44800,5.01,88400,5.08,28300,5.0,181900,5.09,26200,4.99,32100,5.1,114032,4.98,73700,5.11,39400,4.97,32700,5.12,42300,4.96,166200,5.13,43980,4.95,145100,5.14,50500,1415700,1671312,16:07:18.552
000931.SZ,000931,20260421,20260421,09:55:51.000,95551000,79,5.04,5.09,5.1,5.02,5.1,5.61,4.59,3319980,1681.5291,3289,5.04,18900,5.05,81600,5.03,73800,5.06,19600,5.02,101300,5.07,44800,5.01,88400,5.08,28300,5.0,181900,5.09,26200,4.99,32100,5.1,114032,4.98,73700,5.11,39400,4.97,32700,5.12,42300,4.96,166200,5.13,43980,4.95,145100,5.14,50500,1416400,1671312,16:07:18.672
000931.SZ,000931,20260421,20260421,09:55:54.000,95554000,79,5.04,5.09,5.1,5.02,5.1,5.61,4.59,3321680,1682.3859,3300,5.04,17200,5.05,81800,5.03,73800,5.06,19600,5.02,101300,5.07,48800,5.01,88400,5.08,28300,5.0,181900,5.09,26200,4.99,32100,5.1,114032,4.98,73700,5.11,39400,4.97,32700,5.12,42300,4.96,166200,5.13,43980,4.95,145100,5.14,50500,1414700,1675512,16:07:18.757
000931.SZ,000931,20260421,20260421,09:55:57.000,95557000,79,5.04,5.09,5.1,5.02,5.1,5.61,4.59,3321780,1682.4363,3301,5.04,17200,5.05,81800,5.03,74800,5.06,19600,5.02,101300,5.07,48800,5.01,88400,5.08,28300,5.0,181900,5.09,26200,4.99,32100,5.1,114032,4.98,73700,5.11,39400,4.97,32700,5.12,42300,4.96,166200,5.13,43980,4.95,145100,5.14,50500,1415700,1675712,16:07:18.865
000931.SZ,000931,20260421,20260421,09:56:00.000,95600000,79,5.04,5.09,5.1,5.02,5.1,5.61,4.59,3321780,1682.4363,3301,5.04,17200,5.05,81800,5.03,75300,5.06,25600,5.02,101300,5.07,48800,5.01,88400,5.08,28300,5.0,181900,5.09,26200,4.99,32100,5.1,114032,4.98,73700,5.11,39400,4.97,32700,5.12,42300,4.96,166200,5.13,43980,4.95,145100,5.14,50500,1416200,1681712,16:07:18.984
000931.SZ,000931,20260421,20260421,09:56:03.000,95603000,79,5.04,5.09,5.1,5.02,5.1,5.61,4.59,3321780,1682.4363,3301,5.04,17200,5.05,80300,5.03,74700,5.06,25600,5.02,101300,5.07,48800,5.01,88400,5.08,28300,5.0,181900,5.09,26200,4.99,32100,5.1,114032,4.98,73700,5.11,39400,4.97,32700,5.12,42300,4.96,166200,5.13,43980,4.95,145100,5.14,50500,1415600,1680212,16:07:19.160
000931.SZ,000931,20260421,20260421,09:56:06.000,95606000,79,5.04,5.09,5.1,5.02,5.1,5.61,4.59,3321780,1682.4363,3301,5.04,17200,5.05,80900,5.03,74700,5.06,25600,5.02,101300,5.07,48800,5.01,88900,5.08,28300,5.0,181900,5.09,26200,4.99,32100,5.1,114032,4.98,73700,5.11,39400,4.97,32700,5.12,42300,4.96,166200,5.13,43980,4.95,145100,5.14,50500,1466100,1680812,16:07:19.333
000931.SZ,000931,20260421,20260421,09:56:09.000,95609000,79,5.04,5.09,5.1,5.02,5.1,5.61,4.59,3321780,1682.4363,3301,5.04,17200,5.05,80900,5.03,73400,5.06,25600,5.02,101300,5.07,48800,5.01,88900,5.08,28300,5.0,181400,5.09,26200,4.99,32100,5.1,114032,4.98,73700,5.11,39400,4.97,32700,5.12,42300,4.96,166200,5.13,43980,4.95,145100,5.14,50500,1465500,1680812,16:07:19.609
000931.SZ,000931,20260421,20260421,09:56:12.000,95612000,79,5.05,5.09,5.1,5.02,5.1,5.61,4.59,3322580,1682.8403,3304,5.04,17300,5.05,80100,5.03,73400,5.06,25600,5.02,101300,5.07,48800,5.01,88900,5.08,28300,5.0,181400,5.09,26200,4.99,32100,5.1,114032,4.98,73700,5.11,39400,4.97,32700,5.12,42300,4.96,166200,5.13,43980,4.95,145100,5.14,50500,1465600,1680012,16:07:19.892
000931.SZ,000931,20260421,20260421,09:56:15.000,95615000,79,5.06,5.09,5.1,5.02,5.1,5.61,4.59,3404380,1724.1506,3318,5.05,7400,5.06,24800,5.04,19700,5.07,48800,5.03,73400,5.08,28300,5.02,101300,5.09,26200,5.01,88900,5.1,114032,5.0,181400,5.11,39400,4.99,32100,5.12,42300,4.98,73700,5.13,43980,4.97,32700,5.14,50500,4.96,166200,5.15,53100,1475400,1604112,16:07:20.191
000931.SZ,000931,20260421,20260421,09:56:18.000,95618000,79,5.05,5.09,5.1,5.02,5.1,5.61,4.59,3417380,1730.7256,3327,5.05,17000,5.06,14800,5.04,19000,5.07,48800,5.03,70500,5.08,28300,5.02,101300,5.09,26200,5.01,88900,5.1,114032,5.0,181400,5.11,39400,4.99,32100,5.12,42300,4.98,73700,5.13,43980,4.97,32700,5.14,50500,4.96,166200,5.15,53100,1481400,1594112,16:07:20.624
000931.SZ,000931,20260421,20260421,09:56:21.000,95621000,79,5.06,5.09,5.1,5.02,5.1,5.61,4.59,3417980,1731.0292,3330,5.05,18100,5.06,14400,5.04,19000,5.07,48800,5.03,70500,5.08,28600,5.02,101300,5.09,26200,5.01,93900,5.1,114032,5.0,181400,5.11,39400,4.99,32100,5.12,42300,4.98,73700,5.13,43980,4.97,32700,5.14,50500,4.96,166200,5.15,53100,1487500,1594012,16:07:20.907
000931.SZ,000931,20260421,20260421,09:56:24.000,95624000,79,5.06,5.09,5.1,5.02,5.1,5.61,4.59,3418980,1731.5352,3333,5.05,18300,5.06,13700,5.04,19000,5.07,48800,5.03,70500,5.08,28600,5.02,101300,5.09,26200,5.01,93900,5.1,114032,5.0,181400,5.11,39400,4.99,32100,5.12,42300,4.98,73700,5.13,43980,4.97,32700,5.14,50500,4.96,166200,5.15,53100,1487700,1593312,16:07:21.145
000931.SZ,000931,20260421,20260421,09:56:27.000,95627000,79,5.06,5.09,5.1,5.02,5.1,5.61,4.59,3430680,1737.4554,3353,5.05,19200,5.06,2000,5.04,18400,5.07,48800,5.03,70400,5.08,28600,5.02,101300,5.09,26200,5.01,93900,5.1,114032,5.0,181400,5.11,39400,4.99,32100,5.12,42300,4.98,73700,5.13,43980,4.97,32700,5.14,50500,4.96,166200,5.15,53100,1487900,1581612,16:07:21.562
000931.SZ,000931,20260421,20260421,09:56:30.000,95630000,79,5.06,5.09,5.1,5.02,5.1,5.61,4.59,3476880,1760.8326,3378,5.06,100,5.07,48800,5.05,24000,5.08,28600,5.04,18400,5.09,26200,5.03,70400,5.1,114032,5.02,101300,5.11,39400,5.01,94400,5.12,42300,5.0,181400,5.13,43980,4.99,32100,5.14,50500,4.98,73700,5.15,53100,4.97,32700,5.16,53900,1493300,1579612,16:07:21.812
000931.SZ,000931,20260421,20260421,09:56:33.000,95633000,79,5.06,5.09,5.1,5.02,5.1,5.61,4.59,3479480,1762.1482,3384,5.06,2000,5.07,50700,5.05,117500,5.08,28600,5.04,17700,5.09,26200,5.03,70400,5.1,114032,5.02,101300,5.11,39400,5.01,94400,5.12,42300,5.0,181400,5.13,43980,4.99,32100,5.14,50500,4.98,73700,5.15,53100,4.97,32700,5.16,53900,1588000,1581512,16:07:22.159
000931.SZ,000931,20260421,20260421,09:56:36.000,95636000,79,5.06,5.09,5.1,5.02,5.1,5.61,4.59,3479580,1762.1988,3385,5.06,9500,5.07,50700,5.05,117500,5.08,28600,5.04,17700,5.09,26200,5.03,65000,5.1,114032,5.02,101300,5.11,39400,5.01,94400,5.12,42300,5.0,181400,5.13,43980,4.99,32100,5.14,50500,4.98,73700,5.15,53100,4.97,32700,5.16,53900,1590100,1581512,16:07:22.459
000931.SZ,000931,20260421,20260421,09:56:39.000,95639000,79,5.07,5.09,5.1,5.02,5.1,5.61,4.59,3480880,1762.8579,3387,5.06,10200,5.07,49400,5.05,117200,5.08,28300,5.04,29000,5.09,26200,5.03,67000,5.1,114032,5.02,101300,5.11,39400,5.01,94400,5.12,42300,5.0,181400,5.13,43980,4.99,32100,5.14,50500,4.98,73700,5.15,53100,4.97,32700,5.16,53900,1604300,1579912,16:07:22.845
000931.SZ,000931,20260421,20260421,09:56:42.000,95642000,79,5.07,5.09,5.1,5.02,5.1,5.61,4.59,3480880,1762.8579,3387,5.06,10200,5.07,49400,5.05,115800,5.08,28300,5.04,29000,5.09,26200,5.03,67000,5.1,114032,5.02,101300,5.11,39400,5.01,94400,5.12,42300,5.0,181400,5.13,43980,4.99,32100,5.14,50500,4.98,73700,5.15,53100,4.97,32700,5.16,53900,1602900,1579912,16:07:23.002
000931.SZ,000931,20260421,20260421,09:56:45.000,95645000,79,5.07,5.09,5.1,5.02,5.1,5.61,4.59,3480880,1762.8579,3387,5.06,10400,5.07,49400,5.05,115800,5.08,28300,5.04,29000,5.09,26200,5.03,67000,5.1,114032,5.02,101300,5.11,39400,5.01,94400,5.12,42300,5.0,181400,5.13,43980,4.99,32100,5.14,50500,4.98,73700,5.15,53100,4.97,32700,5.16,53900,1603100,1579912,16:07:23.320
000931.SZ,000931,20260421,20260421,09:56:48.000,95648000,79,5.07,5.09,5.1,5.02,5.1,5.61,4.59,3480880,1762.8579,3387,5.06,10400,5.07,49400,5.05,115800,5.08,28300,5.04,29000,5.09,26200,5.03,67000,5.1,114032,5.02,100800,5.11,39400,5.01,94400,5.12,42300,5.0,181400,5.13,43980,4.99,32100,5.14,50500,4.98,73700,5.15,53400,4.97,32700,5.16,53900,1602600,1580212,16:07:23.592
000931.SZ,000931,20260421,20260421,09:56:51.000,95651000,79,5.07,5.09,5.1,5.02,5.1,5.61,4.59,3480880,1762.8579,3387,5.06,10400,5.07,47500,5.05,115500,5.08,28300,5.04,29000,5.09,26200,5.03,67000,5.1,114032,5.02,100800,5.11,39400,5.01,94400,5.12,42300,5.0,181400,5.13,43980,4.99,32100,5.14,50500,4.98,73700,5.15,53400,4.97,32700,5.16,53900,1602300,1578312,16:07:23.936
000931.SZ,000931,20260421,20260421,09:56:54.000,95654000,79,5.07,5.09,5.1,5.02,5.1,5.61,4.59,3480880,1762.8579,3387,5.06,10700,5.07,47500,5.05,115500,5.08,28300,5.04,29000,5.09,26200,5.03,67000,5.1,114032,5.02,100800,5.11,39400,5.01,94400,5.12,42300,5.0,181400,5.13,43980,4.99,32100,5.14,50500,4.98,73700,5.15,53400,4.97,32700,5.16,53900,1602600,1578312,16:07:24.306
000931.SZ,000931,20260421,20260421,09:56:57.000,95657000,79,5.07,5.09,5.1,5.02,5.1,5.61,4.59,3481080,1762.9593,3389,5.06,10700,5.07,47300,5.05,115500,5.08,28300,5.04,28800,5.09,26200,5.03,67000,5.1,114032,5.02,100800,5.11,39400,5.01,94400,5.12,42300,5.0,181400,5.13,41980,4.99,32100,5.14,50500,4.98,73700,5.15,53400,4.97,32700,5.16,53900,1602400,1576112,16:07:24.572
000931.SZ,000931,20260421,20260421,09:57:00.000,95700000,79,5.07,5.09,5.1,5.02,5.1,5.61,4.59,3481080,1762.9593,3389,5.06,11000,5.07,47300,5.05,115500,5.08,28300,5.04,28800,5.09,28200,5.03,67000,5.1,114032,5.02,100800,5.11,39400,5.01,94400,5.12,42300,5.0,181400,5.13,41980,4.99,32100,5.14,50500,4.98,73700,5.15,53400,4.97,32700,5.16,53900,1602700,1578112,16:07:24.870
000931.SZ,000931,20260421,20260421,09:57:03.000,95703000,79,5.07,5.09,5.1,5.02,5.1,5.61,4.59,3481080,1762.9593,3389,5.06,11400,5.07,47300,5.05,115500,5.08,28300,5.04,28800,5.09,28200,5.03,67500,5.1,114032,5.02,100800,5.11,39400,5.01,94400,5.12,42300,5.0,181400,5.13,41980,4.99,32100,5.14,50500,4.98,73700,5.15,53400,4.97,32700,5.16,53900,1603600,1578112,16:07:25.341
000931.SZ,000931,20260421,20260421,09:57:06.000,95706000,79,5.07,5.09,5.1,5.02,5.1,5.61,4.59,3481080,1762.9593,3389,5.06,11400,5.07,47800,5.05,115500,5.08,28300,5.04,29800,5.09,28200,5.03,67500,5.1,114032,5.02,100800,5.11,39400,5.01,94400,5.12,42300,5.0,181400,5.13,41980,4.99,32100,5.14,50500,4.98,73700,5.15,53400,4.97,32700,5.16,53900,1604600,1578612,16:07:25.617
000931.SZ,000931,20260421,20260421,09:57:09.000,95709000,79,5.07,5.09,5.1,5.02,5.1,5.61,4.59,3481080,1762.9593,3389,5.06,11600,5.07,47800,5.05,115500,5.08,28300,5.04,29800,5.09,28200,5.03,62000,5.1,114032,5.02,100800,5.11,39400,5.01,94400,5.12,42300,5.0,181400,5.13,41980,4.99,32100,5.14,50500,4.98,73700,5.15,53400,4.97,32700,5.16,53900,1599300,1578612,16:07:25.947
000931.SZ,000931,20260421,20260421,09:57:12.000,95712000,79,5.07,5.09,5.1,5.02,5.1,5.61,4.59,3481080,1762.9593,3389,5.06,11600,5.07,48800,5.05,115500,5.08,28300,5.04,29800,5.09,28200,5.03,62000,5.1,114032,5.02,100800,5.11,39400,5.01,94400,5.12,42300,5.0,181400,5.13,41980,4.99,32100,5.14,50500,4.98,73700,5.15,53400,4.97,32700,5.16,53900,1599300,1579612,16:07:26.246
000931.SZ,000931,20260421,20260421,09:57:15.000,95715000,79,5.06,5.09,5.1,5.02,5.1,5.61,4.59,3482680,1763.7689,3390,5.06,15400,5.07,49800,5.05,115500,5.08,28300,5.04,29800,5.09,28200,5.03,59000,5.1,114032,5.02,100800,5.11,39400,5.01,94400,5.12,42300,5.0,181400,5.13,41980,4.99,32100,5.14,50500,4.98,73700,5.15,53400,4.97,32700,5.16,53900,1600100,1580612,16:07:26.568
000931.SZ,000931,20260421,20260421,09:57:18.000,95718000,79,5.06,5.09,5.1,5.02,5.1,5.61,4.59,3482680,1763.7689,3390,5.06,15400,5.07,52000,5.05,115500,5.08,28300,5.04,29800,5.09,28200,5.03,59000,5.1,114032,5.02,100800,5.11,39400,5.01,94400,5.12,42300,5.0,181400,5.13,41980,4.99,32100,5.14,50500,4.98,73700,5.15,53400,4.97,32700,5.16,53900,1600100,1582812,16:07:26.852
000931.SZ,000931,20260421,20260421,09:57:21.000,95721000,79,5.06,5.09,5.1,5.02,5.1,5.61,4.59,3482680,1763.7689,3390,5.06,18400,5.07,55000,5.05,115500,5.08,33300,5.04,29800,5.09,28200,5.03,60000,5.1,114032,5.02,100800,5.11,39400,5.01,94400,5.12,42300,5.0,181400,5.13,41980,4.99,32100,5.14,50500,4.98,73700,5.15,53400,4.97,32700,5.16,53900,1604100,1595812,16:07:27.104
000931.SZ,000931,20260421,20260421,09:57:24.000,95724000,79,5.06,5.09,5.1,5.02,5.1,5.61,4.59,3482680,1763.7689,3390,5.06,18400,5.07,55400,5.05,115500,5.08,33300,5.04,29800,5.09,28200,5.03,55000,5.1,114032,5.02,100800,5.11,39400,5.01,94400,5.12,42300,5.0,181400,5.13,41980,4.99,34100,5.14,50500,4.98,73700,5.15,53400,4.97,32700,5.16,53900,1603100,1596212,16:07:27.496
000931.SZ,000931,20260421,20260421,09:57:27.000,95727000,79,5.06,5.09,5.1,5.02,5.1,5.61,4.59,3482680,1763.7689,3390,5.06,18700,5.07,55400,5.05,115500,5.08,33300,5.04,29800,5.09,28200,5.03,56000,5.1,114032,5.02,100800,5.11,39400,5.01,94400,5.12,42300,5.0,181400,5.13,41980,4.99,34600,5.14,50500,4.98,73700,5.15,53400,4.97,32700,5.16,53900,1604900,1596212,16:07:27.662
000931.SZ,000931,20260421,20260421,09:57:33.000,95733000,79,5.06,5.09,5.1,5.02,5.1,5.61,4.59,3483680,1764.2749,3392,5.06,17300,5.07,55400,5.05,115500,5.08,33300,5.04,45300,5.09,28200,5.03,56000,5.1,114032,5.02,100800,5.11,39400,5.01,94400,5.12,42300,5.0,181400,5.13,41980,4.99,34600,5.14,50500,4.98,73700,5.15,53400,4.97,32700,5.16,53900,1619000,1596212,16:07:28.331
000931.SZ,000931,20260421,20260421,09:57:36.000,95736000,79,5.06,5.09,5.1,5.02,5.1,5.61,4.59,3483680,1764.2749,3392,5.06,18300,5.07,55600,5.05,115500,5.08,33300,5.04,45300,5.09,28200,5.03,56500,5.1,114032,5.02,100800,5.11,39400,5.01,94400,5.12,42300,5.0,181400,5.13,41980,4.99,34600,5.14,50500,4.98,73700,5.15,53400,4.97,32700,5.16,53900,1620500,1596412,16:07:28.536
000931.SZ,000931,20260421,20260421,09:57:39.000,95739000,79,5.06,5.09,5.1,5.02,5.1,5.61,4.59,3483680,1764.2749,3392,5.06,18100,5.07,55600,5.05,115500,5.08,33300,5.04,45300,5.09,28200,5.03,56500,5.1,114032,5.02,100800,5.11,39400,5.01,94400,5.12,42300,5.0,181400,5.13,41980,4.99,34600,5.14,50500,4.98,73700,5.15,53400,4.97,32700,5.16,53900,1620300,1596412,16:07:28.923
000931.SZ,000931,20260421,20260421,09:57:42.000,95742000,79,5.06,5.09,5.1,5.02,5.1,5.61,4.59,3483680,1764.2749,3392,5.06,18300,5.07,55600,5.05,115700,5.08,33300,5.04,45300,5.09,28200,5.03,56500,5.1,114032,5.02,98800,5.11,39400,5.01,94400,5.12,42300,5.0,181400,5.13,41980,4.99,34600,5.14,50500,4.98,73700,5.15,53400,4.97,32700,5.16,53900,1618700,1596412,16:07:29.160
000931.SZ,000931,20260421,20260421,09:57:48.000,95748000,79,5.06,5.09,5.1,5.02,5.1,5.61,4.59,3483680,1764.2749,3392,5.06,18800,5.07,67500,5.05,115700,5.08,33300,5.04,45300,5.09,28200,5.03,56500,5.1,114032,5.02,103800,5.11,39400,5.01,94400,5.12,42300,5.0,181400,5.13,41980,4.99,34600,5.14,50500,4.98,73700,5.15,53400,4.97,32700,5.16,53900,1624200,1608312,16:07:29.733
000931.SZ,000931,20260421,20260421,09:57:57.000,95757000,79,5.06,5.09,5.1,5.02,5.1,5.61,4.59,3500380,1772.7251,3414,5.06,900,5.07,73700,5.05,115700,5.08,33300,5.04,45300,5.09,28200,5.03,56500,5.1,114032,5.02,103800,5.11,39400,5.01,94400,5.12,42300,5.0,181400,5.13,41980,4.99,34600,5.14,50500,4.98,73700,5.15,53400,4.97,32700,5.16,53900,1616900,1614512,16:07:30.502
000931.SZ,000931,20260421,20260421,09:58:00.000,95800000,79,5.06,5.09,5.1,5.02,5.1,5.61,4.59,3503580,1774.3443,3422,5.05,115500,5.06,1600,5.04,45300,5.07,73700,5.03,54500,5.08,33300,5.02,103800,5.09,28200,5.01,94400,5.1,114032,5.0,181400,5.11,39400,4.99,34600,5.12,42300,4.98,73700,5.13,41980,4.97,32700,5.14,50500,4.96,166200,5.15,53400,1613800,1616112,16:07:30.842
000931.SZ,000931,20260421,20260421,09:58:03.000,95803000,79,5.06,5.09,5.1,5.02,5.1,5.61,4.59,3504580,1774.8503,3423,5.05,115400,5.06,4100,5.04,45300,5.07,73700,5.03,54500,5.08,33300,5.02,103800,5.09,28200,5.01,94400,5.1,114032,5.0,181400,5.11,39400,4.99,34600,5.12,42300,4.98,73700,5.13,41980,4.97,32700,5.14,50500,4.96,166200,5.15,53400,1613700,1618612,16:07:31.283
000931.SZ,000931,20260421,20260421,09:58:06.000,95806000,79,5.06,5.09,5.1,5.02,5.1,5.61,4.59,3504880,1775.0021,3424,5.05,115400,5.06,5700,5.04,45300,5.07,73700,5.03,54500,5.08,33300,5.02,103800,5.09,28200,5.01,94400,5.1,114032,5.0,181400,5.11,39400,4.99,34600,5.12,42300,4.98,73700,5.13,41980,4.97,32700,5.14,50500,4.96,166200,5.15,53400,1613700,1620212,16:07:31.485
000931.SZ,000931,20260421,20260421,09:58:09.000,95809000,79,5.06,5.09,5.1,5.02,5.1,5.61,4.59,3504880,1775.0021,3424,5.05,105400,5.06,10000,5.04,45300,5.07,73700,5.03,54500,5.08,33300,5.02,103800,5.09,28200,5.01,94400,5.1,114032,5.0,181400,5.11,39400,4.99,34600,5.12,42300,4.98,73700,5.13,41980,4.97,32700,5.14,50500,4.96,166200,5.15,53400,1603700,1624512,16:07:31.826
000931.SZ,000931,20260421,20260421,09:58:12.000,95812000,79,5.05,5.09,5.1,5.02,5.1,5.61,4.59,3609280,1827.7241,3441,5.04,43600,5.05,4300,5.03,54500,5.06,10200,5.02,103800,5.07,73700,5.01,94400,5.08,23100,5.0,181900,5.09,28200,4.99,34600,5.1,114032,4.98,73700,5.11,39400,4.97,32700,5.12,42300,4.96,166200,5.13,41980,4.95,145100,5.14,50500,1497100,1618812,16:07:32.189
000931.SZ,000931,20260421,20260421,09:58:15.000,95815000,79,5.05,5.09,5.1,5.02,5.1,5.61,4.59,3609280,1827.7241,3441,5.04,43600,5.05,4100,5.03,54500,5.06,13200,5.02,117100,5.07,71700,5.01,94400,5.08,23100,5.0,181900,5.09,28200,4.99,34600,5.1,114032,4.98,73700,5.11,39400,4.97,32700,5.12,42300,4.96,166700,5.13,41980,4.95,145100,5.14,50500,1510900,1619612,16:07:32.501
000931.SZ,000931,20260421,20260421,09:58:18.000,95818000,79,5.05,5.09,5.1,5.02,5.1,5.61,4.59,3609280,1827.7241,3441,5.04,48700,5.05,4600,5.03,54500,5.06,13200,5.02,117100,5.07,71700,5.01,94400,5.08,23100,5.0,181900,5.09,28200,4.99,34600,5.1,114032,4.98,73700,5.11,39400,4.97,32700,5.12,42300,4.96,166700,5.13,41980,4.95,145100,5.14,50500,1516000,1620112,16:07:32.825
000931.SZ,000931,20260421,20260421,09:58:21.000,95821000,79,5.04,5.09,5.1,5.02,5.1,5.61,4.59,3609780,1827.9761,3444,5.04,50200,5.05,9400,5.03,54500,5.06,13200,5.02,117100,5.07,71700,5.01,94400,5.08,23100,5.0,181900,5.09,28200,4.99,34600,5.1,114032,4.98,73700,5.11,39400,4.97,32700,5.12,42300,4.96,166700,5.13,41980,4.95,145100,5.14,50500,1518500,1624912,16:07:33.124
000931.SZ,000931,20260421,20260421,09:58:24.000,95824000,79,5.04,5.09,5.1,5.02,5.1,5.61,4.59,3609780,1827.9761,3444,5.04,52400,5.05,5600,5.03,54500,5.06,13200,5.02,117100,5.07,71700,5.01,94400,5.08,23100,5.0,181900,5.09,28200,4.99,34600,5.1,114032,4.98,73700,5.11,39400,4.97,32700,5.12,42300,4.96,166700,5.13,41980,4.95,145100,5.14,50500,1520700,1621112,16:07:33.392
000931.SZ,000931,20260421,20260421,09:58:27.000,95827000,79,5.04,5.09,5.1,5.02,5.1,5.61,4.59,3609780,1827.9761,3444,5.04,52400,5.05,6600,5.03,55000,5.06,12800,5.02,117100,5.07,71700,5.01,94400,5.08,23100,5.0,181900,5.09,28200,4.99,34600,5.1,114032,4.98,73700,5.11,39400,4.97,32700,5.12,42300,4.96,166700,5.13,41980,4.95,145100,5.14,50500,1521200,1623712,16:07:33.684
000931.SZ,000931,20260421,20260421,09:58:30.000,95830000,79,5.05,5.09,5.1,5.02,5.1,5.61,4.59,3610580,1828.3801,3447,5.04,52400,5.05,5800,5.03,55000,5.06,12800,5.02,117100,5.07,71700,5.01,94400,5.08,23100,5.0,181900,5.09,28200,4.99,34600,5.1,114032,4.98,73700,5.11,39400,4.97,32700,5.12,42300,4.96,166700,5.13,41980,4.95,145100,5.14,50500,1521200,1622912,16:07:33.981
000931.SZ,000931,20260421,20260421,09:58:33.000,95833000,79,5.05,5.09,5.1,5.02,5.1,5.61,4.59,3610580,1828.3801,3447,5.04,52200,5.05,11400,5.03,58000,5.06,12800,5.02,117100,5.07,71700,5.01,94400,5.08,8100,5.0,181900,5.09,28200,4.99,34600,5.1,114032,4.98,73700,5.11,39400,4.97,32700,5.12,42300,4.96,166700,5.13,41980,4.95,145100,5.14,50500,1524000,1614112,16:07:34.249
000931.SZ,000931,20260421,20260421,09:58:36.000,95836000,79,5.05,5.09,5.1,5.02,5.1,5.61,4.59,3610580,1828.3801,3447,5.04,52900,5.05,11700,5.03,58000,5.06,12700,5.02,117100,5.07,71700,5.01,94400,5.08,8100,5.0,181900,5.09,28200,4.99,34600,5.1,114032,4.98,73700,5.11,39400,4.97,32700,5.12,42300,4.96,166700,5.13,41980,4.95,145100,5.14,50500,1524700,1621412,16:07:34.563
000931.SZ,000931,20260421,20260421,09:58:39.000,95839000,79,5.05,5.09,5.1,5.02,5.1,5.61,4.59,3610580,1828.3801,3447,5.04,52400,5.05,11700,5.03,58000,5.06,12700,5.02,117100,5.07,71700,5.01,94400,5.08,8100,5.0,181900,5.09,28200,4.99,34600,5.1,114032,4.98,73700,5.11,39400,4.97,32700,5.12,42300,4.96,166700,5.13,41980,4.95,145100,5.14,50500,1524200,1621412,16:07:34.682
000931.SZ,000931,20260421,20260421,09:58:42.000,95842000,79,5.05,5.09,5.1,5.02,5.1,5.61,4.59,3610580,1828.3801,3447,5.04,53000,5.05,11900,5.03,58000,5.06,12700,5.02,117100,5.07,71700,5.01,94400,5.08,8100,5.0,181900,5.09,28200,4.99,34600,5.1,114032,4.98,73700,5.11,39400,4.97,32700,5.12,42300,4.96,166700,5.13,41980,4.95,145100,5.14,50500,1524800,1621612,16:07:35.044
000931.SZ,000931,20260421,20260421,09:58:45.000,95845000,79,5.04,5.09,5.1,5.02,5.1,5.61,4.59,3614380,1830.2953,3456,5.04,49200,5.05,11900,5.03,58000,5.06,12700,5.02,117100,5.07,71700,5.01,94400,5.08,8100,5.0,181900,5.09,28200,4.99,34600,5.1,114032,4.98,73700,5.11,39400,4.97,32700,5.12,42300,4.96,166700,5.13,41980,4.95,145100,5.14,50500,1521000,1621612,16:07:35.311
000931.SZ,000931,20260421,20260421,09:58:48.000,95848000,79,5.04,5.09,5.1,5.02,5.1,5.61,4.59,3614380,1830.2953,3456,5.04,49200,5.05,8100,5.03,60500,5.06,12700,5.02,119100,5.07,71700,5.01,94400,5.08,8100,5.0,181900,5.09,28200,4.99,34600,5.1,114032,4.98,73700,5.11,39400,4.97,32700,5.12,42300,4.96,166700,5.13,41980,4.95,145100,5.14,50500,1525500,1617812,16:07:35.452
000931.SZ,000931,20260421,20260421,09:58:51.000,95851000,79,5.04,5.09,5.1,5.02,5.1,5.61,4.59,3614380,1830.2953,3456,5.04,51200,5.05,8100,5.03,60500,5.06,12700,5.02,119100,5.07,71700,5.01,83200,5.08,8100,5.0,181900,5.09,28200,4.99,34600,5.1,114032,4.98,73700,5.11,39400,4.97,32700,5.12,42300,4.96,166700,5.13,41980,4.95,145100,5.14,50500,1516300,1617812,16:07:35.775
000931.SZ,000931,20260421,20260421,09:58:54.000,95854000,79,5.04,5.09,5.1,5.02,5.1,5.61,4.59,3617280,1831.7569,3457,5.04,48300,5.05,8100,5.03,68800,5.06,12700,5.02,119100,5.07,68700,5.01,83200,5.08,8100,5.0,181900,5.09,28200,4.99,34600,5.1,114032,4.98,73700,5.11,39400,4.97,32700,5.12,42300,4.96,166700,5.13,41980,4.95,145100,5.14,50500,1521700,1614812,16:07:35.949
000931.SZ,000931,20260421,20260421,09:59:00.000,95900000,79,5.05,5.09,5.1,5.02,5.1,5.61,4.59,3617980,1832.1104,3458,5.04,48500,5.05,8400,5.03,68800,5.06,12700,5.02,119100,5.07,68700,5.01,83200,5.08,8100,5.0,181900,5.09,28200,4.99,34600,5.1,114032,4.98,73700,5.11,39400,4.97,32700,5.12,42300,4.96,166700,5.13,41980,4.95,145100,5.14,50500,1521900,1615112,16:07:36.575
000931.SZ,000931,20260421,20260421,09:59:03.000,95903000,79,5.05,5.09,5.1,5.02,5.1,5.61,4.59,3618780,1832.5144,3459,5.04,51500,5.05,19100,5.03,68800,5.06,12700,5.02,119100,5.07,67900,5.01,84700,5.08,8100,5.0,181900,5.09,28200,4.99,34600,5.1,114032,4.98,73700,5.11,39400,4.97,32700,5.12,41300,4.96,166700,5.13,41980,4.95,145100,5.14,50500,1526400,1624012,16:07:36.869
000931.SZ,000931,20260421,20260421,09:59:09.000,95909000,79,5.05,5.09,5.1,5.02,5.1,5.61,4.59,3618780,1832.5144,3459,5.04,51600,5.05,19100,5.03,68800,5.06,12700,5.02,119100,5.07,67900,5.01,84700,5.08,8100,5.0,181900,5.09,28200,4.99,34600,5.1,114032,4.98,73700,5.11,39400,4.97,32700,5.12,41300,4.96,166700,5.13,41980,4.95,145100,5.14,50500,1526500,1624012,16:07:37.465
000931.SZ,000931,20260421,20260421,09:59:12.000,95912000,79,5.05,5.09,5.1,5.02,5.1,5.61,4.59,3618780,1832.5144,3459,5.04,51600,5.05,19100,5.03,68800,5.06,12700,5.02,119100,5.07,67900,5.01,84700,5.08,8100,5.0,181900,5.09,28200,4.99,34600,5.1,114032,4.98,73700,5.11,39400,4.97,32700,5.12,41300,4.96,166700,5.13,41980,4.95,145100,5.14,50500,1527500,1623012,16:07:37.788
000931.SZ,000931,20260421,20260421,09:59:15.000,95915000,79,5.04,5.09,5.1,5.02,5.1,5.61,4.59,3619680,1832.9684,3461,5.04,51100,5.05,17000,5.03,68800,5.06,9700,5.02,119200,5.07,67900,5.01,84700,5.08,8100,5.0,181900,5.09,28200,4.99,34600,5.1,114032,4.98,73700,5.11,39400,4.97,32700,5.12,41300,4.96,166700,5.13,41980,4.95,145100,5.14,50500,1527100,1617912,16:07:37.929
000931.SZ,000931,20260421,20260421,09:59:21.000,95921000,79,5.05,5.09,5.1,5.02,5.1,5.61,4.59,3623780,1835.0352,3463,5.04,47400,5.05,17800,5.03,68800,5.06,9700,5.02,119200,5.07,67900,5.01,85900,5.08,10100,5.0,181900,5.09,28200,4.99,35100,5.1,114032,4.98,73300,5.11,39400,4.97,32700,5.12,41300,4.96,166700,5.13,41980,4.95,145100,5.14,50500,1524700,1620712,16:07:38.479
000931.SZ,000931,20260421,20260421,09:59:24.000,95924000,79,5.05,5.09,5.1,5.02,5.1,5.61,4.59,3623780,1835.0352,3463,5.04,57400,5.05,17800,5.03,68800,5.06,9700,5.02,120200,5.07,67900,5.01,85900,5.08,10100,5.0,183000,5.09,28200,4.99,35100,5.1,114032,4.98,73300,5.11,39400,4.97,32700,5.12,41300,4.96,166700,5.13,41980,4.95,145100,5.14,50500,1536800,1620712,16:07:38.700
000931.SZ,000931,20260421,20260421,09:59:27.000,95927000,79,5.05,5.09,5.1,5.02,5.1,5.61,4.59,3623780,1835.0352,3463,5.04,57600,5.05,17800,5.03,68800,5.06,9700,5.02,120200,5.07,67900,5.01,85900,5.08,10100,5.0,183000,5.09,28200,4.99,35100,5.1,114032,4.98,73300,5.11,39400,4.97,32700,5.12,41300,4.96,166700,5.13,41980,4.95,145100,5.14,50500,1537000,1620712,16:07:38.991
000931.SZ,000931,20260421,20260421,09:59:33.000,95933000,79,5.05,5.09,5.1,5.02,5.1,5.61,4.59,3633180,1839.7822,3486,5.04,62300,5.05,8800,5.03,66500,5.06,12600,5.02,119600,5.07,67900,5.01,85900,5.08,10100,5.0,183000,5.09,28200,4.99,35100,5.1,114032,4.98,73300,5.11,39400,4.97,32700,5.12,41300,4.96,166700,5.13,41980,4.95,145100,5.14,50500,1538800,1614612,16:07:39.541
000931.SZ,000931,20260421,20260421,09:59:36.000,95936000,79,5.05,5.09,5.1,5.02,5.1,5.61,4.59,3642180,1844.3272,3498,5.05,9100,5.06,12500,5.04,68000,5.07,67900,5.03,58900,5.08,10100,5.02,119600,5.09,28200,5.01,85900,5.1,113932,5.0,183000,5.11,39400,4.99,35100,5.12,41300,4.98,73300,5.13,41980,4.97,32700,5.14,50500,4.96,166700,5.15,53400,1546000,1605612,16:07:39.818
000931.SZ,000931,20260421,20260421,09:59:39.000,95939000,79,5.06,5.09,5.1,5.02,5.1,5.61,4.59,3644780,1845.6407,3509,5.05,10000,5.06,11900,5.04,67400,5.07,68900,5.03,58900,5.08,10100,5.02,119600,5.09,28200,5.01,85900,5.1,113932,5.0,183000,5.11,39400,4.99,35500,5.12,40300,4.98,73300,5.13,41980,4.97,32700,5.14,50500,4.96,166700,5.15,53400,1549700,1605012,16:07:40.163
000931.SZ,000931,20260421,20260421,09:59:42.000,95942000,79,5.06,5.09,5.1,5.02,5.1,5.61,4.59,3645780,1846.1467,3512,5.05,9600,5.06,10900,5.04,67400,5.07,68900,5.03,58500,5.08,10100,5.02,119600,5.09,28200,5.01,85900,5.1,113932,5.0,183000,5.11,39400,4.99,35500,5.12,40300,4.98,73300,5.13,41980,4.97,32700,5.14,50500,4.96,166700,5.15,53400,1548900,1604012,16:07:40.415
000931.SZ,000931,20260421,20260421,09:59:45.000,95945000,79,5.06,5.09,5.1,5.02,5.1,5.61,4.59,3653380,1849.9923,3523,5.05,2600,5.06,7000,5.04,67400,5.07,68900,5.03,59000,5.08,10100,5.02,119600,5.09,28200,5.01,85900,5.1,113932,5.0,183000,5.11,39400,4.99,35500,5.12,40300,4.98,73300,5.13,41980,4.97,32700,5.14,50500,4.96,166700,5.15,53400,1542400,1600112,16:07:40.649
000931.SZ,000931,20260421,20260421,09:59:48.000,95948000,79,5.06,5.09,5.1,5.02,5.1,5.61,4.59,3653380,1849.9923,3523,5.05,3000,5.06,7000,5.04,67400,5.07,68900,5.03,71700,5.08,10100,5.02,117300,5.09,28200,5.01,85900,5.1,113932,5.0,183000,5.11,39400,4.99,35500,5.12,40300,4.98,73300,5.13,41980,4.97,32700,5.14,50500,4.96,166700,5.15,53400,1551200,1600112,16:07:40.926
000931.SZ,000931,20260421,20260421,09:59:51.000,95951000,79,5.06,5.09,5.1,5.02,5.1,5.61,4.59,3653380,1849.9923,3523,5.05,3000,5.06,7000,5.04,67400,5.07,68900,5.03,82800,5.08,10100,5.02,117300,5.09,28200,5.01,85900,5.1,113932,5.0,183000,5.11,39400,4.99,35500,5.12,40300,4.98,73300,5.13,41980,4.97,32700,5.14,50500,4.96,166700,5.15,53400,1562300,1600112,16:07:41.176
000931.SZ,000931,20260421,20260421,09:59:57.000,95957000,79,5.05,5.09,5.1,5.02,5.1,5.61,4.59,3658380,1852.5179,3534,5.04,67400,5.06,30400,5.03,80900,5.07,68900,5.02,117300,5.08,10100,5.01,85900,5.09,28200,5.0,183000,5.1,113932,4.99,35500,5.11,39400,4.98,73300,5.12,40300,4.97,32700,5.13,41980,4.96,166700,5.14,50500,4.95,145100,5.15,53400,1557400,1623512,16:07:41.570
000931.SZ,000931,20260421,20260421,10:00:00.000,100000000,79,5.05,5.09,5.1,5.02,5.1,5.61,4.59,3658380,1852.5179,3534,5.04,61700,5.06,30400,5.03,80600,5.07,70200,5.02,117300,5.08,10100,5.01,85900,5.09,28200,5.0,183000,5.1,113932,4.99,35500,5.11,39400,4.98,73300,5.12,40300,4.97,32700,5.13,41980,4.96,166700,5.14,50500,4.95,145100,5.15,53400,1551400,1624812,16:07:42.002
000931.SZ,000931,20260421,20260421,10:00:03.000,100003000,79,5.05,5.09,5.1,5.02,5.1,5.61,4.59,3668880,1857.8308,3538,5.05,200,5.06,22300,5.04,61700,5.07,72400,5.03,79600,5.08,12300,5.02,117300,5.09,28200,5.01,85900,5.1,113932,5.0,183000,5.11,38400,4.99,35500,5.12,40300,4.98,73300,5.13,41980,4.97,32700,5.14,50500,4.96,166700,5.15,53400,1550600,1620112,16:07:42.304
000931.SZ,000931,20260421,20260421,10:00:06.000,100006000,79,5.05,5.09,5.1,5.02,5.1,5.61,4.59,3668980,1857.8813,3539,5.05,100,5.06,22300,5.04,61700,5.07,72400,5.03,88200,5.08,12300,5.02,117300,5.09,28200,5.01,85900,5.1,113932,5.0,183000,5.11,38400,4.99,35500,5.12,40300,4.98,73300,5.13,41980,4.97,32700,5.14,50500,4.96,166700,5.15,53400,1559100,1620112,16:07:42.725
000931.SZ,000931,20260421,20260421,10:00:09.000,100009000,79,5.05,5.09,5.1,5.02,5.1,5.61,4.59,3668980,1857.8813,3539,5.05,100,5.06,22400,5.04,61700,5.07,72400,5.03,88200,5.08,12300,5.02,117300,5.09,28200,5.01,85900,5.1,113932,5.0,183000,5.11,38400,4.99,35500,5.12,40300,4.98,73300,5.13,41980,4.97,32700,5.14,50500,4.96,166700,5.15,53400,1559100,1620212,16:07:43.002
000931.SZ,000931,20260421,20260421,10:00:12.000,100012000,79,5.05,5.09,5.1,5.02,5.1,5.61,4.59,3672280,1859.5478,3545,5.05,3700,5.06,22900,5.04,54800,5.07,72400,5.03,88200,5.08,12300,5.02,117300,5.09,28200,5.01,85900,5.1,113932,5.0,183000,5.11,38400,4.99,35500,5.12,40300,4.98,73300,5.13,41980,4.97,32700,5.14,50500,4.96,166700,5.15,53400,1555800,1620712,16:07:43.254
000931.SZ,000931,20260421,20260421,10:00:15.000,100015000,79,5.05,5.09,5.1,5.02,5.1,5.61,4.59,3675980,1861.4163,3555,5.05,400,5.06,23100,5.04,55800,5.07,72400,5.03,88200,5.08,12300,5.02,117300,5.09,30800,5.01,85900,5.1,113932,5.0,183000,5.11,38400,4.99,35500,5.12,40300,4.98,73300,5.13,41980,4.97,32700,5.14,50500,4.96,166700,5.15,53400,1553500,1623512,16:07:43.475
000931.SZ,000931,20260421,20260421,10:00:18.000,100018000,79,5.05,5.09,5.1,5.02,5.1,5.61,4.59,3676180,1861.5173,3557,5.05,1300,5.06,23100,5.04,55800,5.07,72400,5.03,88200,5.08,12300,5.02,117300,5.09,30800,5.01,85900,5.1,113932,5.0,183000,5.11,38400,4.99,35500,5.12,40300,4.98,73300,5.13,41980,4.97,32700,5.14,50500,4.96,166700,5.15,53400,1554400,1623512,16:07:43.970
000931.SZ,000931,20260421,20260421,10:00:21.000,100021000,79,5.05,5.09,5.1,5.02,5.1,5.61,4.59,3676280,1861.5678,3558,5.05,1500,5.06,26500,5.04,55900,5.07,72400,5.03,88200,5.08,12300,5.02,117300,5.09,30800,5.01,85900,5.1,113932,5.0,183000,5.11,38400,4.99,35500,5.12,40300,4.98,73300,5.13,41980,4.97,32700,5.14,50500,4.96,166700,5.15,53400,1554700,1626912,16:07:44.258
000931.SZ,000931,20260421,20260421,10:00:24.000,100024000,79,5.05,5.09,5.1,5.02,5.1,5.61,4.59,3678880,1862.8817,3573,5.04,55400,5.05,400,5.03,88200,5.06,25600,5.02,117300,5.07,72400,5.01,85900,5.08,12300,5.0,183000,5.09,30800,4.99,35500,5.1,113932,4.98,73300,5.11,38400,4.97,32700,5.12,40300,4.96,166700,5.13,41980,4.95,145100,5.14,50500,1552700,1626412,16:07:44.504
000931.SZ,000931,20260421,20260421,10:00:27.000,100027000,79,5.05,5.09,5.1,5.02,5.1,5.61,4.59,3679780,1863.3362,3578,5.05,8100,5.06,25600,5.04,54500,5.07,72400,5.03,88200,5.08,12300,5.02,117300,5.09,30800,5.01,85900,5.1,113932,5.0,183000,5.11,38400,4.99,35500,5.12,40300,4.98,73300,5.13,41980,4.97,32700,5.14,50500,4.96,166700,5.15,53400,1559900,1626012,16:07:44.786
000931.SZ,000931,20260421,20260421,10:00:30.000,100030000,79,5.05,5.09,5.1,5.02,5.1,5.61,4.59,3679980,1863.4372,3580,5.05,7900,5.06,28100,5.04,54500,5.07,71100,5.03,88200,5.08,12300,5.02,117300,5.09,30800,5.01,85900,5.1,113932,5.0,183000,5.11,38400,4.99,35500,5.12,40300,4.98,73300,5.13,41980,4.97,32700,5.14,50500,4.96,166700,5.15,53400,1559700,1627212,16:07:45.032
000931.SZ,000931,20260421,20260421,10:00:33.000,100033000,79,5.05,5.09,5.1,5.02,5.1,5.61,4.59,3684080,1865.5077,3585,5.05,5800,5.06,28100,5.04,54500,5.07,71100,5.03,88200,5.08,12300,5.02,117300,5.09,30800,5.01,86400,5.1,113932,5.0,183000,5.11,38400,4.99,35500,5.12,40300,4.98,73300,5.13,41980,4.97,32700,5.14,50500,4.96,166700,5.15,53400,1558100,1627212,16:07:45.410
000931.SZ,000931,20260421,20260421,10:00:36.000,100036000,79,5.05,5.09,5.1,5.02,5.1,5.61,4.59,3684180,1865.5582,3586,5.05,5700,5.06,28100,5.04,54500,5.07,71100,5.03,88200,5.08,11300,5.02,117300,5.09,30800,5.01,86400,5.1,113932,5.0,183000,5.11,38400,4.99,35500,5.12,40300,4.98,73300,5.13,41980,4.97,32700,5.14,50500,4.96,166700,5.15,53400,1558000,1626212,16:07:45.675
000931.SZ,000931,20260421,20260421,10:00:39.000,100039000,79,5.05,5.09,5.1,5.02,5.1,5.61,4.59,3684180,1865.5582,3586,5.05,5700,5.06,28100,5.04,54500,5.07,70100,5.03,88200,5.08,11300,5.02,117300,5.09,30800,5.01,86400,5.1,113932,5.0,183000,5.11,38400,4.99,35500,5.12,40300,4.98,73300,5.13,41980,4.97,32700,5.14,50500,4.96,166700,5.15,53400,1558000,1625212,16:07:45.889
000931.SZ,000931,20260421,20260421,10:00:42.000,100042000,79,5.05,5.09,5.1,5.02,5.1,5.61,4.59,3684280,1865.6087,3587,5.05,5800,5.06,28100,5.04,54500,5.07,70100,5.03,87700,5.08,11300,5.02,117300,5.09,30800,5.01,86400,5.1,113932,5.0,183000,5.11,38400,4.99,35500,5.12,40300,4.98,73300,5.13,41980,4.97,32700,5.14,50500,4.96,166700,5.15,53400,1547000,1625212,16:07:46.266
000931.SZ,000931,20260421,20260421,10:00:45.000,100045000,79,5.05,5.09,5.1,5.02,5.1,5.61,4.59,3684280,1865.6087,3587,5.05,5800,5.06,28200,5.04,54500,5.07,70100,5.03,87700,5.08,11300,5.02,117300,5.09,30800,5.01,86400,5.1,113932,5.0,183000,5.11,38400,4.99,35500,5.12,40300,4.98,73300,5.13,41980,4.97,32700,5.14,50500,4.96,166700,5.15,53400,1547000,1625312,16:07:46.519
000931.SZ,000931,20260421,20260421,10:00:48.000,100048000,79,5.05,5.09,5.1,5.02,5.1,5.61,4.59,3692480,1869.7497,3596,5.04,55500,5.05,14400,5.03,87700,5.06,28200,5.02,117300,5.07,70100,5.01,86400,5.08,12800,5.0,183000,5.09,30800,4.99,35500,5.1,113932,4.98,73300,5.11,38400,4.97,32700,5.12,40300,4.96,166700,5.13,41980,4.95,145100,5.14,50500,1542200,1641212,16:07:46.904
000931.SZ,000931,20260421,20260421,10:00:51.000,100051000,79,5.04,5.09,5.1,5.02,5.1,5.61,4.59,3693180,1870.1031,3598,5.04,69100,5.05,27000,5.03,87700,5.06,28100,5.02,117300,5.07,67900,5.01,86400,5.08,10600,5.0,184000,5.09,30800,4.99,35500,5.1,113932,4.98,73300,5.11,38400,4.97,32700,5.12,40300,4.96,166700,5.13,41980,4.95,145100,5.14,50500,1556800,1649312,16:07:47.142
000931.SZ,000931,20260421,20260421,10:00:54.000,100054000,79,5.04,5.09,5.1,5.02,5.1,5.61,4.59,3693180,1870.1031,3598,5.04,79000,5.05,29200,5.03,87700,5.06,25700,5.02,117300,5.07,70100,5.01,86400,5.08,10600,5.0,184000,5.09,30800,4.99,35500,5.1,113932,4.98,73300,5.11,38400,4.97,32700,5.12,40300,4.96,166700,5.13,21980,4.95,145100,5.14,50500,1566700,1631312,16:07:47.407
000931.SZ,000931,20260421,20260421,10:00:57.000,100057000,79,5.04,5.09,5.1,5.02,5.1,5.61,4.59,3693180,1870.1031,3598,5.04,79000,5.05,30100,5.03,87700,5.06,25100,5.02,117300,5.07,70100,5.01,86400,5.08,10600,5.0,184000,5.09,30800,4.99,35500,5.1,113932,4.98,73300,5.11,38400,4.97,32700,5.12,40300,4.96,166700,5.13,21980,4.95,145100,5.14,50500,1566700,1631612,16:07:47.689
000931.SZ,000931,20260421,20260421,10:01:00.000,100100000,79,5.04,5.09,5.1,5.02,5.1,5.61,4.59,3693180,1870.1031,3598,5.04,79000,5.05,30400,5.03,87700,5.06,25100,5.02,117300,5.07,70100,5.01,86400,5.08,10600,5.0,184000,5.09,30800,4.99,35500,5.1,113932,4.98,73300,5.11,38400,4.97,32700,5.12,40300,4.96,166700,5.13,21980,4.95,145100,5.14,50500,1566700,1631912,16:07:48.185
000931.SZ,000931,20260421,20260421,10:01:03.000,100103000,79,5.04,5.09,5.1,5.02,5.1,5.61,4.59,3693180,1870.1031,3598,5.04,79000,5.05,30800,5.03,88700,5.06,25100,5.02,117300,5.07,70100,5.01,86400,5.08,10600,5.0,184000,5.09,30800,4.99,35500,5.1,113932,4.98,73300,5.11,38400,4.97,32700,5.12,40300,4.96,166700,5.13,21980,4.95,145100,5.14,50500,1567700,1632312,16:07:48.422
000931.SZ,000931,20260421,20260421,10:01:06.000,100106000,79,5.04,5.09,5.1,5.02,5.1,5.61,4.59,3693180,1870.1031,3598,5.04,79000,5.05,33300,5.03,88700,5.06,25100,5.02,117300,5.07,70100,5.01,86400,5.08,10600,5.0,184000,5.09,30800,4.99,35500,5.1,113932,4.98,73300,5.11,38400,4.97,32700,5.12,40300,4.96,166700,5.13,21980,4.95,145100,5.14,50500,1578100,1634812,16:07:48.823
000931.SZ,000931,20260421,20260421,10:01:12.000,100112000,79,5.05,5.09,5.1,5.02,5.1,5.61,4.59,3703780,1875.4561,3605,5.04,79100,5.05,20300,5.03,88700,5.06,25100,5.02,117300,5.07,70100,5.01,86400,5.08,10600,5.0,184000,5.09,30800,4.99,35500,5.1,114232,4.98,73300,5.11,38400,4.97,32700,5.12,40300,4.96,166700,5.13,21980,4.95,145100,5.14,50500,1578200,1622112,16:07:49.398
000931.SZ,000931,20260421,20260421,10:01:15.000,100115000,79,5.05,5.09,5.1,5.02,5.1,5.61,4.59,3703780,1875.4561,3605,5.04,79100,5.05,23600,5.03,88700,5.06,23200,5.02,117300,5.07,70100,5.01,86400,5.08,10600,5.0,184000,5.09,30800,4.99,35500,5.1,114232,4.98,73300,5.11,38400,4.97,32700,5.12,40300,4.96,166700,5.13,21980,4.95,145100,5.14,50500,1578200,1623512,16:07:49.696
000931.SZ,000931,20260421,20260421,10:01:18.000,100118000,79,5.04,5.09,5.1,5.02,5.1,5.61,4.59,3706980,1877.0689,3611,5.04,75900,5.05,23700,5.03,88700,5.06,23200,5.02,117300,5.07,70100,5.01,86400,5.08,10600,5.0,184000,5.09,30800,4.99,35500,5.1,114232,4.98,73300,5.11,38400,4.97,32700,5.12,40300,4.96,166700,5.13,21980,4.95,145100,5.14,50500,1575000,1623612,16:07:50.130
000931.SZ,000931,20260421,20260421,10:01:21.000,100121000,79,5.04,5.09,5.1,5.02,5.1,5.61,4.59,3707980,1877.5729,3612,5.04,74900,5.05,24700,5.03,88700,5.06,23400,5.02,117300,5.07,70100,5.01,86400,5.08,10600,5.0,184000,5.09,30800,4.99,35500,5.1,114232,4.98,73300,5.11,38400,4.97,32700,5.12,40300,4.96,166700,5.13,21980,4.95,145100,5.14,50500,1574000,1624812,16:07:50.350
000931.SZ,000931,20260421,20260421,10:01:27.000,100127000,79,5.04,5.09,5.1,5.02,5.1,5.61,4.59,3707980,1877.5729,3612,5.04,75500,5.05,24800,5.03,88700,5.06,23400,5.02,117300,5.07,70100,5.01,86400,5.08,10600,5.0,184000,5.09,30800,4.99,35500,5.1,115532,4.98,73300,5.11,38400,4.97,32700,5.12,40300,4.96,166700,5.13,21980,4.95,145100,5.14,50500,1574600,1623212,16:07:50.973
000931.SZ,000931,20260421,20260421,10:01:33.000,100133000,79,5.04,5.09,5.1,5.02,5.1,5.61,4.59,3711980,1879.5889,3614,5.04,71500,5.05,24800,5.03,88700,5.06,23400,5.02,117300,5.07,70100,5.01,86400,5.08,10600,5.0,186000,5.09,30800,4.99,35500,5.1,65532,4.98,73300,5.11,38400,4.97,32700,5.12,40300,4.96,166700,5.13,21980,4.95,145100,5.14,50500,1572600,1573212,16:07:51.477
000931.SZ,000931,20260421,20260421,10:01:36.000,100136000,79,5.04,5.09,5.1,5.02,5.1,5.61,4.59,3711980,1879.5889,3614,5.04,74800,5.05,24800,5.03,89700,5.06,23400,5.02,117300,5.07,70100,5.01,86400,5.08,10600,5.0,186000,5.09,30800,4.99,35500,5.1,65532,4.98,73300,5.11,38400,4.97,32700,5.12,40300,4.96,166700,5.13,21980,4.95,145100,5.14,50500,1576900,1573212,16:07:51.757
000931.SZ,000931,20260421,20260421,10:01:45.000,100145000,79,5.04,5.09,5.1,5.02,5.1,5.61,4.59,3711980,1879.5889,3614,5.04,74800,5.05,26500,5.03,89700,5.06,23600,5.02,117300,5.07,70100,5.01,86400,5.08,10600,5.0,186000,5.09,30800,4.99,35500,5.1,65532,4.98,73300,5.11,38400,4.97,32700,5.12,40300,4.96,166700,5.13,21980,4.95,145100,5.14,50500,1576900,1575112,16:07:52.491
000931.SZ,000931,20260421,20260421,10:01:48.000,100148000,79,5.04,5.09,5.1,5.02,5.1,5.61,4.59,3712080,1879.6393,3615,5.04,75400,5.05,29400,5.03,89700,5.06,24200,5.02,117300,5.07,70100,5.01,86400,5.08,10600,5.0,186000,5.09,30800,4.99,35500,5.1,65532,4.98,73300,5.11,38400,4.97,32700,5.12,40300,4.96,166700,5.13,21980,4.95,145100,5.14,50500,1577500,1578612,16:07:52.803
000931.SZ,000931,20260421,20260421,10:01:51.000,100151000,79,5.04,5.09,5.1,5.02,5.1,5.61,4.59,3712680,1879.9417,3616,5.04,74800,5.05,30300,5.03,89700,5.06,24200,5.02,117300,5.07,70100,5.01,86400,5.08,10600,5.0,186000,5.09,30800,4.99,35500,5.1,65532,4.98,73300,5.11,38400,4.97,32700,5.12,40300,4.96,166700,5.13,21980,4.95,145100,5.14,50500,1576900,1579512,16:07:53.146
000931.SZ,000931,20260421,20260421,10:01:54.000,100154000,79,5.03,5.09,5.1,5.02,5.1,5.61,4.59,3788580,1918.1946,3693,5.03,89000,5.04,143000,5.02,117300,5.05,35600,5.01,86400,5.06,24100,5.0,186000,5.07,70100,4.99,35500,5.08,10600,4.98,73300,5.09,30800,4.97,32700,5.1,65532,4.96,166700,5.11,38400,4.95,145100,5.12,40300,4.94,13600,5.13,21980,1501400,1727712,16:07:53.478
000931.SZ,000931,20260421,20260421,10:01:57.000,100157000,79,5.03,5.09,5.1,5.02,5.1,5.61,4.59,3789780,1918.7982,3698,5.03,87200,5.04,102200,5.02,117300,5.05,29600,5.01,99600,5.06,24000,5.0,186000,5.07,69100,4.99,35500,5.08,10600,4.98,73300,5.09,30800,4.97,32700,5.1,65532,4.96,166700,5.11,38400,4.95,145100,5.12,40300,4.94,13600,5.13,21980,1512800,1679812,16:07:53.692
000931.SZ,000931,20260421,20260421,10:02:00.000,100200000,79,5.03,5.09,5.1,5.02,5.1,5.61,4.59,3789980,1918.8988,3700,5.03,87100,5.04,47200,5.02,117300,5.05,29300,5.01,99600,5.06,23500,5.0,173300,5.07,69100,4.99,35500,5.08,10600,4.98,73300,5.09,30800,4.97,32700,5.1,65532,4.96,166700,5.11,38400,4.95,145100,5.12,40300,4.94,13600,5.13,21980,1500000,1624012,16:07:54.061
000931.SZ,000931,20260421,20260421,10:02:03.000,100203000,79,5.03,5.09,5.1,5.02,5.1,5.61,4.59,3790180,1918.9994,3702,5.03,85900,5.04,51900,5.02,117300,5.05,29000,5.01,99600,5.06,23300,5.0,173300,5.07,69100,4.99,35500,5.08,10600,4.98,73300,5.09,30800,4.97,32700,5.1,65532,4.96,166700,5.11,38400,4.95,145100,5.12,40300,4.94,13600,5.13,21980,1499800,1628212,16:07:54.375
000931.SZ,000931,20260421,20260421,10:02:06.000,100206000,79,5.03,5.09,5.1,5.02,5.1,5.61,4.59,3790180,1918.9994,3702,5.03,74800,5.04,52900,5.02,117300,5.05,28400,5.01,99600,5.06,23300,5.0,173300,5.07,69100,4.99,35500,5.08,10600,4.98,73300,5.09,30800,4.97,32700,5.1,65532,4.96,166700,5.11,38400,4.95,145100,5.12,40300,4.94,13600,5.13,21980,1488700,1628612,16:07:54.691
000931.SZ,000931,20260421,20260421,10:02:12.000,100212000,79,5.03,5.09,5.1,5.02,5.1,5.61,4.59,3790180,1918.9994,3702,5.03,74800,5.04,55800,5.02,117300,5.05,28400,5.01,99600,5.06,23200,5.0,173300,5.07,66900,4.99,35500,5.08,10600,4.98,73300,5.09,30800,4.97,32700,5.1,65532,4.96,166700,5.11,38400,4.95,145300,5.12,40300,4.94,13600,5.13,21980,1488900,1629212,16:07:55.282
000931.SZ,000931,20260421,20260421,10:02:15.000,100215000,79,5.03,5.09,5.1,5.02,5.1,5.61,4.59,3790180,1918.9994,3702,5.03,77800,5.04,55800,5.02,117300,5.05,27900,5.01,99600,5.06,23200,5.0,173300,5.07,66900,4.99,35500,5.08,10600,4.98,73300,5.09,30800,4.97,32700,5.1,65532,4.96,166700,5.11,38400,4.95,145300,5.12,40300,4.94,13600,5.13,21980,1491900,1628712,16:07:55.517
000931.SZ,000931,20260421,20260421,10:02:18.000,100218000,79,5.03,5.09,5.1,5.02,5.1,5.61,4.59,3790180,1918.9994,3702,5.03,77800,5.04,57200,5.02,117300,5.05,27900,5.01,99600,5.06,23200,5.0,173300,5.07,66900,4.99,35500,5.08,10600,4.98,73300,5.09,30800,4.97,32700,5.1,65532,4.96,166700,5.11,38400,4.95,145300,5.12,40300,4.94,13600,5.13,21980,1491900,1630112,16:07:55.830
000931.SZ,000931,20260421,20260421,10:02:21.000,100221000,79,5.03,5.09,5.1,5.02,5.1,5.61,4.59,3790180,1918.9994,3702,5.03,90500,5.04,44700,5.02,117300,5.05,27900,5.01,99600,5.06,23200,5.0,173300,5.07,66900,4.99,35500,5.08,10600,4.98,73300,5.09,30800,4.97,32700,5.1,65532,4.96,166700,5.11,38400,4.95,145300,5.12,40300,4.94,13600,5.13,21980,1504600,1617612,16:07:56.184
000931.SZ,000931,20260421,20260421,10:02:24.000,100224000,79,5.04,5.09,5.1,5.02,5.1,5.61,4.59,3793580,1920.713,3703,5.03,90700,5.04,40800,5.02,117300,5.05,27900,5.01,99600,5.06,23200,5.0,173300,5.07,66900,4.99,35500,5.08,10600,4.98,73300,5.09,30800,4.97,32700,5.1,65532,4.96,166700,5.11,38400,4.95,145300,5.12,40300,4.94,13600,5.13,21980,1504800,1613712,16:07:56.452
000931.SZ,000931,20260421,20260421,10:02:27.000,100227000,79,5.03,5.09,5.1,5.02,5.1,5.61,4.59,3794580,1921.2168,3710,5.03,91100,5.04,38300,5.02,117300,5.05,27900,5.01,110800,5.06,23200,5.0,173300,5.07,66900,4.99,35500,5.08,10600,4.98,74300,5.09,30800,4.97,32700,5.1,65532,4.96,166700,5.11,38400,4.95,145300,5.12,40300,4.94,13600,5.13,21980,1517400,1611212,16:07:56.766
000931.SZ,000931,20260421,20260421,10:02:30.000,100230000,79,5.03,5.09,5.1,5.02,5.1,5.61,4.59,3794580,1921.2168,3710,5.03,91500,5.04,39400,5.02,118300,5.05,27900,5.01,110800,5.06,23200,5.0,173300,5.07,66900,4.99,35500,5.08,10600,4.98,74300,5.09,30800,4.97,32700,5.1,65532,4.96,166700,5.11,38400,4.95,145300,5.12,40300,4.94,13600,5.13,21980,1518800,1612312,16:07:57.026
000931.SZ,000931,20260421,20260421,10:02:33.000,100233000,79,5.03,5.09,5.1,5.02,5.1,5.61,4.59,3794680,1921.2671,3711,5.03,91400,5.04,39200,5.02,118300,5.05,27900,5.01,110800,5.06,23200,5.0,173300,5.07,66900,4.99,35500,5.08,10600,4.98,74300,5.09,30800,4.97,32700,5.1,65532,4.96,166700,5.11,38400,4.95,145300,5.12,40300,4.94,13600,5.13,21980,1518700,1612112,16:07:57.310
000931.SZ,000931,20260421,20260421,10:02:36.000,100236000,79,5.03,5.09,5.1,5.02,5.1,5.61,4.59,3794680,1921.2671,3711,5.03,91400,5.04,39300,5.02,118300,5.05,27900,5.01,110800,5.06,23200,5.0,173300,5.07,66900,4.99,35500,5.08,10600,4.98,74300,5.09,30800,4.97,32700,5.1,65532,4.96,166700,5.11,38400,4.95,145300,5.12,40300,4.94,13600,5.13,21980,1518700,1612212,16:07:57.499
000931.SZ,000931,20260421,20260421,10:02:39.000,100239000,79,5.03,5.09,5.1,5.02,5.1,5.61,4.59,3794680,1921.2671,3711,5.03,79400,5.04,39300,5.02,118300,5.05,27900,5.01,110800,5.06,23200,5.0,173300,5.07,66900,4.99,35500,5.08,10600,4.98,74300,5.09,30800,4.97,32700,5.1,65532,4.96,166700,5.11,38400,4.95,145300,5.12,40300,4.94,13600,5.13,21980,1506700,1615212,16:07:57.874
000931.SZ,000931,20260421,20260421,10:02:42.000,100242000,79,5.03,5.09,5.1,5.02,5.1,5.61,4.59,3794680,1921.2671,3711,5.03,79800,5.04,39300,5.02,118300,5.05,27900,5.01,110800,5.06,23200,5.0,168300,5.07,66900,4.99,35500,5.08,10600,4.98,74300,5.09,30800,4.97,32700,5.1,65532,4.96,166700,5.11,38400,4.95,145300,5.12,40300,4.94,13600,5.13,21980,1502100,1615212,16:07:58.057
000931.SZ,000931,20260421,20260421,10:02:45.000,100245000,79,5.03,5.09,5.1,5.02,5.1,5.61,4.59,3794680,1921.2671,3711,5.03,79800,5.04,39300,5.02,118300,5.05,26600,5.01,110800,5.06,23200,5.0,168300,5.07,66900,4.99,35500,5.08,10600,4.98,74300,5.09,30800,4.97,32700,5.1,65532,4.96,166700,5.11,38400,4.95,145300,5.12,40300,4.94,13600,5.13,21980,1502100,1613912,16:07:58.340
000931.SZ,000931,20260421,20260421,10:02:48.000,100248000,79,5.03,5.09,5.1,5.02,5.1,5.61,4.59,3794680,1921.2671,3711,5.03,79800,5.04,39300,5.02,118300,5.05,26600,5.01,110800,5.06,23200,5.0,168300,5.07,66900,4.99,35500,5.08,10600,4.98,75300,5.09,30800,4.97,32700,5.1,65532,4.96,166700,5.11,38400,4.95,145300,5.12,40300,4.94,13600,5.13,21980,1503100,1613912,16:07:58.607
000931.SZ,000931,20260421,20260421,10:02:51.000,100251000,79,5.04,5.09,5.1,5.02,5.1,5.61,4.59,3794780,1921.3175,3712,5.03,79800,5.04,39200,5.02,118300,5.05,26600,5.01,110800,5.06,23200,5.0,168300,5.07,66900,4.99,35500,5.08,10600,4.98,75300,5.09,30800,4.97,32700,5.1,65532,4.96,166700,5.11,38400,4.95,145300,5.12,40300,4.94,13600,5.13,21980,1503100,1613812,16:07:58.858
000931.SZ,000931,20260421,20260421,10:02:54.000,100254000,79,5.03,5.09,5.1,5.02,5.1,5.61,4.59,3796180,1922.0217,3713,5.03,78400,5.04,39200,5.02,118300,5.05,26600,5.01,110800,5.06,23200,5.0,168300,5.07,66900,4.99,35500,5.08,10600,4.98,75300,5.09,30800,4.97,32700,5.1,65532,4.96,166700,5.11,38400,4.95,145300,5.12,40300,4.94,13600,5.13,21980,1501700,1613812,16:07:59.088
000931.SZ,000931,20260421,20260421,10:02:57.000,100257000,79,5.03,5.09,5.1,5.02,5.1,5.61,4.59,3796180,1922.0217,3713,5.03,78500,5.04,39200,5.02,118300,5.05,26600,5.01,110800,5.06,23200,5.0,175300,5.07,66900,4.99,35500,5.08,10600,4.98,75300,5.09,30800,4.97,32700,5.1,65532,4.96,166700,5.11,38400,4.95,145300,5.12,40300,4.94,13600,5.13,21980,1508800,1613612,16:07:59.497
000931.SZ,000931,20260421,20260421,10:03:00.000,100300000,79,5.03,5.09,5.1,5.02,5.1,5.61,4.59,3796180,1922.0217,3713,5.03,78500,5.04,39400,5.02,118300,5.05,26600,5.01,110800,5.06,23200,5.0,175300,5.07,66900,4.99,35500,5.08,10600,4.98,75300,5.09,30800,4.97,32700,5.1,65532,4.96,166700,5.11,38400,4.95,145300,5.12,40300,4.94,13600,5.13,21980,1508800,1613812,16:07:59.778
000931.SZ,000931,20260421,20260421,10:03:06.000,100306000,79,5.03,5.09,5.1,5.02,5.1,5.61,4.59,3796580,1922.2229,3714,5.03,78100,5.04,40200,5.02,118300,5.05,26600,5.01,110800,5.06,23200,5.0,175300,5.07,66900,4.99,35500,5.08,10600,4.98,75300,5.09,30800,4.97,32700,5.1,65532,4.96,166700,5.11,38400,4.95,145300,5.12,40300,4.94,13600,5.13,21980,1508400,1614612,16:08:00.446
000931.SZ,000931,20260421,20260421,10:03:09.000,100309000,79,5.03,5.09,5.1,5.02,5.1,5.61,4.59,3796580,1922.2229,3714,5.03,78100,5.04,40200,5.02,118300,5.05,26600,5.01,110800,5.06,23200,5.0,175300,5.07,66900,4.99,35500,5.08,10600,4.98,75300,5.09,30800,4.97,32700,5.1,65932,4.96,166700,5.11,38400,4.95,145300,5.12,40300,4.94,13600,5.13,21980,1508400,1615012,16:08:00.714
000931.SZ,000931,20260421,20260421,10:03:12.000,100312000,79,5.03,5.09,5.1,5.02,5.1,5.61,4.59,3796580,1922.2229,3714,5.03,78100,5.04,40200,5.02,118400,5.05,24400,5.01,110800,5.06,23200,5.0,175300,5.07,66900,4.99,35500,5.08,10600,4.98,75300,5.09,30800,4.97,32700,5.1,65932,4.96,166700,5.11,38400,4.95,145300,5.12,40300,4.94,13600,5.13,21980,1508500,1612812,16:08:00.934
000931.SZ,000931,20260421,20260421,10:03:15.000,100315000,79,5.03,5.09,5.1,5.02,5.1,5.61,4.59,3796580,1922.2229,3714,5.03,78100,5.04,40200,5.02,118400,5.05,24400,5.01,110800,5.06,23200,5.0,176300,5.07,66900,4.99,35500,5.08,10600,4.98,75300,5.09,30800,4.97,32700,5.1,65932,4.96,166700,5.11,38400,4.95,145300,5.12,40300,4.94,13600,5.13,21980,1509500,1612812,16:08:01.151
000931.SZ,000931,20260421,20260421,10:03:18.000,100318000,79,5.03,5.09,5.1,5.02,5.1,5.61,4.59,3796580,1922.2229,3714,5.03,78100,5.04,40200,5.02,118400,5.05,26300,5.01,110800,5.06,23200,5.0,176300,5.07,66900,4.99,35500,5.08,10600,4.98,75300,5.09,30800,4.97,32700,5.1,65932,4.96,166700,5.11,38400,4.95,145300,5.12,40300,4.94,13600,5.13,21980,1509500,1614712,16:08:01.514
000931.SZ,000931,20260421,20260421,10:03:21.000,100321000,79,5.04,5.09,5.1,5.02,5.1,5.61,4.59,3798580,1923.2309,3715,5.03,78100,5.04,38200,5.02,118400,5.05,26100,5.01,110800,5.06,23200,5.0,176300,5.07,66900,4.99,35500,5.08,10600,4.98,75300,5.09,30800,4.97,32700,5.1,65932,4.96,166700,5.11,38400,4.95,145300,5.12,40300,4.94,13600,5.13,21980,1509500,1612512,16:08:01.796
000931.SZ,000931,20260421,20260421,10:03:24.000,100324000,79,5.03,5.09,5.1,5.02,5.1,5.61,4.59,3807680,1927.8082,3722,5.03,69100,5.04,38400,5.02,118400,5.05,24400,5.01,110800,5.06,23200,5.0,176300,5.07,66900,4.99,35500,5.08,10600,4.98,75300,5.09,30800,4.97,32700,5.1,65932,4.96,166700,5.11,38400,4.95,145300,5.12,40300,4.94,13600,5.13,21980,1500500,1611012,16:08:01.936
000931.SZ,000931,20260421,20260421,10:03:27.000,100327000,79,5.03,5.09,5.1,5.02,5.1,5.61,4.59,3809980,1928.9651,3726,5.03,67300,5.04,39200,5.02,118400,5.05,24400,5.01,110800,5.06,23200,5.0,176300,5.07,66900,4.99,35500,5.08,10600,4.98,75300,5.09,30800,4.97,32700,5.1,65932,4.96,166700,5.11,38400,4.95,145300,5.12,40300,4.94,13600,5.13,21980,1498700,1611812,16:08:02.307
000931.SZ,000931,20260421,20260421,10:03:30.000,100330000,79,5.03,5.09,5.1,5.02,5.1,5.61,4.59,3811580,1929.7699,3729,5.03,66600,5.04,42400,5.02,118400,5.05,16100,5.01,110800,5.06,23200,5.0,176300,5.07,66900,4.99,35500,5.08,10600,4.98,75300,5.09,30800,4.97,32700,5.1,65932,4.96,166700,5.11,38400,4.95,145300,5.12,40300,4.94,13600,5.13,21980,1498000,1606712,16:08:02.544
000931.SZ,000931,20260421,20260421,10:03:33.000,100333000,79,5.03,5.09,5.1,5.02,5.1,5.61,4.59,3826680,1937.3652,3756,5.03,54000,5.04,47400,5.02,118800,5.05,16100,5.01,110800,5.06,23200,5.0,176300,5.07,65900,4.99,35500,5.08,10600,4.98,75300,5.09,30800,4.97,32700,5.1,65932,4.96,166700,5.11,38400,4.95,145300,5.12,40300,4.94,13600,5.13,21980,1485800,1610712,16:08:02.889
000931.SZ,000931,20260421,20260421,10:03:36.000,100336000,79,5.02,5.09,5.1,5.02,5.1,5.61,4.59,3883180,1965.7844,3792,5.02,105200,5.03,11200,5.01,111600,5.04,27300,5.0,176300,5.05,16100,4.99,35500,5.06,23200,4.98,75300,5.07,65900,4.97,32700,5.08,10600,4.96,166700,5.09,30800,4.95,145300,5.1,65932,4.94,13600,5.11,38400,4.93,14100,5.12,40300,1419000,1601812,16:08:03.212
000931.SZ,000931,20260421,20260421,10:03:39.000,100339000,79,5.02,5.09,5.1,5.02,5.1,5.61,4.59,3884880,1966.6381,3799,5.02,103800,5.03,14900,5.01,111600,5.04,22100,5.0,178400,5.05,13900,4.99,35500,5.06,21000,4.98,75300,5.07,65900,4.97,32700,5.08,10600,4.96,166700,5.09,30800,4.95,145300,5.1,65932,4.94,13600,5.11,38400,4.93,14100,5.12,40300,1419700,1595912,16:08:03.560
000931.SZ,000931,20260421,20260421,10:03:42.000,100342000,79,5.03,5.09,5.1,5.02,5.1,5.61,4.59,3885380,1966.8895,3802,5.02,103800,5.03,18600,5.01,111600,5.04,21700,5.0,178400,5.05,16100,4.99,35500,5.06,21000,4.98,75300,5.07,65900,4.97,32700,5.08,10600,4.96,166700,5.09,30800,4.95,145300,5.1,65932,4.94,13600,5.11,38400,4.93,14100,5.12,40300,1419700,1601412,16:08:03.858
000931.SZ,000931,20260421,20260421,10:03:45.000,100345000,79,5.03,5.09,5.1,5.02,5.1,5.61,4.59,3885380,1966.8895,3802,5.02,103800,5.03,20700,5.01,111600,5.04,23300,5.0,178400,5.05,16100,4.99,35500,5.06,21000,4.98,75300,5.07,65900,4.97,32700,5.08,10600,4.96,166700,5.09,30800,4.95,145300,5.1,65932,4.94,13600,5.11,38400,4.93,14100,5.12,40300,1419700,1605112,16:08:04.167
000931.SZ,000931,20260421,20260421,10:03:48.000,100348000,79,5.03,5.09,5.1,5.02,5.1,5.61,4.59,3885380,1966.8895,3802,5.02,103900,5.03,25000,5.01,111600,5.04,23300,5.0,178400,5.05,16100,4.99,35500,5.06,21000,4.98,75300,5.07,65900,4.97,32700,5.08,10600,4.96,166700,5.09,30800,4.95,145300,5.1,65932,4.94,13600,5.11,38400,4.93,14100,5.12,40300,1419800,1609412,16:08:04.291
000931.SZ,000931,20260421,20260421,10:03:51.000,100351000,79,5.03,5.09,5.1,5.02,5.1,5.61,4.59,3885380,1966.8895,3802,5.02,104000,5.03,25100,5.01,111600,5.04,23300,5.0,178400,5.05,16100,4.99,35500,5.06,21000,4.98,75300,5.07,65900,4.97,32700,5.08,10600,4.96,166700,5.09,30800,4.95,145300,5.1,65932,4.94,13600,5.11,38400,4.93,14100,5.12,40300,1419900,1609512,16:08:04.559
000931.SZ,000931,20260421,20260421,10:03:54.000,100354000,79,5.03,5.09,5.1,5.02,5.1,5.61,4.59,3885380,1966.8895,3802,5.02,104000,5.03,25100,5.01,112600,5.04,23300,5.0,178400,5.05,16100,4.99,35500,5.06,21000,4.98,75300,5.07,65900,4.97,32700,5.08,10600,4.96,166700,5.09,30800,4.95,145300,5.1,65932,4.94,13600,5.11,38400,4.93,14100,5.12,40300,1420900,1609512,16:08:04.857
000931.SZ,000931,20260421,20260421,10:03:57.000,100357000,79,5.03,5.09,5.1,5.02,5.1,5.61,4.59,3885380,1966.8895,3802,5.02,104100,5.03,25100,5.01,112600,5.04,23300,5.0,178400,5.05,16100,4.99,35500,5.06,21000,4.98,75300,5.07,65900,4.97,32700,5.08,10600,4.96,166700,5.09,30800,4.95,145300,5.1,65932,4.94,13600,5.11,38400,4.93,14100,5.12,40300,1421000,1609512,16:08:05.117
000931.SZ,000931,20260421,20260421,10:04:00.000,100400000,79,5.03,5.09,5.1,5.02,5.1,5.61,4.59,3886280,1967.3422,3804,5.02,104600,5.03,25000,5.01,112600,5.04,23300,5.0,178400,5.05,16100,4.99,35500,5.06,21000,4.98,75300,5.07,65900,4.97,32700,5.08,10600,4.96,166700,5.09,30800,4.95,145300,5.1,65932,4.94,13600,5.11,38400,4.93,14100,5.12,40300,1421500,1609412,16:08:05.509
000931.SZ,000931,20260421,20260421,10:04:06.000,100406000,79,5.03,5.09,5.1,5.02,5.1,5.61,4.59,3886680,1967.5434,3806,5.02,104600,5.03,25000,5.01,113600,5.04,23300,5.0,178400,5.05,16100,4.99,35500,5.06,21000,4.98,75300,5.07,65900,4.97,32700,5.08,12600,4.96,166700,5.09,30800,4.95,145300,5.1,65932,4.94,13600,5.11,38400,4.93,14100,5.12,40300,1422500,1611412,16:08:06.132
000931.SZ,000931,20260421,20260421,10:04:09.000,100409000,79,5.03,5.09,5.1,5.02,5.1,5.61,4.59,3888480,1968.4488,3809,5.02,104600,5.03,23200,5.01,113600,5.04,23300,5.0,178400,5.05,16100,4.99,35500,5.06,21000,4.98,75300,5.07,65900,4.97,32700,5.08,12600,4.96,166700,5.09,30800,4.95,145300,5.1,65932,4.94,13600,5.11,38400,4.93,14100,5.12,40300,1422500,1609612,16:08:06.320
000931.SZ,000931,20260421,20260421,10:04:12.000,100412000,79,5.03,5.09,5.1,5.02,5.1,5.61,4.59,3888980,1968.7003,3814,5.02,104900,5.03,22700,5.01,113600,5.04,23300,5.0,178400,5.05,16100,4.99,35500,5.06,21000,4.98,75300,5.07,65900,4.97,32700,5.08,12600,4.96,166700,5.09,30800,4.95,145300,5.1,65932,4.94,13600,5.11,38400,4.93,14100,5.12,40300,1422800,1609112,16:08:06.651
000931.SZ,000931,20260421,20260421,10:04:15.000,100415000,79,5.03,5.09,5.1,5.02,5.1,5.61,4.59,3888980,1968.7003,3814,5.02,105800,5.03,22700,5.01,113600,5.04,23300,5.0,180000,5.05,16100,4.99,35500,5.06,21000,4.98,75300,5.07,65900,4.97,32700,5.08,12600,4.96,166700,5.09,30800,4.95,145300,5.1,65932,4.94,13600,5.11,38400,4.93,14100,5.12,40300,1425300,1609112,16:08:06.776
000931.SZ,000931,20260421,20260421,10:04:18.000,100418000,79,5.03,5.09,5.1,5.02,5.1,5.61,4.59,3892080,1970.2596,3820,5.02,106400,5.03,19600,5.01,113600,5.04,23300,5.0,180000,5.05,16100,4.99,35500,5.06,21000,4.98,75300,5.07,65900,4.97,32700,5.08,12600,4.96,166700,5.09,30800,4.95,145300,5.1,65932,4.94,13600,5.11,38400,4.93,14100,5.12,40300,1425900,1606012,16:08:07.042
000931.SZ,000931,20260421,20260421,10:04:21.000,100421000,79,5.03,5.09,5.1,5.02,5.1,5.61,4.59,3892880,1970.6619,3823,5.02,106400,5.03,19800,5.01,113600,5.04,23300,5.0,180000,5.05,16100,4.99,35500,5.06,21000,4.98,75300,5.07,65900,4.97,32700,5.08,12600,4.96,166700,5.09,30800,4.95,145300,5.1,65932,4.94,13600,5.11,38400,4.93,14100,5.12,40300,1425900,1606212,16:08:07.288
000931.SZ,000931,20260421,20260421,10:04:24.000,100424000,79,5.02,5.09,5.1,5.02,5.1,5.61,4.59,3895580,1972.0197,3828,5.02,106200,5.03,17400,5.01,116100,5.04,23200,5.0,180000,5.05,16100,4.99,35500,5.06,21000,4.98,75300,5.07,65900,4.97,32700,5.08,12600,4.96,166700,5.09,30800,4.95,145300,5.1,65932,4.94,13600,5.11,38400,4.93,14100,5.12,40300,1428200,1603712,16:08:07.555
000931.SZ,000931,20260421,20260421,10:04:27.000,100427000,79,5.03,5.09,5.1,5.02,5.1,5.61,4.59,3895680,1972.07,3829,5.02,106200,5.03,17300,5.01,116100,5.04,23200,5.0,180000,5.05,16100,4.99,35500,5.06,21000,4.98,75300,5.07,65900,4.97,32700,5.08,12600,4.96,166700,5.09,30800,4.95,145300,5.1,65932,4.94,13600,5.11,38400,4.93,14100,5.12,40300,1428200,1603612,16:08:07.774
000931.SZ,000931,20260421,20260421,10:04:30.000,100430000,79,5.03,5.09,5.1,5.02,5.1,5.61,4.59,3906780,1977.6533,3845,5.02,106900,5.03,6200,5.01,118100,5.04,23200,5.0,180000,5.05,16100,4.99,35500,5.06,21000,4.98,75300,5.07,65900,4.97,32700,5.08,12600,4.96,166700,5.09,30800,4.95,145300,5.1,65932,4.94,13600,5.11,38400,4.93,14100,5.12,40300,1430900,1592512,16:08:08.041
000931.SZ,000931,20260421,20260421,10:04:33.000,100433000,79,5.03,5.09,5.1,5.02,5.1,5.61,4.59,3914580,1981.5767,3871,5.03,2900,5.04,23200,5.02,111000,5.05,15800,5.01,118100,5.06,21000,5.0,180000,5.07,65900,4.99,35500,5.08,12600,4.98,75300,5.09,30800,4.97,32700,5.1,65932,4.96,166700,5.11,38400,4.95,145300,5.12,40300,4.94,13600,5.13,21980,1437900,1586012,16:08:08.304
000931.SZ,000931,20260421,20260421,10:04:36.000,100436000,79,5.04,5.09,5.1,5.02,5.1,5.61,4.59,3917180,1982.885,3892,5.03,1500,5.04,26000,5.02,110500,5.05,15800,5.01,118100,5.06,21000,5.0,180000,5.07,65900,4.99,35500,5.08,12600,4.98,75300,5.09,30800,4.97,32700,5.1,65932,4.96,166700,5.11,38400,4.95,145300,5.12,40300,4.94,13600,5.13,21980,1436000,1588812,16:08:08.665
000931.SZ,000931,20260421,20260421,10:04:39.000,100439000,79,5.04,5.09,5.1,5.02,5.1,5.61,4.59,3917180,1982.885,3892,5.03,1600,5.04,22100,5.02,110500,5.05,15800,5.01,126100,5.06,21000,5.0,180000,5.07,65900,4.99,35500,5.08,12600,4.98,75300,5.09,30800,4.97,32700,5.1,65932,4.96,156700,5.11,38400,4.95,145300,5.12,40300,4.94,13600,5.13,21980,1434100,1584912,16:08:08.932
000931.SZ,000931,20260421,20260421,10:04:42.000,100442000,79,5.04,5.09,5.1,5.02,5.1,5.61,4.59,3917480,1983.0361,3895,5.03,1900,5.04,21900,5.02,110200,5.05,15700,5.01,126100,5.06,21000,5.0,180400,5.07,65900,4.99,35500,5.08,12600,4.98,75300,5.09,30800,4.97,32700,5.1,65932,4.96,156700,5.11,38400,4.95,145300,5.12,40300,4.94,13600,5.13,21980,1434500,1584612,16:08:09.103
000931.SZ,000931,20260421,20260421,10:04:45.000,100445000,79,5.04,5.09,5.1,5.02,5.1,5.61,4.59,3917480,1983.0361,3895,5.03,46100,5.04,18800,5.02,110200,5.05,15700,5.01,126100,5.06,21000,5.0,180400,5.07,65900,4.99,35500,5.08,12600,4.98,75300,5.09,30800,4.97,32700,5.1,65932,4.96,156700,5.11,38400,4.95,145300,5.12,40300,4.94,13600,5.13,21980,1478700,1581512,16:08:09.443
000931.SZ,000931,20260421,20260421,10:04:48.000,100448000,79,5.04,5.09,5.1,5.02,5.1,5.61,4.59,3917480,1983.0361,3895,5.03,46200,5.04,18800,5.02,110100,5.05,15700,5.01,126100,5.06,21000,5.0,180400,5.07,65900,4.99,35500,5.08,12600,4.98,75300,5.09,30800,4.97,32700,5.1,65932,4.96,156700,5.11,38400,4.95,145300,5.12,40300,4.94,13600,5.13,21980,1478700,1581512,16:08:09.679
000931.SZ,000931,20260421,20260421,10:04:54.000,100454000,79,5.04,5.09,5.1,5.02,5.1,5.61,4.59,3917480,1983.0361,3895,5.03,46200,5.04,18800,5.02,110100,5.05,19200,5.01,126100,5.06,21000,5.0,180400,5.07,65900,4.99,35500,5.08,12600,4.98,75300,5.09,30800,4.97,32700,5.1,65932,4.96,156700,5.11,38400,4.95,145300,5.12,40300,4.94,13600,5.13,21980,1478700,1585012,16:08:10.174
000931.SZ,000931,20260421,20260421,10:04:57.000,100457000,79,5.04,5.09,5.1,5.02,5.1,5.61,4.59,3917480,1983.0361,3895,5.03,46500,5.04,19000,5.02,110100,5.05,19200,5.01,126100,5.06,21000,5.0,180400,5.07,65900,4.99,35500,5.08,12600,4.98,75300,5.09,30800,4.97,32700,5.1,65932,4.96,156700,5.11,41500,4.95,145300,5.12,40300,4.94,13600,5.13,21980,1479000,1588312,16:08:10.573
000931.SZ,000931,20260421,20260421,10:05:00.000,100500000,79,5.04,5.09,5.1,5.02,5.1,5.61,4.59,3917480,1983.0361,3895,5.03,46500,5.04,19000,5.02,109500,5.05,19200,5.01,126100,5.06,21000,5.0,190400,5.07,65900,4.99,35500,5.08,12600,4.98,75300,5.09,30800,4.97,32700,5.1,65932,4.96,156700,5.11,41500,4.95,145300,5.12,40300,4.94,13600,5.13,21980,1488400,1588312,16:08:10.745
000931.SZ,000931,20260421,20260421,10:05:03.000,100503000,79,5.04,5.09,5.1,5.02,5.1,5.61,4.59,3917480,1983.0361,3895,5.03,46500,5.04,20600,5.02,108600,5.05,19200,5.01,126100,5.06,21000,5.0,190400,5.07,65900,4.99,35500,5.08,12600,4.98,75300,5.09,30800,4.97,32700,5.1,65932,4.96,156700,5.11,41500,4.95,145300,5.12,40300,4.94,13600,5.13,21980,1487500,1589912,16:08:11.090
000931.SZ,000931,20260421,20260421,10:05:06.000,100506000,79,5.04,5.09,5.1,5.02,5.1,5.61,4.59,3917480,1983.0361,3895,5.03,46700,5.04,21100,5.02,108600,5.05,19200,5.01,126100,5.06,21000,5.0,190400,5.07,65900,4.99,35500,5.08,12600,4.98,75300,5.09,30800,4.97,32700,5.1,65932,4.96,156700,5.11,41500,4.95,145300,5.12,40300,4.94,13600,5.13,21980,1487700,1590412,16:08:11.369
000931.SZ,000931,20260421,20260421,10:05:09.000,100509000,79,5.04,5.09,5.1,5.02,5.1,5.61,4.59,3917480,1983.0361,3895,5.03,46700,5.04,21100,5.02,108600,5.05,19200,5.01,126100,5.06,21000,5.0,190700,5.07,65900,4.99,35500,5.08,12600,4.98,75300,5.09,30800,4.97,32700,5.1,65932,4.96,156700,5.11,41500,4.95,145300,5.12,40300,4.94,13600,5.13,21980,1488000,1590412,16:08:11.636
000931.SZ,000931,20260421,20260421,10:05:12.000,100512000,79,5.04,5.09,5.1,5.02,5.1,5.61,4.59,3917480,1983.0361,3895,5.03,46700,5.04,21600,5.02,108600,5.05,19200,5.01,126100,5.06,21000,5.0,190700,5.07,65900,4.99,35500,5.08,12600,4.98,75300,5.09,30800,4.97,32700,5.1,65932,4.96,156700,5.11,41500,4.95,145300,5.12,40300,4.94,13600,5.13,21980,1488000,1590912,16:08:11.918
000931.SZ,000931,20260421,20260421,10:05:15.000,100515000,79,5.04,5.09,5.1,5.02,5.1,5.61,4.59,3917480,1983.0361,3895,5.03,46700,5.04,21600,5.02,108600,5.05,19200,5.01,126100,5.06,20900,5.0,190700,5.07,65900,4.99,35500,5.08,17600,4.98,75300,5.09,30800,4.97,32700,5.1,65932,4.96,156700,5.11,41500,4.95,145300,5.12,40300,4.94,13600,5.13,21980,1488000,1595812,16:08:12.164
000931.SZ,000931,20260421,20260421,10:05:27.000,100527000,79,5.04,5.09,5.1,5.02,5.1,5.61,4.59,3917480,1983.0361,3895,5.03,46900,5.04,21600,5.02,108600,5.05,19200,5.01,126100,5.06,20900,5.0,190700,5.07,65900,4.99,35500,5.08,17600,4.98,75300,5.09,30800,4.97,32700,5.1,65932,4.96,156700,5.11,41500,4.95,145300,5.12,40300,4.94,13600,5.13,21980,1488200,1595812,16:08:13.195
000931.SZ,000931,20260421,20260421,10:05:30.000,100530000,79,5.04,5.09,5.1,5.02,5.1,5.61,4.59,3917480,1983.0361,3895,5.03,46900,5.04,24500,5.02,108600,5.05,19200,5.01,126100,5.06,20900,5.0,190700,5.07,65900,4.99,35500,5.08,17600,4.98,75300,5.09,30800,4.97,32700,5.1,65932,4.96,156700,5.11,41500,4.95,145300,5.12,40300,4.94,13600,5.13,21980,1488200,1598712,16:08:13.508
000931.SZ,000931,20260421,20260421,10:05:36.000,100536000,79,5.04,5.09,5.1,5.02,5.1,5.61,4.59,3917480,1983.0361,3895,5.03,47700,5.04,24500,5.02,108600,5.05,19200,5.01,126100,5.06,20900,5.0,190700,5.07,65900,4.99,35500,5.08,17600,4.98,75300,5.09,30800,4.97,32700,5.1,65932,4.96,156700,5.11,41500,4.95,145300,5.12,40300,4.94,13600,5.13,21980,1489000,1598712,16:08:13.932
000931.SZ,000931,20260421,20260421,10:05:39.000,100539000,79,5.04,5.09,5.1,5.02,5.1,5.61,4.59,3917480,1983.0361,3895,5.03,51600,5.04,24500,5.02,108600,5.05,19200,5.01,126100,5.06,20900,5.0,190700,5.07,65900,4.99,35500,5.08,17600,4.98,75300,5.09,30800,4.97,32700,5.1,65932,4.96,156700,5.11,41500,4.95,145300,5.12,40300,4.94,13600,5.13,21980,1492900,1598712,16:08:14.171
000931.SZ,000931,20260421,20260421,10:05:42.000,100542000,79,5.04,5.09,5.1,5.02,5.1,5.61,4.59,3917480,1983.0361,3895,5.03,51600,5.04,24500,5.02,108600,5.05,19200,5.01,126100,5.06,20900,5.0,190700,5.07,65900,4.99,35500,5.08,17600,4.98,75300,5.09,30800,4.97,32700,5.1,65932,4.96,156700,5.11,41500,4.95,145300,5.12,40600,4.94,13600,5.13,21980,1492900,1599012,16:08:14.491
000931.SZ,000931,20260421,20260421,10:05:45.000,100545000,79,5.04,5.09,5.1,5.02,5.1,5.61,4.59,3917480,1983.0361,3895,5.03,52800,5.04,22900,5.02,108600,5.05,19200,5.01,126100,5.06,20900,5.0,190700,5.07,65900,4.99,35500,5.08,17600,4.98,75300,5.09,30800,4.97,32700,5.1,65932,4.96,156700,5.11,41500,4.95,145300,5.12,40600,4.94,13600,5.13,21980,1494100,1597412,16:08:14.804
000931.SZ,000931,20260421,20260421,10:05:48.000,100548000,79,5.04,5.09,5.1,5.02,5.1,5.61,4.59,3917480,1983.0361,3895,5.03,53900,5.04,24300,5.02,108600,5.05,19200,5.01,126100,5.06,20900,5.0,190700,5.07,65900,4.99,35500,5.08,17600,4.98,75300,5.09,30800,4.97,32700,5.1,65932,4.96,156700,5.11,41500,4.95,145300,5.12,40600,4.94,13600,5.13,21980,1495200,1598812,16:08:14.961
000931.SZ,000931,20260421,20260421,10:05:51.000,100551000,79,5.03,5.09,5.1,5.02,5.1,5.61,4.59,3918780,1983.69,3904,5.03,52600,5.04,22900,5.02,108600,5.05,19200,5.01,126100,5.06,20900,5.0,190700,5.07,65900,4.99,35500,5.08,17600,4.98,75300,5.09,30800,4.97,32700,5.1,65932,4.96,156700,5.11,41500,4.95,145300,5.12,40600,4.94,13600,5.13,21980,1493900,1597412,16:08:15.222
000931.SZ,000931,20260421,20260421,10:05:54.000,100554000,79,5.03,5.09,5.1,5.02,5.1,5.61,4.59,3918780,1983.69,3904,5.03,52600,5.04,23000,5.02,108600,5.05,19200,5.01,126100,5.06,20900,5.0,191700,5.07,65900,4.99,35500,5.08,17600,4.98,75300,5.09,30800,4.97,32700,5.1,65932,4.96,156700,5.11,41500,4.95,145300,5.12,40600,4.94,13600,5.13,21980,1494900,1597512,16:08:15.489
000931.SZ,000931,20260421,20260421,10:05:57.000,100557000,79,5.04,5.09,5.1,5.02,5.1,5.61,4.59,3919080,1983.8412,3905,5.03,52700,5.04,22700,5.02,108600,5.05,19200,5.01,126100,5.06,20900,5.0,191700,5.07,65900,4.99,35500,5.08,17600,4.98,75300,5.09,30800,4.97,32700,5.1,65932,4.96,156700,5.11,41500,4.95,145300,5.12,40600,4.94,13600,5.13,21980,1495000,1597212,16:08:15.740
000931.SZ,000931,20260421,20260421,10:06:00.000,100600000,79,5.04,5.09,5.1,5.02,5.1,5.61,4.59,3919080,1983.8412,3905,5.03,52800,5.04,22700,5.02,108600,5.05,18500,5.01,126100,5.06,20900,5.0,191700,5.07,65900,4.99,35500,5.08,17600,4.98,75300,5.09,30800,4.97,32700,5.1,65932,4.96,156700,5.11,41500,4.95,145300,5.12,40600,4.94,13600,5.13,21980,1495100,1596512,16:08:16.007
000931.SZ,000931,20260421,20260421,10:06:03.000,100603000,79,5.04,5.09,5.1,5.02,5.1,5.61,4.59,3919080,1983.8412,3905,5.03,53400,5.04,22800,5.02,108600,5.05,18500,5.01,126100,5.06,20900,5.0,191700,5.07,65900,4.99,35500,5.08,17600,4.98,75300,5.09,30800,4.97,32700,5.1,65932,4.96,156700,5.11,41500,4.95,145300,5.12,40600,4.94,13600,5.13,21980,1495700,1596612,16:08:16.441
000931.SZ,000931,20260421,20260421,10:06:06.000,100606000,79,5.04,5.09,5.1,5.02,5.1,5.61,4.59,3919080,1983.8412,3905,5.03,55500,5.04,22800,5.02,108600,5.05,18500,5.01,126100,5.06,20900,5.0,191700,5.07,65900,4.99,35500,5.08,17600,4.98,75300,5.09,30800,4.97,32700,5.1,65932,4.96,156700,5.11,41500,4.95,145300,5.12,30600,4.94,13600,5.13,21980,1497800,1586612,16:08:16.678
000931.SZ,000931,20260421,20260421,10:06:09.000,100609000,79,5.04,5.09,5.1,5.02,5.1,5.61,4.59,3919080,1983.8412,3905,5.03,57700,5.04,22800,5.02,108600,5.05,18500,5.01,126100,5.06,20900,5.0,191700,5.07,65900,4.99,35500,5.08,17600,4.98,75300,5.09,30800,4.97,32700,5.1,65932,4.96,156700,5.11,41500,4.95,145300,5.12,30600,4.94,13600,5.13,21980,1500000,1586612,16:08:17.025
000931.SZ,000931,20260421,20260421,10:06:12.000,100612000,79,5.04,5.09,5.1,5.02,5.1,5.61,4.59,3920180,1984.3956,3907,5.03,66200,5.04,24700,5.02,108600,5.05,18500,5.01,126100,5.06,20900,5.0,191700,5.07,65900,4.99,35500,5.08,17600,4.98,75300,5.09,30800,4.97,32700,5.1,65932,4.96,156700,5.11,41500,4.95,145300,5.12,30600,4.94,13600,5.13,21980,1508500,1588512,16:08:17.180
000931.SZ,000931,20260421,20260421,10:06:15.000,100615000,79,5.04,5.09,5.1,5.02,5.1,5.61,4.59,3923880,1986.2604,3922,5.03,68500,5.04,11300,5.02,108600,5.05,18600,5.01,126100,5.06,20900,5.0,191700,5.07,65900,4.99,35500,5.08,17600,4.98,75300,5.09,30800,4.97,32700,5.1,65932,4.96,156700,5.11,41500,4.95,145300,5.12,30600,4.94,13600,5.13,21980,1510800,1575212,16:08:17.605
000931.SZ,000931,20260421,20260421,10:06:18.000,100618000,79,5.04,5.09,5.1,5.02,5.1,5.61,4.59,3924380,1986.5124,3926,5.03,68500,5.04,13800,5.02,108600,5.05,18600,5.01,126100,5.06,20900,5.0,191700,5.07,65900,4.99,35500,5.08,17600,4.98,75300,5.09,30800,4.97,32700,5.1,65932,4.96,156700,5.11,41500,4.95,145300,5.12,30600,4.94,13600,5.13,21980,1510800,1577712,16:08:17.793
000931.SZ,000931,20260421,20260421,10:06:21.000,100621000,79,5.03,5.09,5.1,5.02,5.1,5.61,4.59,3924480,1986.5627,3927,5.03,68400,5.04,13700,5.02,108600,5.05,18600,5.01,126100,5.06,20900,5.0,191700,5.07,65900,4.99,35500,5.08,17600,4.98,75300,5.09,30800,4.97,32700,5.1,65932,4.96,156700,5.11,41500,4.95,145300,5.12,30600,4.94,13600,5.13,21980,1510700,1580112,16:08:18.037
000931.SZ,000931,20260421,20260421,10:06:24.000,100624000,79,5.03,5.09,5.1,5.02,5.1,5.61,4.59,3924480,1986.5627,3927,5.03,68600,5.04,14400,5.02,108600,5.05,18600,5.01,126100,5.06,30900,5.0,191700,5.07,65900,4.99,35500,5.08,17600,4.98,75300,5.09,30800,4.97,32700,5.1,65932,4.96,156700,5.11,41500,4.95,145300,5.12,30600,4.94,13600,5.13,21400,1510900,1590232,16:08:18.252
000931.SZ,000931,20260421,20260421,10:06:27.000,100627000,79,5.03,5.09,5.1,5.02,5.1,5.61,4.59,3924480,1986.5627,3927,5.03,68700,5.04,14700,5.02,108600,5.05,18600,5.01,126100,5.06,30900,5.0,191700,5.07,65900,4.99,35500,5.08,17600,4.98,75300,5.09,30800,4.97,32700,5.1,65932,4.96,156700,5.11,41500,4.95,145300,5.12,30600,4.94,13600,5.13,21400,1511000,1590532,16:08:18.378
000931.SZ,000931,20260421,20260421,10:06:30.000,100630000,79,5.03,5.09,5.1,5.02,5.1,5.61,4.59,3924480,1986.5627,3927,5.03,68900,5.04,14700,5.02,108600,5.05,18600,5.01,126100,5.06,30900,5.0,191700,5.07,65900,4.99,35500,5.08,17600,4.98,75300,5.09,30800,4.97,32700,5.1,65932,4.96,156700,5.11,41500,4.95,145300,5.12,30600,4.94,13600,5.13,21400,1511200,1590532,16:08:18.520
000931.SZ,000931,20260421,20260421,10:06:33.000,100633000,79,5.03,5.09,5.1,5.02,5.1,5.61,4.59,3924780,1986.7136,3930,5.03,68600,5.04,14900,5.02,108600,5.05,18600,5.01,125100,5.06,30900,5.0,191700,5.07,65900,4.99,35500,5.08,17600,4.98,77300,5.09,30800,4.97,32700,5.1,65932,4.96,156700,5.11,41500,4.95,145300,5.12,30600,4.94,13600,5.13,21400,1511900,1590732,16:08:18.631
000931.SZ,000931,20260421,20260421,10:06:36.000,100636000,79,5.03,5.09,5.1,5.02,5.1,5.61,4.59,3925180,1986.9148,3932,5.03,68200,5.04,15000,5.02,108600,5.05,18600,5.01,125100,5.06,30900,5.0,191700,5.07,65900,4.99,35500,5.08,17600,4.98,77300,5.09,30800,4.97,32700,5.1,65932,4.96,156700,5.11,41500,4.95,145300,5.12,30600,4.94,13600,5.13,21400,1511500,1590832,16:08:18.898
000931.SZ,000931,20260421,20260421,10:06:39.000,100639000,79,5.03,5.09,5.1,5.02,5.1,5.61,4.59,3925180,1986.9148,3932,5.03,68500,5.04,15700,5.02,108600,5.05,18600,5.01,125100,5.06,30900,5.0,191700,5.07,65900,4.99,35500,5.08,17600,4.98,77300,5.09,30800,4.97,32700,5.1,65932,4.96,156700,5.11,41500,4.95,145300,5.12,30600,4.94,13600,5.13,21400,1511800,1591532,16:08:19.159
000931.SZ,000931,20260421,20260421,10:06:42.000,100642000,79,5.03,5.09,5.1,5.02,5.1,5.61,4.59,3925180,1986.9148,3932,5.03,69100,5.04,15800,5.02,108600,5.05,18600,5.01,125100,5.06,30900,5.0,191700,5.07,65900,4.99,35500,5.08,17600,4.98,77300,5.09,30800,4.97,32700,5.1,65932,4.96,156700,5.11,41500,4.95,145300,5.12,30600,4.94,13600,5.13,21400,1512400,1591632,16:08:19.319
000931.SZ,000931,20260421,20260421,10:06:45.000,100645000,79,5.03,5.09,5.1,5.02,5.1,5.61,4.59,3925180,1986.9148,3932,5.03,69100,5.04,22300,5.02,108600,5.05,18600,5.01,125100,5.06,30900,5.0,191700,5.07,65900,4.99,35500,5.08,17600,4.98,77300,5.09,30800,4.97,32700,5.1,65932,4.96,156700,5.11,41500,4.95,145300,5.12,30600,4.94,13600,5.13,21400,1512400,1598132,16:08:19.617
000931.SZ,000931,20260421,20260421,10:06:48.000,100648000,79,5.03,5.09,5.1,5.02,5.1,5.61,4.59,3925760,1987.2066,3933,5.03,68520,5.04,22400,5.02,113600,5.05,18500,5.01,125100,5.06,30900,5.0,191700,5.07,65900,4.99,35500,5.08,17600,4.98,77300,5.09,30800,4.97,32700,5.1,65932,4.96,156700,5.11,41500,4.95,145300,5.12,30600,4.94,13600,5.13,21400,1516820,1598132,16:08:19.822
000931.SZ,000931,20260421,20260421,10:06:51.000,100651000,79,5.03,5.09,5.1,5.02,5.1,5.61,4.59,3925760,1987.2066,3933,5.03,68520,5.04,19500,5.02,113600,5.05,18500,5.01,125100,5.06,30900,5.0,191700,5.07,65900,4.99,35500,5.08,17600,4.98,77300,5.09,30800,4.97,32700,5.1,65932,4.96,156700,5.11,41500,4.95,145300,5.12,30600,4.94,13600,5.13,21400,1516920,1595232,16:08:20.080
000931.SZ,000931,20260421,20260421,10:06:54.000,100654000,79,5.03,5.09,5.1,5.02,5.1,5.61,4.59,3925760,1987.2066,3933,5.03,68320,5.04,19500,5.02,114600,5.05,18300,5.01,125100,5.06,30900,5.0,191700,5.07,65900,4.99,35500,5.08,17600,4.98,77300,5.09,30800,4.97,32700,5.1,65932,4.96,156700,5.11,41500,4.95,145300,5.12,30600,4.94,13600,5.13,21400,1517720,1595032,16:08:20.336
000931.SZ,000931,20260421,20260421,10:06:57.000,100657000,79,5.03,5.09,5.1,5.02,5.1,5.61,4.59,3925760,1987.2066,3933,5.03,68420,5.04,19500,5.02,114600,5.05,18300,5.01,125100,5.06,30900,5.0,191700,5.07,65900,4.99,35500,5.08,17600,4.98,77300,5.09,30800,4.97,32700,5.1,65932,4.96,156700,5.11,41500,4.95,145300,5.12,30600,4.94,13600,5.13,21400,1517820,1595032,16:08:20.667
000931.SZ,000931,20260421,20260421,10:07:00.000,100700000,79,5.03,5.09,5.1,5.02,5.1,5.61,4.59,3925760,1987.2066,3933,5.03,70520,5.04,19500,5.02,114600,5.05,18300,5.01,125100,5.06,30900,5.0,191700,5.07,65900,4.99,35500,5.08,17600,4.98,77300,5.09,30800,4.97,32700,5.1,65932,4.96,156700,5.11,41500,4.95,145300,5.12,30600,4.94,13600,5.13,21400,1519920,1595032,16:08:20.824
000931.SZ,000931,20260421,20260421,10:07:03.000,100703000,79,5.04,5.09,5.1,5.02,5.1,5.61,4.59,3926760,1987.7106,3935,5.03,71520,5.04,23000,5.02,115100,5.05,18300,5.01,125100,5.06,30900,5.0,191700,5.07,65900,4.99,35500,5.08,17600,4.98,77300,5.09,30800,4.97,32700,5.1,65932,4.96,156700,5.11,41500,4.95,145300,5.12,30600,4.94,13600,5.13,21400,1521420,1598532,16:08:21.193
000931.SZ,000931,20260421,20260421,10:07:06.000,100706000,79,5.03,5.09,5.1,5.02,5.1,5.61,4.59,3929860,1989.27,3937,5.03,68520,5.04,22800,5.02,115100,5.05,18300,5.01,125100,5.06,30900,5.0,191700,5.07,65900,4.99,35500,5.08,17600,4.98,77300,5.09,30800,4.97,32700,5.1,65932,4.96,156700,5.11,41500,4.95,145300,5.12,30600,4.94,13600,5.13,21400,1518420,1598332,16:08:21.479
000931.SZ,000931,20260421,20260421,10:07:09.000,100709000,79,5.03,5.09,5.1,5.02,5.1,5.61,4.59,3929860,1989.27,3937,5.03,69620,5.04,25300,5.02,115100,5.05,18300,5.01,125100,5.06,30900,5.0,191600,5.07,65900,4.99,35500,5.08,17600,4.98,77300,5.09,30800,4.97,32700,5.1,65932,4.96,156700,5.11,41500,4.95,145300,5.12,30600,4.94,13600,5.13,21400,1519420,1600832,16:08:21.778
000931.SZ,000931,20260421,20260421,10:07:12.000,100712000,79,5.03,5.09,5.1,5.02,5.1,5.61,4.59,3929860,1989.27,3937,5.03,69820,5.04,25300,5.02,115100,5.05,18300,5.01,125100,5.06,30900,5.0,191600,5.07,65900,4.99,35500,5.08,17600,4.98,77300,5.09,30800,4.97,32700,5.1,65932,4.96,156700,5.11,41500,4.95,145300,5.12,30600,4.94,13600,5.13,21400,1519620,1600832,16:08:22.023
000931.SZ,000931,20260421,20260421,10:07:15.000,100715000,79,5.03,5.09,5.1,5.02,5.1,5.61,4.59,3929860,1989.27,3937,5.03,69820,5.04,25300,5.02,115100,5.05,18300,5.01,125100,5.06,30900,5.0,190600,5.07,65900,4.99,35500,5.08,17600,4.98,77300,5.09,30800,4.97,32700,5.1,65932,4.96,156700,5.11,41500,4.95,145300,5.12,30600,4.94,13600,5.13,21400,1518620,1600832,16:08:22.131
000931.SZ,000931,20260421,20260421,10:07:18.000,100718000,79,5.03,5.09,5.1,5.02,5.1,5.61,4.59,3934860,1991.785,3938,5.03,65520,5.04,25300,5.02,115100,5.05,18300,5.01,125100,5.06,30900,5.0,190600,5.07,65900,4.99,35500,5.08,17600,4.98,77300,5.09,30800,4.97,32700,5.1,65932,4.96,156700,5.11,41500,4.95,145300,5.12,30600,4.94,13600,5.13,21400,1514320,1600832,16:08:22.402
000931.SZ,000931,20260421,20260421,10:07:21.000,100721000,79,5.03,5.09,5.1,5.02,5.1,5.61,4.59,3934860,1991.785,3938,5.03,65620,5.04,25300,5.02,115100,5.05,18300,5.01,125100,5.06,30900,5.0,190600,5.07,65900,4.99,35500,5.08,17600,4.98,77300,5.09,30800,4.97,32700,5.1,65932,4.96,156700,5.11,41500,4.95,145300,5.12,30600,4.94,13600,5.13,21400,1514420,1600832,16:08:22.716
000931.SZ,000931,20260421,20260421,10:07:24.000,100724000,79,5.03,5.09,5.1,5.02,5.1,5.61,4.59,3934860,1991.785,3938,5.03,65620,5.04,25300,5.02,115100,5.05,18300,5.01,125100,5.06,30900,5.0,217400,5.07,65900,4.99,35500,5.08,17600,4.98,77300,5.09,30800,4.97,32700,5.1,65932,4.96,156700,5.11,41500,4.95,145300,5.12,30600,4.94,13600,5.13,21400,1541220,1600832,16:08:22.903
000931.SZ,000931,20260421,20260421,10:07:27.000,100727000,79,5.03,5.09,5.1,5.02,5.1,5.61,4.59,3934860,1991.785,3938,5.03,65820,5.04,25300,5.02,115100,5.05,18300,5.01,125100,5.06,30900,5.0,217400,5.07,65900,4.99,35500,5.08,17600,4.98,77300,5.09,30800,4.97,32700,5.1,65932,4.96,157700,5.11,41500,4.95,145300,5.12,30600,4.94,13600,5.13,21400,1542420,1600832,16:08:23.215
000931.SZ,000931,20260421,20260421,10:07:30.000,100730000,79,5.03,5.09,5.1,5.02,5.1,5.61,4.59,3934860,1991.785,3938,5.03,66820,5.04,25300,5.02,115100,5.05,18300,5.01,125100,5.06,30900,5.0,217400,5.07,65900,4.99,35500,5.08,17600,4.98,77300,5.09,30800,4.97,32700,5.1,65932,4.96,157700,5.11,41500,4.95,145300,5.12,30600,4.94,13600,5.13,21400,1543420,1600832,16:08:23.325
000931.SZ,000931,20260421,20260421,10:07:33.000,100733000,79,5.03,5.09,5.1,5.02,5.1,5.61,4.59,3934860,1991.785,3938,5.03,66920,5.04,25300,5.02,115100,5.05,18300,5.01,125100,5.06,30900,5.0,217400,5.07,65900,4.99,35500,5.08,17600,4.98,77300,5.09,30800,4.97,32700,5.1,65932,4.96,157700,5.11,41500,4.95,145300,5.12,30600,4.94,13600,5.13,21400,1543520,1600832,16:08:23.608
000931.SZ,000931,20260421,20260421,10:07:36.000,100736000,79,5.03,5.09,5.1,5.02,5.1,5.61,4.59,3934860,1991.785,3938,5.03,70920,5.04,25300,5.02,115200,5.05,18300,5.01,125100,5.06,30900,5.0,217400,5.07,65900,4.99,35500,5.08,17600,4.98,77300,5.09,30800,4.97,32700,5.1,65932,4.96,157700,5.11,41500,4.95,145300,5.12,30600,4.94,13600,5.13,21400,1567020,1600832,16:08:23.857
000931.SZ,000931,20260421,20260421,10:07:39.000,100739000,79,5.03,5.09,5.1,5.02,5.1,5.61,4.59,3934860,1991.785,3938,5.03,71520,5.04,25300,5.02,115200,5.05,18300,5.01,125100,5.06,30900,5.0,217400,5.07,65900,4.99,35500,5.08,17600,4.98,77300,5.09,30800,4.97,32700,5.1,65932,4.96,157700,5.11,41500,4.95,145300,5.12,30600,4.94,13600,5.13,21400,1567620,1600832,16:08:24.088
000931.SZ,000931,20260421,20260421,10:07:45.000,100745000,79,5.03,5.09,5.1,5.02,5.1,5.61,4.59,3934860,1991.785,3938,5.03,72120,5.04,25300,5.02,115200,5.05,18300,5.01,125100,5.06,30900,5.0,217400,5.07,65900,4.99,35500,5.08,17600,4.98,77300,5.09,30800,4.97,32700,5.1,65932,4.96,157700,5.11,41500,4.95,145300,5.12,30600,4.94,13600,5.13,21400,1568220,1600832,16:08:24.682
000931.SZ,000931,20260421,20260421,10:07:48.000,100748000,79,5.03,5.09,5.1,5.02,5.1,5.61,4.59,3936860,1992.791,3939,5.03,70120,5.04,27000,5.02,115200,5.05,18300,5.01,125100,5.06,30900,5.0,217400,5.07,65900,4.99,35500,5.08,17600,4.98,77300,5.09,30800,4.97,32700,5.1,65932,4.96,157700,5.11,41500,4.95,145300,5.12,30600,4.94,13600,5.13,21400,1566220,1602532,16:08:24.935
000931.SZ,000931,20260421,20260421,10:07:51.000,100751000,79,5.03,5.09,5.1,5.02,5.1,5.61,4.59,3936860,1992.791,3939,5.03,70120,5.04,27000,5.02,115200,5.05,18300,5.01,125100,5.06,30900,5.0,217400,5.07,65900,4.99,35500,5.08,17600,4.98,77300,5.09,30800,4.97,32700,5.1,66432,4.96,157700,5.11,41500,4.95,145300,5.12,30600,4.94,13600,5.13,21400,1566220,1603032,16:08:25.107
000931.SZ,000931,20260421,20260421,10:07:54.000,100754000,79,5.03,5.09,5.1,5.02,5.1,5.61,4.59,3936860,1992.791,3939,5.03,70020,5.04,27000,5.02,115200,5.05,18300,5.01,125100,5.06,30900,5.0,217400,5.07,65900,4.99,35500,5.08,17600,4.98,77300,5.09,30800,4.97,32700,5.1,66432,4.96,157700,5.11,41500,4.95,145300,5.12,30600,4.94,13600,5.13,21400,1566120,1603032,16:08:25.445
000931.SZ,000931,20260421,20260421,10:07:57.000,100757000,79,5.03,5.09,5.1,5.02,5.1,5.61,4.59,3940160,1994.4509,3940,5.03,58720,5.04,27100,5.02,115200,5.05,18300,5.01,125100,5.06,30900,5.0,217400,5.07,65900,4.99,35500,5.08,17600,4.98,77300,5.09,30800,4.97,32700,5.1,66432,4.96,157700,5.11,41500,4.95,145300,5.12,30600,4.94,13600,5.13,21400,1553820,1603132,16:08:25.745
000931.SZ,000931,20260421,20260421,10:08:00.000,100800000,79,5.03,5.09,5.1,5.02,5.1,5.61,4.59,3940160,1994.4509,3940,5.03,60220,5.04,27100,5.02,115200,5.05,18300,5.01,125100,5.06,30900,5.0,217400,5.07,65900,4.99,35500,5.08,17600,4.98,77300,5.09,30800,4.97,32700,5.1,66432,4.96,157700,5.11,41500,4.95,145300,5.12,30600,4.94,13600,5.13,21400,1555320,1603132,16:08:26.153
000931.SZ,000931,20260421,20260421,10:08:03.000,100803000,79,5.03,5.09,5.1,5.02,5.1,5.61,4.59,3940260,1994.5012,3941,5.03,60120,5.04,27100,5.02,115200,5.05,18300,5.01,125100,5.06,30900,5.0,217400,5.07,65900,4.99,35500,5.08,17600,4.98,77300,5.09,30800,4.97,32700,5.1,66432,4.96,157700,5.11,41500,4.95,145300,5.12,30600,4.94,13600,5.13,21400,1555220,1603132,16:08:26.491
000931.SZ,000931,20260421,20260421,10:08:06.000,100806000,79,5.03,5.09,5.1,5.02,5.1,5.61,4.59,3940860,1994.803,3942,5.03,63020,5.04,27300,5.02,115200,5.05,18300,5.01,125100,5.06,30900,5.0,217400,5.07,65900,4.99,35500,5.08,17600,4.98,77300,5.09,30800,4.97,32700,5.1,66432,4.96,157700,5.11,41500,4.95,145300,5.12,30600,4.94,13600,5.13,21400,1558120,1603332,16:08:26.837
000931.SZ,000931,20260421,20260421,10:08:09.000,100809000,79,5.03,5.09,5.1,5.02,5.1,5.61,4.59,3940860,1994.803,3942,5.03,65020,5.04,28400,5.02,115200,5.05,18300,5.01,125100,5.06,30900,5.0,217400,5.07,65900,4.99,35500,5.08,17600,4.98,77300,5.09,30800,4.97,32700,5.1,66432,4.96,157700,5.11,41500,4.95,145300,5.12,30600,4.94,13600,5.13,21400,1560120,1604432,16:08:26.994
000931.SZ,000931,20260421,20260421,10:08:12.000,100812000,79,5.03,5.09,5.1,5.02,5.1,5.61,4.59,3940860,1994.803,3942,5.03,65020,5.04,28400,5.02,115200,5.05,18300,5.01,125100,5.06,30900,5.0,217400,5.07,65900,4.99,37000,5.08,17600,4.98,77300,5.09,30800,4.97,32700,5.1,66432,4.96,157700,5.11,41500,4.95,145300,5.12,30600,4.94,13600,5.13,21400,1561620,1604432,16:08:27.365
000931.SZ,000931,20260421,20260421,10:08:15.000,100815000,79,5.03,5.09,5.1,5.02,5.1,5.61,4.59,3942860,1995.809,3943,5.03,65020,5.04,28400,5.02,115200,5.05,18300,5.01,125100,5.06,30900,5.0,218500,5.07,65900,4.99,42000,5.08,17600,4.98,77300,5.09,30800,4.97,32700,5.1,66432,4.96,157700,5.11,41500,4.95,145300,5.12,30600,4.94,13600,5.13,21400,1578220,1604432,16:08:27.553
000931.SZ,000931,20260421,20260421,10:08:18.000,100818000,79,5.04,5.09,5.1,5.02,5.1,5.61,4.59,3944060,1996.4133,3951,5.03,64920,5.04,27700,5.02,115200,5.05,18300,5.01,125200,5.06,30900,5.0,218500,5.07,65900,4.99,42000,5.08,17600,4.98,77300,5.09,30800,4.97,32700,5.1,66432,4.96,157700,5.11,41500,4.95,145300,5.12,30600,4.94,13600,5.13,21400,1578220,1603732,16:08:27.970
000931.SZ,000931,20260421,20260421,10:08:24.000,100824000,79,5.04,5.09,5.1,5.02,5.1,5.61,4.59,3944160,1996.4637,3952,5.03,65720,5.04,27600,5.02,115200,5.05,18300,5.01,125200,5.06,30900,5.0,228500,5.07,64900,4.99,42000,5.08,17600,4.98,77300,5.09,30800,4.97,32700,5.1,66432,4.96,157700,5.11,41500,4.95,145300,5.12,30600,4.94,13600,5.13,21400,1589020,1602632,16:08:28.358
000931.SZ,000931,20260421,20260421,10:08:27.000,100827000,79,5.04,5.09,5.1,5.02,5.1,5.61,4.59,3944160,1996.4637,3952,5.03,66320,5.04,27600,5.02,115200,5.05,18300,5.01,125200,5.06,29900,5.0,228500,5.07,64900,4.99,42000,5.08,17600,4.98,77300,5.09,30800,4.97,32700,5.1,66432,4.96,157700,5.11,41500,4.95,145300,5.12,30600,4.94,13600,5.13,21400,1589620,1601632,16:08:28.691
000931.SZ,000931,20260421,20260421,10:08:30.000,100830000,79,5.04,5.09,5.1,5.02,5.1,5.61,4.59,3944160,1996.4637,3952,5.03,66420,5.04,27600,5.02,115200,5.05,18300,5.01,125200,5.06,29900,5.0,228500,5.07,64900,4.99,42000,5.08,17600,4.98,77300,5.09,30800,4.97,32700,5.1,66432,4.96,157700,5.11,41500,4.95,145300,5.12,30600,4.94,13600,5.13,21400,1589720,1601632,16:08:28.848
000931.SZ,000931,20260421,20260421,10:08:33.000,100833000,79,5.03,5.09,5.1,5.02,5.1,5.61,4.59,3944260,1996.514,3953,5.03,66320,5.04,27600,5.02,115200,5.05,18300,5.01,125200,5.06,29900,5.0,228500,5.07,64900,4.99,42000,5.08,17600,4.98,77300,5.09,30800,4.97,32700,5.1,66432,4.96,157700,5.11,41500,4.95,145300,5.12,30600,4.94,13600,5.13,21400,1590620,1601632,16:08:29.254
000931.SZ,000931,20260421,20260421,10:08:36.000,100836000,79,5.03,5.09,5.1,5.02,5.1,5.61,4.59,3944960,1996.8661,3955,5.03,65620,5.04,82400,5.02,115200,5.05,18300,5.01,125200,5.06,29900,5.0,228500,5.07,64900,4.99,42000,5.08,17600,4.98,77300,5.09,30800,4.97,32700,5.1,66432,4.96,157700,5.11,41500,4.95,145300,5.12,30600,4.94,13600,5.13,21400,1589920,1656432,16:08:29.672
000931.SZ,000931,20260421,20260421,10:08:39.000,100839000,79,5.02,5.09,5.1,5.02,5.1,5.61,4.59,4011180,2030.1741,4038,5.02,114700,5.03,29480,5.01,125200,5.04,83500,5.0,228500,5.05,18300,4.99,42000,5.06,29900,4.98,77300,5.07,64900,4.97,32700,5.08,17600,4.96,157700,5.09,30800,4.95,145300,5.1,66432,4.94,13600,5.11,41500,4.93,14100,5.12,30600,1523800,1687012,16:08:29.893
000931.SZ,000931,20260421,20260421,10:08:42.000,100842000,79,5.02,5.09,5.1,5.02,5.1,5.61,4.59,4011180,2030.1741,4038,5.02,116200,5.03,16100,5.01,112000,5.04,85000,5.0,228500,5.05,12200,4.99,42000,5.06,29900,4.98,77300,5.07,64900,4.97,32700,5.08,17600,4.96,157700,5.09,30800,4.95,145300,5.1,66432,4.94,13600,5.11,41500,4.93,14100,5.12,30600,1512100,1669032,16:08:30.285
000931.SZ,000931,20260421,20260421,10:08:45.000,100845000,79,5.02,5.09,5.1,5.02,5.1,5.61,4.59,4011180,2030.1741,4038,5.02,116200,5.03,18100,5.01,112000,5.04,85000,5.0,228500,5.05,12200,4.99,42000,5.06,29900,4.98,77300,5.07,64900,4.97,32700,5.08,17600,4.96,157700,5.09,30800,4.95,145300,5.1,66432,4.94,13600,5.11,41500,4.93,14100,5.12,30600,1512100,1683032,16:08:30.576
000931.SZ,000931,20260421,20260421,10:08:48.000,100848000,79,5.02,5.09,5.1,5.02,5.1,5.61,4.59,4011180,2030.1741,4038,5.02,116200,5.03,26600,5.01,112000,5.04,85000,5.0,228500,5.05,12200,4.99,42000,5.06,29900,4.98,77300,5.07,64900,4.97,32700,5.08,17600,4.96,157700,5.09,30800,4.95,145300,5.1,66432,4.94,13600,5.11,41500,4.93,14100,5.12,30600,1512100,1691532,16:08:30.820
000931.SZ,000931,20260421,20260421,10:08:51.000,100851000,79,5.02,5.09,5.1,5.02,5.1,5.61,4.59,4011180,2030.1741,4038,5.02,116200,5.03,26500,5.01,112000,5.04,85000,5.0,228500,5.05,12200,4.99,42000,5.06,29900,4.98,77300,5.07,64900,4.97,32700,5.08,17600,4.96,157700,5.09,30800,4.95,145300,5.1,66432,4.94,13600,5.11,41500,4.93,14100,5.12,30600,1512100,1691432,16:08:31.023
000931.SZ,000931,20260421,20260421,10:08:54.000,100854000,79,5.02,5.09,5.1,5.02,5.1,5.61,4.59,4011180,2030.1741,4038,5.02,116200,5.03,26500,5.01,112000,5.04,85000,5.0,228500,5.05,10000,4.99,42000,5.06,29900,4.98,77300,5.07,64900,4.97,32700,5.08,17600,4.96,157700,5.09,30800,4.95,145300,5.1,66432,4.94,13600,5.11,41500,4.93,14100,5.12,30600,1512100,1719232,16:08:31.259
000931.SZ,000931,20260421,20260421,10:08:57.000,100857000,79,5.02,5.09,5.1,5.02,5.1,5.61,4.59,4011180,2030.1741,4038,5.02,116200,5.03,27600,5.01,112000,5.04,85000,5.0,228500,5.05,11100,4.99,42000,5.06,29900,4.98,77300,5.07,64900,4.97,32700,5.08,17600,4.96,157700,5.09,30800,4.95,145300,5.1,66432,4.94,13600,5.11,41500,4.93,14100,5.12,30600,1512100,1721432,16:08:31.457
000931.SZ,000931,20260421,20260421,10:09:03.000,100903000,79,5.03,5.09,5.1,5.02,5.1,5.61,4.59,4011480,2030.325,4039,5.02,116200,5.03,28000,5.01,112000,5.04,85000,5.0,228500,5.05,11100,4.99,42000,5.06,29900,4.98,77300,5.07,64900,4.97,32700,5.08,17600,4.96,157700,5.09,30800,4.95,145300,5.1,66432,4.94,13600,5.11,41500,4.93,14100,5.12,30600,1512100,1721832,16:08:32.149
000931.SZ,000931,20260421,20260421,10:09:09.000,100909000,79,5.02,5.09,5.1,5.02,5.1,5.61,4.59,4017580,2033.3872,4042,5.02,110100,5.03,31100,5.01,112000,5.04,85000,5.0,228500,5.05,11100,4.99,42000,5.06,29900,4.98,77300,5.07,64900,4.97,32700,5.08,17600,4.96,157700,5.09,30800,4.95,145300,5.1,66432,4.94,13600,5.11,41500,4.93,14100,5.12,30600,1506000,1724932,16:08:32.708
000931.SZ,000931,20260421,20260421,10:09:12.000,100912000,79,5.02,5.09,5.1,5.02,5.1,5.61,4.59,4017580,2033.3872,4042,5.02,110100,5.03,30100,5.01,112000,5.04,85000,5.0,228500,5.05,11100,4.99,55500,5.06,29900,4.98,77300,5.07,64900,4.97,32700,5.08,17600,4.96,157700,5.09,30800,4.95,145300,5.1,66432,4.94,13600,5.11,41500,4.93,14100,5.12,30600,1519500,1723932,16:08:32.928
000931.SZ,000931,20260421,20260421,10:09:15.000,100915000,79,5.02,5.09,5.1,5.02,5.1,5.61,4.59,4018580,2033.8892,4043,5.02,109100,5.03,31800,5.01,112000,5.04,85000,5.0,201700,5.05,11100,4.99,55500,5.06,29900,4.98,77300,5.07,64900,4.97,32700,5.08,17600,4.96,207700,5.09,30800,4.95,145300,5.1,66432,4.94,13600,5.11,41500,4.93,14100,5.12,30600,1541700,1725632,16:08:33.211
000931.SZ,000931,20260421,20260421,10:09:18.000,100918000,79,5.02,5.09,5.1,5.02,5.1,5.61,4.59,4018880,2034.0398,4044,5.02,109100,5.03,32600,5.01,112000,5.04,84700,5.0,201700,5.05,11100,4.99,55500,5.06,29900,4.98,77300,5.07,64900,4.97,32700,5.08,17600,4.96,207700,5.09,30800,4.95,145300,5.1,66432,4.94,13600,5.11,41500,4.93,14100,5.12,30600,1541700,1726132,16:08:33.504
000931.SZ,000931,20260421,20260421,10:09:21.000,100921000,79,5.02,5.09,5.1,5.02,5.1,5.61,4.59,4018880,2034.0398,4044,5.02,109000,5.03,32600,5.01,112000,5.04,84700,5.0,201700,5.05,11100,4.99,55500,5.06,29900,4.98,77300,5.07,64900,4.97,32700,5.08,17600,4.96,207700,5.09,30800,4.95,145300,5.1,66432,4.94,13600,5.11,41500,4.93,14100,5.12,30600,1541600,1726132,16:08:33.788
000931.SZ,000931,20260421,20260421,10:09:24.000,100924000,79,5.02,5.09,5.1,5.02,5.1,5.61,4.59,4018880,2034.0398,4044,5.02,109000,5.03,33200,5.01,112000,5.04,84700,5.0,201700,5.05,11100,4.99,55500,5.06,29900,4.98,77300,5.07,64900,4.97,32700,5.08,17600,4.96,207700,5.09,30800,4.95,145300,5.1,66432,4.94,13600,5.11,41500,4.93,14100,5.12,30600,1541600,1726732,16:08:34.086
000931.SZ,000931,20260421,20260421,10:09:27.000,100927000,79,5.02,5.09,5.1,5.02,5.1,5.61,4.59,4020280,2034.7426,4045,5.02,107600,5.03,33200,5.01,112000,5.04,84700,5.0,201700,5.05,11100,4.99,55500,5.06,29900,4.98,77300,5.07,64900,4.97,32700,5.08,17600,4.96,207700,5.09,30800,4.95,145300,5.1,66432,4.94,13600,5.11,41500,4.93,14100,5.12,30600,1540200,1726732,16:08:34.227
000931.SZ,000931,20260421,20260421,10:09:33.000,100933000,79,5.02,5.09,5.1,5.02,5.1,5.61,4.59,4020380,2034.7928,4046,5.02,106600,5.03,33200,5.01,112000,5.04,84600,5.0,201700,5.05,11100,4.99,55500,5.06,29900,4.98,77300,5.07,64900,4.97,32700,5.08,17600,4.96,207700,5.09,30800,4.95,145300,5.1,66432,4.94,13600,5.11,41500,4.93,14100,5.12,30600,1539200,1726632,16:08:34.663
000931.SZ,000931,20260421,20260421,10:09:36.000,100936000,79,5.03,5.09,5.1,5.02,5.1,5.61,4.59,4020780,2034.9938,4049,5.02,107700,5.03,33000,5.01,111500,5.04,84600,5.0,201700,5.05,11100,4.99,55500,5.06,29900,4.98,77300,5.07,64900,4.97,32700,5.08,17600,4.96,207700,5.09,30800,4.95,145300,5.1,66432,4.94,13600,5.11,41500,4.93,14100,5.12,30600,1539800,1726432,16:08:34.990
000931.SZ,000931,20260421,20260421,10:09:39.000,100939000,79,5.02,5.09,5.1,5.02,5.1,5.61,4.59,4021280,2035.2448,4054,5.02,117200,5.03,29100,5.01,109000,5.04,84200,5.0,201700,5.05,11100,4.99,55500,5.06,29900,4.98,77300,5.07,64900,4.97,32700,5.08,17600,4.96,207700,5.09,30800,4.95,145300,5.1,66432,4.94,13600,5.11,41500,4.93,14100,5.12,30600,1546800,1722132,16:08:35.210
000931.SZ,000931,20260421,20260421,10:09:42.000,100942000,79,5.02,5.09,5.1,5.02,5.1,5.61,4.59,4021480,2035.3453,4056,5.02,117100,5.03,29000,5.01,109000,5.04,84100,5.0,201700,5.05,11100,4.99,55500,5.06,29900,4.98,77300,5.07,64900,4.97,32700,5.08,17600,4.96,207700,5.09,30800,4.95,145300,5.1,66432,4.94,13600,5.11,41500,4.93,14100,5.12,30600,1546700,1721932,16:08:35.336
000931.SZ,000931,20260421,20260421,10:09:45.000,100945000,79,5.03,5.09,5.1,5.02,5.1,5.61,4.59,4021580,2035.3956,4057,5.02,117300,5.03,24300,5.01,109000,5.04,84100,5.0,201700,5.05,11100,4.99,55500,5.06,29900,4.98,77300,5.07,64900,4.97,32700,5.08,17600,4.96,207700,5.09,30800,4.95,145300,5.1,66432,4.94,13600,5.11,41500,4.93,14100,5.12,30600,1546900,1717232,16:08:35.628
000931.SZ,000931,20260421,20260421,10:09:48.000,100948000,79,5.03,5.09,5.1,5.02,5.1,5.61,4.59,4021580,2035.3956,4057,5.02,117300,5.03,30900,5.01,109000,5.04,84100,5.0,201700,5.05,11100,4.99,55500,5.06,29900,4.98,77300,5.07,64900,4.97,32700,5.08,17600,4.96,207700,5.09,30800,4.95,145300,5.1,66432,4.94,13600,5.11,41500,4.93,14100,5.12,30600,1546900,1723832,16:08:35.926
000931.SZ,000931,20260421,20260421,10:09:51.000,100951000,79,5.03,5.09,5.1,5.02,5.1,5.61,4.59,4021580,2035.3956,4057,5.02,117400,5.03,30900,5.01,109800,5.04,84100,5.0,201700,5.05,11100,4.99,55500,5.06,29900,4.98,72300,5.07,64900,4.97,32700,5.08,17600,4.96,207700,5.09,30800,4.95,145300,5.1,66432,4.94,13600,5.11,41500,4.93,14100,5.12,30600,1542800,1723832,16:08:36.037
000931.SZ,000931,20260421,20260421,10:09:54.000,100954000,79,5.03,5.09,5.1,5.02,5.1,5.61,4.59,4021580,2035.3956,4057,5.02,117400,5.03,32400,5.01,109800,5.04,82100,5.0,201700,5.05,11100,4.99,55500,5.06,29900,4.98,72300,5.07,64900,4.97,32700,5.08,17600,4.96,207700,5.09,30800,4.95,145300,5.1,66432,4.94,13600,5.11,41500,4.93,14100,5.12,30600,1542800,1723332,16:08:36.303
000931.SZ,000931,20260421,20260421,10:09:57.000,100957000,79,5.03,5.09,5.1,5.02,5.1,5.61,4.59,4021580,2035.3956,4057,5.02,127500,5.03,32400,5.01,109800,5.04,81900,5.0,201700,5.05,11100,4.99,55500,5.06,29900,4.98,72700,5.07,64900,4.97,32700,5.08,17600,4.96,207700,5.09,30800,4.95,145300,5.1,66432,4.94,13600,5.11,41500,4.93,14100,5.12,30600,1553300,1723132,16:08:36.563
000931.SZ,000931,20260421,20260421,10:10:00.000,101000000,79,5.03,5.09,5.1,5.02,5.1,5.61,4.59,4021580,2035.3956,4057,5.02,127500,5.03,33000,5.01,109800,5.04,81900,5.0,201700,5.05,11100,4.99,55500,5.06,29900,4.98,72700,5.07,64900,4.97,32700,5.08,17600,4.96,207700,5.09,30800,4.95,145300,5.1,66432,4.94,13600,5.11,41500,4.93,14100,5.12,30600,1553300,1723732,16:08:36.849
000931.SZ,000931,20260421,20260421,10:10:03.000,101003000,79,5.02,5.09,5.1,5.02,5.1,5.61,4.59,4021780,2035.496,4058,5.02,128100,5.03,35000,5.01,109800,5.04,81900,5.0,201700,5.05,11100,4.99,55500,5.06,29900,4.98,72700,5.07,64900,4.97,32700,5.08,17600,4.96,207700,5.09,30800,4.95,145300,5.1,66432,4.94,13600,5.11,41500,4.93,14100,5.12,30600,1553900,1725732,16:08:37.114
000931.SZ,000931,20260421,20260421,10:10:06.000,101006000,79,5.02,5.09,5.1,5.02,5.1,5.61,4.59,4021780,2035.496,4058,5.02,128100,5.03,38800,5.01,109800,5.04,81900,5.0,201700,5.05,11100,4.99,55500,5.06,29900,4.98,72700,5.07,64900,4.97,32700,5.08,17600,4.96,207700,5.09,30800,4.95,145300,5.1,66432,4.94,13600,5.11,41500,4.93,14100,5.12,30600,1553900,1729532,16:08:37.396
000931.SZ,000931,20260421,20260421,10:10:09.000,101009000,79,5.02,5.09,5.1,5.02,5.1,5.61,4.59,4021780,2035.496,4058,5.02,128100,5.03,38800,5.01,109800,5.04,81900,5.0,201700,5.05,11100,4.99,55500,5.06,29900,4.98,72700,5.07,64900,4.97,32700,5.08,17600,4.96,207700,5.09,30800,4.95,145300,5.1,66432,4.94,40900,5.11,41500,4.93,14100,5.12,30600,1581200,1729532,16:08:37.751
000931.SZ,000931,20260421,20260421,10:10:12.000,101012000,79,5.02,5.09,5.1,5.02,5.1,5.61,4.59,4021780,2035.496,4058,5.02,128600,5.03,38800,5.01,109800,5.04,81500,5.0,201700,5.05,11100,4.99,55500,5.06,29900,4.98,72700,5.07,64900,4.97,32700,5.08,17600,4.96,207700,5.09,30800,4.95,145300,5.1,66432,4.94,40900,5.11,41500,4.93,14100,5.12,30600,1581700,1729132,16:08:37.987
000931.SZ,000931,20260421,20260421,10:10:15.000,101015000,79,5.02,5.09,5.1,5.02,5.1,5.61,4.59,4021780,2035.496,4058,5.02,129200,5.03,39000,5.01,109800,5.04,81500,5.0,201700,5.05,11100,4.99,55500,5.06,29900,4.98,72700,5.07,64900,4.97,32700,5.08,17600,4.96,207700,5.09,30800,4.95,145300,5.1,66432,4.94,40900,5.11,41500,4.93,14100,5.12,30600,1582300,1729332,16:08:38.130
000931.SZ,000931,20260421,20260421,10:10:18.000,101018000,79,5.02,5.09,5.1,5.02,5.1,5.61,4.59,4021780,2035.496,4058,5.02,130500,5.03,38800,5.01,109800,5.04,81500,5.0,201700,5.05,11100,4.99,60500,5.06,29900,4.98,72700,5.07,64900,4.97,32700,5.08,17600,4.96,207700,5.09,30800,4.95,145300,5.1,66432,4.94,40900,5.11,41500,4.93,14100,5.12,30600,1588600,1729132,16:08:38.530
000931.SZ,000931,20260421,20260421,10:10:21.000,101021000,79,5.02,5.09,5.1,5.02,5.1,5.61,4.59,4021780,2035.496,4058,5.02,130700,5.03,38800,5.01,109800,5.04,81500,5.0,201700,5.05,11100,4.99,60500,5.06,29900,4.98,74200,5.07,64900,4.97,32700,5.08,17600,4.96,207700,5.09,30800,4.95,145300,5.1,66432,4.94,40900,5.11,41500,4.93,14100,5.12,30600,1590300,1729132,16:08:38.766
000931.SZ,000931,20260421,20260421,10:10:24.000,101024000,79,5.03,5.09,5.1,5.02,5.1,5.61,4.59,4023780,2036.502,4059,5.02,131800,5.03,40900,5.01,109800,5.04,81500,5.0,201700,5.05,11100,4.99,60500,5.06,29900,4.98,74200,5.07,64900,4.97,32700,5.08,17600,4.96,207700,5.09,30800,4.95,145300,5.1,66432,4.94,40900,5.11,41500,4.93,14100,5.12,30600,1591400,1731232,16:08:39.080
000931.SZ,000931,20260421,20260421,10:10:27.000,101027000,79,5.03,5.09,5.1,5.02,5.1,5.61,4.59,4023980,2036.6026,4060,5.02,131900,5.03,44200,5.01,109800,5.04,81500,5.0,201700,5.05,11100,4.99,60500,5.06,29900,4.98,74200,5.07,64900,4.97,32700,5.08,17600,4.96,207700,5.09,30800,4.95,145300,5.1,66432,4.94,40900,5.11,41500,4.93,14100,5.12,30600,1591700,1734532,16:08:39.362
000931.SZ,000931,20260421,20260421,10:10:30.000,101030000,79,5.03,5.09,5.1,5.02,5.1,5.61,4.59,4023980,2036.6026,4060,5.02,141900,5.03,44300,5.01,109800,5.04,80400,5.0,201700,5.05,11100,4.99,60500,5.06,29900,4.98,74200,5.07,64900,4.97,32700,5.08,17600,4.96,207700,5.09,30800,4.95,145300,5.1,66432,4.94,40900,5.11,41500,4.93,14100,5.12,30600,1601700,1733532,16:08:39.544
000931.SZ,000931,20260421,20260421,10:10:33.000,101033000,79,5.03,5.09,5.1,5.02,5.1,5.61,4.59,4023980,2036.6026,4060,5.02,142800,5.03,41100,5.01,109800,5.04,80400,5.0,201700,5.05,11100,4.99,60500,5.06,29900,4.98,74200,5.07,64900,4.97,32700,5.08,17600,4.96,207700,5.09,30800,4.95,145300,5.1,66432,4.94,40900,5.11,41500,4.93,14100,5.12,30600,1602600,1730332,16:08:39.811
000931.SZ,000931,20260421,20260421,10:10:36.000,101036000,79,5.03,5.09,5.1,5.02,5.1,5.61,4.59,4023980,2036.6026,4060,5.02,142900,5.03,41100,5.01,109800,5.04,80400,5.0,201700,5.05,11100,4.99,60500,5.06,29900,4.98,74200,5.07,64900,4.97,32700,5.08,17600,4.96,212700,5.09,30800,4.95,145300,5.1,66432,4.94,40900,5.11,41500,4.93,14100,5.12,30600,1607700,1730332,16:08:40.079
000931.SZ,000931,20260421,20260421,10:10:39.000,101039000,79,5.03,5.09,5.1,5.02,5.1,5.61,4.59,4023980,2036.6026,4060,5.02,143800,5.03,41100,5.01,109800,5.04,80400,5.0,201700,5.05,11100,4.99,60500,5.06,29900,4.98,74200,5.07,64900,4.97,32700,5.08,17600,4.96,212700,5.09,30800,4.95,145300,5.1,66432,4.94,40900,5.11,41500,4.93,14100,5.12,30600,1608400,1730332,16:08:40.220
000931.SZ,000931,20260421,20260421,10:10:42.000,101042000,79,5.03,5.09,5.1,5.02,5.1,5.61,4.59,4023980,2036.6026,4060,5.02,153000,5.03,41100,5.01,111200,5.04,80400,5.0,201700,5.05,11100,4.99,60500,5.06,29900,4.98,74200,5.07,64900,4.97,32700,5.08,17600,4.96,212700,5.09,30800,4.95,145300,5.1,66432,4.94,40900,5.11,41500,4.93,14100,5.12,30600,1619000,1730332,16:08:40.542
000931.SZ,000931,20260421,20260421,10:10:45.000,101045000,79,5.03,5.09,5.1,5.02,5.1,5.61,4.59,4023980,2036.6026,4060,5.02,154100,5.03,41100,5.01,111200,5.04,80400,5.0,201700,5.05,11100,4.99,60500,5.06,29900,4.98,74200,5.07,64900,4.97,32700,5.08,17600,4.96,212700,5.09,30800,4.95,145300,5.1,66432,4.94,40900,5.11,41500,4.93,14100,5.12,30600,1620100,1730332,16:08:40.683
000931.SZ,000931,20260421,20260421,10:10:48.000,101048000,79,5.03,5.09,5.1,5.02,5.1,5.61,4.59,4023980,2036.6026,4060,5.02,154100,5.03,41200,5.01,111200,5.04,80300,5.0,201700,5.05,11100,4.99,60500,5.06,29900,4.98,74200,5.07,64900,4.97,32700,5.08,17600,4.96,212700,5.09,30800,4.95,146300,5.1,66432,4.94,40900,5.11,41500,4.93,14100,5.12,30600,1621100,1730332,16:08:41.016
000931.SZ,000931,20260421,20260421,10:10:54.000,101054000,79,5.03,5.09,5.1,5.02,5.1,5.61,4.59,4025080,2037.1559,4061,5.02,154700,5.03,43200,5.01,111200,5.04,80300,5.0,201700,5.05,11100,4.99,60500,5.06,29900,4.98,74200,5.07,64900,4.97,32700,5.08,17600,4.96,212700,5.09,30800,4.95,146300,5.1,66432,4.94,40900,5.11,41500,4.93,14100,5.12,30600,1621700,1732332,16:08:41.454
000931.SZ,000931,20260421,20260421,10:10:57.000,101057000,79,5.03,5.09,5.1,5.02,5.1,5.61,4.59,4025080,2037.1559,4061,5.02,154900,5.03,43200,5.01,111200,5.04,80300,5.0,201700,5.05,11100,4.99,60500,5.06,29900,4.98,74200,5.07,64900,4.97,37700,5.08,17600,4.96,212700,5.09,30800,4.95,146300,5.1,66432,4.94,40900,5.11,41500,4.93,14100,5.12,30600,1626900,1732332,16:08:41.683
000931.SZ,000931,20260421,20260421,10:11:00.000,101100000,79,5.03,5.09,5.1,5.02,5.1,5.61,4.59,4025080,2037.1559,4061,5.02,155900,5.03,43200,5.01,111200,5.04,80300,5.0,201700,5.05,11100,4.99,60500,5.06,29900,4.98,74200,5.07,64900,4.97,37700,5.08,17600,4.96,212700,5.09,30800,4.95,146300,5.1,66432,4.94,40900,5.11,41500,4.93,14100,5.12,30600,1627900,1732332,16:08:41.984
000931.SZ,000931,20260421,20260421,10:11:06.000,101106000,79,5.03,5.09,5.1,5.02,5.1,5.61,4.59,4025580,2037.4074,4062,5.02,155900,5.03,42700,5.01,111200,5.04,80300,5.0,201700,5.05,11100,4.99,60500,5.06,29900,4.98,74200,5.07,64900,4.97,37700,5.08,17600,4.96,212700,5.09,30800,4.95,146300,5.1,66432,4.94,40900,5.11,41500,4.93,14100,5.12,30600,1627900,1731832,16:08:42.542
000931.SZ,000931,20260421,20260421,10:11:09.000,101109000,79,5.03,5.09,5.1,5.02,5.1,5.61,4.59,4025580,2037.4074,4062,5.02,155900,5.03,58200,5.01,111200,5.04,80300,5.0,202600,5.05,11000,4.99,60500,5.06,29900,4.98,74400,5.07,64900,4.97,37700,5.08,17600,4.96,212700,5.09,30800,4.95,146300,5.1,66432,4.94,40900,5.11,41500,4.93,14100,5.12,30600,1629000,1747232,16:08:42.795
000931.SZ,000931,20260421,20260421,10:11:12.000,101112000,79,5.02,5.09,5.1,5.02,5.1,5.61,4.59,4025980,2037.6082,4063,5.02,155500,5.03,58200,5.01,111200,5.04,80300,5.0,202600,5.05,11000,4.99,60500,5.06,29900,4.98,74400,5.07,64900,4.97,37700,5.08,17600,4.96,212700,5.09,30800,4.95,146300,5.1,66432,4.94,40900,5.11,41500,4.93,14100,5.12,30600,1628600,1747232,16:08:43.013
000931.SZ,000931,20260421,20260421,10:11:18.000,101118000,79,5.03,5.09,5.1,5.02,5.1,5.61,4.59,4026480,2037.8597,4065,5.02,155500,5.03,57700,5.01,111200,5.04,80300,5.0,202600,5.05,11000,4.99,60500,5.06,29900,4.98,74400,5.07,64900,4.97,37700,5.08,17600,4.96,212700,5.09,30800,4.95,146300,5.1,66432,4.94,40900,5.11,41500,4.93,14100,5.12,30600,1628600,1746732,16:08:43.604
000931.SZ,000931,20260421,20260421,10:11:21.000,101121000,79,5.03,5.09,5.1,5.02,5.1,5.61,4.59,4026480,2037.8597,4065,5.02,155500,5.03,44200,5.01,111200,5.04,86800,5.0,202600,5.05,11000,4.99,60500,5.06,29900,4.98,74400,5.07,64900,4.97,37700,5.08,17600,4.96,212700,5.09,30800,4.95,146300,5.1,66432,4.94,40900,5.11,41500,4.93,14100,5.12,30600,1628800,1739732,16:08:43.746
000931.SZ,000931,20260421,20260421,10:11:24.000,101124000,79,5.03,5.09,5.1,5.02,5.1,5.61,4.59,4026480,2037.8597,4065,5.02,157500,5.03,44200,5.01,111200,5.04,86800,5.0,202700,5.05,11000,4.99,60500,5.06,29900,4.98,74400,5.07,64900,4.97,37700,5.08,17600,4.96,212700,5.09,30800,4.95,146300,5.1,66432,4.94,40900,5.11,41500,4.93,14100,5.12,30600,1630900,1739732,16:08:44.061
000931.SZ,000931,20260421,20260421,10:11:27.000,101127000,79,5.03,5.09,5.1,5.02,5.1,5.61,4.59,4027480,2038.3627,4070,5.02,161400,5.03,41900,5.01,111200,5.04,86800,5.0,202700,5.05,11000,4.99,60500,5.06,29900,4.98,74400,5.07,64900,4.97,37700,5.08,17600,4.96,212700,5.09,30800,4.95,146300,5.1,66432,4.94,40900,5.11,41500,4.93,14100,5.12,30600,1634800,1737432,16:08:44.359
000931.SZ,000931,20260421,20260421,10:11:30.000,101130000,79,5.03,5.09,5.1,5.02,5.1,5.61,4.59,4035480,2042.3867,4089,5.02,161900,5.03,31100,5.01,111200,5.04,86800,5.0,202700,5.05,11000,4.99,60500,5.06,29900,4.98,74400,5.07,64900,4.97,37700,5.08,17600,4.96,212700,5.09,30800,4.95,146300,5.1,66432,4.94,40900,5.11,41500,4.93,14100,5.12,30600,1635300,1726632,16:08:44.681
000931.SZ,000931,20260421,20260421,10:11:33.000,101133000,79,5.03,5.09,5.1,5.02,5.1,5.61,4.59,4036280,2042.7891,4091,5.02,163000,5.03,30900,5.01,111200,5.04,86800,5.0,202700,5.05,11000,4.99,60500,5.06,29900,4.98,74400,5.07,64900,4.97,37700,5.08,17600,4.96,212700,5.09,30800,4.95,146300,5.1,66432,4.94,40900,5.11,41500,4.93,14100,5.12,30600,1636400,1726432,16:08:44.791
000931.SZ,000931,20260421,20260421,10:11:36.000,101136000,79,5.03,5.09,5.1,5.02,5.1,5.61,4.59,4049580,2049.479,4133,5.02,163100,5.03,17700,5.01,111200,5.04,86700,5.0,202700,5.05,11000,4.99,60500,5.06,29900,4.98,74400,5.07,64900,4.97,37700,5.08,17600,4.96,212700,5.09,30800,4.95,146300,5.1,66432,4.94,40900,5.11,41500,4.93,14100,5.12,30600,1636500,1713132,16:08:45.045
000931.SZ,000931,20260421,20260421,10:11:39.000,101139000,79,5.03,5.09,5.1,5.02,5.1,5.61,4.59,4051780,2050.5856,4134,5.02,163100,5.03,15600,5.01,111200,5.04,86600,5.0,202700,5.05,11000,4.99,60500,5.06,29900,4.98,74400,5.07,64900,4.97,37700,5.08,17600,4.96,212700,5.09,30800,4.95,146300,5.1,66432,4.94,40900,5.11,41500,4.93,16100,5.12,30600,1638500,1710932,16:08:45.435
000931.SZ,000931,20260421,20260421,10:11:42.000,101142000,79,5.03,5.09,5.1,5.02,5.1,5.61,4.59,4051780,2050.5856,4134,5.02,161600,5.03,16200,5.01,111200,5.04,84100,5.0,202700,5.05,10400,4.99,60500,5.06,29900,4.98,74400,5.07,64900,4.97,37700,5.08,17600,4.96,212700,5.09,30800,4.95,146300,5.1,66432,4.94,40900,5.11,41500,4.93,16100,5.12,30600,1637000,1708432,16:08:45.602
000931.SZ,000931,20260421,20260421,10:11:45.000,101145000,79,5.03,5.09,5.1,5.02,5.1,5.61,4.59,4054080,2051.7425,4138,5.02,162000,5.03,15900,5.01,111200,5.04,84100,5.0,202700,5.05,10800,4.99,60500,5.06,29900,4.98,74400,5.07,64900,4.97,37700,5.08,17600,4.96,212700,5.09,30800,4.95,146300,5.1,66432,4.94,40900,5.11,41500,4.93,16100,5.12,30600,1637400,1708532,16:08:45.886
000931.SZ,000931,20260421,20260421,10:11:48.000,101148000,79,5.03,5.09,5.1,5.02,5.1,5.61,4.59,4054080,2051.7425,4138,5.02,162000,5.03,25000,5.01,111200,5.04,84500,5.0,202700,5.05,10800,4.99,60500,5.06,29900,4.98,74400,5.07,64900,4.97,37700,5.08,17600,4.96,212700,5.09,35800,4.95,146300,5.1,66432,4.94,40900,5.11,41500,4.93,16100,5.12,30600,1637400,1723032,16:08:45.996
000931.SZ,000931,20260421,20260421,10:11:51.000,101151000,79,5.03,5.09,5.1,5.02,5.1,5.61,4.59,4054080,2051.7425,4138,5.02,164000,5.03,37200,5.01,111200,5.04,84500,5.0,202700,5.05,10800,4.99,60500,5.06,29900,4.98,74400,5.07,64900,4.97,37700,5.08,17600,4.96,212700,5.09,35800,4.95,146300,5.1,66432,4.94,40900,5.11,41500,4.93,16100,5.12,30600,1639400,1735232,16:08:46.294
000931.SZ,000931,20260421,20260421,10:11:54.000,101154000,79,5.03,5.09,5.1,5.02,5.1,5.61,4.59,4054080,2051.7425,4138,5.02,164000,5.03,44600,5.01,111200,5.04,84500,5.0,202700,5.05,19900,4.99,60500,5.06,29900,4.98,74400,5.07,64900,4.97,37700,5.08,17600,4.96,212700,5.09,35800,4.95,145300,5.1,66432,4.94,40900,5.11,41500,4.93,16100,5.12,30600,1638400,1751732,16:08:46.528
000931.SZ,000931,20260421,20260421,10:11:57.000,101157000,79,5.03,5.09,5.1,5.02,5.1,5.61,4.59,4054080,2051.7425,4138,5.02,165500,5.03,55000,5.01,111200,5.04,84500,5.0,202700,5.05,19900,4.99,60500,5.06,29900,4.98,74400,5.07,64900,4.97,37700,5.08,17600,4.96,212700,5.09,35800,4.95,145300,5.1,66432,4.94,40900,5.11,41500,4.93,16100,5.12,30600,1639900,1762132,16:08:46.648
000931.SZ,000931,20260421,20260421,10:12:00.000,101200000,79,5.03,5.09,5.1,5.02,5.1,5.61,4.59,4054080,2051.7425,4138,5.02,166700,5.03,55000,5.01,111200,5.04,84500,5.0,206900,5.05,19900,4.99,60500,5.06,29900,4.98,74400,5.07,64900,4.97,37700,5.08,17600,4.96,212700,5.09,35800,4.95,145300,5.1,66432,4.94,40900,5.11,41500,4.93,16100,5.12,30600,1645300,1762132,16:08:46.885
000931.SZ,000931,20260421,20260421,10:12:06.000,101206000,79,5.03,5.09,5.1,5.02,5.1,5.61,4.59,4054080,2051.7425,4138,5.02,167500,5.03,55000,5.01,111200,5.04,84500,5.0,206900,5.05,19900,4.99,60500,5.06,29900,4.98,74400,5.07,64900,4.97,37700,5.08,17600,4.96,212700,5.09,35800,4.95,145300,5.1,66432,4.94,40900,5.11,41500,4.93,16100,5.12,30600,1646100,1762132,16:08:47.542
000931.SZ,000931,20260421,20260421,10:12:09.000,101209000,79,5.02,5.09,5.1,5.02,5.1,5.61,4.59,4055180,2052.2947,4139,5.02,166400,5.03,55000,5.01,111200,5.04,84600,5.0,206900,5.05,19900,4.99,60500,5.06,29900,4.98,74400,5.07,64900,4.97,37700,5.08,17600,4.96,212700,5.09,35800,4.95,145300,5.1,66432,4.94,40900,5.11,41500,4.93,16100,5.12,30600,1651300,1762232,16:08:47.756
000931.SZ,000931,20260421,20260421,10:12:12.000,101212000,79,5.02,5.09,5.1,5.02,5.1,5.61,4.59,4055180,2052.2947,4139,5.02,166400,5.03,55100,5.01,111200,5.04,84600,5.0,206900,5.05,19900,4.99,60500,5.06,29900,4.98,74400,5.07,64900,4.97,37700,5.08,17600,4.96,212700,5.09,35800,4.95,145300,5.1,66432,4.94,40900,5.11,41500,4.93,16100,5.12,30600,1651300,1762332,16:08:48.071
000931.SZ,000931,20260421,20260421,10:12:15.000,101215000,79,5.02,5.09,5.1,5.02,5.1,5.61,4.59,4055180,2052.2947,4139,5.02,166400,5.03,55700,5.01,111200,5.04,84600,5.0,206900,5.05,19900,4.99,60500,5.06,29900,4.98,74400,5.07,64900,4.97,37700,5.08,17600,4.96,212700,5.09,35800,4.95,145300,5.1,66432,4.94,40900,5.11,41500,4.93,16100,5.12,30600,1651300,1762932,16:08:48.401
000931.SZ,000931,20260421,20260421,10:12:18.000,101218000,79,5.03,5.09,5.1,5.02,5.1,5.61,4.59,4056080,2052.7466,4141,5.02,165600,5.03,62100,5.01,111200,5.04,78100,5.0,207600,5.05,19900,4.99,60500,5.06,29900,4.98,74400,5.07,64900,4.97,37700,5.08,22600,4.96,212700,5.09,35800,4.95,146300,5.1,66432,4.94,40900,5.11,41500,4.93,16100,5.12,30600,1652200,1767832,16:08:48.656
000931.SZ,000931,20260421,20260421,10:12:21.000,101221000,79,5.02,5.09,5.1,5.02,5.1,5.61,4.59,4058280,2053.851,4142,5.02,164200,5.03,62100,5.01,111200,5.04,78100,5.0,207600,5.05,19900,4.99,60500,5.06,29900,4.98,74400,5.07,64900,4.97,37700,5.08,22600,4.96,212700,5.09,35800,4.95,146300,5.1,66432,4.94,40900,5.11,41500,4.93,16100,5.12,30600,1650800,1767832,16:08:48.938
000931.SZ,000931,20260421,20260421,10:12:24.000,101224000,79,5.02,5.09,5.1,5.02,5.1,5.61,4.59,4065980,2057.7167,4151,5.02,156800,5.03,61900,5.01,111200,5.04,78100,5.0,207600,5.05,19900,4.99,60500,5.06,29900,4.98,74400,5.07,64900,4.97,37700,5.08,22600,4.96,212700,5.09,35800,4.95,146300,5.1,66432,4.94,40900,5.11,41500,4.93,16100,5.12,30600,1643400,1767632,16:08:49.064
000931.SZ,000931,20260421,20260421,10:12:27.000,101227000,79,5.02,5.09,5.1,5.02,5.1,5.61,4.59,4065980,2057.7167,4151,5.02,157000,5.03,52100,5.01,111200,5.04,78100,5.0,207600,5.05,19900,4.99,60500,5.06,29900,4.98,74400,5.07,64900,4.97,37700,5.08,22600,4.96,212700,5.09,35800,4.95,146300,5.1,66432,4.94,40900,5.11,41500,4.93,16100,5.12,30600,1643600,1757832,16:08:49.424
000931.SZ,000931,20260421,20260421,10:12:33.000,101233000,79,5.02,5.09,5.1,5.02,5.1,5.61,4.59,4066480,2057.9677,4154,5.02,156500,5.03,52100,5.01,111200,5.04,78100,5.0,207600,5.05,19900,4.99,60500,5.06,29900,4.98,74400,5.07,64900,4.97,37700,5.08,22600,4.96,212700,5.09,35800,4.95,146300,5.1,66432,4.94,40900,5.11,41500,4.93,16100,5.12,30600,1643100,1757832,16:08:49.795
000931.SZ,000931,20260421,20260421,10:12:39.000,101239000,79,5.02,5.09,5.1,5.02,5.1,5.61,4.59,4079780,2064.6443,4161,5.02,143200,5.03,52900,5.01,112000,5.04,78100,5.0,207600,5.05,19900,4.99,60500,5.06,29900,4.98,74400,5.07,64900,4.97,37700,5.08,22600,4.96,212700,5.09,35800,4.95,146300,5.1,66432,4.94,40900,5.11,41500,4.93,16100,5.12,30600,1630600,1758632,16:08:50.238
000931.SZ,000931,20260421,20260421,10:12:42.000,101242000,79,5.02,5.09,5.1,5.02,5.1,5.61,4.59,4087480,2068.5102,4176,5.02,136000,5.03,52500,5.01,112000,5.04,78100,5.0,207600,5.05,18600,4.99,60500,5.06,29900,4.98,74300,5.07,64900,4.97,37700,5.08,22600,4.96,212700,5.09,35800,4.95,146300,5.1,66432,4.94,40900,5.11,41500,4.93,16100,5.12,30600,1623300,1756932,16:08:50.503
000931.SZ,000931,20260421,20260421,10:12:45.000,101245000,79,5.02,5.09,5.1,5.02,5.1,5.61,4.59,4099180,2074.3839,4186,5.02,124600,5.03,55300,5.01,112000,5.04,78100,5.0,207600,5.05,18600,4.99,60500,5.06,29900,4.98,74300,5.07,64900,4.97,37700,5.08,22600,4.96,212700,5.09,35800,4.95,146300,5.1,66432,4.94,40900,5.11,41500,4.93,16100,5.12,30600,1611900,1759732,16:08:50.731
000931.SZ,000931,20260421,20260421,10:12:48.000,101248000,79,5.02,5.09,5.1,5.02,5.1,5.61,4.59,4102980,2076.2915,4192,5.02,120800,5.03,55300,5.01,112100,5.04,78100,5.0,207600,5.05,18600,4.99,60500,5.06,29900,4.98,74300,5.07,64900,4.97,37700,5.08,22600,4.96,212700,5.09,35800,4.95,146300,5.1,66432,4.94,40900,5.11,41500,4.93,16100,5.12,30600,1608200,1759732,16:08:50.907
000931.SZ,000931,20260421,20260421,10:12:51.000,101251000,79,5.02,5.09,5.1,5.02,5.1,5.61,4.59,4103080,2076.3417,4193,5.02,120700,5.03,52200,5.01,112100,5.04,78200,5.0,207600,5.05,18600,4.99,60500,5.06,29900,4.98,74400,5.07,64900,4.97,37700,5.08,22600,4.96,212700,5.09,35800,4.95,146300,5.1,66432,4.94,40900,5.11,41500,4.93,16100,5.12,30600,1609000,1756732,16:08:51.079
000931.SZ,000931,20260421,20260421,10:12:54.000,101254000,79,5.02,5.09,5.1,5.02,5.1,5.61,4.59,4103080,2076.3417,4193,5.02,120700,5.03,52300,5.01,112100,5.04,78200,5.0,207600,5.05,18600,4.99,60500,5.06,29900,4.98,74400,5.07,64900,4.97,37700,5.08,22600,4.96,212700,5.09,35800,4.95,146300,5.1,66432,4.94,40900,5.11,41500,4.93,16100,5.12,30600,1609000,1756832,16:08:51.379
000931.SZ,000931,20260421,20260421,10:12:57.000,101257000,79,5.02,5.09,5.1,5.02,5.1,5.61,4.59,4103180,2076.3919,4194,5.02,120700,5.03,54100,5.01,112100,5.04,78200,5.0,207600,5.05,18600,4.99,60500,5.06,29900,4.98,74400,5.07,64900,4.97,37700,5.08,22600,4.96,212700,5.09,35800,4.95,146300,5.1,66432,4.94,40900,5.11,41500,4.93,16100,5.12,30600,1609000,1758632,16:08:51.520
000931.SZ,000931,20260421,20260421,10:13:03.000,101303000,79,5.02,5.09,5.1,5.02,5.1,5.61,4.59,4104280,2076.9441,4196,5.02,119600,5.03,55800,5.01,112900,5.04,79900,5.0,207600,5.05,20200,4.99,60500,5.06,29900,4.98,74400,5.07,64900,4.97,37700,5.08,22600,4.96,212700,5.09,35800,4.95,146300,5.1,66432,4.94,40900,5.11,41500,4.93,16100,5.12,30600,1608700,1763632,16:08:52.084
000931.SZ,000931,20260421,20260421,10:13:06.000,101306000,79,5.03,5.09,5.1,5.02,5.1,5.61,4.59,4105480,2077.5472,4198,5.02,119100,5.03,55000,5.01,113100,5.04,79900,5.0,207600,5.05,20200,4.99,60500,5.06,29900,4.98,74400,5.07,64900,4.97,37700,5.08,22600,4.96,212700,5.09,35800,4.95,146300,5.1,66432,4.94,40900,5.11,41500,4.93,16100,5.12,30600,1608400,1762832,16:08:52.407
000931.SZ,000931,20260421,20260421,10:13:09.000,101309000,79,5.03,5.09,5.1,5.02,5.1,5.61,4.59,4105480,2077.5472,4198,5.02,119100,5.03,56400,5.01,113100,5.04,79900,5.0,207600,5.05,20200,4.99,60500,5.06,29900,4.98,74400,5.07,64900,4.97,37700,5.08,22600,4.96,212700,5.09,35800,4.95,146300,5.1,66432,4.94,40900,5.11,41500,4.93,16100,5.12,30600,1608400,1764232,16:08:52.564
000931.SZ,000931,20260421,20260421,10:13:12.000,101312000,79,5.02,5.09,5.1,5.02,5.1,5.61,4.59,4105580,2077.5974,4199,5.02,119000,5.03,56400,5.01,113900,5.04,79900,5.0,207600,5.05,20200,4.99,60500,5.06,29900,4.98,74400,5.07,64900,4.97,39700,5.08,22600,4.96,212700,5.09,35800,4.95,146300,5.1,66432,4.94,40900,5.11,41500,4.93,16100,5.12,30600,1611100,1764232,16:08:52.669
000931.SZ,000931,20260421,20260421,10:13:15.000,101315000,79,5.02,5.09,5.1,5.02,5.1,5.61,4.59,4105580,2077.5974,4199,5.02,119200,5.03,56400,5.01,113900,5.04,79900,5.0,207600,5.05,20200,4.99,60500,5.06,29900,4.98,74400,5.07,64900,4.97,39700,5.08,22600,4.96,212700,5.09,35800,4.95,146300,5.1,66432,4.94,40900,5.11,41500,4.93,16100,5.12,30600,1611300,1764232,16:08:52.987
000931.SZ,000931,20260421,20260421,10:13:18.000,101318000,79,5.02,5.09,5.1,5.02,5.1,5.61,4.59,4105680,2077.6476,4200,5.02,119100,5.03,56400,5.01,113900,5.04,79900,5.0,207600,5.05,20200,4.99,60500,5.06,29900,4.98,74400,5.07,64900,4.97,39700,5.08,22600,4.96,212700,5.09,35800,4.95,146300,5.1,66432,4.94,40900,5.11,41500,4.93,16100,5.12,30600,1611200,1764232,16:08:53.165
000931.SZ,000931,20260421,20260421,10:13:24.000,101324000,79,5.02,5.09,5.1,5.02,5.1,5.61,4.59,4105780,2077.6978,4201,5.02,119500,5.03,56400,5.01,113900,5.04,79900,5.0,207600,5.05,20200,4.99,60500,5.06,29900,4.98,74400,5.07,64900,4.97,39700,5.08,22600,4.96,212700,5.09,35800,4.95,146300,5.1,66432,4.94,40900,5.11,41500,4.93,16100,5.12,30600,1611600,1764232,16:08:53.578
000931.SZ,000931,20260421,20260421,10:13:27.000,101327000,79,5.02,5.09,5.1,5.02,5.1,5.61,4.59,4105780,2077.6978,4201,5.02,119900,5.03,56400,5.01,113900,5.04,79900,5.0,207600,5.05,20200,4.99,60500,5.06,29900,4.98,74400,5.07,64900,4.97,39700,5.08,22600,4.96,212700,5.09,35800,4.95,146300,5.1,66432,4.94,40900,5.11,41500,4.93,16100,5.12,30600,1612000,1764232,16:08:53.871
000931.SZ,000931,20260421,20260421,10:13:30.000,101330000,79,5.02,5.09,5.1,5.02,5.1,5.61,4.59,4105780,2077.6978,4201,5.02,120200,5.03,56400,5.01,114700,5.04,79900,5.0,208100,5.05,20200,4.99,60500,5.06,29900,4.98,74400,5.07,64900,4.97,39700,5.08,22600,4.96,212700,5.09,35800,4.95,146300,5.1,66432,4.94,40900,5.11,41500,4.93,16100,5.12,30600,1613600,1764232,16:08:54.108
000931.SZ,000931,20260421,20260421,10:13:36.000,101336000,79,5.02,5.09,5.1,5.02,5.1,5.61,4.59,4105780,2077.6978,4201,5.02,120200,5.03,56400,5.01,114700,5.04,79900,5.0,208100,5.05,20200,4.99,60500,5.06,29900,4.98,74400,5.07,64900,4.97,39700,5.08,22600,4.96,212700,5.09,35800,4.95,146300,5.1,66432,4.94,40900,5.11,41500,4.93,16100,5.12,30600,1613900,1764232,16:08:54.595
000931.SZ,000931,20260421,20260421,10:13:39.000,101339000,79,5.02,5.09,5.1,5.02,5.1,5.61,4.59,4105880,2077.748,4202,5.02,166400,5.03,56400,5.01,114700,5.04,79900,5.0,208100,5.05,20200,4.99,60500,5.06,29900,4.98,74400,5.07,64900,4.97,39700,5.08,22600,4.96,212700,5.09,35800,4.95,146300,5.1,66432,4.94,40900,5.11,41500,4.93,16100,5.12,30600,1660100,1764232,16:08:54.766
000931.SZ,000931,20260421,20260421,10:13:42.000,101342000,79,5.03,5.09,5.1,5.02,5.1,5.61,4.59,4106480,2078.0498,4203,5.02,169400,5.03,55800,5.01,114700,5.04,79900,5.0,208100,5.05,20200,4.99,60500,5.06,29300,4.98,74400,5.07,64900,4.97,39700,5.08,22600,4.96,212700,5.09,35800,4.95,146300,5.1,66432,4.94,40900,5.11,41500,4.93,16100,5.12,30600,1663100,1763032,16:08:54.909
000931.SZ,000931,20260421,20260421,10:13:45.000,101345000,79,5.03,5.09,5.1,5.02,5.1,5.61,4.59,4106480,2078.0498,4203,5.02,169400,5.03,76500,5.01,114700,5.04,79900,5.0,208100,5.05,20200,4.99,60500,5.06,29300,4.98,74400,5.07,64900,4.97,39700,5.08,22600,4.96,212700,5.09,35800,4.95,146300,5.1,66432,4.94,40900,5.11,41500,4.93,16100,5.12,30600,1663100,1783732,16:08:55.169
000931.SZ,000931,20260421,20260421,10:13:48.000,101348000,79,5.03,5.09,5.1,5.02,5.1,5.61,4.59,4106480,2078.0498,4203,5.02,169100,5.03,76500,5.01,114700,5.04,79900,5.0,208100,5.05,20200,4.99,60500,5.06,29300,4.98,74400,5.07,64900,4.97,39700,5.08,22600,4.96,212700,5.09,35800,4.95,146300,5.1,66432,4.94,40900,5.11,41500,4.93,16100,5.12,30600,1662800,1783732,16:08:55.340
000931.SZ,000931,20260421,20260421,10:13:54.000,101354000,79,5.03,5.09,5.1,5.02,5.1,5.61,4.59,4106480,2078.0498,4203,5.02,170100,5.03,76500,5.01,114200,5.04,80000,5.0,208100,5.05,20200,4.99,60500,5.06,29300,4.98,74400,5.07,64900,4.97,39700,5.08,22600,4.96,212700,5.09,35800,4.95,146300,5.1,66432,4.94,40900,5.11,41500,4.93,16100,5.12,30600,1663300,1783832,16:08:55.806
000931.SZ,000931,20260421,20260421,10:13:57.000,101357000,79,5.03,5.09,5.1,5.02,5.1,5.61,4.59,4106480,2078.0498,4203,5.02,182900,5.03,76500,5.01,114200,5.04,80000,5.0,208100,5.05,20200,4.99,60500,5.06,29300,4.98,74400,5.07,64900,4.97,39700,5.08,22600,4.96,212700,5.09,35800,4.95,146300,5.1,66432,4.94,40900,5.11,41500,4.93,16100,5.12,30600,1676100,1783832,16:08:55.932
000931.SZ,000931,20260421,20260421,10:14:00.000,101400000,79,5.03,5.09,5.1,5.02,5.1,5.61,4.59,4111480,2080.5648,4210,5.02,183000,5.03,74600,5.01,114200,5.04,80000,5.0,208100,5.05,20200,4.99,60500,5.06,29300,4.98,74400,5.07,64900,4.97,39700,5.08,22600,4.96,212700,5.09,35800,4.95,146300,5.1,66432,4.94,40900,5.11,41500,4.93,16100,5.12,30600,1676200,1781932,16:08:56.105
000931.SZ,000931,20260421,20260421,10:14:03.000,101403000,79,5.03,5.09,5.1,5.02,5.1,5.61,4.59,4111480,2080.5648,4210,5.02,183000,5.03,75500,5.01,114200,5.04,80000,5.0,208100,5.05,20200,4.99,60500,5.06,29300,4.98,74400,5.07,64900,4.97,39700,5.08,22600,4.96,212700,5.09,35800,4.95,146300,5.1,66432,4.94,40900,5.11,41500,4.93,16100,5.12,30600,1676200,1782832,16:08:56.495
000931.SZ,000931,20260421,20260421,10:14:06.000,101406000,79,5.03,5.09,5.1,5.02,5.1,5.61,4.59,4111480,2080.5648,4210,5.02,183000,5.03,75600,5.01,114200,5.04,80000,5.0,208100,5.05,20200,4.99,60500,5.06,29300,4.98,74400,5.07,64900,4.97,39700,5.08,22600,4.96,212700,5.09,35800,4.95,146300,5.1,66432,4.94,40900,5.11,41500,4.93,16100,5.12,30600,1676200,1782932,16:08:56.711
000931.SZ,000931,20260421,20260421,10:14:09.000,101409000,79,5.03,5.09,5.1,5.02,5.1,5.61,4.59,4111480,2080.5648,4210,5.02,183000,5.03,75600,5.01,114200,5.04,80000,5.0,208100,5.05,20200,4.99,60500,5.06,29300,4.98,74400,5.07,64900,4.97,39700,5.08,22600,4.96,212700,5.09,35800,4.95,146300,5.1,66432,4.94,40900,5.11,41500,4.93,16100,5.12,30600,1676600,1782932,16:08:56.979
000931.SZ,000931,20260421,20260421,10:14:15.000,101415000,79,5.03,5.09,5.1,5.02,5.1,5.61,4.59,4111480,2080.5648,4210,5.02,183000,5.03,76000,5.01,114700,5.04,80000,5.0,208100,5.05,20200,4.99,60500,5.06,29300,4.98,74400,5.07,64900,4.97,39700,5.08,22600,4.96,212700,5.09,35800,4.95,146300,5.1,66432,4.94,40900,5.11,41500,4.93,16100,5.12,30600,1677100,1783332,16:08:57.369
000931.SZ,000931,20260421,20260421,10:14:18.000,101418000,79,5.03,5.09,5.1,5.02,5.1,5.61,4.59,4111480,2080.5648,4210,5.02,183100,5.03,76000,5.01,115700,5.04,80000,5.0,208100,5.05,20200,4.99,60500,5.06,29300,4.98,74400,5.07,64900,4.97,39700,5.08,22600,4.96,212700,5.09,35800,4.95,146300,5.1,66432,4.94,40900,5.11,41500,4.93,16100,5.12,30600,1678200,1783332,16:08:57.557
000931.SZ,000931,20260421,20260421,10:14:21.000,101421000,79,5.03,5.09,5.1,5.02,5.1,5.61,4.59,4111680,2080.6654,4211,5.02,185100,5.03,75800,5.01,115700,5.04,80000,5.0,208100,5.05,20200,4.99,60500,5.06,29300,4.98,74400,5.07,64900,4.97,39700,5.08,22600,4.96,212700,5.09,35800,4.95,146300,5.1,66432,4.94,40900,5.11,41500,4.93,16100,5.12,30600,1680200,1783132,16:08:57.865
000931.SZ,000931,20260421,20260421,10:14:24.000,101424000,79,5.03,5.09,5.1,5.02,5.1,5.61,4.59,4111680,2080.6654,4211,5.02,185000,5.03,75800,5.01,116500,5.04,80000,5.0,208100,5.05,20200,4.99,60500,5.06,29300,4.98,74400,5.07,64900,4.97,39700,5.08,22600,4.96,212700,5.09,35800,4.95,146300,5.1,66432,4.94,40900,5.11,41500,4.93,16100,5.12,30600,1680900,1783132,16:08:58.008
000931.SZ,000931,20260421,20260421,10:14:27.000,101427000,79,5.02,5.09,5.1,5.02,5.1,5.61,4.59,4111980,2080.8162,4213,5.02,185300,5.03,75600,5.01,116500,5.04,80000,5.0,208100,5.05,20200,4.99,60500,5.06,29300,4.98,74400,5.07,64900,4.97,39700,5.08,22600,4.96,212700,5.09,35800,4.95,146300,5.1,66432,4.94,40900,5.11,41500,4.93,16100,5.12,30600,1681200,1782932,16:08:58.166
000931.SZ,000931,20260421,20260421,10:14:30.000,101430000,79,5.03,5.09,5.1,5.02,5.1,5.61,4.59,4112580,2081.118,4214,5.02,184500,5.03,75000,5.01,116500,5.04,80000,5.0,208100,5.05,20200,4.99,60500,5.06,29300,4.98,74400,5.07,64900,4.97,39700,5.08,22600,4.96,212700,5.09,35800,4.95,146300,5.1,66432,4.94,40900,5.11,41500,4.93,16100,5.12,30600,1680400,1782332,16:08:58.526
000931.SZ,000931,20260421,20260421,10:14:33.000,101433000,79,5.03,5.09,5.1,5.02,5.1,5.61,4.59,4115480,2082.5767,4229,5.02,182600,5.03,72100,5.01,116500,5.04,80000,5.0,218100,5.05,20200,4.99,60500,5.06,29300,4.98,74400,5.07,64900,4.97,39700,5.08,22600,4.96,212700,5.09,35800,4.95,146300,5.1,66432,4.94,40900,5.11,41500,4.93,16100,5.12,30600,1688500,1779432,16:08:58.681
000931.SZ,000931,20260421,20260421,10:14:36.000,101436000,79,5.03,5.09,5.1,5.02,5.1,5.61,4.59,4116280,2082.9791,4234,5.02,183800,5.03,71600,5.01,116500,5.04,80000,5.0,218100,5.05,20200,4.99,60500,5.06,29300,4.98,74400,5.07,64900,4.97,39700,5.08,22600,4.96,212700,5.09,35800,4.95,146300,5.1,66432,4.94,40900,5.11,41500,4.93,16100,5.12,30600,1689700,1778932,16:08:58.865
000931.SZ,000931,20260421,20260421,10:14:39.000,101439000,79,5.03,5.09,5.1,5.02,5.1,5.61,4.59,4116680,2083.1802,4238,5.02,183700,5.03,71200,5.01,116300,5.04,79900,5.0,218100,5.05,20200,4.99,60500,5.06,29300,4.98,74400,5.07,64900,4.97,39700,5.08,22600,4.96,212700,5.09,35800,4.95,146300,5.1,66432,4.94,40900,5.11,41500,4.93,16100,5.12,30600,1689400,1778432,16:08:59.180
000931.SZ,000931,20260421,20260421,10:14:42.000,101442000,79,5.02,5.09,5.1,5.02,5.1,5.61,4.59,4116780,2083.2304,4239,5.02,183600,5.03,71200,5.01,116300,5.04,79900,5.0,218100,5.05,20200,4.99,77300,5.06,29300,4.98,74400,5.07,64900,4.97,39700,5.08,22600,4.96,212700,5.09,35800,4.95,146300,5.1,66432,4.94,40900,5.11,41500,4.93,16100,5.12,30600,1706100,1778432,16:08:59.289
000931.SZ,000931,20260421,20260421,10:14:48.000,101448000,79,5.02,5.09,5.1,5.02,5.1,5.61,4.59,4116780,2083.2304,4239,5.02,183600,5.03,71200,5.01,116300,5.04,79900,5.0,218100,5.05,20200,4.99,77300,5.06,29300,4.98,74400,5.07,64900,4.97,39700,5.08,22600,4.96,212700,5.09,35800,4.95,146300,5.1,66432,4.94,40900,5.11,41500,4.93,16100,5.12,30600,1706100,1778632,16:08:59.768
000931.SZ,000931,20260421,20260421,10:14:51.000,101451000,79,5.02,5.09,5.1,5.02,5.1,5.61,4.59,4116780,2083.2304,4239,5.02,184000,5.03,71200,5.01,116300,5.04,80000,5.0,218100,5.05,20200,4.99,77300,5.06,29300,4.98,74400,5.07,64900,4.97,39700,5.08,22600,4.96,212700,5.09,35800,4.95,146300,5.1,66432,4.94,40900,5.11,41500,4.93,16100,5.12,30600,1706500,1778732,16:08:59.911
000931.SZ,000931,20260421,20260421,10:14:54.000,101454000,79,5.03,5.09,5.1,5.02,5.1,5.61,4.59,4116880,2083.2807,4240,5.02,184200,5.03,71100,5.01,116300,5.04,80000,5.0,218100,5.05,20200,4.99,77300,5.06,29300,4.98,74400,5.07,64900,4.97,39700,5.08,22600,4.96,212700,5.09,35800,4.95,146300,5.1,66432,4.94,40900,5.11,41500,4.93,16100,5.12,30600,1706700,1778632,16:09:00.257
000931.SZ,000931,20260421,20260421,10:14:57.000,101457000,79,5.03,5.09,5.1,5.02,5.1,5.61,4.59,4116880,2083.2807,4240,5.02,184300,5.03,71100,5.01,116300,5.04,80000,5.0,218100,5.05,20200,4.99,77300,5.06,29300,4.98,74400,5.07,64900,4.97,39700,5.08,22600,4.96,212700,5.09,35800,4.95,146300,5.1,66432,4.94,40900,5.11,41500,4.93,16100,5.12,30600,1706800,1778632,16:09:00.428
000931.SZ,000931,20260421,20260421,10:15:00.000,101500000,79,5.02,5.09,5.1,5.02,5.1,5.61,4.59,4117180,2083.4313,4241,5.02,183400,5.03,71300,5.01,116300,5.04,80000,5.0,218100,5.05,19900,4.99,77300,5.06,29300,4.98,74400,5.07,64900,4.97,39700,5.08,22600,4.96,212700,5.09,35800,4.95,146300,5.1,66432,4.94,40900,5.11,41500,4.93,16100,5.12,30600,1705900,1778532,16:09:00.569
000931.SZ,000931,20260421,20260421,10:15:06.000,101506000,79,5.02,5.09,5.1,5.02,5.1,5.61,4.59,4119180,2084.4353,4242,5.02,181400,5.03,71300,5.01,116300,5.04,80000,5.0,218100,5.05,19900,4.99,77300,5.06,29300,4.98,74400,5.07,64900,4.97,39700,5.08,22600,4.96,212700,5.09,35800,4.95,146300,5.1,66432,4.94,40900,5.11,41500,4.93,16100,5.12,30600,1703900,1778532,16:09:01.193
000931.SZ,000931,20260421,20260421,10:15:09.000,101509000,79,5.02,5.09,5.1,5.02,5.1,5.61,4.59,4119180,2084.4353,4242,5.02,182200,5.03,72400,5.01,116300,5.04,80000,5.0,218100,5.05,19900,4.99,77300,5.06,29300,4.98,74700,5.07,64900,4.97,39700,5.08,22600,4.96,212700,5.09,35800,4.95,146300,5.1,66432,4.94,40900,5.11,41500,4.93,16100,5.12,30600,1705000,1779632,16:09:01.428
000931.SZ,000931,20260421,20260421,10:15:12.000,101512000,79,5.02,5.09,5.1,5.02,5.1,5.61,4.59,4119180,2084.4353,4242,5.02,182200,5.03,72800,5.01,116300,5.04,80000,5.0,218200,5.05,19900,4.99,77300,5.06,29300,4.98,74700,5.07,64900,4.97,39700,5.08,22600,4.96,212700,5.09,35800,4.95,146300,5.1,66432,4.94,40900,5.11,41500,4.93,16100,5.12,30600,1705100,1780032,16:09:01.711
000931.SZ,000931,20260421,20260421,10:15:18.000,101518000,79,5.02,5.09,5.1,5.02,5.1,5.61,4.59,4119180,2084.4353,4242,5.02,183200,5.03,72800,5.01,116300,5.04,80000,5.0,218200,5.05,19900,4.99,77300,5.06,29300,4.98,74700,5.07,64900,4.97,39700,5.08,22600,4.96,212700,5.09,35800,4.95,146300,5.1,66432,4.94,40900,5.11,41500,4.93,16100,5.12,30600,1706100,1780032,16:09:02.168
000931.SZ,000931,20260421,20260421,10:15:21.000,101521000,79,5.03,5.09,5.1,5.02,5.1,5.61,4.59,4120280,2084.9885,4246,5.02,182600,5.03,73500,5.01,116300,5.04,80000,5.0,218200,5.05,19900,4.99,77300,5.06,29300,4.98,74700,5.07,64900,4.97,39700,5.08,22600,4.96,212700,5.09,35800,4.95,146300,5.1,66432,4.94,40900,5.11,41500,4.93,16100,5.12,30600,1705500,1780732,16:09:02.292
000931.SZ,000931,20260421,20260421,10:15:24.000,101524000,79,5.03,5.09,5.1,5.02,5.1,5.61,4.59,4120880,2085.2903,4249,5.02,182100,5.03,72900,5.01,116300,5.04,80000,5.0,218200,5.05,19900,4.99,77300,5.06,29300,4.98,74700,5.07,64900,4.97,39700,5.08,22600,4.96,212700,5.09,35800,4.95,146300,5.1,66432,4.94,40900,5.11,41500,4.93,16100,5.12,30600,1705000,1780132,16:09:02.589
000931.SZ,000931,20260421,20260421,10:15:27.000,101527000,79,5.03,5.09,5.1,5.02,5.1,5.61,4.59,4120880,2085.2903,4249,5.02,182100,5.03,73900,5.01,116300,5.04,79800,5.0,218200,5.05,19700,4.99,77300,5.06,29300,4.98,74700,5.07,64900,4.97,39700,5.08,22600,4.96,212700,5.09,35800,4.95,146300,5.1,66432,4.94,40900,5.11,41500,4.93,16100,5.12,30600,1705000,1780732,16:09:02.715
000931.SZ,000931,20260421,20260421,10:15:30.000,101530000,79,5.03,5.09,5.1,5.02,5.1,5.61,4.59,4121380,2085.5418,4250,5.02,182500,5.03,74500,5.01,116300,5.04,79800,5.0,218200,5.05,19700,4.99,77300,5.06,29300,4.98,74700,5.07,64900,4.97,39700,5.08,22600,4.96,212700,5.09,35800,4.95,146300,5.1,66432,4.94,40900,5.11,41500,4.93,16100,5.12,30600,1705400,1781332,16:09:02.993
000931.SZ,000931,20260421,20260421,10:15:33.000,101533000,79,5.03,5.09,5.1,5.02,5.1,5.61,4.59,4121380,2085.5418,4250,5.02,182500,5.03,74500,5.01,116300,5.04,79800,5.0,218200,5.05,19700,4.99,77300,5.06,29300,4.98,74700,5.07,64900,4.97,39700,5.08,22600,4.96,212700,5.09,35800,4.95,146300,5.1,66432,4.94,40900,5.11,41500,4.93,16100,5.12,30600,1705400,1783332,16:09:03.133
000931.SZ,000931,20260421,20260421,10:15:39.000,101539000,79,5.03,5.09,5.1,5.02,5.1,5.61,4.59,4121380,2085.5418,4250,5.02,182500,5.03,75900,5.01,115800,5.04,79800,5.0,218200,5.05,19700,4.99,77300,5.06,29300,4.98,74700,5.07,64900,4.97,39700,5.08,22600,4.96,212700,5.09,35800,4.95,146300,5.1,66432,4.94,40900,5.11,41500,4.93,16100,5.12,30600,1704900,1784732,16:09:03.666
000931.SZ,000931,20260421,20260421,10:15:42.000,101542000,79,5.02,5.09,5.1,5.02,5.1,5.61,4.59,4146780,2098.2926,4261,5.02,157800,5.03,77800,5.01,115800,5.04,79800,5.0,218200,5.05,19700,4.99,77300,5.06,29300,4.98,74700,5.07,64900,4.97,39700,5.08,22600,4.96,213900,5.09,35800,4.95,146300,5.1,66432,4.94,40900,5.11,41500,4.93,16100,5.12,30600,1681400,1786632,16:09:03.802
000931.SZ,000931,20260421,20260421,10:15:45.000,101545000,79,5.02,5.09,5.1,5.02,5.1,5.61,4.59,4148180,2098.9954,4262,5.02,157400,5.03,86000,5.01,116600,5.04,80000,5.0,218200,5.05,19700,4.99,77300,5.06,29300,4.98,74700,5.07,64900,4.97,39700,5.08,22600,4.96,213900,5.09,35800,4.95,146300,5.1,67332,4.94,40900,5.11,41500,4.93,16100,5.12,30600,1681800,1795932,16:09:04.041
000931.SZ,000931,20260421,20260421,10:15:48.000,101548000,79,5.02,5.09,5.1,5.02,5.1,5.61,4.59,4153480,2101.6579,4272,5.02,154000,5.03,84100,5.01,116600,5.04,80000,5.0,218200,5.05,19700,4.99,77300,5.06,29300,4.98,74700,5.07,64900,4.97,39700,5.08,22600,4.96,213900,5.09,35800,4.95,146300,5.1,67332,4.94,40900,5.11,41500,4.93,16100,5.12,30600,1678400,1794032,16:09:04.183
000931.SZ,000931,20260421,20260421,10:15:51.000,101551000,79,5.02,5.09,5.1,5.02,5.1,5.61,4.59,4154280,2102.0595,4273,5.02,153200,5.03,85800,5.01,117400,5.04,80000,5.0,217200,5.05,19700,4.99,77300,5.06,29300,4.98,74700,5.07,64900,4.97,39700,5.08,22600,4.96,213900,5.09,35800,4.95,146300,5.1,67332,4.94,40900,5.11,41500,4.93,16100,5.12,30600,1677400,1795532,16:09:04.588
000931.SZ,000931,20260421,20260421,10:15:54.000,101554000,79,5.02,5.09,5.1,5.02,5.1,5.61,4.59,4154980,2102.4109,4274,5.02,153000,5.03,85800,5.01,117400,5.04,80000,5.0,218200,5.05,19700,4.99,77300,5.06,29300,4.98,74700,5.07,64900,4.97,39700,5.08,22600,4.96,213900,5.09,35800,4.95,146300,5.1,67332,4.94,40900,5.11,41500,4.93,16100,5.12,30600,1678200,1795532,16:09:04.786
000931.SZ,000931,20260421,20260421,10:15:57.000,101557000,79,5.02,5.09,5.1,5.02,5.1,5.61,4.59,4155580,2102.7121,4275,5.02,152600,5.03,85800,5.01,117400,5.04,80000,5.0,218200,5.05,19700,4.99,77300,5.06,29300,4.98,74700,5.07,64900,4.97,39700,5.08,22600,4.96,214100,5.09,35800,4.95,146300,5.1,67332,4.94,40900,5.11,41500,4.93,16100,5.12,30600,1678000,1795532,16:09:04.912
000931.SZ,000931,20260421,20260421,10:16:00.000,101600000,79,5.02,5.09,5.1,5.02,5.1,5.61,4.59,4156180,2103.0133,4276,5.02,152000,5.03,85800,5.01,117400,5.04,80000,5.0,218200,5.05,19700,4.99,77300,5.06,29300,4.98,74700,5.07,64900,4.97,39700,5.08,22600,4.96,214100,5.09,35800,4.95,146300,5.1,67332,4.94,40900,5.11,41500,4.93,16100,5.12,30600,1677400,1795532,16:09:05.212
000931.SZ,000931,20260421,20260421,10:16:03.000,101603000,79,5.02,5.09,5.1,5.02,5.1,5.61,4.59,4156180,2103.0133,4276,5.02,153600,5.03,85800,5.01,117400,5.04,80000,5.0,218200,5.05,19700,4.99,60500,5.06,29300,4.98,74700,5.07,64900,4.97,39700,5.08,22600,4.96,214100,5.09,35800,4.95,146300,5.1,67332,4.94,40900,5.11,41500,4.93,16100,5.12,30600,1662200,1795532,16:09:05.587
000931.SZ,000931,20260421,20260421,10:16:06.000,101606000,79,5.02,5.09,5.1,5.02,5.1,5.61,4.59,4156780,2103.3145,4277,5.02,153000,5.03,85700,5.01,117400,5.04,80000,5.0,218200,5.05,19700,4.99,60500,5.06,29300,4.98,74700,5.07,64900,4.97,39700,5.08,22600,4.96,214100,5.09,35800,4.95,146300,5.1,67332,4.94,40900,5.11,41500,4.93,16100,5.12,30600,1661600,1795432,16:09:05.766
000931.SZ,000931,20260421,20260421,10:16:09.000,101609000,79,5.02,5.09,5.1,5.02,5.1,5.61,4.59,4157180,2103.5153,4278,5.02,152600,5.03,85700,5.01,117400,5.04,80000,5.0,218200,5.05,19700,4.99,60500,5.06,29300,4.98,74700,5.07,64900,4.97,39700,5.08,22600,4.96,214100,5.09,35800,4.95,146300,5.1,67332,4.94,40900,5.11,41500,4.93,16100,5.12,30600,1661200,1795432,16:09:06.100
000931.SZ,000931,20260421,20260421,10:16:12.000,101612000,79,5.02,5.09,5.1,5.02,5.1,5.61,4.59,4157780,2103.8165,4279,5.02,153000,5.03,85700,5.01,117400,5.04,80000,5.0,218200,5.05,19700,4.99,60500,5.06,29300,4.98,74700,5.07,64900,4.97,39700,5.08,22600,4.96,214100,5.09,35800,4.95,146300,5.1,67332,4.94,40900,5.11,41500,4.93,16100,5.12,30600,1661600,1795432,16:09:06.259
000931.SZ,000931,20260421,20260421,10:16:18.000,101618000,79,5.02,5.09,5.1,5.02,5.1,5.61,4.59,4157980,2103.9169,4280,5.02,153600,5.03,85700,5.01,117400,5.04,80000,5.0,218200,5.05,19700,4.99,60500,5.06,29300,4.98,74700,5.07,64900,4.97,39700,5.08,22600,4.96,214100,5.09,35800,4.95,146300,5.1,67332,4.94,40900,5.11,41500,4.93,16100,5.12,30600,1662200,1795432,16:09:06.728
000931.SZ,000931,20260421,20260421,10:16:24.000,101624000,79,5.03,5.09,5.1,5.02,5.1,5.61,4.59,4158080,2103.9672,4281,5.02,153600,5.03,85600,5.01,117400,5.04,80000,5.0,218200,5.05,19700,4.99,60500,5.06,29300,4.98,74700,5.07,64900,4.97,39700,5.08,22600,4.96,214100,5.09,35800,4.95,146300,5.1,67332,4.94,40900,5.11,41500,4.93,16100,5.12,30600,1662200,1795332,16:09:07.131
000931.SZ,000931,20260421,20260421,10:16:27.000,101627000,79,5.02,5.09,5.1,5.02,5.1,5.61,4.59,4158780,2104.3186,4283,5.02,152100,5.03,86100,5.01,117400,5.04,80000,5.0,218200,5.05,19700,4.99,60500,5.06,29300,4.98,74700,5.07,64900,4.97,39700,5.08,22600,4.96,214100,5.09,35800,4.95,146300,5.1,67332,4.94,40900,5.11,41500,4.93,16100,5.12,30600,1660700,1795832,16:09:07.397
000931.SZ,000931,20260421,20260421,10:16:30.000,101630000,79,5.02,5.09,5.1,5.02,5.1,5.61,4.59,4159480,2104.67,4284,5.02,151400,5.03,86100,5.01,117400,5.04,80000,5.0,218200,5.05,19700,4.99,60500,5.06,29300,4.98,74700,5.07,64900,4.97,39700,5.08,22600,4.96,214100,5.09,35800,4.95,146300,5.1,67332,4.94,40900,5.11,41500,4.93,16100,5.12,30600,1660000,1795832,16:09:07.553
000931.SZ,000931,20260421,20260421,10:16:33.000,101633000,79,5.02,5.09,5.1,5.02,5.1,5.61,4.59,4176280,2113.1036,4317,5.02,134600,5.03,75200,5.01,117400,5.04,79900,5.0,218600,5.05,19700,4.99,60500,5.06,29300,4.98,74700,5.07,64900,4.97,39700,5.08,22600,4.96,214100,5.09,35800,4.95,146300,5.1,67332,4.94,40900,5.11,41500,4.93,16100,5.12,30600,1643600,1784832,16:09:07.893
000931.SZ,000931,20260421,20260421,10:16:36.000,101636000,79,5.02,5.09,5.1,5.02,5.1,5.61,4.59,4310880,2180.6728,4440,5.01,117400,5.02,1100,5.0,218600,5.03,71500,4.99,60500,5.04,24100,4.98,74700,5.05,19700,4.97,39700,5.06,29300,4.96,214100,5.07,64900,4.95,146300,5.08,22600,4.94,40900,5.09,35800,4.93,16100,5.1,67332,4.92,67800,5.11,41500,1509000,1726432,16:09:08.067
000931.SZ,000931,20260421,20260421,10:16:39.000,101639000,79,5.02,5.09,5.1,5.02,5.1,5.61,4.59,4312680,2181.5764,4449,5.01,130000,5.02,9200,5.0,218600,5.03,75500,4.99,60500,5.04,24100,4.98,74700,5.05,18800,4.97,39700,5.06,29300,4.96,214100,5.07,64900,4.95,146300,5.08,22600,4.94,40900,5.09,35800,4.93,16100,5.1,67332,4.92,67800,5.11,41500,1521600,1737632,16:09:08.365
000931.SZ,000931,20260421,20260421,10:16:42.000,101642000,79,5.02,5.09,5.1,5.02,5.1,5.61,4.59,4321480,2185.994,4481,5.01,131200,5.02,6700,5.0,219300,5.03,56000,4.99,60500,5.04,24000,4.98,74700,5.05,18500,4.97,40200,5.06,29300,4.96,214100,5.07,64900,4.95,146300,5.08,22200,4.94,40900,5.09,35800,4.93,16100,5.1,67332,4.92,67800,5.11,41500,1524000,1714832,16:09:08.491
000931.SZ,000931,20260421,20260421,10:16:45.000,101645000,79,5.02,5.09,5.1,5.02,5.1,5.61,4.59,4321480,2185.994,4481,5.01,131400,5.02,6700,5.0,219300,5.03,58500,4.99,60500,5.04,24000,4.98,74700,5.05,18500,4.97,40200,5.06,29300,4.96,214100,5.07,64900,4.95,146300,5.08,22200,4.94,40900,5.09,35800,4.93,16100,5.1,67332,4.92,67800,5.11,41500,1524200,1717332,16:09:08.810
000931.SZ,000931,20260421,20260421,10:16:48.000,101648000,79,5.02,5.09,5.1,5.02,5.1,5.61,4.59,4323780,2187.1486,4485,5.01,131400,5.02,7200,5.0,219300,5.03,58500,4.99,60500,5.04,23800,4.98,74700,5.05,18500,4.97,40200,5.06,29300,4.96,214100,5.07,64900,4.95,146300,5.08,22200,4.94,40900,5.09,35800,4.93,16100,5.1,67332,4.92,67800,5.11,41500,1524200,1717632,16:09:08.955
000931.SZ,000931,20260421,20260421,10:16:51.000,101651000,79,5.01,5.09,5.1,5.01,5.1,5.61,4.59,4353780,2202.1786,4488,5.01,101800,5.02,12300,5.0,219300,5.03,61700,4.99,60500,5.04,23700,4.98,74700,5.05,16900,4.97,40200,5.06,29300,4.96,214100,5.07,64900,4.95,146300,5.08,22200,4.94,40900,5.09,35800,4.93,16100,5.1,67332,4.92,67800,5.11,41500,1494600,1724232,16:09:09.271
000931.SZ,000931,20260421,20260421,10:16:54.000,101654000,79,5.01,5.09,5.1,5.01,5.1,5.61,4.59,4364780,2207.6896,4492,5.01,100700,5.02,25200,5.0,219300,5.03,60100,4.99,60500,5.04,23700,4.98,74700,5.05,16900,4.97,40200,5.06,29300,4.96,214100,5.07,64900,4.95,146300,5.08,22200,4.94,40900,5.09,35800,4.93,16100,5.1,67332,4.92,67800,5.11,41500,1493500,1735532,16:09:09.521
000931.SZ,000931,20260421,20260421,10:16:57.000,101657000,79,5.01,5.09,5.1,5.01,5.1,5.61,4.59,4364780,2207.6896,4492,5.01,100900,5.02,27300,5.0,219300,5.03,60100,4.99,60500,5.04,23700,4.98,74700,5.05,16900,4.97,40200,5.06,29300,4.96,214100,5.07,64900,4.95,146300,5.08,22200,4.94,40900,5.09,35800,4.93,16100,5.1,67332,4.92,67800,5.11,41500,1493700,1737632,16:09:09.723
000931.SZ,000931,20260421,20260421,10:17:00.000,101700000,79,5.01,5.09,5.1,5.01,5.1,5.61,4.59,4364780,2207.6896,4492,5.01,102700,5.02,28100,5.0,219300,5.03,60100,4.99,60500,5.04,23700,4.98,74700,5.05,16900,4.97,40200,5.06,29300,4.96,214100,5.07,64900,4.95,146300,5.08,22200,4.94,40900,5.09,35800,4.93,16100,5.1,67332,4.92,67800,5.11,41500,1495500,1738432,16:09:09.907
000931.SZ,000931,20260421,20260421,10:17:03.000,101703000,79,5.02,5.09,5.1,5.01,5.1,5.61,4.59,4365280,2207.9406,4493,5.01,107100,5.02,27800,5.0,219300,5.03,60900,4.99,60500,5.04,23700,4.98,74700,5.05,16900,4.97,40200,5.06,29300,4.96,214100,5.07,64900,4.95,146300,5.08,22200,4.94,40900,5.09,35800,4.93,16100,5.1,67332,4.92,67800,5.11,41500,1499900,1738932,16:09:10.294
000931.SZ,000931,20260421,20260421,10:17:06.000,101706000,79,5.02,5.09,5.1,5.01,5.1,5.61,4.59,4367980,2209.296,4496,5.01,107700,5.02,25100,5.0,219300,5.03,64800,4.99,60500,5.04,23500,4.98,74700,5.05,16900,4.97,40200,5.06,29300,4.96,214100,5.07,64900,4.95,146300,5.08,22200,4.94,40900,5.09,35800,4.93,16100,5.1,67332,4.92,67800,5.11,41500,1500500,1739932,16:09:10.481
000931.SZ,000931,20260421,20260421,10:17:09.000,101709000,79,5.02,5.09,5.1,5.01,5.1,5.61,4.59,4367980,2209.296,4496,5.01,107100,5.02,26500,5.0,219300,5.03,63400,4.99,60500,5.04,23500,4.98,74700,5.05,16900,4.97,40200,5.06,29300,4.96,214100,5.07,64900,4.95,146300,5.08,22200,4.94,40900,5.09,35800,4.93,16100,5.1,67332,4.92,67800,5.11,41500,1499900,1739932,16:09:10.826
000931.SZ,000931,20260421,20260421,10:17:12.000,101712000,79,5.02,5.09,5.1,5.01,5.1,5.61,4.59,4368580,2209.5972,4497,5.01,107200,5.02,29100,5.0,219300,5.03,63400,4.99,60500,5.04,23500,4.98,74700,5.05,16900,4.97,40200,5.06,29300,4.96,214100,5.07,64900,4.95,146300,5.08,22200,4.94,40900,5.09,35800,4.93,16100,5.1,67332,4.92,67800,5.11,41500,1500000,1742532,16:09:11.040
000931.SZ,000931,20260421,20260421,10:17:15.000,101715000,79,5.02,5.09,5.1,5.01,5.1,5.61,4.59,4368580,2209.5972,4497,5.01,108000,5.02,29100,5.0,219300,5.03,63400,4.99,60500,5.04,23500,4.98,74700,5.05,16900,4.97,40200,5.06,29300,4.96,214100,5.07,64900,4.95,151300,5.08,22200,4.94,40900,5.09,35800,4.93,16100,5.1,67332,4.92,67800,5.11,41500,1505800,1742532,16:09:11.168
000931.SZ,000931,20260421,20260421,10:17:18.000,101718000,79,5.02,5.09,5.1,5.01,5.1,5.61,4.59,4368580,2209.5972,4497,5.01,109000,5.02,31700,5.0,219300,5.03,63400,4.99,60500,5.04,23400,4.98,74700,5.05,16900,4.97,41200,5.06,29300,4.96,214100,5.07,64900,4.95,151300,5.08,22200,4.94,40900,5.09,35800,4.93,16100,5.1,67332,4.92,67800,5.11,41500,1507800,1745032,16:09:11.465
000931.SZ,000931,20260421,20260421,10:17:24.000,101724000,79,5.02,5.09,5.1,5.01,5.1,5.61,4.59,4368580,2209.5972,4497,5.01,110000,5.02,32700,5.0,219300,5.03,63300,4.99,60500,5.04,23400,4.98,74700,5.05,16900,4.97,41200,5.06,29300,4.96,214100,5.07,64900,4.95,151300,5.08,22200,4.94,40900,5.09,35800,4.93,16100,5.1,67332,4.92,67800,5.11,41500,1508800,1745932,16:09:11.960
000931.SZ,000931,20260421,20260421,10:17:27.000,101727000,79,5.02,5.09,5.1,5.01,5.1,5.61,4.59,4368580,2209.5972,4497,5.01,111100,5.02,42900,5.0,221300,5.03,63300,4.99,60500,5.04,23400,4.98,74700,5.05,16900,4.97,41200,5.06,29300,4.96,214100,5.07,64900,4.95,151300,5.08,22200,4.94,40900,5.09,35800,4.93,16100,5.1,67332,4.92,67800,5.11,41500,1511900,1756132,16:09:12.135
000931.SZ,000931,20260421,20260421,10:17:30.000,101730000,79,5.02,5.09,5.1,5.01,5.1,5.61,4.59,4368580,2209.5972,4497,5.01,111100,5.02,43300,5.0,221300,5.03,63300,4.99,60500,5.04,23400,4.98,74700,5.05,16900,4.97,41200,5.06,29300,4.96,214100,5.07,64900,4.95,151300,5.08,22200,4.94,40900,5.09,36300,4.93,16100,5.1,67332,4.92,67800,5.11,41500,1511900,1757032,16:09:12.340
000931.SZ,000931,20260421,20260421,10:17:33.000,101733000,79,5.02,5.09,5.1,5.01,5.1,5.61,4.59,4374580,2212.6092,4503,5.01,111200,5.02,37300,5.0,221300,5.03,62800,4.99,60500,5.04,23400,4.98,74700,5.05,16900,4.97,41200,5.06,29300,4.96,214100,5.07,64900,4.95,151300,5.08,22200,4.94,40900,5.09,36300,4.93,16100,5.1,67332,4.92,67800,5.11,41500,1512000,1750532,16:09:12.528
000931.SZ,000931,20260421,20260421,10:17:36.000,101736000,79,5.02,5.09,5.1,5.01,5.1,5.61,4.59,4374580,2212.6092,4503,5.01,111200,5.02,38400,5.0,221300,5.03,62200,4.99,60500,5.04,22900,4.98,74700,5.05,16900,4.97,41200,5.06,29300,4.96,214100,5.07,64900,4.95,151300,5.08,22200,4.94,40900,5.09,36300,4.93,16100,5.1,67332,4.92,67800,5.11,41500,1512000,1750532,16:09:12.762
000931.SZ,000931,20260421,20260421,10:17:39.000,101739000,79,5.02,5.09,5.1,5.01,5.1,5.61,4.59,4374580,2212.6092,4503,5.01,111200,5.02,38800,5.0,221300,5.03,62200,4.99,60500,5.04,22900,4.98,74700,5.05,16900,4.97,41200,5.06,29300,4.96,214100,5.07,64900,4.95,151300,5.08,22200,4.94,40900,5.09,36300,4.93,16100,5.1,67332,4.92,67800,5.11,41500,1512000,1750932,16:09:12.945
000931.SZ,000931,20260421,20260421,10:17:42.000,101742000,79,5.02,5.09,5.1,5.01,5.1,5.61,4.59,4374580,2212.6092,4503,5.01,111200,5.02,39100,5.0,223300,5.03,62000,4.99,60500,5.04,22800,4.98,74700,5.05,16900,4.97,41200,5.06,29300,4.96,214100,5.07,64900,4.95,151300,5.08,22200,4.94,40900,5.09,36300,4.93,16100,5.1,67332,4.92,67800,5.11,41500,1514000,1750932,16:09:13.229
000931.SZ,000931,20260421,20260421,10:17:45.000,101745000,79,5.02,5.09,5.1,5.01,5.1,5.61,4.59,4395880,2223.2817,4524,5.01,91600,5.02,37900,5.0,223300,5.03,62000,4.99,60500,5.04,22800,4.98,74700,5.05,16900,4.97,44200,5.06,29300,4.96,214100,5.07,64900,4.95,151300,5.08,22200,4.94,40900,5.09,36300,4.93,16100,5.1,72332,4.92,67800,5.11,41500,1497400,1754732,16:09:13.511
000931.SZ,000931,20260421,20260421,10:17:51.000,101751000,79,5.02,5.09,5.1,5.01,5.1,5.61,4.59,4395980,2223.3319,4525,5.01,91600,5.02,35300,5.0,223300,5.03,62000,4.99,60500,5.04,22800,4.98,75700,5.05,16900,4.97,44200,5.06,29300,4.96,214100,5.07,64900,4.95,151300,5.08,22200,4.94,40900,5.09,36300,4.93,16100,5.1,72332,4.92,67800,5.11,41500,1498400,1752132,16:09:13.929
000931.SZ,000931,20260421,20260421,10:17:54.000,101754000,79,5.02,5.09,5.1,5.01,5.1,5.61,4.59,4396280,2223.4825,4528,5.01,91600,5.02,35000,5.0,223300,5.03,62000,4.99,60500,5.04,22800,4.98,75700,5.05,16900,4.97,44200,5.06,29300,4.96,214100,5.07,64900,4.95,151300,5.08,22200,4.94,40900,5.09,36300,4.93,16100,5.1,72332,4.92,67800,5.11,41500,1498400,1751832,16:09:14.164
000931.SZ,000931,20260421,20260421,10:17:57.000,101757000,79,5.02,5.09,5.1,5.01,5.1,5.61,4.59,4396280,2223.4825,4528,5.01,91800,5.02,35000,5.0,223800,5.03,62000,4.99,60500,5.04,22800,4.98,75700,5.05,16900,4.97,44200,5.06,29300,4.96,214100,5.07,64900,4.95,151300,5.08,22200,4.94,40900,5.09,36300,4.93,16100,5.1,72332,4.92,67800,5.11,41500,1499100,1751832,16:09:14.307
000931.SZ,000931,20260421,20260421,10:18:00.000,101800000,79,5.02,5.09,5.1,5.01,5.1,5.61,4.59,4396280,2223.4825,4528,5.01,91800,5.02,35000,5.0,222800,5.03,62000,4.99,60500,5.04,22800,4.98,75700,5.05,16900,4.97,44200,5.06,29300,4.96,214100,5.07,64900,4.95,151300,5.08,22200,4.94,40900,5.09,36300,4.93,16100,5.1,72332,4.92,67800,5.11,41500,1498100,1751832,16:09:14.729
000931.SZ,000931,20260421,20260421,10:18:03.000,101803000,79,5.02,5.09,5.1,5.01,5.1,5.61,4.59,4407480,2229.1049,4549,5.01,92000,5.02,23800,5.0,222800,5.03,62000,4.99,60500,5.04,22800,4.98,79100,5.05,16900,4.97,44200,5.06,29300,4.96,214100,5.07,64900,4.95,151300,5.08,22200,4.94,40900,5.09,36300,4.93,16100,5.1,72332,4.92,67800,5.11,41500,1501700,1740632,16:09:14.891
000931.SZ,000931,20260421,20260421,10:18:06.000,101806000,79,5.01,5.09,5.1,5.01,5.1,5.61,4.59,4407580,2229.155,4550,5.01,91900,5.02,24100,5.0,222800,5.03,62000,4.99,60500,5.04,22800,4.98,79100,5.05,16900,4.97,44400,5.06,29300,4.96,214100,5.07,64900,4.95,151300,5.08,22200,4.94,40900,5.09,36300,4.93,16100,5.1,72332,4.92,67800,5.11,41500,1501800,1740932,16:09:15.226
000931.SZ,000931,20260421,20260421,10:18:09.000,101809000,79,5.01,5.09,5.1,5.01,5.1,5.61,4.59,4407580,2229.155,4550,5.01,91400,5.02,24100,5.0,222800,5.03,62000,4.99,60500,5.04,22800,4.98,79100,5.05,16900,4.97,44400,5.06,29300,4.96,214100,5.07,64900,4.95,151300,5.08,22200,4.94,40900,5.09,36300,4.93,16100,5.1,72332,4.92,67800,5.11,41500,1501300,1740932,16:09:15.414
000931.SZ,000931,20260421,20260421,10:18:12.000,101812000,79,5.01,5.09,5.1,5.01,5.1,5.61,4.59,4407780,2229.2552,4551,5.01,91200,5.02,24100,5.0,223800,5.03,62000,4.99,60500,5.04,22800,4.98,79100,5.05,16900,4.97,44400,5.06,29300,4.96,214100,5.07,64900,4.95,151300,5.08,22200,4.94,40900,5.09,36300,4.93,16100,5.1,72332,4.92,67800,5.11,41500,1502100,1740932,16:09:15.617
000931.SZ,000931,20260421,20260421,10:18:15.000,101815000,79,5.01,5.09,5.1,5.01,5.1,5.61,4.59,4407780,2229.2552,4551,5.01,92500,5.02,24300,5.0,223800,5.03,62000,4.99,60500,5.04,22800,4.98,79100,5.05,16900,4.97,41400,5.06,29300,4.96,214100,5.07,64900,4.95,151300,5.08,22200,4.94,40900,5.09,36300,4.93,16100,5.1,72332,4.92,67800,5.11,41500,1500400,1741132,16:09:15.899
000931.SZ,000931,20260421,20260421,10:18:18.000,101818000,79,5.02,5.09,5.1,5.01,5.1,5.61,4.59,4409780,2230.2592,4555,5.01,92600,5.02,22300,5.0,223800,5.03,62000,4.99,60500,5.04,22800,4.98,79100,5.05,16900,4.97,41400,5.06,29300,4.96,214100,5.07,64900,4.95,151300,5.08,22200,4.94,40900,5.09,36300,4.93,16100,5.1,72332,4.92,67800,5.11,41500,1500500,1739132,16:09:16.193
000931.SZ,000931,20260421,20260421,10:18:21.000,101821000,79,5.02,5.09,5.1,5.01,5.1,5.61,4.59,4409880,2230.3094,4556,5.01,93600,5.02,26400,5.0,223800,5.03,62000,4.99,60500,5.04,22800,4.98,79100,5.05,16900,4.97,41400,5.06,29300,4.96,214100,5.07,64900,4.95,151300,5.08,22200,4.94,40900,5.09,36300,4.93,16100,5.1,72332,4.92,67800,5.11,41500,1501500,1743232,16:09:16.350
000931.SZ,000931,20260421,20260421,10:18:24.000,101824000,79,5.02,5.09,5.1,5.01,5.1,5.61,4.59,4409880,2230.3094,4556,5.01,93600,5.02,29600,5.0,223800,5.03,62000,4.99,61500,5.04,22800,4.98,79100,5.05,16900,4.97,41400,5.06,29300,4.96,214100,5.07,64900,4.95,151300,5.08,22200,4.94,40900,5.09,36300,4.93,16100,5.1,72332,4.92,67800,5.11,41500,1502500,1746432,16:09:16.476
000931.SZ,000931,20260421,20260421,10:18:27.000,101827000,79,5.01,5.09,5.1,5.01,5.1,5.61,4.59,4409980,2230.3595,4557,5.01,95000,5.02,30400,5.0,223800,5.03,62000,4.99,61500,5.04,22800,4.98,80100,5.05,16900,4.97,41400,5.06,29300,4.96,214100,5.07,64900,4.95,151300,5.08,22200,4.94,40900,5.09,36300,4.93,16100,5.1,72332,4.92,67800,5.11,41500,1504900,1747232,16:09:16.741
000931.SZ,000931,20260421,20260421,10:18:30.000,101830000,79,5.02,5.09,5.1,5.01,5.1,5.61,4.59,4410580,2230.6607,4560,5.01,94500,5.02,30200,5.0,223800,5.03,62000,4.99,61500,5.04,22800,4.98,80100,5.05,16900,4.97,41400,5.06,29300,4.96,214100,5.07,64900,4.95,151300,5.08,22200,4.94,40900,5.09,36300,4.93,16100,5.1,72332,4.92,67800,5.11,41500,1504400,1747032,16:09:16.899
000931.SZ,000931,20260421,20260421,10:18:33.000,101833000,79,5.01,5.09,5.1,5.01,5.1,5.61,4.59,4410680,2230.7108,4561,5.01,95400,5.02,31200,5.0,223800,5.03,62000,4.99,61500,5.04,22800,4.98,80100,5.05,16900,4.97,41400,5.06,29300,4.96,214100,5.07,64900,4.95,151300,5.08,22200,4.94,40900,5.09,36300,4.93,16100,5.1,72332,4.92,67800,5.11,41500,1505300,1748032,16:09:17.080
000931.SZ,000931,20260421,20260421,10:18:36.000,101836000,79,5.01,5.09,5.1,5.01,5.1,5.61,4.59,4412680,2231.7129,4564,5.01,93900,5.02,31100,5.0,223800,5.03,62000,4.99,61500,5.04,22800,4.98,80100,5.05,16900,4.97,41400,5.06,29300,4.96,214100,5.07,64900,4.95,151300,5.08,22200,4.94,40900,5.09,36300,4.93,16100,5.1,71432,4.92,67800,5.11,41500,1503800,1747032,16:09:17.286
000931.SZ,000931,20260421,20260421,10:18:39.000,101839000,79,5.01,5.09,5.1,5.01,5.1,5.61,4.59,4412680,2231.7129,4564,5.01,93900,5.02,31100,5.0,223800,5.03,62000,4.99,61500,5.04,22800,4.98,81600,5.05,16900,4.97,41400,5.06,29300,4.96,214100,5.07,64900,4.95,151300,5.08,22200,4.94,40900,5.09,36300,4.93,16100,5.1,71432,4.92,67800,5.11,41500,1505300,1747032,16:09:17.490
000931.SZ,000931,20260421,20260421,10:18:42.000,101842000,79,5.01,5.09,5.1,5.01,5.1,5.61,4.59,4412680,2231.7129,4564,5.01,93900,5.02,32200,5.0,223800,5.03,62000,4.99,61500,5.04,22800,4.98,81600,5.05,16900,4.97,41400,5.06,29300,4.96,214100,5.07,64900,4.95,151300,5.08,22200,4.94,40900,5.09,36300,4.93,16100,5.1,71432,4.92,67800,5.11,41500,1505300,1748132,16:09:17.663
000931.SZ,000931,20260421,20260421,10:18:45.000,101845000,79,5.01,5.09,5.1,5.01,5.1,5.61,4.59,4412680,2231.7129,4564,5.01,92700,5.02,32900,5.0,223800,5.03,62000,4.99,61500,5.04,22800,4.98,81600,5.05,16900,4.97,42400,5.06,29300,4.96,214100,5.07,64900,4.95,151300,5.08,22200,4.94,40900,5.09,36300,4.93,16100,5.1,71432,4.92,67800,5.11,41500,1505100,1748832,16:09:17.850
000931.SZ,000931,20260421,20260421,10:18:48.000,101848000,79,5.01,5.09,5.1,5.01,5.1,5.61,4.59,4413080,2231.9133,4566,5.01,92300,5.02,33000,5.0,223800,5.03,62100,4.99,61500,5.04,22700,4.98,81600,5.05,16900,4.97,42400,5.06,29300,4.96,214100,5.07,64900,4.95,151300,5.08,22200,4.94,40900,5.09,36300,4.93,16100,5.1,71432,4.92,67800,5.11,41500,1504700,1748932,16:09:18.019
000931.SZ,000931,20260421,20260421,10:18:51.000,101851000,79,5.01,5.09,5.1,5.01,5.1,5.61,4.59,4413080,2231.9133,4566,5.01,91500,5.02,41000,5.0,223800,5.03,62100,4.99,61500,5.04,22700,4.98,81600,5.05,16900,4.97,42400,5.06,29300,4.96,214100,5.07,64900,4.95,151300,5.08,22200,4.94,40900,5.09,36300,4.93,16100,5.1,71432,4.92,67800,5.11,41500,1503900,1756932,16:09:18.115
000931.SZ,000931,20260421,20260421,10:18:54.000,101854000,79,5.01,5.09,5.1,5.01,5.1,5.61,4.59,4413180,2231.9634,4567,5.01,91400,5.02,41000,5.0,223800,5.03,62100,4.99,61500,5.04,22700,4.98,81600,5.05,16900,4.97,42400,5.06,29300,4.96,214100,5.07,64900,4.95,151300,5.08,22200,4.94,40900,5.09,36300,4.93,16100,5.1,71432,4.92,67800,5.11,41500,1503800,1756932,16:09:18.169
000931.SZ,000931,20260421,20260421,10:18:57.000,101857000,79,5.01,5.09,5.1,5.01,5.1,5.61,4.59,4413180,2231.9634,4567,5.01,91500,5.02,41000,5.0,228800,5.03,62100,4.99,61500,5.04,22700,4.98,84600,5.05,16900,4.97,42400,5.06,29300,4.96,214100,5.07,64900,4.95,151300,5.08,22200,4.94,40900,5.09,36300,4.93,16100,5.1,71432,4.92,67800,5.11,41500,1511900,1756932,16:09:18.236
000931.SZ,000931,20260421,20260421,10:19:03.000,101903000,79,5.01,5.09,5.1,5.01,5.1,5.61,4.59,4413680,2232.2139,4568,5.01,91800,5.02,45700,5.0,228800,5.03,62100,4.99,61500,5.04,22700,4.98,84600,5.05,16900,4.97,42400,5.06,29300,4.96,214100,5.07,64900,4.95,151300,5.08,22200,4.94,40900,5.09,36300,4.93,16100,5.1,71432,4.92,67800,5.11,41500,1512200,1761632,16:09:18.536
000931.SZ,000931,20260421,20260421,10:19:06.000,101906000,79,5.01,5.09,5.1,5.01,5.1,5.61,4.59,4413680,2232.2139,4568,5.01,92300,5.02,46200,5.0,228800,5.03,62100,4.99,61500,5.04,22700,4.98,84600,5.05,16900,4.97,42400,5.06,29300,4.96,214100,5.07,64900,4.95,151300,5.08,22200,4.94,40900,5.09,36300,4.93,16100,5.1,71432,4.92,67800,5.11,41500,1512700,1762132,16:09:18.536
000931.SZ,000931,20260421,20260421,10:19:09.000,101909000,79,5.01,5.09,5.1,5.01,5.1,5.61,4.59,4413780,2232.264,4569,5.01,92200,5.02,46200,5.0,228800,5.03,62100,4.99,61500,5.04,22700,4.98,84600,5.05,16900,4.97,42400,5.06,29300,4.96,214100,5.07,64900,4.95,151300,5.08,22200,4.94,40900,5.09,36300,4.93,16100,5.1,71432,4.92,67800,5.11,41500,1512600,1762132,16:09:18.663
000931.SZ,000931,20260421,20260421,10:19:15.000,101915000,79,5.01,5.09,5.1,5.01,5.1,5.61,4.59,4413880,2232.3141,4570,5.01,92100,5.02,46200,5.0,228800,5.03,61100,4.99,61500,5.04,22700,4.98,84600,5.05,16900,4.97,42400,5.06,29300,4.96,214100,5.07,64900,4.95,151300,5.08,22200,4.94,40900,5.09,36300,4.93,16100,5.1,71432,4.92,67800,5.11,41500,1512500,1761132,16:09:18.789
000931.SZ,000931,20260421,20260421,10:19:18.000,101918000,79,5.01,5.09,5.1,5.01,5.1,5.61,4.59,4415480,2233.1157,4573,5.01,90500,5.02,46200,5.0,229000,5.03,61200,4.99,61500,5.04,22700,4.98,84600,5.05,16900,4.97,42400,5.06,29300,4.96,214100,5.07,64900,4.95,151300,5.08,22200,4.94,40900,5.09,36300,4.93,16100,5.1,71432,4.92,67800,5.11,41500,1511100,1761232,16:09:18.996
000931.SZ,000931,20260421,20260421,10:19:21.000,101921000,79,5.01,5.09,5.1,5.01,5.1,5.61,4.59,4415480,2233.1157,4573,5.01,90600,5.02,46200,5.0,229000,5.03,61200,4.99,61500,5.04,22700,4.98,84600,5.05,16900,4.97,42400,5.06,29300,4.96,214100,5.07,64900,4.95,151300,5.08,22200,4.94,40900,5.09,36300,4.93,16100,5.1,71432,4.92,67800,5.11,41500,1511200,1761232,16:09:19.152
000931.SZ,000931,20260421,20260421,10:19:24.000,101924000,79,5.01,5.09,5.1,5.01,5.1,5.61,4.59,4415480,2233.1157,4573,5.01,91500,5.02,46200,5.0,229000,5.03,61200,4.99,61500,5.04,22700,4.98,84600,5.05,16900,4.97,42400,5.06,29300,4.96,214100,5.07,64900,4.95,151300,5.08,22200,4.94,40900,5.09,36300,4.93,16100,5.1,71432,4.92,67800,5.11,41500,1512100,1761232,16:09:19.326
000931.SZ,000931,20260421,20260421,10:19:27.000,101927000,79,5.01,5.09,5.1,5.01,5.1,5.61,4.59,4415580,2233.1658,4574,5.01,91600,5.02,46200,5.0,229000,5.03,61200,4.99,61500,5.04,22700,4.98,84600,5.05,16900,4.97,42400,5.06,29300,4.96,214100,5.07,64900,4.95,151300,5.08,22200,4.94,40900,5.09,36300,4.93,16100,5.1,71432,4.92,67800,5.11,41500,1512200,1761232,16:09:19.607
000931.SZ,000931,20260421,20260421,10:19:30.000,101930000,79,5.01,5.09,5.1,5.01,5.1,5.61,4.59,4415580,2233.1658,4574,5.01,97000,5.02,46200,5.0,229000,5.03,61200,4.99,61500,5.04,22700,4.98,84600,5.05,16900,4.97,42400,5.06,29300,4.96,214100,5.07,64900,4.95,151300,5.08,22200,4.94,40900,5.09,36300,4.93,16100,5.1,71432,4.92,67800,5.11,41500,1517600,1761232,16:09:19.764
000931.SZ,000931,20260421,20260421,10:19:33.000,101933000,79,5.01,5.09,5.1,5.01,5.1,5.61,4.59,4415780,2233.2661,4576,5.01,96800,5.02,46100,5.0,234500,5.03,61200,4.99,61500,5.04,22700,4.98,84600,5.05,16900,4.97,42400,5.06,29300,4.96,214100,5.07,64900,4.95,151300,5.08,22200,4.94,40900,5.09,36300,4.93,16100,5.1,71432,4.92,67800,5.11,41500,1522900,1761132,16:09:20.071
000931.SZ,000931,20260421,20260421,10:19:36.000,101936000,79,5.01,5.09,5.1,5.01,5.1,5.61,4.59,4415780,2233.2661,4576,5.01,96900,5.02,47100,5.0,234500,5.03,61200,4.99,61500,5.04,22700,4.98,84600,5.05,16900,4.97,42400,5.06,29300,4.96,214100,5.07,64900,4.95,151300,5.08,22200,4.94,40900,5.09,36300,4.93,16100,5.1,71432,4.92,67800,5.11,41500,1523000,1762132,16:09:20.325
000931.SZ,000931,20260421,20260421,10:19:39.000,101939000,79,5.02,5.09,5.1,5.01,5.1,5.61,4.59,4418480,2234.6215,4583,5.01,94200,5.02,44400,5.0,238600,5.03,61200,4.99,61500,5.04,22700,4.98,84600,5.05,16900,4.97,42400,5.06,29300,4.96,214100,5.07,64900,4.95,151300,5.08,22200,4.94,40900,5.09,36300,4.93,16100,5.1,71432,4.92,67800,5.11,41500,1524400,1759432,16:09:20.591
000931.SZ,000931,20260421,20260421,10:19:42.000,101942000,79,5.02,5.09,5.1,5.01,5.1,5.61,4.59,4418480,2234.6215,4583,5.01,94500,5.02,48600,5.0,238600,5.03,61200,4.99,61500,5.04,22700,4.98,84600,5.05,16900,4.97,42400,5.06,29300,4.96,214100,5.07,64900,4.95,151300,5.08,22200,4.94,40900,5.09,36300,4.93,16100,5.1,71432,4.92,67800,5.11,41500,1524700,1763632,16:09:20.763
000931.SZ,000931,20260421,20260421,10:19:45.000,101945000,79,5.01,5.09,5.1,5.01,5.1,5.61,4.59,4420180,2235.4732,4585,5.01,101800,5.02,49600,5.0,238600,5.03,59500,4.99,61500,5.04,22700,4.98,84600,5.05,16900,4.97,42400,5.06,29300,4.96,214100,5.07,64900,4.95,151300,5.08,22200,4.94,40900,5.09,36300,4.93,16100,5.1,71432,4.92,67800,5.11,41500,1532000,1762932,16:09:21.071
000931.SZ,000931,20260421,20260421,10:19:48.000,101948000,79,5.02,5.09,5.1,5.01,5.1,5.61,4.59,4425280,2238.0333,4593,5.01,101700,5.02,44800,5.0,238600,5.03,59500,4.99,61500,5.04,22700,4.98,84600,5.05,16900,4.97,42400,5.06,29300,4.96,214100,5.07,64900,4.95,151300,5.08,22200,4.94,40900,5.09,36300,4.93,16100,5.1,71432,4.92,67800,5.11,41500,1531900,1758132,16:09:21.182
000931.SZ,000931,20260421,20260421,10:19:51.000,101951000,79,5.02,5.09,5.1,5.01,5.1,5.61,4.59,4425280,2238.0333,4593,5.01,103700,5.02,44800,5.0,238600,5.03,59500,4.99,61500,5.04,22700,4.98,84600,5.05,16900,4.97,42400,5.06,29300,4.96,214100,5.07,64900,4.95,151300,5.08,22200,4.94,40900,5.09,36300,4.93,16100,5.1,71432,4.92,67800,5.11,41500,1533900,1758132,16:09:21.481
000931.SZ,000931,20260421,20260421,10:19:54.000,101954000,79,5.01,5.09,5.1,5.01,5.1,5.61,4.59,4428380,2239.5894,4598,5.01,104000,5.02,70800,5.0,238600,5.03,59500,4.99,61500,5.04,22700,4.98,84600,5.05,16900,4.97,42400,5.06,29300,4.96,214100,5.07,64900,4.95,151300,5.08,22200,4.94,40900,5.09,36300,4.93,16100,5.1,71432,4.92,67800,5.11,41500,1534200,1784132,16:09:21.623
000931.SZ,000931,20260421,20260421,10:19:57.000,101957000,79,5.01,5.09,5.1,5.01,5.1,5.61,4.59,4428380,2239.5894,4598,5.01,113200,5.02,72700,5.0,238600,5.03,59500,4.99,61500,5.04,22700,4.98,84600,5.05,16900,4.97,42400,5.06,29300,4.96,214100,5.07,64900,4.95,151300,5.08,22200,4.94,40900,5.09,36300,4.93,16100,5.1,71432,4.92,67800,5.11,41500,1543400,1786032,16:09:21.936
000931.SZ,000931,20260421,20260421,10:20:00.000,102000000,79,5.01,5.09,5.1,5.01,5.1,5.61,4.59,4428380,2239.5894,4598,5.01,113300,5.02,73700,5.0,238600,5.03,59500,4.99,61500,5.04,22700,4.98,84600,5.05,16900,4.97,42400,5.06,29300,4.96,214100,5.07,64900,4.95,151300,5.08,22200,4.94,40900,5.09,36300,4.93,16100,5.1,71432,4.92,67800,5.11,41500,1543500,1787032,16:09:22.118
000931.SZ,000931,20260421,20260421,10:20:03.000,102003000,79,5.01,5.09,5.1,5.01,5.1,5.61,4.59,4428380,2239.5894,4598,5.01,113300,5.02,82700,5.0,238600,5.03,43400,4.99,61500,5.04,22700,4.98,84600,5.05,16900,4.97,42400,5.06,29300,4.96,214100,5.07,64900,4.95,151300,5.08,22200,4.94,40900,5.09,36300,4.93,16100,5.1,71432,4.92,67800,5.11,41500,1543500,1779932,16:09:22.452
000931.SZ,000931,20260421,20260421,10:20:06.000,102006000,79,5.01,5.09,5.1,5.01,5.1,5.61,4.59,4428380,2239.5894,4598,5.01,118400,5.02,84800,5.0,238600,5.03,43400,4.99,61500,5.04,22700,4.98,84600,5.05,16900,4.97,42400,5.06,29300,4.96,214100,5.07,64900,4.95,151300,5.08,22200,4.94,40900,5.09,36300,4.93,16100,5.1,71432,4.92,67800,5.11,41500,1548600,1782032,16:09:22.607
000931.SZ,000931,20260421,20260421,10:20:09.000,102009000,79,5.01,5.09,5.1,5.01,5.1,5.61,4.59,4554780,2302.9158,4683,5.01,2800,5.02,85100,5.0,238600,5.03,43400,4.99,61500,5.04,22400,4.98,84600,5.05,16900,4.97,59300,5.06,29300,4.96,214100,5.07,64900,4.95,151300,5.08,22200,4.94,40900,5.09,36300,4.93,16100,5.1,71432,4.92,67800,5.11,41500,1449900,1782032,16:09:22.888
000931.SZ,000931,20260421,20260421,10:20:12.000,102012000,79,5.01,5.09,5.1,5.0,5.1,5.61,4.59,4574380,2312.7326,4746,5.01,1700,5.02,85900,5.0,235900,5.03,43400,4.99,64500,5.04,22400,4.98,84600,5.05,16900,4.97,59300,5.06,29300,4.96,214100,5.07,64900,4.95,151300,5.08,22200,4.94,40900,5.09,36300,4.93,16100,5.1,71432,4.92,67800,5.11,41500,1449100,1782832,16:09:23.186
000931.SZ,000931,20260421,20260421,10:20:15.000,102015000,79,5.01,5.09,5.1,5.0,5.1,5.61,4.59,4577580,2314.3358,4757,5.01,2100,5.02,85900,5.0,230900,5.03,43400,4.99,64500,5.04,22400,4.98,84600,5.05,16900,4.97,59300,5.06,29300,4.96,214100,5.07,64900,4.95,151300,5.08,22200,4.94,40900,5.09,36300,4.93,16100,5.1,71432,4.92,67800,5.11,41500,1444700,1782832,16:09:23.352
000931.SZ,000931,20260421,20260421,10:20:18.000,102018000,79,5.01,5.09,5.1,5.0,5.1,5.61,4.59,4577580,2314.3358,4757,5.01,5400,5.02,55100,5.0,230900,5.03,43400,4.99,64500,5.04,22400,4.98,84600,5.05,16900,4.97,59300,5.06,29300,4.96,214100,5.07,64900,4.95,151300,5.08,22200,4.94,40900,5.09,36300,4.93,16100,5.1,71432,4.92,67800,5.11,41500,1448000,1752032,16:09:23.667
000931.SZ,000931,20260421,20260421,10:20:21.000,102021000,79,5.0,5.09,5.1,5.0,5.1,5.61,4.59,4585880,2318.4918,4780,5.0,229700,5.01,34780,4.99,64500,5.02,55800,4.98,84600,5.03,43000,4.97,59300,5.04,22000,4.96,214100,5.05,16900,4.95,151300,5.06,29300,4.94,40900,5.07,64900,4.93,16100,5.08,22200,4.92,67800,5.09,36300,4.91,50300,5.1,71432,1441400,1786712,16:09:23.791
000931.SZ,000931,20260421,20260421,10:20:24.000,102024000,79,5.0,5.09,5.1,5.0,5.1,5.61,4.59,4587080,2319.0926,4784,5.0,240600,5.01,37980,4.99,64500,5.02,55800,4.98,84600,5.03,41800,4.97,59300,5.04,21000,4.96,214100,5.05,16900,4.95,151300,5.06,29300,4.94,40900,5.07,64900,4.93,16100,5.08,22200,4.92,67800,5.09,36300,4.91,50300,5.1,71432,1452300,1787712,16:09:24.126
000931.SZ,000931,20260421,20260421,10:20:27.000,102027000,79,5.01,5.09,5.1,5.0,5.1,5.61,4.59,4589180,2320.1447,4787,5.0,241100,5.01,37680,4.99,64500,5.02,55800,4.98,84600,5.03,41800,4.97,59300,5.04,20800,4.96,214100,5.05,16900,4.95,151300,5.06,29300,4.94,40900,5.07,64500,4.93,16100,5.08,22200,4.92,67800,5.09,36300,4.91,50300,5.1,71432,1452800,1786812,16:09:24.394
000931.SZ,000931,20260421,20260421,10:20:30.000,102030000,79,5.01,5.09,5.1,5.0,5.1,5.61,4.59,4594680,2322.9001,4795,5.0,242900,5.01,32880,4.99,64500,5.02,55800,4.98,84600,5.03,41800,4.97,59300,5.04,20800,4.96,214100,5.05,16900,4.95,151300,5.06,29300,4.94,40900,5.07,64500,4.93,14900,5.08,22200,4.92,67800,5.09,36300,4.91,50300,5.1,71432,1453400,1782012,16:09:24.674
000931.SZ,000931,20260421,20260421,10:20:33.000,102033000,79,5.01,5.09,5.1,5.0,5.1,5.61,4.59,4602080,2326.6014,4800,5.0,235800,5.01,31580,4.99,64500,5.02,56100,4.98,84600,5.03,41500,4.97,59300,5.04,19700,4.96,214300,5.05,16900,4.95,151300,5.06,29300,4.94,40900,5.07,64500,4.93,14900,5.08,22200,4.92,67800,5.09,36300,4.91,50300,5.1,71432,1446500,1779612,16:09:24.799
000931.SZ,000931,20260421,20260421,10:20:36.000,102036000,79,5.0,5.09,5.1,5.0,5.1,5.61,4.59,4604180,2327.6514,4805,5.0,233300,5.01,32680,4.99,64500,5.02,56100,4.98,84600,5.03,41500,4.97,60300,5.04,19700,4.96,214300,5.05,16900,4.95,151300,5.06,29300,4.94,40900,5.07,64500,4.93,14900,5.08,22200,4.92,67800,5.09,36300,4.91,50300,5.1,71432,1445000,1780712,16:09:25.107
000931.SZ,000931,20260421,20260421,10:20:39.000,102039000,79,5.01,5.09,5.1,5.0,5.1,5.61,4.59,4605180,2328.1524,4806,5.0,233300,5.01,33080,4.99,64500,5.02,56100,4.98,84600,5.03,41500,4.97,60300,5.04,19700,4.96,214300,5.05,16900,4.95,151300,5.06,29300,4.94,40900,5.07,64500,4.93,14900,5.08,22200,4.92,67800,5.09,36300,4.91,50300,5.1,71432,1445000,1781112,16:09:25.264
000931.SZ,000931,20260421,20260421,10:20:42.000,102042000,79,5.01,5.09,5.1,5.0,5.1,5.61,4.59,4605280,2328.2025,4807,5.0,233300,5.01,32980,4.99,64500,5.02,56100,4.98,84600,5.03,41500,4.97,60300,5.04,19700,4.96,214300,5.05,16900,4.95,151300,5.06,29300,4.94,40900,5.07,64500,4.93,14900,5.08,22200,4.92,67800,5.09,36300,4.91,50300,5.1,71432,1445000,1781012,16:09:25.533
000931.SZ,000931,20260421,20260421,10:20:45.000,102045000,79,5.01,5.09,5.1,5.0,5.1,5.61,4.59,4606280,2328.7035,4808,5.0,241900,5.01,31980,4.99,64500,5.02,56100,4.98,84600,5.03,41200,4.97,60300,5.04,19700,4.96,214300,5.05,16900,4.95,151300,5.06,29300,4.94,40900,5.07,64500,4.93,14900,5.08,22200,4.92,67800,5.09,36300,4.91,50300,5.1,71432,1453600,1779712,16:09:25.797
000931.SZ,000931,20260421,20260421,10:20:48.000,102048000,79,5.01,5.09,5.1,5.0,5.1,5.61,4.59,4607280,2329.2045,4809,5.0,251900,5.01,30880,4.99,64500,5.02,56100,4.98,84600,5.03,41200,4.97,60300,5.04,19700,4.96,214300,5.05,16900,4.95,151300,5.06,29300,4.94,40900,5.07,64500,4.93,14900,5.08,22200,4.92,67800,5.09,36300,4.91,50300,5.1,71432,1463600,1778612,16:09:25.987
000931.SZ,000931,20260421,20260421,10:20:51.000,102051000,79,5.01,5.09,5.1,5.0,5.1,5.61,4.59,4612280,2331.7095,4827,5.0,251900,5.01,25880,4.99,64500,5.02,56100,4.98,84600,5.03,40300,4.97,60300,5.04,19700,4.96,214300,5.05,16900,4.95,151300,5.06,29300,4.94,40900,5.07,64500,4.93,14900,5.08,22200,4.92,67800,5.09,36300,4.91,50300,5.1,91432,1463600,1792712,16:09:26.247
000931.SZ,000931,20260421,20260421,10:20:54.000,102054000,79,5.01,5.09,5.1,5.0,5.1,5.61,4.59,4612480,2331.8097,4829,5.0,253400,5.01,30180,4.99,64500,5.02,56100,4.98,84600,5.03,40300,4.97,60300,5.04,19700,4.96,214300,5.05,16900,4.95,151300,5.06,29300,4.94,40900,5.07,64500,4.93,14900,5.08,22200,4.92,67800,5.09,36300,4.91,50300,5.1,91432,1465900,1797012,16:09:26.403
000931.SZ,000931,20260421,20260421,10:21:00.000,102100000,79,5.01,5.09,5.1,5.0,5.1,5.61,4.59,4612480,2331.8097,4829,5.0,253500,5.01,30280,4.99,64500,5.02,56100,4.98,84600,5.03,40300,4.97,60300,5.04,19700,4.96,214300,5.05,16900,4.95,151300,5.06,29300,4.94,40900,5.07,64500,4.93,14900,5.08,22200,4.92,67800,5.09,36300,4.91,50300,5.1,91432,1466000,1797112,16:09:26.985
000931.SZ,000931,20260421,20260421,10:21:03.000,102103000,79,5.01,5.09,5.1,5.0,5.1,5.61,4.59,4642760,2346.98,4852,5.01,23720,5.02,55000,5.0,250200,5.03,39200,4.99,64500,5.04,19700,4.98,84600,5.05,16900,4.97,60300,5.06,29300,4.96,214300,5.07,64500,4.95,151300,5.08,22200,4.94,40900,5.09,36300,4.93,14900,5.1,91432,4.92,67800,5.11,41500,1486420,1764632,16:09:27.308
000931.SZ,000931,20260421,20260421,10:21:06.000,102106000,79,5.01,5.09,5.1,5.0,5.1,5.61,4.59,4643660,2347.4309,4854,5.01,22920,5.02,57000,5.0,248900,5.03,39900,4.99,64500,5.04,20400,4.98,84600,5.05,16900,4.97,60300,5.06,29300,4.96,214300,5.07,64500,4.95,151700,5.08,22200,4.94,40900,5.09,36300,4.93,14900,5.1,91432,4.92,67800,5.11,41500,1485220,1768032,16:09:27.572
000931.SZ,000931,20260421,20260421,10:21:09.000,102109000,79,5.01,5.09,5.1,5.0,5.1,5.61,4.59,4652760,2351.99,4856,5.01,19520,5.02,57000,5.0,248900,5.03,39900,4.99,64500,5.04,20400,4.98,84600,5.05,16900,4.97,60300,5.06,29300,4.96,214300,5.07,64500,4.95,151700,5.08,22200,4.94,40900,5.09,36300,4.93,14900,5.1,91432,4.92,67800,5.11,41500,1481820,1768032,16:09:27.790
000931.SZ,000931,20260421,20260421,10:21:12.000,102112000,79,5.01,5.09,5.1,5.0,5.1,5.61,4.59,4655960,2353.5932,4859,5.01,16320,5.02,57300,5.0,249000,5.03,40200,4.99,64500,5.04,20400,4.98,84600,5.05,16900,4.97,60300,5.06,29300,4.96,214300,5.07,64500,4.95,151700,5.08,22200,4.94,40900,5.09,36300,4.93,14900,5.1,91432,4.92,67800,5.11,41500,1478720,1768632,16:09:27.929
000931.SZ,000931,20260421,20260421,10:21:15.000,102115000,79,5.01,5.09,5.1,5.0,5.1,5.61,4.59,4656660,2353.9439,4861,5.01,15820,5.02,57300,5.0,249000,5.03,40200,4.99,64500,5.04,20400,4.98,84600,5.05,16900,4.97,60300,5.06,29300,4.96,214300,5.07,64500,4.95,151700,5.08,22200,4.94,40900,5.09,36300,4.93,14900,5.1,91432,4.92,67800,5.11,41500,1478220,1768632,16:09:28.254
000931.SZ,000931,20260421,20260421,10:21:18.000,102118000,79,5.01,5.09,5.1,5.0,5.1,5.61,4.59,4673480,2362.3707,4893,5.0,250200,5.01,6280,4.99,64500,5.02,57300,4.98,84600,5.03,40200,4.97,60300,5.04,20400,4.96,214300,5.05,16900,4.95,151700,5.06,29300,4.94,40900,5.07,64500,4.93,14900,5.08,22200,4.92,67800,5.09,36300,4.91,50300,5.1,91432,1463600,1774912,16:09:28.427
000931.SZ,000931,20260421,20260421,10:21:21.000,102121000,79,5.01,5.09,5.1,5.0,5.1,5.61,4.59,4673480,2362.3707,4893,5.0,241400,5.01,6680,4.99,64500,5.02,57300,4.98,84600,5.03,40200,4.97,60300,5.04,20400,4.96,214300,5.05,16900,4.95,151700,5.06,29300,4.94,40900,5.07,64500,4.93,14900,5.08,22200,4.92,67800,5.09,36300,4.91,50300,5.1,91432,1455300,1775312,16:09:28.553
000931.SZ,000931,20260421,20260421,10:21:24.000,102124000,79,5.01,5.09,5.1,5.0,5.1,5.61,4.59,4673480,2362.3707,4893,5.0,241400,5.01,8680,4.99,64500,5.02,57300,4.98,89600,5.03,40200,4.97,60300,5.04,20400,4.96,214300,5.05,16900,4.95,151700,5.06,29300,4.94,40900,5.07,64500,4.93,14900,5.08,22200,4.92,67800,5.09,36300,4.91,50300,5.1,91432,1460300,1777312,16:09:28.867
000931.SZ,000931,20260421,20260421,10:21:27.000,102127000,79,5.01,5.09,5.1,5.0,5.1,5.61,4.59,4673480,2362.3707,4893,5.0,241500,5.01,9780,4.99,64500,5.02,62800,4.98,89600,5.03,39800,4.97,60300,5.04,20400,4.96,214300,5.05,16900,4.95,151700,5.06,29300,4.94,40900,5.07,64500,4.93,14900,5.08,22200,4.92,67800,5.09,36300,4.91,50300,5.1,91432,1460400,1783512,16:09:29.008
000931.SZ,000931,20260421,20260421,10:21:30.000,102130000,79,5.01,5.09,5.1,5.0,5.1,5.61,4.59,4677780,2364.525,4894,5.0,243100,5.01,6680,4.99,64500,5.02,62800,4.98,89600,5.03,39800,4.97,60300,5.04,20400,4.96,214300,5.05,16900,4.95,151700,5.06,29300,4.94,40900,5.07,64500,4.93,14900,5.08,22200,4.92,67800,5.09,35800,4.91,50300,5.1,91432,1462000,1779912,16:09:29.205
000931.SZ,000931,20260421,20260421,10:21:33.000,102133000,79,5.01,5.09,5.1,5.0,5.1,5.61,4.59,4681380,2366.3286,4906,5.0,243100,5.01,3080,4.99,64500,5.02,62800,4.98,89600,5.03,39800,4.97,60300,5.04,19700,4.96,214300,5.05,16900,4.95,151700,5.06,29300,4.94,40900,5.07,64500,4.93,14900,5.08,22200,4.92,67800,5.09,35800,4.91,50300,5.1,91432,1462000,1775612,16:09:29.364
000931.SZ,000931,20260421,20260421,10:21:36.000,102136000,79,5.01,5.09,5.1,5.0,5.1,5.61,4.59,4681580,2366.4288,4907,5.0,243100,5.01,3000,4.99,64500,5.02,62800,4.98,89600,5.03,39800,4.97,55300,5.04,13600,4.96,214300,5.05,16900,4.95,151700,5.06,29300,4.94,40900,5.07,64500,4.93,14900,5.08,42200,4.92,67800,5.09,35800,4.91,50300,5.1,91432,1457000,1789432,16:09:29.631
000931.SZ,000931,20260421,20260421,10:21:39.000,102139000,79,5.01,5.09,5.1,5.0,5.1,5.61,4.59,4682680,2366.9799,4912,5.0,244100,5.01,2300,4.99,64500,5.02,62800,4.98,89600,5.03,39800,4.97,55300,5.04,13600,4.96,214300,5.05,16900,4.95,151700,5.06,29300,4.94,40900,5.07,64500,4.93,14900,5.08,42200,4.92,67800,5.09,35800,4.91,50300,5.1,91432,1458000,1788732,16:09:29.819
000931.SZ,000931,20260421,20260421,10:21:42.000,102142000,79,5.01,5.09,5.1,5.0,5.1,5.61,4.59,4682680,2366.9799,4912,5.0,244200,5.01,2800,4.99,64500,5.02,62700,4.98,89600,5.03,39800,4.97,55300,5.04,13600,4.96,214300,5.05,16900,4.95,151700,5.06,29300,4.94,40900,5.07,64500,4.93,14900,5.08,42200,4.92,67800,5.09,35800,4.91,50300,5.1,91432,1458100,1789132,16:09:29.959
000931.SZ,000931,20260421,20260421,10:21:45.000,102145000,79,5.01,5.09,5.1,5.0,5.1,5.61,4.59,4683680,2367.4809,4917,5.0,245300,5.01,1800,4.99,66500,5.02,62700,4.98,89600,5.03,39800,4.97,55300,5.04,13600,4.96,214300,5.05,16900,4.95,151700,5.06,29300,4.94,40900,5.07,64500,4.93,14900,5.08,42200,4.92,67800,5.09,35800,4.91,50300,5.1,91432,1461200,1788132,16:09:30.298
000931.SZ,000931,20260421,20260421,10:21:48.000,102148000,79,5.01,5.09,5.1,5.0,5.1,5.61,4.59,4683680,2367.4809,4917,5.0,245400,5.01,1400,4.99,66500,5.02,62700,4.98,89600,5.03,38000,4.97,55300,5.04,13600,4.96,214300,5.05,16900,4.95,151700,5.06,29300,4.94,40900,5.07,64500,4.93,14900,5.08,42200,4.92,67800,5.09,35800,4.91,50300,5.1,95432,1461300,1789932,16:09:30.408
000931.SZ,000931,20260421,20260421,10:21:54.000,102154000,79,5.0,5.09,5.1,5.0,5.1,5.61,4.59,4733680,2392.4809,4922,5.0,195400,5.01,5900,4.99,66500,5.02,62700,4.98,89600,5.03,38000,4.97,58300,5.04,13600,4.96,234300,5.05,16900,4.95,151700,5.06,29300,4.94,40900,5.07,64500,4.93,14900,5.08,42200,4.92,67800,5.09,35800,4.91,50300,5.1,95432,1434300,1794432,16:09:30.865
000931.SZ,000931,20260421,20260421,10:21:57.000,102157000,79,5.0,5.09,5.1,5.0,5.1,5.61,4.59,4733680,2392.4809,4922,5.0,195400,5.01,7300,4.99,66500,5.02,62700,4.98,89600,5.03,38000,4.97,58300,5.04,13600,4.96,234300,5.05,16900,4.95,151700,5.06,29300,4.94,40900,5.07,64500,4.93,14900,5.08,42200,4.92,67800,5.09,35800,4.91,50300,5.1,95432,1434300,1795832,16:09:31.122
000931.SZ,000931,20260421,20260421,10:22:00.000,102200000,79,5.0,5.09,5.1,5.0,5.1,5.61,4.59,4733680,2392.4809,4922,5.0,195500,5.01,7300,4.99,66500,5.02,61800,4.98,89600,5.03,38000,4.97,58300,5.04,13600,4.96,234300,5.05,16900,4.95,151700,5.06,29300,4.94,40900,5.07,64500,4.93,14900,5.08,42200,4.92,67800,5.09,35900,4.91,50300,5.1,95432,1434400,1795032,16:09:31.379
000931.SZ,000931,20260421,20260421,10:22:03.000,102203000,79,5.0,5.09,5.1,5.0,5.1,5.61,4.59,4733780,2392.5309,4923,5.0,195400,5.01,7700,4.99,68500,5.02,61800,4.98,89600,5.03,38000,4.97,58300,5.04,13600,4.96,234700,5.05,16900,4.95,152000,5.06,29300,4.94,40900,5.07,64500,4.93,14900,5.08,42200,4.92,67800,5.09,35900,4.91,50300,5.1,95432,1437000,1795432,16:09:31.770
000931.SZ,000931,20260421,20260421,10:22:06.000,102206000,79,5.0,5.09,5.1,5.0,5.1,5.61,4.59,4733780,2392.5309,4923,5.0,195400,5.01,7300,4.99,68500,5.02,61800,4.98,89600,5.03,38000,4.97,58300,5.04,13600,4.96,234700,5.05,16900,4.95,152000,5.06,29300,4.94,40900,5.07,64500,4.93,14900,5.08,42200,4.92,67800,5.09,35900,4.91,50300,5.1,95432,1437000,1795032,16:09:31.910
000931.SZ,000931,20260421,20260421,10:22:09.000,102209000,79,5.0,5.09,5.1,5.0,5.1,5.61,4.59,4733780,2392.5309,4923,5.0,195400,5.01,7300,4.99,68500,5.02,61800,4.98,89600,5.03,38000,4.97,58300,5.04,13600,4.96,234700,5.05,16900,4.95,152000,5.06,29300,4.94,40900,5.07,64500,4.93,14900,5.08,42200,4.92,67800,5.09,35900,4.91,50300,5.1,96332,1437000,1795932,16:09:32.114
000931.SZ,000931,20260421,20260421,10:22:12.000,102212000,79,5.0,5.09,5.1,5.0,5.1,5.61,4.59,4733780,2392.5309,4923,5.0,195400,5.01,6900,4.99,68500,5.02,61800,4.98,89600,5.03,38000,4.97,58300,5.04,13600,4.96,235700,5.05,16900,4.95,152000,5.06,29300,4.94,40900,5.07,44500,4.93,14900,5.08,42200,4.92,67800,5.09,35900,4.91,50300,5.1,96332,1438000,1775532,16:09:32.345
000931.SZ,000931,20260421,20260421,10:22:15.000,102215000,79,5.0,5.09,5.1,5.0,5.1,5.61,4.59,4733780,2392.5309,4923,5.0,188400,5.01,7100,4.99,68500,5.02,61900,4.98,89600,5.03,38000,4.97,58300,5.04,13600,4.96,235700,5.05,16900,4.95,152000,5.06,29300,4.94,40900,5.07,44500,4.93,14900,5.08,42200,4.92,67800,5.09,35900,4.91,50300,5.1,96332,1431000,1777332,16:09:32.645
000931.SZ,000931,20260421,20260421,10:22:18.000,102218000,79,5.0,5.09,5.1,5.0,5.1,5.61,4.59,4733780,2392.5309,4923,5.0,189700,5.01,8600,4.99,68500,5.02,61900,4.98,89600,5.03,38000,4.97,58300,5.04,7600,4.96,235700,5.05,16900,4.95,152000,5.06,29300,4.94,40900,5.07,44500,4.93,14900,5.08,42200,4.92,67800,5.09,35900,4.91,50300,5.1,96332,1432300,1772832,16:09:32.941
000931.SZ,000931,20260421,20260421,10:22:21.000,102221000,79,5.0,5.09,5.1,5.0,5.1,5.61,4.59,4733780,2392.5309,4923,5.0,189700,5.01,11600,4.99,68500,5.02,61900,4.98,89600,5.03,38000,4.97,58300,5.04,7600,4.96,235700,5.05,16900,4.95,152000,5.06,29300,4.94,40900,5.07,44500,4.93,14900,5.08,42200,4.92,67800,5.09,35900,4.91,50300,5.1,96332,1432300,1775832,16:09:32.941
000931.SZ,000931,20260421,20260421,10:22:24.000,102224000,79,5.01,5.09,5.1,5.0,5.1,5.61,4.59,4734880,2393.082,4926,5.0,189700,5.01,11400,4.99,68500,5.02,61900,4.98,89600,5.03,38000,4.97,58300,5.04,7600,4.96,235700,5.05,16900,4.95,152000,5.06,29300,4.94,40900,5.07,44500,4.93,14900,5.08,42200,4.92,67800,5.09,35900,4.91,50300,5.1,96332,1432300,1775632,16:09:33.299
000931.SZ,000931,20260421,20260421,10:22:27.000,102227000,79,5.01,5.09,5.1,5.0,5.1,5.61,4.59,4734880,2393.082,4926,5.0,189800,5.01,34500,4.99,68100,5.02,61900,4.98,88600,5.03,37700,4.97,58300,5.04,7600,4.96,235700,5.05,16900,4.95,152000,5.06,29300,4.94,40900,5.07,44500,4.93,14900,5.08,42200,4.92,67800,5.09,35900,4.91,50300,5.1,96332,1431000,1798432,16:09:33.422
000931.SZ,000931,20260421,20260421,10:22:30.000,102230000,79,5.0,5.09,5.1,5.0,5.1,5.61,4.59,4742880,2397.082,4929,5.0,181900,5.01,36100,4.99,68100,5.02,61900,4.98,88600,5.03,37700,4.97,56300,5.04,7600,4.96,235700,5.05,16900,4.95,152000,5.06,29300,4.94,40900,5.07,44500,4.93,14900,5.08,42200,4.92,67800,5.09,35900,4.91,50300,5.1,96332,1421100,1800032,16:09:33.479
000931.SZ,000931,20260421,20260421,10:22:33.000,102233000,79,5.0,5.09,5.1,5.0,5.1,5.61,4.59,4742880,2397.082,4929,5.0,182400,5.01,36200,4.99,68100,5.02,61100,4.98,88600,5.03,37000,4.97,56300,5.04,7600,4.96,235700,5.05,16900,4.95,152000,5.06,29300,4.94,40900,5.07,44500,4.93,14900,5.08,42200,4.92,67800,5.09,35900,4.91,50300,5.1,95432,1421600,1797732,16:09:33.786
000931.SZ,000931,20260421,20260421,10:22:36.000,102236000,79,5.0,5.09,5.1,5.0,5.1,5.61,4.59,4750580,2400.932,4936,5.0,174800,5.01,37000,4.99,68100,5.02,61600,4.98,87700,5.03,37500,4.97,56300,5.04,7600,4.96,235700,5.05,16900,4.95,152000,5.06,29300,4.94,40900,5.07,44500,4.93,14900,5.08,42200,4.92,67800,5.09,35900,4.91,50300,5.1,95432,1413100,1799532,16:09:33.957
000931.SZ,000931,20260421,20260421,10:22:39.000,102239000,79,5.01,5.09,5.1,5.0,5.1,5.61,4.59,4751480,2401.3829,4940,5.0,176000,5.01,36800,4.99,68100,5.02,61600,4.98,87700,5.03,37500,4.97,56300,5.04,7600,4.96,236700,5.05,16900,4.95,152000,5.06,29300,4.94,40900,5.07,44500,4.93,14900,5.08,42200,4.92,67800,5.09,35900,4.91,50300,5.1,95432,1415300,1799332,16:09:34.147
000931.SZ,000931,20260421,20260421,10:22:42.000,102242000,79,5.01,5.09,5.1,5.0,5.1,5.61,4.59,4751980,2401.6334,4941,5.0,177200,5.01,36400,4.99,68100,5.02,61600,4.98,87700,5.03,37400,4.97,56300,5.04,7600,4.96,236700,5.05,16900,4.95,152000,5.06,29300,4.94,40900,5.07,44500,4.93,14900,5.08,42200,4.92,67800,5.09,35900,4.91,50300,5.1,95432,1416500,1798832,16:09:34.332
000931.SZ,000931,20260421,20260421,10:22:45.000,102245000,79,5.01,5.09,5.1,5.0,5.1,5.61,4.59,4751980,2401.6334,4941,5.0,177200,5.01,37300,4.99,68100,5.02,61700,4.98,87700,5.03,37400,4.97,56300,5.04,7600,4.96,236700,5.05,16900,4.95,152000,5.06,29300,4.94,40900,5.07,44500,4.93,14900,5.08,42200,4.92,67800,5.09,35900,4.91,50300,5.1,95432,1416500,1799832,16:09:34.597
000931.SZ,000931,20260421,20260421,10:22:48.000,102248000,79,5.01,5.09,5.1,5.0,5.1,5.61,4.59,4754380,2402.8358,4944,5.0,177200,5.01,35500,4.99,68100,5.02,61700,4.98,87700,5.03,37400,4.97,56300,5.04,7600,4.96,236700,5.05,16900,4.95,152000,5.06,29300,4.94,40900,5.07,44500,4.93,14900,5.08,42200,4.92,67800,5.09,35900,4.91,50300,5.1,95432,1416500,1798032,16:09:34.737
000931.SZ,000931,20260421,20260421,10:22:51.000,102251000,79,5.01,5.09,5.1,5.0,5.1,5.61,4.59,4759480,2405.3909,4951,5.0,178200,5.01,30400,4.99,68100,5.02,61700,4.98,90700,5.03,37400,4.97,57200,5.04,7600,4.96,236700,5.05,16900,4.95,152000,5.06,29300,4.94,40900,5.07,44500,4.93,14900,5.08,42200,4.92,67800,5.09,35900,4.91,50300,5.1,95432,1421400,1792932,16:09:35.050
000931.SZ,000931,20260421,20260421,10:22:54.000,102254000,79,5.01,5.09,5.1,5.0,5.1,5.61,4.59,4790180,2420.7716,4971,5.01,27600,5.02,61700,5.0,173400,5.03,37400,4.99,70100,5.04,7600,4.98,90700,5.05,16900,4.97,57200,5.06,29300,4.96,236700,5.07,44500,4.95,152000,5.08,42200,4.94,40900,5.09,35900,4.93,14900,5.1,95432,4.92,67800,5.11,41500,1446200,1762532,16:09:35.202
000931.SZ,000931,20260421,20260421,10:22:57.000,102257000,79,5.01,5.09,5.1,5.0,5.1,5.61,4.59,4794280,2422.8257,4975,5.01,24700,5.02,61700,5.0,161900,5.03,37400,4.99,70100,5.04,7600,4.98,90700,5.05,16900,4.97,57200,5.06,29300,4.96,236700,5.07,44500,4.95,152000,5.08,42200,4.94,40900,5.09,35900,4.93,14900,5.1,95432,4.92,67800,5.11,41500,1431800,1762532,16:09:35.407
000931.SZ,000931,20260421,20260421,10:23:00.000,102300000,79,5.01,5.09,5.1,5.0,5.1,5.61,4.59,4803980,2427.6854,4980,5.01,15300,5.02,61800,5.0,153400,5.03,36600,4.99,70100,5.04,7600,4.98,98800,5.05,16900,4.97,57200,5.06,29300,4.96,236700,5.07,44500,4.95,152000,5.08,42200,4.94,40900,5.09,35900,4.93,14900,5.1,95432,4.92,67800,5.11,41500,1422000,1761832,16:09:35.626
000931.SZ,000931,20260421,20260421,10:23:03.000,102303000,79,5.01,5.09,5.1,5.0,5.1,5.61,4.59,4808780,2430.0902,4985,5.01,10500,5.02,61800,5.0,153400,5.03,35600,4.99,70600,5.04,7600,4.98,98800,5.05,16900,4.97,58200,5.06,29300,4.96,236700,5.07,44500,4.95,152000,5.08,42200,4.94,40900,5.09,35900,4.93,14900,5.1,95432,4.92,67800,5.11,41500,1418700,1760832,16:09:35.987
000931.SZ,000931,20260421,20260421,10:23:06.000,102306000,79,5.01,5.09,5.1,5.0,5.1,5.61,4.59,4810180,2430.7916,4991,5.01,9100,5.02,61800,5.0,153400,5.03,35600,4.99,72600,5.04,7600,4.98,98800,5.05,16900,4.97,58200,5.06,29300,4.96,236700,5.07,44500,4.95,152000,5.08,42200,4.94,40900,5.09,35900,4.93,14900,5.1,95432,4.92,67800,5.11,41500,1419300,1760832,16:09:36.143
000931.SZ,000931,20260421,20260421,10:23:09.000,102309000,79,5.01,5.09,5.1,5.0,5.1,5.61,4.59,4811280,2431.3427,4993,5.01,8900,5.02,61800,5.0,153400,5.03,35600,4.99,72600,5.04,7600,4.98,98800,5.05,16900,4.97,58200,5.06,29300,4.96,236700,5.07,44500,4.95,152000,5.08,42200,4.94,40900,5.09,35900,4.93,14900,5.1,95432,4.92,67800,5.11,41500,1424700,1760832,16:09:36.468
000931.SZ,000931,20260421,20260421,10:23:12.000,102312000,79,5.01,5.09,5.1,5.0,5.1,5.61,4.59,4811980,2431.6934,4995,5.01,10400,5.02,61800,5.0,153300,5.03,35500,4.99,72600,5.04,7600,4.98,98800,5.05,16900,4.97,58200,5.06,29300,4.96,236700,5.07,44500,4.95,152000,5.08,42200,4.94,40900,5.09,35900,4.93,14900,5.1,95432,4.92,67800,5.11,41500,1426100,1760732,16:09:36.847
000931.SZ,000931,20260421,20260421,10:23:15.000,102315000,79,5.01,5.09,5.1,5.0,5.1,5.61,4.59,4821880,2436.6533,5006,5.01,7500,5.02,62900,5.0,154200,5.03,35500,4.99,72600,5.04,7600,4.98,98800,5.05,16900,4.97,58200,5.06,29300,4.96,236700,5.07,44500,4.95,152000,5.08,42200,4.94,40900,5.09,35900,4.93,14900,5.1,95432,4.92,67800,5.11,41500,1430100,1761832,16:09:37.001
000931.SZ,000931,20260421,20260421,10:23:18.000,102318000,79,5.01,5.09,5.1,5.0,5.1,5.61,4.59,4821880,2436.6533,5006,5.01,15900,5.02,63400,5.0,154200,5.03,35500,4.99,72600,5.04,7600,4.98,98800,5.05,16900,4.97,58200,5.06,29300,4.96,236700,5.07,44500,4.95,152000,5.08,42200,4.94,40900,5.09,35900,4.93,14900,5.1,95432,4.92,67800,5.11,41500,1438500,1762332,16:09:37.324
000931.SZ,000931,20260421,20260421,10:23:21.000,102321000,79,5.01,5.09,5.1,5.0,5.1,5.61,4.59,4821980,2436.7034,5007,5.01,16800,5.02,64000,5.0,154200,5.03,35700,4.99,75600,5.04,7600,4.98,99800,5.05,16900,4.97,58200,5.06,29300,4.96,236700,5.07,44500,4.95,152000,5.08,42200,4.94,40900,5.09,35900,4.93,14900,5.1,95432,4.92,67800,5.11,41500,1443400,1763132,16:09:37.734
000931.SZ,000931,20260421,20260421,10:23:24.000,102324000,79,5.01,5.09,5.1,5.0,5.1,5.61,4.59,4821980,2436.7034,5007,5.01,16900,5.02,64000,5.0,154200,5.03,35700,4.99,75600,5.04,7600,4.98,99800,5.05,16900,4.97,58200,5.06,29300,4.96,236700,5.07,44500,4.95,152000,5.08,42200,4.94,40900,5.09,35900,4.93,14900,5.1,95432,4.92,67800,5.11,41500,1443500,1763132,16:09:37.734
000931.SZ,000931,20260421,20260421,10:23:27.000,102327000,79,5.01,5.09,5.1,5.0,5.1,5.61,4.59,4822080,2436.7535,5008,5.01,17100,5.02,64000,5.0,154200,5.03,35700,4.99,75600,5.04,7600,4.98,99800,5.05,16900,4.97,58200,5.06,29300,4.96,236700,5.07,44500,4.95,152000,5.08,42200,4.94,40900,5.09,35900,4.93,14900,5.1,95432,4.92,67800,5.11,41500,1443700,1763132,16:09:37.967
000931.SZ,000931,20260421,20260421,10:23:30.000,102330000,79,5.01,5.09,5.1,5.0,5.1,5.61,4.59,4822080,2436.7535,5008,5.01,18400,5.02,64000,5.0,154200,5.03,35700,4.99,75600,5.04,7600,4.98,99800,5.05,16900,4.97,58200,5.06,29300,4.96,236700,5.07,44500,4.95,152000,5.08,42200,4.94,40900,5.09,35900,4.93,14900,5.1,95432,4.92,67800,5.11,41500,1445000,1763132,16:09:38.342
000931.SZ,000931,20260421,20260421,10:23:33.000,102333000,79,5.01,5.09,5.1,5.0,5.1,5.61,4.59,4822080,2436.7535,5008,5.01,18400,5.02,64000,5.0,155700,5.03,35700,4.99,75600,5.04,7600,4.98,99800,5.05,16900,4.97,58200,5.06,29300,4.96,236700,5.07,44500,4.95,154100,5.08,42200,4.94,40900,5.09,35900,4.93,14900,5.1,95432,4.92,67800,5.11,41500,1448600,1763132,16:09:38.511
000931.SZ,000931,20260421,20260421,10:23:36.000,102336000,79,5.01,5.09,5.1,5.0,5.1,5.61,4.59,4822080,2436.7535,5008,5.01,18700,5.02,64000,5.0,155700,5.03,35700,4.99,75600,5.04,7600,4.98,99800,5.05,16900,4.97,58200,5.06,29300,4.96,236700,5.07,44500,4.95,154100,5.08,42200,4.94,40900,5.09,35900,4.93,14900,5.1,95432,4.92,67800,5.11,41500,1449300,1763132,16:09:38.703
000931.SZ,000931,20260421,20260421,10:23:39.000,102339000,79,5.01,5.09,5.1,5.0,5.1,5.61,4.59,4822080,2436.7535,5008,5.01,18700,5.02,64000,5.0,155700,5.03,35700,4.99,75600,5.04,7600,4.98,99800,5.05,16900,4.97,58200,5.06,29300,4.96,238700,5.07,44500,4.95,154100,5.08,42200,4.94,40900,5.09,35900,4.93,14900,5.1,95432,4.92,67800,5.11,41500,1451300,1763132,16:09:38.874
000931.SZ,000931,20260421,20260421,10:23:42.000,102342000,79,5.01,5.09,5.1,5.0,5.1,5.61,4.59,4822080,2436.7535,5008,5.01,19700,5.02,64000,5.0,155700,5.03,35700,4.99,75600,5.04,7600,4.98,99800,5.05,16900,4.97,58200,5.06,29300,4.96,238700,5.07,44500,4.95,154100,5.08,42200,4.94,40900,5.09,35900,4.93,14900,5.1,95432,4.92,67800,5.11,41500,1452300,1763132,16:09:38.983
000931.SZ,000931,20260421,20260421,10:23:45.000,102345000,79,5.01,5.09,5.1,5.0,5.1,5.61,4.59,4822080,2436.7535,5008,5.01,21600,5.02,63900,5.0,155700,5.03,35700,4.99,75600,5.04,7600,4.98,99800,5.05,16900,4.97,58200,5.06,29300,4.96,238700,5.07,44500,4.95,154100,5.08,42200,4.94,40900,5.09,35900,4.93,14900,5.1,95432,4.92,67800,5.11,41500,1454200,1763032,16:09:39.322
000931.SZ,000931,20260421,20260421,10:23:48.000,102348000,79,5.01,5.09,5.1,5.0,5.1,5.61,4.59,4822380,2436.9038,5009,5.01,15100,5.02,64500,5.0,155700,5.03,35700,4.99,75600,5.04,12400,4.98,99800,5.05,16900,4.97,58200,5.06,29300,4.96,238700,5.07,44500,4.95,154100,5.08,42200,4.94,40900,5.09,35900,4.93,14900,5.1,95432,4.92,67800,5.11,41500,1447700,1768432,16:09:39.495
000931.SZ,000931,20260421,20260421,10:23:51.000,102351000,79,5.01,5.09,5.1,5.0,5.1,5.61,4.59,4824680,2438.0561,5016,5.01,14000,5.02,64500,5.0,155700,5.03,35700,4.99,75600,5.04,12400,4.98,99800,5.05,16900,4.97,58200,5.06,29300,4.96,238700,5.07,44500,4.95,154100,5.08,42200,4.94,40900,5.09,35900,4.93,14900,5.1,95432,4.92,67800,5.11,41500,1446600,1768432,16:09:39.689
000931.SZ,000931,20260421,20260421,10:23:57.000,102357000,79,5.01,5.09,5.1,5.0,5.1,5.61,4.59,4824780,2438.1062,5017,5.01,14000,5.02,65300,5.0,155600,5.03,35700,4.99,88800,5.04,12400,4.98,99800,5.05,16900,4.97,58200,5.06,29300,4.96,238700,5.07,44500,4.95,154100,5.08,42200,4.94,40900,5.09,35900,4.93,14900,5.1,95432,4.92,67800,5.11,41500,1459700,1769232,16:09:40.091
000931.SZ,000931,20260421,20260421,10:24:00.000,102400000,79,5.01,5.09,5.1,5.0,5.1,5.61,4.59,4824780,2438.1062,5017,5.01,14600,5.02,66300,5.0,156600,5.03,35700,4.99,88800,5.04,12400,4.98,99800,5.05,16900,4.97,58200,5.06,29300,4.96,238700,5.07,44500,4.95,154100,5.08,42200,4.94,40900,5.09,35900,4.93,14900,5.1,95432,4.92,67800,5.11,41500,1461300,1770232,16:09:40.336
000931.SZ,000931,20260421,20260421,10:24:03.000,102403000,79,5.01,5.09,5.1,5.0,5.1,5.61,4.59,4824780,2438.1062,5017,5.01,22100,5.02,66300,5.0,156600,5.03,35700,4.99,88800,5.04,12400,4.98,100200,5.05,16900,4.97,58200,5.06,29300,4.96,238700,5.07,44500,4.95,154100,5.08,42200,4.94,40900,5.09,35900,4.93,14900,5.1,95432,4.92,67800,5.11,41500,1469200,1770232,16:09:40.540
000931.SZ,000931,20260421,20260421,10:24:12.000,102412000,79,5.02,5.09,5.1,5.0,5.1,5.61,4.59,4824980,2438.2066,5018,5.01,22100,5.02,66100,5.0,156600,5.03,35700,4.99,88800,5.04,12400,4.98,100200,5.05,16900,4.97,58200,5.06,29300,4.96,238700,5.07,44500,4.95,154100,5.08,42200,4.94,40900,5.09,35900,4.93,14900,5.1,95432,4.92,67800,5.11,41500,1469200,1770032,16:09:41.287
000931.SZ,000931,20260421,20260421,10:24:15.000,102415000,79,5.02,5.09,5.1,5.0,5.1,5.61,4.59,4824980,2438.2066,5018,5.01,23100,5.02,66100,5.0,156600,5.03,35700,4.99,88800,5.04,12400,4.98,105200,5.05,16900,4.97,58200,5.06,29300,4.96,238700,5.07,44500,4.95,154100,5.08,42200,4.94,40900,5.09,35900,4.93,14900,5.1,95432,4.92,67800,5.11,41500,1475200,1770032,16:09:41.476
000931.SZ,000931,20260421,20260421,10:24:18.000,102418000,79,5.01,5.09,5.1,5.0,5.1,5.61,4.59,4826080,2438.7577,5021,5.01,22000,5.02,66100,5.0,156600,5.03,35700,4.99,88800,5.04,12400,4.98,105200,5.05,16900,4.97,58200,5.06,29300,4.96,245800,5.07,44500,4.95,154100,5.08,42200,4.94,40900,5.09,35900,4.93,14900,5.1,95432,4.92,67800,5.11,41500,1481200,1770032,16:09:41.683
000931.SZ,000931,20260421,20260421,10:24:21.000,102421000,79,5.01,5.09,5.1,5.0,5.1,5.61,4.59,4826080,2438.7577,5021,5.01,22800,5.02,66900,5.0,156600,5.03,35700,4.99,88800,5.04,12400,4.98,105200,5.05,16900,4.97,58200,5.06,29300,4.96,245800,5.07,44500,4.95,154100,5.08,42200,4.94,40900,5.09,35900,4.93,14900,5.1,95432,4.92,67800,5.11,41500,1482000,1770832,16:09:41.917
000931.SZ,000931,20260421,20260421,10:24:24.000,102424000,79,5.01,5.09,5.1,5.0,5.1,5.61,4.59,4826480,2438.9581,5023,5.01,22400,5.02,66900,5.0,156600,5.03,35700,4.99,88800,5.04,12400,4.98,105200,5.05,16900,4.97,58200,5.06,29300,4.96,245800,5.07,44500,4.95,154100,5.08,42200,4.94,40900,5.09,35900,4.93,14900,5.1,95432,4.92,67800,5.11,41500,1481600,1770832,16:09:42.058
000931.SZ,000931,20260421,20260421,10:24:27.000,102427000,79,5.01,5.09,5.1,5.0,5.1,5.61,4.59,4826480,2438.9581,5023,5.01,22500,5.02,66900,5.0,156600,5.03,35700,4.99,88800,5.04,12400,4.98,105200,5.05,16900,4.97,58200,5.06,29300,4.96,245800,5.07,44500,4.95,154100,5.08,42200,4.94,40900,5.09,35900,4.93,14900,5.1,95432,4.92,67800,5.11,41500,1481700,1770832,16:09:42.366
000931.SZ,000931,20260421,20260421,10:24:30.000,102430000,79,5.01,5.09,5.1,5.0,5.1,5.61,4.59,4826480,2438.9581,5023,5.01,22700,5.02,66900,5.0,156600,5.03,35700,4.99,88800,5.04,12400,4.98,105200,5.05,16900,4.97,58200,5.06,29300,4.96,245800,5.07,44500,4.95,154100,5.08,42200,4.94,40900,5.09,35900,4.93,14900,5.1,95432,4.92,67800,5.11,41500,1481900,1770832,16:09:42.477
000931.SZ,000931,20260421,20260421,10:24:33.000,102433000,79,5.02,5.09,5.1,5.0,5.1,5.61,4.59,4826680,2439.0584,5025,5.01,22600,5.02,66800,5.0,156600,5.03,35700,4.99,88800,5.04,12400,4.98,105200,5.05,16900,4.97,58200,5.06,29300,4.96,245800,5.07,44500,4.95,154100,5.08,42200,4.94,40900,5.09,35900,4.93,14900,5.1,95432,4.92,67800,5.11,41500,1481800,1770732,16:09:42.697
000931.SZ,000931,20260421,20260421,10:24:36.000,102436000,79,5.02,5.09,5.1,5.0,5.1,5.61,4.59,4826780,2439.1086,5026,5.01,23500,5.02,66700,5.0,156600,5.03,35700,4.99,88800,5.04,12400,4.98,105200,5.05,16900,4.97,58200,5.06,29300,4.96,245800,5.07,44500,4.95,154100,5.08,42200,4.94,40900,5.09,35900,4.93,14900,5.1,95432,4.92,67800,5.11,41500,1482700,1770632,16:09:42.901
000931.SZ,000931,20260421,20260421,10:24:39.000,102439000,79,5.02,5.09,5.1,5.0,5.1,5.61,4.59,4827580,2439.5102,5029,5.01,23800,5.02,65900,5.0,156600,5.03,35700,4.99,88800,5.04,12400,4.98,105200,5.05,16900,4.97,58200,5.06,29300,4.96,245800,5.07,44500,4.95,154100,5.08,42200,4.94,40900,5.09,35900,4.93,14900,5.1,95432,4.92,67800,5.11,41500,1483000,1769832,16:09:43.137
000931.SZ,000931,20260421,20260421,10:24:51.000,102451000,79,5.02,5.09,5.1,5.0,5.1,5.61,4.59,4827580,2439.5102,5029,5.01,24300,5.02,65900,5.0,156600,5.03,35700,4.99,88800,5.04,12400,4.98,106200,5.05,16900,4.97,58200,5.06,29300,4.96,245800,5.07,44500,4.95,154100,5.08,42200,4.94,40900,5.09,35900,4.93,14900,5.1,95432,4.92,67800,5.11,41500,1484500,1769832,16:09:43.933
000931.SZ,000931,20260421,20260421,10:24:54.000,102454000,79,5.02,5.09,5.1,5.0,5.1,5.61,4.59,4827580,2439.5102,5029,5.01,24300,5.02,65900,5.0,156600,5.03,35700,4.99,88800,5.04,12400,4.98,106200,5.05,16900,4.97,58200,5.06,29300,4.96,245800,5.07,32600,4.95,154100,5.08,42200,4.94,40900,5.09,35900,4.93,14900,5.1,95432,4.92,67800,5.11,41500,1484500,1757932,16:09:44.104
000931.SZ,000931,20260421,20260421,10:24:57.000,102457000,79,5.02,5.09,5.1,5.0,5.1,5.61,4.59,4827580,2439.5102,5029,5.01,25900,5.02,65900,5.0,156600,5.03,35700,4.99,88800,5.04,12400,4.98,106200,5.05,16900,4.97,58200,5.06,29300,4.96,245800,5.07,32600,4.95,154100,5.08,42200,4.94,40900,5.09,35900,4.93,14900,5.1,95432,4.92,67800,5.11,41500,1486100,1757932,16:09:44.246
000931.SZ,000931,20260421,20260421,10:25:00.000,102500000,79,5.01,5.09,5.1,5.0,5.1,5.61,4.59,4852080,2451.7847,5066,5.01,1600,5.02,65900,5.0,156600,5.03,35700,4.99,88800,5.04,12400,4.98,106200,5.05,16900,4.97,58200,5.06,29300,4.96,245800,5.07,32600,4.95,154100,5.08,42200,4.94,40900,5.09,35900,4.93,14900,5.1,95432,4.92,67800,5.11,41500,1461800,1757932,16:09:44.634
000931.SZ,000931,20260421,20260421,10:25:03.000,102503000,79,5.01,5.09,5.1,5.0,5.1,5.61,4.59,4852380,2451.935,5068,5.01,2100,5.02,66700,5.0,157600,5.03,35700,4.99,88800,5.04,12400,4.98,106200,5.05,28800,4.97,58200,5.06,29300,4.96,245800,5.07,32600,4.95,154100,5.08,42200,4.94,40900,5.09,35900,4.93,14900,5.1,95432,4.92,67800,5.11,41500,1463300,1770632,16:09:44.868
000931.SZ,000931,20260421,20260421,10:25:06.000,102506000,79,5.01,5.09,5.1,5.0,5.1,5.61,4.59,4855280,2453.3879,5074,5.0,157600,5.02,66700,4.99,88800,5.03,35700,4.98,106200,5.04,12400,4.97,58200,5.05,28800,4.96,245800,5.06,29300,4.95,154100,5.07,32600,4.94,40900,5.08,42200,4.93,14900,5.09,35900,4.92,67800,5.1,95432,4.91,56300,5.11,41500,1461200,1770632,16:09:45.025
000931.SZ,000931,20260421,20260421,10:25:09.000,102509000,79,5.01,5.09,5.1,5.0,5.1,5.61,4.59,4855380,2453.438,5075,5.01,1500,5.02,66700,5.0,157600,5.03,35700,4.99,88800,5.04,12400,4.98,106200,5.05,28800,4.97,58200,5.06,29300,4.96,245800,5.07,32600,4.95,154100,5.08,42200,4.94,40900,5.09,35900,4.93,14900,5.1,95432,4.92,67800,5.11,41500,1462700,1770632,16:09:45.166
000931.SZ,000931,20260421,20260421,10:25:12.000,102512000,79,5.01,5.09,5.1,5.0,5.1,5.61,4.59,4855380,2453.438,5075,5.01,3100,5.02,66700,5.0,157600,5.03,35700,4.99,88800,5.04,12400,4.98,106200,5.05,28800,4.97,53700,5.06,29300,4.96,245800,5.07,32600,4.95,154100,5.08,42200,4.94,40900,5.09,35900,4.93,14900,5.1,95432,4.92,67800,5.11,41500,1459800,1770632,16:09:45.536
000931.SZ,000931,20260421,20260421,10:25:15.000,102515000,79,5.01,5.09,5.1,5.0,5.1,5.61,4.59,4855480,2453.4881,5076,5.01,11200,5.02,66700,5.0,156600,5.03,35700,4.99,88800,5.04,12400,4.98,106200,5.05,28800,4.97,53700,5.06,29300,4.96,245800,5.07,32600,4.95,154100,5.08,42200,4.94,40900,5.09,35900,4.93,14900,5.1,95432,4.92,67800,5.11,41500,1466900,1770632,16:09:45.714
000931.SZ,000931,20260421,20260421,10:25:18.000,102518000,79,5.01,5.09,5.1,5.0,5.1,5.61,4.59,4855480,2453.4881,5076,5.01,11800,5.02,66700,5.0,156600,5.03,35700,4.99,89100,5.04,12400,4.98,106200,5.05,28800,4.97,53700,5.06,29300,4.96,245800,5.07,32600,4.95,154100,5.08,42200,4.94,40900,5.09,35900,4.93,14900,5.1,95432,4.92,67800,5.11,41500,1467800,1770632,16:09:45.900
000931.SZ,000931,20260421,20260421,10:25:21.000,102521000,79,5.01,5.09,5.1,5.0,5.1,5.61,4.59,4855480,2453.4881,5076,5.01,14300,5.02,66700,5.0,156600,5.03,35700,4.99,89100,5.04,12400,4.98,106200,5.05,19700,4.97,53700,5.06,29300,4.96,245800,5.07,32600,4.95,154100,5.08,42200,4.94,40900,5.09,35900,4.93,14900,5.1,95432,4.92,67800,5.11,41500,1470300,1761532,16:09:46.055
000931.SZ,000931,20260421,20260421,10:25:24.000,102524000,79,5.01,5.09,5.1,5.0,5.1,5.61,4.59,4855480,2453.4881,5076,5.01,24300,5.02,66700,5.0,156600,5.03,35700,4.99,89100,5.04,12400,4.98,106200,5.05,19700,4.97,53700,5.06,29300,4.96,245800,5.07,32600,4.95,154100,5.08,42200,4.94,40900,5.09,35900,4.93,14900,5.1,95432,4.92,67800,5.11,41500,1500300,1761532,16:09:46.394
000931.SZ,000931,20260421,20260421,10:25:27.000,102527000,79,5.01,5.09,5.1,5.0,5.1,5.61,4.59,4855480,2453.4881,5076,5.01,25000,5.02,66700,5.0,157600,5.03,35700,4.99,89100,5.04,12400,4.98,106200,5.05,19700,4.97,53700,5.06,29300,4.96,245800,5.07,32600,4.95,154100,5.08,42200,4.94,40900,5.09,35900,4.93,14900,5.1,95432,4.92,67800,5.11,41500,1502000,1761532,16:09:46.569
000931.SZ,000931,20260421,20260421,10:25:30.000,102530000,79,5.01,5.09,5.1,5.0,5.1,5.61,4.59,4855480,2453.4881,5076,5.01,25600,5.02,66700,5.0,157600,5.03,35700,4.99,89100,5.04,12400,4.98,106200,5.05,19700,4.97,53700,5.06,29300,4.96,245800,5.07,32600,4.95,154100,5.08,42200,4.94,40900,5.09,35900,4.93,14900,5.1,95432,4.92,67800,5.11,41500,1502600,1761532,16:09:46.758
000931.SZ,000931,20260421,20260421,10:25:33.000,102533000,79,5.01,5.09,5.1,5.0,5.1,5.61,4.59,4855480,2453.4881,5076,5.01,26300,5.02,66700,5.0,157600,5.03,35700,4.99,89100,5.04,12400,4.98,106200,5.05,19700,4.97,53700,5.06,29300,4.96,246800,5.07,32600,4.95,154100,5.08,42200,4.94,40900,5.09,35900,4.93,14900,5.1,94132,4.92,67800,5.11,41500,1504300,1760232,16:09:46.946
000931.SZ,000931,20260421,20260421,10:25:36.000,102536000,79,5.01,5.09,5.1,5.0,5.1,5.61,4.59,4855480,2453.4881,5076,5.01,31600,5.02,66700,5.0,157600,5.03,35700,4.99,89100,5.04,12400,4.98,106200,5.05,19700,4.97,53700,5.06,29300,4.96,246800,5.07,32600,4.95,154100,5.08,42200,4.94,40900,5.09,35900,4.93,14900,5.1,94132,4.92,67800,5.11,41500,1509600,1760232,16:09:47.102
000931.SZ,000931,20260421,20260421,10:25:39.000,102539000,79,5.01,5.09,5.1,5.0,5.1,5.61,4.59,4855480,2453.4881,5076,5.01,33400,5.02,66700,5.0,157600,5.03,35700,4.99,89100,5.04,12400,4.98,106200,5.05,19700,4.97,53700,5.06,29300,4.96,246800,5.07,32600,4.95,154100,5.08,42200,4.94,40900,5.09,35900,4.93,14900,5.1,94132,4.92,67800,5.11,41500,1511400,1760232,16:09:47.264
000931.SZ,000931,20260421,20260421,10:25:42.000,102542000,79,5.01,5.09,5.1,5.0,5.1,5.61,4.59,4855480,2453.4881,5076,5.01,33900,5.02,66700,5.0,157600,5.03,35700,4.99,89100,5.04,12400,4.98,106200,5.05,19700,4.97,53700,5.06,29300,4.96,246800,5.07,32600,4.95,154100,5.08,42200,4.94,40900,5.09,35900,4.93,14900,5.1,94132,4.92,67800,5.11,41500,1511900,1760232,16:09:47.549
000931.SZ,000931,20260421,20260421,10:25:45.000,102545000,79,5.01,5.09,5.1,5.0,5.1,5.61,4.59,4855480,2453.4881,5076,5.01,33900,5.02,66700,5.0,157600,5.03,37000,4.99,89100,5.04,12400,4.98,106200,5.05,19700,4.97,53700,5.06,29300,4.96,246800,5.07,32600,4.95,154100,5.08,42200,4.94,40900,5.09,35900,4.93,14900,5.1,94132,4.92,67800,5.11,41500,1511900,1761532,16:09:47.724
000931.SZ,000931,20260421,20260421,10:25:51.000,102551000,79,5.01,5.09,5.1,5.0,5.1,5.61,4.59,4855480,2453.4881,5076,5.01,33900,5.02,66700,5.0,157600,5.03,37000,4.99,93600,5.04,12400,4.98,106200,5.05,19700,4.97,53700,5.06,29300,4.96,246800,5.07,32600,4.95,154100,5.08,42200,4.94,40900,5.09,35900,4.93,14900,5.1,94132,4.92,67800,5.11,41500,1516400,1761532,16:09:48.036
000931.SZ,000931,20260421,20260421,10:25:57.000,102557000,79,5.01,5.09,5.1,5.0,5.1,5.61,4.59,4855480,2453.4881,5076,5.01,34100,5.02,66700,5.0,158200,5.03,37000,4.99,93600,5.04,12400,4.98,106200,5.05,21500,4.97,53700,5.06,29300,4.96,246800,5.07,32600,4.95,154100,5.08,42200,4.94,40900,5.09,35900,4.93,14900,5.1,94132,4.92,67800,5.11,41500,1517200,1763332,16:09:48.448
000931.SZ,000931,20260421,20260421,10:26:00.000,102600000,79,5.01,5.09,5.1,5.0,5.1,5.61,4.59,4855480,2453.4881,5076,5.01,44100,5.02,66700,5.0,158200,5.03,37000,4.99,93600,5.04,12400,4.98,106200,5.05,21500,4.97,53700,5.06,29300,4.96,246800,5.07,32600,4.95,154100,5.08,42200,4.94,40900,5.09,35900,4.93,14900,5.1,94132,4.92,67800,5.11,41500,1527200,1763332,16:09:48.699
000931.SZ,000931,20260421,20260421,10:26:06.000,102606000,79,5.01,5.09,5.1,5.0,5.1,5.61,4.59,4855480,2453.4881,5076,5.01,44200,5.02,66700,5.0,158200,5.03,37000,4.99,93600,5.04,12400,4.98,106200,5.05,21500,4.97,53700,5.06,29300,4.96,246800,5.07,32600,4.95,154100,5.08,42200,4.94,40900,5.09,35900,4.93,14900,5.1,94132,4.92,67800,5.11,41500,1527300,1797932,16:09:49.297
000931.SZ,000931,20260421,20260421,10:26:09.000,102609000,79,5.01,5.09,5.1,5.0,5.1,5.61,4.59,4855480,2453.4881,5076,5.01,44200,5.02,66800,5.0,158700,5.03,37000,4.99,93600,5.04,12400,4.98,106200,5.05,21500,4.97,53700,5.06,29300,4.96,246800,5.07,32600,4.95,154100,5.08,42200,4.94,40900,5.09,35900,4.93,14900,5.1,94132,4.92,67800,5.11,41500,1527800,1798032,16:09:49.494
000931.SZ,000931,20260421,20260421,10:26:15.000,102615000,79,5.01,5.09,5.1,5.0,5.1,5.61,4.59,4859380,2455.442,5082,5.01,40300,5.02,66800,5.0,160900,5.03,37000,4.99,93600,5.04,12400,4.98,106200,5.05,21500,4.97,53700,5.06,29300,4.96,246800,5.07,32600,4.95,154100,5.08,42200,4.94,40900,5.09,35900,4.93,14900,5.1,94132,4.92,67800,5.11,41500,1526100,1798032,16:09:50.017
000931.SZ,000931,20260421,20260421,10:26:18.000,102618000,79,5.01,5.09,5.1,5.0,5.1,5.61,4.59,4859380,2455.442,5082,5.01,40400,5.02,66800,5.0,160900,5.03,37000,4.99,93600,5.04,12400,4.98,106200,5.05,21500,4.97,53700,5.06,29300,4.96,246800,5.07,32600,4.95,154100,5.08,42200,4.94,40900,5.09,35900,4.93,14900,5.1,94132,4.92,67800,5.11,41500,1526200,1798032,16:09:50.122
000931.SZ,000931,20260421,20260421,10:26:27.000,102627000,79,5.01,5.09,5.1,5.0,5.1,5.61,4.59,4859380,2455.442,5082,5.01,40500,5.02,66300,5.0,160900,5.03,37000,4.99,93600,5.04,12400,4.98,106200,5.05,21500,4.97,53700,5.06,29300,4.96,246800,5.07,32600,4.95,154100,5.08,42200,4.94,40900,5.09,35900,4.93,14900,5.1,94132,4.92,67800,5.11,41500,1526300,1797532,16:09:50.713
000931.SZ,000931,20260421,20260421,10:26:30.000,102630000,79,5.01,5.09,5.1,5.0,5.1,5.61,4.59,4859380,2455.442,5082,5.01,40600,5.02,66300,5.0,160900,5.03,37000,4.99,93600,5.04,12400,4.98,106200,5.05,21500,4.97,53700,5.06,29300,4.96,246800,5.07,32600,4.95,154100,5.08,42200,4.94,40900,5.09,35900,4.93,14900,5.1,94132,4.92,67800,5.11,41500,1526400,1797532,16:09:51.046
000931.SZ,000931,20260421,20260421,10:26:33.000,102633000,79,5.01,5.09,5.1,5.0,5.1,5.61,4.59,4861680,2456.5943,5085,5.01,38300,5.02,66300,5.0,160900,5.03,37000,4.99,93600,5.04,12400,4.98,106200,5.05,21500,4.97,53700,5.06,29300,4.96,246800,5.07,32600,4.95,154100,5.08,42200,4.94,40900,5.09,35900,4.93,14900,5.1,94132,4.92,67800,5.11,41500,1524100,1797532,16:09:51.218
000931.SZ,000931,20260421,20260421,10:26:45.000,102645000,79,5.01,5.09,5.1,5.0,5.1,5.61,4.59,4861680,2456.5943,5085,5.01,39100,5.02,66300,5.0,160900,5.03,37000,4.99,93600,5.04,12400,4.98,106200,5.05,21500,4.97,53700,5.06,29300,4.96,246800,5.07,32600,4.95,154100,5.08,42200,4.94,40900,5.09,35900,4.93,14900,5.1,94132,4.92,67800,5.11,41500,1524900,1797532,16:09:51.919
000931.SZ,000931,20260421,20260421,10:26:51.000,102651000,79,5.01,5.09,5.1,5.0,5.1,5.61,4.59,4861680,2456.5943,5085,5.01,39100,5.02,66300,5.0,160900,5.03,37000,4.99,93600,5.04,12400,4.98,106200,5.05,21500,4.97,54000,5.06,29300,4.96,246800,5.07,32600,4.95,154100,5.08,42200,4.94,40900,5.09,35900,4.93,14900,5.1,94432,4.92,67800,5.11,41500,1525200,1797832,16:09:52.341
000931.SZ,000931,20260421,20260421,10:26:54.000,102654000,79,5.01,5.09,5.1,5.0,5.1,5.61,4.59,4861680,2456.5943,5085,5.01,41800,5.02,66300,5.0,160900,5.03,37000,4.99,93600,5.04,12400,4.98,106200,5.05,21500,4.97,54000,5.06,29300,4.96,246800,5.07,32600,4.95,154100,5.08,42200,4.94,40900,5.09,35900,4.93,14900,5.1,94432,4.92,67800,5.11,41500,1527900,1797832,16:09:52.459
000931.SZ,000931,20260421,20260421,10:26:57.000,102657000,79,5.01,5.09,5.1,5.0,5.1,5.61,4.59,4861680,2456.5943,5085,5.01,45000,5.02,66300,5.0,160900,5.03,37100,4.99,93600,5.04,12400,4.98,106200,5.05,21500,4.97,54000,5.06,29300,4.96,246800,5.07,32600,4.95,154100,5.08,42200,4.94,40900,5.09,35900,4.93,14900,5.1,94432,4.92,67800,5.11,41500,1531100,1797932,16:09:52.664
000931.SZ,000931,20260421,20260421,10:27:00.000,102700000,79,5.01,5.09,5.1,5.0,5.1,5.61,4.59,4861680,2456.5943,5085,5.01,86400,5.02,69000,5.0,160900,5.03,37100,4.99,93600,5.04,12400,4.98,106200,5.05,21500,4.97,54000,5.06,29300,4.96,246800,5.07,32600,4.95,154100,5.08,42200,4.94,40900,5.09,35900,4.93,14900,5.1,94432,4.92,67800,5.11,41500,1573300,1800632,16:09:52.855
000931.SZ,000931,20260421,20260421,10:27:03.000,102703000,79,5.01,5.09,5.1,5.0,5.1,5.61,4.59,4861680,2456.5943,5085,5.01,88900,5.02,69000,5.0,160900,5.03,37100,4.99,93600,5.04,12400,4.98,106200,5.05,21500,4.97,54000,5.06,29300,4.96,246800,5.07,32600,4.95,154100,5.08,42200,4.94,40900,5.09,35900,4.93,14900,5.1,94432,4.92,67800,5.11,41500,1575800,1800632,16:09:53.293
000931.SZ,000931,20260421,20260421,10:27:12.000,102712000,79,5.01,5.09,5.1,5.0,5.1,5.61,4.59,4861680,2456.5943,5085,5.01,88900,5.02,69000,5.0,160900,5.03,37100,4.99,93600,5.04,12400,4.98,106200,5.05,21500,4.97,54000,5.06,29300,4.96,246800,5.07,32600,4.95,154100,5.08,44200,4.94,40900,5.09,35900,4.93,14900,5.1,94432,4.92,67800,5.11,41500,1575800,1802632,16:09:53.695
000931.SZ,000931,20260421,20260421,10:27:21.000,102721000,79,5.02,5.09,5.1,5.0,5.1,5.61,4.59,4862880,2457.1967,5086,5.01,88900,5.02,67800,5.0,160900,5.03,37100,4.99,93600,5.04,12400,4.98,106200,5.05,21500,4.97,54000,5.06,29300,4.96,246800,5.07,32600,4.95,154100,5.08,44200,4.94,40900,5.09,35900,4.93,14900,5.1,94432,4.92,67800,5.11,41500,1575600,1801432,16:09:54.245
000931.SZ,000931,20260421,20260421,10:27:27.000,102727000,79,5.02,5.09,5.1,5.0,5.1,5.61,4.59,4862880,2457.1967,5086,5.01,89900,5.02,67800,5.0,160900,5.03,37100,4.99,93600,5.04,12400,4.98,106200,5.05,21500,4.97,54000,5.06,29300,4.96,246800,5.07,32600,4.95,154100,5.08,44200,4.94,40900,5.09,35900,4.93,14900,5.1,94432,4.92,67800,5.11,41500,1576600,1801432,16:09:54.553
000931.SZ,000931,20260421,20260421,10:27:30.000,102730000,79,5.01,5.09,5.1,5.0,5.1,5.61,4.59,4862980,2457.2468,5087,5.01,89800,5.02,67800,5.0,160900,5.03,37100,4.99,93600,5.04,12400,4.98,106200,5.05,21500,4.97,54000,5.06,29300,4.96,246800,5.07,32600,4.95,154100,5.08,44200,4.94,40900,5.09,35900,4.93,14900,5.1,94432,4.92,67800,5.11,41500,1576500,1801432,16:09:54.742
000931.SZ,000931,20260421,20260421,10:27:36.000,102736000,79,5.01,5.09,5.1,5.0,5.1,5.61,4.59,4862980,2457.2468,5087,5.01,89800,5.02,68300,5.0,160900,5.03,37100,4.99,93600,5.04,12400,4.98,106200,5.05,21500,4.97,54000,5.06,29300,4.96,246800,5.07,32600,4.95,154100,5.08,44200,4.94,40900,5.09,35900,4.93,14900,5.1,94432,4.92,67800,5.11,41500,1576500,1802432,16:09:55.164
000931.SZ,000931,20260421,20260421,10:27:39.000,102739000,79,5.01,5.09,5.1,5.0,5.1,5.61,4.59,4863980,2457.7478,5088,5.01,94300,5.02,68300,5.0,160900,5.03,37100,4.99,93600,5.04,12400,4.98,106200,5.05,21500,4.97,54000,5.06,29300,4.96,246800,5.07,32600,4.95,154100,5.08,44200,4.94,40900,5.09,35900,4.93,14900,5.1,94432,4.92,67800,5.11,41500,1581000,1802432,16:09:55.290
000931.SZ,000931,20260421,20260421,10:27:42.000,102742000,79,5.02,5.09,5.1,5.0,5.1,5.61,4.59,4864680,2458.0992,5089,5.01,95600,5.02,67600,5.0,160900,5.03,37100,4.99,93600,5.04,12400,4.98,106200,5.05,21500,4.97,54000,5.06,29300,4.96,246800,5.07,32600,4.95,154100,5.08,44200,4.94,40900,5.09,35900,4.93,14900,5.1,94432,4.92,67800,5.11,41500,1582300,1801732,16:09:55.433
000931.SZ,000931,20260421,20260421,10:27:45.000,102745000,79,5.02,5.09,5.1,5.0,5.1,5.61,4.59,4864680,2458.0992,5089,5.01,95100,5.02,67600,5.0,160900,5.03,37100,4.99,93600,5.04,12400,4.98,106200,5.05,21500,4.97,54000,5.06,29300,4.96,246800,5.07,32600,4.95,154100,5.08,44200,4.94,40900,5.09,35900,4.93,14900,5.1,94432,4.92,67800,5.11,41500,1583800,1801732,16:09:55.597
000931.SZ,000931,20260421,20260421,10:27:48.000,102748000,79,5.02,5.09,5.1,5.0,5.1,5.61,4.59,4865180,2458.3502,5090,5.01,103600,5.02,67100,5.0,160900,5.03,37100,4.99,93600,5.04,12400,4.98,106200,5.05,21500,4.97,54000,5.06,29300,4.96,246800,5.07,32600,4.95,154100,5.08,44200,4.94,40900,5.09,35900,4.93,14900,5.1,94432,4.92,67800,5.11,41500,1592300,1801232,16:09:55.867
000931.SZ,000931,20260421,20260421,10:27:51.000,102751000,79,5.02,5.09,5.1,5.0,5.1,5.61,4.59,4865180,2458.3502,5090,5.01,103600,5.02,67100,5.0,167100,5.03,37100,4.99,93600,5.04,12400,4.98,106200,5.05,21500,4.97,54000,5.06,29300,4.96,246800,5.07,32600,4.95,154100,5.08,44200,4.94,40900,5.09,35900,4.93,14900,5.1,94432,4.92,67800,5.11,41500,1598500,1801232,16:09:55.992
000931.SZ,000931,20260421,20260421,10:27:54.000,102754000,79,5.02,5.09,5.1,5.0,5.1,5.61,4.59,4865180,2458.3502,5090,5.01,105500,5.02,67100,5.0,167100,5.03,37100,4.99,93600,5.04,12400,4.98,106200,5.05,21500,4.97,54000,5.06,29300,4.96,246800,5.07,32600,4.95,154100,5.08,44200,4.94,40900,5.09,35900,4.93,14900,5.1,94432,4.92,67800,5.11,41500,1600400,1801232,16:09:56.211
000931.SZ,000931,20260421,20260421,10:27:57.000,102757000,79,5.02,5.09,5.1,5.0,5.1,5.61,4.59,4870680,2461.1072,5093,5.01,101500,5.02,65600,5.0,167100,5.03,37100,4.99,93600,5.04,12400,4.98,106200,5.05,21500,4.97,54000,5.06,29300,4.96,246800,5.07,32600,4.95,154100,5.08,44200,4.94,40900,5.09,35900,4.93,14900,5.1,94432,4.92,67700,5.11,41500,1596300,1799732,16:09:56.289
000931.SZ,000931,20260421,20260421,10:28:00.000,102800000,79,5.02,5.09,5.1,5.0,5.1,5.61,4.59,4870680,2461.1072,5093,5.01,101700,5.02,75500,5.0,167100,5.03,37100,4.99,93600,5.04,12400,4.98,106200,5.05,21500,4.97,54000,5.06,29300,4.96,246800,5.07,32600,4.95,154100,5.08,44200,4.94,40900,5.09,35900,4.93,14900,5.1,94432,4.92,67700,5.11,42000,1596500,1810132,16:09:56.475
000931.SZ,000931,20260421,20260421,10:28:03.000,102803000,79,5.01,5.09,5.1,5.0,5.1,5.61,4.59,4870880,2461.2074,5094,5.01,103500,5.02,75500,5.0,168100,5.03,37000,4.99,93600,5.04,12400,4.98,106200,5.05,21500,4.97,54000,5.06,29300,4.96,246800,5.07,32600,4.95,153100,5.08,44200,4.94,40900,5.09,35900,4.93,14900,5.1,94432,4.92,67700,5.11,42000,1603400,1810032,16:09:56.945
000931.SZ,000931,20260421,20260421,10:28:06.000,102806000,79,5.01,5.09,5.1,5.0,5.1,5.61,4.59,4870880,2461.2074,5094,5.01,103500,5.02,75500,5.0,168100,5.03,37000,4.99,93600,5.04,12400,4.98,106200,5.05,21500,4.97,54000,5.06,29300,4.96,246800,5.07,32600,4.95,153100,5.08,44200,4.94,40900,5.09,35900,4.93,14900,5.1,96432,4.92,67700,5.11,42000,1603400,1812032,16:09:57.194
000931.SZ,000931,20260421,20260421,10:28:09.000,102809000,79,5.01,5.09,5.1,5.0,5.1,5.61,4.59,4870880,2461.2074,5094,5.01,103500,5.02,75500,5.0,168100,5.03,37000,4.99,93600,5.04,12400,4.98,106200,5.05,21500,4.97,54300,5.06,29300,4.96,246800,5.07,32600,4.95,153100,5.08,44200,4.94,40900,5.09,35900,4.93,14900,5.1,96432,4.92,67700,5.11,42000,1603700,1812032,16:09:57.397
000931.SZ,000931,20260421,20260421,10:28:12.000,102812000,79,5.01,5.09,5.1,5.0,5.1,5.61,4.59,4870880,2461.2074,5094,5.01,105000,5.02,75500,5.0,168100,5.03,37000,4.99,93600,5.04,12400,4.98,106200,5.05,21500,4.97,54300,5.06,29300,4.96,246800,5.07,32600,4.95,153100,5.08,44200,4.94,40900,5.09,35900,4.93,14900,5.1,96432,4.92,67700,5.11,42000,1605200,1812032,16:09:57.486
000931.SZ,000931,20260421,20260421,10:28:15.000,102815000,79,5.01,5.09,5.1,5.0,5.1,5.61,4.59,4870880,2461.2074,5094,5.01,105000,5.02,75500,5.0,196100,5.03,37000,4.99,93600,5.04,12400,4.98,106200,5.05,21500,4.97,55300,5.06,29300,4.96,246800,5.07,32600,4.95,153100,5.08,44200,4.94,40900,5.09,35900,4.93,14900,5.1,96432,4.92,67700,5.11,42000,1634200,1812032,16:09:57.753
000931.SZ,000931,20260421,20260421,10:28:24.000,102824000,79,5.01,5.09,5.1,5.0,5.1,5.61,4.59,4870880,2461.2074,5094,5.01,105000,5.02,75500,5.0,196100,5.03,37000,4.99,93600,5.04,12400,4.98,106200,5.05,21500,4.97,55300,5.06,29300,4.96,246800,5.07,32600,4.95,153100,5.08,44200,4.94,40900,5.09,35900,4.93,14900,5.1,96432,4.92,67700,5.11,42000,1639500,1812032,16:09:58.427
000931.SZ,000931,20260421,20260421,10:28:27.000,102827000,79,5.01,5.09,5.1,5.0,5.1,5.61,4.59,4870880,2461.2074,5094,5.01,105100,5.02,75500,5.0,196100,5.03,37000,4.99,93600,5.04,12400,4.98,103200,5.05,21500,4.97,56300,5.06,29300,4.96,246800,5.07,32600,4.95,153100,5.08,44200,4.94,40900,5.09,35900,4.93,14900,5.1,96432,4.92,67700,5.11,42000,1637600,1812032,16:09:58.675
000931.SZ,000931,20260421,20260421,10:28:30.000,102830000,79,5.01,5.09,5.1,5.0,5.1,5.61,4.59,4870880,2461.2074,5094,5.01,105100,5.02,75500,5.0,196100,5.03,37000,4.99,93600,5.04,12400,4.98,104200,5.05,21500,4.97,56300,5.06,29300,4.96,246800,5.07,32600,4.95,153100,5.08,44200,4.94,40900,5.09,35900,4.93,14900,5.1,96432,4.92,67700,5.11,42000,1638600,1812032,16:09:58.814
000931.SZ,000931,20260421,20260421,10:28:36.000,102836000,79,5.01,5.09,5.1,5.0,5.1,5.61,4.59,4870880,2461.2074,5094,5.01,105100,5.02,59400,5.0,196100,5.03,42800,4.99,93600,5.04,12400,4.98,104200,5.05,21500,4.97,56300,5.06,29300,4.96,246800,5.07,32600,4.95,153100,5.08,44200,4.94,40900,5.09,35900,4.93,14900,5.1,96432,4.92,67700,5.11,42000,1638600,1801732,16:09:59.379
000931.SZ,000931,20260421,20260421,10:28:39.000,102839000,79,5.01,5.09,5.1,5.0,5.1,5.61,4.59,4870880,2461.2074,5094,5.01,105100,5.02,61900,5.0,196100,5.03,50600,4.99,95600,5.04,12400,4.98,104200,5.05,21500,4.97,56300,5.06,29300,4.96,246800,5.07,32600,4.95,153100,5.08,44200,4.94,40900,5.09,35900,4.93,14900,5.1,96432,4.92,67700,5.11,42000,1640600,1812032,16:09:59.609
000931.SZ,000931,20260421,20260421,10:28:48.000,102848000,79,5.02,5.09,5.1,5.0,5.1,5.61,4.59,4891980,2471.7996,5132,5.01,98200,5.02,38500,5.0,196100,5.03,50600,4.99,95600,5.04,12400,4.98,104200,5.05,21500,4.97,56300,5.06,29300,4.96,246800,5.07,32600,4.95,153100,5.08,44200,4.94,40900,5.09,35900,4.93,14900,5.1,96432,4.92,67700,5.11,42000,1633700,1788632,16:10:00.269
000931.SZ,000931,20260421,20260421,10:28:51.000,102851000,79,5.02,5.09,5.1,5.0,5.1,5.61,4.59,4891980,2471.7996,5132,5.01,98200,5.02,38500,5.0,196000,5.03,50600,4.99,95600,5.04,12400,4.98,104200,5.05,21500,4.97,56300,5.06,29300,4.96,246800,5.07,32600,4.95,153100,5.08,44200,4.94,40900,5.09,35900,4.93,14900,5.1,96432,4.92,67700,5.11,42000,1633600,1784632,16:10:00.425
000931.SZ,000931,20260421,20260421,10:28:54.000,102854000,79,5.02,5.09,5.1,5.0,5.1,5.61,4.59,4891980,2471.7996,5132,5.01,98200,5.02,38600,5.0,196000,5.03,50600,4.99,95600,5.04,12400,4.98,104200,5.05,21500,4.97,56300,5.06,29300,4.96,246800,5.07,32600,4.95,153100,5.08,44200,4.94,40900,5.09,35900,4.93,14900,5.1,96432,4.92,67700,5.11,42000,1633600,1784732,16:10:00.671
000931.SZ,000931,20260421,20260421,10:28:57.000,102857000,79,5.02,5.09,5.1,5.0,5.1,5.61,4.59,4891980,2471.7996,5132,5.01,102800,5.02,38600,5.0,199000,5.03,50600,4.99,95600,5.04,12400,4.98,104200,5.05,21500,4.97,56300,5.06,29300,4.96,246800,5.07,32600,4.95,153100,5.08,44200,4.94,40900,5.09,35900,4.93,14900,5.1,96432,4.92,67700,5.11,42000,1641200,1784732,16:10:00.891
000931.SZ,000931,20260421,20260421,10:29:00.000,102900000,79,5.02,5.09,5.1,5.0,5.1,5.61,4.59,4891980,2471.7996,5132,5.01,102800,5.02,48600,5.0,199000,5.03,50600,4.99,95600,5.04,12400,4.98,104200,5.05,21500,4.97,56300,5.06,29300,4.96,246800,5.07,32600,4.95,153100,5.08,44200,4.94,40900,5.09,35900,4.93,14900,5.1,96432,4.92,67700,5.11,42000,1641200,1794732,16:10:01.032
000931.SZ,000931,20260421,20260421,10:29:03.000,102903000,79,5.02,5.09,5.1,5.0,5.1,5.61,4.59,4891980,2471.7996,5132,5.01,102800,5.02,51700,5.0,199000,5.03,50600,4.99,95600,5.04,12400,4.98,104200,5.05,21500,4.97,56300,5.06,29300,4.96,246800,5.07,32600,4.95,153100,5.08,44200,4.94,40900,5.09,35900,4.93,14900,5.1,96432,4.92,67700,5.11,42000,1641200,1797832,16:10:01.517
000931.SZ,000931,20260421,20260421,10:29:06.000,102906000,79,5.02,5.09,5.1,5.0,5.1,5.61,4.59,4891980,2471.7996,5132,5.01,105800,5.02,51700,5.0,199000,5.03,50600,4.99,95600,5.04,12400,4.98,104200,5.05,21500,4.97,56300,5.06,29300,4.96,246800,5.07,32600,4.95,153100,5.08,44200,4.94,40900,5.09,35900,4.93,14900,5.1,96432,4.92,67700,5.11,42000,1644200,1797832,16:10:01.685
000931.SZ,000931,20260421,20260421,10:29:09.000,102909000,79,5.02,5.09,5.1,5.0,5.1,5.61,4.59,4891980,2471.7996,5132,5.01,106400,5.02,51700,5.0,199000,5.03,50600,4.99,95600,5.04,12400,4.98,104200,5.05,21500,4.97,56300,5.06,29300,4.96,246800,5.07,32600,4.95,153100,5.08,44200,4.94,40900,5.09,35900,4.93,14900,5.1,96432,4.92,67700,5.11,42000,1644800,1797832,16:10:01.811
000931.SZ,000931,20260421,20260421,10:29:12.000,102912000,79,5.02,5.09,5.1,5.0,5.1,5.61,4.59,4892080,2471.8498,5133,5.01,106500,5.02,51600,5.0,199200,5.03,50600,4.99,95600,5.04,12400,4.98,104200,5.05,21500,4.97,56300,5.06,29300,4.96,246800,5.07,32600,4.95,153100,5.08,44200,4.94,40900,5.09,35900,4.93,14900,5.1,96432,4.92,67700,5.11,42000,1645100,1797732,16:10:02.065
000931.SZ,000931,20260421,20260421,10:29:15.000,102915000,79,5.02,5.09,5.1,5.0,5.1,5.61,4.59,4892480,2472.0506,5134,5.01,116100,5.02,55100,5.0,199200,5.03,50600,4.99,95600,5.04,12400,4.98,104200,5.05,21500,4.97,56300,5.06,29300,4.96,246800,5.07,32600,4.95,153100,5.08,44200,4.94,40900,5.09,35900,4.93,14900,5.1,96432,4.92,67700,5.11,42000,1654700,1801232,16:10:02.313
000931.SZ,000931,20260421,20260421,10:29:18.000,102918000,79,5.02,5.09,5.1,5.0,5.1,5.61,4.59,4892480,2472.0506,5134,5.01,116100,5.02,53300,5.0,199200,5.03,50600,4.99,95600,5.04,12400,4.98,104200,5.05,21500,4.97,56300,5.06,29300,4.96,246800,5.07,32600,4.95,153100,5.08,44200,4.94,40900,5.09,35900,4.93,14900,5.1,96432,4.92,67700,5.11,42000,1654700,1799432,16:10:02.557
000931.SZ,000931,20260421,20260421,10:29:21.000,102921000,79,5.02,5.09,5.1,5.0,5.1,5.61,4.59,4896280,2473.9554,5154,5.01,117900,5.02,52300,5.0,200200,5.03,50600,4.99,96600,5.04,12400,4.98,104200,5.05,21500,4.97,56300,5.06,29300,4.96,246800,5.07,32600,4.95,153100,5.08,44200,4.94,40900,5.09,35900,4.93,14900,5.1,96432,4.92,67700,5.11,42000,1658500,1798432,16:10:02.698
000931.SZ,000931,20260421,20260421,10:29:24.000,102924000,79,5.02,5.09,5.1,5.0,5.1,5.61,4.59,4896280,2473.9554,5154,5.01,117700,5.02,52300,5.0,200200,5.03,50600,4.99,96600,5.04,12400,4.98,104200,5.05,21500,4.97,56300,5.06,29300,4.96,246800,5.07,32600,4.95,153100,5.08,44200,4.94,40900,5.09,35900,4.93,14900,5.1,96432,4.92,67700,5.11,42000,1658300,1798432,16:10:03.015
000931.SZ,000931,20260421,20260421,10:29:27.000,102927000,79,5.02,5.09,5.1,5.0,5.1,5.61,4.59,4896480,2474.0558,5156,5.01,117700,5.02,52100,5.0,200200,5.03,50600,4.99,96600,5.04,12400,4.98,104200,5.05,21500,4.97,56300,5.06,29300,4.96,246800,5.07,32600,4.95,153100,5.08,44200,4.94,40900,5.09,35900,4.93,14900,5.1,96432,4.92,67700,5.11,42000,1658300,1784332,16:10:03.187
000931.SZ,000931,20260421,20260421,10:29:30.000,102930000,79,5.02,5.09,5.1,5.0,5.1,5.61,4.59,4896680,2474.1562,5157,5.01,125900,5.02,49400,5.0,200200,5.03,50700,4.99,96600,5.04,12400,4.98,104200,5.05,21500,4.97,56300,5.06,29300,4.96,246800,5.07,32600,4.95,153100,5.08,44200,4.94,40900,5.09,35900,4.93,14900,5.1,96432,4.92,67700,5.11,42000,1666500,1781732,16:10:03.327
000931.SZ,000931,20260421,20260421,10:29:33.000,102933000,79,5.01,5.09,5.1,5.0,5.1,5.61,4.59,4896880,2474.2564,5159,5.01,125700,5.02,49300,5.0,200200,5.03,50700,4.99,96600,5.04,12400,4.98,104200,5.05,21500,4.97,56300,5.06,29300,4.96,246800,5.07,32600,4.95,153100,5.08,44200,4.94,40900,5.09,35900,4.93,14900,5.1,96432,4.92,67700,5.11,42000,1666300,1781632,16:10:03.589
000931.SZ,000931,20260421,20260421,10:29:36.000,102936000,79,5.02,5.09,5.1,5.0,5.1,5.61,4.59,4897780,2474.7082,5162,5.01,125500,5.02,48400,5.0,199500,5.03,50700,4.99,96600,5.04,12400,4.98,104200,5.05,21500,4.97,56100,5.06,29300,4.96,246800,5.07,32600,4.95,153100,5.08,44200,4.94,40900,5.09,35900,4.93,14900,5.1,96432,4.92,67700,5.11,42000,1665200,1780732,16:10:03.732
000931.SZ,000931,20260421,20260421,10:29:39.000,102939000,79,5.02,5.09,5.1,5.0,5.1,5.61,4.59,4897980,2474.8086,5164,5.01,125500,5.02,48200,5.0,199400,5.03,50700,4.99,96600,5.04,12400,4.98,109200,5.05,21500,4.97,56100,5.06,29300,4.96,246800,5.07,32600,4.95,153100,5.08,44200,4.94,40900,5.09,35900,4.93,14900,5.1,96432,4.92,67700,5.11,42000,1670100,1780532,16:10:03.947
000931.SZ,000931,20260421,20260421,10:29:45.000,102945000,79,5.02,5.09,5.1,5.0,5.1,5.61,4.59,4897980,2474.8086,5164,5.01,131500,5.02,48200,5.0,199400,5.03,50700,4.99,96600,5.04,12400,4.98,109200,5.05,21500,4.97,56100,5.06,29300,4.96,246800,5.07,32600,4.95,153100,5.08,44200,4.94,40900,5.09,35900,4.93,14900,5.1,96432,4.92,67700,5.11,42000,1676100,1780532,16:10:04.286
000931.SZ,000931,20260421,20260421,10:29:48.000,102948000,79,5.01,5.09,5.1,5.0,5.1,5.61,4.59,4903580,2477.6178,5170,5.01,132100,5.02,42600,5.0,199400,5.03,50700,4.99,96600,5.04,12400,4.98,109200,5.05,21500,4.97,56100,5.06,29300,4.96,251800,5.07,32600,4.95,153100,5.08,44200,4.94,40900,5.09,35900,4.93,14900,5.1,96432,4.92,67700,5.11,42000,1681700,1774932,16:10:04.523
000931.SZ,000931,20260421,20260421,10:29:51.000,102951000,79,5.02,5.09,5.1,5.0,5.1,5.61,4.59,4906080,2478.8718,5175,5.01,138700,5.02,41100,5.0,199400,5.03,50700,4.99,96600,5.04,12400,4.98,109200,5.05,21500,4.97,56100,5.06,29300,4.96,251800,5.07,32600,4.95,153100,5.08,44200,4.94,40900,5.09,35900,4.93,14900,5.1,101432,4.92,67700,5.11,42000,1688300,1778432,16:10:04.608
000931.SZ,000931,20260421,20260421,10:29:54.000,102954000,79,5.02,5.09,5.1,5.0,5.1,5.61,4.59,4906080,2478.8718,5175,5.01,138700,5.02,41400,5.0,199400,5.03,50700,4.99,96600,5.04,12400,4.98,109200,5.05,21500,4.97,56100,5.06,29300,4.96,251800,5.07,32600,4.95,153100,5.08,44200,4.94,40900,5.09,35900,4.93,14900,5.1,101432,4.92,67700,5.11,42000,1688300,1778732,16:10:04.878
000931.SZ,000931,20260421,20260421,10:30:00.000,103000000,79,5.02,5.09,5.1,5.0,5.1,5.61,4.59,4947480,2499.6546,5224,5.02,18700,5.03,53400,5.01,137400,5.04,13800,5.0,199400,5.05,21500,4.99,96600,5.06,29300,4.98,109200,5.07,32600,4.97,56100,5.08,44200,4.96,251800,5.09,35900,4.95,153100,5.1,101432,4.94,40900,5.11,42000,4.93,14900,5.12,30600,1705700,1741432,16:10:05.347
000931.SZ,000931,20260421,20260421,10:30:03.000,103003000,79,5.02,5.09,5.1,5.0,5.1,5.61,4.59,4947480,2499.6546,5224,5.02,12700,5.03,53400,5.01,131700,5.04,14100,5.0,199400,5.05,21500,4.99,96600,5.06,29300,4.98,109200,5.07,32600,4.97,56100,5.08,44200,4.96,251800,5.09,35900,4.95,153100,5.1,101432,4.94,40900,5.11,42000,4.93,14900,5.12,30600,1694000,1741732,16:10:05.505
000931.SZ,000931,20260421,20260421,10:30:06.000,103006000,79,5.02,5.09,5.1,5.0,5.1,5.61,4.59,4961880,2506.8835,5276,5.01,131700,5.02,1100,5.0,199400,5.03,54600,4.99,96600,5.04,14400,4.98,109200,5.05,21500,4.97,56100,5.06,29300,4.96,251800,5.07,32600,4.95,154800,5.08,44200,4.94,40900,5.09,35900,4.93,14900,5.1,101432,4.92,67700,5.11,42000,1683000,1744332,16:10:05.793
000931.SZ,000931,20260421,20260421,10:30:09.000,103009000,79,5.02,5.09,5.1,5.0,5.1,5.61,4.59,4961880,2506.8835,5276,5.01,131600,5.02,1700,5.0,199400,5.03,54600,4.99,96600,5.04,14400,4.98,109200,5.05,21500,4.97,56100,5.06,29300,4.96,251800,5.07,32600,4.95,154800,5.08,44200,4.94,40900,5.09,35900,4.93,14900,5.1,101432,4.92,67700,5.11,42000,1682900,1744932,16:10:05.959
000931.SZ,000931,20260421,20260421,10:30:12.000,103012000,79,5.02,5.09,5.1,5.0,5.1,5.61,4.59,4962180,2507.0341,5278,5.01,131600,5.02,1400,5.0,199400,5.03,54600,4.99,96600,5.04,14400,4.98,111200,5.05,21500,4.97,56100,5.06,29300,4.96,251800,5.07,32600,4.95,154800,5.08,44200,4.94,40900,5.09,35900,4.93,14900,5.1,101432,4.92,67700,5.11,42000,1684900,1744632,16:10:06.098
000931.SZ,000931,20260421,20260421,10:30:15.000,103015000,79,5.02,5.09,5.1,5.0,5.1,5.61,4.59,4963880,2507.8875,5285,5.02,9000,5.03,54600,5.01,131600,5.04,14400,5.0,199400,5.05,21500,4.99,96600,5.06,29300,4.98,111200,5.07,32600,4.97,56100,5.08,44200,4.96,251800,5.09,35900,4.95,154800,5.1,101432,4.94,40900,5.11,42000,4.93,14900,5.12,30600,1693900,1743232,16:10:06.379
000931.SZ,000931,20260421,20260421,10:30:18.000,103018000,79,5.02,5.09,5.1,5.0,5.1,5.61,4.59,4966380,2509.1425,5287,5.02,9000,5.03,56400,5.01,131600,5.04,14700,5.0,199400,5.05,21500,4.99,96600,5.06,29300,4.98,111200,5.07,32600,4.97,56100,5.08,44200,4.96,251800,5.09,35900,4.95,154800,5.1,101432,4.94,40900,5.11,42000,4.93,14900,5.12,30600,1693900,1745332,16:10:06.641
000931.SZ,000931,20260421,20260421,10:30:21.000,103021000,79,5.02,5.09,5.1,5.0,5.1,5.61,4.59,4966380,2509.1425,5287,5.02,10200,5.03,56400,5.01,131600,5.04,14700,5.0,199400,5.05,21500,4.99,96600,5.06,29300,4.98,111200,5.07,32600,4.97,56100,5.08,44200,4.96,251800,5.09,35900,4.95,154800,5.1,101432,4.94,40900,5.11,42000,4.93,14900,5.12,30600,1695100,1745332,16:10:06.765
000931.SZ,000931,20260421,20260421,10:30:24.000,103024000,79,5.02,5.09,5.1,5.0,5.1,5.61,4.59,4966480,2509.1927,5288,5.02,12700,5.03,56400,5.01,131600,5.04,14700,5.0,201400,5.05,21500,4.99,96600,5.06,29300,4.98,110200,5.07,32600,4.97,56100,5.08,44200,4.96,251800,5.09,35900,4.95,154800,5.1,101432,4.94,40900,5.11,42000,4.93,14900,5.12,30600,1698600,1745332,16:10:07.004
000931.SZ,000931,20260421,20260421,10:30:27.000,103027000,79,5.02,5.09,5.1,5.0,5.1,5.61,4.59,5022180,2537.1541,5352,5.01,131600,5.02,7300,5.0,201400,5.03,56400,4.99,96600,5.04,14700,4.98,110200,5.05,21500,4.97,56100,5.06,29300,4.96,251800,5.07,32600,4.95,154800,5.08,44200,4.94,40900,5.09,35900,4.93,14900,5.1,101432,4.92,67700,5.11,42000,1685900,1752632,16:10:07.287
000931.SZ,000931,20260421,20260421,10:30:30.000,103030000,79,5.03,5.09,5.1,5.0,5.1,5.61,4.59,5030480,2541.3212,5372,5.02,8100,5.03,55800,5.01,135200,5.04,14700,5.0,201400,5.05,21500,4.99,96600,5.06,29300,4.98,110200,5.07,32600,4.97,56100,5.08,44200,4.96,251800,5.09,35900,4.95,154800,5.1,101432,4.94,40900,5.11,42000,4.93,14900,5.12,30600,1697600,1744732,16:10:07.567
000931.SZ,000931,20260421,20260421,10:30:33.000,103033000,79,5.02,5.09,5.1,5.0,5.1,5.61,4.59,5033180,2542.6766,5376,5.02,13000,5.03,55800,5.01,135200,5.04,14700,5.0,201400,5.05,21500,4.99,96600,5.06,29300,4.98,110200,5.07,32600,4.97,56100,5.08,44200,4.96,251800,5.09,36900,4.95,154800,5.1,101432,4.94,40900,5.11,42000,4.93,14900,5.12,30600,1702500,1745732,16:10:07.685
000931.SZ,000931,20260421,20260421,10:30:36.000,103036000,79,5.02,5.09,5.1,5.0,5.1,5.61,4.59,5033280,2542.7268,5377,5.02,13200,5.03,55800,5.01,135200,5.04,14700,5.0,202400,5.05,21500,4.99,96600,5.06,29300,4.98,110200,5.07,32600,4.97,56100,5.08,44200,4.96,251800,5.09,36900,4.95,154800,5.1,101432,4.94,40900,5.11,42000,4.93,14900,5.12,30600,1703700,1745732,16:10:07.989
000931.SZ,000931,20260421,20260421,10:30:39.000,103039000,79,5.02,5.09,5.1,5.0,5.1,5.61,4.59,5035580,2543.8814,5379,5.02,15900,5.03,55800,5.01,135200,5.04,14700,5.0,202400,5.05,21500,4.99,96600,5.06,29300,4.98,110200,5.07,32600,4.97,56100,5.08,44200,4.96,251800,5.09,36900,4.95,154800,5.1,101432,4.94,40900,5.11,42000,4.93,14900,5.12,30600,1706400,1745732,16:10:08.175
000931.SZ,000931,20260421,20260421,10:30:42.000,103042000,79,5.02,5.09,5.1,5.0,5.1,5.61,4.59,5035680,2543.9316,5380,5.02,16400,5.03,62300,5.01,135200,5.04,14700,5.0,202400,5.05,21500,4.99,96600,5.06,29300,4.98,110200,5.07,32600,4.97,56100,5.08,44200,4.96,251800,5.09,36900,4.95,154800,5.1,101432,4.94,40900,5.11,42000,4.93,14900,5.12,30600,1707900,1752232,16:10:08.392
000931.SZ,000931,20260421,20260421,10:30:45.000,103045000,79,5.02,5.09,5.1,5.0,5.1,5.61,4.59,5037680,2544.9356,5381,5.02,15900,5.03,62900,5.01,135200,5.04,14700,5.0,205400,5.05,21500,4.99,96600,5.06,29800,4.98,110200,5.07,32600,4.97,56100,5.08,44200,4.96,251800,5.09,36900,4.95,154800,5.1,101432,4.94,40900,5.11,42000,4.93,14900,5.12,30600,1710400,1758332,16:10:08.731
000931.SZ,000931,20260421,20260421,10:30:48.000,103048000,79,5.02,5.09,5.1,5.0,5.1,5.61,4.59,5037780,2544.9858,5382,5.02,16800,5.03,67000,5.01,135200,5.04,14700,5.0,205400,5.05,21500,4.99,100600,5.06,29800,4.98,110200,5.07,32600,4.97,56100,5.08,44200,4.96,251800,5.09,36900,4.95,154800,5.1,101432,4.94,40900,5.11,42000,4.93,14900,5.12,30600,1715300,1762432,16:10:08.841
000931.SZ,000931,20260421,20260421,10:30:51.000,103051000,79,5.02,5.09,5.1,5.0,5.1,5.61,4.59,5037880,2545.036,5383,5.02,17500,5.03,77600,5.01,135200,5.04,14700,5.0,205400,5.05,21500,4.99,100600,5.06,29800,4.98,110200,5.07,32600,4.97,56100,5.08,44200,4.96,251800,5.09,36900,4.95,154800,5.1,101432,4.94,40900,5.11,42000,4.93,14900,5.12,30600,1716000,1773032,16:10:09.063
000931.SZ,000931,20260421,20260421,10:30:54.000,103054000,79,5.02,5.09,5.1,5.0,5.1,5.61,4.59,5037980,2545.0862,5384,5.02,17400,5.03,77600,5.01,135200,5.04,14700,5.0,205400,5.05,21500,4.99,100600,5.06,29800,4.98,110200,5.07,32600,4.97,56100,5.08,44200,4.96,251800,5.09,36900,4.95,154800,5.1,101432,4.94,40900,5.11,42000,4.93,14900,5.12,30600,1716200,1773032,16:10:09.422
000931.SZ,000931,20260421,20260421,10:30:57.000,103057000,79,5.02,5.09,5.1,5.0,5.1,5.61,4.59,5037980,2545.0862,5384,5.02,27500,5.03,77600,5.01,135200,5.04,14700,5.0,205400,5.05,21500,4.99,100600,5.06,29800,4.98,110200,5.07,32600,4.97,56100,5.08,44200,4.96,251800,5.09,36900,4.95,154800,5.1,101432,4.94,40900,5.11,42000,4.93,14900,5.12,30600,1726300,1773032,16:10:09.714
000931.SZ,000931,20260421,20260421,10:31:00.000,103100000,79,5.02,5.09,5.1,5.0,5.1,5.61,4.59,5038080,2545.1364,5385,5.02,31000,5.03,77600,5.01,138200,5.04,14700,5.0,207400,5.05,21500,4.99,100600,5.06,29800,4.98,110200,5.07,32600,4.97,56100,5.08,44200,4.96,251800,5.09,36900,4.95,154800,5.1,101432,4.94,40900,5.11,42000,4.93,14900,5.12,30600,1734800,1773032,16:10:09.856
000931.SZ,000931,20260421,20260421,10:31:03.000,103103000,79,5.02,5.09,5.1,5.0,5.1,5.61,4.59,5038080,2545.1364,5385,5.02,31000,5.03,77600,5.01,128600,5.04,14700,5.0,207400,5.05,21500,4.99,100600,5.06,29800,4.98,110200,5.07,32600,4.97,56100,5.08,44200,4.96,251800,5.09,36900,4.95,154800,5.1,101432,4.94,40900,5.11,42000,4.93,14900,5.12,30600,1725200,1773032,16:10:10.249
000931.SZ,000931,20260421,20260421,10:31:06.000,103106000,79,5.02,5.09,5.1,5.0,5.1,5.61,4.59,5038080,2545.1364,5385,5.02,31100,5.03,77600,5.01,128600,5.04,14800,5.0,207600,5.05,21500,4.99,100600,5.06,29800,4.98,110200,5.07,32600,4.97,56100,5.08,44200,4.96,251800,5.09,36900,4.95,154800,5.1,101432,4.94,40900,5.11,42000,4.93,14900,5.12,30600,1725500,1773132,16:10:10.488
000931.SZ,000931,20260421,20260421,10:31:12.000,103112000,79,5.02,5.09,5.1,5.0,5.1,5.61,4.59,5038080,2545.1364,5385,5.02,32100,5.03,77600,5.01,128600,5.04,14800,5.0,207600,5.05,21500,4.99,100600,5.06,29800,4.98,110200,5.07,32600,4.97,56100,5.08,44200,4.96,251800,5.09,36900,4.95,154800,5.1,101432,4.94,40900,5.11,42000,4.93,14900,5.12,30600,1726500,1773132,16:10:10.990
000931.SZ,000931,20260421,20260421,10:31:15.000,103115000,79,5.02,5.09,5.1,5.0,5.1,5.61,4.59,5038080,2545.1364,5385,5.02,32100,5.03,77600,5.01,128600,5.04,14800,5.0,207600,5.05,21500,4.99,100600,5.06,29800,4.98,110200,5.07,32600,4.97,56100,5.08,44200,4.96,251800,5.09,36900,4.95,156800,5.1,101432,4.94,40900,5.11,42000,4.93,14900,5.12,30600,1728500,1773132,16:10:11.111
000931.SZ,000931,20260421,20260421,10:31:18.000,103118000,79,5.02,5.09,5.1,5.0,5.1,5.61,4.59,5039880,2546.04,5387,5.02,30300,5.03,77700,5.01,125400,5.04,14800,5.0,207600,5.05,21500,4.99,100600,5.06,29800,4.98,110200,5.07,32600,4.97,56100,5.08,44200,4.96,251800,5.09,36900,4.95,156800,5.1,101432,4.94,40900,5.11,42000,4.93,14900,5.12,30600,1723500,1773232,16:10:11.352
000931.SZ,000931,20260421,20260421,10:31:21.000,103121000,79,5.02,5.09,5.1,5.0,5.1,5.61,4.59,5039880,2546.04,5387,5.02,30600,5.03,77700,5.01,126400,5.04,14800,5.0,207600,5.05,21500,4.99,100600,5.06,29800,4.98,110200,5.07,32600,4.97,56100,5.08,44200,4.96,251800,5.09,36900,4.95,156800,5.1,101432,4.94,40900,5.11,42000,4.93,14900,5.12,30600,1725300,1773232,16:10:11.581
000931.SZ,000931,20260421,20260421,10:31:27.000,103127000,79,5.02,5.09,5.1,5.0,5.1,5.61,4.59,5039880,2546.04,5387,5.02,31400,5.03,77700,5.01,126400,5.04,14800,5.0,207600,5.05,21500,4.99,100600,5.06,29800,4.98,110200,5.07,32600,4.97,56100,5.08,44200,4.96,251800,5.09,36900,4.95,156800,5.1,101432,4.94,40900,5.11,42000,4.93,14900,5.12,30600,1726100,1773232,16:10:11.984
000931.SZ,000931,20260421,20260421,10:31:36.000,103136000,79,5.02,5.09,5.1,5.0,5.1,5.61,4.59,5039880,2546.04,5387,5.02,32700,5.03,77800,5.01,126400,5.04,14800,5.0,207600,5.05,21500,4.99,100600,5.06,29800,4.98,110200,5.07,32600,4.97,56100,5.08,44200,4.96,251800,5.09,36900,4.95,156800,5.1,101432,4.94,40900,5.11,42000,4.93,14900,5.12,30600,1727400,1773332,16:10:12.595
000931.SZ,000931,20260421,20260421,10:31:39.000,103139000,79,5.02,5.09,5.1,5.0,5.1,5.61,4.59,5039880,2546.04,5387,5.02,66100,5.03,77800,5.01,126400,5.04,14800,5.0,207600,5.05,21500,4.99,100600,5.06,29800,4.98,110200,5.07,32600,4.97,56100,5.08,44200,4.96,251800,5.09,36900,4.95,156800,5.1,101432,4.94,40900,5.11,42000,4.93,14900,5.12,30600,1760800,1773332,16:10:12.699
000931.SZ,000931,20260421,20260421,10:31:42.000,103142000,79,5.02,5.09,5.1,5.0,5.1,5.61,4.59,5039880,2546.04,5387,5.02,67600,5.03,77800,5.01,126400,5.04,14800,5.0,207600,5.05,21500,4.99,100600,5.06,29800,4.98,110200,5.07,32600,4.97,56100,5.08,44200,4.96,251800,5.09,36900,4.95,166800,5.1,101432,4.94,40900,5.11,42000,4.93,14900,5.12,30600,1772300,1773332,16:10:12.905
000931.SZ,000931,20260421,20260421,10:31:45.000,103145000,79,5.02,5.09,5.1,5.0,5.1,5.61,4.59,5071480,2561.9048,5407,5.02,37600,5.03,76200,5.01,126400,5.04,14800,5.0,207600,5.05,21500,4.99,100600,5.06,29800,4.98,110200,5.07,32600,4.97,56100,5.08,44200,4.96,251800,5.09,36900,4.95,166800,5.1,101432,4.94,40900,5.11,42000,4.93,14900,5.12,30600,1742300,1771732,16:10:13.110
000931.SZ,000931,20260421,20260421,10:31:48.000,103148000,79,5.02,5.09,5.1,5.0,5.1,5.61,4.59,5071480,2561.9048,5407,5.02,38900,5.03,77100,5.01,126400,5.04,14800,5.0,207600,5.05,21500,4.99,100600,5.06,29800,4.98,110200,5.07,32600,4.97,56100,5.08,44200,4.96,251800,5.09,36900,4.95,166800,5.1,101432,4.94,40900,5.11,42000,4.93,14900,5.12,30600,1743600,1772632,16:10:13.297
000931.SZ,000931,20260421,20260421,10:31:51.000,103151000,79,5.02,5.09,5.1,5.0,5.1,5.61,4.59,5071480,2561.9048,5407,5.02,38900,5.03,77100,5.01,126400,5.04,14800,5.0,207600,5.05,21500,4.99,100600,5.06,29800,4.98,110200,5.07,32600,4.97,55100,5.08,44200,4.96,251800,5.09,36900,4.95,166800,5.1,101432,4.94,40900,5.11,42000,4.93,14900,5.12,30600,1742600,1772632,16:10:13.594
000931.SZ,000931,20260421,20260421,10:31:54.000,103154000,79,5.02,5.09,5.1,5.0,5.1,5.61,4.59,5071480,2561.9048,5407,5.02,38900,5.03,77100,5.01,126400,5.04,14800,5.0,207600,5.05,21500,4.99,100600,5.06,34800,4.98,110200,5.07,32600,4.97,55100,5.08,44200,4.96,251800,5.09,36900,4.95,166800,5.1,101432,4.94,40900,5.11,42000,4.93,14900,5.12,30600,1742600,1779632,16:10:13.683
000931.SZ,000931,20260421,20260421,10:31:57.000,103157000,79,5.02,5.09,5.1,5.0,5.1,5.61,4.59,5071480,2561.9048,5407,5.02,39100,5.03,77100,5.01,126400,5.04,14800,5.0,207600,5.05,21500,4.99,100600,5.06,34800,4.98,110200,5.07,32600,4.97,55100,5.08,44200,4.96,251800,5.09,36900,4.95,166800,5.1,101432,4.94,40900,5.11,42000,4.93,14900,5.12,30600,1742800,1780632,16:10:13.936
000931.SZ,000931,20260421,20260421,10:32:00.000,103200000,79,5.02,5.09,5.1,5.0,5.1,5.61,4.59,5112880,2582.6876,5432,5.01,128400,5.02,11200,5.0,207600,5.03,66600,4.99,100600,5.04,14800,4.98,110200,5.05,21500,4.97,55100,5.06,34800,4.96,251800,5.07,32600,4.95,166800,5.08,44200,4.94,40900,5.09,36900,4.93,14900,5.1,101432,4.92,67700,5.11,42000,1705700,1781332,16:10:14.313
000931.SZ,000931,20260421,20260421,10:32:03.000,103203000,79,5.02,5.09,5.1,5.0,5.1,5.61,4.59,5121480,2587.0015,5450,5.01,119400,5.02,8200,5.0,207600,5.03,66200,4.99,99100,5.04,14800,4.98,110200,5.05,21500,4.97,55100,5.06,34800,4.96,251800,5.07,32600,4.95,166800,5.08,44200,4.94,40900,5.09,36900,4.93,14900,5.1,101432,4.92,67700,5.11,42000,1695200,1777932,16:10:14.581
000931.SZ,000931,20260421,20260421,10:32:06.000,103206000,79,5.02,5.09,5.1,5.0,5.1,5.61,4.59,5122480,2587.5035,5452,5.01,123000,5.02,9700,5.0,207600,5.03,66400,4.99,99100,5.04,14900,4.98,110200,5.05,21500,4.97,55100,5.06,34800,4.96,251800,5.07,32600,4.95,166800,5.08,44200,4.94,40900,5.09,36900,4.93,14900,5.1,101432,4.92,67700,5.11,42000,1698800,1779732,16:10:14.891
000931.SZ,000931,20260421,20260421,10:32:09.000,103209000,79,5.02,5.09,5.1,5.0,5.1,5.61,4.59,5122980,2587.7545,5453,5.01,123000,5.02,10100,5.0,207600,5.03,66400,4.99,99100,5.04,14900,4.98,110200,5.05,21500,4.97,55100,5.06,34800,4.96,251800,5.07,32600,4.95,166800,5.08,44200,4.94,13600,5.09,36900,4.93,14900,5.1,101432,4.92,67700,5.11,42000,1671500,1780132,16:10:15.045
000931.SZ,000931,20260421,20260421,10:32:12.000,103212000,79,5.02,5.09,5.1,5.0,5.1,5.61,4.59,5122980,2587.7545,5453,5.01,123000,5.02,10700,5.0,207600,5.03,66400,4.99,99100,5.04,14900,4.98,110200,5.05,21500,4.97,55100,5.06,34800,4.96,251800,5.07,32600,4.95,166800,5.08,44200,4.94,13600,5.09,36900,4.93,14900,5.1,101432,4.92,67700,5.11,42000,1671500,1780732,16:10:15.248
000931.SZ,000931,20260421,20260421,10:32:15.000,103215000,79,5.02,5.09,5.1,5.0,5.1,5.61,4.59,5122980,2587.7545,5453,5.01,128000,5.02,64500,5.0,207600,5.03,66400,4.99,99100,5.04,14900,4.98,110200,5.05,21500,4.97,55100,5.06,34800,4.96,251800,5.07,32600,4.95,166800,5.08,44200,4.94,13600,5.09,36900,4.93,14900,5.1,101432,4.92,67700,5.11,42000,1676500,1834532,16:10:15.531
000931.SZ,000931,20260421,20260421,10:32:18.000,103218000,79,5.02,5.09,5.1,5.0,5.1,5.61,4.59,5127980,2590.2645,5460,5.01,128000,5.02,71000,5.0,207600,5.03,57600,4.99,99100,5.04,12600,4.98,110200,5.05,21500,4.97,55100,5.06,34800,4.96,251800,5.07,32600,4.95,166800,5.08,44200,4.94,13600,5.09,36900,4.93,14900,5.1,101432,4.92,67700,5.11,42000,1676500,1829932,16:10:15.655
000931.SZ,000931,20260421,20260421,10:32:21.000,103221000,79,5.02,5.09,5.1,5.0,5.1,5.61,4.59,5127980,2590.2645,5460,5.01,128000,5.02,69100,5.0,207600,5.03,57600,4.99,99100,5.04,12600,4.98,110200,5.05,21500,4.97,55100,5.06,34800,4.96,251800,5.07,32600,4.95,166800,5.08,44200,4.94,13600,5.09,36900,4.93,14900,5.1,101432,4.92,67700,5.11,42000,1676500,1828032,16:10:15.901
000931.SZ,000931,20260421,20260421,10:32:24.000,103224000,79,5.02,5.09,5.1,5.0,5.1,5.61,4.59,5155680,2604.1699,5475,5.01,128000,5.02,41400,5.0,207600,5.03,57600,4.99,99100,5.04,12600,4.98,110200,5.05,21500,4.97,55100,5.06,34800,4.96,251800,5.07,32600,4.95,166800,5.08,44200,4.94,13600,5.09,36900,4.93,14900,5.1,101432,4.92,67700,5.11,42000,1676500,1800332,16:10:16.076
000931.SZ,000931,20260421,20260421,10:32:27.000,103227000,79,5.02,5.09,5.1,5.0,5.1,5.61,4.59,5161680,2607.1819,5477,5.01,128000,5.02,36300,5.0,207600,5.03,57600,4.99,99100,5.04,12600,4.98,110200,5.05,21500,4.97,55100,5.06,34800,4.96,251800,5.07,32600,4.95,166800,5.08,44200,4.94,13600,5.09,36900,4.93,14900,5.1,101432,4.92,67700,5.11,42000,1676500,1795232,16:10:16.295
000931.SZ,000931,20260421,20260421,10:32:30.000,103230000,79,5.02,5.09,5.1,5.0,5.1,5.61,4.59,5161680,2607.1819,5477,5.01,128400,5.02,38300,5.0,207600,5.03,57600,4.99,99100,5.04,12600,4.98,110200,5.05,21500,4.97,55100,5.06,34800,4.96,251800,5.07,32600,4.95,166800,5.08,44200,4.94,13600,5.09,36900,4.93,14900,5.1,101432,4.92,67700,5.11,42000,1676900,1797232,16:10:16.468
000931.SZ,000931,20260421,20260421,10:32:33.000,103233000,79,5.02,5.09,5.1,5.0,5.1,5.61,4.59,5161680,2607.1819,5477,5.01,128900,5.02,38300,5.0,207600,5.03,57500,4.99,99100,5.04,12500,4.98,110200,5.05,21500,4.97,55100,5.06,34800,4.96,251800,5.07,32600,4.95,166800,5.08,44200,4.94,13600,5.09,36900,4.93,14900,5.1,101432,4.92,67700,5.11,42000,1677400,1797032,16:10:16.701
000931.SZ,000931,20260421,20260421,10:32:36.000,103236000,79,5.02,5.09,5.1,5.0,5.1,5.61,4.59,5161680,2607.1819,5477,5.01,128900,5.02,38500,5.0,207600,5.03,57600,4.99,99100,5.04,12600,4.98,110200,5.05,21500,4.97,55100,5.06,34800,4.96,251800,5.07,32600,4.95,166800,5.08,44200,4.94,13600,5.09,36900,4.93,14900,5.1,101432,4.92,67700,5.11,42000,1677400,1797432,16:10:16.869
000931.SZ,000931,20260421,20260421,10:32:42.000,103242000,79,5.02,5.09,5.1,5.0,5.1,5.61,4.59,5161680,2607.1819,5477,5.01,128900,5.02,38700,5.0,207600,5.03,57600,4.99,99100,5.04,12600,4.98,110200,5.05,21500,4.97,55100,5.06,34800,4.96,251800,5.07,32600,4.95,166800,5.08,44200,4.94,13600,5.09,36900,4.93,14900,5.1,101432,4.92,67700,5.11,42000,1677400,1797632,16:10:17.388
000931.SZ,000931,20260421,20260421,10:32:45.000,103245000,79,5.02,5.09,5.1,5.0,5.1,5.61,4.59,5161680,2607.1819,5477,5.01,128900,5.02,40500,5.0,207600,5.03,55900,4.99,99100,5.04,12600,4.98,110200,5.05,21500,4.97,55100,5.06,34800,4.96,251800,5.07,32600,4.95,166800,5.08,44200,4.94,13600,5.09,36900,4.93,14900,5.1,101432,4.92,67700,5.11,42000,1677400,1797732,16:10:17.545
000931.SZ,000931,20260421,20260421,10:32:54.000,103254000,79,5.02,5.09,5.1,5.0,5.1,5.61,4.59,5161680,2607.1819,5477,5.01,128900,5.02,40500,5.0,212600,5.03,55900,4.99,99100,5.04,12600,4.98,110200,5.05,21500,4.97,55100,5.06,34800,4.96,251800,5.07,32600,4.95,166800,5.08,44200,4.94,13600,5.09,36900,4.93,14900,5.1,101432,4.92,67700,5.11,42000,1682400,1797732,16:10:18.071
000931.SZ,000931,20260421,20260421,10:33:00.000,103300000,79,5.01,5.09,5.1,5.0,5.1,5.61,4.59,5161780,2607.232,5478,5.01,128800,5.02,43200,5.0,212600,5.03,55900,4.99,99100,5.04,12600,4.98,110200,5.05,21500,4.97,55100,5.06,34800,4.96,251800,5.07,32600,4.95,166800,5.08,44200,4.94,13600,5.09,36900,4.93,14900,5.1,101432,4.92,67700,5.11,42000,1682300,1800432,16:10:18.558
000931.SZ,000931,20260421,20260421,10:33:03.000,103303000,79,5.01,5.09,5.1,5.0,5.1,5.61,4.59,5161780,2607.232,5478,5.01,128800,5.02,44200,5.0,212600,5.03,55900,4.99,99100,5.04,12600,4.98,110200,5.05,21500,4.97,55100,5.06,34800,4.96,251800,5.07,32600,4.95,166800,5.08,44200,4.94,13600,5.09,36900,4.93,14900,5.1,101432,4.92,67700,5.11,42000,1682300,1801432,16:10:18.753
000931.SZ,000931,20260421,20260421,10:33:06.000,103306000,79,5.01,5.09,5.1,5.0,5.1,5.61,4.59,5161780,2607.232,5478,5.01,128800,5.02,44400,5.0,212600,5.03,55900,4.99,99100,5.04,12600,4.98,110200,5.05,21500,4.97,55100,5.06,34800,4.96,251800,5.07,32600,4.95,166800,5.08,44200,4.94,13600,5.09,36900,4.93,14900,5.1,101432,4.92,67700,5.11,42000,1682300,1801632,16:10:18.840
000931.SZ,000931,20260421,20260421,10:33:09.000,103309000,79,5.01,5.09,5.1,5.0,5.1,5.61,4.59,5161780,2607.232,5478,5.01,128800,5.02,53400,5.0,212600,5.03,39800,4.99,99100,5.04,12600,4.98,110200,5.05,21500,4.97,55100,5.06,34800,4.96,251800,5.07,32600,4.95,166800,5.08,44200,4.94,13600,5.09,36900,4.93,14900,5.1,101432,4.92,67700,5.11,42000,1682300,1794532,16:10:18.929
000931.SZ,000931,20260421,20260421,10:33:12.000,103312000,79,5.01,5.09,5.1,5.0,5.1,5.61,4.59,5161880,2607.2821,5479,5.01,128700,5.02,53400,5.0,212600,5.03,39800,4.99,99100,5.04,12600,4.98,110200,5.05,21500,4.97,55100,5.06,34800,4.96,251800,5.07,32600,4.95,166800,5.08,44200,4.94,13600,5.09,36900,4.93,14900,5.1,101432,4.92,67700,5.11,42000,1682200,1794532,16:10:18.973
000931.SZ,000931,20260421,20260421,10:33:18.000,103318000,79,5.01,5.09,5.1,5.0,5.1,5.61,4.59,5161880,2607.2821,5479,5.01,128700,5.02,53400,5.0,213100,5.03,39800,4.99,99100,5.04,12600,4.98,110200,5.05,21500,4.97,55100,5.06,34800,4.96,251800,5.07,32600,4.95,166800,5.08,44200,4.94,13600,5.09,36900,4.93,14900,5.1,101432,4.92,67700,5.11,42000,1682700,1794532,16:10:19.176
000931.SZ,000931,20260421,20260421,10:33:24.000,103324000,79,5.01,5.09,5.1,5.0,5.1,5.61,4.59,5161880,2607.2821,5479,5.01,129200,5.02,53400,5.0,213100,5.03,39800,4.99,99100,5.04,12600,4.98,110200,5.05,21500,4.97,55100,5.06,34800,4.96,251800,5.07,32600,4.95,166800,5.08,44200,4.94,13600,5.09,36900,4.93,14900,5.1,101432,4.92,67700,5.11,42000,1683200,1794532,16:10:19.371
000931.SZ,000931,20260421,20260421,10:33:30.000,103330000,79,5.01,5.09,5.1,5.0,5.1,5.61,4.59,5161880,2607.2821,5479,5.01,129200,5.02,53400,5.0,213100,5.03,39800,4.99,99100,5.04,12600,4.98,110200,5.05,21500,4.97,55100,5.06,34800,4.96,251800,5.07,32600,4.95,166800,5.08,44200,4.94,13600,5.09,36900,4.93,14900,5.1,101432,4.92,67700,5.11,42000,1683200,1797532,16:10:19.786
000931.SZ,000931,20260421,20260421,10:33:33.000,103333000,79,5.01,5.09,5.1,5.0,5.1,5.61,4.59,5161880,2607.2821,5479,5.01,129200,5.02,54000,5.0,212000,5.03,39800,4.99,99100,5.04,12600,4.98,110200,5.05,21500,4.97,55100,5.06,34800,4.96,251800,5.07,32600,4.95,166800,5.08,44200,4.94,13600,5.09,36900,4.93,14900,5.1,101432,4.92,67700,5.11,42000,1682100,1798132,16:10:20.085
000931.SZ,000931,20260421,20260421,10:33:36.000,103336000,79,5.02,5.09,5.1,5.0,5.1,5.61,4.59,5162880,2607.7841,5480,5.01,132800,5.02,53000,5.0,212000,5.03,39800,4.99,99100,5.04,12600,4.98,110200,5.05,21500,4.97,55100,5.06,34800,4.96,251800,5.07,32600,4.95,166800,5.08,44200,4.94,13600,5.09,36900,4.93,14900,5.1,101432,4.92,67700,5.11,42000,1685700,1797132,16:10:20.212
000931.SZ,000931,20260421,20260421,10:33:39.000,103339000,79,5.01,5.09,5.1,5.0,5.1,5.61,4.59,5167880,2610.2891,5484,5.01,128700,5.02,53000,5.0,212000,5.03,39900,4.99,99100,5.04,12600,4.98,110200,5.05,21500,4.97,55100,5.06,34800,4.96,251800,5.07,32600,4.95,166800,5.08,44200,4.94,13600,5.09,36900,4.93,14900,5.1,101432,4.92,67700,5.11,42000,1681600,1797232,16:10:20.354
000931.SZ,000931,20260421,20260421,10:33:42.000,103342000,79,5.01,5.09,5.1,5.0,5.1,5.61,4.59,5167880,2610.2891,5484,5.01,128700,5.02,121300,5.0,212000,5.03,39800,4.99,99100,5.04,12600,4.98,110200,5.05,21500,4.97,55100,5.06,34800,4.96,251800,5.07,32600,4.95,166800,5.08,44200,4.94,13600,5.09,36900,4.93,14900,5.1,101432,4.92,67700,5.11,42000,1681600,1865432,16:10:20.620
000931.SZ,000931,20260421,20260421,10:33:48.000,103348000,79,5.01,5.09,5.1,5.0,5.1,5.61,4.59,5297480,2675.2187,5569,5.0,212000,5.01,37400,4.99,99100,5.02,121300,4.98,110200,5.03,39800,4.97,55100,5.04,12600,4.96,251800,5.05,21500,4.95,166800,5.06,34800,4.94,13600,5.07,32600,4.93,14900,5.08,44200,4.92,67700,5.09,36900,4.91,56300,5.1,101432,1552900,1901832,16:10:20.928
000931.SZ,000931,20260421,20260421,10:33:51.000,103351000,79,5.0,5.09,5.1,5.0,5.1,5.61,4.59,5305580,2679.2687,5583,5.0,203900,5.01,20600,4.99,99100,5.02,117900,4.98,110200,5.03,35700,4.97,55100,5.04,12600,4.96,251800,5.05,21500,4.95,166800,5.06,34800,4.94,13600,5.07,32600,4.93,14900,5.08,44200,4.92,67700,5.09,36900,4.91,56300,5.1,101432,1544800,1877532,16:10:21.196
000931.SZ,000931,20260421,20260421,10:33:54.000,103354000,79,5.0,5.09,5.1,5.0,5.1,5.61,4.59,5306880,2679.9187,5585,5.0,205200,5.01,12300,4.99,99100,5.02,59300,4.98,110200,5.03,35700,4.97,55100,5.04,12600,4.96,251800,5.05,21500,4.95,166800,5.06,34800,4.94,13600,5.07,32600,4.93,14900,5.08,44200,4.92,67700,5.09,36900,4.91,56300,5.1,101432,1546100,1810632,16:10:21.342
000931.SZ,000931,20260421,20260421,10:33:57.000,103357000,79,5.0,5.09,5.1,5.0,5.1,5.61,4.59,5306880,2679.9187,5585,5.0,206400,5.01,14100,4.99,99100,5.02,59300,4.98,110200,5.03,35700,4.97,55100,5.04,12600,4.96,251800,5.05,21500,4.95,165800,5.06,34800,4.94,13600,5.07,32600,4.93,14900,5.08,44200,4.92,67700,5.09,36900,4.91,56300,5.1,101432,1546300,1812232,16:10:21.510
000931.SZ,000931,20260421,20260421,10:34:03.000,103403000,79,5.0,5.09,5.1,5.0,5.1,5.61,4.59,5306880,2679.9187,5585,5.0,206400,5.01,12300,4.99,99100,5.02,59300,4.98,110200,5.03,35700,4.97,55100,5.04,12500,4.96,251800,5.05,21500,4.95,165800,5.06,34800,4.94,13800,5.07,32600,4.93,14900,5.08,44200,4.92,67700,5.09,36900,4.91,56300,5.1,101432,1546500,1810332,16:10:22.024
000931.SZ,000931,20260421,20260421,10:34:06.000,103406000,79,5.01,5.09,5.1,5.0,5.1,5.61,4.59,5307280,2680.1191,5587,5.0,207400,5.01,12000,4.99,99100,5.02,59300,4.98,110200,5.03,35700,4.97,55100,5.04,12500,4.96,251800,5.05,21500,4.95,165800,5.06,34800,4.94,13800,5.07,32600,4.93,14900,5.08,44200,4.92,67700,5.09,36900,4.91,56300,5.1,101432,1547500,1810032,16:10:22.183
000931.SZ,000931,20260421,20260421,10:34:09.000,103409000,79,5.01,5.09,5.1,5.0,5.1,5.61,4.59,5308280,2680.6201,5589,5.0,207400,5.01,11200,4.99,99100,5.02,59400,4.98,110200,5.03,35500,4.97,55100,5.04,12400,4.96,251800,5.05,21500,4.95,165800,5.06,34800,4.94,13800,5.07,32600,4.93,14900,5.08,44200,4.92,67700,5.09,36900,4.91,56300,5.1,101432,1547500,1809032,16:10:22.386
000931.SZ,000931,20260421,20260421,10:34:12.000,103412000,79,5.01,5.09,5.1,5.0,5.1,5.61,4.59,5308280,2680.6201,5589,5.0,207400,5.01,11400,4.99,99100,5.02,59400,4.98,110200,5.03,35500,4.97,55100,5.04,12400,4.96,251800,5.05,21500,4.95,165800,5.06,34800,4.94,13800,5.07,32600,4.93,14900,5.08,44200,4.92,67700,5.09,36900,4.91,56300,5.1,101432,1547500,1809232,16:10:22.604
000931.SZ,000931,20260421,20260421,10:34:15.000,103415000,79,5.01,5.09,5.1,5.0,5.1,5.61,4.59,5308280,2680.6201,5589,5.0,207400,5.01,11400,4.99,99100,5.02,59400,4.98,110200,5.03,35500,4.97,55100,5.04,12400,4.96,251800,5.05,21500,4.95,164800,5.06,34800,4.94,13800,5.07,32600,4.93,14900,5.08,44200,4.92,67700,5.09,36900,4.91,56300,5.1,101432,1546500,1809232,16:10:22.729
000931.SZ,000931,20260421,20260421,10:34:18.000,103418000,79,5.01,5.09,5.1,5.0,5.1,5.61,4.59,5312580,2682.7744,5595,5.0,207400,5.01,8400,4.99,99100,5.02,59400,4.98,110200,5.03,35500,4.97,55100,5.04,12400,4.96,251800,5.05,21500,4.95,164800,5.06,34800,4.94,13800,5.07,32600,4.93,14900,5.08,44200,4.92,67700,5.09,36900,4.91,56300,5.1,101432,1546500,1806232,16:10:22.980
000931.SZ,000931,20260421,20260421,10:34:21.000,103421000,79,5.01,5.09,5.1,5.0,5.1,5.61,4.59,5312580,2682.7744,5595,5.0,209400,5.01,11200,4.99,99100,5.02,49400,4.98,110200,5.03,35500,4.97,55100,5.04,12400,4.96,251800,5.05,21500,4.95,164800,5.06,34800,4.94,13800,5.07,32600,4.93,14900,5.08,44200,4.92,67700,5.09,36900,4.91,56300,5.1,101432,1548500,1799032,16:10:23.092
000931.SZ,000931,20260421,20260421,10:34:24.000,103424000,79,5.01,5.09,5.1,5.0,5.1,5.61,4.59,5312580,2682.7744,5595,5.0,209400,5.01,13900,4.99,99100,5.02,49400,4.98,110200,5.03,35500,4.97,55100,5.04,12400,4.96,251800,5.05,21500,4.95,164800,5.06,34800,4.94,13800,5.07,32600,4.93,14900,5.08,44200,4.92,67700,5.09,36900,4.91,56300,5.1,101432,1548500,1801732,16:10:23.295
000931.SZ,000931,20260421,20260421,10:34:27.000,103427000,79,5.01,5.09,5.1,5.0,5.1,5.61,4.59,5313080,2683.0249,5597,5.0,209400,5.01,14500,4.99,99100,5.02,49400,4.98,110200,5.03,35500,4.97,55100,5.04,12400,4.96,251800,5.05,21500,4.95,164800,5.06,34800,4.94,13800,5.07,32600,4.93,14900,5.08,44200,4.92,67700,5.09,36900,4.91,56300,5.1,101432,1548500,1802832,16:10:23.555
000931.SZ,000931,20260421,20260421,10:34:30.000,103430000,79,5.01,5.09,5.1,5.0,5.1,5.61,4.59,5319780,2686.3816,5610,5.0,209400,5.01,27700,4.99,99100,5.02,49400,4.98,110200,5.03,35500,4.97,55100,5.04,12400,4.96,251800,5.05,21500,4.95,164800,5.06,34800,4.94,13800,5.07,32600,4.93,14900,5.08,44200,4.92,67700,5.09,36900,4.91,56300,5.1,101432,1548500,1816032,16:10:23.680
000931.SZ,000931,20260421,20260421,10:34:33.000,103433000,79,5.01,5.09,5.1,5.0,5.1,5.61,4.59,5319780,2686.3816,5610,5.0,209400,5.01,31100,4.99,99900,5.02,48100,4.98,110200,5.03,35400,4.97,55100,5.04,12400,4.96,251800,5.05,21500,4.95,164800,5.06,34800,4.94,13800,5.07,32600,4.93,14900,5.08,44200,4.92,67700,5.09,36900,4.91,56300,5.1,101432,1549300,1818032,16:10:23.919
000931.SZ,000931,20260421,20260421,10:34:36.000,103436000,79,5.0,5.09,5.1,5.0,5.1,5.61,4.59,5319880,2686.4316,5611,5.0,209300,5.01,31200,4.99,99900,5.02,48200,4.98,110200,5.03,35400,4.97,55100,5.04,12400,4.96,251800,5.05,21500,4.95,164800,5.06,34800,4.94,13800,5.07,32600,4.93,14900,5.08,44200,4.92,67700,5.09,36900,4.91,56300,5.1,101432,1549200,1818232,16:10:24.061
000931.SZ,000931,20260421,20260421,10:34:39.000,103439000,79,5.0,5.09,5.1,5.0,5.1,5.61,4.59,5319880,2686.4316,5611,5.0,210300,5.01,31200,4.99,99900,5.02,48200,4.98,110200,5.03,35400,4.97,55100,5.04,12400,4.96,251800,5.05,21500,4.95,164800,5.06,34800,4.94,13800,5.07,32600,4.93,14900,5.08,44200,4.92,67700,5.09,36900,4.91,56300,5.1,101432,1550200,1818232,16:10:24.245
000931.SZ,000931,20260421,20260421,10:34:45.000,103445000,79,5.0,5.09,5.1,5.0,5.1,5.61,4.59,5319880,2686.4316,5611,5.0,210300,5.01,31200,4.99,99900,5.02,48200,4.98,110700,5.03,35400,4.97,55100,5.04,12400,4.96,251800,5.05,21500,4.95,164800,5.06,34800,4.94,13800,5.07,32600,4.93,15400,5.08,44200,4.92,67700,5.09,36900,4.91,56300,5.1,101432,1551200,1818232,16:10:24.633
000931.SZ,000931,20260421,20260421,10:34:48.000,103448000,79,5.0,5.09,5.1,5.0,5.1,5.61,4.59,5319880,2686.4316,5611,5.0,211800,5.01,31200,4.99,99900,5.02,48200,4.98,110700,5.03,35400,4.97,55100,5.04,12400,4.96,251800,5.05,21500,4.95,164800,5.06,34800,4.94,13800,5.07,32600,4.93,15400,5.08,44200,4.92,67700,5.09,36900,4.91,56300,5.1,101432,1572700,1818232,16:10:24.773
000931.SZ,000931,20260421,20260421,10:34:54.000,103454000,79,5.0,5.09,5.1,5.0,5.1,5.61,4.59,5319880,2686.4316,5611,5.0,211800,5.01,31200,4.99,99900,5.02,48200,4.98,110700,5.03,35400,4.97,55100,5.04,12400,4.96,251800,5.05,21500,4.95,164800,5.06,34800,4.94,13800,5.07,32600,4.93,15400,5.08,44200,4.92,67700,5.09,36900,4.91,56300,5.1,101432,1592700,1818232,16:10:25.178
000931.SZ,000931,20260421,20260421,10:35:00.000,103500000,79,5.0,5.09,5.1,5.0,5.1,5.61,4.59,5319880,2686.4316,5611,5.0,211800,5.01,31600,4.99,99900,5.02,48200,4.98,110700,5.03,35400,4.97,55100,5.04,12400,4.96,251800,5.05,21500,4.95,164800,5.06,34800,4.94,13800,5.07,32600,4.93,15400,5.08,44200,4.92,67700,5.09,36900,4.91,56300,5.1,101432,1592700,1818632,16:10:25.678
000931.SZ,000931,20260421,20260421,10:35:03.000,103503000,79,5.0,5.09,5.1,5.0,5.1,5.61,4.59,5319880,2686.4316,5611,5.0,212600,5.01,32500,4.99,100400,5.02,48200,4.98,110700,5.03,35400,4.97,55300,5.04,12400,4.96,251800,5.05,21500,4.95,164800,5.06,34800,4.94,13800,5.07,32600,4.93,15400,5.08,44200,4.92,67700,5.09,36900,4.91,56300,5.1,101432,1594200,1819532,16:10:26.034
000931.SZ,000931,20260421,20260421,10:35:12.000,103512000,79,5.0,5.09,5.1,5.0,5.1,5.61,4.59,5319880,2686.4316,5611,5.0,207800,5.01,32500,4.99,100400,5.02,48200,4.98,110700,5.03,35400,4.97,55300,5.04,12400,4.96,251800,5.05,21500,4.95,164800,5.06,34800,4.94,13800,5.07,32600,4.93,15400,5.08,44200,4.92,67700,5.09,36900,4.91,56300,5.1,101432,1589400,1819532,16:10:26.724
000931.SZ,000931,20260421,20260421,10:35:15.000,103515000,79,5.0,5.09,5.1,5.0,5.1,5.61,4.59,5319880,2686.4316,5611,5.0,207800,5.01,32500,4.99,98400,5.02,48200,4.98,110700,5.03,35400,4.97,55300,5.04,12400,4.96,251800,5.05,21500,4.95,164800,5.06,34800,4.94,13800,5.07,32600,4.93,15400,5.08,44200,4.92,67700,5.09,36900,4.91,56300,5.1,101432,1587400,1819532,16:10:26.954
000931.SZ,000931,20260421,20260421,10:35:21.000,103521000,79,5.0,5.09,5.1,5.0,5.1,5.61,4.59,5319880,2686.4316,5611,5.0,207800,5.01,32700,4.99,98400,5.02,48200,4.98,110700,5.03,35400,4.97,55300,5.04,12400,4.96,251800,5.05,21500,4.95,164800,5.06,34800,4.94,13800,5.07,32600,4.93,15400,5.08,44200,4.92,67700,5.09,36900,4.91,56300,5.1,101432,1587400,1819732,16:10:27.206
000931.SZ,000931,20260421,20260421,10:35:24.000,103524000,79,5.0,5.09,5.1,5.0,5.1,5.61,4.59,5319880,2686.4316,5611,5.0,207800,5.01,33900,4.99,98400,5.02,48200,4.98,110700,5.03,35400,4.97,57300,5.04,12400,4.96,251800,5.05,21500,4.95,165600,5.06,34800,4.94,13800,5.07,32600,4.93,15400,5.08,44200,4.92,67700,5.09,36900,4.91,56300,5.1,101432,1620200,1820932,16:10:27.457
000931.SZ,000931,20260421,20260421,10:35:27.000,103527000,79,5.0,5.09,5.1,5.0,5.1,5.61,4.59,5319880,2686.4316,5611,5.0,207800,5.01,34100,4.99,98400,5.02,48200,4.98,110700,5.03,35400,4.97,57300,5.04,12400,4.96,251800,5.05,21500,4.95,165600,5.06,34800,4.94,13800,5.07,32600,4.93,15400,5.08,44200,4.92,67700,5.09,36900,4.91,56300,5.1,101432,1620200,1821132,16:10:27.614
000931.SZ,000931,20260421,20260421,10:35:30.000,103530000,79,5.0,5.09,5.1,5.0,5.1,5.61,4.59,5319880,2686.4316,5611,5.0,207800,5.01,33800,4.99,98400,5.02,48200,4.98,110700,5.03,35400,4.97,57300,5.04,12400,4.96,251800,5.05,21500,4.95,165600,5.06,34800,4.94,13800,5.07,32600,4.93,15400,5.08,44200,4.92,67700,5.09,36900,4.91,56300,5.1,101432,1620200,1820832,16:10:27.806
000931.SZ,000931,20260421,20260421,10:35:33.000,103533000,79,5.01,5.09,5.1,5.0,5.1,5.61,4.59,5321380,2687.1831,5614,5.0,220200,5.01,32300,4.99,98400,5.02,48200,4.98,110700,5.03,35400,4.97,57700,5.04,12400,4.96,251800,5.05,21500,4.95,165600,5.06,34800,4.94,13800,5.07,32600,4.93,15400,5.08,44200,4.92,67700,5.09,36900,4.91,56300,5.1,101432,1633000,1819332,16:10:28.079
000931.SZ,000931,20260421,20260421,10:35:36.000,103536000,79,5.01,5.09,5.1,5.0,5.1,5.61,4.59,5327180,2690.0889,5623,5.0,221100,5.01,26500,4.99,98400,5.02,48200,4.98,110700,5.03,35400,4.97,57700,5.04,12400,4.96,252800,5.05,21500,4.95,165600,5.06,34800,4.94,13800,5.07,32600,4.93,15400,5.08,44200,4.92,67700,5.09,36900,4.91,56300,5.1,101432,1634900,1813532,16:10:28.221
000931.SZ,000931,20260421,20260421,10:35:39.000,103539000,79,5.01,5.09,5.1,5.0,5.1,5.61,4.59,5328080,2690.5398,5626,5.0,221100,5.01,30000,4.99,98400,5.02,48200,4.98,110700,5.03,35400,4.97,57700,5.04,12400,4.96,252800,5.05,21500,4.95,165600,5.06,34800,4.94,13800,5.07,32600,4.93,15400,5.08,44200,4.92,67700,5.09,36900,4.91,56300,5.1,101432,1634900,1817032,16:10:28.435
000931.SZ,000931,20260421,20260421,10:35:42.000,103542000,79,5.01,5.09,5.1,5.0,5.1,5.61,4.59,5328080,2690.5398,5626,5.0,220900,5.01,32200,4.99,98400,5.02,48200,4.98,110700,5.03,35400,4.97,57700,5.04,12400,4.96,252800,5.05,21500,4.95,165600,5.06,34800,4.94,13800,5.07,32600,4.93,15400,5.08,44200,4.92,67700,5.09,36900,4.91,56300,5.1,101432,1634700,1819232,16:10:28.671
000931.SZ,000931,20260421,20260421,10:35:45.000,103545000,79,5.01,5.09,5.1,5.0,5.1,5.61,4.59,5328080,2690.5398,5626,5.0,220900,5.01,32500,4.99,98400,5.02,48200,4.98,110700,5.03,35300,4.97,57700,5.04,12400,4.96,252800,5.05,21500,4.95,165600,5.06,34800,4.94,13800,5.07,32600,4.93,15400,5.08,44200,4.92,67700,5.09,36900,4.91,56300,5.1,101432,1634700,1819432,16:10:28.797
000931.SZ,000931,20260421,20260421,10:35:51.000,103551000,79,5.01,5.09,5.1,5.0,5.1,5.61,4.59,5328280,2690.64,5627,5.0,221100,5.01,38700,4.99,99400,5.02,48200,4.98,110700,5.03,35300,4.97,57700,5.04,12400,4.96,252800,5.05,21500,4.95,165600,5.06,34800,4.94,13800,5.07,32600,4.93,15400,5.08,44200,4.92,67700,5.09,36900,4.91,56300,5.1,101432,1644100,1825632,16:10:29.140
000931.SZ,000931,20260421,20260421,10:35:54.000,103554000,79,5.01,5.09,5.1,5.0,5.1,5.61,4.59,5328380,2690.6901,5628,5.0,221100,5.01,39500,4.99,99400,5.02,48200,4.98,110700,5.03,35300,4.97,57700,5.04,12400,4.96,252800,5.05,21500,4.95,168600,5.06,34800,4.94,13800,5.07,32600,4.93,15400,5.08,44200,4.92,67700,5.09,36900,4.91,56300,5.1,101432,1647100,1826432,16:10:29.405
000931.SZ,000931,20260421,20260421,10:36:00.000,103600000,79,5.01,5.09,5.1,5.0,5.1,5.61,4.59,5328380,2690.6901,5628,5.0,221100,5.01,39700,4.99,99400,5.02,48200,4.98,110700,5.03,35300,4.97,57700,5.04,12400,4.96,252800,5.05,21500,4.95,168600,5.06,34800,4.94,13800,5.07,32600,4.93,15400,5.08,44200,4.92,67700,5.09,36900,4.91,56300,5.1,101432,1647100,1826632,16:10:29.842
000931.SZ,000931,20260421,20260421,10:36:06.000,103606000,79,5.01,5.09,5.1,5.0,5.1,5.61,4.59,5328380,2690.6901,5628,5.0,221100,5.01,33300,4.99,100500,5.02,48200,4.98,110700,5.03,35300,4.97,58700,5.04,12400,4.96,252800,5.05,21500,4.95,168600,5.06,34800,4.94,13800,5.07,32600,4.93,15400,5.08,44200,4.92,67700,5.09,36900,4.91,56300,5.1,101432,1649200,1820232,16:10:30.342
000931.SZ,000931,20260421,20260421,10:36:09.000,103609000,79,5.01,5.09,5.1,5.0,5.1,5.61,4.59,5328380,2690.6901,5628,5.0,221100,5.01,33300,4.99,100500,5.02,48200,4.98,110700,5.03,35300,4.97,58700,5.04,12400,4.96,252800,5.05,21500,4.95,168600,5.06,34800,4.94,13800,5.07,32600,4.93,15400,5.08,44200,4.92,67700,5.09,36900,4.91,56300,5.1,101432,1649700,1820232,16:10:30.419
000931.SZ,000931,20260421,20260421,10:36:12.000,103612000,79,5.01,5.09,5.1,5.0,5.1,5.61,4.59,5328380,2690.6901,5628,5.0,223100,5.01,33300,4.99,100500,5.02,48200,4.98,110700,5.03,35300,4.97,58700,5.04,12400,4.96,252800,5.05,21500,4.95,168600,5.06,34800,4.94,13800,5.07,32600,4.93,15400,5.08,44200,4.92,67700,5.09,36900,4.91,56300,5.1,101432,1651700,1820232,16:10:30.622
000931.SZ,000931,20260421,20260421,10:36:15.000,103615000,79,5.01,5.09,5.1,5.0,5.1,5.61,4.59,5328380,2690.6901,5628,5.0,223100,5.01,33400,4.99,100500,5.02,48200,4.98,110700,5.03,35200,4.97,58700,5.04,12400,4.96,252800,5.05,21500,4.95,168600,5.06,34800,4.94,13800,5.07,32600,4.93,15400,5.08,44200,4.92,67700,5.09,36900,4.91,56300,5.1,101432,1651700,1820232,16:10:30.903
000931.SZ,000931,20260421,20260421,10:36:18.000,103618000,79,5.01,5.09,5.1,5.0,5.1,5.61,4.59,5329380,2691.1911,5629,5.0,223100,5.01,32400,4.99,100500,5.02,48200,4.98,110700,5.03,35200,4.97,58700,5.04,12400,4.96,252800,5.05,21500,4.95,168600,5.06,34800,4.94,13800,5.07,32600,4.93,15400,5.08,44200,4.92,67700,5.09,36900,4.91,56300,5.1,101432,1651700,1819232,16:10:31.016
000931.SZ,000931,20260421,20260421,10:36:21.000,103621000,79,5.01,5.09,5.1,5.0,5.1,5.61,4.59,5329380,2691.1911,5629,5.0,233100,5.01,32400,4.99,100500,5.02,48200,4.98,110700,5.03,35200,4.97,58700,5.04,12400,4.96,252800,5.05,21500,4.95,168600,5.06,34800,4.94,13800,5.07,32600,4.93,15400,5.08,44200,4.92,67700,5.09,36900,4.91,56300,5.1,101432,1661700,1819232,16:10:31.236
000931.SZ,000931,20260421,20260421,10:36:24.000,103624000,79,5.01,5.09,5.1,5.0,5.1,5.61,4.59,5329380,2691.1911,5629,5.0,233300,5.01,32400,4.99,100500,5.02,48200,4.98,110700,5.03,35200,4.97,58700,5.04,12400,4.96,252800,5.05,21500,4.95,168600,5.06,34800,4.94,13800,5.07,32600,4.93,15400,5.08,44200,4.92,67700,5.09,36900,4.91,56300,5.1,101432,1661900,1819232,16:10:31.503
000931.SZ,000931,20260421,20260421,10:36:27.000,103627000,79,5.01,5.09,5.1,5.0,5.1,5.61,4.59,5330380,2691.6921,5630,5.0,233300,5.01,32700,4.99,100500,5.02,48200,4.98,110700,5.03,35200,4.97,58700,5.04,12400,4.96,252800,5.05,21500,4.95,168600,5.06,34800,4.94,13800,5.07,32600,4.93,15400,5.08,44200,4.92,67700,5.09,36900,4.91,56300,5.1,101432,1662800,1819532,16:10:31.612
000931.SZ,000931,20260421,20260421,10:36:30.000,103630000,79,5.01,5.09,5.1,5.0,5.1,5.61,4.59,5337980,2695.4997,5635,5.0,232000,5.01,25100,4.99,100500,5.02,48200,4.98,110700,5.03,35200,4.97,58700,5.04,12400,4.96,252800,5.05,21500,4.95,168600,5.06,34800,4.94,13800,5.07,32600,4.93,15400,5.08,44200,4.92,67700,5.09,36900,4.91,56300,5.1,101432,1661500,1811932,16:10:31.847
000931.SZ,000931,20260421,20260421,10:36:33.000,103633000,79,5.01,5.09,5.1,5.0,5.1,5.61,4.59,5339580,2696.3013,5640,5.0,233500,5.01,23500,4.99,100500,5.02,48200,4.98,110700,5.03,35200,4.97,59000,5.04,12400,4.96,252800,5.05,21500,4.95,179200,5.06,34800,4.94,13800,5.07,32600,4.93,15400,5.08,44200,4.92,67700,5.09,36900,4.91,56300,5.1,101432,1673900,1810332,16:10:32.014
000931.SZ,000931,20260421,20260421,10:36:36.000,103636000,79,5.01,5.09,5.1,5.0,5.1,5.61,4.59,5342980,2698.0047,5648,5.0,232500,5.01,20100,4.99,100500,5.02,48200,4.98,110700,5.03,35200,4.97,59000,5.04,12400,4.96,252800,5.05,21500,4.95,179200,5.06,34800,4.94,13800,5.07,32600,4.93,15400,5.08,44200,4.92,67700,5.09,36900,4.91,56300,5.1,101432,1672900,1806932,16:10:32.253
000931.SZ,000931,20260421,20260421,10:36:39.000,103639000,79,5.01,5.09,5.1,5.0,5.1,5.61,4.59,5355980,2704.5177,5691,5.0,233100,5.01,5800,4.99,100500,5.02,48200,4.98,110700,5.03,35200,4.97,59000,5.04,12400,4.96,252800,5.05,21500,4.95,179200,5.06,34800,4.94,13800,5.07,32600,4.93,15400,5.08,44200,4.92,67700,5.09,36900,4.91,56300,5.1,101432,1673500,1792632,16:10:32.376
000931.SZ,000931,20260421,20260421,10:36:42.000,103642000,79,5.01,5.09,5.1,5.0,5.1,5.61,4.59,5365180,2709.1269,5732,5.0,233100,5.02,51600,4.99,100500,5.03,35200,4.98,110700,5.04,12200,4.97,59000,5.05,21500,4.96,252800,5.06,34800,4.95,179200,5.07,32600,4.94,13800,5.08,44200,4.93,15400,5.09,36900,4.92,67700,5.1,101432,4.91,56300,5.11,41500,1673500,1790032,16:10:32.535
000931.SZ,000931,20260421,20260421,10:36:45.000,103645000,79,5.01,5.09,5.1,5.0,5.1,5.61,4.59,5365280,2709.177,5733,5.0,234100,5.02,53900,4.99,100500,5.03,35100,4.98,110700,5.04,12200,4.97,59000,5.05,21500,4.96,252800,5.06,34800,4.95,179200,5.07,32600,4.94,13800,5.08,44200,4.93,15400,5.09,36900,4.92,67700,5.1,101432,4.91,57300,5.11,41500,1675500,1792232,16:10:32.815
000931.SZ,000931,20260421,20260421,10:36:51.000,103651000,79,5.01,5.09,5.1,5.0,5.1,5.61,4.59,5365280,2709.177,5733,5.0,234100,5.02,60300,4.99,100500,5.03,35100,4.98,110700,5.04,12200,4.97,59000,5.05,21500,4.96,252800,5.06,34800,4.95,179200,5.07,32600,4.94,13800,5.08,44200,4.93,15400,5.09,36900,4.92,67700,5.1,101432,4.91,57300,5.11,41500,1675500,1798632,16:10:33.076
000931.SZ,000931,20260421,20260421,10:36:54.000,103654000,79,5.01,5.09,5.1,5.0,5.1,5.61,4.59,5365280,2709.177,5733,5.0,234100,5.01,2200,4.99,100500,5.02,60300,4.98,110700,5.03,35100,4.97,59000,5.04,12200,4.96,252800,5.05,21500,4.95,179200,5.06,34800,4.94,13800,5.07,32600,4.93,15400,5.08,44200,4.92,67700,5.09,36900,4.91,57300,5.1,101432,1675500,1800832,16:10:33.314
000931.SZ,000931,20260421,20260421,10:36:57.000,103657000,79,5.01,5.09,5.1,5.0,5.1,5.61,4.59,5365280,2709.177,5733,5.0,234100,5.01,3300,4.99,100500,5.02,60300,4.98,110700,5.03,35100,4.97,59000,5.04,12200,4.96,252800,5.05,21500,4.95,179200,5.06,34800,4.94,13800,5.07,32600,4.93,15400,5.08,44200,4.92,67700,5.09,36900,4.91,57300,5.1,101432,1675500,1801932,16:10:33.377
000931.SZ,000931,20260421,20260421,10:37:00.000,103700000,79,5.01,5.09,5.1,5.0,5.1,5.61,4.59,5366980,2710.0287,5734,5.0,248900,5.01,2000,4.99,100500,5.02,60300,4.98,110700,5.03,35000,4.97,59000,5.04,12200,4.96,252800,5.05,21500,4.95,179200,5.06,34800,4.94,13800,5.07,32600,4.93,15400,5.08,44200,4.92,67700,5.09,36900,4.91,57300,5.1,101432,1690300,1800532,16:10:33.564
000931.SZ,000931,20260421,20260421,10:37:03.000,103703000,79,5.01,5.09,5.1,5.0,5.1,5.61,4.59,5369580,2711.3313,5745,5.0,248900,5.02,60300,4.99,99400,5.03,35000,4.98,110700,5.04,12200,4.97,59000,5.05,21500,4.96,252800,5.06,34800,4.95,179200,5.07,32600,4.94,13800,5.08,44200,4.93,15400,5.09,36900,4.92,67700,5.1,101432,4.91,57300,5.11,41500,1689200,1798532,16:10:33.924
000931.SZ,000931,20260421,20260421,10:37:06.000,103706000,79,5.01,5.09,5.1,5.0,5.1,5.61,4.59,5369580,2711.3313,5745,5.0,248900,5.01,100,4.99,99400,5.02,60900,4.98,110700,5.03,35000,4.97,59000,5.04,12200,4.96,252800,5.05,23500,4.95,179200,5.06,34800,4.94,13800,5.07,32600,4.93,15400,5.08,44200,4.92,67700,5.09,36900,4.91,57300,5.1,101432,1689200,1801232,16:10:34.139
000931.SZ,000931,20260421,20260421,10:37:09.000,103709000,79,5.01,5.09,5.1,5.0,5.1,5.61,4.59,5371780,2712.4335,5747,5.0,249300,5.01,200,4.99,99400,5.02,60900,4.98,110700,5.03,35000,4.97,59000,5.04,12200,4.96,252800,5.05,23500,4.95,179200,5.06,34800,4.94,13800,5.07,32600,4.93,15400,5.08,44200,4.92,67700,5.09,36900,4.91,57300,5.1,101432,1689600,1801332,16:10:34.344
000931.SZ,000931,20260421,20260421,10:37:12.000,103712000,79,5.01,5.09,5.1,5.0,5.1,5.61,4.59,5372880,2712.9846,5750,5.0,249300,5.01,1400,4.99,99400,5.02,60900,4.98,110700,5.03,35000,4.97,59000,5.04,12200,4.96,252800,5.05,23500,4.95,179200,5.06,34800,4.94,13800,5.07,32600,4.93,15400,5.08,44200,4.92,67700,5.09,36900,4.91,57300,5.1,101432,1689600,1802532,16:10:34.531
000931.SZ,000931,20260421,20260421,10:37:15.000,103715000,79,5.01,5.09,5.1,5.0,5.1,5.61,4.59,5374280,2713.686,5752,5.0,261400,5.02,61000,4.99,99400,5.03,35000,4.98,110700,5.04,12200,4.97,64000,5.05,23500,4.96,252800,5.06,34800,4.95,179200,5.07,32600,4.94,13800,5.08,44200,4.93,15400,5.09,36900,4.92,67700,5.1,101432,4.91,57300,5.11,41500,1706700,1801232,16:10:34.625
000931.SZ,000931,20260421,20260421,10:37:18.000,103718000,79,5.01,5.09,5.1,5.0,5.1,5.61,4.59,5374380,2713.7361,5753,5.0,234500,5.02,61000,4.99,99400,5.03,35000,4.98,110700,5.04,12200,4.97,64000,5.05,23500,4.96,252800,5.06,34800,4.95,179200,5.07,32600,4.94,13800,5.08,44200,4.93,15400,5.09,36900,4.92,67700,5.1,101432,4.91,57300,5.11,41500,1679800,1801232,16:10:34.846
000931.SZ,000931,20260421,20260421,10:37:21.000,103721000,79,5.01,5.09,5.1,5.0,5.1,5.61,4.59,5374380,2713.7361,5753,5.0,234500,5.02,61000,4.99,99400,5.03,35000,4.98,110700,5.04,12200,4.97,64000,5.05,23500,4.96,252800,5.06,34800,4.95,179200,5.07,32600,4.94,16800,5.08,44200,4.93,15400,5.09,36900,4.92,67700,5.1,101432,4.91,57300,5.11,41500,1682800,1801232,16:10:34.954
000931.SZ,000931,20260421,20260421,10:37:27.000,103727000,79,5.01,5.09,5.1,5.0,5.1,5.61,4.59,5374380,2713.7361,5753,5.0,235000,5.02,61000,4.99,99400,5.03,35000,4.98,110700,5.04,12200,4.97,64000,5.05,23500,4.96,252800,5.06,34800,4.95,179200,5.07,32600,4.94,16800,5.08,44200,4.93,15400,5.09,36900,4.92,67700,5.1,101432,4.91,57300,5.11,41500,1683300,1801232,16:10:35.281
000931.SZ,000931,20260421,20260421,10:37:30.000,103730000,79,5.01,5.09,5.1,5.0,5.1,5.61,4.59,5374380,2713.7361,5753,5.0,236000,5.02,61000,4.99,99400,5.03,35000,4.98,110700,5.04,12200,4.97,64000,5.05,23500,4.96,252800,5.06,34800,4.95,179200,5.07,32600,4.94,16800,5.08,44200,4.93,15400,5.09,36900,4.92,67700,5.1,101432,4.91,57300,5.11,41500,1684300,1801232,16:10:35.468
000931.SZ,000931,20260421,20260421,10:37:36.000,103736000,79,5.01,5.09,5.1,5.0,5.1,5.61,4.59,5374480,2713.7862,5754,5.0,236000,5.02,61000,4.99,99400,5.03,35000,4.98,130700,5.04,12200,4.97,64000,5.05,23500,4.96,252800,5.06,34800,4.95,179200,5.07,32600,4.94,16800,5.08,44200,4.93,15400,5.09,36900,4.92,67700,5.1,101432,4.91,57300,5.11,41500,1704300,1801232,16:10:35.906
000931.SZ,000931,20260421,20260421,10:37:39.000,103739000,79,5.01,5.09,5.1,5.0,5.1,5.61,4.59,5374480,2713.7862,5754,5.0,236000,5.02,61000,4.99,99400,5.03,35000,4.98,133700,5.04,12200,4.97,64000,5.05,23500,4.96,252800,5.06,34800,4.95,179200,5.07,32600,4.94,16800,5.08,44200,4.93,15400,5.09,36900,4.92,67700,5.1,101432,4.91,57300,5.11,41500,1707300,1800132,16:10:35.995
000931.SZ,000931,20260421,20260421,10:37:45.000,103745000,79,5.0,5.09,5.1,5.0,5.1,5.61,4.59,5375180,2714.1362,5755,5.0,235300,5.02,61000,4.99,99400,5.03,35000,4.98,133700,5.04,12200,4.97,64000,5.05,23500,4.96,252800,5.06,34800,4.95,179200,5.07,32600,4.94,16800,5.08,44200,4.93,15400,5.09,36900,4.92,67700,5.1,101432,4.91,57300,5.11,41500,1706600,1800132,16:10:36.405
000931.SZ,000931,20260421,20260421,10:37:48.000,103748000,79,5.0,5.09,5.1,5.0,5.1,5.61,4.59,5375180,2714.1362,5755,5.0,234300,5.02,61000,4.99,99400,5.03,35000,4.98,133700,5.04,12200,4.97,64000,5.05,23500,4.96,252800,5.06,34800,4.95,179200,5.07,32600,4.94,16800,5.08,44200,4.93,15400,5.09,36900,4.92,67700,5.1,101432,4.91,57300,5.11,41500,1705600,1800132,16:10:36.515
000931.SZ,000931,20260421,20260421,10:37:51.000,103751000,79,5.02,5.09,5.1,5.0,5.1,5.61,4.59,5375780,2714.4374,5756,5.0,239300,5.02,60400,4.99,99400,5.03,35000,4.98,133700,5.04,12200,4.97,64000,5.05,23500,4.96,252800,5.06,34800,4.95,179200,5.07,32600,4.94,16800,5.08,44200,4.93,15400,5.09,36900,4.92,67700,5.1,101432,4.91,57300,5.11,41500,1710600,1799532,16:10:36.640
000931.SZ,000931,20260421,20260421,10:38:00.000,103800000,79,5.02,5.09,5.1,5.0,5.1,5.61,4.59,5375780,2714.4374,5756,5.0,241300,5.02,60400,4.99,99400,5.03,35000,4.98,136300,5.04,12200,4.97,64000,5.05,23500,4.96,252800,5.06,34800,4.95,181200,5.07,32600,4.94,16800,5.08,44200,4.93,15400,5.09,36900,4.92,67700,5.1,101432,4.91,57300,5.11,41500,1717200,1799532,16:10:37.198
000931.SZ,000931,20260421,20260421,10:38:03.000,103803000,79,5.01,5.09,5.1,5.0,5.1,5.61,4.59,5377380,2715.239,5759,5.01,2000,5.02,60400,5.0,244300,5.03,35000,4.99,99400,5.04,12200,4.98,137300,5.05,23500,4.97,64000,5.06,34800,4.96,252800,5.07,32600,4.95,181200,5.08,44200,4.94,16800,5.09,36900,4.93,15400,5.1,101432,4.92,67700,5.11,41500,1723200,1799532,16:10:37.554
000931.SZ,000931,20260421,20260421,10:38:06.000,103806000,79,5.01,5.09,5.1,5.0,5.1,5.61,4.59,5377380,2715.239,5759,5.01,5100,5.02,60400,5.0,240900,5.03,35000,4.99,99400,5.04,12200,4.98,137300,5.05,23500,4.97,64000,5.06,34800,4.96,252800,5.07,32600,4.95,181200,5.08,44200,4.94,16800,5.09,36900,4.93,15400,5.1,101432,4.92,67700,5.11,41500,1722900,1799532,16:10:37.670
000931.SZ,000931,20260421,20260421,10:38:09.000,103809000,79,5.01,5.09,5.1,5.0,5.1,5.61,4.59,5377580,2715.3392,5760,5.01,7600,5.02,60400,5.0,245900,5.03,35000,4.99,99400,5.04,12200,4.98,137300,5.05,23500,4.97,64000,5.06,34800,4.96,252800,5.07,32600,4.95,181200,5.08,44200,4.94,16800,5.09,36900,4.93,15400,5.1,101432,4.92,67700,5.11,41500,1730400,1799532,16:10:37.904
000931.SZ,000931,20260421,20260421,10:38:12.000,103812000,79,5.01,5.09,5.1,5.0,5.1,5.61,4.59,5377580,2715.3392,5760,5.01,8400,5.02,60400,5.0,245900,5.03,35000,4.99,99400,5.04,12200,4.98,137300,5.05,23500,4.97,64000,5.06,34800,4.96,252800,5.07,32600,4.95,181200,5.08,44200,4.94,16800,5.09,36900,4.93,15400,5.1,101432,4.92,67700,5.11,41500,1731200,1799532,16:10:38.165
000931.SZ,000931,20260421,20260421,10:38:15.000,103815000,79,5.01,5.09,5.1,5.0,5.1,5.61,4.59,5377580,2715.3392,5760,5.01,8700,5.02,60400,5.0,245400,5.03,35000,4.99,99400,5.04,13300,4.98,137300,5.05,23500,4.97,64000,5.06,34800,4.96,252800,5.07,32600,4.95,181200,5.08,44200,4.94,16800,5.09,36900,4.93,15400,5.1,101432,4.92,67700,5.11,41500,1731000,1800632,16:10:38.308
000931.SZ,000931,20260421,20260421,10:38:18.000,103818000,79,5.01,5.09,5.1,5.0,5.1,5.61,4.59,5377580,2715.3392,5760,5.01,9800,5.02,60400,5.0,245400,5.03,35000,4.99,99400,5.04,13300,4.98,137300,5.05,23500,4.97,64000,5.06,34800,4.96,252800,5.07,32600,4.95,181200,5.08,44200,4.94,16800,5.09,36900,4.93,15400,5.1,101432,4.92,67700,5.11,41500,1732100,1800632,16:10:38.434
000931.SZ,000931,20260421,20260421,10:38:21.000,103821000,79,5.01,5.09,5.1,5.0,5.1,5.61,4.59,5377580,2715.3392,5760,5.01,24100,5.02,60400,5.0,245500,5.03,35000,4.99,99400,5.04,13300,4.98,137300,5.05,23500,4.97,64000,5.06,34800,4.96,252800,5.07,32600,4.95,181200,5.08,44200,4.94,16800,5.09,36900,4.93,15400,5.1,101432,4.92,67700,5.11,41500,1746500,1800632,16:10:38.605
000931.SZ,000931,20260421,20260421,10:38:24.000,103824000,79,5.01,5.09,5.1,5.0,5.1,5.61,4.59,5382380,2717.744,5766,5.01,20300,5.02,60400,5.0,245500,5.03,35000,4.99,99400,5.04,13300,4.98,137300,5.05,23500,4.97,64000,5.06,34800,4.96,252800,5.07,32600,4.95,181200,5.08,44200,4.94,16800,5.09,36900,4.93,15400,5.1,101432,4.92,67700,5.11,41500,1742700,1800632,16:10:38.761
000931.SZ,000931,20260421,20260421,10:38:27.000,103827000,79,5.01,5.09,5.1,5.0,5.1,5.61,4.59,5382380,2717.744,5766,5.01,21600,5.02,60400,5.0,245500,5.03,35000,4.99,99400,5.04,13300,4.98,137300,5.05,23500,4.97,64000,5.06,34800,4.96,252800,5.07,32600,4.95,181200,5.08,44200,4.94,16800,5.09,36900,4.93,15400,5.1,101432,4.92,67700,5.11,41500,1744000,1800632,16:10:38.950
000931.SZ,000931,20260421,20260421,10:38:30.000,103830000,79,5.01,5.09,5.1,5.0,5.1,5.61,4.59,5382380,2717.744,5766,5.01,23800,5.02,60400,5.0,245500,5.03,35000,4.99,99400,5.04,13300,4.98,137300,5.05,23500,4.97,64000,5.06,34800,4.96,252800,5.07,32600,4.95,181200,5.08,44200,4.94,16800,5.09,36900,4.93,15400,5.1,101432,4.92,67700,5.11,41500,1746200,1800632,16:10:39.084
000931.SZ,000931,20260421,20260421,10:38:33.000,103833000,79,5.01,5.09,5.1,5.0,5.1,5.61,4.59,5382380,2717.744,5766,5.01,24200,5.02,60400,5.0,245500,5.03,35000,4.99,99400,5.04,13300,4.98,137300,5.05,23500,4.97,64000,5.06,34800,4.96,252800,5.07,32600,4.95,181200,5.08,44200,4.94,16800,5.09,36900,4.93,15400,5.1,101432,4.92,67700,5.11,41500,1746600,1800632,16:10:39.259
000931.SZ,000931,20260421,20260421,10:38:36.000,103836000,79,5.01,5.09,5.1,5.0,5.1,5.61,4.59,5382380,2717.744,5766,5.01,25000,5.02,60400,5.0,245500,5.03,35000,4.99,99400,5.04,13300,4.98,137300,5.05,23500,4.97,64000,5.06,34800,4.96,252800,5.07,32600,4.95,181200,5.08,44200,4.94,16800,5.09,36900,4.93,15400,5.1,101432,4.92,67700,5.11,41500,1747400,1800632,16:10:39.432
000931.SZ,000931,20260421,20260421,10:38:39.000,103839000,79,5.01,5.09,5.1,5.0,5.1,5.61,4.59,5382380,2717.744,5766,5.01,25000,5.02,60400,5.0,244100,5.03,35000,4.99,99400,5.04,13300,4.98,137300,5.05,23500,4.97,64000,5.06,34800,4.96,252800,5.07,32600,4.95,184200,5.08,44200,4.94,16800,5.09,36900,4.93,15400,5.1,101432,4.92,67700,5.11,41500,1749000,1800632,16:10:39.573
000931.SZ,000931,20260421,20260421,10:38:42.000,103842000,79,5.01,5.09,5.1,5.0,5.1,5.61,4.59,5382480,2717.7941,5767,5.01,24900,5.02,60300,5.0,244100,5.03,35000,4.99,99400,5.04,13300,4.98,137300,5.05,23500,4.97,64000,5.06,34800,4.96,252800,5.07,32600,4.95,184200,5.08,44200,4.94,16800,5.09,36900,4.93,15400,5.1,101432,4.92,67700,5.11,41500,1748900,1800532,16:10:39.855
000931.SZ,000931,20260421,20260421,10:38:51.000,103851000,79,5.01,5.09,5.1,5.0,5.1,5.61,4.59,5382480,2717.7941,5767,5.01,24900,5.02,60300,5.0,244100,5.03,35000,4.99,99400,5.04,13300,4.98,134700,5.05,23500,4.97,64000,5.06,34800,4.96,252800,5.07,32600,4.95,184200,5.08,44200,4.94,16800,5.09,36900,4.93,15400,5.1,101432,4.92,67700,5.11,41500,1746300,1800532,16:10:40.290
000931.SZ,000931,20260421,20260421,10:38:54.000,103854000,79,5.01,5.09,5.1,5.0,5.1,5.61,4.59,5382480,2717.7941,5767,5.01,24900,5.02,60300,5.0,244100,5.03,35000,4.99,99400,5.04,13300,4.98,134700,5.05,23500,4.97,64000,5.06,34800,4.96,252800,5.07,32600,4.95,194800,5.08,44200,4.94,16800,5.09,36900,4.93,15400,5.1,101432,4.92,67700,5.11,41500,1756900,1800532,16:10:40.477
000931.SZ,000931,20260421,20260421,10:38:57.000,103857000,79,5.02,5.09,5.1,5.0,5.1,5.61,4.59,5387580,2720.3543,5768,5.01,25100,5.02,55200,5.0,245100,5.03,35000,4.99,99400,5.04,13300,4.98,134700,5.05,23500,4.97,64000,5.06,34800,4.96,252800,5.07,32600,4.95,194800,5.08,44200,4.94,16800,5.09,36900,4.93,15400,5.1,101432,4.92,67700,5.11,41500,1758100,1795432,16:10:40.634
000931.SZ,000931,20260421,20260421,10:39:00.000,103900000,79,5.01,5.09,5.1,5.0,5.1,5.61,4.59,5392580,2722.8593,5777,5.01,20100,5.02,55200,5.0,245100,5.03,35000,4.99,99400,5.04,13300,4.98,134700,5.05,23500,4.97,64000,5.06,34800,4.96,252800,5.07,32600,4.95,194800,5.08,44200,4.94,16800,5.09,36900,4.93,15400,5.1,101432,4.92,67700,5.11,41500,1753100,1795432,16:10:40.821
000931.SZ,000931,20260421,20260421,10:39:03.000,103903000,79,5.01,5.09,5.1,5.0,5.1,5.61,4.59,5392580,2722.8593,5777,5.01,20700,5.02,55200,5.0,245100,5.03,35000,4.99,99400,5.04,13300,4.98,134700,5.05,23500,4.97,64000,5.06,34800,4.96,252800,5.07,32600,4.95,194800,5.08,44200,4.94,16800,5.09,36900,4.93,15400,5.1,101432,4.92,67700,5.11,41500,1753700,1795432,16:10:41.145
000931.SZ,000931,20260421,20260421,10:39:06.000,103906000,79,5.01,5.09,5.1,5.0,5.1,5.61,4.59,5392580,2722.8593,5777,5.01,21000,5.02,55200,5.0,245100,5.03,35000,4.99,99400,5.04,13300,4.98,134700,5.05,23500,4.97,64000,5.06,34800,4.96,252800,5.07,32600,4.95,194800,5.08,44200,4.94,16800,5.09,36900,4.93,15400,5.1,101432,4.92,67700,5.11,41500,1754000,1795432,16:10:41.337
000931.SZ,000931,20260421,20260421,10:39:09.000,103909000,79,5.01,5.09,5.1,5.0,5.1,5.61,4.59,5392680,2722.9094,5778,5.01,23600,5.02,55300,5.0,241000,5.03,35000,4.99,99400,5.04,13300,4.98,134700,5.05,23500,4.97,64000,5.06,34800,4.96,252800,5.07,32600,4.95,194800,5.08,44200,4.94,16800,5.09,36900,4.93,15400,5.1,101432,4.92,67700,5.11,41500,1752500,1795532,16:10:41.524
000931.SZ,000931,20260421,20260421,10:39:12.000,103912000,79,5.01,5.09,5.1,5.0,5.1,5.61,4.59,5392680,2722.9094,5778,5.01,24700,5.02,55300,5.0,241000,5.03,35000,4.99,99400,5.04,13300,4.98,134700,5.05,23500,4.97,64000,5.06,34800,4.96,252800,5.07,32600,4.95,194800,5.08,44200,4.94,16800,5.09,36900,4.93,15400,5.1,101432,4.92,67700,5.11,41500,1753600,1795532,16:10:41.666
000931.SZ,000931,20260421,20260421,10:39:15.000,103915000,79,5.02,5.09,5.1,5.0,5.1,5.61,4.59,5404480,2728.833,5779,5.01,25600,5.02,43500,5.0,241000,5.03,35000,4.99,99400,5.04,13300,4.98,134700,5.05,23500,4.97,64000,5.06,34800,4.96,252800,5.07,32600,4.95,194800,5.08,44200,4.94,16800,5.09,36900,4.93,15400,5.1,101432,4.92,67700,5.11,41500,1754500,1783732,16:10:41.847
000931.SZ,000931,20260421,20260421,10:39:18.000,103918000,79,5.01,5.09,5.1,5.0,5.1,5.61,4.59,5407080,2730.1356,5780,5.01,23000,5.02,43500,5.0,241000,5.03,35000,4.99,99400,5.04,13300,4.98,134700,5.05,23500,4.97,64000,5.06,34800,4.96,252800,5.07,32600,4.95,194800,5.08,44200,4.94,16800,5.09,36900,4.93,15400,5.1,101432,4.92,67700,5.11,41500,1751900,1783732,16:10:41.962
000931.SZ,000931,20260421,20260421,10:39:21.000,103921000,79,5.01,5.09,5.1,5.0,5.1,5.61,4.59,5407080,2730.1356,5780,5.01,23000,5.02,44100,5.0,241000,5.03,35000,4.99,99400,5.04,13300,4.98,134700,5.05,23500,4.97,64000,5.06,34800,4.96,252800,5.07,32600,4.95,195300,5.08,44200,4.94,16800,5.09,36900,4.93,15400,5.1,101432,4.92,67700,5.11,41500,1752400,1784332,16:10:42.063
000931.SZ,000931,20260421,20260421,10:39:24.000,103924000,79,5.01,5.09,5.1,5.0,5.1,5.61,4.59,5407080,2730.1356,5780,5.01,56300,5.02,52200,5.0,240500,5.03,35000,4.99,99400,5.04,12200,4.98,134700,5.05,23500,4.97,64000,5.06,34800,4.96,252800,5.07,32600,4.95,195300,5.08,44200,4.94,16800,5.09,36900,4.93,15400,5.1,101432,4.92,67700,5.11,41500,1785200,1791332,16:10:42.287
000931.SZ,000931,20260421,20260421,10:39:27.000,103927000,79,5.01,5.09,5.1,5.0,5.1,5.61,4.59,5407080,2730.1356,5780,5.01,56400,5.02,52200,5.0,240500,5.03,35000,4.99,99400,5.04,12200,4.98,134700,5.05,23500,4.97,64000,5.06,34800,4.96,252800,5.07,32600,4.95,195300,5.08,44200,4.94,16800,5.09,36900,4.93,15400,5.1,101432,4.92,67700,5.11,41500,1785300,1791332,16:10:42.445
000931.SZ,000931,20260421,20260421,10:39:30.000,103930000,79,5.01,5.09,5.1,5.0,5.1,5.61,4.59,5411680,2732.4447,5784,5.01,56300,5.02,47600,5.0,240500,5.03,35000,4.99,99400,5.04,12200,4.98,134700,5.05,23500,4.97,64000,5.06,34800,4.96,252800,5.07,32600,4.95,195300,5.08,44200,4.94,16800,5.09,36900,4.93,15400,5.1,101432,4.92,67700,5.11,41500,1785200,1786732,16:10:42.570
000931.SZ,000931,20260421,20260421,10:39:33.000,103933000,79,5.02,5.09,5.1,5.0,5.1,5.61,4.59,5413680,2733.4487,5787,5.01,56300,5.02,46900,5.0,240500,5.03,35000,4.99,99400,5.04,12200,4.98,134700,5.05,23500,4.97,64000,5.06,34800,4.96,252800,5.07,32600,4.95,195300,5.08,44200,4.94,16800,5.09,36900,4.93,15400,5.1,101432,4.92,67700,5.11,41500,1785200,1786032,16:10:42.712
000931.SZ,000931,20260421,20260421,10:39:36.000,103936000,79,5.02,5.09,5.1,5.0,5.1,5.61,4.59,5413680,2733.4487,5787,5.01,57400,5.02,46900,5.0,240500,5.03,35000,4.99,99400,5.04,12200,4.98,134700,5.05,23500,4.97,64000,5.06,34800,4.96,252800,5.07,32600,4.95,195300,5.08,44200,4.94,16800,5.09,36900,4.93,15400,5.1,101432,4.92,67700,5.11,41500,1786300,1786032,16:10:42.979
000931.SZ,000931,20260421,20260421,10:39:39.000,103939000,79,5.02,5.09,5.1,5.0,5.1,5.61,4.59,5414880,2734.0511,5788,5.01,57600,5.02,29700,5.0,240500,5.03,48500,4.99,99400,5.04,12200,4.98,134700,5.05,23500,4.97,64000,5.06,34800,4.96,252800,5.07,32600,4.95,195000,5.08,44200,4.94,16800,5.09,36900,4.93,15400,5.1,101432,4.92,67700,5.11,41500,1786200,1782332,16:10:43.129
000931.SZ,000931,20260421,20260421,10:39:48.000,103948000,79,5.01,5.09,5.1,5.0,5.1,5.61,4.59,5414980,2734.1012,5789,5.01,57500,5.02,29600,5.0,240500,5.03,48500,4.99,99400,5.04,12200,4.98,134700,5.05,23500,4.97,64000,5.06,34800,4.96,252800,5.07,32600,4.95,195000,5.08,44200,4.94,16800,5.09,36900,4.93,15400,5.1,101432,4.92,67700,5.11,41500,1786100,1782232,16:10:43.753
000931.SZ,000931,20260421,20260421,10:39:54.000,103954000,79,5.01,5.09,5.1,5.0,5.1,5.61,4.59,5414980,2734.1012,5789,5.01,58000,5.02,29600,5.0,240500,5.03,48500,4.99,99400,5.04,12200,4.98,134700,5.05,23500,4.97,64000,5.06,34800,4.96,252800,5.07,32600,4.95,195000,5.08,44200,4.94,16800,5.09,36900,4.93,15400,5.1,101432,4.92,67700,5.11,41500,1786600,1782232,16:10:44.154
000931.SZ,000931,20260421,20260421,10:39:57.000,103957000,79,5.02,5.09,5.1,5.0,5.1,5.61,4.59,5415480,2734.3522,5790,5.01,58000,5.02,30000,5.0,240500,5.03,48500,4.99,99400,5.04,12200,4.98,134700,5.05,23500,4.97,64000,5.06,34800,4.96,252800,5.07,32600,4.95,195000,5.08,44200,4.94,16800,5.09,36900,4.93,15400,5.1,101432,4.92,67700,5.11,41500,1786600,1782632,16:10:44.154
000931.SZ,000931,20260421,20260421,10:40:00.000,104000000,79,5.01,5.09,5.1,5.0,5.1,5.61,4.59,5417480,2735.3542,5792,5.01,56200,5.02,534500,5.0,240500,5.03,35000,4.99,99400,5.04,12200,4.98,134700,5.05,23500,4.97,64000,5.06,34800,4.96,252800,5.07,32600,4.95,195000,5.08,44200,4.94,16800,5.09,40900,4.93,15400,5.1,101432,4.92,67700,5.11,41500,1784800,2277632,16:10:44.455
000931.SZ,000931,20260421,20260421,10:40:03.000,104003000,79,5.01,5.09,5.1,5.0,5.1,5.61,4.59,5419580,2736.4063,5794,5.01,54300,5.02,535800,5.0,240500,5.03,35000,4.99,99400,5.04,12200,4.98,134700,5.05,23500,4.97,64000,5.06,34800,4.96,252800,5.07,32600,4.95,195000,5.08,44200,4.94,16800,5.09,40900,4.93,15400,5.1,101432,4.92,67700,5.11,41500,1782900,2278932,16:10:44.657
000931.SZ,000931,20260421,20260421,10:40:06.000,104006000,79,5.01,5.09,5.1,5.0,5.1,5.61,4.59,5419580,2736.4063,5794,5.01,56600,5.02,535800,5.0,240500,5.03,35000,4.99,99400,5.04,12200,4.98,134700,5.05,23500,4.97,64000,5.06,34800,4.96,252800,5.07,32600,4.95,195000,5.08,44200,4.94,16800,5.09,40900,4.93,15400,5.1,101432,4.92,67700,5.11,41500,1785200,2278932,16:10:44.969
000931.SZ,000931,20260421,20260421,10:40:09.000,104009000,79,5.01,5.09,5.1,5.0,5.1,5.61,4.59,5419580,2736.4063,5794,5.01,56600,5.02,535800,5.0,240500,5.03,35000,4.99,99400,5.04,13300,4.98,134700,5.05,23500,4.97,64000,5.06,34800,4.96,252800,5.07,32600,4.95,195000,5.08,44200,4.94,16800,5.09,40900,4.93,15400,5.1,101432,4.92,67700,5.11,41500,1785200,2280032,16:10:45.101
000931.SZ,000931,20260421,20260421,10:40:12.000,104012000,79,5.01,5.09,5.1,5.0,5.1,5.61,4.59,5421880,2737.5586,5797,5.01,54300,5.02,535800,5.0,240500,5.03,35000,4.99,99400,5.04,13300,4.98,134700,5.05,23500,4.97,64000,5.06,34800,4.96,252800,5.07,32600,4.95,195000,5.08,44200,4.94,16800,5.09,40900,4.93,15400,5.1,101432,4.92,67700,5.11,41500,1782900,2280032,16:10:45.233
000931.SZ,000931,20260421,20260421,10:40:15.000,104015000,79,5.01,5.09,5.1,5.0,5.1,5.61,4.59,5421980,2737.6087,5798,5.01,54200,5.02,535800,5.0,240500,5.03,35000,4.99,99400,5.04,13300,4.98,134700,5.05,23500,4.97,64000,5.06,34800,4.96,252800,5.07,32600,4.95,195000,5.08,44200,4.94,16800,5.09,40900,4.93,15400,5.1,101432,4.92,67700,5.11,41500,1782800,2280032,16:10:45.484
000931.SZ,000931,20260421,20260421,10:40:18.000,104018000,79,5.01,5.09,5.1,5.0,5.1,5.61,4.59,5421980,2737.6087,5798,5.01,54700,5.02,535800,5.0,240500,5.03,35000,4.99,99400,5.04,13300,4.98,134700,5.05,23500,4.97,64000,5.06,34800,4.96,242800,5.07,32600,4.95,195000,5.08,44200,4.94,16800,5.09,40900,4.93,15400,5.1,101432,4.92,67700,5.11,41500,1773300,2280032,16:10:45.735
000931.SZ,000931,20260421,20260421,10:40:27.000,104027000,79,5.01,5.09,5.1,5.0,5.1,5.61,4.59,5496980,2775.2569,5841,5.01,62200,5.02,462600,5.0,240700,5.03,35000,4.99,99400,5.04,13300,4.98,134700,5.05,23500,4.97,64000,5.06,34800,4.96,242800,5.07,32600,4.95,195000,5.08,44200,4.94,16800,5.09,40900,4.93,15400,5.1,101432,4.92,67700,5.11,41500,1781000,2206832,16:10:46.198
000931.SZ,000931,20260421,20260421,10:40:30.000,104030000,79,5.01,5.09,5.1,5.0,5.1,5.61,4.59,5500880,2777.2108,5844,5.01,58300,5.02,462600,5.0,240700,5.03,35000,4.99,99400,5.04,13300,4.98,134700,5.05,23500,4.97,64000,5.06,34800,4.96,242800,5.07,32600,4.95,195000,5.08,44200,4.94,16800,5.09,40900,4.93,15400,5.1,101432,4.92,67700,5.11,41500,1777100,2206832,16:10:46.450
000931.SZ,000931,20260421,20260421,10:40:33.000,104033000,79,5.01,5.09,5.1,5.0,5.1,5.61,4.59,5503080,2778.315,5847,5.01,65000,5.02,460600,5.0,250700,5.03,35000,4.99,99400,5.04,13300,4.98,134700,5.05,23500,4.97,64000,5.06,34800,4.96,242800,5.07,32600,4.95,195000,5.08,44200,4.94,16800,5.09,40900,4.93,15400,5.1,101432,4.92,67700,5.11,41500,1793800,2204832,16:10:46.686
000931.SZ,000931,20260421,20260421,10:40:39.000,104039000,79,5.01,5.09,5.1,5.0,5.1,5.61,4.59,5503080,2778.315,5847,5.01,65800,5.02,460600,5.0,250700,5.03,35000,4.99,99400,5.04,13300,4.98,134700,5.05,23500,4.97,64000,5.06,34800,4.96,242800,5.07,32600,4.95,195000,5.08,44200,4.94,16800,5.09,40900,4.93,15400,5.1,101432,4.92,67700,5.11,41500,1796600,2204832,16:10:46.984
000931.SZ,000931,20260421,20260421,10:40:42.000,104042000,79,5.01,5.09,5.1,5.0,5.1,5.61,4.59,5503080,2778.315,5847,5.01,65900,5.02,460600,5.0,250700,5.03,35000,4.99,99400,5.04,13300,4.98,134700,5.05,23500,4.97,64000,5.06,34800,4.96,242800,5.07,32600,4.95,195000,5.08,44200,4.94,16800,5.09,40900,4.93,15400,5.1,101432,4.92,67700,5.11,41500,1796800,2204832,16:10:47.181
000931.SZ,000931,20260421,20260421,10:40:48.000,104048000,79,5.01,5.09,5.1,5.0,5.1,5.61,4.59,5503080,2778.315,5847,5.01,65900,5.02,460600,5.0,270700,5.03,35000,4.99,99400,5.04,13300,4.98,134700,5.05,23500,4.97,64000,5.06,34800,4.96,242800,5.07,32600,4.95,195000,5.08,44200,4.94,16800,5.09,40900,4.93,15400,5.1,101432,4.92,67700,5.11,41500,1816800,2204832,16:10:47.480
000931.SZ,000931,20260421,20260421,10:40:57.000,104057000,79,5.01,5.09,5.1,5.0,5.1,5.61,4.59,5503080,2778.315,5847,5.01,58600,5.02,460700,5.0,270700,5.03,35000,4.99,99400,5.04,13300,4.98,134700,5.05,23500,4.97,64000,5.06,34800,4.96,242800,5.07,32600,4.95,195000,5.08,44200,4.94,16800,5.09,40900,4.93,15400,5.1,101432,4.92,67700,5.11,41500,1809500,2204932,16:10:48.039
000931.SZ,000931,20260421,20260421,10:41:00.000,104100000,79,5.01,5.09,5.1,5.0,5.1,5.61,4.59,5503080,2778.315,5847,5.01,58700,5.02,464100,5.0,270700,5.03,35000,4.99,99400,5.04,13300,4.98,134700,5.05,23500,4.97,64000,5.06,34800,4.96,242800,5.07,32600,4.95,195000,5.08,44200,4.94,16800,5.09,40900,4.93,15400,5.1,101432,4.92,67700,5.11,41500,1809600,2208332,16:10:48.222
000931.SZ,000931,20260421,20260421,10:41:03.000,104103000,79,5.01,5.09,5.1,5.0,5.1,5.61,4.59,5503080,2778.315,5847,5.01,58700,5.02,464500,5.0,270700,5.03,35000,4.99,99400,5.04,13300,4.98,134700,5.05,23500,4.97,64000,5.06,34800,4.96,242800,5.07,32600,4.95,195000,5.08,44200,4.94,16800,5.09,40900,4.93,15400,5.1,101432,4.92,67700,5.11,41500,1809600,2208732,16:10:48.459
000931.SZ,000931,20260421,20260421,10:41:09.000,104109000,79,5.01,5.09,5.1,5.0,5.1,5.61,4.59,5503080,2778.315,5847,5.01,78700,5.02,464500,5.0,270700,5.03,35000,4.99,99400,5.04,13300,4.98,134700,5.05,23500,4.97,64000,5.06,34800,4.96,242800,5.07,32600,4.95,195000,5.08,44200,4.94,16800,5.09,40900,4.93,15400,5.1,101432,4.92,67700,5.11,41500,1829600,2208732,16:10:48.850
000931.SZ,000931,20260421,20260421,10:41:18.000,104118000,79,5.01,5.09,5.1,5.0,5.1,5.61,4.59,5503080,2778.315,5847,5.01,101900,5.02,464500,5.0,270700,5.03,35000,4.99,99400,5.04,13300,4.98,134700,5.05,23500,4.97,64000,5.06,34800,4.96,242800,5.07,32600,4.95,195000,5.08,44200,4.94,16800,5.09,40900,4.93,15400,5.1,101432,4.92,67700,5.11,41500,1852800,2208732,16:10:49.284
000931.SZ,000931,20260421,20260421,10:41:21.000,104121000,79,5.02,5.09,5.1,5.0,5.1,5.61,4.59,5503480,2778.5158,5848,5.01,101900,5.02,464300,5.0,269700,5.03,35000,4.99,99400,5.04,17300,4.98,134700,5.05,23500,4.97,64000,5.06,34800,4.96,242800,5.07,32600,4.95,195000,5.08,44200,4.94,16800,5.09,40900,4.93,15400,5.1,101432,4.92,67700,5.11,41500,1851800,2212532,16:10:49.440
000931.SZ,000931,20260421,20260421,10:41:24.000,104124000,79,5.02,5.09,5.1,5.0,5.1,5.61,4.59,5503480,2778.5158,5848,5.01,102200,5.02,464300,5.0,269500,5.03,35000,4.99,99400,5.04,17300,4.98,134700,5.05,23500,4.97,64000,5.06,34800,4.96,242800,5.07,32600,4.95,195000,5.08,44200,4.94,16800,5.09,40900,4.93,15400,5.1,101432,4.92,67700,5.11,41500,1851900,2212532,16:10:49.597
000931.SZ,000931,20260421,20260421,10:41:27.000,104127000,79,5.01,5.09,5.1,5.0,5.1,5.61,4.59,5503780,2778.6661,5849,5.01,103200,5.02,465400,5.0,269500,5.03,35000,4.99,99400,5.04,17300,4.98,134700,5.05,23500,4.97,64000,5.06,34800,4.96,242800,5.07,32600,4.95,195000,5.08,44200,4.94,16800,5.09,40900,4.93,15400,5.1,101432,4.92,67700,5.11,41500,1852900,2213632,16:10:49.724
000931.SZ,000931,20260421,20260421,10:41:30.000,104130000,79,5.01,5.09,5.1,5.0,5.1,5.61,4.59,5503780,2778.6661,5849,5.01,105500,5.02,465400,5.0,269300,5.03,35000,4.99,99400,5.04,17300,4.98,134700,5.05,23500,4.97,64000,5.06,34800,4.96,242800,5.07,32600,4.95,195000,5.08,44200,4.94,16800,5.09,40900,4.93,15400,5.1,101432,4.92,67700,5.11,41500,1855000,2213632,16:10:50.005
000931.SZ,000931,20260421,20260421,10:41:33.000,104133000,79,5.01,5.09,5.1,5.0,5.1,5.61,4.59,5503780,2778.6661,5849,5.01,105500,5.02,465400,5.0,269300,5.03,35000,4.99,99400,5.04,17300,4.98,134700,5.05,26500,4.97,64000,5.06,34800,4.96,242800,5.07,32600,4.95,195000,5.08,44200,4.94,16800,5.09,40900,4.93,15400,5.1,101432,4.92,67700,5.11,41500,1855000,2216632,16:10:50.162
000931.SZ,000931,20260421,20260421,10:41:36.000,104136000,79,5.01,5.09,5.1,5.0,5.1,5.61,4.59,5503780,2778.6661,5849,5.01,115500,5.02,465400,5.0,268900,5.03,35000,4.99,99400,5.04,17300,4.98,134700,5.05,26500,4.97,64000,5.06,34800,4.96,242800,5.07,32600,4.95,195000,5.08,44200,4.94,16800,5.09,40900,4.93,15400,5.1,101432,4.92,67700,5.11,41500,1864800,2216632,16:10:50.314
000931.SZ,000931,20260421,20260421,10:41:39.000,104139000,79,5.01,5.09,5.1,5.0,5.1,5.61,4.59,5503780,2778.6661,5849,5.01,116200,5.02,465400,5.0,268800,5.03,35000,4.99,99400,5.04,17300,4.98,134700,5.05,26500,4.97,64000,5.06,34800,4.96,242800,5.07,32600,4.95,187700,5.08,44200,4.94,16800,5.09,40900,4.93,15400,5.1,101432,4.92,67700,5.11,41500,1858100,2216632,16:10:50.456
000931.SZ,000931,20260421,20260421,10:41:42.000,104142000,79,5.01,5.09,5.1,5.0,5.1,5.61,4.59,5503780,2778.6661,5849,5.01,117700,5.02,465400,5.0,268800,5.03,35000,4.99,99400,5.04,17300,4.98,134700,5.05,26500,4.97,64000,5.06,34800,4.96,242800,5.07,32600,4.95,187700,5.08,44200,4.94,16800,5.09,40900,4.93,15400,5.1,101432,4.92,67700,5.11,41500,1859600,2216632,16:10:50.599
000931.SZ,000931,20260421,20260421,10:41:45.000,104145000,79,5.01,5.09,5.1,5.0,5.1,5.61,4.59,5503780,2778.6661,5849,5.01,117700,5.02,465400,5.0,269300,5.03,35000,4.99,99400,5.04,17300,4.98,134700,5.05,26500,4.97,64000,5.06,34800,4.96,242800,5.07,32600,4.95,187700,5.08,44200,4.94,16800,5.09,40900,4.93,15400,5.1,101432,4.92,67700,5.11,41500,1860100,2216632,16:10:50.991
000931.SZ,000931,20260421,20260421,10:41:48.000,104148000,79,5.01,5.09,5.1,5.0,5.1,5.61,4.59,5503780,2778.6661,5849,5.01,127700,5.02,465400,5.0,269300,5.03,35000,4.99,99400,5.04,17300,4.98,134700,5.05,26500,4.97,64000,5.06,34800,4.96,242800,5.07,32600,4.95,187700,5.08,44200,4.94,16800,5.09,40900,4.93,15400,5.1,101432,4.92,67700,5.11,41500,1870100,2216632,16:10:50.991
000931.SZ,000931,20260421,20260421,10:41:51.000,104151000,79,5.01,5.09,5.1,5.0,5.1,5.61,4.59,5503780,2778.6661,5849,5.01,127700,5.02,465400,5.0,270300,5.03,35000,4.99,99400,5.04,17300,4.98,134700,5.05,26500,4.97,64000,5.06,34800,4.96,242800,5.07,32600,4.95,187700,5.08,44200,4.94,16800,5.09,40900,4.93,15400,5.1,101432,4.92,67700,5.11,41500,1871100,2216632,16:10:51.149
000931.SZ,000931,20260421,20260421,10:41:54.000,104154000,79,5.01,5.09,5.1,5.0,5.1,5.61,4.59,5503780,2778.6661,5849,5.01,127700,5.02,465400,5.0,270300,5.03,35000,4.99,99400,5.04,17300,4.98,134700,5.05,39500,4.97,64000,5.06,34800,4.96,242800,5.07,32600,4.95,187700,5.08,44200,4.94,16800,5.09,40900,4.93,15400,5.1,101432,4.92,67700,5.11,41500,1871100,2229632,16:10:51.290
000931.SZ,000931,20260421,20260421,10:41:57.000,104157000,79,5.01,5.09,5.1,5.0,5.1,5.61,4.59,5503780,2778.6661,5849,5.01,127700,5.02,465400,5.0,277500,5.03,35000,4.99,99400,5.04,17300,4.98,134700,5.05,39500,4.97,63800,5.06,34800,4.96,242800,5.07,32600,4.95,187700,5.08,44200,4.94,16800,5.09,40900,4.93,15400,5.1,101432,4.92,67700,5.11,41500,1878100,2229632,16:10:51.479
000931.SZ,000931,20260421,20260421,10:42:00.000,104200000,79,5.01,5.09,5.1,5.0,5.1,5.61,4.59,5503780,2778.6661,5849,5.01,127800,5.02,465400,5.0,277500,5.03,35000,4.99,99400,5.04,17300,4.98,134700,5.05,39500,4.97,63800,5.06,34800,4.96,242800,5.07,32600,4.95,187700,5.08,44200,4.94,16800,5.09,40900,4.93,15400,5.1,101432,4.92,67700,5.11,41500,1878200,2229632,16:10:51.697
000931.SZ,000931,20260421,20260421,10:42:03.000,104203000,79,5.02,5.09,5.1,5.0,5.1,5.61,4.59,5505780,2779.6701,5850,5.01,127800,5.02,463400,5.0,277500,5.03,35000,4.99,99400,5.04,17300,4.98,134700,5.05,39500,4.97,63800,5.06,34800,4.96,251400,5.07,32600,4.95,187700,5.08,44200,4.94,16800,5.09,40900,4.93,15400,5.1,101432,4.92,67700,5.11,41500,1886800,2227632,16:10:51.880
000931.SZ,000931,20260421,20260421,10:42:09.000,104209000,79,5.02,5.09,5.1,5.0,5.1,5.61,4.59,5505780,2779.6701,5850,5.01,127800,5.02,463400,5.0,277500,5.03,34700,4.99,99400,5.04,17300,4.98,134700,5.05,39500,4.97,63800,5.06,34800,4.96,251400,5.07,32600,4.95,187700,5.08,44200,4.94,16800,5.09,40900,4.93,15400,5.1,101432,4.92,67700,5.11,41500,1886800,2227332,16:10:52.203
000931.SZ,000931,20260421,20260421,10:42:15.000,104215000,79,5.02,5.09,5.1,5.0,5.1,5.61,4.59,5505780,2779.6701,5850,5.01,129300,5.02,463400,5.0,277500,5.03,34700,4.99,99400,5.04,17300,4.98,134700,5.05,39500,4.97,63800,5.06,34800,4.96,251400,5.07,32600,4.95,187700,5.08,44200,4.94,17100,5.09,40900,4.93,15400,5.1,101432,4.92,67700,5.11,41500,1888600,2227332,16:10:52.527
000931.SZ,000931,20260421,20260421,10:42:18.000,104218000,79,5.01,5.09,5.1,5.0,5.1,5.61,4.59,5505880,2779.7202,5851,5.01,129200,5.02,463400,5.0,277500,5.03,34700,4.99,99400,5.04,17300,4.98,134700,5.05,39500,4.97,63800,5.06,34800,4.96,251400,5.07,32600,4.95,187700,5.08,44200,4.94,17100,5.09,40900,4.93,15400,5.1,101432,4.92,67700,5.11,41500,1888500,2227332,16:10:52.683
000931.SZ,000931,20260421,20260421,10:42:21.000,104221000,79,5.01,5.09,5.1,5.0,5.1,5.61,4.59,5505880,2779.7202,5851,5.01,129200,5.02,463400,5.0,277800,5.03,34700,4.99,99400,5.04,17300,4.98,134700,5.05,26500,4.97,63800,5.06,34800,4.96,251400,5.07,32600,4.95,187700,5.08,44200,4.94,17100,5.09,40900,4.93,15400,5.1,101432,4.92,67700,5.11,41500,1888800,2214332,16:10:52.833
000931.SZ,000931,20260421,20260421,10:42:24.000,104224000,79,5.01,5.09,5.1,5.0,5.1,5.61,4.59,5505880,2779.7202,5851,5.01,129200,5.02,463400,5.0,278100,5.03,34700,4.99,99400,5.04,17300,4.98,134700,5.05,26500,4.97,63800,5.06,34800,4.96,251400,5.07,32600,4.95,187700,5.08,44200,4.94,17100,5.09,40900,4.93,15400,5.1,101432,4.92,67700,5.11,41500,1889100,2214332,16:10:52.991
000931.SZ,000931,20260421,20260421,10:42:27.000,104227000,79,5.01,5.09,5.1,5.0,5.1,5.61,4.59,5505880,2779.7202,5851,5.01,130200,5.02,463400,5.0,278100,5.03,34700,4.99,99400,5.04,17300,4.98,134700,5.05,26500,4.97,63800,5.06,34800,4.96,251400,5.07,32600,4.95,187700,5.08,44200,4.94,17100,5.09,40900,4.93,15400,5.1,101432,4.92,67700,5.11,41500,1890100,2214332,16:10:53.130
000931.SZ,000931,20260421,20260421,10:42:30.000,104230000,79,5.01,5.09,5.1,5.0,5.1,5.61,4.59,5505880,2779.7202,5851,5.01,130400,5.02,463400,5.0,278100,5.03,34700,4.99,99400,5.04,17300,4.98,134700,5.05,26500,4.97,63800,5.06,34800,4.96,251400,5.07,32600,4.95,187700,5.08,44200,4.94,17100,5.09,40900,4.93,15400,5.1,101432,4.92,67700,5.11,41500,1890300,2214332,16:10:53.275
000931.SZ,000931,20260421,20260421,10:42:33.000,104233000,79,5.01,5.09,5.1,5.0,5.1,5.61,4.59,5505880,2779.7202,5851,5.01,130000,5.02,463400,5.0,278100,5.03,34700,4.99,99400,5.04,17300,4.98,134700,5.05,26500,4.97,63800,5.06,34800,4.96,251400,5.07,32600,4.95,187700,5.08,44200,4.94,17100,5.09,40900,4.93,15400,5.1,101432,4.92,67700,5.11,41500,1889900,2214332,16:10:53.345
000931.SZ,000931,20260421,20260421,10:42:39.000,104239000,79,5.01,5.09,5.1,5.0,5.1,5.61,4.59,5505880,2779.7202,5851,5.01,130000,5.02,463400,5.0,278100,5.03,34700,4.99,99400,5.04,17300,4.98,134700,5.05,26500,4.97,63800,5.06,47800,4.96,251400,5.07,32600,4.95,187700,5.08,44200,4.94,17100,5.09,40900,4.93,15400,5.1,101432,4.92,67700,5.11,41500,1889900,2227332,16:10:53.498
000931.SZ,000931,20260421,20260421,10:42:42.000,104242000,79,5.02,5.09,5.1,5.0,5.1,5.61,4.59,5506280,2779.921,5852,5.01,135200,5.02,463000,5.0,278400,5.03,34700,4.99,99400,5.04,17300,4.98,134700,5.05,26500,4.97,63800,5.06,47800,4.96,251400,5.07,32600,4.95,187700,5.08,44200,4.94,17100,5.09,40900,4.93,15400,5.1,101432,4.92,67700,5.11,41500,1895400,2226932,16:10:53.609
000931.SZ,000931,20260421,20260421,10:42:45.000,104245000,79,5.02,5.09,5.1,5.0,5.1,5.61,4.59,5506280,2779.921,5852,5.01,135200,5.02,463000,5.0,280400,5.03,34700,4.99,99400,5.04,19000,4.98,134700,5.05,26500,4.97,63800,5.06,47800,4.96,251400,5.07,32600,4.95,187700,5.08,44200,4.94,17100,5.09,40900,4.93,15400,5.1,101432,4.92,67700,5.11,41500,1897400,2228632,16:10:53.797
000931.SZ,000931,20260421,20260421,10:42:54.000,104254000,79,5.01,5.09,5.1,5.0,5.1,5.61,4.59,5508280,2780.923,5856,5.01,133300,5.02,476600,5.0,280400,5.03,34700,4.99,99400,5.04,19000,4.98,134700,5.05,26500,4.97,63800,5.06,47800,4.96,251400,5.07,32600,4.95,187700,5.08,44200,4.94,17100,5.09,40900,4.93,15400,5.1,101432,4.92,67700,5.11,41500,1895500,2242232,16:10:54.278
000931.SZ,000931,20260421,20260421,10:42:57.000,104257000,79,5.01,5.09,5.1,5.0,5.1,5.61,4.59,5508280,2780.923,5856,5.01,134200,5.02,476600,5.0,280400,5.03,34700,4.99,99400,5.04,19000,4.98,134700,5.05,26500,4.97,69200,5.06,47800,4.96,251400,5.07,32600,4.95,187700,5.08,44200,4.94,17100,5.09,40900,4.93,15400,5.1,101432,4.92,67700,5.11,41500,1901800,2242232,16:10:54.607
000931.SZ,000931,20260421,20260421,10:43:00.000,104300000,79,5.01,5.09,5.1,5.0,5.1,5.61,4.59,5508280,2780.923,5856,5.01,139200,5.02,476600,5.0,280400,5.03,34700,4.99,99400,5.04,19000,4.98,134700,5.05,26500,4.97,60200,5.06,47800,4.96,251400,5.07,32600,4.95,187700,5.08,44200,4.94,17100,5.09,40900,4.93,15400,5.1,101432,4.92,67700,5.11,41500,1897800,2242232,16:10:54.607
000931.SZ,000931,20260421,20260421,10:43:06.000,104306000,79,5.01,5.09,5.1,5.0,5.1,5.61,4.59,5508280,2780.923,5856,5.01,139200,5.02,476800,5.0,280400,5.03,34700,4.99,99400,5.04,19000,4.98,134700,5.05,26500,4.97,60200,5.06,47800,4.96,251400,5.07,32600,4.95,187700,5.08,44200,4.94,17100,5.09,40900,4.93,15400,5.1,101432,4.92,67700,5.11,41500,1897800,2242432,16:10:55.229
000931.SZ,000931,20260421,20260421,10:43:09.000,104309000,79,5.01,5.09,5.1,5.0,5.1,5.61,4.59,5508280,2780.923,5856,5.01,139200,5.02,463200,5.0,280400,5.03,34700,4.99,99400,5.04,19000,4.98,134700,5.05,26500,4.97,60200,5.06,47800,4.96,251400,5.07,32600,4.95,187700,5.08,44200,4.94,17100,5.09,40900,4.93,15400,5.1,101432,4.92,67700,5.11,41500,1897800,2228532,16:10:55.337
000931.SZ,000931,20260421,20260421,10:43:12.000,104312000,79,5.01,5.09,5.1,5.0,5.1,5.61,4.59,5508280,2780.923,5856,5.01,152600,5.02,463200,5.0,280400,5.03,34700,4.99,99400,5.04,19000,4.98,134700,5.05,26500,4.97,60200,5.06,47800,4.96,251400,5.07,32600,4.95,187700,5.08,44200,4.94,17100,5.09,40900,4.93,15400,5.1,101432,4.92,67700,5.11,41500,1911200,2228532,16:10:55.463
000931.SZ,000931,20260421,20260421,10:43:15.000,104315000,79,5.01,5.09,5.1,5.0,5.1,5.61,4.59,5508280,2780.923,5856,5.01,152300,5.02,463400,5.0,280400,5.03,34800,4.99,99400,5.04,19000,4.98,134700,5.05,26500,4.97,60200,5.06,47800,4.96,251400,5.07,32600,4.95,187700,5.08,44200,4.94,17100,5.09,40900,4.93,15400,5.1,101432,4.92,67700,5.11,41500,1910900,2228832,16:10:55.718
000931.SZ,000931,20260421,20260421,10:43:18.000,104318000,79,5.01,5.09,5.1,5.0,5.1,5.61,4.59,5508280,2780.923,5856,5.01,154300,5.02,463400,5.0,280400,5.03,34800,4.99,99400,5.04,19000,4.98,134700,5.05,26500,4.97,60200,5.06,47800,4.96,251400,5.07,32600,4.95,187700,5.08,44200,4.94,17100,5.09,40900,4.93,15400,5.1,101432,4.92,67700,5.11,41500,1912900,2228832,16:10:55.889
000931.SZ,000931,20260421,20260421,10:43:21.000,104321000,79,5.01,5.09,5.1,5.0,5.1,5.61,4.59,5508280,2780.923,5856,5.01,154400,5.02,463500,5.0,280400,5.03,34800,4.99,99400,5.04,19000,4.98,134700,5.05,26500,4.97,60200,5.06,47800,4.96,251400,5.07,32600,4.95,187700,5.08,44200,4.94,17100,5.09,40900,4.93,15400,5.1,101432,4.92,67700,5.11,41500,1913000,2228932,16:10:56.201
000931.SZ,000931,20260421,20260421,10:43:24.000,104324000,79,5.01,5.09,5.1,5.0,5.1,5.61,4.59,5511880,2782.7266,5864,5.01,150800,5.02,463500,5.0,280400,5.03,34800,4.99,99400,5.04,19000,4.98,134700,5.05,26500,4.97,60200,5.06,47800,4.96,251400,5.07,32600,4.95,187700,5.08,44200,4.94,17100,5.09,40900,4.93,15400,5.1,101432,4.92,67700,5.11,41500,1909400,2228932,16:10:56.462
000931.SZ,000931,20260421,20260421,10:43:27.000,104327000,79,5.01,5.09,5.1,5.0,5.1,5.61,4.59,5511880,2782.7266,5864,5.01,150800,5.02,463500,5.0,280400,5.03,34800,4.99,99400,5.04,19000,4.98,134700,5.05,26500,4.97,60200,5.06,47800,4.96,249300,5.07,32600,4.95,187700,5.08,44200,4.94,17100,5.09,40900,4.93,15400,5.1,101432,4.92,67700,5.11,41500,1907300,2228932,16:10:56.684
000931.SZ,000931,20260421,20260421,10:43:30.000,104330000,79,5.01,5.09,5.1,5.0,5.1,5.61,4.59,5511880,2782.7266,5864,5.01,151000,5.02,463500,5.0,280400,5.03,34800,4.99,99400,5.04,19000,4.98,134700,5.05,26500,4.97,60200,5.06,47800,4.96,249300,5.07,32600,4.95,187700,5.08,44200,4.94,17100,5.09,40900,4.93,15400,5.1,101432,4.92,67700,5.11,41500,1907500,2228932,16:10:56.810
000931.SZ,000931,20260421,20260421,10:43:36.000,104336000,79,5.01,5.09,5.1,5.0,5.1,5.61,4.59,5511880,2782.7266,5864,5.01,151000,5.02,463500,5.0,280400,5.03,34800,4.99,99400,5.04,19000,4.98,134700,5.05,26500,4.97,60200,5.06,47800,4.96,249300,5.07,32600,4.95,207700,5.08,44200,4.94,17100,5.09,40900,4.93,15400,5.1,101432,4.92,67700,5.11,41500,1927500,2228932,16:10:57.231
000931.SZ,000931,20260421,20260421,10:43:39.000,104339000,79,5.01,5.09,5.1,5.0,5.1,5.61,4.59,5512980,2783.2777,5865,5.01,149900,5.02,463500,5.0,280400,5.03,34800,4.99,99400,5.04,19000,4.98,134700,5.05,26500,4.97,60200,5.06,47800,4.96,249300,5.07,32600,4.95,207700,5.08,44200,4.94,17100,5.09,40900,4.93,15400,5.1,101432,4.92,67700,5.11,41500,1926400,2228932,16:10:57.382
000931.SZ,000931,20260421,20260421,10:43:45.000,104345000,79,5.01,5.09,5.1,5.0,5.1,5.61,4.59,5513080,2783.3278,5866,5.01,149800,5.02,463500,5.0,280400,5.03,34800,4.99,99400,5.04,19000,4.98,134700,5.05,26500,4.97,60200,5.06,47800,4.96,249300,5.07,32600,4.95,207700,5.08,44200,4.94,17100,5.09,40900,4.93,15400,5.1,101432,4.92,67700,5.11,41500,1926300,2228932,16:10:57.729
000931.SZ,000931,20260421,20260421,10:43:54.000,104354000,79,5.01,5.09,5.1,5.0,5.1,5.61,4.59,5513080,2783.3278,5866,5.01,149800,5.02,463500,5.0,280400,5.03,34800,4.99,99400,5.04,20500,4.98,134700,5.05,26500,4.97,60200,5.06,47800,4.96,249300,5.07,32600,4.95,207700,5.08,44200,4.94,17100,5.09,40900,4.93,15400,5.1,101432,4.92,67700,5.11,41500,1926300,2230432,16:10:58.122
000931.SZ,000931,20260421,20260421,10:43:57.000,104357000,79,5.01,5.09,5.1,5.0,5.1,5.61,4.59,5513080,2783.3278,5866,5.01,149900,5.02,463500,5.0,280400,5.03,34800,4.99,99400,5.04,20500,4.98,134700,5.05,26500,4.97,60200,5.06,47800,4.96,249300,5.07,32600,4.95,207700,5.08,44200,4.94,17100,5.09,40900,4.93,15400,5.1,101432,4.92,67700,5.11,41500,1926400,2230432,16:10:58.276
000931.SZ,000931,20260421,20260421,10:44:00.000,104400000,79,5.01,5.09,5.1,5.0,5.1,5.61,4.59,5513080,2783.3278,5866,5.01,150200,5.02,463500,5.0,280400,5.03,34800,4.99,99400,5.04,20500,4.98,134700,5.05,26500,4.97,60200,5.06,47800,4.96,249300,5.07,32600,4.95,207700,5.08,44200,4.94,17100,5.09,40900,4.93,15400,5.1,101432,4.92,67700,5.11,41500,1926700,2230432,16:10:58.460
000931.SZ,000931,20260421,20260421,10:44:03.000,104403000,79,5.01,5.09,5.1,5.0,5.1,5.61,4.59,5513080,2783.3278,5866,5.01,151000,5.02,464100,5.0,280400,5.03,34800,4.99,99400,5.04,20500,4.98,134700,5.05,26500,4.97,60200,5.06,47800,4.96,249300,5.07,32600,4.95,207700,5.08,44200,4.94,17100,5.09,40900,4.93,15400,5.1,101432,4.92,67700,5.11,41500,1927500,2249332,16:10:58.697
000931.SZ,000931,20260421,20260421,10:44:09.000,104409000,79,5.01,5.09,5.1,5.0,5.1,5.61,4.59,5513180,2783.3779,5867,5.01,150700,5.02,464100,5.0,280400,5.03,34800,4.99,99400,5.04,20500,4.98,129700,5.05,26500,4.97,60200,5.06,47800,4.96,249300,5.07,32600,4.95,207700,5.08,44200,4.94,17100,5.09,40900,4.93,15400,5.1,101432,4.92,67700,5.11,41500,1922200,2249332,16:10:58.978
000931.SZ,000931,20260421,20260421,10:44:12.000,104412000,79,5.01,5.09,5.1,5.0,5.1,5.61,4.59,5668980,2861.4337,5969,5.0,280400,5.01,139100,4.99,99400,5.02,451100,4.98,129700,5.03,34800,4.97,60200,5.04,20500,4.96,249300,5.05,26500,4.95,207700,5.06,47800,4.94,17100,5.07,32600,4.93,15400,5.08,44200,4.92,67700,5.09,40900,4.91,57300,5.1,101432,1771500,2375432,16:10:59.213
000931.SZ,000931,20260421,20260421,10:44:15.000,104415000,79,5.0,5.09,5.1,5.0,5.1,5.61,4.59,5675980,2864.9337,5976,5.0,284400,5.01,149800,4.99,99400,5.02,451100,4.98,129700,5.03,34800,4.97,60200,5.04,20500,4.96,249300,5.05,26500,4.95,207700,5.06,47800,4.94,17100,5.07,32600,4.93,15400,5.08,44200,4.92,67700,5.09,40900,4.91,57300,5.1,101432,1775500,2386132,16:10:59.426
000931.SZ,000931,20260421,20260421,10:44:18.000,104418000,79,5.0,5.09,5.1,5.0,5.1,5.61,4.59,5675980,2864.9337,5976,5.0,284900,5.01,60800,4.99,99400,5.02,448200,4.98,129700,5.03,34800,4.97,60200,5.04,20500,4.96,249300,5.05,26500,4.95,208200,5.06,47800,4.94,17100,5.07,32600,4.93,15400,5.08,44200,4.92,67700,5.09,40900,4.91,57300,5.1,101432,1776500,2294232,16:10:59.587
000931.SZ,000931,20260421,20260421,10:44:21.000,104421000,79,5.01,5.09,5.1,5.0,5.1,5.61,4.59,5680380,2867.1381,5994,5.0,285300,5.01,32900,4.99,99400,5.02,448100,4.98,129700,5.03,34800,4.97,60200,5.04,20500,4.96,249300,5.05,26500,4.95,208200,5.06,47800,4.94,17100,5.07,32600,4.93,15400,5.08,44200,4.92,67700,5.09,40900,4.91,57300,5.1,101432,1776900,2266232,16:10:59.757
000931.SZ,000931,20260421,20260421,10:44:24.000,104424000,79,5.01,5.09,5.1,5.0,5.1,5.61,4.59,5680380,2867.1381,5994,5.0,285300,5.01,33100,4.99,99400,5.02,448100,4.98,129700,5.03,34800,4.97,60200,5.04,20500,4.96,249300,5.05,26500,4.95,208200,5.06,47800,4.94,17100,5.07,32600,4.93,15400,5.08,44200,4.92,67700,5.09,40900,4.91,57300,5.1,101432,1776900,2266432,16:10:59.961
000931.SZ,000931,20260421,20260421,10:44:30.000,104430000,79,5.01,5.09,5.1,5.0,5.1,5.61,4.59,5680380,2867.1381,5994,5.0,285300,5.01,33300,4.99,99400,5.02,448100,4.98,129700,5.03,34800,4.97,60200,5.04,20500,4.96,250300,5.05,26500,4.95,208200,5.06,47800,4.94,17100,5.07,32600,4.93,15400,5.08,44200,4.92,67700,5.09,40900,4.91,57300,5.1,101432,1777900,2266632,16:11:00.300
000931.SZ,000931,20260421,20260421,10:44:33.000,104433000,79,5.0,5.09,5.1,5.0,5.1,5.61,4.59,5680480,2867.1881,5995,5.0,285200,5.01,33400,4.99,99100,5.02,447900,4.98,129700,5.03,34800,4.97,60200,5.04,20500,4.96,250300,5.05,26500,4.95,208200,5.06,47800,4.94,17100,5.07,32600,4.93,15400,5.08,44200,4.92,67700,5.09,40900,4.91,57300,5.1,101432,1777500,2266532,16:11:00.441
000931.SZ,000931,20260421,20260421,10:44:36.000,104436000,79,5.0,5.09,5.1,5.0,5.1,5.61,4.59,5680780,2867.3381,5997,5.0,284900,5.01,34300,4.99,99100,5.02,447900,4.98,129700,5.03,34800,4.97,60200,5.04,20500,4.96,250300,5.05,26500,4.95,208200,5.06,47800,4.94,17100,5.07,32600,4.93,15400,5.08,44200,4.92,67700,5.09,40900,4.91,57300,5.1,101432,1777200,2267432,16:11:00.616
000931.SZ,000931,20260421,20260421,10:44:39.000,104439000,79,5.0,5.09,5.1,5.0,5.1,5.61,4.59,5680780,2867.3381,5997,5.0,284900,5.01,34300,4.99,99100,5.02,447900,4.98,129700,5.03,34800,4.97,60200,5.04,20500,4.96,250500,5.05,26500,4.95,208200,5.06,47800,4.94,17100,5.07,32600,4.93,15400,5.08,44200,4.92,67700,5.09,17300,4.91,57300,5.1,101432,1777400,2243832,16:11:00.772
000931.SZ,000931,20260421,20260421,10:44:42.000,104442000,79,5.01,5.09,5.1,5.0,5.1,5.61,4.59,5680880,2867.3882,5998,5.0,284900,5.01,35200,4.99,99100,5.02,447900,4.98,129700,5.03,34800,4.97,60200,5.04,20500,4.96,250500,5.05,26500,4.95,208200,5.06,47800,4.94,17100,5.07,32600,4.93,15400,5.08,44200,4.92,67700,5.09,17300,4.91,57300,5.1,101432,1777400,2244732,16:11:00.915
000931.SZ,000931,20260421,20260421,10:44:45.000,104445000,79,5.01,5.09,5.1,5.0,5.1,5.61,4.59,5684180,2869.0415,6004,5.0,284900,5.01,34100,4.99,99100,5.02,447900,4.98,129700,5.03,34800,4.97,60200,5.04,20500,4.96,250500,5.05,26500,4.95,208200,5.06,47800,4.94,17100,5.07,32600,4.93,15400,5.08,44200,4.92,67700,5.09,17300,4.91,57300,5.1,101432,1777400,2243632,16:11:01.070
000931.SZ,000931,20260421,20260421,10:44:48.000,104448000,79,5.01,5.09,5.1,5.0,5.1,5.61,4.59,5684180,2869.0415,6004,5.0,284900,5.01,34300,4.99,99100,5.02,447900,4.98,129700,5.03,34800,4.97,60200,5.04,20500,4.96,250500,5.05,26500,4.95,208200,5.06,47800,4.94,17100,5.07,32600,4.93,15400,5.08,44200,4.92,67700,5.09,17300,4.91,57300,5.1,101432,1777400,2243832,16:11:01.228
000931.SZ,000931,20260421,20260421,10:44:51.000,104451000,79,5.0,5.09,5.1,5.0,5.1,5.61,4.59,5685180,2869.5415,6006,5.0,283900,5.01,34100,4.99,99100,5.02,447900,4.98,129700,5.03,34900,4.97,60200,5.04,20500,4.96,250500,5.05,26500,4.95,208200,5.06,47800,4.94,17100,5.07,32600,4.93,15400,5.08,44200,4.92,67700,5.09,17300,4.91,57300,5.1,101432,1776400,2243732,16:11:01.393
000931.SZ,000931,20260421,20260421,10:44:54.000,104454000,79,5.0,5.09,5.1,5.0,5.1,5.61,4.59,5685180,2869.5415,6006,5.0,283900,5.01,34100,4.99,99100,5.02,447900,4.98,129700,5.03,34900,4.97,60200,5.04,20500,4.96,250500,5.05,26500,4.95,208700,5.06,47800,4.94,17100,5.07,32600,4.93,15400,5.08,44200,4.92,67700,5.09,17300,4.91,57300,5.1,101432,1776900,2243732,16:11:01.550
000931.SZ,000931,20260421,20260421,10:44:57.000,104457000,79,5.0,5.09,5.1,5.0,5.1,5.61,4.59,5685263,2869.583,6007,5.0,283817,5.01,40700,4.99,99100,5.02,447900,4.98,129700,5.03,34900,4.97,60200,5.04,20500,4.96,250500,5.05,26500,4.95,208700,5.06,47800,4.94,17100,5.07,32600,4.93,15400,5.08,44200,4.92,67700,5.09,17300,4.91,57300,5.1,101432,1776817,2250332,16:11:01.693
000931.SZ,000931,20260421,20260421,10:45:03.000,104503000,79,5.01,5.09,5.1,5.0,5.1,5.61,4.59,5685563,2869.7333,6008,5.0,282817,5.01,40400,4.99,99100,5.02,447900,4.98,129700,5.03,34900,4.97,60200,5.04,20500,4.96,250500,5.05,26500,4.95,208700,5.06,47800,4.94,17100,5.07,32600,4.93,15400,5.08,44200,4.92,67700,5.09,17300,4.91,57300,5.1,101432,1775817,2250032,16:11:02.085
000931.SZ,000931,20260421,20260421,10:45:06.000,104506000,79,5.01,5.09,5.1,5.0,5.1,5.61,4.59,5727163,2890.5749,6070,5.0,284817,5.01,200,4.99,99100,5.02,447900,4.98,129700,5.03,34900,4.97,60200,5.04,20500,4.96,250500,5.05,26500,4.95,208700,5.06,47800,4.94,17100,5.07,32600,4.93,15400,5.08,44200,4.92,67700,5.09,17300,4.91,57300,5.1,101432,1777817,2209832,16:11:02.179
000931.SZ,000931,20260421,20260421,10:45:09.000,104509000,79,5.01,5.09,5.1,5.0,5.1,5.61,4.59,5728263,2891.126,6078,5.0,284817,5.01,25717,4.99,99100,5.02,447900,4.98,129700,5.03,34900,4.97,60200,5.04,20500,4.96,250500,5.05,26500,4.95,208700,5.06,47800,4.94,17100,5.07,32600,4.93,15400,5.08,44200,4.92,67700,5.09,17300,4.91,57300,5.1,101432,1777817,2235349,16:11:02.326
000931.SZ,000931,20260421,20260421,10:45:12.000,104512000,79,5.0,5.09,5.1,5.0,5.1,5.61,4.59,5729963,2891.976,6079,5.0,283117,5.01,25917,4.99,99100,5.02,447900,4.98,129700,5.03,34900,4.97,60200,5.04,18800,4.96,250500,5.05,26500,4.95,208700,5.06,47800,4.94,17100,5.07,32600,4.93,15400,5.08,44200,4.92,67700,5.09,17300,4.91,57300,5.1,101432,1776117,2233649,16:11:02.486
000931.SZ,000931,20260421,20260421,10:45:15.000,104515000,79,5.01,5.09,5.1,5.0,5.1,5.61,4.59,5730163,2892.0762,6080,5.0,283317,5.01,27617,4.99,99100,5.02,447900,4.98,129700,5.03,34900,4.97,60200,5.04,18800,4.96,250500,5.05,26500,4.95,208700,5.06,47800,4.94,17100,5.07,32600,4.93,15400,5.08,44200,4.92,67700,5.09,17300,4.91,57300,5.1,101432,1776317,2235349,16:11:02.675
000931.SZ,000931,20260421,20260421,10:45:18.000,104518000,79,5.01,5.09,5.1,5.0,5.1,5.61,4.59,5730363,2892.1764,6081,5.0,283317,5.01,30717,4.99,99100,5.02,447900,4.98,129700,5.03,34900,4.97,60200,5.04,18800,4.96,250500,5.05,26500,4.95,208700,5.06,47800,4.94,17100,5.07,32600,4.93,15400,5.08,44200,4.92,67700,5.09,17300,4.91,57300,5.1,101432,1776317,2238449,16:11:02.849
000931.SZ,000931,20260421,20260421,10:45:21.000,104521000,79,5.01,5.09,5.1,5.0,5.1,5.61,4.59,5730363,2892.1764,6081,5.0,283317,5.01,36217,4.99,99100,5.02,447900,4.98,129700,5.03,34800,4.97,60200,5.04,18800,4.96,250500,5.05,26500,4.95,208700,5.06,47800,4.94,17100,5.07,32600,4.93,15400,5.08,44200,4.92,67700,5.09,17300,4.91,57300,5.1,101432,1776317,2243849,16:11:03.146
000931.SZ,000931,20260421,20260421,10:45:24.000,104524000,79,5.01,5.09,5.1,5.0,5.1,5.61,4.59,5732963,2893.4769,6085,5.0,281217,5.01,41517,4.99,99100,5.02,447900,4.98,129700,5.03,34800,4.97,60200,5.04,18800,4.96,250500,5.05,26500,4.95,208700,5.06,47800,4.94,17100,5.07,32600,4.93,15400,5.08,44200,4.92,67700,5.09,17300,4.91,57300,5.1,101432,1774217,2249149,16:11:03.302
000931.SZ,000931,20260421,20260421,10:45:27.000,104527000,79,5.01,5.09,5.1,5.0,5.1,5.61,4.59,5732963,2893.4769,6085,5.0,281217,5.01,46517,4.99,99100,5.02,447900,4.98,129700,5.03,34800,4.97,60200,5.04,18800,4.96,250500,5.05,26500,4.95,208700,5.06,47800,4.94,17100,5.07,32600,4.93,15400,5.08,44200,4.92,67700,5.09,17300,4.91,57300,5.1,101432,1774217,2254149,16:11:03.485
000931.SZ,000931,20260421,20260421,10:45:30.000,104530000,79,5.01,5.09,5.1,5.0,5.1,5.61,4.59,5732963,2893.4769,6085,5.0,281217,5.01,52117,4.99,99100,5.02,447900,4.98,129700,5.03,34800,4.97,60200,5.04,18800,4.96,250500,5.05,26500,4.95,208700,5.06,47800,4.94,17100,5.07,32600,4.93,15400,5.08,44200,4.92,67700,5.09,17300,4.91,57300,5.1,101432,1774217,2259749,16:11:03.612
000931.SZ,000931,20260421,20260421,10:45:33.000,104533000,79,5.01,5.09,5.1,5.0,5.1,5.61,4.59,5732963,2893.4769,6085,5.0,281217,5.01,57617,4.99,99100,5.02,447900,4.98,129700,5.03,34800,4.97,60200,5.04,18800,4.96,251600,5.05,26500,4.95,208700,5.06,47800,4.94,17100,5.07,32600,4.93,15400,5.08,44200,4.92,67700,5.09,17300,4.91,57300,5.1,101432,1775317,2265249,16:11:03.873
000931.SZ,000931,20260421,20260421,10:45:42.000,104542000,79,5.01,5.09,5.1,5.0,5.1,5.61,4.59,5732963,2893.4769,6085,5.0,281217,5.01,58217,4.99,99100,5.02,448000,4.98,129700,5.03,34800,4.97,60200,5.04,18800,4.96,251600,5.05,26500,4.95,208700,5.06,47800,4.94,17100,5.07,32600,4.93,15400,5.08,44200,4.92,67700,5.09,17300,4.91,57300,5.1,101432,1775317,2265949,16:11:04.437
000931.SZ,000931,20260421,20260421,10:45:45.000,104545000,79,5.01,5.09,5.1,5.0,5.1,5.61,4.59,5732963,2893.4769,6085,5.0,281217,5.01,60417,4.99,99900,5.02,448000,4.98,129700,5.03,34800,4.97,60200,5.04,18800,4.96,251600,5.05,26500,4.95,208700,5.06,47800,4.94,17100,5.07,32600,4.93,15400,5.08,44200,4.92,67700,5.09,17300,4.91,57300,5.1,101432,1776117,2268149,16:11:04.663
000931.SZ,000931,20260421,20260421,10:45:48.000,104548000,79,5.01,5.09,5.1,5.0,5.1,5.61,4.59,5732963,2893.4769,6085,5.0,281217,5.01,61517,4.99,100900,5.02,448000,4.98,131700,5.03,34800,4.97,60200,5.04,18800,4.96,251600,5.05,26500,4.95,208700,5.06,47800,4.94,17100,5.07,32600,4.93,15400,5.08,44200,4.92,67700,5.09,17300,4.91,57300,5.1,101432,1779117,2269249,16:11:04.803
000931.SZ,000931,20260421,20260421,10:45:51.000,104551000,79,5.01,5.09,5.1,5.0,5.1,5.61,4.59,5732963,2893.4769,6085,5.0,281217,5.01,64117,4.99,100900,5.02,448000,4.98,131700,5.03,34800,4.97,60200,5.04,18800,4.96,251600,5.05,26500,4.95,208700,5.06,47800,4.94,17100,5.07,32600,4.93,15400,5.08,44200,4.92,67700,5.09,17300,4.91,57300,5.1,101432,1779117,2271849,16:11:04.978
000931.SZ,000931,20260421,20260421,10:45:54.000,104554000,79,5.0,5.09,5.1,5.0,5.1,5.61,4.59,5733663,2893.8269,6087,5.0,280517,5.01,65217,4.99,100900,5.02,447300,4.98,131700,5.03,34800,4.97,60200,5.04,18800,4.96,251600,5.05,26500,4.95,208700,5.06,47800,4.94,17100,5.07,32600,4.93,15400,5.08,44200,4.92,67700,5.09,17300,4.91,57300,5.1,101432,1778417,2272249,16:11:05.275
000931.SZ,000931,20260421,20260421,10:45:57.000,104557000,79,5.0,5.09,5.1,5.0,5.1,5.61,4.59,5733663,2893.8269,6087,5.0,280717,5.01,65217,4.99,100900,5.02,447300,4.98,131700,5.03,34800,4.97,60200,5.04,18800,4.96,251600,5.05,26500,4.95,208700,5.06,47800,4.94,17100,5.07,32600,4.93,15400,5.08,44200,4.92,67700,5.09,17300,4.91,57300,5.1,101432,1778617,2272249,16:11:05.409
000931.SZ,000931,20260421,20260421,10:46:03.000,104603000,79,5.0,5.09,5.1,5.0,5.1,5.61,4.59,5737463,2895.7269,6094,5.0,286917,5.01,67817,4.99,87700,5.02,447300,4.98,131700,5.03,34800,4.97,60200,5.04,18800,4.96,251600,5.05,26500,4.95,208700,5.06,47800,4.94,17100,5.07,32600,4.93,15400,5.08,44200,4.92,67700,5.09,17300,4.91,57300,5.1,101432,1771617,2274849,16:11:05.819
000931.SZ,000931,20260421,20260421,10:46:06.000,104606000,79,5.0,5.09,5.1,5.0,5.1,5.61,4.59,5737463,2895.7269,6094,5.0,286917,5.01,67817,4.99,87700,5.02,447300,4.98,132700,5.03,34800,4.97,60200,5.04,18800,4.96,251600,5.05,26500,4.95,208700,5.06,47800,4.94,17100,5.07,32600,4.93,15400,5.08,44200,4.92,67700,5.09,17300,4.91,57300,5.1,101432,1772617,2274849,16:11:06.117
000931.SZ,000931,20260421,20260421,10:46:15.000,104615000,79,5.0,5.09,5.1,5.0,5.1,5.61,4.59,5737463,2895.7269,6094,5.0,282317,5.01,67817,4.99,89500,5.02,447300,4.98,132700,5.03,34800,4.97,60200,5.04,18800,4.96,251600,5.05,26500,4.95,208700,5.06,47800,4.94,17100,5.07,32600,4.93,15400,5.08,44200,4.92,67700,5.09,17300,4.91,57300,5.1,101432,1769817,2274849,16:11:06.518
000931.SZ,000931,20260421,20260421,10:46:18.000,104618000,79,5.0,5.09,5.1,5.0,5.1,5.61,4.59,5737463,2895.7269,6094,5.0,282817,5.01,68017,4.99,89500,5.02,447300,4.98,132700,5.03,34800,4.97,60200,5.04,18800,4.96,251600,5.05,26500,4.95,208700,5.06,47800,4.94,17100,5.07,32600,4.93,15400,5.08,44200,4.92,67700,5.09,17300,4.91,57300,5.1,101432,1770317,2275049,16:11:06.631
000931.SZ,000931,20260421,20260421,10:46:21.000,104621000,79,5.0,5.09,5.1,5.0,5.1,5.61,4.59,5737463,2895.7269,6094,5.0,282317,5.01,68017,4.99,89500,5.02,447300,4.98,132700,5.03,34800,4.97,60200,5.04,18800,4.96,251600,5.05,26500,4.95,208700,5.06,47800,4.94,17100,5.07,32600,4.93,15400,5.08,44200,4.92,67700,5.09,17300,4.91,57300,5.1,101432,1769817,2275049,16:11:06.820
000931.SZ,000931,20260421,20260421,10:46:24.000,104624000,79,5.0,5.09,5.1,5.0,5.1,5.61,4.59,5737463,2895.7269,6094,5.0,282317,5.01,68917,4.99,90200,5.02,447300,4.98,127700,5.03,34800,4.97,60200,5.04,18800,4.96,251600,5.05,26500,4.95,208700,5.06,47800,4.94,17100,5.07,32600,4.93,15400,5.08,44200,4.92,67700,5.09,17300,4.91,57300,5.1,101432,1765517,2275949,16:11:07.008
000931.SZ,000931,20260421,20260421,10:46:27.000,104627000,79,5.0,5.09,5.1,5.0,5.1,5.61,4.59,5737463,2895.7269,6094,5.0,284317,5.01,68917,4.99,90200,5.02,447300,4.98,127700,5.03,34800,4.97,60200,5.04,18800,4.96,251600,5.05,26500,4.95,208700,5.06,47800,4.94,17100,5.07,32600,4.93,15400,5.08,44200,4.92,67700,5.09,17300,4.91,57300,5.1,101432,1767517,2275949,16:11:07.211
000931.SZ,000931,20260421,20260421,10:46:30.000,104630000,79,5.0,5.09,5.1,5.0,5.1,5.61,4.59,5737463,2895.7269,6094,5.0,284417,5.01,68917,4.99,90200,5.02,447300,4.98,127700,5.03,34800,4.97,60200,5.04,18800,4.96,261600,5.05,26500,4.95,208700,5.06,47800,4.94,17100,5.07,32600,4.93,15400,5.08,44200,4.92,67700,5.09,17300,4.91,57300,5.1,101432,1777617,2275949,16:11:07.409
000931.SZ,000931,20260421,20260421,10:46:33.000,104633000,79,5.0,5.09,5.1,5.0,5.1,5.61,4.59,5737463,2895.7269,6094,5.0,284917,5.01,69117,4.99,90200,5.02,447300,4.98,127700,5.03,34800,4.97,60200,5.04,18800,4.96,261600,5.05,26500,4.95,208700,5.06,47800,4.94,17100,5.07,32600,4.93,15400,5.08,44200,4.92,67700,5.09,17300,4.91,57300,5.1,101432,1778117,2276149,16:11:07.409
000931.SZ,000931,20260421,20260421,10:46:36.000,104636000,79,5.0,5.09,5.1,5.0,5.1,5.61,4.59,5737463,2895.7269,6094,5.0,284917,5.01,69317,4.99,90200,5.02,447300,4.98,127700,5.03,34800,4.97,60200,5.04,18800,4.96,261600,5.05,26500,4.95,208700,5.06,47800,4.94,17100,5.07,32600,4.93,15400,5.08,44200,4.92,67700,5.09,18800,4.91,57300,5.1,101432,1778117,2277849,16:11:07.680
000931.SZ,000931,20260421,20260421,10:46:48.000,104648000,79,5.0,5.09,5.1,5.0,5.1,5.61,4.59,5737463,2895.7269,6094,5.0,284917,5.01,69517,4.99,91000,5.02,447300,4.98,127700,5.03,34800,4.97,60200,5.04,18800,4.96,261600,5.05,26500,4.95,208700,5.06,47800,4.94,17100,5.07,32600,4.93,15400,5.08,44200,4.92,67700,5.09,18800,4.91,57300,5.1,101432,1778917,2278049,16:11:08.367
000931.SZ,000931,20260421,20260421,10:46:51.000,104651000,79,5.0,5.09,5.1,5.0,5.1,5.61,4.59,5737463,2895.7269,6094,5.0,284917,5.01,69517,4.99,91000,5.02,447300,4.98,127700,5.03,34800,4.97,130200,5.04,18800,4.96,261600,5.05,26500,4.95,208700,5.06,47800,4.94,17100,5.07,32600,4.93,15400,5.08,44200,4.92,67700,5.09,18800,4.91,57300,5.1,101432,1848917,2278049,16:11:08.533
000931.SZ,000931,20260421,20260421,10:46:57.000,104657000,79,5.0,5.09,5.1,5.0,5.1,5.61,4.59,5737463,2895.7269,6094,5.0,284917,5.01,70017,4.99,91000,5.02,447300,4.98,127700,5.03,34800,4.97,130200,5.04,18800,4.96,261600,5.05,26500,4.95,208700,5.06,47800,4.94,17100,5.07,32600,4.93,15400,5.08,44200,4.92,67700,5.09,18800,4.91,57300,5.1,101432,1848917,2278549,16:11:08.833
000931.SZ,000931,20260421,20260421,10:47:00.000,104700000,79,5.01,5.09,5.1,5.0,5.1,5.61,4.59,5738463,2896.2279,6097,5.0,285117,5.01,69017,4.99,92000,5.02,447300,4.98,127700,5.03,34900,4.97,130200,5.04,18800,4.96,261600,5.05,26500,4.95,208700,5.06,47800,4.94,17100,5.07,32600,4.93,15400,5.08,44200,4.92,67700,5.09,18800,4.91,57300,5.1,101432,1850117,2277649,16:11:09.020
000931.SZ,000931,20260421,20260421,10:47:03.000,104703000,79,5.01,5.09,5.1,5.0,5.1,5.61,4.59,5738463,2896.2279,6097,5.0,285117,5.01,70317,4.99,92000,5.02,447300,4.98,132700,5.03,34900,4.97,130200,5.04,18800,4.96,261600,5.05,26500,4.95,208700,5.06,47800,4.94,17100,5.07,32600,4.93,15400,5.08,44200,4.92,67700,5.09,18800,4.91,57300,5.1,101432,1855117,2278949,16:11:09.302
000931.SZ,000931,20260421,20260421,10:47:06.000,104706000,79,5.01,5.09,5.1,5.0,5.1,5.61,4.59,5738463,2896.2279,6097,5.0,285217,5.01,70617,4.99,92000,5.02,446700,4.98,132700,5.03,34900,4.97,130200,5.04,18800,4.96,261600,5.05,26500,4.95,208700,5.06,47800,4.94,17100,5.07,32600,4.93,15400,5.08,44200,4.92,67700,5.09,18800,4.91,57300,5.1,101432,1855217,2278649,16:11:09.421
000931.SZ,000931,20260421,20260421,10:47:09.000,104709000,79,5.01,5.09,5.1,5.0,5.1,5.61,4.59,5738463,2896.2279,6097,5.0,285217,5.01,70717,4.99,92000,5.02,446700,4.98,132900,5.03,34900,4.97,130200,5.04,18800,4.96,261600,5.05,26500,4.95,208700,5.06,47800,4.94,17100,5.07,32600,4.93,15400,5.08,44200,4.92,67700,5.09,18800,4.91,57300,5.1,101432,1855417,2278749,16:11:09.578
000931.SZ,000931,20260421,20260421,10:47:15.000,104715000,79,5.01,5.09,5.1,5.0,5.1,5.61,4.59,5738663,2896.3281,6098,5.0,285217,5.01,70517,4.99,92000,5.02,446700,4.98,132900,5.03,34900,4.97,130200,5.04,18800,4.96,261600,5.05,26500,4.95,208700,5.06,47800,4.94,17100,5.07,32600,4.93,15400,5.08,44200,4.92,67700,5.09,18800,4.91,57300,5.1,101432,1855417,2278549,16:11:09.986
000931.SZ,000931,20260421,20260421,10:47:18.000,104718000,79,5.01,5.09,5.1,5.0,5.1,5.61,4.59,5738663,2896.3281,6098,5.0,285217,5.01,79517,4.99,92000,5.02,446700,4.98,132900,5.03,34900,4.97,130200,5.04,18800,4.96,261600,5.05,26500,4.95,208700,5.06,47800,4.94,17100,5.07,32600,4.93,15400,5.08,44200,4.92,67700,5.09,18800,4.91,57300,5.1,101432,1856117,2287549,16:11:10.098
000931.SZ,000931,20260421,20260421,10:47:24.000,104724000,79,5.01,5.09,5.1,5.0,5.1,5.61,4.59,5738663,2896.3281,6098,5.0,286017,5.01,80517,4.99,92000,5.02,446700,4.98,132900,5.03,34900,4.97,130200,5.04,18800,4.96,261600,5.05,26500,4.95,208700,5.06,47800,4.94,17100,5.07,32600,4.93,15400,5.08,44200,4.92,67700,5.09,18800,4.91,57300,5.1,101432,1856917,2288549,16:11:10.537
000931.SZ,000931,20260421,20260421,10:47:27.000,104727000,79,5.01,5.09,5.1,5.0,5.1,5.61,4.59,5738763,2896.3782,6099,5.0,286017,5.01,80417,4.99,92000,5.02,446700,4.98,132900,5.03,34900,4.97,130200,5.04,18800,4.96,261600,5.05,26500,4.95,208700,5.06,47800,4.94,17100,5.07,32600,4.93,15400,5.08,44200,4.92,67700,5.09,18800,4.91,57300,5.1,101432,1856917,2288449,16:11:10.661
000931.SZ,000931,20260421,20260421,10:47:30.000,104730000,79,5.01,5.09,5.1,5.0,5.1,5.61,4.59,5738763,2896.3782,6099,5.0,287317,5.01,88417,4.99,92000,5.02,446700,4.98,132900,5.03,34900,4.97,130200,5.04,18800,4.96,261600,5.05,26500,4.95,208700,5.06,47800,4.94,17100,5.07,32600,4.93,15400,5.08,44200,4.92,67700,5.09,18800,4.91,57300,5.1,101432,1858217,2296449,16:11:10.805
000931.SZ,000931,20260421,20260421,10:47:36.000,104736000,79,5.01,5.09,5.1,5.0,5.1,5.61,4.59,5738763,2896.3782,6099,5.0,288417,5.01,88417,4.99,91000,5.02,446700,4.98,132900,5.03,34900,4.97,130200,5.04,18800,4.96,261600,5.05,26500,4.95,208700,5.06,47800,4.94,17100,5.07,32600,4.93,15400,5.08,44200,4.92,67700,5.09,18800,4.91,57300,5.1,101432,1858317,2296449,16:11:11.180
000931.SZ,000931,20260421,20260421,10:47:45.000,104745000,79,5.01,5.09,5.1,5.0,5.1,5.61,4.59,5738763,2896.3782,6099,5.0,288417,5.01,88417,4.99,91000,5.02,446700,4.98,132900,5.03,34900,4.97,130200,5.04,18800,4.96,261600,5.05,26500,4.95,208700,5.06,47800,4.94,17100,5.07,32600,4.93,15400,5.08,44200,4.92,67700,5.09,18800,4.91,57300,5.1,101432,1859317,2296449,16:11:11.566
000931.SZ,000931,20260421,20260421,10:47:48.000,104748000,79,5.01,5.09,5.1,5.0,5.1,5.61,4.59,5738763,2896.3782,6099,5.0,288417,5.01,88417,4.99,91200,5.02,446700,4.98,136800,5.03,34900,4.97,130200,5.04,18800,4.96,261600,5.05,26500,4.95,208700,5.06,47800,4.94,17100,5.07,32600,4.93,15400,5.08,44200,4.92,67700,5.09,18800,4.91,57300,5.1,101432,1863417,2296449,16:11:11.881
000931.SZ,000931,20260421,20260421,10:47:51.000,104751000,79,5.01,5.09,5.1,5.0,5.1,5.61,4.59,5738763,2896.3782,6099,5.0,288417,5.01,88417,4.99,91200,5.02,446700,4.98,136800,5.03,34900,4.97,130200,5.04,18800,4.96,261600,5.05,26500,4.95,208700,5.06,47800,4.94,17100,5.07,32600,4.93,15400,5.08,44200,4.92,67700,5.09,18800,4.91,57300,5.1,101432,1864417,2296449,16:11:12.053
000931.SZ,000931,20260421,20260421,10:47:54.000,104754000,79,5.01,5.09,5.1,5.0,5.1,5.61,4.59,5740763,2897.3802,6100,5.0,288417,5.01,86417,4.99,91200,5.02,446700,4.98,136800,5.03,34900,4.97,130200,5.04,18800,4.96,261600,5.05,26500,4.95,208700,5.06,47800,4.94,17100,5.07,32600,4.93,15400,5.08,44200,4.92,67700,5.09,18800,4.91,57300,5.1,101432,1864417,2294449,16:11:12.053
000931.SZ,000931,20260421,20260421,10:47:57.000,104757000,79,5.01,5.09,5.1,5.0,5.1,5.61,4.59,5740763,2897.3802,6100,5.0,290517,5.01,86417,4.99,91200,5.02,446700,4.98,136800,5.03,34900,4.97,130200,5.04,18800,4.96,261600,5.05,26500,4.95,208700,5.06,47800,4.94,17100,5.07,32600,4.93,15400,5.08,44200,4.92,67700,5.09,18800,4.91,57300,5.1,101432,1866517,2294449,16:11:12.210
000931.SZ,000931,20260421,20260421,10:48:00.000,104800000,79,5.01,5.09,5.1,5.0,5.1,5.61,4.59,5740763,2897.3802,6100,5.0,290717,5.01,86417,4.99,91200,5.02,446700,4.98,136800,5.03,34900,4.97,130200,5.04,18800,4.96,261600,5.05,26500,4.95,208700,5.06,47800,4.94,17100,5.07,32600,4.93,15400,5.08,44200,4.92,67700,5.09,18800,4.91,57300,5.1,101432,1866717,2294449,16:11:12.398
000931.SZ,000931,20260421,20260421,10:48:03.000,104803000,79,5.01,5.09,5.1,5.0,5.1,5.61,4.59,5740763,2897.3802,6100,5.0,290717,5.01,86417,4.99,94200,5.02,446700,4.98,135200,5.03,34900,4.97,130200,5.04,18800,4.96,261600,5.05,26500,4.95,208700,5.06,47800,4.94,17100,5.07,32600,4.93,15400,5.08,44200,4.92,67700,5.09,18800,4.91,57300,5.1,101432,1868117,2294449,16:11:12.705
000931.SZ,000931,20260421,20260421,10:48:06.000,104806000,79,5.01,5.09,5.1,5.0,5.1,5.61,4.59,5740763,2897.3802,6100,5.0,291517,5.01,86417,4.99,94200,5.02,446700,4.98,135200,5.03,34900,4.97,130200,5.04,18800,4.96,261600,5.05,26500,4.95,208700,5.06,47800,4.94,17100,5.07,32600,4.93,15400,5.08,44200,4.92,67700,5.09,18800,4.91,57300,5.1,101432,1868917,2294449,16:11:12.865
000931.SZ,000931,20260421,20260421,10:48:12.000,104812000,79,5.01,5.09,5.1,5.0,5.1,5.61,4.59,5740763,2897.3802,6100,5.0,291517,5.01,86417,4.99,97000,5.02,446700,4.98,135200,5.03,34900,4.97,130200,5.04,18800,4.96,261600,5.05,26500,4.95,208700,5.06,47800,4.94,17100,5.07,32600,4.93,15400,5.08,44200,4.92,67700,5.09,18800,4.91,57300,5.1,101432,1871717,2294449,16:11:13.162
000931.SZ,000931,20260421,20260421,10:48:18.000,104818000,79,5.01,5.09,5.1,5.0,5.1,5.61,4.59,5742763,2898.3822,6101,5.0,293117,5.01,84417,4.99,97000,5.02,446700,4.98,135200,5.03,34900,4.97,130200,5.04,18800,4.96,261600,5.05,26500,4.95,208700,5.06,47800,4.94,17100,5.07,32600,4.93,15400,5.08,44200,4.92,67700,5.09,18800,4.91,57300,5.1,101432,1873317,2292449,16:11:13.412
000931.SZ,000931,20260421,20260421,10:48:21.000,104821000,79,5.01,5.09,5.1,5.0,5.1,5.61,4.59,5742763,2898.3822,6101,5.0,297017,5.01,84417,4.99,97000,5.02,446700,4.98,135200,5.03,34900,4.97,130200,5.04,18800,4.96,261600,5.05,26500,4.95,208700,5.06,47800,4.94,17100,5.07,32600,4.93,15400,5.08,44200,4.92,67700,5.09,18800,4.91,57300,5.1,101432,1877217,2292449,16:11:13.643
000931.SZ,000931,20260421,20260421,10:48:24.000,104824000,79,5.01,5.09,5.1,5.0,5.1,5.61,4.59,5743763,2898.8832,6102,5.0,297017,5.01,83417,4.99,98000,5.02,446700,4.98,135200,5.03,34900,4.97,130200,5.04,18800,4.96,261600,5.05,26500,4.95,208700,5.06,47800,4.94,17100,5.07,32600,4.93,15400,5.08,44200,4.92,67700,5.09,18800,4.91,57300,5.1,101432,1878217,2291449,16:11:13.817
000931.SZ,000931,20260421,20260421,10:48:27.000,104827000,79,5.01,5.09,5.1,5.0,5.1,5.61,4.59,5743763,2898.8832,6102,5.0,297717,5.01,83417,4.99,98000,5.02,446700,4.98,135200,5.03,34900,4.97,130200,5.04,18800,4.96,261600,5.05,26500,4.95,208700,5.06,47800,4.94,17100,5.07,32600,4.93,15400,5.08,44200,4.92,67700,5.09,18800,4.91,57300,5.1,101432,1878917,2291449,16:11:14.051
000931.SZ,000931,20260421,20260421,10:48:33.000,104833000,79,5.01,5.09,5.1,5.0,5.1,5.61,4.59,5744263,2899.1337,6103,5.0,299117,5.01,82917,4.99,98000,5.02,446700,4.98,135200,5.03,34900,4.97,130200,5.04,18800,4.96,261600,5.05,26500,4.95,208700,5.06,47800,4.94,17100,5.07,32600,4.93,15400,5.08,44200,4.92,67700,5.09,18800,4.91,57300,5.1,101432,1880317,2290949,16:11:14.223
000931.SZ,000931,20260421,20260421,10:48:39.000,104839000,79,5.01,5.09,5.1,5.0,5.1,5.61,4.59,5744263,2899.1337,6103,5.0,299217,5.01,82917,4.99,98000,5.02,446700,4.98,135200,5.03,34900,4.97,130200,5.04,18800,4.96,261600,5.05,26500,4.95,208700,5.06,47800,4.94,17100,5.07,32600,4.93,15400,5.08,44200,4.92,67700,5.09,18800,4.91,57300,5.1,101432,1880417,2290949,16:11:14.674
000931.SZ,000931,20260421,20260421,10:48:42.000,104842000,79,5.01,5.09,5.1,5.0,5.1,5.61,4.59,5744263,2899.1337,6103,5.0,299217,5.01,82917,4.99,98000,5.02,446700,4.98,135200,5.03,34900,4.97,130200,5.04,18800,4.96,261600,5.05,26500,4.95,228700,5.06,47800,4.94,17100,5.07,32600,4.93,15400,5.08,44200,4.92,67700,5.09,18800,4.91,57300,5.1,101432,1900417,2290949,16:11:14.818
000931.SZ,000931,20260421,20260421,10:48:45.000,104845000,79,5.01,5.09,5.1,5.0,5.1,5.61,4.59,5744263,2899.1337,6103,5.0,300017,5.01,82917,4.99,98000,5.02,446700,4.98,135200,5.03,34900,4.97,130200,5.04,18800,4.96,261600,5.05,26500,4.95,228700,5.06,47800,4.94,17100,5.07,32600,4.93,15400,5.08,44200,4.92,67700,5.09,18800,4.91,57300,5.1,101432,1901217,2290949,16:11:14.957
000931.SZ,000931,20260421,20260421,10:48:48.000,104848000,79,5.01,5.09,5.1,5.0,5.1,5.61,4.59,5744263,2899.1337,6103,5.0,300817,5.01,82917,4.99,98000,5.02,446700,4.98,135200,5.03,34900,4.97,130200,5.04,18800,4.96,261600,5.05,26500,4.95,228700,5.06,47800,4.94,17100,5.07,32600,4.93,15400,5.08,44200,4.92,67700,5.09,18800,4.91,57300,5.1,101432,1902017,2290949,16:11:15.068
000931.SZ,000931,20260421,20260421,10:48:51.000,104851000,79,5.01,5.09,5.1,5.0,5.1,5.61,4.59,5744263,2899.1337,6103,5.0,300817,5.01,82917,4.99,98000,5.02,446700,4.98,135200,5.03,34900,4.97,130200,5.04,18800,4.96,262600,5.05,26500,4.95,228700,5.06,47800,4.94,17100,5.07,32600,4.93,15400,5.08,44200,4.92,67700,5.09,18800,4.91,57300,5.1,101432,1903017,2290949,16:11:15.224
000931.SZ,000931,20260421,20260421,10:48:57.000,104857000,79,5.01,5.09,5.1,5.0,5.1,5.61,4.59,5744263,2899.1337,6103,5.0,300517,5.01,82917,4.99,98000,5.02,446700,4.98,135200,5.03,34900,4.97,130200,5.04,18800,4.96,262600,5.05,27500,4.95,228700,5.06,47800,4.94,17100,5.07,32600,4.93,15400,5.08,44200,4.92,67700,5.09,18800,4.91,57300,5.1,101432,1902717,2291949,16:11:15.515
000931.SZ,000931,20260421,20260421,10:49:00.000,104900000,79,5.01,5.09,5.1,5.0,5.1,5.61,4.59,5744263,2899.1337,6103,5.0,301617,5.01,82917,4.99,98800,5.02,446700,4.98,135200,5.03,35000,4.97,130200,5.04,18800,4.96,262600,5.05,27500,4.95,228700,5.06,47800,4.94,17100,5.07,32600,4.93,15400,5.08,44200,4.92,67700,5.09,18800,4.91,57300,5.1,101432,1904617,2292049,16:11:15.718
000931.SZ,000931,20260421,20260421,10:49:03.000,104903000,79,5.01,5.09,5.1,5.0,5.1,5.61,4.59,5744263,2899.1337,6103,5.0,304117,5.01,82917,4.99,98800,5.02,446700,4.98,135200,5.03,35000,4.97,130200,5.04,18800,4.96,262600,5.05,27500,4.95,228700,5.06,47800,4.94,17100,5.07,32600,4.93,15400,5.08,44200,4.92,67700,5.09,18800,4.91,57300,5.1,101432,1907117,2292049,16:11:15.909
000931.SZ,000931,20260421,20260421,10:49:06.000,104906000,79,5.01,5.09,5.1,5.0,5.1,5.61,4.59,5744263,2899.1337,6103,5.0,304117,5.01,66917,4.99,98800,5.02,446700,4.98,135200,5.03,35000,4.97,130200,5.04,18800,4.96,262600,5.05,27500,4.95,228700,5.06,47800,4.94,17100,5.07,32600,4.93,15400,5.08,44200,4.92,67700,5.09,18800,4.91,57300,5.1,101432,1907117,2276049,16:11:16.113
000931.SZ,000931,20260421,20260421,10:49:15.000,104915000,79,5.01,5.09,5.1,5.0,5.1,5.61,4.59,5760963,2907.5004,6132,5.0,304517,5.01,44517,4.99,98800,5.02,446700,4.98,135200,5.03,35000,4.97,130200,5.04,18800,4.96,262600,5.05,27500,4.95,228700,5.06,47800,4.94,17100,5.07,32600,4.93,15400,5.08,44200,4.92,67700,5.09,18800,4.91,57300,5.1,101432,1907517,2253649,16:11:16.497
000931.SZ,000931,20260421,20260421,10:49:21.000,104921000,79,5.01,5.09,5.1,5.0,5.1,5.61,4.59,5763163,2908.6026,6142,5.0,304217,5.01,42500,4.99,98800,5.02,446700,4.98,135200,5.03,35000,4.97,130200,5.04,18800,4.96,262600,5.05,27500,4.95,228700,5.06,47800,4.94,17100,5.07,32600,4.93,15400,5.08,44200,4.92,67700,5.09,18800,4.91,57300,5.1,101432,1907217,2251632,16:11:16.782
000931.SZ,000931,20260421,20260421,10:49:24.000,104924000,79,5.01,5.09,5.1,5.0,5.1,5.61,4.59,5763163,2908.6026,6142,5.0,304517,5.01,42500,4.99,98800,5.02,446700,4.98,135200,5.03,35000,4.97,130200,5.04,18800,4.96,262600,5.05,27500,4.95,228700,5.06,47800,4.94,17100,5.07,32600,4.93,15400,5.08,44200,4.92,67700,5.09,18800,4.91,57300,5.1,101432,1907517,2251632,16:11:17.080
000931.SZ,000931,20260421,20260421,10:49:27.000,104927000,79,5.01,5.09,5.1,5.0,5.1,5.61,4.59,5763163,2908.6026,6142,5.0,304717,5.01,42500,4.99,98800,5.02,446700,4.98,135200,5.03,35000,4.97,130200,5.04,18800,4.96,262600,5.05,27500,4.95,228700,5.06,47800,4.94,17100,5.07,32600,4.93,15400,5.08,44200,4.92,67700,5.09,18800,4.91,57300,5.1,101432,1907717,2251632,16:11:17.253
000931.SZ,000931,20260421,20260421,10:49:30.000,104930000,79,5.01,5.09,5.1,5.0,5.1,5.61,4.59,5763463,2908.7529,6143,5.0,304717,5.01,42200,4.99,98800,5.02,446700,4.98,135200,5.03,35000,4.97,130200,5.04,18800,4.96,262600,5.05,27500,4.95,228700,5.06,47800,4.94,17100,5.07,32600,4.93,15400,5.08,44200,4.92,67700,5.09,18800,4.91,57300,5.1,101432,1907717,2251332,16:11:17.475
000931.SZ,000931,20260421,20260421,10:49:33.000,104933000,79,5.01,5.09,5.1,5.0,5.1,5.61,4.59,5763463,2908.7529,6143,5.0,304717,5.01,42300,4.99,98800,5.02,446700,4.98,135200,5.03,35000,4.97,130200,5.04,18800,4.96,262600,5.05,27500,4.95,228700,5.06,47800,4.94,17100,5.07,32600,4.93,15400,5.08,44200,4.92,67700,5.09,18800,4.91,57300,5.1,101432,1907717,2251432,16:11:17.475
000931.SZ,000931,20260421,20260421,10:49:39.000,104939000,79,5.0,5.09,5.1,5.0,5.1,5.61,4.59,5763563,2908.8029,6144,5.0,304617,5.01,42300,4.99,98800,5.02,446700,4.98,135200,5.03,35000,4.97,130200,5.04,18800,4.96,262600,5.05,27500,4.95,228700,5.06,47800,4.94,17100,5.07,32600,4.93,15400,5.08,44200,4.92,67700,5.09,18800,4.91,57300,5.1,101432,1907617,2251432,16:11:17.796
000931.SZ,000931,20260421,20260421,10:49:42.000,104942000,79,5.0,5.09,5.1,5.0,5.1,5.61,4.59,5763563,2908.8029,6144,5.0,304617,5.01,42300,4.99,99700,5.02,446700,4.98,135200,5.03,35000,4.97,130200,5.04,18800,4.96,262600,5.05,27500,4.95,228700,5.06,47800,4.94,17100,5.07,32600,4.93,15400,5.08,44200,4.92,67700,5.09,18800,4.91,57300,5.1,101432,1908517,2251432,16:11:17.954
000931.SZ,000931,20260421,20260421,10:49:48.000,104948000,79,5.01,5.09,5.1,5.0,5.1,5.61,4.59,5763763,2908.9031,6145,5.0,304617,5.01,43100,4.99,99700,5.02,446700,4.98,135200,5.03,35000,4.97,130200,5.04,18800,4.96,262600,5.05,27500,4.95,228700,5.06,47800,4.94,17100,5.07,32600,4.93,15400,5.08,44200,4.92,67700,5.09,18800,4.91,57300,5.1,101432,1908517,2252232,16:11:18.394
000931.SZ,000931,20260421,20260421,10:49:51.000,104951000,79,5.01,5.09,5.1,5.0,5.1,5.61,4.59,5763763,2908.9031,6145,5.0,305117,5.01,43100,4.99,99700,5.02,446700,4.98,135200,5.03,35000,4.97,130200,5.04,18800,4.96,262600,5.05,27500,4.95,228700,5.06,47800,4.94,17100,5.07,32600,4.93,15400,5.08,44200,4.92,67700,5.09,18800,4.91,57300,5.1,101432,1909017,2252232,16:11:18.394
000931.SZ,000931,20260421,20260421,10:49:57.000,104957000,79,5.01,5.09,5.1,5.0,5.1,5.61,4.59,5764663,2909.354,6151,5.0,305817,5.01,42200,4.99,99700,5.02,446700,4.98,135200,5.03,35000,4.97,130200,5.04,18800,4.96,262600,5.05,27500,4.95,228700,5.06,47800,4.94,17100,5.07,32600,4.93,15400,5.08,44200,4.92,67700,5.09,18800,4.91,57300,5.1,101432,1909717,2251332,16:11:18.605
000931.SZ,000931,20260421,20260421,10:50:03.000,105003000,79,5.01,5.09,5.1,5.0,5.1,5.61,4.59,5764663,2909.354,6151,5.0,305317,5.01,43600,4.99,99700,5.02,446700,4.98,135400,5.03,35000,4.97,130200,5.04,18800,4.96,262600,5.05,27500,4.95,228700,5.06,47800,4.94,17100,5.07,32600,4.93,15400,5.08,44200,4.92,67700,5.09,18800,4.91,57300,5.1,101432,1909417,2252732,16:11:18.770
000931.SZ,000931,20260421,20260421,10:50:06.000,105006000,79,5.01,5.09,5.1,5.0,5.1,5.61,4.59,5769063,2911.5584,6159,5.0,316317,5.01,39800,4.99,99700,5.02,446700,4.98,135400,5.03,35000,4.97,130200,5.04,18800,4.96,262600,5.05,27500,4.95,228700,5.06,47800,4.94,17100,5.07,32600,4.93,15400,5.08,44200,4.92,67700,5.09,18800,4.91,57300,5.1,101432,1920417,2248932,16:11:18.837
000931.SZ,000931,20260421,20260421,10:50:09.000,105009000,79,5.01,5.09,5.1,5.0,5.1,5.61,4.59,5769063,2911.5584,6159,5.0,317117,5.01,38800,4.99,99700,5.02,446700,4.98,135400,5.03,35000,4.97,130200,5.04,18800,4.96,262600,5.05,27500,4.95,228700,5.06,47800,4.94,17100,5.07,32600,4.93,15400,5.08,44200,4.92,67700,5.09,18800,4.91,57300,5.1,101432,1921217,2248132,16:11:18.920
000931.SZ,000931,20260421,20260421,10:50:12.000,105012000,79,5.01,5.09,5.1,5.0,5.1,5.61,4.59,5769063,2911.5584,6159,5.0,323017,5.01,38800,4.99,99700,5.02,446700,4.98,135400,5.03,35000,4.97,130200,5.04,18800,4.96,262600,5.05,27500,4.95,228700,5.06,47800,4.94,17100,5.07,32600,4.93,15400,5.08,44200,4.92,67700,5.09,18800,4.91,57300,5.1,101432,1927117,2248132,16:11:18.920
000931.SZ,000931,20260421,20260421,10:50:15.000,105015000,79,5.01,5.09,5.1,5.0,5.1,5.61,4.59,5769063,2911.5584,6159,5.0,323017,5.01,38800,4.99,100500,5.02,446700,4.98,135400,5.03,35000,4.97,130200,5.04,18700,4.96,262600,5.05,27500,4.95,228700,5.06,47800,4.94,17100,5.07,32600,4.93,15400,5.08,44200,4.92,67700,5.09,18800,4.91,57300,5.1,101432,1927917,2248032,16:11:18.998
000931.SZ,000931,20260421,20260421,10:50:21.000,105021000,79,5.01,5.09,5.1,5.0,5.1,5.61,4.59,5773363,2913.7127,6168,5.0,323017,5.01,34500,4.99,100500,5.02,446700,4.98,135400,5.03,35000,4.97,130200,5.04,18700,4.96,262600,5.05,27500,4.95,228700,5.06,47800,4.94,17100,5.07,32600,4.93,15400,5.08,44200,4.92,67700,5.09,18800,4.91,57300,5.1,101432,1927917,2243732,16:11:19.136
000931.SZ,000931,20260421,20260421,10:50:24.000,105024000,79,5.01,5.09,5.1,5.0,5.1,5.61,4.59,5773663,2913.863,6171,5.0,323117,5.01,34200,4.99,100500,5.02,446700,4.98,135400,5.03,35000,4.97,130200,5.04,18700,4.96,262600,5.05,27500,4.95,228700,5.06,47800,4.94,17100,5.07,32600,4.93,15400,5.08,44200,4.92,67700,5.09,18800,4.91,57300,5.1,101432,1928017,2243432,16:11:19.180
000931.SZ,000931,20260421,20260421,10:50:27.000,105027000,79,5.01,5.09,5.1,5.0,5.1,5.61,4.59,5773763,2913.9131,6172,5.0,323317,5.01,34700,4.99,100500,5.02,446700,4.98,135400,5.03,35000,4.97,130200,5.04,18700,4.96,262600,5.05,27500,4.95,228700,5.06,47800,4.94,17100,5.07,32600,4.93,15400,5.08,44200,4.92,67700,5.09,18800,4.91,57300,5.1,101432,1928217,2243932,16:11:19.251
000931.SZ,000931,20260421,20260421,10:50:30.000,105030000,79,5.01,5.09,5.1,5.0,5.1,5.61,4.59,5773763,2913.9131,6172,5.0,323317,5.01,37100,4.99,100500,5.02,446700,4.98,135400,5.03,35000,4.97,130200,5.04,18700,4.96,262600,5.05,27500,4.95,228700,5.06,47800,4.94,17100,5.07,32600,4.93,15400,5.08,44200,4.92,67700,5.09,18800,4.91,57300,5.1,101432,1928217,2246332,16:11:19.354
000931.SZ,000931,20260421,20260421,10:50:33.000,105033000,79,5.01,5.09,5.1,5.0,5.1,5.61,4.59,5774763,2914.4141,6174,5.0,323317,5.01,37700,4.99,100500,5.02,446700,4.98,135400,5.03,35000,4.97,130200,5.04,18700,4.96,262600,5.05,27500,4.95,228700,5.06,47800,4.94,17100,5.07,32600,4.93,15400,5.08,44200,4.92,67700,5.09,18800,4.91,57300,5.1,101432,1928217,2246932,16:11:19.432
000931.SZ,000931,20260421,20260421,10:50:36.000,105036000,79,5.01,5.09,5.1,5.0,5.1,5.61,4.59,5774763,2914.4141,6174,5.0,318317,5.01,42600,4.99,100500,5.02,446700,4.98,135400,5.03,35000,4.97,124800,5.04,18700,4.96,262600,5.05,27500,4.95,228700,5.06,47800,4.94,17100,5.07,32600,4.93,15400,5.08,44200,4.92,67700,5.09,18800,4.91,57300,5.1,101432,1917817,2251832,16:11:19.596
000931.SZ,000931,20260421,20260421,10:50:39.000,105039000,79,5.01,5.09,5.1,5.0,5.1,5.61,4.59,5774763,2914.4141,6174,5.0,312617,5.01,45300,4.99,100500,5.02,446700,4.98,135400,5.03,35000,4.97,124800,5.04,18700,4.96,262600,5.05,27500,4.95,228700,5.06,47800,4.94,17100,5.07,32600,4.93,15400,5.08,44200,4.92,67700,5.09,18800,4.91,57300,5.1,101432,1912117,2254532,16:11:19.817
000931.SZ,000931,20260421,20260421,10:50:42.000,105042000,79,5.01,5.09,5.1,5.0,5.1,5.61,4.59,5776863,2915.4662,6175,5.0,312617,5.01,44000,4.99,100500,5.02,446700,4.98,135400,5.03,35000,4.97,124800,5.04,18700,4.96,262600,5.05,27500,4.95,228700,5.06,47800,4.94,17100,5.07,32600,4.93,15400,5.08,44200,4.92,67700,5.09,18800,4.91,57300,5.1,101432,1912117,2253232,16:11:19.817
000931.SZ,000931,20260421,20260421,10:50:54.000,105054000,79,5.01,5.09,5.1,5.0,5.1,5.61,4.59,5776863,2915.4662,6175,5.0,312617,5.01,53800,4.99,100500,5.02,446700,4.98,135400,5.03,35000,4.97,124800,5.04,18700,4.96,262600,5.05,27500,4.95,228700,5.06,47800,4.94,17100,5.07,32600,4.93,15400,5.08,44200,4.92,67700,5.09,18800,4.91,57300,5.1,101432,1912117,2263032,16:11:20.612
000931.SZ,000931,20260421,20260421,10:50:57.000,105057000,79,5.0,5.09,5.1,5.0,5.1,5.61,4.59,5777863,2915.9662,6180,5.0,311517,5.01,79100,4.99,100500,5.02,445700,4.98,140800,5.03,35000,4.97,124800,5.04,18700,4.96,262600,5.05,27500,4.95,228700,5.06,47800,4.94,17100,5.07,32600,4.93,15400,5.08,44200,4.92,67700,5.09,18800,4.91,57300,5.1,101432,1916417,2287332,16:11:20.612
000931.SZ,000931,20260421,20260421,10:51:00.000,105100000,79,5.0,5.09,5.1,5.0,5.1,5.61,4.59,5777863,2915.9662,6180,5.0,311617,5.01,79800,4.99,100500,5.02,445700,4.98,141800,5.03,35000,4.97,124800,5.04,18700,4.96,262600,5.05,27500,4.95,228700,5.06,47800,4.94,17100,5.07,32600,4.93,15400,5.08,44200,4.92,67700,5.09,18800,4.91,57300,5.1,101432,1917517,2288032,16:11:20.881
000931.SZ,000931,20260421,20260421,10:51:03.000,105103000,79,5.0,5.09,5.1,5.0,5.1,5.61,4.59,5777863,2915.9662,6180,5.0,311917,5.01,79800,4.99,100500,5.02,445700,4.98,141800,5.03,35000,4.97,124800,5.04,18700,4.96,257600,5.05,27500,4.95,228700,5.06,47800,4.94,17100,5.07,32600,4.93,15400,5.08,44200,4.92,67700,5.09,18800,4.91,57300,5.1,101432,1912817,2288032,16:11:21.006
000931.SZ,000931,20260421,20260421,10:51:06.000,105106000,79,5.01,5.09,5.1,5.0,5.1,5.61,4.59,5778863,2916.4672,6182,5.0,311917,5.01,69000,4.99,100500,5.02,445700,4.98,141800,5.03,35000,4.97,124800,5.04,18700,4.96,257600,5.05,27500,4.95,228700,5.06,47800,4.94,17100,5.07,32600,4.93,15400,5.08,44200,4.92,67700,5.09,18800,4.91,57300,5.1,101432,1912817,2277232,16:11:21.178
000931.SZ,000931,20260421,20260421,10:51:09.000,105109000,79,5.01,5.09,5.1,5.0,5.1,5.61,4.59,5778863,2916.4672,6182,5.0,315417,5.01,69200,4.99,100500,5.02,445700,4.98,141800,5.03,35000,4.97,124800,5.04,18700,4.96,257600,5.05,27500,4.95,228700,5.06,47800,4.94,17100,5.07,32600,4.93,15400,5.08,44200,4.92,67700,5.09,18800,4.91,57300,5.1,101432,1916317,2277432,16:11:21.351
000931.SZ,000931,20260421,20260421,10:51:12.000,105112000,79,5.0,5.09,5.1,5.0,5.1,5.61,4.59,5780963,2917.5172,6185,5.0,314117,5.01,69200,4.99,100500,5.02,445700,4.98,141800,5.03,35000,4.97,124800,5.04,18700,4.96,257600,5.05,27500,4.95,228700,5.06,47800,4.94,17100,5.07,32600,4.93,15400,5.08,44200,4.92,67700,5.09,18800,4.91,57300,5.1,101432,1915017,2277432,16:11:21.508
000931.SZ,000931,20260421,20260421,10:51:18.000,105118000,79,5.0,5.09,5.1,5.0,5.1,5.61,4.59,5783863,2918.9672,6189,5.0,311217,5.01,69200,4.99,100500,5.02,445700,4.98,141800,5.03,35000,4.97,124800,5.04,18700,4.96,257600,5.05,30000,4.95,228700,5.06,47800,4.94,17100,5.07,32600,4.93,15400,5.08,44200,4.92,67700,5.09,18800,4.91,57300,5.1,101432,1912117,2279932,16:11:21.865
000931.SZ,000931,20260421,20260421,10:51:21.000,105121000,79,5.0,5.09,5.1,5.0,5.1,5.61,4.59,5783863,2918.9672,6189,5.0,312217,5.01,69200,4.99,100500,5.02,445700,4.98,141800,5.03,35100,4.97,124800,5.04,18700,4.96,257600,5.05,30000,4.95,228700,5.06,47800,4.94,17100,5.07,32600,4.93,15400,5.08,44200,4.92,67700,5.09,18800,4.91,62900,5.1,101432,1918717,2280032,16:11:22.071
000931.SZ,000931,20260421,20260421,10:51:24.000,105124000,79,5.01,5.09,5.1,5.0,5.1,5.61,4.59,5784363,2919.2177,6191,5.0,313317,5.01,69300,4.99,100500,5.02,445700,4.98,141800,5.03,35100,4.97,124800,5.04,18700,4.96,257600,5.05,30000,4.95,228700,5.06,47800,4.94,17100,5.07,32600,4.93,15400,5.08,44200,4.92,67700,5.09,18800,4.91,62900,5.1,101432,1919817,2280132,16:11:22.228
000931.SZ,000931,20260421,20260421,10:51:27.000,105127000,79,5.01,5.09,5.1,5.0,5.1,5.61,4.59,5784363,2919.2177,6191,5.0,313517,5.01,69300,4.99,100500,5.02,445700,4.98,143800,5.03,35100,4.97,124800,5.04,18700,4.96,257600,5.05,30000,4.95,228700,5.06,47800,4.94,17100,5.07,32600,4.93,15400,5.08,44200,4.92,67700,5.09,18800,4.91,62900,5.1,101432,1922017,2280132,16:11:22.228
000931.SZ,000931,20260421,20260421,10:51:33.000,105133000,79,5.0,5.09,5.1,5.0,5.1,5.61,4.59,5784763,2919.4177,6192,5.0,314617,5.01,69300,4.99,100500,5.02,445700,4.98,143800,5.03,35100,4.97,124800,5.04,18700,4.96,257600,5.05,30000,4.95,228700,5.06,47800,4.94,17100,5.07,32600,4.93,15400,5.08,44200,4.92,67700,5.09,18800,4.91,62900,5.1,101432,1923117,2280132,16:11:22.526
000931.SZ,000931,20260421,20260421,10:51:42.000,105142000,79,5.0,5.09,5.1,5.0,5.1,5.61,4.59,5784763,2919.4177,6192,5.0,314617,5.01,69300,4.99,101300,5.02,445700,4.98,143800,5.03,35100,4.97,124800,5.04,18700,4.96,257600,5.05,30000,4.95,228700,5.06,47800,4.94,17100,5.07,32600,4.93,15400,5.08,44200,4.92,67700,5.09,18800,4.91,62900,5.1,101432,1923917,2280132,16:11:23.026
000931.SZ,000931,20260421,20260421,10:51:45.000,105145000,79,5.0,5.09,5.1,5.0,5.1,5.61,4.59,5784763,2919.4177,6192,5.0,314617,5.01,69300,4.99,102100,5.02,445700,4.98,143800,5.03,35100,4.97,124800,5.04,18700,4.96,257600,5.05,30000,4.95,228700,5.06,47800,4.94,17100,5.07,32600,4.93,15400,5.08,44200,4.92,67700,5.09,18800,4.91,62900,5.1,101432,1924717,2280132,16:11:23.242
000931.SZ,000931,20260421,20260421,10:51:48.000,105148000,79,5.01,5.09,5.1,5.0,5.1,5.61,4.59,5786263,2920.1692,6194,5.0,314617,5.01,67800,4.99,102100,5.02,445700,4.98,143800,5.03,35100,4.97,124800,5.04,18700,4.96,257600,5.05,30000,4.95,228700,5.06,47800,4.94,17100,5.07,32600,4.93,15400,5.08,44200,4.92,67700,5.09,18800,4.91,62900,5.1,101432,1924717,2278632,16:11:23.442
000931.SZ,000931,20260421,20260421,10:51:51.000,105151000,79,5.01,5.09,5.1,5.0,5.1,5.61,4.59,5788263,2921.1712,6197,5.0,316617,5.01,65800,4.99,102100,5.02,445700,4.98,143800,5.03,35100,4.97,124800,5.04,18700,4.96,257600,5.05,30000,4.95,228700,5.06,47800,4.94,17100,5.07,32600,4.93,15400,5.08,44200,4.92,67700,5.09,18800,4.91,62900,5.1,101432,1926717,2276632,16:11:23.442
000931.SZ,000931,20260421,20260421,10:51:54.000,105154000,79,5.01,5.09,5.1,5.0,5.1,5.61,4.59,5788763,2921.4217,6198,5.0,316617,5.01,65300,4.99,102100,5.02,445700,4.98,143800,5.03,35100,4.97,124800,5.04,18700,4.96,257600,5.05,30000,4.95,228700,5.06,47800,4.94,17100,5.07,32600,4.93,15400,5.08,44200,4.92,67700,5.09,18800,4.91,62900,5.1,101432,1926717,2276132,16:11:23.625
000931.SZ,000931,20260421,20260421,10:51:57.000,105157000,79,5.01,5.09,5.1,5.0,5.1,5.61,4.59,5788763,2921.4217,6198,5.0,316717,5.01,65100,4.99,102100,5.02,445700,4.98,143800,5.03,35100,4.97,124800,5.04,18700,4.96,257600,5.05,30000,4.95,228700,5.06,47800,4.94,17100,5.07,32600,4.93,15400,5.08,44200,4.92,67700,5.09,18800,4.91,62900,5.1,101432,1926817,2275932,16:11:23.782
000931.SZ,000931,20260421,20260421,10:52:03.000,105203000,79,5.01,5.09,5.1,5.0,5.1,5.61,4.59,5788763,2921.4217,6198,5.0,316717,5.01,65100,4.99,102100,5.02,445700,4.98,143800,5.03,35100,4.97,124800,5.04,18200,4.96,257600,5.05,30000,4.95,228700,5.06,47800,4.94,17100,5.07,32600,4.93,15400,5.08,44200,4.92,67700,5.09,18800,4.91,62900,5.1,101432,1926817,2275432,16:11:24.230
000931.SZ,000931,20260421,20260421,10:52:06.000,105206000,79,5.01,5.09,5.1,5.0,5.1,5.61,4.59,5788763,2921.4217,6198,5.0,316717,5.01,68700,4.99,102100,5.02,445700,4.98,143800,5.03,35100,4.97,124800,5.04,18200,4.96,257600,5.05,30000,4.95,229700,5.06,47800,4.94,17100,5.07,32600,4.93,15400,5.08,44200,4.92,67700,5.09,18800,4.91,62900,5.1,101432,1927817,2279032,16:11:24.425
000931.SZ,000931,20260421,20260421,10:52:09.000,105209000,79,5.0,5.09,5.1,5.0,5.1,5.61,4.59,5788963,2921.5217,6199,5.0,316517,5.01,68700,4.99,102100,5.02,445700,4.98,143800,5.03,35100,4.97,124800,5.04,18200,4.96,257600,5.05,30000,4.95,229700,5.06,47800,4.94,17100,5.07,32600,4.93,15400,5.08,44200,4.92,67700,5.09,18800,4.91,62900,5.1,101432,1928117,2279032,16:11:24.588
000931.SZ,000931,20260421,20260421,10:52:18.000,105218000,79,5.01,5.09,5.1,5.0,5.1,5.61,4.59,5793963,2924.0267,6206,5.0,316917,5.01,87600,4.99,102100,5.02,445700,4.98,143800,5.03,35000,4.97,124800,5.04,18200,4.96,257600,5.05,30000,4.95,229700,5.06,47800,4.94,17100,5.07,32600,4.93,15400,5.08,44200,4.92,67700,5.09,18800,4.91,62900,5.1,101432,1928517,2297832,16:11:25.219
000931.SZ,000931,20260421,20260421,10:52:21.000,105221000,79,5.0,5.09,5.1,5.0,5.1,5.61,4.59,5797663,2925.8767,6213,5.0,313217,5.01,87600,4.99,102100,5.02,445700,4.98,143800,5.03,35000,4.97,124800,5.04,18200,4.96,257600,5.05,31500,4.95,229700,5.06,47800,4.94,17100,5.07,32600,4.93,15400,5.08,44200,4.92,67700,5.09,18800,4.91,62900,5.1,101432,1924817,2299332,16:11:25.315
000931.SZ,000931,20260421,20260421,10:52:24.000,105224000,79,5.0,5.09,5.1,5.0,5.1,5.61,4.59,5804163,2929.1267,6223,5.0,306717,5.01,87600,4.99,102100,5.02,445700,4.98,143800,5.03,35000,4.97,124800,5.04,18200,4.96,257600,5.05,31500,4.95,229700,5.06,47800,4.94,17100,5.07,32600,4.93,15400,5.08,44200,4.92,67700,5.09,18800,4.91,62900,5.1,101432,1918317,2299332,16:11:25.653
000931.SZ,000931,20260421,20260421,10:52:27.000,105227000,79,5.0,5.09,5.1,5.0,5.1,5.61,4.59,5813763,2933.9267,6239,5.0,297317,5.01,87600,4.99,102100,5.02,445700,4.98,143800,5.03,35000,4.97,124800,5.04,18200,4.96,257600,5.05,31500,4.95,229700,5.06,47800,4.94,17100,5.07,32600,4.93,15400,5.08,44200,4.92,67700,5.09,18800,4.91,62900,5.1,101432,1908917,2299332,16:11:25.653
000931.SZ,000931,20260421,20260421,10:52:30.000,105230000,79,5.0,5.09,5.1,5.0,5.1,5.61,4.59,5819363,2936.7267,6243,5.0,291717,5.01,79000,4.99,102100,5.02,445700,4.98,143800,5.03,35000,4.97,124800,5.04,18200,4.96,257600,5.05,31500,4.95,229700,5.06,47800,4.94,17100,5.07,32600,4.93,15400,5.08,44200,4.92,67700,5.09,18800,4.91,62900,5.1,101432,1903317,2290732,16:11:25.796
000931.SZ,000931,20260421,20260421,10:52:33.000,105233000,79,5.0,5.09,5.1,5.0,5.1,5.61,4.59,5819363,2936.7267,6243,5.0,291717,5.01,79900,4.99,102100,5.02,445700,4.98,143800,5.03,35000,4.97,124800,5.04,18200,4.96,257600,5.05,31500,4.95,229700,5.06,47800,4.94,17100,5.07,32600,4.93,15400,5.08,44200,4.92,67700,5.09,18800,4.91,62900,5.1,101432,1903317,2291632,16:11:26.015
000931.SZ,000931,20260421,20260421,10:52:42.000,105242000,79,5.01,5.09,5.1,5.0,5.1,5.61,4.59,5832063,2943.0776,6257,5.0,279917,5.01,82100,4.99,102100,5.02,445700,4.98,143800,5.03,35000,4.97,124800,5.04,18200,4.96,257600,5.05,31500,4.95,229700,5.06,47800,4.94,17100,5.07,32600,4.93,15400,5.08,44200,4.92,67700,5.09,18800,4.91,62900,5.1,101432,1891517,2293832,16:11:26.548
000931.SZ,000931,20260421,20260421,10:52:45.000,105245000,79,5.0,5.09,5.1,5.0,5.1,5.61,4.59,5835263,2944.6776,6262,5.0,276717,5.01,82100,4.99,102100,5.02,445700,4.98,143800,5.03,35000,4.97,124800,5.04,18200,4.96,257600,5.05,31500,4.95,229700,5.06,47800,4.94,17100,5.07,32600,4.93,15400,5.08,44200,4.92,67700,5.09,18800,4.91,62900,5.1,101432,1888317,2293832,16:11:26.714
000931.SZ,000931,20260421,20260421,10:52:48.000,105248000,79,5.0,5.09,5.1,5.0,5.1,5.61,4.59,5853463,2953.7776,6277,5.0,259417,5.01,82100,4.99,102900,5.02,445700,4.98,143800,5.03,35000,4.97,124800,5.04,18200,4.96,257600,5.05,31500,4.95,229700,5.06,47800,4.94,17100,5.07,32600,4.93,15400,5.08,44200,4.92,67700,5.09,18800,4.91,62900,5.1,101432,1871817,2293832,16:11:26.714
000931.SZ,000931,20260421,20260421,10:52:51.000,105251000,79,5.01,5.09,5.1,5.0,5.1,5.61,4.59,5859763,2956.9339,6294,5.0,260417,5.01,61900,4.99,104100,5.02,445700,4.98,143800,5.03,35000,4.97,124800,5.04,18200,4.96,257600,5.05,31500,4.95,229700,5.06,47800,4.94,17100,5.07,32600,4.93,15400,5.08,44200,4.92,67700,5.09,18800,4.91,62900,5.1,101432,1874017,2273632,16:11:27.063
000931.SZ,000931,20260421,20260421,10:52:54.000,105254000,79,5.01,5.09,5.1,5.0,5.1,5.61,4.59,5862763,2958.4369,6297,5.0,260417,5.01,61800,4.99,104100,5.02,445700,4.98,143800,5.03,35000,4.97,124800,5.04,18200,4.96,257600,5.05,31500,4.95,229700,5.06,47800,4.94,17100,5.07,32600,4.93,15400,5.08,44200,4.92,67700,5.09,18800,4.91,62900,5.1,101432,1874017,2273532,16:11:27.356
000931.SZ,000931,20260421,20260421,10:52:57.000,105257000,79,5.01,5.09,5.1,5.0,5.1,5.61,4.59,5862963,2958.5371,6298,5.0,260317,5.01,53400,4.99,104100,5.02,445700,4.98,143800,5.03,35000,4.97,124800,5.04,18200,4.96,257600,5.05,31500,4.95,229700,5.06,47800,4.94,17100,5.07,32600,4.93,15400,5.08,44200,4.92,67700,5.09,18800,4.91,62900,5.1,101432,1873917,2265132,16:11:27.356
000931.SZ,000931,20260421,20260421,10:53:00.000,105300000,79,5.01,5.09,5.1,5.0,5.1,5.61,4.59,5862963,2958.5371,6298,5.0,260317,5.01,53400,4.99,104100,5.02,445700,4.98,143800,5.03,35000,4.97,124800,5.04,18200,4.96,257600,5.05,31500,4.95,230700,5.06,47800,4.94,17100,5.07,32600,4.93,15400,5.08,44200,4.92,67700,5.09,18800,4.91,62900,5.1,101432,1874917,2265132,16:11:27.546
000931.SZ,000931,20260421,20260421,10:53:03.000,105303000,79,5.0,5.09,5.1,5.0,5.1,5.61,4.59,5863063,2958.5871,6299,5.0,260317,5.01,54700,4.99,104100,5.02,445700,4.98,143800,5.03,35000,4.97,124800,5.04,18200,4.96,257600,5.05,31500,4.95,230700,5.06,47800,4.94,17100,5.07,32600,4.93,15400,5.08,44200,4.92,67700,5.09,18800,4.91,62900,5.1,101432,1874917,2266432,16:11:27.837
000931.SZ,000931,20260421,20260421,10:53:06.000,105306000,79,5.0,5.09,5.1,5.0,5.1,5.61,4.59,5863063,2958.5871,6299,5.0,261017,5.01,67700,4.99,104100,5.02,445700,4.98,143800,5.03,35000,4.97,124800,5.04,18200,4.96,257600,5.05,31500,4.95,230700,5.06,47800,4.94,17100,5.07,32600,4.93,15400,5.08,44200,4.92,67700,5.09,18800,4.91,62900,5.1,101432,1875617,2279432,16:11:27.964
000931.SZ,000931,20260421,20260421,10:53:09.000,105309000,79,5.01,5.09,5.1,5.0,5.1,5.61,4.59,5867063,2960.5911,6308,5.0,261117,5.01,64500,4.99,104100,5.02,445700,4.98,143800,5.03,35000,4.97,124800,5.04,17900,4.96,257600,5.05,31500,4.95,230700,5.06,47800,4.94,17100,5.07,32600,4.93,15400,5.08,44200,4.92,67700,5.09,18800,4.91,62900,5.1,101432,1875717,2275932,16:11:28.130
000931.SZ,000931,20260421,20260421,10:53:12.000,105312000,79,5.01,5.09,5.1,5.0,5.1,5.61,4.59,5867063,2960.5911,6308,5.0,261117,5.01,64500,4.99,104100,5.02,445700,4.98,143800,5.03,37000,4.97,124800,5.04,17900,4.96,257600,5.05,31500,4.95,230700,5.06,47800,4.94,17100,5.07,32600,4.93,15400,5.08,44200,4.92,67700,5.09,18800,4.91,62900,5.1,101432,1875717,2277932,16:11:28.349
000931.SZ,000931,20260421,20260421,10:53:15.000,105315000,79,5.01,5.09,5.1,5.0,5.1,5.61,4.59,5867063,2960.5911,6308,5.0,261117,5.01,65600,4.99,104100,5.02,445700,4.98,143800,5.03,37000,4.97,124800,5.04,17900,4.96,262600,5.05,31500,4.95,230700,5.06,47800,4.94,17100,5.07,32600,4.93,15400,5.08,44200,4.92,67700,5.09,18800,4.91,62900,5.1,101432,1880717,2279032,16:11:28.548
000931.SZ,000931,20260421,20260421,10:53:18.000,105318000,79,5.01,5.09,5.1,5.0,5.1,5.61,4.59,5867063,2960.5911,6308,5.0,261117,5.01,78900,4.99,99100,5.02,445700,4.98,143800,5.03,37100,4.97,124800,5.04,17900,4.96,262600,5.05,31500,4.95,230700,5.06,47800,4.94,17100,5.07,32600,4.93,15400,5.08,44200,4.92,67700,5.09,18800,4.91,62900,5.1,101432,1875717,2292432,16:11:28.548
000931.SZ,000931,20260421,20260421,10:53:27.000,105327000,79,5.01,5.09,5.1,5.0,5.1,5.61,4.59,5867063,2960.5911,6308,5.0,261217,5.01,78900,4.99,99900,5.02,445700,4.98,143800,5.03,37100,4.97,124800,5.04,17900,4.96,262600,5.05,31500,4.95,230700,5.06,47800,4.94,17100,5.07,32600,4.93,15400,5.08,44200,4.92,67700,5.09,18800,4.91,62900,5.1,101432,1876617,2292432,16:11:28.947
000931.SZ,000931,20260421,20260421,10:53:30.000,105330000,79,5.01,5.09,5.1,5.0,5.1,5.61,4.59,5867063,2960.5911,6308,5.0,261217,5.01,114400,4.99,99900,5.02,445700,4.98,143800,5.03,37100,4.97,124800,5.04,17900,4.96,262600,5.05,31500,4.95,230700,5.06,47800,4.94,17100,5.07,32600,4.93,15400,5.08,44200,4.92,67700,5.09,18800,4.91,62900,5.1,101432,1876617,2327932,16:11:29.121
000931.SZ,000931,20260421,20260421,10:53:33.000,105333000,79,5.01,5.09,5.1,5.0,5.1,5.61,4.59,5867063,2960.5911,6308,5.0,262217,5.01,114400,4.99,99900,5.02,445700,4.98,143800,5.03,37100,4.97,124800,5.04,17900,4.96,262600,5.05,31500,4.95,230700,5.06,47800,4.94,17100,5.07,32600,4.93,15400,5.08,44200,4.92,67700,5.09,18800,4.91,62900,5.1,101432,1877617,2327932,16:11:29.308
000931.SZ,000931,20260421,20260421,10:53:36.000,105336000,79,5.01,5.09,5.1,5.0,5.1,5.61,4.59,5867063,2960.5911,6308,5.0,267217,5.01,114400,4.99,100700,5.02,445700,4.98,143800,5.03,37100,4.97,124800,5.04,17900,4.96,262600,5.05,31500,4.95,230700,5.06,47800,4.94,17100,5.07,32600,4.93,15400,5.08,44200,4.92,67700,5.09,18800,4.91,62900,5.1,101432,1883417,2327932,16:11:29.308
000931.SZ,000931,20260421,20260421,10:53:39.000,105339000,79,5.01,5.09,5.1,5.0,5.1,5.61,4.59,5869263,2961.6933,6314,5.0,267217,5.01,112900,4.99,110700,5.02,445700,4.98,143800,5.03,37100,4.97,124800,5.04,17900,4.96,262600,5.05,31500,4.95,230700,5.06,47800,4.94,17100,5.07,32600,4.93,15400,5.08,44200,4.92,67700,5.09,18800,4.91,62900,5.1,101432,1893417,2326432,16:11:29.527
000931.SZ,000931,20260421,20260421,10:53:42.000,105342000,79,5.01,5.09,5.1,5.0,5.1,5.61,4.59,5869263,2961.6933,6314,5.0,268017,5.01,116000,4.99,110700,5.02,445700,4.98,143800,5.03,37100,4.97,124800,5.04,17900,4.96,264700,5.05,31500,4.95,230700,5.06,47800,4.94,17100,5.07,32600,4.93,15400,5.08,44200,4.92,67700,5.09,18800,4.91,62900,5.1,101432,1896317,2329532,16:11:29.693
000931.SZ,000931,20260421,20260421,10:53:48.000,105348000,79,5.01,5.09,5.1,5.0,5.1,5.61,4.59,5869263,2961.6933,6314,5.0,267017,5.01,116000,4.99,110700,5.02,445700,4.98,143800,5.03,37100,4.97,124800,5.04,17900,4.96,264700,5.05,31500,4.95,230700,5.06,47800,4.94,17100,5.07,32600,4.93,15400,5.08,44200,4.92,67700,5.09,18800,4.91,62900,5.1,101432,1895317,2329532,16:11:29.965
000931.SZ,000931,20260421,20260421,10:53:51.000,105351000,79,5.01,5.09,5.1,5.0,5.1,5.61,4.59,5869263,2961.6933,6314,5.0,272017,5.01,116000,4.99,110700,5.02,445700,4.98,143800,5.03,37100,4.97,124800,5.04,17900,4.96,264700,5.05,31500,4.95,230700,5.06,47800,4.94,17100,5.07,32600,4.93,15400,5.08,44200,4.92,67700,5.09,18800,4.91,62900,5.1,101432,1900317,2329532,16:11:30.150
000931.SZ,000931,20260421,20260421,10:53:54.000,105354000,79,5.01,5.09,5.1,5.0,5.1,5.61,4.59,5869263,2961.6933,6314,5.0,272017,5.01,117000,4.99,110700,5.02,445700,4.98,143800,5.03,37100,4.97,124800,5.04,17900,4.96,264700,5.05,31500,4.95,230700,5.06,47800,4.94,17100,5.07,32600,4.93,15400,5.08,44200,4.92,67700,5.09,18800,4.91,62900,5.1,101432,1900317,2330532,16:11:30.150
000931.SZ,000931,20260421,20260421,10:53:57.000,105357000,79,5.01,5.09,5.1,5.0,5.1,5.61,4.59,5869263,2961.6933,6314,5.0,273217,5.01,118000,4.99,110700,5.02,445700,4.98,143800,5.03,37100,4.97,124800,5.04,17900,4.96,264700,5.05,31500,4.95,230700,5.06,47800,4.94,17100,5.07,32600,4.93,15400,5.08,44200,4.92,67700,5.09,18800,4.91,62900,5.1,101432,1901517,2331532,16:11:30.274
000931.SZ,000931,20260421,20260421,10:54:00.000,105400000,79,5.01,5.09,5.1,5.0,5.1,5.61,4.59,5869263,2961.6933,6314,5.0,273217,5.01,119000,4.99,110700,5.02,445700,4.98,143800,5.03,37100,4.97,124800,5.04,17900,4.96,264700,5.05,31500,4.95,230700,5.06,47800,4.94,17100,5.07,32600,4.93,15400,5.08,44200,4.92,67700,5.09,18800,4.91,62900,5.1,101432,1901517,2332532,16:11:30.417
000931.SZ,000931,20260421,20260421,10:54:03.000,105403000,79,5.0,5.09,5.1,5.0,5.1,5.61,4.59,5870763,2962.4444,6318,5.0,272817,5.01,117900,4.99,110700,5.02,445700,4.98,143800,5.03,37100,4.97,124800,5.04,17900,4.96,264700,5.05,31500,4.95,230700,5.06,47800,4.94,17100,5.07,32600,4.93,15400,5.08,44200,4.92,67700,5.09,18800,4.91,62900,5.1,101432,1901117,2331432,16:11:30.848
000931.SZ,000931,20260421,20260421,10:54:06.000,105406000,79,5.0,5.09,5.1,5.0,5.1,5.61,4.59,5870763,2962.4444,6318,5.0,272817,5.01,118000,4.99,110700,5.02,445700,4.98,143800,5.03,37100,4.97,124800,5.04,17800,4.96,264700,5.05,31500,4.95,230700,5.06,47800,4.94,17100,5.07,32600,4.93,15400,5.08,44200,4.92,67700,5.09,18800,4.91,62900,5.1,101432,1902117,2331432,16:11:30.848
000931.SZ,000931,20260421,20260421,10:54:09.000,105409000,79,5.0,5.09,5.1,5.0,5.1,5.61,4.59,5870763,2962.4444,6318,5.0,272817,5.01,92700,4.99,110700,5.02,445700,4.98,143800,5.03,37100,4.97,124800,5.04,17800,4.96,264700,5.05,31500,4.95,230700,5.06,47800,4.94,17100,5.07,32600,4.93,15400,5.08,44200,4.92,67700,5.09,18800,4.91,62900,5.1,101432,1902117,2306132,16:11:31.068
000931.SZ,000931,20260421,20260421,10:54:12.000,105412000,79,5.0,5.09,5.1,5.0,5.1,5.61,4.59,5870763,2962.4444,6318,5.0,272917,5.01,92700,4.99,110700,5.02,445700,4.98,143800,5.03,37100,4.97,124800,5.04,17800,4.96,264700,5.05,31500,4.95,230700,5.06,47800,4.94,17100,5.07,32600,4.93,15400,5.08,44200,4.92,67700,5.09,18800,4.91,62900,5.1,101432,1902217,2306132,16:11:31.240
000931.SZ,000931,20260421,20260421,10:54:15.000,105415000,79,5.0,5.09,5.1,5.0,5.1,5.61,4.59,5870763,2962.4444,6318,5.0,271617,5.01,92700,4.99,110700,5.02,445700,4.98,143800,5.03,37100,4.97,124800,5.04,17800,4.96,264700,5.05,31500,4.95,230700,5.06,47800,4.94,17100,5.07,32600,4.93,15400,5.08,44200,4.92,67700,5.09,18800,4.91,62900,5.1,101432,1900917,2306132,16:11:31.415
000931.SZ,000931,20260421,20260421,10:54:24.000,105424000,79,5.0,5.09,5.1,5.0,5.1,5.61,4.59,5870763,2962.4444,6318,5.0,271317,5.01,93700,4.99,110700,5.02,445700,4.98,143800,5.03,37100,4.97,124800,5.04,17800,4.96,264700,5.05,31500,4.95,230700,5.06,47800,4.94,17100,5.07,32600,4.93,15400,5.08,44200,4.92,67700,5.09,18800,4.91,62900,5.1,101432,1900617,2307132,16:11:31.751
000931.SZ,000931,20260421,20260421,10:54:27.000,105427000,79,5.0,5.09,5.1,5.0,5.1,5.61,4.59,5870763,2962.4444,6318,5.0,273317,5.01,95300,4.99,110700,5.02,445700,4.98,143800,5.03,37100,4.97,124800,5.04,17800,4.96,264700,5.05,31500,4.95,230700,5.06,47800,4.94,17100,5.07,32600,4.93,15400,5.08,44200,4.92,67700,5.09,18800,4.91,62900,5.1,101432,1902617,2308732,16:11:31.894
000931.SZ,000931,20260421,20260421,10:54:30.000,105430000,79,5.0,5.09,5.1,5.0,5.1,5.61,4.59,5870763,2962.4444,6318,5.0,276017,5.01,95300,4.99,110700,5.02,445700,4.98,143800,5.03,37100,4.97,124800,5.04,17800,4.96,264700,5.05,31500,4.95,230700,5.06,47800,4.94,17100,5.07,32600,4.93,15400,5.08,44200,4.92,67700,5.09,18800,4.91,62900,5.1,101432,1905317,2308732,16:11:32.051
000931.SZ,000931,20260421,20260421,10:54:33.000,105433000,79,5.01,5.09,5.1,5.0,5.1,5.61,4.59,5871363,2962.7445,6323,5.0,275517,5.01,95600,4.99,110700,5.02,445700,4.98,143800,5.03,36600,4.97,124800,5.04,17800,4.96,264700,5.05,31500,4.95,230700,5.06,47800,4.94,22100,5.07,32600,4.93,15400,5.08,44200,4.92,67700,5.09,18800,4.91,62900,5.1,101432,1909817,2308532,16:11:32.316
000931.SZ,000931,20260421,20260421,10:54:36.000,105436000,79,5.01,5.09,5.1,5.0,5.1,5.61,4.59,5871363,2962.7445,6323,5.0,275717,5.01,95600,4.99,110700,5.02,445700,4.98,143800,5.03,36600,4.97,124800,5.04,17800,4.96,264700,5.05,31500,4.95,230700,5.06,47800,4.94,22100,5.07,32600,4.93,15400,5.08,44200,4.92,67700,5.09,18800,4.91,62900,5.1,101432,1910017,2308532,16:11:32.412
000931.SZ,000931,20260421,20260421,10:54:39.000,105439000,79,5.01,5.09,5.1,5.0,5.1,5.61,4.59,5871763,2962.9449,6327,5.0,275617,5.01,101800,4.99,110700,5.02,445700,4.98,143800,5.03,36600,4.97,124800,5.04,17800,4.96,264700,5.05,31500,4.95,230700,5.06,47800,4.94,22100,5.07,32600,4.93,15400,5.08,44200,4.92,67700,5.09,18800,4.91,62900,5.1,101432,1909917,2314732,16:11:32.538
000931.SZ,000931,20260421,20260421,10:54:45.000,105445000,79,5.0,5.09,5.1,5.0,5.1,5.61,4.59,5872163,2963.1452,6329,5.0,275517,5.01,101500,4.99,110700,5.02,445700,4.98,143800,5.03,36500,4.97,124800,5.04,17800,4.96,264700,5.05,31500,4.95,230700,5.06,47800,4.94,22100,5.07,32600,4.93,15400,5.08,44200,4.92,67700,5.09,18800,4.91,62900,5.1,101432,1909817,2314332,16:11:32.812
000931.SZ,000931,20260421,20260421,10:54:48.000,105448000,79,5.0,5.09,5.1,5.0,5.1,5.61,4.59,5872163,2963.1452,6329,5.0,275517,5.01,101500,4.99,110700,5.02,445700,4.98,143800,5.03,36500,4.97,124800,5.04,17800,4.96,264700,5.05,31500,4.95,230700,5.06,47800,4.94,22100,5.07,32600,4.93,15400,5.08,46200,4.92,67700,5.09,18800,4.91,62900,5.1,101432,1909817,2316332,16:11:32.971
000931.SZ,000931,20260421,20260421,10:54:54.000,105454000,79,5.01,5.09,5.1,5.0,5.1,5.61,4.59,5872663,2963.3957,6331,5.0,275517,5.01,101000,4.99,110700,5.02,445700,4.98,143800,5.03,36500,4.97,124800,5.04,17800,4.96,264700,5.05,31500,4.95,230700,5.06,47800,4.94,25600,5.07,32600,4.93,15400,5.08,46200,4.92,67700,5.09,18800,4.91,62900,5.1,101432,1913317,2315832,16:11:33.253
000931.SZ,000931,20260421,20260421,10:55:00.000,105500000,79,5.01,5.09,5.1,5.0,5.1,5.61,4.59,5872663,2963.3957,6331,5.0,275717,5.01,101000,4.99,110700,5.02,445700,4.98,144100,5.03,36500,4.97,124800,5.04,17800,4.96,264700,5.05,31500,4.95,230700,5.06,47800,4.94,25600,5.07,32600,4.93,15400,5.08,46200,4.92,67700,5.09,18800,4.91,62900,5.1,101432,1913817,2315832,16:11:33.597
000931.SZ,000931,20260421,20260421,10:55:03.000,105503000,79,5.0,5.09,5.1,5.0,5.1,5.61,4.59,5877863,2965.9957,6333,5.0,270517,5.01,101800,4.99,110700,5.02,445700,4.98,144100,5.03,36500,4.97,124800,5.04,17800,4.96,264700,5.05,31500,4.95,230700,5.06,47800,4.94,25600,5.07,32600,4.93,15400,5.08,46200,4.92,67700,5.09,18800,4.91,62900,5.1,101432,1908617,2316632,16:11:33.694
000931.SZ,000931,20260421,20260421,10:55:06.000,105506000,79,5.0,5.09,5.1,5.0,5.1,5.61,4.59,5878363,2966.2457,6334,5.0,270017,5.01,101800,4.99,111500,5.02,445700,4.98,144100,5.03,36500,4.97,124800,5.04,17800,4.96,264700,5.05,31500,4.95,230700,5.06,47800,4.94,25600,5.07,32600,4.93,15400,5.08,46200,4.92,67700,5.09,18800,4.91,62900,5.1,101432,1908917,2316632,16:11:33.828
000931.SZ,000931,20260421,20260421,10:55:09.000,105509000,79,5.0,5.09,5.1,5.0,5.1,5.61,4.59,5878363,2966.2457,6334,5.0,270017,5.01,101800,4.99,112500,5.02,445700,4.98,144100,5.03,36500,4.97,124800,5.04,17800,4.96,264700,5.05,31500,4.95,230700,5.06,47800,4.94,25600,5.07,32600,4.93,15400,5.08,46200,4.92,67700,5.09,18800,4.91,62900,5.1,101432,1909917,2316632,16:11:33.987
000931.SZ,000931,20260421,20260421,10:55:12.000,105512000,79,5.0,5.09,5.1,5.0,5.1,5.61,4.59,5880263,2967.1957,6336,5.0,268117,5.01,101800,4.99,112500,5.02,445700,4.98,144100,5.03,36500,4.97,124800,5.04,17800,4.96,264700,5.05,31500,4.95,230700,5.06,47800,4.94,25600,5.07,32600,4.93,15400,5.08,46200,4.92,67700,5.09,18800,4.91,62900,5.1,101432,1908017,2316632,16:11:34.205
000931.SZ,000931,20260421,20260421,10:55:21.000,105521000,79,5.0,5.09,5.1,5.0,5.1,5.61,4.59,5880263,2967.1957,6336,5.0,268117,5.01,101800,4.99,112500,5.02,445700,4.98,144100,5.03,36500,4.97,124800,5.04,17800,4.96,264700,5.05,31500,4.95,231200,5.06,47800,4.94,25600,5.07,32600,4.93,15400,5.08,46200,4.92,67700,5.09,18800,4.91,62900,5.1,101432,1907817,2316632,16:11:34.659
000931.SZ,000931,20260421,20260421,10:55:24.000,105524000,79,5.0,5.09,5.1,5.0,5.1,5.61,4.59,5880263,2967.1957,6336,5.0,270217,5.01,101800,4.99,113300,5.02,445700,4.98,144100,5.03,36500,4.97,124800,5.04,17800,4.96,264700,5.05,31500,4.95,231200,5.06,47800,4.94,25600,5.07,32600,4.93,15400,5.08,46200,4.92,67700,5.09,18800,4.91,62900,5.1,101432,1910717,2316632,16:11:34.810
000931.SZ,000931,20260421,20260421,10:55:30.000,105530000,79,5.0,5.09,5.1,5.0,5.1,5.61,4.59,5880263,2967.1957,6336,5.0,270317,5.01,101800,4.99,113300,5.02,445700,4.98,144100,5.03,36500,4.97,124800,5.04,17800,4.96,264700,5.05,31500,4.95,231200,5.06,47800,4.94,25600,5.07,32600,4.93,15400,5.08,46200,4.92,67700,5.09,18800,4.91,62900,5.1,101432,1910817,2316632,16:11:35.203
000931.SZ,000931,20260421,20260421,10:55:39.000,105539000,79,5.0,5.09,5.1,5.0,5.1,5.61,4.59,5880263,2967.1957,6336,5.0,270817,5.01,101800,4.99,113300,5.02,445700,4.98,144100,5.03,36500,4.97,124800,5.04,17800,4.96,264700,5.05,31500,4.95,231200,5.06,47800,4.94,25600,5.07,32600,4.93,15400,5.08,46200,4.92,67700,5.09,18800,4.91,62900,5.1,101432,1911317,2316632,16:11:35.642
000931.SZ,000931,20260421,20260421,10:55:42.000,105542000,79,5.0,5.09,5.1,5.0,5.1,5.61,4.59,5880263,2967.1957,6336,5.0,270817,5.01,102800,4.99,113300,5.02,445700,4.98,144100,5.03,36600,4.97,124800,5.04,17800,4.96,264700,5.05,31500,4.95,231200,5.06,47800,4.94,25600,5.07,32600,4.93,15400,5.08,46200,4.92,67700,5.09,18800,4.91,62900,5.1,101432,1911317,2317732,16:11:35.642
000931.SZ,000931,20260421,20260421,10:55:45.000,105545000,79,5.0,5.09,5.1,5.0,5.1,5.61,4.59,5880263,2967.1957,6336,5.0,270817,5.01,102800,4.99,113300,5.02,445700,4.98,144100,5.03,36600,4.97,124800,5.04,17800,4.96,264700,5.05,31500,4.95,233200,5.06,47800,4.94,25600,5.07,32600,4.93,15400,5.08,46200,4.92,67700,5.09,18800,4.91,62900,5.1,101432,1913317,2317732,16:11:35.807
000931.SZ,000931,20260421,20260421,10:55:48.000,105548000,79,5.0,5.09,5.1,5.0,5.1,5.61,4.59,5880263,2967.1957,6336,5.0,273517,5.01,102800,4.99,113300,5.02,445700,4.98,144100,5.03,36600,4.97,124800,5.04,17800,4.96,264700,5.05,31500,4.95,233200,5.06,47800,4.94,25600,5.07,32600,4.93,15400,5.08,46200,4.92,67700,5.09,18800,4.91,62900,5.1,101432,1916017,2317732,16:11:35.949
000931.SZ,000931,20260421,20260421,10:55:51.000,105551000,79,5.0,5.09,5.1,5.0,5.1,5.61,4.59,5880263,2967.1957,6336,5.0,274917,5.01,103800,4.99,114100,5.02,445700,4.98,144100,5.03,36600,4.97,124800,5.04,17800,4.96,264700,5.05,31500,4.95,233200,5.06,47800,4.94,25600,5.07,32600,4.93,15400,5.08,46200,4.92,67700,5.09,18800,4.91,62900,5.1,101432,1918217,2318732,16:11:36.139
000931.SZ,000931,20260421,20260421,10:55:57.000,105557000,79,5.0,5.09,5.1,5.0,5.1,5.61,4.59,5880263,2967.1957,6336,5.0,275117,5.01,103800,4.99,114100,5.02,445700,4.98,144100,5.03,36600,4.97,124800,5.04,17800,4.96,264700,5.05,31500,4.95,233200,5.06,47800,4.94,25600,5.07,32600,4.93,15400,5.08,46200,4.92,67700,5.09,18800,4.91,62900,5.1,101432,1918417,2318732,16:11:36.404
000931.SZ,000931,20260421,20260421,10:56:00.000,105600000,79,5.0,5.09,5.1,5.0,5.1,5.61,4.59,5880263,2967.1957,6336,5.0,275317,5.01,103800,4.99,114100,5.02,445700,4.98,144100,5.03,36600,4.97,124800,5.04,17800,4.96,264700,5.05,31500,4.95,233200,5.06,47800,4.94,25600,5.07,32600,4.93,15400,5.08,46200,4.92,67700,5.09,18800,4.91,62900,5.1,101432,1918617,2318732,16:11:36.717
000931.SZ,000931,20260421,20260421,10:56:18.000,105618000,79,5.0,5.09,5.1,5.0,5.1,5.61,4.59,5881863,2967.9957,6340,5.0,273717,5.01,103800,4.99,114100,5.02,445700,4.98,144100,5.03,36600,4.97,124800,5.04,17800,4.96,264700,5.05,31500,4.95,233200,5.06,47800,4.94,25600,5.07,32600,4.93,15400,5.08,46200,4.92,67700,5.09,18800,4.91,62900,5.1,101432,1917017,2318732,16:11:37.822
000931.SZ,000931,20260421,20260421,10:56:21.000,105621000,79,5.0,5.09,5.1,5.0,5.1,5.61,4.59,6155580,3104.8542,6504,4.99,114100,5.0,279583,4.98,144100,5.01,129400,4.97,124800,5.02,445900,4.96,264700,5.03,36600,4.95,233200,5.04,17800,4.94,25600,5.05,31500,4.93,15400,5.06,47800,4.92,67700,5.07,32600,4.91,62900,5.08,46200,4.9,121800,5.09,18800,1643300,2624115,16:11:37.982
000931.SZ,000931,20260421,20260421,10:56:24.000,105624000,79,4.99,5.09,5.1,4.99,5.1,5.61,4.59,6163780,3108.946,6510,4.99,109200,5.0,281383,4.98,144100,5.01,127900,4.97,124800,5.02,445900,4.96,264700,5.03,33800,4.95,233200,5.04,17800,4.94,25600,5.05,31500,4.93,15400,5.06,47800,4.92,67700,5.07,32600,4.91,62900,5.08,46200,4.9,121800,5.09,18800,1638400,2621615,16:11:38.136
000931.SZ,000931,20260421,20260421,10:56:27.000,105627000,79,4.99,5.09,5.1,4.99,5.1,5.61,4.59,6163780,3108.946,6510,4.99,109400,5.0,286983,4.98,144100,5.01,127900,4.97,124800,5.02,445900,4.96,264700,5.03,33800,4.95,233200,5.04,17800,4.94,25600,5.05,31500,4.93,15400,5.06,47800,4.92,67700,5.07,32600,4.91,62900,5.08,46200,4.9,121800,5.09,18800,1638600,2627215,16:11:38.432
000931.SZ,000931,20260421,20260421,10:56:30.000,105630000,79,4.99,5.09,5.1,4.99,5.1,5.61,4.59,6163880,3108.9959,6511,4.99,109300,5.0,93983,4.98,144100,5.01,57300,4.97,124800,5.02,445900,4.96,264700,5.03,33800,4.95,233200,5.04,17800,4.94,25600,5.05,31500,4.93,15400,5.06,47800,4.92,67700,5.07,32600,4.91,62900,5.08,46200,4.9,121800,5.09,18800,1638500,2363615,16:11:38.588
000931.SZ,000931,20260421,20260421,10:56:33.000,105633000,79,4.99,5.09,5.1,4.99,5.1,5.61,4.59,6163880,3108.9959,6511,4.99,110400,5.0,93900,4.98,148100,5.01,57300,4.97,124800,5.02,445900,4.96,264700,5.03,33800,4.95,233200,5.04,17800,4.94,25600,5.05,31500,4.93,15400,5.06,47800,4.92,67700,5.07,32600,4.91,62900,5.08,46200,4.9,121800,5.09,18800,1643600,2363532,16:11:38.990
000931.SZ,000931,20260421,20260421,10:56:36.000,105636000,79,4.99,5.09,5.1,4.99,5.1,5.61,4.59,6163880,3108.9959,6511,4.99,110400,5.0,88500,4.98,148100,5.01,57700,4.97,124800,5.02,445900,4.96,264700,5.03,33400,4.95,233200,5.04,17800,4.94,25600,5.05,31500,4.93,15400,5.06,47800,4.92,67700,5.07,32600,4.91,62900,5.08,46200,4.9,121800,5.09,18800,1643600,2358132,16:11:39.146
000931.SZ,000931,20260421,20260421,10:56:39.000,105639000,79,4.99,5.09,5.1,4.99,5.1,5.61,4.59,6163880,3108.9959,6511,4.99,111200,5.0,92100,4.98,148100,5.01,59500,4.97,124800,5.02,445900,4.96,264700,5.03,33400,4.95,233200,5.04,17800,4.94,25600,5.05,31500,4.93,15400,5.06,47800,4.92,67700,5.07,32600,4.91,62900,5.08,46200,4.9,121800,5.09,18800,1644400,2363532,16:11:39.272
000931.SZ,000931,20260421,20260421,10:56:42.000,105642000,79,4.99,5.09,5.1,4.99,5.1,5.61,4.59,6163880,3108.9959,6511,4.99,115700,5.0,92100,4.98,148100,5.01,59500,4.97,124800,5.02,445900,4.96,264700,5.03,33400,4.95,233200,5.04,17800,4.94,25600,5.05,31500,4.93,15400,5.06,47800,4.92,67700,5.07,32600,4.91,62900,5.08,46200,4.9,121800,5.09,18800,1648900,2363532,16:11:39.554
000931.SZ,000931,20260421,20260421,10:56:45.000,105645000,79,4.99,5.09,5.1,4.99,5.1,5.61,4.59,6163880,3108.9959,6511,4.99,116900,5.0,92100,4.98,148100,5.01,59500,4.97,124800,5.02,445900,4.96,264700,5.03,33400,4.95,233200,5.04,17800,4.94,25600,5.05,31500,4.93,15400,5.06,28900,4.92,67700,5.07,32600,4.91,62900,5.08,46200,4.9,121800,5.09,18800,1650100,2344632,16:11:39.694
000931.SZ,000931,20260421,20260421,10:56:48.000,105648000,79,4.99,5.09,5.1,4.99,5.1,5.61,4.59,6163880,3108.9959,6511,4.99,118200,5.0,92100,4.98,148100,5.01,59500,4.97,124800,5.02,445900,4.96,264700,5.03,29900,4.95,233200,5.04,17800,4.94,25600,5.05,31500,4.93,15400,5.06,28900,4.92,67700,5.07,32600,4.91,62900,5.08,46200,4.9,121800,5.09,18800,1651400,2341132,16:11:39.845
000931.SZ,000931,20260421,20260421,10:56:51.000,105651000,79,4.99,5.09,5.1,4.99,5.1,5.61,4.59,6163880,3108.9959,6511,4.99,128200,5.0,92200,4.98,148100,5.01,59500,4.97,124800,5.02,445900,4.96,264700,5.03,29900,4.95,233200,5.04,17800,4.94,25600,5.05,31500,4.93,15400,5.06,28900,4.92,67700,5.07,32600,4.91,62900,5.08,46200,4.9,121800,5.09,18800,1661400,2341232,16:11:39.973
000931.SZ,000931,20260421,20260421,10:56:54.000,105654000,79,4.99,5.09,5.1,4.99,5.1,5.61,4.59,6166680,3110.3931,6513,4.99,125400,5.0,92200,4.98,148100,5.01,59500,4.97,124800,5.02,445900,4.96,264700,5.03,29900,4.95,233200,5.04,17800,4.94,25600,5.05,31500,4.93,15400,5.06,28900,4.92,67700,5.07,32600,4.91,62900,5.08,46200,4.9,121800,5.09,18800,1658600,2341232,16:11:40.117
000931.SZ,000931,20260421,20260421,10:56:57.000,105657000,79,4.99,5.09,5.1,4.99,5.1,5.61,4.59,6181580,3117.8282,6519,4.99,110500,5.0,92200,4.98,149100,5.01,59500,4.97,124800,5.02,445900,4.96,264700,5.03,29900,4.95,233200,5.04,17800,4.94,25600,5.05,31500,4.93,15400,5.06,28900,4.92,67700,5.07,32600,4.91,62900,5.08,46200,4.9,121800,5.09,18800,1644700,2341232,16:11:40.270
000931.SZ,000931,20260421,20260421,10:57:00.000,105700000,79,4.99,5.09,5.1,4.99,5.1,5.61,4.59,6181580,3117.8282,6519,4.99,111400,5.0,93400,4.98,149100,5.01,58600,4.97,124800,5.02,445900,4.96,264700,5.03,29900,4.95,233200,5.04,17800,4.94,25600,5.05,31500,4.93,15400,5.06,28900,4.92,67700,5.07,32600,4.91,62900,5.08,46200,4.9,121800,5.09,18800,1645600,2341532,16:11:40.474
000931.SZ,000931,20260421,20260421,10:57:03.000,105703000,79,4.99,5.09,5.1,4.99,5.1,5.61,4.59,6181580,3117.8282,6519,4.99,113000,5.0,93400,4.98,149100,5.01,62100,4.97,124800,5.02,445900,4.96,264700,5.03,29900,4.95,233200,5.04,17800,4.94,25600,5.05,31500,4.93,15400,5.06,28900,4.92,67700,5.07,33800,4.91,62900,5.08,46200,4.9,121800,5.09,18800,1647200,2346232,16:11:40.615
000931.SZ,000931,20260421,20260421,10:57:06.000,105706000,79,4.99,5.09,5.1,4.99,5.1,5.61,4.59,6181580,3117.8282,6519,4.99,115800,5.0,93400,4.98,149100,5.01,61800,4.97,129800,5.02,445900,4.96,264700,5.03,29900,4.95,233200,5.04,17800,4.94,25600,5.05,31500,4.93,15400,5.06,28900,4.92,67700,5.07,33800,4.91,62900,5.08,46200,4.9,121800,5.09,18800,1655000,2345932,16:11:40.772
000931.SZ,000931,20260421,20260421,10:57:09.000,105709000,79,4.99,5.09,5.1,4.99,5.1,5.61,4.59,6181580,3117.8282,6519,4.99,116600,5.0,93400,4.98,149100,5.01,61700,4.97,129800,5.02,445900,4.96,264700,5.03,29900,4.95,233200,5.04,17800,4.94,25600,5.05,31500,4.93,15400,5.06,28900,4.92,67700,5.07,33800,4.91,62900,5.08,46200,4.9,121800,5.09,18800,1655800,2345832,16:11:40.937
000931.SZ,000931,20260421,20260421,10:57:12.000,105712000,79,4.99,5.09,5.1,4.99,5.1,5.61,4.59,6181980,3118.0278,6520,4.99,115700,5.0,93400,4.98,149100,5.01,61700,4.97,129800,5.02,445900,4.96,264700,5.03,29900,4.95,233200,5.04,17800,4.94,25600,5.05,31500,4.93,15400,5.06,28900,4.92,67700,5.07,33800,4.91,62900,5.08,46200,4.9,121800,5.09,18800,1654900,2345832,16:11:41.066
000931.SZ,000931,20260421,20260421,10:57:15.000,105715000,79,4.99,5.09,5.1,4.99,5.1,5.61,4.59,6181980,3118.0278,6520,4.99,116000,5.0,93400,4.98,150100,5.01,61700,4.97,129800,5.02,445900,4.96,264700,5.03,29900,4.95,233200,5.04,17800,4.94,25600,5.05,31500,4.93,15400,5.06,28900,4.92,67700,5.07,33800,4.91,62900,5.08,46200,4.9,121800,5.09,18800,1656200,2345832,16:11:41.158
000931.SZ,000931,20260421,20260421,10:57:18.000,105718000,79,4.99,5.09,5.1,4.99,5.1,5.61,4.59,6181980,3118.0278,6520,4.99,116000,5.0,93400,4.98,150300,5.01,61700,4.97,129800,5.02,445900,4.96,264700,5.03,29900,4.95,232200,5.04,17800,4.94,25600,5.05,31500,4.93,15400,5.06,28900,4.92,67700,5.07,33800,4.91,62900,5.08,46200,4.9,121800,5.09,18800,1655400,2345832,16:11:41.267
000931.SZ,000931,20260421,20260421,10:57:21.000,105721000,79,4.99,5.09,5.1,4.99,5.1,5.61,4.59,6182680,3118.3776,6522,4.99,115800,5.0,92900,4.98,150300,5.01,61600,4.97,129800,5.02,445900,4.96,264700,5.03,29800,4.95,232200,5.04,17800,4.94,25600,5.05,31500,4.93,15400,5.06,28900,4.92,67700,5.07,33800,4.91,62900,5.08,46200,4.9,121800,5.09,18800,1655200,2345132,16:11:41.582
000931.SZ,000931,20260421,20260421,10:57:27.000,105727000,79,5.0,5.09,5.1,4.99,5.1,5.61,4.59,6203880,3128.9776,6528,4.99,116600,5.0,63600,4.98,150300,5.01,61000,4.97,130300,5.02,445900,4.96,264700,5.03,29800,4.95,232200,5.04,17800,4.94,25600,5.05,31500,4.93,15400,5.06,28900,4.92,67700,5.07,33800,4.91,62900,5.08,46200,4.9,121800,5.09,18800,1656500,2315232,16:11:41.709
000931.SZ,000931,20260421,20260421,10:57:30.000,105730000,79,5.0,5.09,5.1,4.99,5.1,5.61,4.59,6204980,3129.5276,6529,4.99,116900,5.0,68200,4.98,150300,5.01,60500,4.97,130300,5.02,445900,4.96,264700,5.03,29800,4.95,232200,5.04,17800,4.94,25600,5.05,31500,4.93,15400,5.06,28900,4.92,67700,5.07,33800,4.91,62900,5.08,46200,4.9,121800,5.09,18800,1656800,2319332,16:11:41.952
000931.SZ,000931,20260421,20260421,10:57:33.000,105733000,79,5.0,5.09,5.1,4.99,5.1,5.61,4.59,6204980,3129.5276,6529,4.99,116900,5.0,68200,4.98,153300,5.01,60500,4.97,130300,5.02,445900,4.96,264700,5.03,29800,4.95,232200,5.04,17800,4.94,25600,5.05,31500,4.93,15400,5.06,28900,4.92,67700,5.07,33800,4.91,62900,5.08,46200,4.9,121800,5.09,18800,1659800,2319332,16:11:41.952
000931.SZ,000931,20260421,20260421,10:57:36.000,105736000,79,5.0,5.09,5.1,4.99,5.1,5.61,4.59,6204980,3129.5276,6529,4.99,117300,5.0,62500,4.98,153500,5.01,60500,4.97,130300,5.02,445900,4.96,264700,5.03,29800,4.95,232200,5.04,17800,4.94,25600,5.05,31500,4.93,15400,5.06,28900,4.92,67700,5.07,33800,4.91,62900,5.08,46200,4.9,121800,5.09,18800,1660400,2313632,16:11:42.125
000931.SZ,000931,20260421,20260421,10:57:39.000,105739000,79,5.0,5.09,5.1,4.99,5.1,5.61,4.59,6208780,3131.4276,6532,4.99,117300,5.0,64400,4.98,153500,5.01,60500,4.97,130500,5.02,445900,4.96,264700,5.03,29800,4.95,232200,5.04,17800,4.94,25600,5.05,31500,4.93,23000,5.06,28900,4.92,67700,5.07,33800,4.91,62900,5.08,46200,4.9,121800,5.09,18800,1668200,2315532,16:11:42.298
000931.SZ,000931,20260421,20260421,10:57:42.000,105742000,79,5.0,5.09,5.1,4.99,5.1,5.61,4.59,6208980,3131.5276,6534,4.99,117300,5.0,64200,4.98,153500,5.01,60500,4.97,135500,5.02,3000,4.96,264700,5.03,29800,4.95,232200,5.04,17800,4.94,25600,5.05,31500,4.93,23000,5.06,28900,4.92,67700,5.07,33800,4.91,62900,5.08,46200,4.9,121800,5.09,18800,1673200,1872432,16:11:42.440
000931.SZ,000931,20260421,20260421,10:57:45.000,105745000,79,5.0,5.09,5.1,4.99,5.1,5.61,4.59,6209180,3131.6276,6536,4.99,117300,5.0,64000,4.98,153500,5.01,60500,4.97,135500,5.02,3000,4.96,267600,5.03,29800,4.95,232200,5.04,17800,4.94,25600,5.05,31500,4.93,23000,5.06,28900,4.92,67700,5.07,33800,4.91,62900,5.08,46200,4.9,121800,5.09,18800,1676100,1872232,16:11:42.612
000931.SZ,000931,20260421,20260421,10:57:48.000,105748000,79,5.0,5.09,5.1,4.99,5.1,5.61,4.59,6209580,3131.8276,6538,4.99,117300,5.0,30800,4.98,153500,5.01,60500,4.97,135500,5.02,3000,4.96,267600,5.03,29800,4.95,232200,5.04,17800,4.94,25600,5.05,31500,4.93,23000,5.06,28900,4.92,67700,5.07,33800,4.91,62900,5.08,46200,4.9,121800,5.09,18800,1676100,1839032,16:11:42.751
000931.SZ,000931,20260421,20260421,10:57:51.000,105751000,79,5.0,5.09,5.1,4.99,5.1,5.61,4.59,6211580,3132.8276,6544,4.99,117400,5.0,28800,4.98,153500,5.01,56200,4.97,135500,5.02,3000,4.96,267600,5.03,29800,4.95,232200,5.04,17800,4.94,25600,5.05,31500,4.93,23000,5.06,28900,4.92,67700,5.07,33800,4.91,62900,5.08,46200,4.9,121800,5.09,18800,1676200,1832732,16:11:43.030
000931.SZ,000931,20260421,20260421,10:57:57.000,105757000,79,5.0,5.09,5.1,4.99,5.1,5.61,4.59,6211780,3132.9276,6545,4.99,121300,5.0,28600,4.98,153500,5.01,56200,4.97,135500,5.02,3000,4.96,267600,5.03,29800,4.95,232200,5.04,17800,4.94,25600,5.05,31500,4.93,23000,5.06,28900,4.92,67700,5.07,33800,4.91,62900,5.08,46200,4.9,121800,5.09,18800,1680100,1832532,16:11:43.155
000931.SZ,000931,20260421,20260421,10:58:00.000,105800000,79,5.0,5.09,5.1,4.99,5.1,5.61,4.59,6211780,3132.9276,6545,4.99,121300,5.0,23000,4.98,153500,5.01,56200,4.97,135500,5.02,3000,4.96,267600,5.03,29800,4.95,232200,5.04,17800,4.94,25600,5.05,31500,4.93,23000,5.06,28900,4.92,67700,5.07,33800,4.91,62900,5.08,46200,4.9,121800,5.09,18800,1680100,1826932,16:11:43.326
000931.SZ,000931,20260421,20260421,10:58:03.000,105803000,79,4.99,5.09,5.1,4.99,5.1,5.61,4.59,6213980,3134.0254,6547,4.99,119100,5.0,48800,4.98,153500,5.01,56200,4.97,135500,5.02,3000,4.96,267600,5.03,29800,4.95,232200,5.04,17800,4.94,25600,5.05,31500,4.93,23000,5.06,28900,4.92,67700,5.07,33800,4.91,62900,5.08,46200,4.9,121800,5.09,18800,1677900,1852732,16:11:43.594
000931.SZ,000931,20260421,20260421,10:58:06.000,105806000,79,4.99,5.09,5.1,4.99,5.1,5.61,4.59,6213980,3134.0254,6547,4.99,119100,5.0,32100,4.98,153500,5.01,56200,4.97,135300,5.02,3000,4.96,267600,5.03,29800,4.95,232200,5.04,17800,4.94,25600,5.05,31500,4.93,23000,5.06,28900,4.92,67700,5.07,33800,4.91,62900,5.08,46200,4.9,121800,5.09,18800,1677700,1836032,16:11:43.723
000931.SZ,000931,20260421,20260421,10:58:09.000,105809000,79,4.99,5.09,5.1,4.99,5.1,5.61,4.59,6213980,3134.0254,6547,4.99,119100,5.0,32000,4.98,153500,5.01,56200,4.97,135300,5.02,3000,4.96,267600,5.03,29800,4.95,232200,5.04,17800,4.94,25600,5.05,31500,4.93,23000,5.06,28900,4.92,67700,5.07,33800,4.91,62900,5.08,46200,4.9,121800,5.09,18800,1677700,1835932,16:11:43.872
000931.SZ,000931,20260421,20260421,10:58:12.000,105812000,79,5.0,5.09,5.1,4.99,5.1,5.61,4.59,6215980,3135.0254,6548,4.99,119100,5.0,24700,4.98,153500,5.01,55100,4.97,135300,5.02,3000,4.96,267600,5.03,29800,4.95,239200,5.04,17800,4.94,25600,5.05,31500,4.93,23000,5.06,28900,4.92,67700,5.07,33800,4.91,62900,5.08,46200,4.9,121800,5.09,18800,1684700,1827532,16:11:44.012
000931.SZ,000931,20260421,20260421,10:58:15.000,105815000,79,5.0,5.09,5.1,4.99,5.1,5.61,4.59,6215980,3135.0254,6548,4.99,134800,5.0,24700,4.98,153500,5.01,55100,4.97,135300,5.02,3000,4.96,267600,5.03,29800,4.95,239200,5.04,17800,4.94,25600,5.05,31500,4.93,30500,5.06,28900,4.92,67700,5.07,33800,4.91,62900,5.08,46200,4.9,121800,5.09,18800,1707900,1827532,16:11:44.216
000931.SZ,000931,20260421,20260421,10:58:18.000,105818000,79,5.0,5.09,5.1,4.99,5.1,5.61,4.59,6215980,3135.0254,6548,4.99,135300,5.0,509300,4.98,173500,5.01,55100,4.97,135300,5.02,3000,4.96,267600,5.03,29800,4.95,239200,5.04,17800,4.94,25600,5.05,31500,4.93,30500,5.06,28900,4.92,67700,5.07,33800,4.91,62900,5.08,46200,4.9,121800,5.09,18800,1728400,2312132,16:11:44.359
000931.SZ,000931,20260421,20260421,10:58:21.000,105821000,79,4.99,5.09,5.1,4.99,5.1,5.61,4.59,6235380,3144.706,6555,4.99,115900,5.0,507300,4.98,173500,5.01,55100,4.97,135300,5.02,3000,4.96,267600,5.03,29800,4.95,239200,5.04,17800,4.94,25600,5.05,31500,4.93,30500,5.06,28900,4.92,67700,5.07,33800,4.91,62900,5.08,46200,4.9,121800,5.09,18800,1709000,2310132,16:11:44.497
000931.SZ,000931,20260421,20260421,10:58:24.000,105824000,79,4.99,5.09,5.1,4.99,5.1,5.61,4.59,6235380,3144.706,6555,4.99,115900,5.0,509500,4.98,173500,5.01,55100,4.97,135300,5.02,3000,4.96,267600,5.03,29800,4.95,239200,5.04,17800,4.94,25600,5.05,31500,4.93,30500,5.06,28900,4.92,67700,5.07,33800,4.91,62900,5.08,46200,4.9,121800,5.09,18800,1709000,2312332,16:11:44.625
000931.SZ,000931,20260421,20260421,10:58:27.000,105827000,79,4.99,5.09,5.1,4.99,5.1,5.61,4.59,6235380,3144.706,6555,4.99,117500,5.0,509600,4.98,173500,5.01,55100,4.97,135300,5.02,3000,4.96,267600,5.03,29800,4.95,239200,5.04,17800,4.94,25600,5.05,31500,4.93,30500,5.06,28900,4.92,67700,5.07,33800,4.91,62900,5.08,46200,4.9,121800,5.09,18800,1710600,2312432,16:11:44.749
000931.SZ,000931,20260421,20260421,10:58:30.000,105830000,79,4.99,5.09,5.1,4.99,5.1,5.61,4.59,6237380,3145.704,6558,4.99,115600,5.0,473100,4.98,173500,5.01,55100,4.97,135300,5.02,3000,4.96,267600,5.03,29800,4.95,239200,5.04,17800,4.94,25600,5.05,31500,4.93,30500,5.06,28900,4.92,67700,5.07,33800,4.91,62900,5.08,46200,4.9,121800,5.09,18800,1708700,2275932,16:11:44.915
000931.SZ,000931,20260421,20260421,10:58:36.000,105836000,79,4.99,5.09,5.1,4.99,5.1,5.61,4.59,6237380,3145.704,6558,4.99,116000,5.0,473100,4.98,173500,5.01,55100,4.97,135300,5.02,3000,4.96,267600,5.03,29800,4.95,239200,5.04,17800,4.94,25600,5.05,31500,4.93,30500,5.06,28900,4.92,67700,5.07,33800,4.91,62900,5.08,46200,4.9,121800,5.09,18800,1709100,2275932,16:11:45.213
000931.SZ,000931,20260421,20260421,10:58:39.000,105839000,79,4.99,5.09,5.1,4.99,5.1,5.61,4.59,6237380,3145.704,6558,4.99,116000,5.0,473100,4.98,173500,5.01,55100,4.97,135300,5.02,3000,4.96,267600,5.03,29800,4.95,238200,5.04,17800,4.94,25600,5.05,31500,4.93,30500,5.06,28900,4.92,67700,5.07,33800,4.91,62900,5.08,46200,4.9,121800,5.09,18800,1708100,2275932,16:11:45.354
000931.SZ,000931,20260421,20260421,10:58:42.000,105842000,79,5.0,5.09,5.1,4.99,5.1,5.61,4.59,6238080,3146.054,6559,4.99,117000,5.0,472400,4.98,173500,5.01,55100,4.97,135300,5.02,3000,4.96,267600,5.03,29800,4.95,236600,5.04,17800,4.94,25600,5.05,31500,4.93,30500,5.06,28900,4.92,67700,5.07,33800,4.91,62900,5.08,46200,4.9,121800,5.09,18800,1707500,2275232,16:11:45.354
000931.SZ,000931,20260421,20260421,10:58:45.000,105845000,79,4.99,5.09,5.1,4.99,5.1,5.61,4.59,6247080,3150.55,6569,4.99,113000,5.0,463400,4.98,173500,5.01,55100,4.97,135300,5.02,3000,4.96,267600,5.03,29800,4.95,236600,5.04,17800,4.94,25600,5.05,31500,4.93,30500,5.06,28900,4.92,67700,5.07,33800,4.91,62900,5.08,46200,4.9,121800,5.09,18800,1703500,2266232,16:11:45.652
000931.SZ,000931,20260421,20260421,10:58:48.000,105848000,79,4.99,5.09,5.1,4.99,5.1,5.61,4.59,6248080,3151.049,6570,4.99,112000,5.0,462400,4.98,173500,5.01,55100,4.97,143400,5.02,3000,4.96,267600,5.03,29800,4.95,236600,5.04,17800,4.94,25600,5.05,31500,4.93,30500,5.06,28900,4.92,67700,5.07,33800,4.91,63400,5.08,46200,4.9,121800,5.09,18800,1711100,2265232,16:11:45.652
000931.SZ,000931,20260421,20260421,10:58:51.000,105851000,79,5.0,5.09,5.1,4.99,5.1,5.61,4.59,6248580,3151.299,6571,4.99,112000,5.0,461900,4.98,173500,5.01,55100,4.97,143400,5.02,3000,4.96,267600,5.03,29800,4.95,236600,5.04,17800,4.94,25600,5.05,31500,4.93,30500,5.06,28900,4.92,67700,5.07,33800,4.91,63400,5.08,46200,4.9,121800,5.09,18800,1711600,2264732,16:11:45.824
000931.SZ,000931,20260421,20260421,10:58:57.000,105857000,79,5.0,5.09,5.1,4.99,5.1,5.61,4.59,6248580,3151.299,6571,4.99,112400,5.0,462200,4.98,173500,5.01,55100,4.97,143400,5.02,3000,4.96,268100,5.03,29800,4.95,236600,5.04,17800,4.94,25600,5.05,31500,4.93,30500,5.06,28900,4.92,67700,5.07,33800,4.91,63400,5.08,46200,4.9,121800,5.09,18800,1712500,2265032,16:11:46.136
000931.SZ,000931,20260421,20260421,10:59:00.000,105900000,79,5.0,5.09,5.1,4.99,5.1,5.61,4.59,6248580,3151.299,6571,4.99,118800,5.0,462200,4.98,165400,5.01,55100,4.97,143400,5.02,3000,4.96,268100,5.03,29800,4.95,237600,5.04,17800,4.94,25600,5.05,31500,4.93,30500,5.06,28900,4.92,67700,5.07,33800,4.91,63400,5.08,46200,4.9,121800,5.09,18800,1711800,2265032,16:11:46.353
000931.SZ,000931,20260421,20260421,10:59:03.000,105903000,79,4.99,5.09,5.1,4.99,5.1,5.61,4.59,6248680,3151.3489,6572,4.99,119600,5.0,462200,4.98,165400,5.01,55100,4.97,143400,5.02,3000,4.96,268100,5.03,29800,4.95,237600,5.04,17800,4.94,25600,5.05,31500,4.93,30500,5.06,28900,4.92,67700,5.07,33800,4.91,63400,5.08,46200,4.9,121800,5.09,18800,1712600,2265032,16:11:46.761
000931.SZ,000931,20260421,20260421,10:59:06.000,105906000,79,4.99,5.09,5.1,4.99,5.1,5.61,4.59,6248680,3151.3489,6572,4.99,119700,5.0,462200,4.98,165800,5.01,55100,4.97,143400,5.02,3000,4.96,268100,5.03,29800,4.95,237600,5.04,17800,4.94,25600,5.05,31500,4.93,30500,5.06,28900,4.92,67700,5.07,33800,4.91,63400,5.08,46200,4.9,121800,5.09,18800,1713100,2265032,16:11:46.761
000931.SZ,000931,20260421,20260421,10:59:15.000,105915000,79,4.99,5.09,5.1,4.99,5.1,5.61,4.59,6248680,3151.3489,6572,4.99,123400,5.0,462200,4.98,165800,5.01,55100,4.97,143400,5.02,3000,4.96,268100,5.03,29800,4.95,239600,5.04,17800,4.94,25600,5.05,31500,4.93,30500,5.06,28900,4.92,67700,5.07,33800,4.91,63400,5.08,46200,4.9,121800,5.09,18800,1718800,2265032,16:11:47.303
000931.SZ,000931,20260421,20260421,10:59:18.000,105918000,79,4.99,5.09,5.1,4.99,5.1,5.61,4.59,6248680,3151.3489,6572,4.99,127100,5.0,462200,4.98,165800,5.01,55100,4.97,143400,5.02,3000,4.96,268100,5.03,29800,4.95,239600,5.04,17800,4.94,25600,5.05,31500,4.93,30500,5.06,28900,4.92,67700,5.07,33800,4.91,63400,5.08,46200,4.9,121800,5.09,18800,1724000,2265032,16:11:47.490
000931.SZ,000931,20260421,20260421,10:59:21.000,105921000,79,4.99,5.09,5.1,4.99,5.1,5.61,4.59,6248680,3151.3489,6572,4.99,127100,5.0,462200,4.98,165800,5.01,55100,4.97,143400,5.02,3000,4.96,268100,5.03,29800,4.95,239600,5.04,17800,4.94,25600,5.05,31500,4.93,30500,5.06,28900,4.92,67700,5.07,33800,4.91,63400,5.08,46200,4.9,121800,5.09,18800,1723500,2265032,16:11:47.490
000931.SZ,000931,20260421,20260421,10:59:24.000,105924000,79,4.99,5.09,5.1,4.99,5.1,5.61,4.59,6248680,3151.3489,6572,4.99,127100,5.0,462400,4.98,165800,5.01,55100,4.97,143400,5.02,3000,4.96,268100,5.03,29800,4.95,239600,5.04,17800,4.94,25600,5.05,31500,4.93,30500,5.06,28900,4.92,67700,5.07,33800,4.91,63400,5.08,46200,4.9,121800,5.09,18800,1723500,2265232,16:11:47.664
000931.SZ,000931,20260421,20260421,10:59:27.000,105927000,79,4.99,5.09,5.1,4.99,5.1,5.61,4.59,6248680,3151.3489,6572,4.99,127200,5.0,462400,4.98,165800,5.01,55100,4.97,143400,5.02,3000,4.96,268100,5.03,39800,4.95,239600,5.04,17800,4.94,25600,5.05,31500,4.93,30500,5.06,28900,4.92,67700,5.07,33800,4.91,63400,5.08,46200,4.9,121800,5.09,18800,1723600,2275232,16:11:47.804
000931.SZ,000931,20260421,20260421,10:59:36.000,105936000,79,4.99,5.09,5.1,4.99,5.1,5.61,4.59,6248880,3151.4487,6574,4.99,128200,5.0,462400,4.98,165800,5.01,55100,4.97,143400,5.02,2900,4.96,268100,5.03,39800,4.95,239600,5.04,17800,4.94,25600,5.05,31500,4.93,30000,5.06,28900,4.92,67700,5.07,33800,4.91,63400,5.08,46200,4.9,121800,5.09,18800,1724100,2275132,16:11:48.255
000931.SZ,000931,20260421,20260421,10:59:39.000,105939000,79,4.99,5.09,5.1,4.99,5.1,5.61,4.59,6249380,3151.6986,6577,4.99,128500,5.0,462000,4.98,165800,5.01,55000,4.97,148400,5.02,2900,4.96,268100,5.03,39800,4.95,239600,5.04,17800,4.94,25600,5.05,31500,4.93,30000,5.06,28900,4.92,67700,5.07,33800,4.91,63400,5.08,46200,4.9,121800,5.09,18800,1729400,2274632,16:11:48.426
000931.SZ,000931,20260421,20260421,10:59:42.000,105942000,79,4.99,5.09,5.1,4.99,5.1,5.61,4.59,6251680,3152.8463,6579,4.99,126200,5.0,457000,4.98,165800,5.01,55000,4.97,148400,5.02,2900,4.96,268100,5.03,39800,4.95,239600,5.04,17800,4.94,25600,5.05,31500,4.93,30000,5.06,28900,4.92,67700,5.07,33800,4.91,63400,5.08,46200,4.9,121800,5.09,18800,1727100,2269632,16:11:48.599
000931.SZ,000931,20260421,20260421,10:59:45.000,105945000,79,4.99,5.09,5.1,4.99,5.1,5.61,4.59,6251680,3152.8463,6579,4.99,126200,5.0,457000,4.98,165800,5.01,55000,4.97,148400,5.02,2900,4.96,268100,5.03,39800,4.95,240100,5.04,17800,4.94,25600,5.05,31500,4.93,30000,5.06,28900,4.92,67700,5.07,33800,4.91,63400,5.08,46200,4.9,121800,5.09,18800,1727600,2269632,16:11:48.761
000931.SZ,000931,20260421,20260421,10:59:48.000,105948000,79,4.99,5.09,5.1,4.99,5.1,5.61,4.59,6251680,3152.8463,6579,4.99,122500,5.0,461500,4.98,165800,5.01,55000,4.97,148400,5.02,2900,4.96,268100,5.03,39800,4.95,240100,5.04,17800,4.94,25600,5.05,31500,4.93,30000,5.06,28900,4.92,67700,5.07,33800,4.91,63400,5.08,46200,4.9,121800,5.09,18800,1773900,2274132,16:11:48.761
000931.SZ,000931,20260421,20260421,10:59:51.000,105951000,79,4.99,5.09,5.1,4.99,5.1,5.61,4.59,6311380,3182.6366,6620,4.99,68300,5.0,461500,4.98,165800,5.01,55000,4.97,148900,5.02,2900,4.96,268100,5.03,39800,4.95,240100,5.04,17800,4.94,25600,5.05,31500,4.93,30000,5.06,28900,4.92,67700,5.07,33800,4.91,63400,5.08,46200,4.9,121800,5.09,18800,1720200,2274132,16:11:48.946
000931.SZ,000931,20260421,20260421,10:59:54.000,105954000,79,4.99,5.09,5.1,4.99,5.1,5.61,4.59,6311580,3182.7364,6622,4.99,69000,5.0,461500,4.98,165800,5.01,55000,4.97,148900,5.02,2900,4.96,268100,5.03,39800,4.95,240100,5.04,17800,4.94,25600,5.05,31500,4.93,30000,5.06,28900,4.92,67700,5.07,33800,4.91,63400,5.08,46200,4.9,121800,5.09,18800,1720900,2274132,16:11:49.089
000931.SZ,000931,20260421,20260421,10:59:57.000,105957000,79,4.99,5.09,5.1,4.99,5.1,5.61,4.59,6311580,3182.7364,6622,4.99,71600,5.0,461500,4.98,165800,5.01,55000,4.97,148900,5.02,2900,4.96,268100,5.03,39800,4.95,240100,5.04,17800,4.94,25600,5.05,31500,4.93,30000,5.06,28900,4.92,67700,5.07,33800,4.91,63400,5.08,46200,4.9,122300,5.09,18800,1724000,2274132,16:11:49.277
000931.SZ,000931,20260421,20260421,11:00:00.000,110000000,79,4.99,5.09,5.1,4.99,5.1,5.61,4.59,6311580,3182.7364,6622,4.99,71900,5.0,461500,4.98,165800,5.01,55000,4.97,148900,5.02,2900,4.96,268100,5.03,39800,4.95,240100,5.04,17800,4.94,25600,5.05,31500,4.93,30000,5.06,28900,4.92,67700,5.07,33800,4.91,63400,5.08,46200,4.9,122300,5.09,18800,1724300,2274132,16:11:49.277
000931.SZ,000931,20260421,20260421,11:00:03.000,110003000,79,4.99,5.09,5.1,4.99,5.1,5.61,4.59,6312080,3182.9859,6623,4.99,72400,5.0,462000,4.98,165800,5.01,55000,4.97,148900,5.02,2900,4.96,268100,5.03,39800,4.95,240100,5.04,17800,4.94,25600,5.05,31500,4.93,30000,5.06,28900,4.92,67700,5.07,33800,4.91,63400,5.08,46200,4.9,122300,5.09,18800,1724800,2274632,16:11:49.638
000931.SZ,000931,20260421,20260421,11:00:06.000,110006000,79,4.99,5.09,5.1,4.99,5.1,5.61,4.59,6312480,3183.1855,6624,4.99,72800,5.0,462000,4.98,167800,5.01,54600,4.97,148900,5.02,2900,4.96,273100,5.03,39800,4.95,240100,5.04,17800,4.94,25600,5.05,31500,4.93,30000,5.06,28900,4.92,67700,5.07,33800,4.91,63400,5.08,46200,4.9,122300,5.09,18800,1732200,2274232,16:11:49.748
000931.SZ,000931,20260421,20260421,11:00:09.000,110009000,79,4.99,5.09,5.1,4.99,5.1,5.61,4.59,6312480,3183.1855,6624,4.99,73800,5.0,462000,4.98,167800,5.01,54600,4.97,148900,5.02,2900,4.96,273100,5.03,39800,4.95,240100,5.04,17800,4.94,25600,5.05,31500,4.93,30000,5.06,28900,4.92,67700,5.07,33800,4.91,63400,5.08,46200,4.9,122300,5.09,18800,1733200,2274232,16:11:49.929
000931.SZ,000931,20260421,20260421,11:00:12.000,110012000,79,4.99,5.09,5.1,4.99,5.1,5.61,4.59,6312480,3183.1855,6624,4.99,73900,5.0,462100,4.98,164800,5.01,54600,4.97,148900,5.02,2900,4.96,273100,5.03,39800,4.95,240100,5.04,17800,4.94,25600,5.05,31500,4.93,30000,5.06,28900,4.92,67700,5.07,33800,4.91,63400,5.08,46200,4.9,122300,5.09,18800,1731300,2274332,16:11:49.929
000931.SZ,000931,20260421,20260421,11:00:15.000,110015000,79,4.99,5.09,5.1,4.99,5.1,5.61,4.59,6312480,3183.1855,6624,4.99,73900,5.0,462200,4.98,171400,5.01,54600,4.97,148900,5.02,2900,4.96,273100,5.03,39800,4.95,240100,5.04,17800,4.94,25600,5.05,31500,4.93,30000,5.06,28900,4.92,67700,5.07,33800,4.91,63400,5.08,46200,4.9,122300,5.09,18800,1737900,2274432,16:11:50.165
000931.SZ,000931,20260421,20260421,11:00:18.000,110018000,79,4.99,5.09,5.1,4.99,5.1,5.61,4.59,6312480,3183.1855,6624,4.99,74000,5.0,462400,4.98,171400,5.01,54600,4.97,148900,5.02,2900,4.96,273100,5.03,39800,4.95,240100,5.04,17800,4.94,25600,5.05,31500,4.93,30000,5.06,28900,4.92,67700,5.07,33800,4.91,63400,5.08,46200,4.9,122300,5.09,18800,1738000,2274632,16:11:50.353
000931.SZ,000931,20260421,20260421,11:00:21.000,110021000,79,4.99,5.09,5.1,4.99,5.1,5.61,4.59,6312480,3183.1855,6624,4.99,74200,5.0,462500,4.98,171400,5.01,54600,4.97,145900,5.02,2900,4.96,273100,5.03,39800,4.95,240100,5.04,17800,4.94,25600,5.05,31500,4.93,30000,5.06,28900,4.92,67700,5.07,33800,4.91,63400,5.08,46200,4.9,122300,5.09,18800,1735200,2274732,16:11:50.557
000931.SZ,000931,20260421,20260421,11:00:24.000,110024000,79,4.99,5.09,5.1,4.99,5.1,5.61,4.59,6312480,3183.1855,6624,4.99,78300,5.0,462600,4.98,171400,5.01,54600,4.97,145900,5.02,2900,4.96,273100,5.03,39800,4.95,240100,5.04,17800,4.94,25600,5.05,31500,4.93,30000,5.06,28900,4.92,67700,5.07,33800,4.91,63400,5.08,46200,4.9,122300,5.09,18800,1739300,2274832,16:11:50.557
000931.SZ,000931,20260421,20260421,11:00:27.000,110027000,79,4.99,5.09,5.1,4.99,5.1,5.61,4.59,6315280,3184.5827,6625,4.99,75600,5.0,462700,4.98,171500,5.01,54600,4.97,145900,5.02,2900,4.96,273100,5.03,39800,4.95,240100,5.04,17800,4.94,25600,5.05,31500,4.93,30000,5.06,28900,4.92,67700,5.07,33800,4.91,63400,5.08,46200,4.9,122300,5.09,18800,1735700,2274932,16:11:50.731
000931.SZ,000931,20260421,20260421,11:00:30.000,110030000,79,4.99,5.09,5.1,4.99,5.1,5.61,4.59,6315280,3184.5827,6625,4.99,91800,5.0,462800,4.98,171500,5.01,54600,4.97,145900,5.02,2900,4.96,273100,5.03,39800,4.95,240100,5.04,17800,4.94,25600,5.05,31500,4.93,30000,5.06,28900,4.92,67700,5.07,33800,4.91,63400,5.08,46200,4.9,122300,5.09,18800,1751900,2275032,16:11:50.973
000931.SZ,000931,20260421,20260421,11:00:33.000,110033000,79,4.99,5.09,5.1,4.99,5.1,5.61,4.59,6315280,3184.5827,6625,4.99,92000,5.0,462800,4.98,176500,5.01,54600,4.97,146000,5.02,2900,4.96,273100,5.03,39800,4.95,240100,5.04,17800,4.94,25600,5.05,31500,4.93,31200,5.06,28900,4.92,67700,5.07,33800,4.91,63400,5.08,46200,4.9,125300,5.09,18800,1761400,2275032,16:11:51.116
000931.SZ,000931,20260421,20260421,11:00:36.000,110036000,79,4.99,5.09,5.1,4.99,5.1,5.61,4.59,6315280,3184.5827,6625,4.99,93600,5.0,462800,4.98,176500,5.01,54600,4.97,146000,5.02,2900,4.96,273100,5.03,39800,4.95,240300,5.04,17800,4.94,25600,5.05,31500,4.93,31200,5.06,28900,4.92,67700,5.07,33800,4.91,63400,5.08,46200,4.9,125300,5.09,18800,1763200,2275032,16:11:51.290
000931.SZ,000931,20260421,20260421,11:00:39.000,110039000,79,4.99,5.09,5.1,4.99,5.1,5.61,4.59,6315280,3184.5827,6625,4.99,93600,5.0,462800,4.98,176500,5.01,54600,4.97,146000,5.02,2900,4.96,275100,5.03,39800,4.95,240300,5.04,17800,4.94,25600,5.05,31500,4.93,31200,5.06,28900,4.92,67700,5.07,33800,4.91,63400,5.08,46200,4.9,125300,5.09,18800,1765200,2275032,16:11:51.446
000931.SZ,000931,20260421,20260421,11:00:42.000,110042000,79,4.99,5.09,5.1,4.99,5.1,5.61,4.59,6315280,3184.5827,6625,4.99,93600,5.0,462800,4.98,176500,5.01,54600,4.97,146000,5.02,2900,4.96,275200,5.03,39800,4.95,240300,5.04,17800,4.94,25600,5.05,31500,4.93,31200,5.06,28900,4.92,67700,5.07,33800,4.91,63400,5.08,46200,4.9,125300,5.09,18800,1765300,2275032,16:11:51.602
000931.SZ,000931,20260421,20260421,11:00:45.000,110045000,79,4.99,5.09,5.1,4.99,5.1,5.61,4.59,6315280,3184.5827,6625,4.99,98700,5.0,462800,4.98,171500,5.01,54600,4.97,146000,5.02,2900,4.96,275200,5.03,39800,4.95,240300,5.04,17800,4.94,25600,5.05,31500,4.93,31200,5.06,28900,4.92,67700,5.07,33800,4.91,63400,5.08,46200,4.9,125300,5.09,18800,1765400,2275032,16:11:51.743
000931.SZ,000931,20260421,20260421,11:00:51.000,110051000,79,4.99,5.09,5.1,4.99,5.1,5.61,4.59,6315280,3184.5827,6625,4.99,92300,5.0,462800,4.98,171500,5.01,54600,4.97,146000,5.02,2900,4.96,275200,5.03,39800,4.95,240400,5.04,17800,4.94,25600,5.05,31500,4.93,31200,5.06,28900,4.92,67700,5.07,33800,4.91,63400,5.08,46200,4.9,125300,5.09,18800,1760200,2275032,16:11:52.050
000931.SZ,000931,20260421,20260421,11:00:54.000,110054000,79,5.0,5.09,5.1,4.99,5.1,5.61,4.59,6315780,3184.8327,6628,4.99,92400,5.0,462400,4.98,171500,5.01,54600,4.97,146000,5.02,2900,4.96,275200,5.03,41000,4.95,240400,5.04,17800,4.94,25600,5.05,31500,4.93,37400,5.06,28900,4.92,67700,5.07,33800,4.91,63400,5.08,46200,4.9,125300,5.09,18800,1766500,2275832,16:11:52.213
000931.SZ,000931,20260421,20260421,11:00:57.000,110057000,79,5.0,5.09,5.1,4.99,5.1,5.61,4.59,6315780,3184.8327,6628,4.99,92600,5.0,462400,4.98,171500,5.01,54600,4.97,146000,5.02,2900,4.96,275200,5.03,41000,4.95,240400,5.04,17800,4.94,25600,5.05,31500,4.93,37400,5.06,28900,4.92,67700,5.07,33800,4.91,63400,5.08,46200,4.9,125300,5.09,18800,1766700,2275832,16:11:52.398
000931.SZ,000931,20260421,20260421,11:01:00.000,110100000,79,5.0,5.09,5.1,4.99,5.1,5.61,4.59,6315780,3184.8327,6628,4.99,94400,5.0,462400,4.98,171500,5.01,54600,4.97,146000,5.02,2900,4.96,275200,5.03,41000,4.95,240400,5.04,17800,4.94,25600,5.05,31500,4.93,37400,5.06,28900,4.92,67700,5.07,33800,4.91,63400,5.08,46200,4.9,125300,5.09,18800,1769000,2275832,16:11:52.616
000931.SZ,000931,20260421,20260421,11:01:03.000,110103000,79,5.0,5.09,5.1,4.99,5.1,5.61,4.59,6325780,3189.8327,6649,4.99,94400,5.0,456400,4.98,171500,5.01,54600,4.97,146000,5.02,2900,4.96,275200,5.03,41000,4.95,240400,5.04,17800,4.94,25600,5.05,31500,4.93,37400,5.06,28900,4.92,67700,5.07,33800,4.91,63400,5.08,46200,4.9,125300,5.09,18800,1769000,2269832,16:11:52.729
000931.SZ,000931,20260421,20260421,11:01:06.000,110106000,79,5.0,5.09,5.1,4.99,5.1,5.61,4.59,6325780,3189.8327,6649,4.99,94400,5.0,477300,4.98,171500,5.01,54600,4.97,146000,5.02,2900,4.96,275200,5.03,41000,4.95,240400,5.04,17800,4.94,25600,5.05,31500,4.93,37400,5.06,28900,4.92,67700,5.07,33800,4.91,63400,5.08,46200,4.9,125300,5.09,18800,1769000,2290732,16:11:53.007
000931.SZ,000931,20260421,20260421,11:01:12.000,110112000,79,5.0,5.09,5.1,4.99,5.1,5.61,4.59,6325780,3189.8327,6649,4.99,95500,5.0,477300,4.98,171500,5.01,54600,4.97,149000,5.02,2900,4.96,275200,5.03,41000,4.95,250400,5.04,17800,4.94,25600,5.05,31500,4.93,37400,5.06,28900,4.92,67700,5.07,33800,4.91,63400,5.08,46200,4.9,125300,5.09,18800,1783100,2290732,16:11:53.240
000931.SZ,000931,20260421,20260421,11:01:15.000,110115000,79,5.0,5.09,5.1,4.99,5.1,5.61,4.59,6325780,3189.8327,6649,4.99,95500,5.0,481000,4.98,171500,5.01,54600,4.97,149000,5.02,2900,4.96,275200,5.03,41000,4.95,250400,5.04,17800,4.94,25600,5.05,31500,4.93,37400,5.06,28900,4.92,67700,5.07,33800,4.91,63400,5.08,46200,4.9,125300,5.09,18800,1783100,2294432,16:11:53.376
000931.SZ,000931,20260421,20260421,11:01:18.000,110118000,79,5.0,5.09,5.1,4.99,5.1,5.61,4.59,6325780,3189.8327,6649,4.99,95500,5.0,509300,4.98,171500,5.01,54600,4.97,149000,5.02,2900,4.96,275200,5.03,41000,4.95,250400,5.04,17800,4.94,25600,5.05,31500,4.93,37400,5.06,28900,4.92,67700,5.07,33800,4.91,63400,5.08,46200,4.9,125300,5.09,18800,1783100,2322732,16:11:53.402
000931.SZ,000931,20260421,20260421,11:01:21.000,110121000,79,5.0,5.09,5.1,4.99,5.1,5.61,4.59,6325780,3189.8327,6649,4.99,95500,5.0,509300,4.98,171500,5.01,54600,4.97,149000,5.02,2900,4.96,275200,5.03,41000,4.95,250400,5.04,17800,4.94,25600,5.05,31500,4.93,37400,5.06,28900,4.92,67700,5.07,33800,4.91,63400,5.08,46200,4.9,122300,5.09,18800,1780100,2322732,16:11:53.402
000931.SZ,000931,20260421,20260421,11:01:30.000,110130000,79,4.99,5.09,5.1,4.99,5.1,5.61,4.59,6328280,3191.0802,6655,4.99,88400,5.0,509400,4.98,171500,5.01,54600,4.97,149000,5.02,2900,4.96,275200,5.03,41000,4.95,250400,5.04,17800,4.94,25600,5.05,31500,4.93,37400,5.06,28900,4.92,67700,5.07,33800,4.91,63400,5.08,46200,4.9,122300,5.09,18800,1773000,2322832,16:11:53.841
000931.SZ,000931,20260421,20260421,11:01:33.000,110133000,79,4.99,5.09,5.1,4.99,5.1,5.61,4.59,6328280,3191.0802,6655,4.99,91400,5.0,509500,4.98,171500,5.01,54600,4.97,149000,5.02,2900,4.96,275200,5.03,41000,4.95,250400,5.04,17800,4.94,25600,5.05,31500,4.93,37400,5.06,28900,4.92,67700,5.07,33800,4.91,63400,5.08,46200,4.9,122300,5.09,18800,1776000,2322932,16:11:53.991
000931.SZ,000931,20260421,20260421,11:01:42.000,110142000,79,4.99,5.09,5.1,4.99,5.1,5.61,4.59,6328280,3191.0802,6655,4.99,91400,5.0,486500,4.98,171500,5.01,54600,4.97,150000,5.02,2900,4.96,275200,5.03,41000,4.95,250400,5.04,17800,4.94,25600,5.05,31500,4.93,37400,5.06,28900,4.92,67700,5.07,33800,4.91,63400,5.08,46200,4.9,122300,5.09,18800,1776000,2299932,16:11:54.480
000931.SZ,000931,20260421,20260421,11:01:45.000,110145000,79,4.99,5.09,5.1,4.99,5.1,5.61,4.59,6328280,3191.0802,6655,4.99,91900,5.0,486500,4.98,171500,5.01,54600,4.97,150000,5.02,2900,4.96,277200,5.03,41000,4.95,250400,5.04,17800,4.94,25600,5.05,31500,4.93,37400,5.06,28900,4.92,67700,5.07,33800,4.91,63400,5.08,46200,4.9,122300,5.09,18800,1778500,2299932,16:11:54.620
000931.SZ,000931,20260421,20260421,11:01:54.000,110154000,79,4.99,5.09,5.1,4.99,5.1,5.61,4.59,6328280,3191.0802,6655,4.99,91900,5.0,486500,4.98,172700,5.01,54600,4.97,150000,5.02,2900,4.96,277200,5.03,41000,4.95,250400,5.04,17800,4.94,25600,5.05,31500,4.93,37400,5.06,28900,4.92,67700,5.07,33800,4.91,63400,5.08,46200,4.9,122300,5.09,18800,1779700,2299932,16:11:54.934
000931.SZ,000931,20260421,20260421,11:01:57.000,110157000,79,4.99,5.09,5.1,4.99,5.1,5.61,4.59,6328280,3191.0802,6655,4.99,93000,5.0,486500,4.98,172700,5.01,54600,4.97,150000,5.02,2900,4.96,277200,5.03,41000,4.95,250400,5.04,17800,4.94,25600,5.05,31500,4.93,37400,5.06,28900,4.92,67700,5.07,33800,4.91,63400,5.08,46200,4.9,122300,5.09,18800,1780800,2299932,16:11:55.230
000931.SZ,000931,20260421,20260421,11:02:00.000,110200000,79,4.99,5.09,5.1,4.99,5.1,5.61,4.59,6328280,3191.0802,6655,4.99,93000,5.0,486600,4.98,172700,5.01,54600,4.97,150000,5.02,2900,4.96,277200,5.03,41000,4.95,250400,5.04,17800,4.94,25600,5.05,31500,4.93,37400,5.06,28900,4.92,67700,5.07,33800,4.91,63400,5.08,46200,4.9,122300,5.09,18800,1780800,2300032,16:11:55.383
000931.SZ,000931,20260421,20260421,11:02:03.000,110203000,79,4.99,5.09,5.1,4.99,5.1,5.61,4.59,6329980,3191.9285,6658,4.99,92200,5.0,486600,4.98,172700,5.01,54600,4.97,150000,5.02,2900,4.96,277300,5.03,41000,4.95,250400,5.04,17800,4.94,25600,5.05,31500,4.93,37400,5.06,28900,4.92,67700,5.07,33800,4.91,63400,5.08,46200,4.9,122300,5.09,18800,1780100,2300032,16:11:55.556
000931.SZ,000931,20260421,20260421,11:02:06.000,110206000,79,4.99,5.09,5.1,4.99,5.1,5.61,4.59,6332180,3193.0263,6659,4.99,90000,5.0,486600,4.98,172700,5.01,54600,4.97,150000,5.02,2900,4.96,277300,5.03,41000,4.95,250400,5.04,17800,4.94,25600,5.05,31500,4.93,37400,5.06,28900,4.92,67700,5.07,33800,4.91,63400,5.08,46200,4.9,122300,5.09,18800,1778000,2300032,16:11:55.745
000931.SZ,000931,20260421,20260421,11:02:12.000,110212000,79,4.99,5.09,5.1,4.99,5.1,5.61,4.59,6332180,3193.0263,6659,4.99,90100,5.0,491200,4.98,172700,5.01,54600,4.97,150000,5.02,2900,4.96,287300,5.03,41000,4.95,250400,5.04,17800,4.94,25600,5.05,31500,4.93,37400,5.06,28900,4.92,67700,5.07,33800,4.91,63400,5.08,46200,4.9,122300,5.09,18800,1788100,2304632,16:11:56.020
000931.SZ,000931,20260421,20260421,11:02:15.000,110215000,79,4.99,5.09,5.1,4.99,5.1,5.61,4.59,6332180,3193.0263,6659,4.99,90100,5.0,491300,4.98,223400,5.01,54600,4.97,150000,5.02,2900,4.96,287300,5.03,41000,4.95,250400,5.04,17800,4.94,25600,5.05,31500,4.93,37400,5.06,28900,4.92,67700,5.07,33800,4.91,63400,5.08,46200,4.9,122300,5.09,18800,1838800,2309732,16:11:56.209
000931.SZ,000931,20260421,20260421,11:02:18.000,110218000,79,4.99,5.09,5.1,4.99,5.1,5.61,4.59,6332180,3193.0263,6659,4.99,90300,5.0,491800,4.98,223400,5.01,54600,4.97,150000,5.02,2900,4.96,287300,5.03,41000,4.95,250400,5.04,17800,4.94,25600,5.05,31500,4.93,37400,5.06,28900,4.92,67700,5.07,33800,4.91,63400,5.08,46200,4.9,122300,5.09,18800,1839000,2310232,16:11:56.319
000931.SZ,000931,20260421,20260421,11:02:24.000,110224000,79,4.99,5.09,5.1,4.99,5.1,5.61,4.59,6332180,3193.0263,6659,4.99,91200,5.0,493300,4.98,223400,5.01,54600,4.97,150000,5.02,2900,4.96,287300,5.03,41000,4.95,250400,5.04,17800,4.94,25600,5.05,31500,4.93,37400,5.06,28900,4.92,67700,5.07,33800,4.91,63400,5.08,46200,4.9,122300,5.09,18800,1839900,2311732,16:11:56.587
000931.SZ,000931,20260421,20260421,11:02:27.000,110227000,79,4.99,5.09,5.1,4.99,5.1,5.61,4.59,6332180,3193.0263,6659,4.99,91500,5.0,495000,4.98,223400,5.01,54600,4.97,150000,5.02,3000,4.96,287300,5.03,41000,4.95,250400,5.04,17800,4.94,25600,5.05,31500,4.93,37400,5.06,28900,4.92,67700,5.07,33800,4.91,63400,5.08,46200,4.9,122300,5.09,18800,1840200,2313532,16:11:56.855
000931.SZ,000931,20260421,20260421,11:02:30.000,110230000,79,4.99,5.09,5.1,4.99,5.1,5.61,4.59,6332180,3193.0263,6659,4.99,99400,5.0,495300,4.98,223400,5.01,54600,4.97,155000,5.02,3000,4.96,287300,5.03,41000,4.95,250400,5.04,17800,4.94,25600,5.05,31500,4.93,37400,5.06,28900,4.92,67700,5.07,33800,4.91,63400,5.08,46200,4.9,122300,5.09,18800,1853100,2313832,16:11:56.986
000931.SZ,000931,20260421,20260421,11:02:33.000,110233000,79,4.99,5.09,5.1,4.99,5.1,5.61,4.59,6332180,3193.0263,6659,4.99,99400,5.0,495500,4.98,223400,5.01,54600,4.97,155000,5.02,3000,4.96,287300,5.03,41000,4.95,250900,5.04,17800,4.94,25600,5.05,31500,4.93,37400,5.06,28900,4.92,67700,5.07,33800,4.91,63400,5.08,46200,4.9,122300,5.09,18800,1853600,2314032,16:11:57.161
000931.SZ,000931,20260421,20260421,11:02:36.000,110236000,79,4.99,5.09,5.1,4.99,5.1,5.61,4.59,6332180,3193.0263,6659,4.99,104400,5.0,495500,4.98,223400,5.01,54600,4.97,155000,5.02,3000,4.96,287300,5.03,41000,4.95,250900,5.04,17800,4.94,25600,5.05,31500,4.93,37400,5.06,28900,4.92,67700,5.07,33800,4.91,63400,5.08,46200,4.9,122300,5.09,18800,1858600,2314032,16:11:57.161
000931.SZ,000931,20260421,20260421,11:02:39.000,110239000,79,4.99,5.09,5.1,4.99,5.1,5.61,4.59,6332180,3193.0263,6659,4.99,104400,5.0,496500,4.98,223400,5.01,54600,4.97,155000,5.02,3000,4.96,287300,5.03,41000,4.95,250900,5.04,17800,4.94,25600,5.05,31500,4.93,37400,5.06,28900,4.92,67700,5.07,33800,4.91,63400,5.08,46200,4.9,122300,5.09,18800,1858600,2315032,16:11:57.367
000931.SZ,000931,20260421,20260421,11:02:42.000,110242000,79,4.99,5.09,5.1,4.99,5.1,5.61,4.59,6332180,3193.0263,6659,4.99,104400,5.0,496500,4.98,223400,5.01,54600,4.97,154700,5.02,3000,4.96,287300,5.03,41000,4.95,250900,5.04,17800,4.94,25600,5.05,31500,4.93,37400,5.06,28900,4.92,67700,5.07,33800,4.91,63400,5.08,46200,4.9,122300,5.09,18800,1858300,2315032,16:11:57.463
000931.SZ,000931,20260421,20260421,11:02:48.000,110248000,79,4.99,5.09,5.1,4.99,5.1,5.61,4.59,6332180,3193.0263,6659,4.99,104600,5.0,492000,4.98,223400,5.01,54600,4.97,154700,5.02,3000,4.96,287300,5.03,41000,4.95,250900,5.04,17800,4.94,25600,5.05,31500,4.93,37400,5.06,28900,4.92,67700,5.07,33800,4.91,63400,5.08,46200,4.9,122300,5.09,18800,1858500,2310532,16:11:57.837
000931.SZ,000931,20260421,20260421,11:02:51.000,110251000,79,5.0,5.09,5.1,4.99,5.1,5.61,4.59,6333680,3193.7763,6670,4.99,112000,5.0,495000,4.98,172700,5.01,54600,4.97,154700,5.02,3000,4.96,287300,5.03,31000,4.95,250900,5.04,17800,4.94,25600,5.05,31500,4.93,37400,5.06,28900,4.92,67700,5.07,33800,4.91,63400,5.08,46200,4.9,122300,5.09,18800,1815200,2303532,16:11:58.034
000931.SZ,000931,20260421,20260421,11:02:57.000,110257000,79,5.0,5.09,5.1,4.99,5.1,5.61,4.59,6333680,3193.7763,6670,4.99,112900,5.0,490700,4.98,172700,5.01,54600,4.97,154700,5.02,3000,4.96,287300,5.03,31000,4.95,250900,5.04,17800,4.94,25600,5.05,31500,4.93,37400,5.06,28900,4.92,67700,5.07,33800,4.91,63400,5.08,46200,4.9,122300,5.09,18800,1816100,2299232,16:11:58.193
000931.SZ,000931,20260421,20260421,11:03:00.000,110300000,79,4.99,5.09,5.1,4.99,5.1,5.61,4.59,6334680,3194.2753,6671,4.99,116100,5.0,491700,4.98,172700,5.01,54600,4.97,154700,5.02,3000,4.96,287300,5.03,31000,4.95,250900,5.04,17800,4.94,25600,5.05,31500,4.93,37400,5.06,28900,4.92,67700,5.07,33800,4.91,63400,5.08,46200,4.9,122300,5.09,18800,1819300,2302532,16:11:58.396
000931.SZ,000931,20260421,20260421,11:03:03.000,110303000,79,4.99,5.09,5.1,4.99,5.1,5.61,4.59,6334680,3194.2753,6671,4.99,117000,5.0,491700,4.98,172700,5.01,54600,4.97,154700,5.02,3000,4.96,287300,5.03,31000,4.95,250900,5.04,17800,4.94,25600,5.05,31500,4.93,37400,5.06,28900,4.92,67700,5.07,33800,4.91,63400,5.08,46200,4.9,122300,5.09,18800,1820200,2302532,16:11:58.568
000931.SZ,000931,20260421,20260421,11:03:06.000,110306000,79,4.99,5.09,5.1,4.99,5.1,5.61,4.59,6334680,3194.2753,6671,4.99,117500,5.0,491700,4.98,172700,5.01,54600,4.97,154700,5.02,3000,4.96,287300,5.03,31000,4.95,250900,5.04,17800,4.94,25600,5.05,31500,4.93,37400,5.06,28900,4.92,67700,5.07,33800,4.91,63400,5.08,46200,4.9,122300,5.09,18800,1820700,2302532,16:11:58.835
000931.SZ,000931,20260421,20260421,11:03:09.000,110309000,79,4.99,5.09,5.1,4.99,5.1,5.61,4.59,6334780,3194.3252,6672,4.99,117400,5.0,491600,4.98,172700,5.01,54600,4.97,154700,5.02,3000,4.96,287300,5.03,31000,4.95,250900,5.04,17800,4.94,25600,5.05,31500,4.93,37400,5.06,28900,4.92,67700,5.07,33800,4.91,63400,5.08,46200,4.9,122300,5.09,18800,1820600,2302432,16:11:58.930
000931.SZ,000931,20260421,20260421,11:03:12.000,110312000,79,5.0,5.09,5.1,4.99,5.1,5.61,4.59,6335380,3194.6252,6673,4.99,117400,5.0,491000,4.98,172700,5.01,54600,4.97,156100,5.02,3000,4.96,287300,5.03,31000,4.95,250900,5.04,17800,4.94,25600,5.05,31500,4.93,37400,5.06,28900,4.92,67700,5.07,33800,4.91,63400,5.08,46200,4.9,122300,5.09,18800,1822000,2301832,16:11:59.175
000931.SZ,000931,20260421,20260421,11:03:18.000,110318000,79,5.0,5.09,5.1,4.99,5.1,5.61,4.59,6335380,3194.6252,6673,4.99,117400,5.0,493900,4.98,172700,5.01,54600,4.97,156100,5.02,3000,4.96,287300,5.03,31000,4.95,250900,5.04,17800,4.94,25600,5.05,31500,4.93,37400,5.06,28900,4.92,67700,5.07,33800,4.91,63400,5.08,46200,4.9,122300,5.09,18800,1822000,2304732,16:11:59.426
000931.SZ,000931,20260421,20260421,11:03:24.000,110324000,79,5.0,5.09,5.1,4.99,5.1,5.61,4.59,6335380,3194.6252,6673,4.99,117400,5.0,493900,4.98,172700,5.01,54600,4.97,156100,5.02,3000,4.96,282300,5.03,31000,4.95,250900,5.04,17800,4.94,25600,5.05,31500,4.93,37400,5.06,28900,4.92,67700,5.07,33800,4.91,63400,5.08,46200,4.9,122300,5.09,18800,1817000,2304732,16:11:59.760
000931.SZ,000931,20260421,20260421,11:03:27.000,110327000,79,5.0,5.09,5.1,4.99,5.1,5.61,4.59,6335380,3194.6252,6673,4.99,118400,5.0,493900,4.98,172700,5.01,54600,4.97,156100,5.02,3000,4.96,282300,5.03,31000,4.95,250900,5.04,17800,4.94,25600,5.05,31500,4.93,37400,5.06,28900,4.92,67700,5.07,33800,4.91,63400,5.08,46200,4.9,122300,5.09,18800,1818000,2304732,16:11:59.913
000931.SZ,000931,20260421,20260421,11:03:30.000,110330000,79,5.0,5.09,5.1,4.99,5.1,5.61,4.59,6337380,3195.6252,6674,4.99,118600,5.0,491900,4.98,172700,5.01,54600,4.97,156100,5.02,3000,4.96,282300,5.03,31000,4.95,250900,5.04,17800,4.94,25600,5.05,31500,4.93,37400,5.06,28900,4.92,67700,5.07,33800,4.91,63400,5.08,46200,4.9,122300,5.09,18800,1818200,2302732,16:12:00.079
000931.SZ,000931,20260421,20260421,11:03:39.000,110339000,79,5.0,5.09,5.1,4.99,5.1,5.61,4.59,6338980,3196.4252,6675,4.99,118600,5.0,490300,4.98,172700,5.01,54600,4.97,156100,5.02,3000,4.96,282300,5.03,31000,4.95,252500,5.04,17800,4.94,25600,5.05,31500,4.93,37400,5.06,28900,4.92,67700,5.07,33800,4.91,63400,5.08,46200,4.9,122300,5.09,18800,1824800,2301132,16:12:00.457
000931.SZ,000931,20260421,20260421,11:03:45.000,110345000,79,5.0,5.09,5.1,4.99,5.1,5.61,4.59,6338980,3196.4252,6675,4.99,128600,5.0,490300,4.98,172700,5.01,54600,4.97,156100,5.02,3000,4.96,282300,5.03,31000,4.95,252500,5.04,17800,4.94,25600,5.05,31500,4.93,37400,5.06,28900,4.92,67700,5.07,33800,4.91,63400,5.08,46200,4.9,122300,5.09,18800,1834800,2301132,16:12:00.723
000931.SZ,000931,20260421,20260421,11:03:48.000,110348000,79,5.0,5.09,5.1,4.99,5.1,5.61,4.59,6338980,3196.4252,6675,4.99,128800,5.0,490300,4.98,172700,5.01,54600,4.97,156100,5.02,3000,4.96,282300,5.03,31000,4.95,252500,5.04,17800,4.94,25600,5.05,31500,4.93,37400,5.06,28900,4.92,67700,5.07,33800,4.91,63400,5.08,46200,4.9,122300,5.09,18800,1835000,2301132,16:12:00.927
000931.SZ,000931,20260421,20260421,11:03:51.000,110351000,79,5.0,5.09,5.1,4.99,5.1,5.61,4.59,6340980,3197.4252,6676,4.99,121800,5.0,488300,4.98,172700,5.01,54600,4.97,156100,5.02,3000,4.96,282300,5.03,31000,4.95,252500,5.04,17800,4.94,25600,5.05,31500,4.93,37400,5.06,28900,4.92,67700,5.07,33800,4.91,63400,5.08,46200,4.9,122300,5.09,18800,1828000,2299132,16:12:01.064
000931.SZ,000931,20260421,20260421,11:04:00.000,110400000,79,5.0,5.09,5.1,4.99,5.1,5.61,4.59,6345080,3199.4726,6692,4.99,119300,5.0,486800,4.98,172700,5.01,54600,4.97,156100,5.02,3000,4.96,282300,5.03,31000,4.95,252500,5.04,17800,4.94,25600,5.05,31500,4.93,37400,5.06,28900,4.92,67700,5.07,33800,4.91,63400,5.08,46200,4.9,122300,5.09,18800,1825500,2297632,16:12:01.612
000931.SZ,000931,20260421,20260421,11:04:03.000,110403000,79,5.0,5.09,5.1,4.99,5.1,5.61,4.59,6345080,3199.4726,6692,4.99,119100,5.0,486800,4.98,172700,5.01,54600,4.97,156100,5.02,3000,4.96,282300,5.03,31000,4.95,252500,5.04,17800,4.94,25600,5.05,31500,4.93,37400,5.06,28900,4.92,67700,5.07,33800,4.91,63400,5.08,46200,4.9,122300,5.09,18800,1825300,2297632,16:12:01.895
000931.SZ,000931,20260421,20260421,11:04:06.000,110406000,79,5.0,5.09,5.1,4.99,5.1,5.61,4.59,6345080,3199.4726,6692,4.99,119100,5.0,489300,4.98,172700,5.01,54600,4.97,156100,5.02,3000,4.96,282300,5.03,31000,4.95,252500,5.04,17800,4.94,25600,5.05,31500,4.93,37400,5.06,28900,4.92,67700,5.07,33800,4.91,63400,5.08,46200,4.9,122300,5.09,18800,1825300,2300132,16:12:02.005
000931.SZ,000931,20260421,20260421,11:04:09.000,110409000,79,5.0,5.09,5.1,4.99,5.1,5.61,4.59,6345080,3199.4726,6692,4.99,118800,5.0,489300,4.98,172700,5.01,54600,4.97,156100,5.02,3000,4.96,282300,5.03,31000,4.95,252500,5.04,17800,4.94,25600,5.05,31500,4.93,37400,5.06,28900,4.92,67700,5.07,33800,4.91,63400,5.08,46200,4.9,122300,5.09,18800,1825000,2300132,16:12:02.155
000931.SZ,000931,20260421,20260421,11:04:12.000,110412000,79,5.0,5.09,5.1,4.99,5.1,5.61,4.59,6345080,3199.4726,6692,4.99,118800,5.0,489300,4.98,173700,5.01,54600,4.97,156100,5.02,3000,4.96,282300,5.03,31000,4.95,252500,5.04,17800,4.94,25600,5.05,31500,4.93,37400,5.06,28900,4.92,67700,5.07,33800,4.91,63400,5.08,46200,4.9,122300,5.09,18800,1826000,2300132,16:12:02.281
000931.SZ,000931,20260421,20260421,11:04:15.000,110415000,79,5.0,5.09,5.1,4.99,5.1,5.61,4.59,6345080,3199.4726,6692,4.99,118500,5.0,489300,4.98,173700,5.01,54600,4.97,156100,5.02,3000,4.96,282300,5.03,31000,4.95,252500,5.04,17800,4.94,25600,5.05,31500,4.93,37400,5.06,28900,4.92,67700,5.07,33800,4.91,63400,5.08,46200,4.9,122300,5.09,18800,1825700,2300132,16:12:02.440
000931.SZ,000931,20260421,20260421,11:04:18.000,110418000,79,5.0,5.09,5.1,4.99,5.1,5.61,4.59,6345080,3199.4726,6692,4.99,118500,5.0,491800,4.98,173700,5.01,54600,4.97,161100,5.02,3000,4.96,282300,5.03,31000,4.95,252500,5.04,17800,4.94,25600,5.05,31500,4.93,37400,5.06,28900,4.92,67700,5.07,33800,4.91,63400,5.08,46200,4.9,122300,5.09,18800,1830700,2302632,16:12:02.580
000931.SZ,000931,20260421,20260421,11:04:21.000,110421000,79,4.99,5.09,5.1,4.99,5.1,5.61,4.59,6345180,3199.5225,6693,4.99,118400,5.0,491800,4.98,173700,5.01,54600,4.97,161100,5.02,3000,4.96,282300,5.03,31000,4.95,252500,5.04,17800,4.94,25600,5.05,31500,4.93,37400,5.06,28900,4.92,67700,5.07,33800,4.91,63400,5.08,46200,4.9,122300,5.09,18800,1830600,2302632,16:12:02.737
000931.SZ,000931,20260421,20260421,11:04:24.000,110424000,79,4.99,5.09,5.1,4.99,5.1,5.61,4.59,6345180,3199.5225,6693,4.99,118500,5.0,491800,4.98,173700,5.01,54600,4.97,161100,5.02,3000,4.96,282300,5.03,31000,4.95,252500,5.04,17800,4.94,25600,5.05,31500,4.93,37400,5.06,28900,4.92,67700,5.07,33800,4.91,63400,5.08,46200,4.9,122300,5.09,18800,1830700,2302632,16:12:02.924
000931.SZ,000931,20260421,20260421,11:04:27.000,110427000,79,4.99,5.09,5.1,4.99,5.1,5.61,4.59,6345180,3199.5225,6693,4.99,118700,5.0,491800,4.98,173700,5.01,54600,4.97,161100,5.02,3000,4.96,282300,5.03,31000,4.95,252500,5.04,18300,4.94,25600,5.05,31500,4.93,37400,5.06,28900,4.92,67700,5.07,33800,4.91,63400,5.08,46200,4.9,123300,5.09,18800,1831900,2303132,16:12:03.073
000931.SZ,000931,20260421,20260421,11:04:30.000,110430000,79,4.99,5.09,5.1,4.99,5.1,5.61,4.59,6345180,3199.5225,6693,4.99,118700,5.0,489300,4.98,173700,5.01,54600,4.97,161100,5.02,3000,4.96,282300,5.03,31000,4.95,252500,5.04,18300,4.94,25600,5.05,31500,4.93,37400,5.06,28900,4.92,67700,5.07,33800,4.91,63400,5.08,46200,4.9,123300,5.09,18800,1831900,2300632,16:12:03.251
000931.SZ,000931,20260421,20260421,11:04:33.000,110433000,79,5.0,5.09,5.1,4.99,5.1,5.61,4.59,6345480,3199.6724,6695,4.99,118300,5.0,489100,4.98,173700,5.01,54600,4.97,161100,5.02,3100,4.96,282300,5.03,31000,4.95,252500,5.04,18300,4.94,25600,5.05,31500,4.93,37400,5.06,28900,4.92,67700,5.07,33800,4.91,63400,5.08,46200,4.9,123300,5.09,18800,1831500,2300532,16:12:03.438
000931.SZ,000931,20260421,20260421,11:04:36.000,110436000,79,5.0,5.09,5.1,4.99,5.1,5.61,4.59,6345580,3199.7224,6696,4.99,117800,5.0,489100,4.98,173700,5.01,54600,4.97,161100,5.02,3100,4.96,282300,5.03,31000,4.95,251500,5.04,18300,4.94,25600,5.05,31500,4.93,37400,5.06,28900,4.92,67700,5.07,33800,4.91,63400,5.08,46200,4.9,123900,5.09,18800,1830600,2300532,16:12:03.438
000931.SZ,000931,20260421,20260421,11:04:39.000,110439000,79,5.0,5.09,5.1,4.99,5.1,5.61,4.59,6345880,3199.8724,6698,4.99,117500,5.0,488800,4.98,173700,5.01,54600,4.97,156100,5.02,3100,4.96,282300,5.03,31000,4.95,251500,5.04,18300,4.94,25600,5.05,31500,4.93,37400,5.06,28900,4.92,67700,5.07,33800,4.91,63400,5.08,46200,4.9,123900,5.09,18800,1825300,2300232,16:12:03.596
000931.SZ,000931,20260421,20260421,11:04:42.000,110442000,79,5.0,5.09,5.1,4.99,5.1,5.61,4.59,6345880,3199.8724,6698,4.99,117500,5.0,488900,4.98,173700,5.01,54600,4.97,156100,5.02,3100,4.96,282300,5.03,31000,4.95,251500,5.04,18300,4.94,26600,5.05,31500,4.93,37400,5.06,28900,4.92,67700,5.07,33800,4.91,63400,5.08,46200,4.9,123900,5.09,18800,1826300,2300332,16:12:03.736
000931.SZ,000931,20260421,20260421,11:04:48.000,110448000,79,5.0,5.09,5.1,4.99,5.1,5.61,4.59,6345880,3199.8724,6698,4.99,118300,5.0,488900,4.98,173700,5.01,54600,4.97,156100,5.02,3100,4.96,282300,5.03,31000,4.95,251500,5.04,18300,4.94,26600,5.05,31500,4.93,37400,5.06,28900,4.92,67700,5.07,33800,4.91,63400,5.08,46200,4.9,123900,5.09,18800,1827100,2300332,16:12:03.947
000931.SZ,000931,20260421,20260421,11:04:51.000,110451000,79,5.0,5.09,5.1,4.99,5.1,5.61,4.59,6345880,3199.8724,6698,4.99,126700,5.0,488900,4.98,183800,5.01,54600,4.97,156100,5.02,3100,4.96,282300,5.03,31000,4.95,252000,5.04,18300,4.94,26600,5.05,31500,4.93,37400,5.06,28900,4.92,67700,5.07,33800,4.91,63400,5.08,46200,4.9,123900,5.09,18800,1846100,2300332,16:12:04.170
000931.SZ,000931,20260421,20260421,11:04:54.000,110454000,79,5.0,5.09,5.1,4.99,5.1,5.61,4.59,6345880,3199.8724,6698,4.99,126900,5.0,488900,4.98,183800,5.01,54600,4.97,156100,5.02,3100,4.96,282300,5.03,31000,4.95,252000,5.04,18300,4.94,26600,5.05,31500,4.93,37400,5.06,28900,4.92,67700,5.07,33800,4.91,63400,5.08,46200,4.9,123900,5.09,18800,1846300,2300332,16:12:04.280
000931.SZ,000931,20260421,20260421,11:04:57.000,110457000,79,5.0,5.09,5.1,4.99,5.1,5.61,4.59,6346980,3200.4223,6704,4.99,126800,5.0,487900,4.98,183800,5.01,54600,4.97,156100,5.02,3100,4.96,282300,5.03,31000,4.95,252000,5.04,18300,4.94,26600,5.05,31500,4.93,37400,5.06,28900,4.92,67700,5.07,33800,4.91,63400,5.08,46200,4.9,123900,5.09,18800,1846200,2299332,16:12:04.422
000931.SZ,000931,20260421,20260421,11:05:00.000,110500000,79,5.0,5.09,5.1,4.99,5.1,5.61,4.59,6347580,3200.7223,6708,4.99,126900,5.0,487200,4.98,183800,5.01,54600,4.97,156100,5.02,3100,4.96,282300,5.03,31000,4.95,252000,5.04,18300,4.94,26600,5.05,31500,4.93,37400,5.06,28900,4.92,67700,5.07,33800,4.91,63400,5.08,46200,4.9,123900,5.09,18800,1846300,2298632,16:12:04.594
000931.SZ,000931,20260421,20260421,11:05:03.000,110503000,79,5.0,5.09,5.1,4.99,5.1,5.61,4.59,6349080,3201.4723,6715,4.99,127100,5.0,491700,4.98,183800,5.01,54600,4.97,156100,5.02,3100,4.96,282300,5.03,31000,4.95,252000,5.04,18300,4.94,26600,5.05,31500,4.93,37400,5.06,28900,4.92,67700,5.07,33800,4.91,63400,5.08,46200,4.9,123900,5.09,18800,1846500,2303632,16:12:04.892
000931.SZ,000931,20260421,20260421,11:05:06.000,110506000,79,5.0,5.09,5.1,4.99,5.1,5.61,4.59,6349180,3201.5223,6716,4.99,127200,5.0,494500,4.98,183800,5.01,54600,4.97,156100,5.02,2900,4.96,282300,5.03,31000,4.95,252000,5.04,18300,4.94,26600,5.05,31500,4.93,37400,5.06,28900,4.92,67700,5.07,33800,4.91,63400,5.08,46200,4.9,123900,5.09,18800,1846600,2306232,16:12:05.079
000931.SZ,000931,20260421,20260421,11:05:09.000,110509000,79,5.0,5.09,5.1,4.99,5.1,5.61,4.59,6349180,3201.5223,6716,4.99,127300,5.0,494500,4.98,183800,5.01,54600,4.97,156100,5.02,2900,4.96,282300,5.03,31000,4.95,252000,5.04,18300,4.94,26600,5.05,31500,4.93,37400,5.06,28900,4.92,67700,5.07,33800,4.91,63400,5.08,46200,4.9,123900,5.09,18800,1846700,2306232,16:12:05.233
000931.SZ,000931,20260421,20260421,11:05:12.000,110512000,79,4.99,5.09,5.1,4.99,5.1,5.61,4.59,6349380,3201.6221,6717,4.99,127100,5.0,494500,4.98,183800,5.01,54600,4.97,156100,5.02,2900,4.96,282300,5.03,31000,4.95,252000,5.04,18300,4.94,26600,5.05,31500,4.93,37400,5.06,28900,4.92,67700,5.07,33800,4.91,63400,5.08,46200,4.9,123900,5.09,18800,1846500,2306232,16:12:05.395
000931.SZ,000931,20260421,20260421,11:05:15.000,110515000,79,4.99,5.09,5.1,4.99,5.1,5.61,4.59,6478380,3265.9946,6842,4.98,186100,4.99,19200,4.97,156100,5.0,480100,4.96,282300,5.01,44100,4.95,252000,5.02,2900,4.94,26600,5.03,31000,4.93,37400,5.04,18200,4.92,67700,5.05,31500,4.91,63400,5.06,28900,4.9,123900,5.07,33800,4.89,77900,5.08,46200,1722700,2300432,16:12:05.692
000931.SZ,000931,20260421,20260421,11:05:18.000,110518000,79,4.98,5.09,5.1,4.98,5.1,5.61,4.59,6479780,3266.6918,6848,4.98,195400,4.99,26900,4.97,156100,5.0,478400,4.96,282300,5.01,37900,4.95,252000,5.02,2900,4.94,26600,5.03,111200,4.93,37400,5.04,18200,4.92,67700,5.05,31500,4.91,63400,5.06,28900,4.9,123900,5.07,33800,4.89,77900,5.08,46200,1732000,2380432,16:12:06.068
000931.SZ,000931,20260421,20260421,11:05:21.000,110521000,79,4.98,5.09,5.1,4.98,5.1,5.61,4.59,6481880,3267.7376,6852,4.98,193300,4.99,40600,4.97,156100,5.0,476400,4.96,282300,5.01,37900,4.95,252000,5.02,2900,4.94,26600,5.03,111200,4.93,37400,5.04,18200,4.92,67700,5.05,31100,4.91,63400,5.06,28900,4.9,124400,5.07,33800,4.89,77900,5.08,46200,1730400,2391732,16:12:06.172
000931.SZ,000931,20260421,20260421,11:05:24.000,110524000,79,4.98,5.09,5.1,4.98,5.1,5.61,4.59,6481880,3267.7376,6852,4.98,261600,4.99,40600,4.97,156100,5.0,476400,4.96,282300,5.01,37900,4.95,252000,5.02,2900,4.94,26600,5.03,111200,4.93,37400,5.04,18200,4.92,67700,5.05,31100,4.91,63400,5.06,28900,4.9,124400,5.07,33800,4.89,77900,5.08,46200,1798700,2391732,16:12:06.442
000931.SZ,000931,20260421,20260421,11:05:27.000,110527000,79,4.99,5.09,5.1,4.98,5.1,5.61,4.59,6482380,3267.9871,6857,4.98,274300,4.99,40300,4.97,156100,5.0,476400,4.96,282300,5.01,37900,4.95,252000,5.02,2900,4.94,26600,5.03,111200,4.93,37400,5.04,18200,4.92,67700,5.05,31100,4.91,63400,5.06,28900,4.9,124400,5.07,33800,4.89,77900,5.08,46200,1821400,2391432,16:12:06.565
000931.SZ,000931,20260421,20260421,11:05:30.000,110530000,79,4.99,5.09,5.1,4.98,5.1,5.61,4.59,6485380,3269.4841,6867,4.98,274300,4.99,24100,4.97,156100,5.0,466900,4.96,282300,5.01,37900,4.95,252000,5.02,2900,4.94,26600,5.03,111200,4.93,37400,5.04,18200,4.92,67700,5.05,31100,4.91,63400,5.06,28900,4.9,124400,5.07,33800,4.89,77900,5.08,46200,1821400,2365732,16:12:06.660
000931.SZ,000931,20260421,20260421,11:05:33.000,110533000,79,4.99,5.09,5.1,4.98,5.1,5.61,4.59,6486380,3269.983,6871,4.98,274300,4.99,23300,4.97,156100,5.0,466800,4.96,282300,5.01,37900,4.95,252000,5.02,2900,4.94,26600,5.03,111200,4.93,37400,5.04,18200,4.92,67700,5.05,31100,4.91,63400,5.06,28900,4.9,124400,5.07,33800,4.89,77900,5.08,46200,1821400,2364832,16:12:06.879
000931.SZ,000931,20260421,20260421,11:05:36.000,110536000,79,4.99,5.09,5.1,4.98,5.1,5.61,4.59,6498480,3276.0209,6898,4.98,274300,4.99,20500,4.97,156100,5.0,466800,4.96,282300,5.01,37900,4.95,252000,5.02,2900,4.94,26600,5.03,111200,4.93,37400,5.04,18200,4.92,67700,5.05,31100,4.91,63400,5.06,28900,4.9,124400,5.07,33800,4.89,77900,5.08,46200,1821400,2362032,16:12:07.021
000931.SZ,000931,20260421,20260421,11:05:39.000,110539000,79,4.99,5.09,5.1,4.98,5.1,5.61,4.59,6498480,3276.0209,6898,4.98,275300,4.99,20500,4.97,156100,5.0,466800,4.96,282300,5.01,37900,4.95,252000,5.02,2900,4.94,26600,5.03,111200,4.93,37400,5.04,18200,4.92,67700,5.05,31100,4.91,63400,5.06,28900,4.9,124400,5.07,33800,4.89,77900,5.08,46200,1822400,2362032,16:12:07.141
000931.SZ,000931,20260421,20260421,11:05:42.000,110542000,79,4.99,5.09,5.1,4.98,5.1,5.61,4.59,6498480,3276.0209,6898,4.98,275500,4.99,20500,4.97,156100,5.0,466800,4.96,282300,5.01,37900,4.95,252000,5.02,2900,4.94,26600,5.03,111200,4.93,37400,5.04,18200,4.92,67700,5.05,31100,4.91,63400,5.06,28900,4.9,124400,5.07,33800,4.89,77900,5.08,46200,1822600,2362032,16:12:07.272
000931.SZ,000931,20260421,20260421,11:05:45.000,110545000,79,4.99,5.09,5.1,4.98,5.1,5.61,4.59,6498680,3276.1207,6899,4.98,275500,4.99,20600,4.97,156100,5.0,456700,4.96,282300,5.01,37900,4.95,252000,5.02,2900,4.94,26600,5.03,111200,4.93,37400,5.04,18200,4.92,67700,5.05,31100,4.91,63400,5.06,28900,4.9,124400,5.07,33800,4.89,77900,5.08,46200,1822600,2352032,16:12:07.348
000931.SZ,000931,20260421,20260421,11:05:48.000,110548000,79,4.99,5.09,5.1,4.98,5.1,5.61,4.59,6519980,3286.7494,6934,4.99,27400,5.0,456700,4.98,275600,5.01,37900,4.97,156100,5.02,2900,4.96,282300,5.03,111200,4.95,252000,5.04,18200,4.94,26600,5.05,31100,4.93,37400,5.06,28900,4.92,67700,5.07,33800,4.91,63400,5.08,46200,4.9,124400,5.09,18800,1850100,2331432,16:12:07.458
000931.SZ,000931,20260421,20260421,11:05:51.000,110551000,79,4.99,5.09,5.1,4.98,5.1,5.61,4.59,6519980,3286.7494,6934,4.99,34900,5.0,456900,4.98,275600,5.01,37900,4.97,156100,5.02,2900,4.96,282300,5.03,111200,4.95,252000,5.04,18200,4.94,26600,5.05,31100,4.93,37400,5.06,28900,4.92,67700,5.07,33800,4.91,63400,5.08,46200,4.9,124400,5.09,18800,1857600,2331632,16:12:07.599
000931.SZ,000931,20260421,20260421,11:05:54.000,110554000,79,4.99,5.09,5.1,4.98,5.1,5.61,4.59,6531780,3292.6376,6947,4.99,23300,5.0,456900,4.98,275600,5.01,37900,4.97,156100,5.02,2900,4.96,282300,5.03,111200,4.95,252000,5.04,18200,4.94,26600,5.05,31100,4.93,37400,5.06,28900,4.92,67700,5.07,33800,4.91,63400,5.08,46200,4.9,124400,5.09,18800,1846000,2331632,16:12:07.730
000931.SZ,000931,20260421,20260421,11:05:57.000,110557000,79,4.99,5.09,5.1,4.98,5.1,5.61,4.59,6570780,3312.0986,7072,4.99,100,5.0,461800,4.98,277200,5.01,35000,4.97,156100,5.02,2900,4.96,282300,5.03,111200,4.95,252000,5.04,18200,4.94,26600,5.05,31100,4.93,37400,5.06,28900,4.92,67700,5.07,33800,4.91,63400,5.08,46200,4.9,124900,5.09,18800,1824900,2333632,16:12:07.943
000931.SZ,000931,20260421,20260421,11:06:00.000,110600000,79,4.99,5.09,5.1,4.98,5.1,5.61,4.59,6570880,3312.1485,7073,4.98,282200,4.99,2000,4.97,156100,5.0,469200,4.96,282300,5.01,35000,4.95,252000,5.02,2900,4.94,26600,5.03,111200,4.93,37400,5.04,18200,4.92,67700,5.05,31100,4.91,63400,5.06,28900,4.9,124900,5.07,33800,4.89,77900,5.08,46200,1829800,2343032,16:12:08.122
000931.SZ,000931,20260421,20260421,11:06:03.000,110603000,79,4.99,5.09,5.1,4.98,5.1,5.61,4.59,6571180,3312.2982,7075,4.98,280600,4.99,7700,4.97,156100,5.0,469300,4.96,282300,5.01,35000,4.95,252000,5.02,2900,4.94,26600,5.03,111200,4.93,37400,5.04,18200,4.92,67700,5.05,31100,4.91,63400,5.06,28900,4.9,124900,5.07,33800,4.89,77900,5.08,46200,1828200,2348832,16:12:08.382
000931.SZ,000931,20260421,20260421,11:06:06.000,110606000,79,4.99,5.09,5.1,4.98,5.1,5.61,4.59,6572980,3313.1964,7079,4.98,282300,4.99,6900,4.97,156100,5.0,469300,4.96,282300,5.01,35000,4.95,252000,5.02,2900,4.94,26600,5.03,111200,4.93,37400,5.04,18200,4.92,67700,5.05,31100,4.91,63400,5.06,28900,4.9,124900,5.07,33800,4.89,77900,5.08,46200,1829900,2348032,16:12:08.519
000931.SZ,000931,20260421,20260421,11:06:09.000,110609000,79,4.99,5.09,5.1,4.98,5.1,5.61,4.59,6572980,3313.1964,7079,4.98,281300,4.99,6900,4.97,156100,5.0,469300,4.96,282300,5.01,35000,4.95,252000,5.02,2900,4.94,28700,5.03,111200,4.93,37400,5.04,18200,4.92,67700,5.05,31100,4.91,63400,5.06,28900,4.9,124900,5.07,33800,4.89,77900,5.08,46200,1831000,2348032,16:12:08.661
000931.SZ,000931,20260421,20260421,11:06:12.000,110612000,79,4.99,5.09,5.1,4.98,5.1,5.61,4.59,6572980,3313.1964,7079,4.98,281800,4.99,6900,4.97,156100,5.0,469300,4.96,282300,5.01,35000,4.95,252000,5.02,2900,4.94,28700,5.03,111200,4.93,37400,5.04,18200,4.92,67700,5.05,31100,4.91,63400,5.06,28900,4.9,124900,5.07,33800,4.89,77900,5.08,46200,1831500,2348032,16:12:08.800
000931.SZ,000931,20260421,20260421,11:06:15.000,110615000,79,4.99,5.09,5.1,4.98,5.1,5.61,4.59,6575980,3314.6934,7087,4.98,280100,4.99,3900,4.97,156100,5.0,469300,4.96,282300,5.01,35000,4.95,252000,5.02,2900,4.94,28700,5.03,111200,4.93,37400,5.04,18200,4.92,67700,5.05,31100,4.91,63400,5.06,28900,4.9,124900,5.07,33800,4.89,77900,5.08,46200,1829800,2345032,16:12:08.910
000931.SZ,000931,20260421,20260421,11:06:18.000,110618000,79,4.99,5.09,5.1,4.98,5.1,5.61,4.59,6575980,3314.6934,7087,4.98,280100,4.99,4400,4.97,156100,5.0,469300,4.96,282300,5.01,35000,4.95,252000,5.02,2900,4.94,28700,5.03,111200,4.93,37400,5.04,18200,4.92,67700,5.05,31100,4.91,63400,5.06,28900,4.9,124900,5.07,33800,4.89,77900,5.08,46200,1829800,2345532,16:12:09.052
000931.SZ,000931,20260421,20260421,11:06:21.000,110621000,79,4.99,5.09,5.1,4.98,5.1,5.61,4.59,6577680,3315.5417,7092,4.98,280100,4.99,2800,4.97,156100,5.0,469300,4.96,282300,5.01,35000,4.95,252000,5.02,2900,4.94,28700,5.03,111200,4.93,37400,5.04,18200,4.92,67700,5.05,31100,4.91,63400,5.06,28900,4.9,124900,5.07,33800,4.89,77900,5.08,46200,1829800,2343932,16:12:09.187
000931.SZ,000931,20260421,20260421,11:06:27.000,110627000,79,4.99,5.09,5.1,4.98,5.1,5.61,4.59,6577680,3315.5417,7092,4.98,280100,4.99,2800,4.97,157100,5.0,469300,4.96,282300,5.01,35000,4.95,252000,5.02,2900,4.94,28700,5.03,111200,4.93,37400,5.04,18200,4.92,67700,5.05,31100,4.91,63400,5.06,28900,4.9,124900,5.07,33800,4.89,77900,5.08,46200,1830800,2343932,16:12:09.344
000931.SZ,000931,20260421,20260421,11:06:30.000,110630000,79,4.99,5.09,5.1,4.98,5.1,5.61,4.59,6577680,3315.5417,7092,4.98,280100,4.99,2800,4.97,157100,5.0,469300,4.96,283100,5.01,35000,4.95,251000,5.02,2900,4.94,28700,5.03,111200,4.93,37400,5.04,18200,4.92,67700,5.05,31100,4.91,63400,5.06,28900,4.9,124900,5.07,33800,4.89,77900,5.08,46200,1830600,2343932,16:12:09.518
000931.SZ,000931,20260421,20260421,11:06:33.000,110633000,79,4.99,5.09,5.1,4.98,5.1,5.61,4.59,6578580,3315.9908,7101,4.98,280100,4.99,2300,4.97,157100,5.0,469300,4.96,283100,5.01,35000,4.95,251000,5.02,2900,4.94,28700,5.03,111200,4.93,37400,5.04,18200,4.92,67700,5.05,31100,4.91,63400,5.06,28900,4.9,124900,5.07,33800,4.89,77900,5.08,46200,1830600,2343432,16:12:09.674
000931.SZ,000931,20260421,20260421,11:06:36.000,110636000,79,4.99,5.09,5.1,4.98,5.1,5.61,4.59,6578580,3315.9908,7101,4.98,280100,4.99,2400,4.97,157100,5.0,469300,4.96,283100,5.01,35000,4.95,251000,5.02,2900,4.94,28700,5.03,111200,4.93,37400,5.04,18200,4.92,67700,5.05,31100,4.91,63400,5.06,28900,4.9,124900,5.07,33800,4.89,77900,5.08,46200,1830600,2343532,16:12:09.847
000931.SZ,000931,20260421,20260421,11:06:39.000,110639000,79,4.99,5.09,5.1,4.98,5.1,5.61,4.59,6578580,3315.9908,7101,4.98,260100,4.99,2400,4.97,157100,5.0,469300,4.96,283100,5.01,35000,4.95,251000,5.02,2900,4.94,28700,5.03,111200,4.93,37400,5.04,18200,4.92,67700,5.05,31100,4.91,63400,5.06,28900,4.9,124900,5.07,33800,4.89,77900,5.08,46200,1810600,2343532,16:12:09.973
000931.SZ,000931,20260421,20260421,11:06:42.000,110642000,79,4.99,5.09,5.1,4.98,5.1,5.61,4.59,6578580,3315.9908,7101,4.98,260100,4.99,2400,4.97,157100,5.0,469300,4.96,283100,5.01,35100,4.95,251000,5.02,2900,4.94,28700,5.03,111200,4.93,37400,5.04,18200,4.92,67700,5.05,31100,4.91,63400,5.06,28900,4.9,124900,5.07,33800,4.89,77900,5.08,46200,1810600,2343632,16:12:10.085
000931.SZ,000931,20260421,20260421,11:06:45.000,110645000,79,4.99,5.09,5.1,4.98,5.1,5.61,4.59,6584280,3318.8351,7128,4.98,260700,4.99,4600,4.97,157100,5.0,469300,4.96,283100,5.01,35100,4.95,251000,5.02,2900,4.94,28700,5.03,111200,4.93,37400,5.04,18200,4.92,67700,5.05,31100,4.91,63400,5.06,28900,4.9,124900,5.07,33800,4.89,82900,5.08,46200,1816200,2345832,16:12:10.151
000931.SZ,000931,20260421,20260421,11:06:48.000,110648000,79,4.99,5.09,5.1,4.98,5.1,5.61,4.59,6592380,3322.8793,7178,4.99,1300,5.0,467000,4.98,263500,5.01,35100,4.97,157100,5.02,2900,4.96,283100,5.03,111200,4.95,251000,5.04,18200,4.94,28700,5.05,31100,4.93,37400,5.06,28900,4.92,67700,5.07,33800,4.91,63400,5.08,46200,4.9,124900,5.09,18800,1822300,2338932,16:12:10.378
000931.SZ,000931,20260421,20260421,11:06:51.000,110651000,79,4.99,5.09,5.1,4.98,5.1,5.61,4.59,6603080,3328.2187,7193,4.98,264400,5.0,466900,4.97,157100,5.01,35100,4.96,283100,5.02,2900,4.95,251000,5.03,111200,4.94,28700,5.04,18200,4.93,37400,5.05,31100,4.92,67700,5.06,28900,4.91,63400,5.07,33800,4.9,124900,5.08,46200,4.89,82900,5.09,18800,1821900,2338832,16:12:10.473
000931.SZ,000931,20260421,20260421,11:06:54.000,110654000,79,4.99,5.09,5.1,4.98,5.1,5.61,4.59,6603080,3328.2187,7193,4.99,200,5.0,466900,4.98,263300,5.01,35100,4.97,157100,5.02,2900,4.96,283100,5.03,111200,4.95,251000,5.04,18200,4.94,28700,5.05,31100,4.93,37400,5.06,28900,4.92,67700,5.07,33800,4.91,63400,5.08,46200,4.9,124900,5.09,18800,1821000,2338832,16:12:10.662
000931.SZ,000931,20260421,20260421,11:06:57.000,110657000,79,4.99,5.09,5.1,4.98,5.1,5.61,4.59,6603080,3328.2187,7193,4.99,800,5.0,466900,4.98,254100,5.01,35100,4.97,157100,5.02,2900,4.96,283100,5.03,111200,4.95,251000,5.04,18200,4.94,28700,5.05,31100,4.93,37400,5.06,28900,4.92,67700,5.07,33800,4.91,63400,5.08,46200,4.9,124900,5.09,18800,1814400,2338832,16:12:10.804
000931.SZ,000931,20260421,20260421,11:07:00.000,110700000,79,4.99,5.09,5.1,4.98,5.1,5.61,4.59,6603080,3328.2187,7193,4.99,800,5.0,466900,4.98,314100,5.01,35100,4.97,157100,5.02,2900,4.96,283100,5.03,111200,4.95,251000,5.04,18200,4.94,28700,5.05,31100,4.93,37400,5.06,28900,4.92,67700,5.07,33800,4.91,63400,5.08,46200,4.9,124900,5.09,18800,1874400,2338832,16:12:10.928
000931.SZ,000931,20260421,20260421,11:07:03.000,110703000,79,4.99,5.09,5.1,4.98,5.1,5.61,4.59,6603080,3328.2187,7193,4.99,1900,5.0,466900,4.98,314100,5.01,35100,4.97,157100,5.02,2900,4.96,283100,5.03,111200,4.95,251000,5.04,18200,4.94,28700,5.05,31100,4.93,37400,5.06,28900,4.92,67700,5.07,33800,4.91,63400,5.08,46200,4.9,124900,5.09,18800,1875500,2338832,16:12:11.269
000931.SZ,000931,20260421,20260421,11:07:06.000,110706000,79,4.99,5.09,5.1,4.98,5.1,5.61,4.59,6603080,3328.2187,7193,4.99,2700,5.0,466900,4.98,314100,5.01,35100,4.97,157100,5.02,2900,4.96,283100,5.03,111200,4.95,251000,5.04,18200,4.94,28700,5.05,31100,4.93,37400,5.06,28900,4.92,67700,5.07,33800,4.91,63400,5.08,46200,4.9,124900,5.09,18800,1876300,2338832,16:12:11.332
000931.SZ,000931,20260421,20260421,11:07:09.000,110709000,79,4.99,5.09,5.1,4.98,5.1,5.61,4.59,6603080,3328.2187,7193,4.99,3500,5.0,466900,4.98,319100,5.01,35100,4.97,157100,5.02,2900,4.96,283100,5.03,111200,4.95,251000,5.04,18200,4.94,28700,5.05,31100,4.93,37400,5.06,28900,4.92,67700,5.07,33800,4.91,63400,5.08,46200,4.9,124900,5.09,18800,1882100,2338832,16:12:11.457
000931.SZ,000931,20260421,20260421,11:07:12.000,110712000,79,4.99,5.09,5.1,4.98,5.1,5.61,4.59,6608080,3330.7137,7206,4.99,15500,5.0,466900,4.98,320100,5.01,35100,4.97,157100,5.02,2900,4.96,283100,5.03,111200,4.95,251000,5.04,18200,4.94,28700,5.05,31100,4.93,37400,5.06,28900,4.92,67700,5.07,33800,4.91,63400,5.08,46200,4.9,124900,5.09,18800,1895100,2338832,16:12:11.677
000931.SZ,000931,20260421,20260421,11:07:15.000,110715000,79,4.99,5.09,5.1,4.98,5.1,5.61,4.59,6608080,3330.7137,7206,4.99,3400,5.0,466900,4.98,322100,5.01,35100,4.97,157100,5.02,2900,4.96,283100,5.03,111200,4.95,251000,5.04,18200,4.94,28700,5.05,31100,4.93,37400,5.06,28900,4.92,67700,5.07,33800,4.91,63400,5.08,46200,4.9,124900,5.09,18800,1885000,2338832,16:12:11.770
000931.SZ,000931,20260421,20260421,11:07:18.000,110718000,79,4.99,5.09,5.1,4.98,5.1,5.61,4.59,6608080,3330.7137,7206,4.99,5000,5.0,466900,4.98,322200,5.01,35100,4.97,157100,5.02,2900,4.96,283100,5.03,111200,4.95,251000,5.04,18200,4.94,28700,5.05,31100,4.93,37400,5.06,28900,4.92,67700,5.07,33800,4.91,63400,5.08,46200,4.9,124900,5.09,18800,1886700,2338832,16:12:11.946
000931.SZ,000931,20260421,20260421,11:07:21.000,110721000,79,4.99,5.09,5.1,4.98,5.1,5.61,4.59,6608080,3330.7137,7206,4.99,25600,5.0,466900,4.98,263200,5.01,35100,4.97,157100,5.02,3200,4.96,283100,5.03,111200,4.95,251000,5.04,18200,4.94,28700,5.05,31100,4.93,37400,5.06,28900,4.92,67700,5.07,33800,4.91,63400,5.08,46200,4.9,124900,5.09,18800,1848300,2339132,16:12:12.101
000931.SZ,000931,20260421,20260421,11:07:24.000,110724000,79,4.99,5.09,5.1,4.98,5.1,5.61,4.59,6608080,3330.7137,7206,4.99,30700,5.0,466900,4.98,263200,5.01,35100,4.97,157100,5.02,3200,4.96,283100,5.03,111200,4.95,251000,5.04,18200,4.94,28700,5.05,31100,4.93,37400,5.06,28900,4.92,67700,5.07,33800,4.91,63400,5.08,46200,4.9,126900,5.09,18800,1865900,2339132,16:12:12.191
000931.SZ,000931,20260421,20260421,11:07:27.000,110727000,79,4.99,5.09,5.1,4.98,5.1,5.61,4.59,6608080,3330.7137,7206,4.99,42000,5.0,466900,4.98,263200,5.01,35100,4.97,157100,5.02,3200,4.96,283100,5.03,111200,4.95,251000,5.04,18200,4.94,28700,5.05,31100,4.93,37400,5.06,28900,4.92,67700,5.07,33800,4.91,63400,5.08,46200,4.9,126900,5.09,18800,1877200,2339132,16:12:12.312
000931.SZ,000931,20260421,20260421,11:07:30.000,110730000,79,4.99,5.09,5.1,4.98,5.1,5.61,4.59,6608080,3330.7137,7206,4.99,115200,5.0,466900,4.98,263200,5.01,35100,4.97,157100,5.02,3200,4.96,283100,5.03,111200,4.95,251000,5.04,18200,4.94,28700,5.05,31100,4.93,37400,5.06,28900,4.92,67700,5.07,33800,4.91,63400,5.08,46200,4.9,126900,5.09,18800,1950400,2339132,16:12:12.458
000931.SZ,000931,20260421,20260421,11:07:33.000,110733000,79,4.99,5.09,5.1,4.98,5.1,5.61,4.59,6608080,3330.7137,7206,4.99,115200,5.0,467000,4.98,263200,5.01,35100,4.97,157100,5.02,3200,4.96,282600,5.03,111200,4.95,250500,5.04,18200,4.94,28700,5.05,31100,4.93,37400,5.06,28900,4.92,67700,5.07,33800,4.91,63400,5.08,46200,4.9,126900,5.09,18800,1949400,2339232,16:12:12.643
000931.SZ,000931,20260421,20260421,11:07:39.000,110739000,79,4.99,5.09,5.1,4.98,5.1,5.61,4.59,6608080,3330.7137,7206,4.99,121300,5.0,467700,4.98,263200,5.01,35100,4.97,157100,5.02,3200,4.96,282600,5.03,111200,4.95,250500,5.04,18200,4.94,28700,5.05,31100,4.93,37400,5.06,28900,4.92,67700,5.07,33800,4.91,73400,5.08,46200,4.9,126900,5.09,18800,1965500,2339932,16:12:12.879
000931.SZ,000931,20260421,20260421,11:07:42.000,110742000,79,4.99,5.09,5.1,4.98,5.1,5.61,4.59,6608180,3330.7636,7207,4.99,121200,5.0,467800,4.98,263200,5.01,35000,4.97,157100,5.02,3200,4.96,282600,5.03,111200,4.95,250500,5.04,18200,4.94,28700,5.05,31100,4.93,37400,5.06,28900,4.92,67700,5.07,33800,4.91,73400,5.08,46200,4.9,126900,5.09,18800,1965400,2339932,16:12:12.990
000931.SZ,000931,20260421,20260421,11:07:45.000,110745000,79,4.99,5.09,5.1,4.98,5.1,5.61,4.59,6608180,3330.7636,7207,4.99,121300,5.0,467800,4.98,263200,5.01,35000,4.97,157100,5.02,3200,4.96,282600,5.03,111200,4.95,250500,5.04,18200,4.94,28700,5.05,31100,4.93,37400,5.06,28900,4.92,67700,5.07,33800,4.91,73400,5.08,46200,4.9,126900,5.09,18800,1965500,2339932,16:12:13.222
000931.SZ,000931,20260421,20260421,11:07:48.000,110748000,79,4.99,5.09,5.1,4.98,5.1,5.61,4.59,6608180,3330.7636,7207,4.99,121300,5.0,467800,4.98,272200,5.01,35000,4.97,157100,5.02,3200,4.96,282600,5.03,111200,4.95,250500,5.04,18200,4.94,28700,5.05,31100,4.93,37400,5.06,28900,4.92,67700,5.07,33800,4.91,73400,5.08,46200,4.9,126900,5.09,18800,1974500,2339932,16:12:13.359
000931.SZ,000931,20260421,20260421,11:07:51.000,110751000,79,4.99,5.09,5.1,4.98,5.1,5.61,4.59,6608180,3330.7636,7207,4.99,126400,5.0,467800,4.98,259700,5.01,35000,4.97,157100,5.02,3200,4.96,282600,5.03,111200,4.95,250500,5.04,18200,4.94,28700,5.05,31100,4.93,37400,5.06,28900,4.92,67700,5.07,33800,4.91,73400,5.08,46200,4.9,126900,5.09,18800,1967100,2339932,16:12:13.489
000931.SZ,000931,20260421,20260421,11:07:54.000,110754000,79,4.99,5.09,5.1,4.98,5.1,5.61,4.59,6608180,3330.7636,7207,4.99,66400,5.0,467800,4.98,259700,5.01,35000,4.97,159100,5.02,3200,4.96,282600,5.03,111200,4.95,250500,5.04,18200,4.94,28700,5.05,31100,4.93,37400,5.06,28900,4.92,67700,5.07,33800,4.91,73400,5.08,46200,4.9,126900,5.09,18800,1909100,2339932,16:12:13.614
000931.SZ,000931,20260421,20260421,11:08:00.000,110800000,79,4.99,5.09,5.1,4.98,5.1,5.61,4.59,6608180,3330.7636,7207,4.99,66600,5.0,467800,4.98,259700,5.01,35000,4.97,159100,5.02,3200,4.96,282600,5.03,111200,4.95,250500,5.04,18200,4.94,28700,5.05,31100,4.93,37400,5.06,28900,4.92,67700,5.07,33800,4.91,73400,5.08,46200,4.9,126900,5.09,18800,1909300,2339932,16:12:14.036
000931.SZ,000931,20260421,20260421,11:08:06.000,110806000,79,4.99,5.09,5.1,4.98,5.1,5.61,4.59,6608280,3330.8135,7208,4.99,67500,5.0,467800,4.98,261700,5.01,34800,4.97,159100,5.02,3200,4.96,282600,5.03,111200,4.95,250500,5.04,18200,4.94,28700,5.05,31100,4.93,37400,5.06,28900,4.92,67700,5.07,33800,4.91,73400,5.08,46200,4.9,126900,5.09,18800,1912200,2339732,16:12:14.360
000931.SZ,000931,20260421,20260421,11:08:09.000,110809000,79,4.99,5.09,5.1,4.98,5.1,5.61,4.59,6608380,3330.8634,7209,4.99,68100,5.0,467800,4.98,261700,5.01,34800,4.97,159100,5.02,3200,4.96,282600,5.03,111200,4.95,250500,5.04,18200,4.94,28700,5.05,31100,4.93,37400,5.06,28900,4.92,67700,5.07,33800,4.91,73400,5.08,46200,4.9,126900,5.09,18800,1912800,2339732,16:12:14.471
000931.SZ,000931,20260421,20260421,11:08:12.000,110812000,79,4.99,5.09,5.1,4.98,5.1,5.61,4.59,6608380,3330.8634,7209,4.99,79400,5.0,467800,4.98,261700,5.01,34800,4.97,159100,5.02,3200,4.96,282600,5.03,111200,4.95,250500,5.04,18200,4.94,28700,5.05,31100,4.93,37400,5.06,28900,4.92,67700,5.07,33800,4.91,73400,5.08,46200,4.9,126900,5.09,18800,1924100,2339732,16:12:14.549
000931.SZ,000931,20260421,20260421,11:08:15.000,110815000,79,4.99,5.09,5.1,4.98,5.1,5.61,4.59,6608380,3330.8634,7209,4.99,79600,5.0,467800,4.98,261700,5.01,34800,4.97,161400,5.02,3200,4.96,282600,5.03,111200,4.95,250500,5.04,18200,4.94,28700,5.05,31100,4.93,37400,5.06,28900,4.92,67700,5.07,33800,4.91,73400,5.08,46200,4.9,126900,5.09,18800,1926600,2339732,16:12:14.660
000931.SZ,000931,20260421,20260421,11:08:18.000,110818000,79,5.0,5.09,5.1,4.98,5.1,5.61,4.59,6608680,3331.0134,7210,4.99,79600,5.0,467500,4.98,261700,5.01,34800,4.97,161400,5.02,3200,4.96,282600,5.03,111200,4.95,250700,5.04,18200,4.94,28700,5.05,31100,4.93,37400,5.06,28900,4.92,67700,5.07,33800,4.91,73400,5.08,46200,4.9,126900,5.09,18800,1936800,2339432,16:12:14.845
000931.SZ,000931,20260421,20260421,11:08:24.000,110824000,79,5.0,5.09,5.1,4.98,5.1,5.61,4.59,6608680,3331.0134,7210,4.99,80000,5.0,467500,4.98,261700,5.01,34800,4.97,161400,5.02,3200,4.96,282600,5.03,111200,4.95,250700,5.04,18200,4.94,28700,5.05,31100,4.93,37400,5.06,28900,4.92,67700,5.07,33800,4.91,73400,5.08,46200,4.9,126900,5.09,18800,1949200,2339432,16:12:15.065
000931.SZ,000931,20260421,20260421,11:08:27.000,110827000,79,5.0,5.09,5.1,4.98,5.1,5.61,4.59,6608680,3331.0134,7210,4.99,82900,5.0,468400,4.98,261700,5.01,34800,4.97,161400,5.02,3200,4.96,282600,5.03,111200,4.95,250700,5.04,18200,4.94,28700,5.05,31100,4.93,37400,5.06,28900,4.92,67700,5.07,33800,4.91,73400,5.08,46200,4.9,126900,5.09,18800,1952100,2340332,16:12:15.213
000931.SZ,000931,20260421,20260421,11:08:30.000,110830000,79,5.0,5.09,5.1,4.98,5.1,5.61,4.59,6608680,3331.0134,7210,4.99,85300,5.0,468400,4.98,261700,5.01,34800,4.97,161400,5.02,3200,4.96,282600,5.03,111200,4.95,250700,5.04,18200,4.94,28700,5.05,31100,4.93,37400,5.06,28900,4.92,67700,5.07,33800,4.91,73400,5.08,46200,4.9,126900,5.09,18800,1954500,2340332,16:12:15.392
000931.SZ,000931,20260421,20260421,11:08:33.000,110833000,79,4.99,5.09,5.1,4.98,5.1,5.61,4.59,6608780,3331.0633,7211,4.99,85300,5.0,468400,4.98,261700,5.01,34700,4.97,161400,5.02,3200,4.96,282600,5.03,111200,4.95,250700,5.04,18200,4.94,28700,5.05,31600,4.93,37400,5.06,28900,4.92,67700,5.07,33800,4.91,73400,5.08,46200,4.9,126900,5.09,18800,1954500,2340732,16:12:15.501
000931.SZ,000931,20260421,20260421,11:08:36.000,110836000,79,4.99,5.09,5.1,4.98,5.1,5.61,4.59,6608780,3331.0633,7211,4.99,85300,5.0,468400,4.98,261700,5.01,34700,4.97,160400,5.02,3200,4.96,282600,5.03,111200,4.95,250700,5.04,18200,4.94,28700,5.05,31600,4.93,37400,5.06,28900,4.92,67700,5.07,33800,4.91,73400,5.08,46200,4.9,126900,5.09,18800,1953500,2340732,16:12:15.737
000931.SZ,000931,20260421,20260421,11:08:39.000,110839000,79,4.99,5.09,5.1,4.98,5.1,5.61,4.59,6608780,3331.0633,7211,4.99,85400,5.0,468400,4.98,261700,5.01,34700,4.97,160400,5.02,3200,4.96,282600,5.03,111200,4.95,250700,5.04,18200,4.94,28700,5.05,31600,4.93,37400,5.06,28900,4.92,67700,5.07,33800,4.91,73400,5.08,46200,4.9,126900,5.09,18800,1953600,2340732,16:12:15.860
000931.SZ,000931,20260421,20260421,11:08:42.000,110842000,79,4.99,5.09,5.1,4.98,5.1,5.61,4.59,6608780,3331.0633,7211,4.99,85600,5.0,468400,4.98,261700,5.01,34700,4.97,160400,5.02,3200,4.96,282600,5.03,111200,4.95,250700,5.04,18200,4.94,28700,5.05,31600,4.93,37400,5.06,28900,4.92,67700,5.07,33800,4.91,73400,5.08,46200,4.9,126900,5.09,18800,1953800,2340732,16:12:15.956
000931.SZ,000931,20260421,20260421,11:08:45.000,110845000,79,4.99,5.09,5.1,4.98,5.1,5.61,4.59,6608780,3331.0633,7211,4.99,85600,5.0,468400,4.98,261700,5.01,34700,4.97,160400,5.02,3200,4.96,262600,5.03,111200,4.95,250700,5.04,18200,4.94,28700,5.05,31600,4.93,37400,5.06,28900,4.92,67700,5.07,33800,4.91,73400,5.08,46200,4.9,126900,5.09,18800,1933800,2340732,16:12:16.034
000931.SZ,000931,20260421,20260421,11:08:48.000,110848000,79,4.99,5.09,5.1,4.98,5.1,5.61,4.59,6608880,3331.1132,7212,4.99,85500,5.0,468300,4.98,261700,5.01,34700,4.97,160400,5.02,3200,4.96,262600,5.03,111200,4.95,250700,5.04,18200,4.94,28700,5.05,31600,4.93,37400,5.06,28900,4.92,67700,5.07,33800,4.91,73400,5.08,46200,4.9,126900,5.09,18800,1933700,2340632,16:12:16.206
000931.SZ,000931,20260421,20260421,11:08:51.000,110851000,79,4.99,5.09,5.1,4.98,5.1,5.61,4.59,6608880,3331.1132,7212,4.99,88500,5.0,468300,4.98,261700,5.01,34700,4.97,160400,5.02,3200,4.96,262600,5.03,111200,4.95,250700,5.04,18200,4.94,28700,5.05,31600,4.93,37400,5.06,28900,4.92,67700,5.07,33800,4.91,73400,5.08,46200,4.9,126900,5.09,18800,1936700,2340632,16:12:16.342
000931.SZ,000931,20260421,20260421,11:08:54.000,110854000,79,4.99,5.09,5.1,4.98,5.1,5.61,4.59,6608880,3331.1132,7212,4.99,91600,5.0,468300,4.98,263700,5.01,34700,4.97,160400,5.02,3200,4.96,262600,5.03,111200,4.95,250900,5.04,18200,4.94,28700,5.05,31600,4.93,37400,5.06,28900,4.92,67700,5.07,33800,4.91,73400,5.08,46200,4.9,126900,5.09,18800,1942000,2340632,16:12:16.455
000931.SZ,000931,20260421,20260421,11:08:57.000,110857000,79,4.99,5.09,5.1,4.98,5.1,5.61,4.59,6608880,3331.1132,7212,4.99,91700,5.0,468200,4.98,263700,5.01,34700,4.97,160400,5.02,3200,4.96,262600,5.03,111200,4.95,250900,5.04,18200,4.94,28700,5.05,31600,4.93,37400,5.06,28900,4.92,67700,5.07,33800,4.91,73400,5.08,46200,4.9,126900,5.09,18800,1942100,2340532,16:12:16.550
000931.SZ,000931,20260421,20260421,11:09:00.000,110900000,79,4.99,5.09,5.1,4.98,5.1,5.61,4.59,6608880,3331.1132,7212,4.99,91700,5.0,468200,4.98,263700,5.01,34700,4.97,160400,5.02,3200,4.96,262600,5.03,111200,4.95,251900,5.04,18200,4.94,28700,5.05,31600,4.93,37400,5.06,28900,4.92,67700,5.07,33800,4.91,73400,5.08,46200,4.9,126900,5.09,18800,1943100,2340532,16:12:16.688
000931.SZ,000931,20260421,20260421,11:09:03.000,110903000,79,4.99,5.09,5.1,4.98,5.1,5.61,4.59,6620780,3337.0513,7225,4.99,79800,5.0,468200,4.98,263700,5.01,34700,4.97,160400,5.02,3200,4.96,262600,5.03,111200,4.95,251400,5.04,18200,4.94,28700,5.05,31600,4.93,37400,5.06,28900,4.92,67700,5.07,33800,4.91,73400,5.08,46200,4.9,126900,5.09,18800,1930700,2340532,16:12:17.020
000931.SZ,000931,20260421,20260421,11:09:09.000,110909000,79,4.99,5.09,5.1,4.98,5.1,5.61,4.59,6620780,3337.0513,7225,4.99,82600,5.0,468200,4.98,263700,5.01,34700,4.97,160400,5.02,3200,4.96,262600,5.03,111200,4.95,251800,5.04,18200,4.94,28700,5.05,31600,4.93,37400,5.06,28900,4.92,67700,5.07,33800,4.91,73400,5.08,46200,4.9,126900,5.09,18800,1933900,2340532,16:12:17.277
000931.SZ,000931,20260421,20260421,11:09:12.000,110912000,79,4.99,5.09,5.1,4.98,5.1,5.61,4.59,6620780,3337.0513,7225,4.99,84500,5.0,468200,4.98,263700,5.01,34700,4.97,160400,5.02,3200,4.96,262600,5.03,111200,4.95,251800,5.04,18200,4.94,28700,5.05,31600,4.93,37400,5.06,28900,4.92,67700,5.07,33800,4.91,73400,5.08,46200,4.9,126900,5.09,18800,1935800,2340532,16:12:17.402
000931.SZ,000931,20260421,20260421,11:09:15.000,110915000,79,4.99,5.09,5.1,4.98,5.1,5.61,4.59,6620880,3337.1012,7226,4.99,85200,5.0,468100,4.98,263700,5.01,34700,4.97,160400,5.02,3200,4.96,262600,5.03,111200,4.95,251800,5.04,18200,4.94,28700,5.05,31600,4.93,37400,5.06,28900,4.92,67700,5.07,33800,4.91,73400,5.08,46200,4.9,126900,5.09,18800,1936500,2340432,16:12:17.515
000931.SZ,000931,20260421,20260421,11:09:18.000,110918000,79,4.99,5.09,5.1,4.98,5.1,5.61,4.59,6620880,3337.1012,7226,4.99,86200,5.0,468100,4.98,263700,5.01,34700,4.97,160400,5.02,3200,4.96,262600,5.03,111200,4.95,251800,5.04,18200,4.94,28700,5.05,31600,4.93,37400,5.06,28900,4.92,67700,5.07,33800,4.91,73400,5.08,46200,4.9,126900,5.09,18800,1938100,2340432,16:12:17.639
000931.SZ,000931,20260421,20260421,11:09:24.000,110924000,79,4.99,5.09,5.1,4.98,5.1,5.61,4.59,6620880,3337.1012,7226,4.99,86200,5.0,468900,4.98,263700,5.01,34700,4.97,160400,5.02,3200,4.96,262600,5.03,111200,4.95,252800,5.04,18200,4.94,28700,5.05,31600,4.93,37400,5.06,28900,4.92,67700,5.07,33800,4.91,73400,5.08,46200,4.9,126900,5.09,18800,1939100,2341232,16:12:17.938
000931.SZ,000931,20260421,20260421,11:09:30.000,110930000,79,5.0,5.09,5.1,4.98,5.1,5.61,4.59,6620980,3337.1512,7227,4.99,88400,5.0,468800,4.98,263700,5.01,34700,4.97,160400,5.02,3200,4.96,262600,5.03,111200,4.95,252800,5.04,18200,4.94,28700,5.05,31600,4.93,37400,5.06,28900,4.92,67700,5.07,33800,4.91,73400,5.08,46200,4.9,126900,5.09,18800,1921300,2336132,16:12:18.189
000931.SZ,000931,20260421,20260421,11:09:33.000,110933000,79,5.0,5.09,5.1,4.98,5.1,5.61,4.59,6620980,3337.1512,7227,4.99,89300,5.0,468900,4.98,265700,5.01,34700,4.97,160400,5.02,3200,4.96,262600,5.03,111200,4.95,253800,5.04,18200,4.94,28700,5.05,31600,4.93,37400,5.06,28900,4.92,67700,5.07,33800,4.91,73400,5.08,46200,4.9,126900,5.09,18800,1925200,2336232,16:12:18.269
000931.SZ,000931,20260421,20260421,11:09:36.000,110936000,79,5.0,5.09,5.1,4.98,5.1,5.61,4.59,6620980,3337.1512,7227,4.99,89300,5.0,468900,4.98,262700,5.01,34700,4.97,160400,5.02,3200,4.96,262600,5.03,111200,4.95,253800,5.04,18200,4.94,28700,5.05,31600,4.93,37400,5.06,28900,4.92,67700,5.07,33800,4.91,73400,5.08,46200,4.9,126900,5.09,18800,1922200,2336232,16:12:18.311
000931.SZ,000931,20260421,20260421,11:09:39.000,110939000,79,5.0,5.09,5.1,4.98,5.1,5.61,4.59,6620980,3337.1512,7227,4.99,89300,5.0,469000,4.98,262700,5.01,34700,4.97,160400,5.02,3200,4.96,262600,5.03,111200,4.95,253800,5.04,18200,4.94,28700,5.05,31600,4.93,37400,5.06,28900,4.92,67700,5.07,33800,4.91,73400,5.08,46200,4.9,126900,5.09,18800,1922200,2336332,16:12:18.388
000931.SZ,000931,20260421,20260421,11:09:54.000,110954000,79,5.0,5.09,5.1,4.98,5.1,5.61,4.59,6620980,3337.1512,7227,4.99,89300,5.0,469000,4.98,262700,5.01,34700,4.97,160400,5.02,3200,4.96,262600,5.03,111200,4.95,253800,5.04,18200,4.94,28700,5.05,31600,4.93,37400,5.06,28900,4.92,67700,5.07,33800,4.91,73400,5.08,46200,4.9,126900,5.09,18800,1942200,2336332,16:12:18.612
000931.SZ,000931,20260421,20260421,11:09:57.000,110957000,79,5.0,5.09,5.1,4.98,5.1,5.61,4.59,6620980,3337.1512,7227,4.99,89400,5.0,469200,4.98,262700,5.01,34700,4.97,160400,5.02,3200,4.96,262600,5.03,111200,4.95,253800,5.04,18200,4.94,28700,5.05,31600,4.93,37400,5.06,28900,4.92,67700,5.07,33800,4.91,73400,5.08,46200,4.9,126900,5.09,18800,1942300,2336532,16:12:18.678
000931.SZ,000931,20260421,20260421,11:10:03.000,111003000,79,5.0,5.09,5.1,4.98,5.1,5.61,4.59,6635980,3344.6462,7229,4.99,84400,5.0,459400,4.98,262700,5.01,34700,4.97,160400,5.02,3200,4.96,262600,5.03,111200,4.95,253800,5.04,18200,4.94,28700,5.05,31600,4.93,37400,5.06,28900,4.92,67700,5.07,33800,4.91,73400,5.08,46200,4.9,126900,5.09,18800,1937300,2326732,16:12:18.846
000931.SZ,000931,20260421,20260421,11:10:12.000,111012000,79,5.0,5.09,5.1,4.98,5.1,5.61,4.59,6635980,3344.6462,7229,4.99,84600,5.0,459400,4.98,261700,5.01,34700,4.97,160400,5.02,3200,4.96,262600,5.03,111200,4.95,253800,5.04,18200,4.94,28700,5.05,31600,4.93,37400,5.06,28900,4.92,67700,5.07,33800,4.91,73400,5.08,46200,4.9,126900,5.09,18800,1936500,2326732,16:12:19.007
000931.SZ,000931,20260421,20260421,11:10:18.000,111018000,79,5.0,5.09,5.1,4.98,5.1,5.61,4.59,6637180,3345.2462,7230,4.99,84600,5.0,458200,4.98,261000,5.01,34700,4.97,160400,5.02,3200,4.96,262600,5.03,111200,4.95,253800,5.04,18200,4.94,28700,5.05,31600,4.93,37400,5.06,28900,4.92,67700,5.07,33800,4.91,73400,5.08,46200,4.9,126900,5.09,18800,1935800,2325532,16:12:19.102
000931.SZ,000931,20260421,20260421,11:10:21.000,111021000,79,5.0,5.09,5.1,4.98,5.1,5.61,4.59,6637180,3345.2462,7230,4.99,88600,5.0,458200,4.98,261000,5.01,34700,4.97,160100,5.02,3200,4.96,262600,5.03,111200,4.95,253800,5.04,18200,4.94,28700,5.05,31600,4.93,37400,5.06,28900,4.92,67700,5.07,33800,4.91,73400,5.08,46200,4.9,126900,5.09,18800,1939500,2325532,16:12:19.253
000931.SZ,000931,20260421,20260421,11:10:27.000,111027000,79,4.99,5.09,5.1,4.98,5.1,5.61,4.59,6637280,3345.2961,7231,4.99,88500,5.0,455200,4.98,261000,5.01,34700,4.97,160100,5.02,3200,4.96,262600,5.03,111200,4.95,253800,5.04,18200,4.94,28700,5.05,31600,4.93,37400,5.06,28900,4.92,67700,5.07,33800,4.91,73400,5.08,46200,4.9,126900,5.09,18800,1939400,2322532,16:12:19.560
000931.SZ,000931,20260421,20260421,11:10:30.000,111030000,79,4.99,5.09,5.1,4.98,5.1,5.61,4.59,6637280,3345.2961,7231,4.99,89600,5.0,455300,4.98,263000,5.01,34700,4.97,160100,5.02,3200,4.96,262600,5.03,111200,4.95,253800,5.04,18200,4.94,28700,5.05,31600,4.93,37400,5.06,28900,4.92,67700,5.07,33800,4.91,73400,5.08,46200,4.9,126900,5.09,18800,1942500,2322632,16:12:19.625
000931.SZ,000931,20260421,20260421,11:10:33.000,111033000,79,4.99,5.09,5.1,4.98,5.1,5.61,4.59,6637380,3345.346,7232,4.99,91400,5.0,455900,4.98,263000,5.01,34700,4.97,160100,5.02,3200,4.96,262600,5.03,111200,4.95,253800,5.04,18200,4.94,28700,5.05,31600,4.93,37400,5.06,28900,4.92,67700,5.07,33800,4.91,73400,5.08,46200,4.9,126900,5.09,18800,1944300,2323232,16:12:19.846
000931.SZ,000931,20260421,20260421,11:10:42.000,111042000,79,4.99,5.09,5.1,4.98,5.1,5.61,4.59,6637380,3345.346,7232,4.99,91400,5.0,455900,4.98,263000,5.01,34700,4.97,160100,5.02,3200,4.96,262600,5.03,111200,4.95,253800,5.04,18200,4.94,28700,5.05,31600,4.93,37200,5.06,28900,4.92,67700,5.07,33800,4.91,73400,5.08,46200,4.9,126900,5.09,18800,1944100,2323232,16:12:20.282
000931.SZ,000931,20260421,20260421,11:10:48.000,111048000,79,4.99,5.09,5.1,4.98,5.1,5.61,4.59,6638880,3346.0945,7233,4.99,91200,5.0,455900,4.98,263000,5.01,34700,4.97,160100,5.02,3200,4.96,262600,5.03,111200,4.95,253800,5.04,18200,4.94,28700,5.05,31600,4.93,37200,5.06,28900,4.92,67700,5.07,33800,4.91,73400,5.08,46200,4.9,126900,5.09,18800,1943900,2323232,16:12:20.496
000931.SZ,000931,20260421,20260421,11:10:57.000,111057000,79,4.99,5.09,5.1,4.98,5.1,5.61,4.59,6638880,3346.0945,7233,4.99,91300,5.0,455900,4.98,263000,5.01,34700,4.97,160100,5.02,3200,4.96,262600,5.03,111200,4.95,253800,5.04,18200,4.94,28700,5.05,31600,4.93,37200,5.06,28900,4.92,67700,5.07,33800,4.91,73400,5.08,46200,4.9,127400,5.09,18800,1944500,2323232,16:12:20.999
000931.SZ,000931,20260421,20260421,11:11:00.000,111100000,79,4.99,5.09,5.1,4.98,5.1,5.61,4.59,6638880,3346.0945,7233,4.99,91400,5.0,455900,4.98,263000,5.01,34700,4.97,160100,5.02,3200,4.96,262600,5.03,111200,4.95,253800,5.04,18200,4.94,28700,5.05,31600,4.93,37200,5.06,28900,4.92,67700,5.07,33800,4.91,73400,5.08,46200,4.9,127400,5.09,18800,1944600,2323232,16:12:20.999
000931.SZ,000931,20260421,20260421,11:11:09.000,111109000,79,4.99,5.09,5.1,4.98,5.1,5.61,4.59,6638880,3346.0945,7233,4.99,91400,5.0,455900,4.98,283900,5.01,34700,4.97,160100,5.02,3200,4.96,262600,5.03,111200,4.95,253800,5.04,18200,4.94,28700,5.05,31600,4.93,37200,5.06,28900,4.92,67700,5.07,33800,4.91,73400,5.08,46200,4.9,127400,5.09,18800,1965500,2323232,16:12:21.575
000931.SZ,000931,20260421,20260421,11:11:12.000,111112000,79,4.99,5.09,5.1,4.98,5.1,5.61,4.59,6638880,3346.0945,7233,4.99,92100,5.0,455900,4.98,283900,5.01,34700,4.97,160100,5.02,3200,4.96,262600,5.03,111200,4.95,253800,5.04,18200,4.94,28700,5.05,31600,4.93,37200,5.06,28900,4.92,67700,5.07,33800,4.91,73400,5.08,46200,4.9,127400,5.09,18800,1966200,2323232,16:12:21.829
000931.SZ,000931,20260421,20260421,11:11:15.000,111115000,79,4.99,5.09,5.1,4.98,5.1,5.61,4.59,6638880,3346.0945,7233,4.99,93000,5.0,455900,4.98,283900,5.01,34700,4.97,160100,5.02,3200,4.96,262600,5.03,111200,4.95,253800,5.04,18200,4.94,28700,5.05,31600,4.93,37200,5.06,28900,4.92,67700,5.07,33800,4.91,73400,5.08,46200,4.9,127400,5.09,18800,1967100,2323232,16:12:21.880
000931.SZ,000931,20260421,20260421,11:11:18.000,111118000,79,5.02,5.09,5.1,4.98,5.1,5.61,4.59,7162780,3608.1462,7454,5.01,247700,5.02,1000,5.0,204500,5.03,111100,4.99,79200,5.04,18200,4.98,283600,5.05,31600,4.97,160100,5.06,28900,4.96,262600,5.07,33800,4.95,253800,5.08,46200,4.94,28700,5.09,18800,4.93,37200,5.1,101932,4.92,67700,5.11,41700,2405200,1830332,16:12:22.095
000931.SZ,000931,20260421,20260421,11:11:21.000,111121000,79,5.02,5.09,5.1,4.98,5.1,5.61,4.59,7162780,3608.1462,7454,5.01,253300,5.02,23300,5.0,191500,5.03,111200,4.99,72500,5.04,18200,4.98,283600,5.05,31600,4.97,160100,5.06,28900,4.96,262600,5.07,33800,4.95,253800,5.08,46200,4.94,28700,5.09,18800,4.93,37200,5.1,101932,4.92,67700,5.11,41700,2391100,1852732,16:12:22.272
000931.SZ,000931,20260421,20260421,11:11:24.000,111124000,79,5.02,5.09,5.1,4.98,5.1,5.61,4.59,7163380,3608.4474,7456,5.01,246200,5.02,8700,5.0,81400,5.03,111200,4.99,62500,5.04,18200,4.98,283600,5.05,31600,4.97,160100,5.06,28900,4.96,262600,5.07,33800,4.95,253800,5.08,46200,4.94,28700,5.09,18800,4.93,37200,5.1,101932,4.92,67700,5.11,41700,2263900,1838132,16:12:22.371
000931.SZ,000931,20260421,20260421,11:11:27.000,111127000,79,5.02,5.09,5.1,4.98,5.1,5.61,4.59,7163380,3608.4474,7456,5.01,246200,5.02,9200,5.0,81400,5.03,111200,4.99,64000,5.04,18200,4.98,283600,5.05,31600,4.97,160100,5.06,28900,4.96,262600,5.07,33800,4.95,253800,5.08,46200,4.94,28700,5.09,18800,4.93,37200,5.1,101932,4.92,67700,5.11,41700,2265400,1840632,16:12:22.607
000931.SZ,000931,20260421,20260421,11:11:30.000,111130000,79,5.02,5.09,5.1,4.98,5.1,5.61,4.59,7163780,3608.6482,7458,5.01,48000,5.02,12700,5.0,78400,5.03,109200,4.99,64000,5.04,18200,4.98,283600,5.05,31600,4.97,155100,5.06,28900,4.96,260600,5.07,33800,4.95,253800,5.08,46200,4.94,28700,5.09,18800,4.93,37200,5.1,101932,4.92,67700,5.11,41700,2057200,1842132,16:12:22.748
000931.SZ,000931,20260421,20260421,11:11:33.000,111133000,79,5.02,5.09,5.1,4.98,5.1,5.61,4.59,7163780,3608.6482,7458,5.01,48000,5.02,29400,5.0,78400,5.03,109200,4.99,64000,5.04,18200,4.98,283600,5.05,31600,4.97,155100,5.06,28900,4.96,260600,5.07,33800,4.95,253800,5.08,46200,4.94,28700,5.09,18800,4.93,37200,5.1,101932,4.92,67700,5.11,41700,2057200,1858832,16:12:22.834
000931.SZ,000931,20260421,20260421,11:11:36.000,111136000,79,5.02,5.09,5.1,4.98,5.1,5.61,4.59,7168380,3610.9574,7461,5.01,48200,5.02,37500,5.0,78400,5.03,109200,4.99,64000,5.04,18200,4.98,283600,5.05,31600,4.97,155100,5.06,28900,4.96,260600,5.07,33800,4.95,253800,5.08,46200,4.94,28700,5.09,18800,4.93,37200,5.1,101932,4.92,67700,5.11,41700,2057400,1866932,16:12:22.926
000931.SZ,000931,20260421,20260421,11:11:39.000,111139000,79,5.02,5.09,5.1,4.98,5.1,5.61,4.59,7168380,3610.9574,7461,5.01,49500,5.02,45300,5.0,78200,5.03,109100,4.99,79300,5.04,18200,4.98,283600,5.05,31600,4.97,155100,5.06,28900,4.96,260600,5.07,33800,4.95,253800,5.08,46200,4.94,28700,5.09,18800,4.93,37200,5.1,101932,4.92,67700,5.11,41700,2073800,1874632,16:12:23.063
000931.SZ,000931,20260421,20260421,11:11:42.000,111142000,79,5.02,5.09,5.1,4.98,5.1,5.61,4.59,7168380,3610.9574,7461,5.01,50100,5.02,50300,5.0,78200,5.03,109100,4.99,79300,5.04,18200,4.98,283600,5.05,31600,4.97,155100,5.06,28900,4.96,260600,5.07,33800,4.95,253800,5.08,46200,4.94,28700,5.09,18800,4.93,37200,5.1,101932,4.92,67700,5.11,41700,2074400,1879632,16:12:23.249
000931.SZ,000931,20260421,20260421,11:11:45.000,111145000,79,5.02,5.09,5.1,4.98,5.1,5.61,4.59,7168780,3611.1582,7462,5.01,50800,5.02,54900,5.0,78200,5.03,109100,4.99,79300,5.04,18200,4.98,283600,5.05,31600,4.97,155100,5.06,28900,4.96,260600,5.07,33800,4.95,253800,5.08,46200,4.94,28700,5.09,18800,4.93,37200,5.1,101932,4.92,67700,5.11,41700,2075100,1884232,16:12:23.401
000931.SZ,000931,20260421,20260421,11:11:48.000,111148000,79,5.02,5.09,5.1,4.98,5.1,5.61,4.59,7168780,3611.1582,7462,5.01,50800,5.02,60300,5.0,77100,5.03,109100,4.99,79300,5.04,18200,4.98,283600,5.05,31600,4.97,155100,5.06,28900,4.96,261600,5.07,33800,4.95,253800,5.08,46200,4.94,28700,5.09,18800,4.93,37200,5.1,101932,4.92,67700,5.11,41700,2075000,1889632,16:12:23.495
000931.SZ,000931,20260421,20260421,11:11:51.000,111151000,79,5.02,5.09,5.1,4.98,5.1,5.61,4.59,7168780,3611.1582,7462,5.01,50800,5.02,68900,5.0,77100,5.03,109100,4.99,79300,5.04,18200,4.98,283600,5.05,31600,4.97,155100,5.06,28900,4.96,261600,5.07,33800,4.95,253800,5.08,46200,4.94,28700,5.09,18800,4.93,37200,5.1,101932,4.92,67700,5.11,41700,2075000,1898232,16:12:23.652
000931.SZ,000931,20260421,20260421,11:11:54.000,111154000,79,5.02,5.09,5.1,4.98,5.1,5.61,4.59,7183080,3618.3356,7477,5.01,49600,5.02,55800,5.0,73300,5.03,109100,4.99,79300,5.04,18200,4.98,283600,5.05,31600,4.97,155100,5.06,28900,4.96,261600,5.07,33800,4.95,253800,5.08,46200,4.94,28700,5.09,18800,4.93,37200,5.1,101932,4.92,67700,5.11,41700,2070000,1885132,16:12:23.776
000931.SZ,000931,20260421,20260421,11:11:57.000,111157000,79,5.02,5.09,5.1,4.98,5.1,5.61,4.59,7183280,3618.436,7478,5.01,49700,5.02,58000,5.0,73200,5.03,109100,4.99,79300,5.04,18200,4.98,283600,5.05,31600,4.97,155100,5.06,28900,4.96,261600,5.07,33800,4.95,253800,5.08,46200,4.94,28700,5.09,18800,4.93,37200,5.1,101932,4.92,67700,5.11,41700,2070000,1887332,16:12:23.895
000931.SZ,000931,20260421,20260421,11:12:00.000,111200000,79,5.02,5.09,5.1,4.98,5.1,5.61,4.59,7183280,3618.436,7478,5.01,49700,5.02,58800,5.0,73200,5.03,109100,4.99,79300,5.04,18200,4.98,283600,5.05,31600,4.97,155100,5.06,28900,4.96,261600,5.07,33800,4.95,253800,5.08,46200,4.94,28700,5.09,18800,4.93,37200,5.1,101932,4.92,67700,5.11,41700,2070000,1888132,16:12:24.084
000931.SZ,000931,20260421,20260421,11:12:03.000,111203000,79,5.02,5.09,5.1,4.98,5.1,5.61,4.59,7183280,3618.436,7478,5.01,50800,5.02,58900,5.0,73200,5.03,109100,4.99,79300,5.04,18200,4.98,283600,5.05,31600,4.97,155100,5.06,28900,4.96,261600,5.07,33800,4.95,253800,5.08,46200,4.94,28700,5.09,18800,4.93,37200,5.1,101932,4.92,67700,5.11,41700,2071100,1888232,16:12:24.275
000931.SZ,000931,20260421,20260421,11:12:06.000,111206000,79,5.02,5.09,5.1,4.98,5.1,5.61,4.59,7183280,3618.436,7478,5.01,51900,5.02,58900,5.0,73200,5.03,109100,4.99,79100,5.04,18200,4.98,283600,5.05,31600,4.97,155100,5.06,28900,4.96,261600,5.07,33800,4.95,253800,5.08,46200,4.94,28700,5.09,18800,4.93,37200,5.1,101932,4.92,67700,5.11,41700,2072000,1888232,16:12:24.394
000931.SZ,000931,20260421,20260421,11:12:09.000,111209000,79,5.02,5.09,5.1,4.98,5.1,5.61,4.59,7183280,3618.436,7478,5.01,52100,5.02,60900,5.0,73300,5.03,109100,4.99,78700,5.04,18200,4.98,283600,5.05,31600,4.97,155100,5.06,28900,4.96,261500,5.07,33800,4.95,253800,5.08,46200,4.94,28700,5.09,18800,4.93,37200,5.1,101932,4.92,67700,5.11,41700,2071800,1890232,16:12:24.520
000931.SZ,000931,20260421,20260421,11:12:15.000,111215000,79,5.02,5.09,5.1,4.98,5.1,5.61,4.59,7183280,3618.436,7478,5.01,52300,5.02,60900,5.0,73300,5.03,109100,4.99,78700,5.04,18200,4.98,283600,5.05,31600,4.97,155100,5.06,28900,4.96,261500,5.07,33800,4.95,253800,5.08,46200,4.94,28700,5.09,18800,4.93,37200,5.1,101932,4.92,67700,5.11,41700,2072000,1890232,16:12:24.804
000931.SZ,000931,20260421,20260421,11:12:18.000,111218000,79,5.02,5.09,5.1,4.98,5.1,5.61,4.59,7183280,3618.436,7478,5.01,52300,5.02,60900,5.0,66300,5.03,109100,4.99,78700,5.04,18200,4.98,283600,5.05,31600,4.97,155100,5.06,28900,4.96,261500,5.07,33800,4.95,253800,5.08,46200,4.94,28700,5.09,18800,4.93,37200,5.1,101932,4.92,67700,5.11,41700,2065000,1889232,16:12:24.914
000931.SZ,000931,20260421,20260421,11:12:21.000,111221000,79,5.02,5.09,5.1,4.98,5.1,5.61,4.59,7183280,3618.436,7478,5.01,52300,5.02,60900,5.0,53600,5.03,109100,4.99,78700,5.04,18200,4.98,283600,5.05,31600,4.97,155100,5.06,28900,4.96,261500,5.07,33800,4.95,253800,5.08,46200,4.94,28700,5.09,18800,4.93,37200,5.1,101932,4.92,67700,5.11,41700,2052300,1889232,16:12:25.237
000931.SZ,000931,20260421,20260421,11:12:24.000,111224000,79,5.02,5.09,5.1,4.98,5.1,5.61,4.59,7183280,3618.436,7478,5.01,52300,5.02,60900,5.0,53600,5.03,109100,4.99,78700,5.04,18200,4.98,263600,5.05,31600,4.97,155100,5.06,28900,4.96,261500,5.07,33800,4.95,253800,5.08,46200,4.94,28700,5.09,18800,4.93,37200,5.1,101932,4.92,67700,5.11,41700,2032300,1889232,16:12:25.255
000931.SZ,000931,20260421,20260421,11:12:27.000,111227000,79,5.02,5.09,5.1,4.98,5.1,5.61,4.59,7183280,3618.436,7478,5.01,52400,5.02,60900,5.0,53600,5.03,109100,4.99,78700,5.04,18200,4.98,263600,5.05,31600,4.97,155100,5.06,28900,4.96,261500,5.07,33800,4.95,253800,5.08,46200,4.94,28700,5.09,18800,4.93,37200,5.1,101932,4.92,67700,5.11,41700,2032400,1889232,16:12:25.358
000931.SZ,000931,20260421,20260421,11:12:33.000,111233000,79,5.01,5.09,5.1,4.98,5.1,5.61,4.59,7235680,3644.6884,7530,5.0,5800,5.01,5800,4.99,78700,5.02,60900,4.98,263600,5.03,109100,4.97,155100,5.04,18200,4.96,261500,5.05,31600,4.95,253800,5.06,28900,4.94,28700,5.07,33800,4.93,37200,5.08,46200,4.92,67700,5.09,18800,4.91,73400,5.1,101932,1932200,1895032,16:12:25.709
000931.SZ,000931,20260421,20260421,11:12:36.000,111236000,79,5.01,5.09,5.1,4.98,5.1,5.61,4.59,7237180,3645.4399,7535,5.0,24800,5.01,2700,4.99,78700,5.02,63800,4.98,263600,5.03,109100,4.97,155100,5.04,18200,4.96,261500,5.05,31600,4.95,253800,5.06,28900,4.94,28700,5.07,33800,4.93,37200,5.08,46200,4.92,67700,5.09,18800,4.91,73400,5.1,101932,1951200,1894832,16:12:25.834
000931.SZ,000931,20260421,20260421,11:12:39.000,111239000,79,5.01,5.09,5.1,4.98,5.1,5.61,4.59,7237180,3645.4399,7535,5.0,25200,5.01,6500,4.99,78700,5.02,63800,4.98,263200,5.03,109100,4.97,154100,5.04,18200,4.96,261500,5.05,19700,4.95,253800,5.06,28900,4.94,28700,5.07,33800,4.93,37200,5.08,46200,4.92,67700,5.09,18800,4.91,73400,5.1,101932,1950200,1886732,16:12:25.976
000931.SZ,000931,20260421,20260421,11:12:42.000,111242000,79,5.01,5.09,5.1,4.98,5.1,5.61,4.59,7237180,3645.4399,7535,5.0,25700,5.01,9900,4.99,78700,5.02,63800,4.98,263200,5.03,109100,4.97,154100,5.04,18200,4.96,261500,5.05,19700,4.95,253800,5.06,28900,4.94,28700,5.07,33800,4.93,37200,5.08,46200,4.92,67700,5.09,18800,4.91,73400,5.1,101932,1950700,1890132,16:12:26.101
000931.SZ,000931,20260421,20260421,11:12:45.000,111245000,79,5.01,5.09,5.1,4.98,5.1,5.61,4.59,7237180,3645.4399,7535,5.0,25700,5.01,13000,4.99,78700,5.02,63800,4.98,263200,5.03,109100,4.97,154100,5.04,18200,4.96,261500,5.05,19700,4.95,253800,5.06,28900,4.94,28700,5.07,33800,4.93,37200,5.08,46200,4.92,67700,5.09,18800,4.91,73400,5.1,101932,1950700,1893232,16:12:26.257
000931.SZ,000931,20260421,20260421,11:12:48.000,111248000,79,5.01,5.09,5.1,4.98,5.1,5.61,4.59,7237180,3645.4399,7535,5.0,25200,5.01,14100,4.99,78700,5.02,63700,4.98,263200,5.03,109100,4.97,154100,5.04,18200,4.96,261500,5.05,19700,4.95,253800,5.06,28900,4.94,28700,5.07,33800,4.93,36000,5.08,46200,4.92,67700,5.09,18800,4.91,73400,5.1,101932,1949000,1894232,16:12:26.353
000931.SZ,000931,20260421,20260421,11:12:51.000,111251000,79,5.01,5.09,5.1,4.98,5.1,5.61,4.59,7237180,3645.4399,7535,5.0,24000,5.01,14900,4.99,78700,5.02,63700,4.98,263200,5.03,109100,4.97,154100,5.04,18200,4.96,261500,5.05,19700,4.95,254300,5.06,28900,4.94,28700,5.07,33800,4.93,36000,5.08,46200,4.92,67700,5.09,18800,4.91,73400,5.1,101932,1948300,1895032,16:12:26.582
000931.SZ,000931,20260421,20260421,11:12:57.000,111257000,79,5.01,5.09,5.1,4.98,5.1,5.61,4.59,7237180,3645.4399,7535,5.0,24200,5.01,14900,4.99,77800,5.02,63700,4.98,263200,5.03,109100,4.97,154100,5.04,18200,4.96,261500,5.05,19700,4.95,254300,5.06,28900,4.94,28700,5.07,33800,4.93,36000,5.08,46200,4.92,67700,5.09,18800,4.91,73400,5.1,101932,1947600,1895032,16:12:26.759
000931.SZ,000931,20260421,20260421,11:13:00.000,111300000,79,5.01,5.09,5.1,4.98,5.1,5.61,4.59,7237180,3645.4399,7535,5.0,24200,5.01,14900,4.99,77700,5.02,63700,4.98,263200,5.03,109100,4.97,154100,5.04,18200,4.96,261500,5.05,19700,4.95,254300,5.06,28900,4.94,28700,5.07,33800,4.93,36000,5.08,46200,4.92,67700,5.09,18800,4.91,73400,5.1,101932,1947500,1895032,16:12:26.926
000931.SZ,000931,20260421,20260421,11:13:03.000,111303000,79,5.01,5.09,5.1,4.98,5.1,5.61,4.59,7237180,3645.4399,7535,5.0,24300,5.01,14900,4.99,78100,5.02,75600,4.98,263200,5.03,109100,4.97,154100,5.04,18200,4.96,261500,5.05,19700,4.95,254300,5.06,28900,4.94,28700,5.07,33800,4.93,36000,5.08,46200,4.92,67700,5.09,18800,4.91,73400,5.1,101932,1948000,1906932,16:12:27.177
000931.SZ,000931,20260421,20260421,11:13:09.000,111309000,79,5.01,5.09,5.1,4.98,5.1,5.61,4.59,7237180,3645.4399,7535,5.0,24300,5.01,14900,4.99,78100,5.02,75600,4.98,264100,5.03,109100,4.97,154100,5.04,18200,4.96,261500,5.05,19700,4.95,254300,5.06,28900,4.94,28700,5.07,33800,4.93,36000,5.08,46200,4.92,67700,5.09,18800,4.91,73400,5.1,101932,1948900,1906932,16:12:27.488
000931.SZ,000931,20260421,20260421,11:13:12.000,111312000,79,5.01,5.09,5.1,4.98,5.1,5.61,4.59,7237180,3645.4399,7535,5.0,24700,5.01,14900,4.99,78100,5.02,75600,4.98,264100,5.03,109100,4.97,154100,5.04,18200,4.96,261500,5.05,19700,4.95,254300,5.06,28900,4.94,28700,5.07,33800,4.93,36000,5.08,46200,4.92,67700,5.09,18800,4.91,73400,5.1,101932,1949300,1906932,16:12:27.596
000931.SZ,000931,20260421,20260421,11:13:15.000,111315000,79,5.01,5.09,5.1,4.98,5.1,5.61,4.59,7237180,3645.4399,7535,5.0,31300,5.01,14900,4.99,78100,5.02,75600,4.98,264100,5.03,109100,4.97,154100,5.04,18200,4.96,261500,5.05,19700,4.95,254300,5.06,28900,4.94,28700,5.07,33800,4.93,36000,5.08,46200,4.92,67700,5.09,18800,4.91,73400,5.1,101932,1955900,1906932,16:12:27.739
000931.SZ,000931,20260421,20260421,11:13:18.000,111318000,79,5.01,5.09,5.1,4.98,5.1,5.61,4.59,7237880,3645.7906,7536,5.0,34600,5.01,14200,4.99,78100,5.02,75600,4.98,264100,5.03,109100,4.97,154100,5.04,18200,4.96,261500,5.05,19700,4.95,254300,5.06,28900,4.94,28700,5.07,33800,4.93,36000,5.08,46200,4.92,67700,5.09,18800,4.91,73400,5.1,101932,1959200,1906232,16:12:27.811
000931.SZ,000931,20260421,20260421,11:13:21.000,111321000,79,5.01,5.09,5.1,4.98,5.1,5.61,4.59,7237880,3645.7906,7536,5.0,41300,5.01,13800,4.99,78100,5.02,75600,4.98,264100,5.03,109100,4.97,154100,5.04,18200,4.96,261500,5.05,19700,4.95,254300,5.06,28900,4.94,28700,5.07,33800,4.93,36000,5.08,46200,4.92,67700,5.09,18800,4.91,73400,5.1,101932,1965900,1906832,16:12:27.953
000931.SZ,000931,20260421,20260421,11:13:24.000,111324000,79,5.0,5.09,5.1,4.98,5.1,5.61,4.59,7237980,3645.8406,7537,5.0,41200,5.01,12500,4.99,78100,5.02,75500,4.98,264100,5.03,109100,4.97,154100,5.04,18200,4.96,261500,5.05,19700,4.95,254300,5.06,28900,4.94,28700,5.07,33800,4.93,36000,5.08,46200,4.92,67700,5.09,18800,4.91,73400,5.1,101932,1966100,1905432,16:12:28.062
000931.SZ,000931,20260421,20260421,11:13:27.000,111327000,79,5.0,5.09,5.1,4.98,5.1,5.61,4.59,7237980,3645.8406,7537,5.0,41200,5.01,12500,4.99,78100,5.02,75500,4.98,264100,5.03,109200,4.97,154100,5.04,18200,4.96,259500,5.05,19700,4.95,254300,5.06,28900,4.94,28700,5.07,33800,4.93,36000,5.08,46200,4.92,67700,5.09,18800,4.91,73400,5.1,101932,1964100,1905532,16:12:28.171
000931.SZ,000931,20260421,20260421,11:13:30.000,111330000,79,5.0,5.09,5.1,4.98,5.1,5.61,4.59,7237980,3645.8406,7537,5.0,41600,5.01,12500,4.99,78100,5.02,75500,4.98,264100,5.03,109200,4.97,154100,5.04,18200,4.96,259500,5.05,19700,4.95,254300,5.06,28900,4.94,28700,5.07,33800,4.93,36000,5.08,46200,4.92,67700,5.09,18800,4.91,73400,5.1,101932,1964500,1905532,16:12:28.313
000931.SZ,000931,20260421,20260421,11:13:33.000,111333000,79,5.0,5.09,5.1,4.98,5.1,5.61,4.59,7237980,3645.8406,7537,5.0,42400,5.01,12500,4.99,78100,5.02,75500,4.98,264100,5.03,109200,4.97,154100,5.04,18200,4.96,259500,5.05,19700,4.95,254300,5.06,28900,4.94,28700,5.07,33800,4.93,36000,5.08,46200,4.92,67700,5.09,18800,4.91,73400,5.1,101932,1965300,1906232,16:12:28.398
000931.SZ,000931,20260421,20260421,11:13:48.000,111348000,79,5.0,5.09,5.1,4.98,5.1,5.61,4.59,7237980,3645.8406,7537,5.0,42400,5.01,12500,4.99,78100,5.02,75500,4.98,264100,5.03,109200,4.97,154100,5.04,18200,4.96,259500,5.05,19700,4.95,254300,5.06,28900,4.94,28700,5.07,33800,4.93,36000,5.08,46200,4.92,67700,5.09,18800,4.91,73400,5.1,101932,1965300,1905232,16:12:28.895
000931.SZ,000931,20260421,20260421,11:13:57.000,111357000,79,5.0,5.09,5.1,4.98,5.1,5.61,4.59,7237980,3645.8406,7537,5.0,42400,5.01,12500,4.99,77100,5.02,75500,4.98,264100,5.03,109200,4.97,154100,5.04,18200,4.96,259500,5.05,19700,4.95,254300,5.06,28900,4.94,28700,5.07,33800,4.93,36000,5.08,46200,4.92,67700,5.09,18800,4.91,73400,5.1,101932,1964300,1905232,16:12:29.273
000931.SZ,000931,20260421,20260421,11:14:00.000,111400000,79,5.0,5.09,5.1,4.98,5.1,5.61,4.59,7237980,3645.8406,7537,5.0,42600,5.01,16700,4.99,79100,5.02,75500,4.98,264100,5.03,109200,4.97,154100,5.04,18200,4.96,259500,5.05,19700,4.95,254300,5.06,28900,4.94,28700,5.07,33800,4.93,36000,5.08,46200,4.92,67700,5.09,18800,4.91,73400,5.1,101932,1966500,1910432,16:12:29.381
000931.SZ,000931,20260421,20260421,11:14:03.000,111403000,79,5.0,5.09,5.1,4.98,5.1,5.61,4.59,7238080,3645.8906,7538,5.0,42600,5.01,16700,4.99,79100,5.02,75400,4.98,195800,5.03,109200,4.97,154100,5.04,18200,4.96,259500,5.05,19700,4.95,254300,5.06,28900,4.94,28700,5.07,33800,4.93,36000,5.08,46200,4.92,67700,5.09,18800,4.91,73400,5.1,101932,1898200,1910332,16:12:29.612
000931.SZ,000931,20260421,20260421,11:14:06.000,111406000,79,5.0,5.09,5.1,4.98,5.1,5.61,4.59,7238080,3645.8906,7538,5.0,42600,5.01,16300,4.99,79100,5.02,75400,4.98,195800,5.03,109200,4.97,154100,5.04,18200,4.96,259500,5.05,19700,4.95,254300,5.06,28900,4.94,28700,5.07,33800,4.93,36000,5.08,46200,4.92,67700,5.09,18800,4.91,73400,5.1,101932,1898200,1909932,16:12:29.738
000931.SZ,000931,20260421,20260421,11:14:12.000,111412000,79,5.0,5.09,5.1,4.98,5.1,5.61,4.59,7238080,3645.8906,7538,5.0,43600,5.01,16300,4.99,79100,5.02,75400,4.98,195800,5.03,109200,4.97,154100,5.04,18200,4.96,259500,5.05,19700,4.95,254300,5.06,28900,4.94,28700,5.07,33800,4.93,36000,5.08,46200,4.92,67700,5.09,18800,4.91,73400,5.1,101932,1899200,1909932,16:12:30.037
000931.SZ,000931,20260421,20260421,11:14:15.000,111415000,79,5.0,5.09,5.1,4.98,5.1,5.61,4.59,7238080,3645.8906,7538,5.0,53600,5.01,16300,4.99,79100,5.02,75400,4.98,195800,5.03,109200,4.97,154100,5.04,18200,4.96,259500,5.05,19700,4.95,255300,5.06,28900,4.94,28700,5.07,33800,4.93,36000,5.08,46200,4.92,67700,5.09,18800,4.91,73400,5.1,101932,1910200,1909932,16:12:30.176
000931.SZ,000931,20260421,20260421,11:14:21.000,111421000,79,5.0,5.09,5.1,4.98,5.1,5.61,4.59,7238080,3645.8906,7538,5.0,53600,5.01,16300,4.99,79100,5.02,75400,4.98,195800,5.03,109200,4.97,154100,5.04,18200,4.96,259500,5.05,19700,4.95,255300,5.06,28900,4.94,28700,5.07,33800,4.93,36000,5.08,46200,4.92,67700,5.09,18800,4.91,73400,5.1,101932,1910200,1909232,16:12:30.515
000931.SZ,000931,20260421,20260421,11:14:30.000,111430000,79,5.0,5.09,5.1,4.98,5.1,5.61,4.59,7238180,3645.9406,7539,5.0,54100,5.01,24400,4.99,79100,5.02,75400,4.98,195800,5.03,109200,4.97,154100,5.04,18200,4.96,259500,5.05,19700,4.95,255300,5.06,28900,4.94,28700,5.07,33800,4.93,36000,5.08,46200,4.92,67700,5.09,18800,4.91,73400,5.1,101932,1910700,1918032,16:12:30.860
000931.SZ,000931,20260421,20260421,11:14:33.000,111433000,79,5.0,5.09,5.1,4.98,5.1,5.61,4.59,7238180,3645.9406,7539,5.0,54200,5.01,24400,4.99,79100,5.02,75400,4.98,195800,5.03,109200,4.97,154100,5.04,18200,4.96,259500,5.05,19700,4.95,255300,5.06,28900,4.94,28700,5.07,33800,4.93,36000,5.08,46200,4.92,67700,5.09,18800,4.91,73400,5.1,101932,1910800,1918032,16:12:31.018
000931.SZ,000931,20260421,20260421,11:14:36.000,111436000,79,5.0,5.09,5.1,4.98,5.1,5.61,4.59,7238280,3645.9906,7540,5.0,54100,5.01,24500,4.99,79100,5.02,75300,4.98,195800,5.03,109200,4.97,154100,5.04,18200,4.96,259500,5.05,19700,4.95,255300,5.06,28900,4.94,28700,5.07,33800,4.93,36000,5.08,46200,4.92,67700,5.09,18800,4.91,73400,5.1,101932,1910700,1918032,16:12:31.174
000931.SZ,000931,20260421,20260421,11:14:42.000,111442000,79,5.0,5.09,5.1,4.98,5.1,5.61,4.59,7238280,3645.9906,7540,5.0,42200,5.01,32700,4.99,79100,5.02,75300,4.98,264200,5.03,109200,4.97,154100,5.04,18200,4.96,259500,5.05,19700,4.95,255300,5.06,28900,4.94,28700,5.07,33800,4.93,36000,5.08,46200,4.92,67700,5.09,18800,4.91,73400,5.1,101932,1967200,1926232,16:12:31.454
000931.SZ,000931,20260421,20260421,11:14:45.000,111445000,79,5.0,5.09,5.1,4.98,5.1,5.61,4.59,7238280,3645.9906,7540,5.0,54700,5.01,32700,4.99,79100,5.02,75300,4.98,264200,5.03,109200,4.97,154100,5.04,18200,4.96,259500,5.05,19700,4.95,255300,5.06,28900,4.94,28700,5.07,33800,4.93,36000,5.08,46200,4.92,67700,5.09,18800,4.91,73400,5.1,101932,1979700,1926232,16:12:31.610
000931.SZ,000931,20260421,20260421,11:14:48.000,111448000,79,5.0,5.09,5.1,4.98,5.1,5.61,4.59,7238280,3645.9906,7540,5.0,54700,5.01,33700,4.99,79100,5.02,75300,4.98,264200,5.03,109200,4.97,154100,5.04,18200,4.96,259500,5.05,19700,4.95,255300,5.06,28900,4.94,28700,5.07,33800,4.93,36000,5.08,46200,4.92,67700,5.09,18800,4.91,73400,5.1,101932,1979700,1927232,16:12:31.753
000931.SZ,000931,20260421,20260421,11:14:51.000,111451000,79,5.0,5.09,5.1,4.98,5.1,5.61,4.59,7238380,3646.0406,7541,5.0,54600,5.01,33600,4.99,79100,5.02,75300,4.98,264200,5.03,109200,4.97,154600,5.04,18200,4.96,259500,5.05,19700,4.95,255300,5.06,28900,4.94,28700,5.07,33800,4.93,36000,5.08,46200,4.92,67700,5.09,18800,4.91,73400,5.1,101932,1980100,1927132,16:12:31.914
000931.SZ,000931,20260421,20260421,11:14:54.000,111454000,79,5.0,5.09,5.1,4.98,5.1,5.61,4.59,7238380,3646.0406,7541,5.0,54600,5.01,41800,4.99,79100,5.02,75300,4.98,264200,5.03,109200,4.97,154600,5.04,18200,4.96,261500,5.05,19700,4.95,255300,5.06,28900,4.94,28700,5.07,33800,4.93,36000,5.08,46200,4.92,67700,5.09,18800,4.91,73400,5.1,101932,1982100,1935332,16:12:31.914
000931.SZ,000931,20260421,20260421,11:14:57.000,111457000,79,5.0,5.09,5.1,4.98,5.1,5.61,4.59,7238380,3646.0406,7541,5.0,55300,5.01,42000,4.99,79100,5.02,75300,4.98,264200,5.03,109200,4.97,154600,5.04,18200,4.96,261500,5.05,19700,4.95,255300,5.06,28900,4.94,28700,5.07,33800,4.93,36000,5.08,46200,4.92,67700,5.09,18800,4.91,73400,5.1,101932,1982800,1935532,16:12:32.026
000931.SZ,000931,20260421,20260421,11:15:00.000,111500000,79,5.0,5.09,5.1,4.98,5.1,5.61,4.59,7238380,3646.0406,7541,5.0,55500,5.01,42000,4.99,79100,5.02,75300,4.98,264200,5.03,109200,4.97,154600,5.04,18200,4.96,261500,5.05,19700,4.95,255300,5.06,28900,4.94,28700,5.07,33800,4.93,36000,5.08,46200,4.92,67700,5.09,18800,4.91,73400,5.1,101932,1983000,1935532,16:12:32.149
000931.SZ,000931,20260421,20260421,11:15:03.000,111503000,79,5.0,5.09,5.1,4.98,5.1,5.61,4.59,7238380,3646.0406,7541,5.0,56200,5.01,42000,4.99,79100,5.02,75300,4.98,264300,5.03,109200,4.97,154600,5.04,18200,4.96,261500,5.05,19700,4.95,255300,5.06,28900,4.94,28700,5.07,33800,4.93,36000,5.08,46200,4.92,67700,5.09,18800,4.91,73400,5.1,101932,1983800,1935532,16:12:32.488
000931.SZ,000931,20260421,20260421,11:15:06.000,111506000,79,5.0,5.09,5.1,4.98,5.1,5.61,4.59,7238780,3646.2406,7542,5.0,55800,5.01,44200,4.99,79100,5.02,75300,4.98,264300,5.03,109200,4.97,154600,5.04,18200,4.96,261500,5.05,19700,4.95,255300,5.06,28900,4.94,28700,5.07,33800,4.93,36000,5.08,46200,4.92,67700,5.09,18800,4.91,73400,5.1,101932,1983400,1937732,16:12:32.650
000931.SZ,000931,20260421,20260421,11:15:09.000,111509000,79,5.0,5.09,5.1,4.98,5.1,5.61,4.59,7238780,3646.2406,7542,5.0,55800,5.01,29200,4.99,79100,5.02,75300,4.98,264300,5.03,109200,4.97,154600,5.04,18200,4.96,261500,5.05,19700,4.95,255300,5.06,28900,4.94,28700,5.07,33800,4.93,36000,5.08,46200,4.92,67700,5.09,18800,4.91,73400,5.1,101932,1983400,1922732,16:12:32.650
000931.SZ,000931,20260421,20260421,11:15:12.000,111512000,79,5.0,5.09,5.1,4.98,5.1,5.61,4.59,7238780,3646.2406,7542,5.0,55800,5.01,29300,4.99,79000,5.02,75300,4.98,264300,5.03,109200,4.97,154600,5.04,18200,4.96,261500,5.05,19700,4.95,255300,5.06,28900,4.94,28700,5.07,33800,4.93,36000,5.08,46200,4.92,67700,5.09,18800,4.91,73400,5.1,101932,1983300,1922832,16:12:32.803
000931.SZ,000931,20260421,20260421,11:15:15.000,111515000,79,5.0,5.09,5.1,4.98,5.1,5.61,4.59,7238780,3646.2406,7542,5.0,55800,5.01,33100,4.99,79000,5.02,75300,4.98,264300,5.03,109200,4.97,154600,5.04,18200,4.96,261500,5.05,19700,4.95,255300,5.06,28900,4.94,28700,5.07,33800,4.93,36000,5.08,46200,4.92,67700,5.09,18800,4.91,73400,5.1,101932,1983300,1926632,16:12:32.946
000931.SZ,000931,20260421,20260421,11:15:21.000,111521000,79,5.0,5.09,5.1,4.98,5.1,5.61,4.59,7238780,3646.2406,7542,5.0,55800,5.01,33100,4.99,79000,5.02,75300,4.98,264300,5.03,109300,4.97,154600,5.04,18200,4.96,266500,5.05,19700,4.95,255300,5.06,28900,4.94,28700,5.07,33800,4.93,36000,5.08,46200,4.92,67700,5.09,18800,4.91,73400,5.1,101932,1988300,1926732,16:12:33.226
000931.SZ,000931,20260421,20260421,11:15:27.000,111527000,79,5.0,5.09,5.1,4.98,5.1,5.61,4.59,7238780,3646.2406,7542,5.0,55800,5.01,33100,4.99,254900,5.02,75300,4.98,264300,5.03,109300,4.97,154600,5.04,18200,4.96,266500,5.05,19700,4.95,255300,5.06,28900,4.94,28700,5.07,33800,4.93,36000,5.08,46200,4.92,67700,5.09,18800,4.91,73400,5.1,101932,2164200,1926732,16:12:33.535
000931.SZ,000931,20260421,20260421,11:15:30.000,111530000,79,5.0,5.09,5.1,4.98,5.1,5.61,4.59,7238780,3646.2406,7542,5.0,55900,5.01,33100,4.99,254900,5.02,75300,4.98,264300,5.03,109300,4.97,154600,5.04,18200,4.96,266500,5.05,19700,4.95,255300,5.06,28900,4.94,28700,5.07,33800,4.93,36000,5.08,46200,4.92,67700,5.09,18800,4.91,73400,5.1,101932,2164300,1926732,16:12:33.677
000931.SZ,000931,20260421,20260421,11:15:33.000,111533000,79,5.0,5.09,5.1,4.98,5.1,5.61,4.59,7238780,3646.2406,7542,5.0,55900,5.01,33100,4.99,255900,5.02,75300,4.98,264300,5.03,109300,4.97,154600,5.04,18200,4.96,266500,5.05,19700,4.95,255300,5.06,28900,4.94,28700,5.07,33800,4.93,36000,5.08,46200,4.92,67700,5.09,18800,4.91,73400,5.1,101932,2164900,1926732,16:12:33.818
000931.SZ,000931,20260421,20260421,11:15:36.000,111536000,79,5.0,5.09,5.1,4.98,5.1,5.61,4.59,7238780,3646.2406,7542,5.0,55900,5.01,33100,4.99,256200,5.02,75300,4.98,264300,5.03,109300,4.97,154600,5.04,18200,4.96,266500,5.05,19700,4.95,255300,5.06,28900,4.94,28700,5.07,33800,4.93,36000,5.08,46200,4.92,67700,5.09,18800,4.91,73400,5.1,101932,2165200,1926732,16:12:33.960
000931.SZ,000931,20260421,20260421,11:15:42.000,111542000,79,5.0,5.09,5.1,4.98,5.1,5.61,4.59,7238780,3646.2406,7542,5.0,55900,5.01,35100,4.99,256200,5.02,75300,4.98,264300,5.03,109300,4.97,154600,5.04,18200,4.96,266500,5.05,19700,4.95,255300,5.06,28900,4.94,28700,5.07,33800,4.93,36000,5.08,46200,4.92,67700,5.09,18800,4.91,73400,5.1,101932,2165200,1928732,16:12:34.272
000931.SZ,000931,20260421,20260421,11:15:45.000,111545000,79,5.0,5.09,5.1,4.98,5.1,5.61,4.59,7238780,3646.2406,7542,5.0,55600,5.01,35100,4.99,256200,5.02,75300,4.98,264300,5.03,109300,4.97,154600,5.04,18200,4.96,266500,5.05,19700,4.95,255300,5.06,28900,4.94,28700,5.07,33800,4.93,36000,5.08,46200,4.92,67700,5.09,18800,4.91,73400,5.1,101932,2164900,1928732,16:12:34.272
000931.SZ,000931,20260421,20260421,11:15:48.000,111548000,79,5.0,5.09,5.1,4.98,5.1,5.61,4.59,7238780,3646.2406,7542,5.0,55600,5.01,36700,4.99,256200,5.02,75300,4.98,264300,5.03,109300,4.97,154600,5.04,18200,4.96,266500,5.05,19700,4.95,255700,5.06,28900,4.94,28700,5.07,33800,4.93,36000,5.08,46200,4.92,67700,5.09,18800,4.91,73400,5.1,101932,2165300,1930332,16:12:34.502
000931.SZ,000931,20260421,20260421,11:15:54.000,111554000,79,5.0,5.09,5.1,4.98,5.1,5.61,4.59,7238780,3646.2406,7542,5.0,55600,5.01,39100,4.99,256200,5.02,75300,4.98,264300,5.03,109300,4.97,154600,5.04,18200,4.96,266500,5.05,19700,4.95,255700,5.06,28900,4.94,28700,5.07,33800,4.93,36000,5.08,46200,4.92,67700,5.09,18800,4.91,73400,5.1,101932,2165300,1932732,16:12:34.646
000931.SZ,000931,20260421,20260421,11:15:57.000,111557000,79,5.0,5.09,5.1,4.98,5.1,5.61,4.59,7238780,3646.2406,7542,5.0,55700,5.01,47700,4.99,256200,5.02,75300,4.98,264300,5.03,109300,4.97,154600,5.04,18200,4.96,266500,5.05,19700,4.95,255700,5.06,28900,4.94,28700,5.07,33800,4.93,36000,5.08,46200,4.92,67700,5.09,18800,4.91,73400,5.1,101932,2165400,1941332,16:12:34.802
000931.SZ,000931,20260421,20260421,11:16:00.000,111600000,79,5.0,5.09,5.1,4.98,5.1,5.61,4.59,7238780,3646.2406,7542,5.0,55700,5.01,47700,4.99,257200,5.02,79900,4.98,264300,5.03,109300,4.97,154600,5.04,18200,4.96,266500,5.05,19700,4.95,255700,5.06,28900,4.94,28700,5.07,33800,4.93,36000,5.08,46200,4.92,67700,5.09,18800,4.91,73400,5.1,101932,2166400,1945932,16:12:34.958
000931.SZ,000931,20260421,20260421,11:16:03.000,111603000,79,5.0,5.09,5.1,4.98,5.1,5.61,4.59,7238780,3646.2406,7542,5.0,55700,5.01,47700,4.99,257200,5.02,79900,4.98,265300,5.03,109300,4.97,154600,5.04,18200,4.96,266500,5.05,19700,4.95,255700,5.06,28900,4.94,28700,5.07,33800,4.93,36000,5.08,46200,4.92,67700,5.09,18800,4.91,73400,5.1,101932,2167400,1945932,16:12:35.272
000931.SZ,000931,20260421,20260421,11:16:06.000,111606000,79,5.0,5.09,5.1,4.98,5.1,5.61,4.59,7247280,3650.4906,7570,5.0,47200,5.01,47700,4.99,257200,5.02,79900,4.98,265300,5.03,109300,4.97,154600,5.04,18200,4.96,266500,5.05,19700,4.95,255700,5.06,28900,4.94,28700,5.07,33800,4.93,36000,5.08,46200,4.92,67700,5.09,18800,4.91,73400,5.1,101932,2158900,1945932,16:12:35.326
000931.SZ,000931,20260421,20260421,11:16:09.000,111609000,79,5.0,5.09,5.1,4.98,5.1,5.61,4.59,7247280,3650.4906,7570,5.0,47600,5.01,47700,4.99,257200,5.02,79900,4.98,265300,5.03,109300,4.97,154600,5.04,18200,4.96,266500,5.05,19700,4.95,255700,5.06,28900,4.94,28700,5.07,33800,4.93,36000,5.08,46200,4.92,67700,5.09,18800,4.91,73400,5.1,101932,2159300,1945932,16:12:35.445
000931.SZ,000931,20260421,20260421,11:16:12.000,111612000,79,5.0,5.09,5.1,4.98,5.1,5.61,4.59,7252980,3653.3406,7581,5.0,41900,5.01,56500,4.99,257200,5.02,80100,4.98,265300,5.03,109300,4.97,154600,5.04,18200,4.96,266500,5.05,19700,4.95,255700,5.06,28900,4.94,28700,5.07,33800,4.93,36000,5.08,46200,4.92,67700,5.09,18800,4.91,73400,5.1,101932,2153600,1954932,16:12:35.564
000931.SZ,000931,20260421,20260421,11:16:15.000,111615000,79,5.0,5.09,5.1,4.98,5.1,5.61,4.59,7254580,3654.1406,7582,5.0,50300,5.01,56500,4.99,257200,5.02,80100,4.98,265300,5.03,109300,4.97,154600,5.04,18200,4.96,266500,5.05,19700,4.95,255700,5.06,28900,4.94,28700,5.07,33800,4.93,36000,5.08,46200,4.92,67700,5.09,18800,4.91,73400,5.1,101932,2162000,1954932,16:12:35.706
000931.SZ,000931,20260421,20260421,11:16:18.000,111618000,79,5.0,5.09,5.1,4.98,5.1,5.61,4.59,7254580,3654.1406,7582,5.0,50300,5.01,56500,4.99,257200,5.02,80100,4.98,265300,5.03,109300,4.97,154100,5.04,18200,4.96,266500,5.05,19700,4.95,255700,5.06,28900,4.94,28700,5.07,33800,4.93,36000,5.08,46200,4.92,67700,5.09,18800,4.91,73400,5.1,101932,2161500,1954932,16:12:35.879
000931.SZ,000931,20260421,20260421,11:16:21.000,111621000,79,5.01,5.09,5.1,4.98,5.1,5.61,4.59,7260280,3656.9963,7591,5.0,50300,5.01,50800,4.99,257200,5.02,80100,4.98,265300,5.03,109300,4.97,154100,5.04,18200,4.96,266500,5.05,19700,4.95,255700,5.06,28900,4.94,28700,5.07,33800,4.93,36000,5.08,46200,4.92,67700,5.09,18800,4.91,73400,5.1,101932,2161500,1949232,16:12:36.005
000931.SZ,000931,20260421,20260421,11:16:24.000,111624000,79,5.01,5.09,5.1,4.98,5.1,5.61,4.59,7260380,3657.0464,7592,5.0,50300,5.01,50700,4.99,257200,5.02,80100,4.98,265300,5.03,109300,4.97,155300,5.04,18200,4.96,266500,5.05,19700,4.95,255700,5.06,28900,4.94,28700,5.07,33800,4.93,36000,5.08,46200,4.92,67700,5.09,18800,4.91,73400,5.1,101932,2162700,1949132,16:12:36.145
000931.SZ,000931,20260421,20260421,11:16:30.000,111630000,79,5.01,5.09,5.1,4.98,5.1,5.61,4.59,7260380,3657.0464,7592,5.0,50500,5.01,50900,4.99,257200,5.02,80100,4.98,265300,5.03,109300,4.97,155300,5.04,18200,4.96,266500,5.05,19700,4.95,255700,5.06,28900,4.94,28700,5.07,33800,4.93,36000,5.08,46200,4.92,67700,5.09,18800,4.91,73400,5.1,101932,2162900,1949332,16:12:36.349
000931.SZ,000931,20260421,20260421,11:16:33.000,111633000,79,5.01,5.09,5.1,4.98,5.1,5.61,4.59,7260380,3657.0464,7592,5.0,51400,5.01,50900,4.99,257200,5.02,80100,4.98,265300,5.03,109300,4.97,155300,5.04,18200,4.96,266500,5.05,19700,4.95,255700,5.06,28900,4.94,28700,5.07,33800,4.93,36000,5.08,46200,4.92,67700,5.09,18800,4.91,73400,5.1,101932,2163800,1949332,16:12:36.499
000931.SZ,000931,20260421,20260421,11:16:39.000,111639000,79,5.01,5.09,5.1,4.98,5.1,5.61,4.59,7260380,3657.0464,7592,5.0,51400,5.01,50900,4.99,257200,5.02,80100,4.98,265300,5.03,109300,4.97,155300,5.04,18200,4.96,263600,5.05,19700,4.95,255700,5.06,28900,4.94,28700,5.07,33800,4.93,36000,5.08,46200,4.92,67700,5.09,18800,4.91,73400,5.1,101932,2160900,1949332,16:12:36.642
000931.SZ,000931,20260421,20260421,11:16:42.000,111642000,79,5.01,5.09,5.1,4.98,5.1,5.61,4.59,7260380,3657.0464,7592,5.0,51400,5.01,50900,4.99,257200,5.02,80100,4.98,265300,5.03,109300,4.97,160300,5.04,18200,4.96,263600,5.05,19700,4.95,255700,5.06,28900,4.94,28700,5.07,33800,4.93,36000,5.08,46200,4.92,67700,5.09,18800,4.91,73400,5.1,101932,2165900,1949332,16:12:36.803
000931.SZ,000931,20260421,20260421,11:16:48.000,111648000,79,5.01,5.09,5.1,4.98,5.1,5.61,4.59,7261680,3657.6977,7594,5.0,51600,5.01,49600,4.99,257200,5.02,80100,4.98,258700,5.03,109300,4.97,160300,5.04,18200,4.96,263600,5.05,19700,4.95,255700,5.06,28900,4.94,28700,5.07,33800,4.93,36000,5.08,46200,4.92,67700,5.09,18800,4.91,73400,5.1,101932,2159500,1948032,16:12:36.988
000931.SZ,000931,20260421,20260421,11:16:51.000,111651000,79,5.01,5.09,5.1,4.98,5.1,5.61,4.59,7261680,3657.6977,7594,5.0,61600,5.01,49600,4.99,257200,5.02,80100,4.98,258700,5.03,109300,4.97,160300,5.04,18200,4.96,266600,5.05,19700,4.95,255700,5.06,28900,4.94,28700,5.07,33800,4.93,36000,5.08,46200,4.92,67700,5.09,18800,4.91,73400,5.1,101932,2172500,1948032,16:12:37.175
000931.SZ,000931,20260421,20260421,11:16:57.000,111657000,79,5.01,5.09,5.1,4.98,5.1,5.61,4.59,7261680,3657.6977,7594,5.0,61900,5.01,49600,4.99,257200,5.02,80100,4.98,258700,5.03,109300,4.97,160300,5.04,18200,4.96,266600,5.05,19700,4.95,255700,5.06,28900,4.94,28700,5.07,33800,4.93,36000,5.08,46200,4.92,67700,5.09,18800,4.91,73400,5.1,101932,2172800,1948032,16:12:37.548
000931.SZ,000931,20260421,20260421,11:17:00.000,111700000,79,5.01,5.09,5.1,4.98,5.1,5.61,4.59,7261680,3657.6977,7594,5.0,61900,5.01,49600,4.99,257200,5.02,80100,4.98,258700,5.03,109300,4.97,160300,5.04,18200,4.96,266700,5.05,19700,4.95,255700,5.06,28900,4.94,28700,5.07,33800,4.93,36000,5.08,46200,4.92,67700,5.09,18800,4.91,73400,5.1,101932,2172900,1948032,16:12:37.813
000931.SZ,000931,20260421,20260421,11:17:03.000,111703000,79,5.01,5.09,5.1,4.98,5.1,5.61,4.59,7261680,3657.6977,7594,5.0,69200,5.01,50300,4.99,257200,5.02,80100,4.98,258700,5.03,109300,4.97,160300,5.04,18200,4.96,266700,5.05,19700,4.95,255700,5.06,28900,4.94,28700,5.07,33800,4.93,36000,5.08,46200,4.92,67700,5.09,18800,4.91,73400,5.1,101932,2180200,1948732,16:12:37.971
000931.SZ,000931,20260421,20260421,11:17:06.000,111706000,79,5.01,5.09,5.1,4.98,5.1,5.61,4.59,7261680,3657.6977,7594,5.0,69100,5.01,51000,4.99,257200,5.02,80100,4.98,258700,5.03,109300,4.97,161300,5.04,18200,4.96,266700,5.05,19700,4.95,255700,5.06,28900,4.94,28700,5.07,33800,4.93,36000,5.08,46200,4.92,67700,5.09,18800,4.91,73400,5.1,101932,2181100,1949432,16:12:37.971
000931.SZ,000931,20260421,20260421,11:17:09.000,111709000,79,5.01,5.09,5.1,4.98,5.1,5.61,4.59,7261680,3657.6977,7594,5.0,69100,5.01,52200,4.99,257200,5.02,80100,4.98,258700,5.03,109300,4.97,161300,5.04,18200,4.96,266700,5.05,19700,4.95,255700,5.06,28900,4.94,28700,5.07,33800,4.93,36000,5.08,46200,4.92,67700,5.09,18800,4.91,73400,5.1,101932,2181100,1950632,16:12:38.111
000931.SZ,000931,20260421,20260421,11:17:15.000,111715000,79,5.01,5.09,5.1,4.98,5.1,5.61,4.59,7261680,3657.6977,7594,5.0,71300,5.01,52200,4.99,257200,5.02,80100,4.98,258700,5.03,109300,4.97,161300,5.04,18200,4.96,266700,5.05,19700,4.95,255700,5.06,28900,4.94,28700,5.07,33800,4.93,36000,5.08,46200,4.92,67700,5.09,18800,4.91,73400,5.1,101932,2183300,1950632,16:12:38.456
000931.SZ,000931,20260421,20260421,11:17:18.000,111718000,79,5.01,5.09,5.1,4.98,5.1,5.61,4.59,7261680,3657.6977,7594,5.0,71300,5.01,52200,4.99,257200,5.02,80100,4.98,261500,5.03,109300,4.97,161300,5.04,18200,4.96,266700,5.05,19700,4.95,255700,5.06,28900,4.94,29700,5.07,33800,4.93,36000,5.08,46200,4.92,67700,5.09,18800,4.91,73400,5.1,101932,2187100,1950632,16:12:38.654
000931.SZ,000931,20260421,20260421,11:17:24.000,111724000,79,5.01,5.09,5.1,4.98,5.1,5.61,4.59,7261680,3657.6977,7594,5.0,71300,5.01,52200,4.99,257200,5.02,80100,4.98,261500,5.03,109300,4.97,161300,5.04,18200,4.96,263700,5.05,19700,4.95,255700,5.06,28900,4.94,29700,5.07,33800,4.93,36000,5.08,46200,4.92,67700,5.09,18800,4.91,73400,5.1,101932,2184100,1950632,16:12:38.859
000931.SZ,000931,20260421,20260421,11:17:27.000,111727000,79,5.01,5.09,5.1,4.98,5.1,5.61,4.59,7261680,3657.6977,7594,5.0,71500,5.01,52200,4.99,257200,5.02,80100,4.98,261500,5.03,109300,4.97,161300,5.04,18200,4.96,263700,5.05,19700,4.95,255700,5.06,28900,4.94,29700,5.07,33800,4.93,36000,5.08,46200,4.92,67700,5.09,18800,4.91,74400,5.1,101932,2185300,1950632,16:12:38.938
000931.SZ,000931,20260421,20260421,11:17:30.000,111730000,79,5.01,5.09,5.1,4.98,5.1,5.61,4.59,7261680,3657.6977,7594,5.0,71500,5.01,52200,4.99,257200,5.02,80100,4.98,261500,5.03,109300,4.97,161300,5.04,18200,4.96,263700,5.05,19700,4.95,254700,5.06,28900,4.94,29700,5.07,33800,4.93,36000,5.08,46200,4.92,67700,5.09,18800,4.91,74400,5.1,101932,2184300,1950632,16:12:39.034
000931.SZ,000931,20260421,20260421,11:17:33.000,111733000,79,5.01,5.09,5.1,4.98,5.1,5.61,4.59,7261680,3657.6977,7594,5.0,78300,5.01,56800,4.99,257200,5.02,80100,4.98,261500,5.03,109300,4.97,161300,5.04,18200,4.96,263700,5.05,19700,4.95,254700,5.06,28900,4.94,29700,5.07,33800,4.93,36000,5.08,46200,4.92,67700,5.09,18800,4.91,74400,5.1,101932,2191100,1955232,16:12:39.252
000931.SZ,000931,20260421,20260421,11:17:39.000,111739000,79,5.01,5.09,5.1,4.98,5.1,5.61,4.59,7261680,3657.6977,7594,5.0,79200,5.01,72500,4.99,257200,5.02,80100,4.98,261500,5.03,109300,4.97,161300,5.04,18200,4.96,263700,5.05,19700,4.95,254700,5.06,28900,4.94,29700,5.07,33800,4.93,36000,5.08,46200,4.92,67700,5.09,18800,4.91,74400,5.1,101932,2193000,1970932,16:12:39.502
000931.SZ,000931,20260421,20260421,11:17:42.000,111742000,79,5.01,5.09,5.1,4.98,5.1,5.61,4.59,7261680,3657.6977,7594,5.0,84200,5.01,72500,4.99,257200,5.02,80200,4.98,263300,5.03,109300,4.97,161300,5.04,18200,4.96,263700,5.05,19700,4.95,254700,5.06,28900,4.94,29700,5.07,33800,4.93,36000,5.08,46200,4.92,67700,5.09,18800,4.91,74400,5.1,101932,2199800,1971032,16:12:39.623
000931.SZ,000931,20260421,20260421,11:17:48.000,111748000,79,5.01,5.09,5.1,4.98,5.1,5.61,4.59,7261680,3657.6977,7594,5.0,84400,5.01,72500,4.99,257200,5.02,80200,4.98,263300,5.03,109300,4.97,161300,5.04,18200,4.96,263700,5.05,19700,4.95,254700,5.06,28900,4.94,29700,5.07,33800,4.93,36000,5.08,46200,4.92,67700,5.09,18800,4.91,74400,5.1,101932,2200500,1971032,16:12:39.781
000931.SZ,000931,20260421,20260421,11:17:51.000,111751000,79,5.0,5.09,5.1,4.98,5.1,5.61,4.59,7269980,3661.8477,7604,5.0,76100,5.01,72500,4.99,258200,5.02,80200,4.98,263300,5.03,109300,4.97,161300,5.04,18200,4.96,263700,5.05,19700,4.95,254700,5.06,28900,4.94,29700,5.07,33800,4.93,36000,5.08,46200,4.92,67700,5.09,18800,4.91,74400,5.1,101932,2193200,1971032,16:12:39.890
000931.SZ,000931,20260421,20260421,11:17:54.000,111754000,79,5.0,5.09,5.1,4.98,5.1,5.61,4.59,7269980,3661.8477,7604,5.0,76100,5.01,75400,4.99,258200,5.02,80200,4.98,263300,5.03,109300,4.97,161300,5.04,18200,4.96,263700,5.05,19700,4.95,254700,5.06,28900,4.94,29700,5.07,33800,4.93,36000,5.08,46200,4.92,67700,5.09,18800,4.91,74400,5.1,101932,2193200,1973932,16:12:40.070
000931.SZ,000931,20260421,20260421,11:17:57.000,111757000,79,5.0,5.09,5.1,4.98,5.1,5.61,4.59,7269980,3661.8477,7604,5.0,76100,5.01,76000,4.99,258200,5.02,80200,4.98,263300,5.03,109300,4.97,161300,5.04,18200,4.96,263700,5.05,19700,4.95,254700,5.06,28900,4.94,29700,5.07,33800,4.93,36000,5.08,46200,4.92,67700,5.09,18800,4.91,74400,5.1,101932,2193200,1974532,16:12:40.266
000931.SZ,000931,20260421,20260421,11:18:00.000,111800000,79,5.0,5.09,5.1,4.98,5.1,5.61,4.59,7269980,3661.8477,7604,5.0,76200,5.01,76000,4.99,258200,5.02,80200,4.98,263300,5.03,109300,4.97,161300,5.04,18200,4.96,263700,5.05,19700,4.95,254700,5.06,28900,4.94,29700,5.07,33800,4.93,36000,5.08,46200,4.92,67700,5.09,18800,4.91,74400,5.1,101932,2195300,1974532,16:12:40.537
000931.SZ,000931,20260421,20260421,11:18:06.000,111806000,79,5.01,5.09,5.1,4.98,5.1,5.61,4.59,7270080,3661.8978,7605,5.0,76400,5.01,73600,4.99,258200,5.02,80200,4.98,263300,5.03,109300,4.97,161300,5.04,18200,4.96,263700,5.05,19700,4.95,254700,5.06,28900,4.94,29700,5.07,33800,4.93,36000,5.08,46200,4.92,67700,5.09,18800,4.91,74400,5.1,101932,2195500,1972132,16:12:40.762
000931.SZ,000931,20260421,20260421,11:18:09.000,111809000,79,5.01,5.09,5.1,4.98,5.1,5.61,4.59,7270080,3661.8978,7605,5.0,76400,5.01,69000,4.99,258200,5.02,80200,4.98,263300,5.03,109300,4.97,161300,5.04,18200,4.96,263700,5.05,19700,4.95,254700,5.06,28900,4.94,29700,5.07,33800,4.93,36000,5.08,46200,4.92,67700,5.09,18800,4.91,74400,5.1,101932,2195500,1967532,16:12:40.967
000931.SZ,000931,20260421,20260421,11:18:12.000,111812000,79,5.01,5.09,5.1,4.98,5.1,5.61,4.59,7270080,3661.8978,7605,5.0,76400,5.01,69000,4.99,258200,5.02,80200,4.98,263300,5.03,109300,4.97,161300,5.04,18200,4.96,263700,5.05,19700,4.95,254700,5.06,28900,4.94,29700,5.07,33800,4.93,36000,5.08,46200,4.92,67700,5.09,18800,4.91,74400,5.1,101932,2197500,1967532,16:12:40.967
000931.SZ,000931,20260421,20260421,11:18:15.000,111815000,79,5.01,5.09,5.1,4.98,5.1,5.61,4.59,7270080,3661.8978,7605,5.0,76400,5.01,69000,4.99,263200,5.02,80200,4.98,263300,5.03,109300,4.97,161300,5.04,18200,4.96,263700,5.05,19700,4.95,254700,5.06,28900,4.94,29700,5.07,33800,4.93,36000,5.08,46200,4.92,67700,5.09,18800,4.91,74400,5.1,101932,2202500,1967532,16:12:41.156
000931.SZ,000931,20260421,20260421,11:18:21.000,111821000,79,5.01,5.09,5.1,4.98,5.1,5.61,4.59,7270080,3661.8978,7605,5.0,76400,5.01,69000,4.99,263200,5.02,80200,4.98,268300,5.03,109300,4.97,161300,5.04,18200,4.96,263700,5.05,19700,4.95,254700,5.06,28900,4.94,29700,5.07,33800,4.93,36000,5.08,46200,4.92,67700,5.09,18800,4.91,74400,5.1,101932,2207500,1967532,16:12:41.360
000931.SZ,000931,20260421,20260421,11:18:24.000,111824000,79,5.01,5.09,5.1,4.98,5.1,5.61,4.59,7270080,3661.8978,7605,5.0,76400,5.01,69000,4.99,266200,5.02,80200,4.98,268300,5.03,109300,4.97,161300,5.04,18200,4.96,263700,5.05,19700,4.95,254700,5.06,28900,4.94,29700,5.07,33800,4.93,36000,5.08,46200,4.92,67700,5.09,18800,4.91,74400,5.1,101932,2212500,1967532,16:12:41.572
000931.SZ,000931,20260421,20260421,11:18:27.000,111827000,79,5.01,5.09,5.1,4.98,5.1,5.61,4.59,7270080,3661.8978,7605,5.0,77600,5.01,69000,4.99,266200,5.02,80200,4.98,268300,5.03,109300,4.97,161300,5.04,18200,4.96,263700,5.05,19700,4.95,254700,5.06,28900,4.94,29700,5.07,33800,4.93,36000,5.08,46200,4.92,67700,5.09,18800,4.91,74400,5.1,101932,2213700,1967532,16:12:41.572
000931.SZ,000931,20260421,20260421,11:18:30.000,111830000,79,5.01,5.09,5.1,4.98,5.1,5.61,4.59,7270080,3661.8978,7605,5.0,77600,5.01,73600,4.99,266200,5.02,80200,4.98,268300,5.03,109300,4.97,161300,5.04,18200,4.96,263700,5.05,19700,4.95,254700,5.06,28900,4.94,29700,5.07,33800,4.93,36000,5.08,46200,4.92,67700,5.09,18800,4.91,74400,5.1,101932,2213700,1972132,16:12:41.715
000931.SZ,000931,20260421,20260421,11:18:33.000,111833000,79,5.01,5.09,5.1,4.98,5.1,5.61,4.59,7270080,3661.8978,7605,5.0,77600,5.01,73600,4.99,266200,5.02,80200,4.98,268300,5.03,109300,4.97,161300,5.04,18200,4.96,263700,5.05,19700,4.95,254700,5.06,28900,4.94,29700,5.07,33800,4.93,36000,5.08,46200,4.92,67700,5.09,18800,4.91,74400,5.1,101932,2215700,1972132,16:12:41.715
000931.SZ,000931,20260421,20260421,11:18:42.000,111842000,79,5.01,5.09,5.1,4.98,5.1,5.61,4.59,7270080,3661.8978,7605,5.0,77600,5.01,69000,4.99,266200,5.02,80200,4.98,268300,5.03,109300,4.97,161300,5.04,18200,4.96,263700,5.05,19700,4.95,254700,5.06,28900,4.94,29700,5.07,33800,4.93,36000,5.08,46200,4.92,67700,5.09,18800,4.91,74400,5.1,101932,2215700,1967532,16:12:42.083
000931.SZ,000931,20260421,20260421,11:18:45.000,111845000,79,5.01,5.09,5.1,4.98,5.1,5.61,4.59,7270080,3661.8978,7605,5.0,77600,5.01,69000,4.99,266200,5.02,80200,4.98,268300,5.03,109300,4.97,161300,5.04,18200,4.96,263700,5.05,19700,4.95,254700,5.06,28900,4.94,29700,5.07,33800,4.93,36000,5.08,46200,4.92,67700,5.09,18800,4.91,74400,5.1,101932,2217700,1967532,16:12:42.208
000931.SZ,000931,20260421,20260421,11:18:48.000,111848000,79,5.01,5.09,5.1,4.98,5.1,5.61,4.59,7270080,3661.8978,7605,5.0,92800,5.01,69000,4.99,266200,5.02,80200,4.98,268300,5.03,109300,4.97,161300,5.04,18200,4.96,263700,5.05,19700,4.95,254700,5.06,28900,4.94,29700,5.07,33800,4.93,36000,5.08,46200,4.92,67700,5.09,18800,4.91,74400,5.1,101932,2232900,1967532,16:12:42.348
000931.SZ,000931,20260421,20260421,11:18:54.000,111854000,79,5.01,5.09,5.1,4.98,5.1,5.61,4.59,7270080,3661.8978,7605,5.0,92800,5.01,69900,4.99,266200,5.02,80200,4.98,268300,5.03,109300,4.97,161300,5.04,18200,4.96,263700,5.05,19700,4.95,254700,5.06,28900,4.94,29700,5.07,33800,4.93,36000,5.08,46200,4.92,67700,5.09,18800,4.91,74400,5.1,101932,2238100,1968432,16:12:42.641
000931.SZ,000931,20260421,20260421,11:19:00.000,111900000,79,5.01,5.09,5.1,4.98,5.1,5.61,4.59,7270080,3661.8978,7605,5.0,92900,5.01,69900,4.99,266200,5.02,80200,4.98,268300,5.03,109300,4.97,161300,5.04,18200,4.96,263700,5.05,19700,4.95,254700,5.06,28900,4.94,29700,5.07,33800,4.93,36000,5.08,46200,4.92,67700,5.09,18800,4.91,74400,5.1,101932,2238200,1968432,16:12:43.003
000931.SZ,000931,20260421,20260421,11:19:03.000,111903000,79,5.01,5.09,5.1,4.98,5.1,5.61,4.59,7270080,3661.8978,7605,5.0,92900,5.01,73800,4.99,266200,5.02,80200,4.98,268300,5.03,109300,4.97,161300,5.04,18200,4.96,263700,5.05,19700,4.95,254700,5.06,28900,4.94,29700,5.07,33800,4.93,36000,5.08,46200,4.92,67700,5.09,18800,4.91,74400,5.1,101932,2238200,1972332,16:12:43.114
000931.SZ,000931,20260421,20260421,11:19:06.000,111906000,79,5.01,5.09,5.1,4.98,5.1,5.61,4.59,7270080,3661.8978,7605,5.0,92800,5.01,74100,4.99,266200,5.02,80200,4.98,268300,5.03,109300,4.97,161300,5.04,18200,4.96,263700,5.05,19700,4.95,254700,5.06,28900,4.94,29700,5.07,33800,4.93,36000,5.08,46200,4.92,67700,5.09,18800,4.91,74400,5.1,101932,2238100,1972632,16:12:43.238
000931.SZ,000931,20260421,20260421,11:19:09.000,111909000,79,5.01,5.09,5.1,4.98,5.1,5.61,4.59,7270080,3661.8978,7605,5.0,92800,5.01,74300,4.99,266200,5.02,80200,4.98,268300,5.03,109300,4.97,161300,5.04,18200,4.96,263700,5.05,19700,4.95,254700,5.06,28900,4.94,29700,5.07,33800,4.93,36000,5.08,46200,4.92,67700,5.09,18800,4.91,74400,5.1,101932,2238100,1972832,16:12:43.378
000931.SZ,000931,20260421,20260421,11:19:12.000,111912000,79,5.01,5.09,5.1,4.98,5.1,5.61,4.59,7270080,3661.8978,7605,5.0,92800,5.01,78000,4.99,266200,5.02,80200,4.98,268300,5.03,109300,4.97,161300,5.04,18200,4.96,263700,5.05,19700,4.95,254700,5.06,28900,4.94,29700,5.07,33800,4.93,36000,5.08,46200,4.92,67700,5.09,18800,4.91,74400,5.1,101932,2238100,1976532,16:12:43.507
000931.SZ,000931,20260421,20260421,11:19:15.000,111915000,79,5.01,5.09,5.1,4.98,5.1,5.61,4.59,7270080,3661.8978,7605,5.0,92800,5.01,78000,4.99,266200,5.02,80200,4.98,268300,5.03,109300,4.97,161300,5.04,18200,4.96,263700,5.05,19700,4.95,254800,5.06,28900,4.94,29700,5.07,33800,4.93,36000,5.08,46200,4.92,67700,5.09,18800,4.91,74400,5.1,101932,2238200,1976532,16:12:43.643
000931.SZ,000931,20260421,20260421,11:19:21.000,111921000,79,5.01,5.09,5.1,4.98,5.1,5.61,4.59,7270080,3661.8978,7605,5.0,92800,5.01,78000,4.99,266200,5.02,80200,4.98,268300,5.03,109300,4.97,161300,5.04,18200,4.96,263700,5.05,19700,4.95,254800,5.06,28900,4.94,29700,5.07,33800,4.93,36000,5.08,46200,4.92,67700,5.09,18800,4.91,74400,5.1,101932,2237900,1976532,16:12:43.846
000931.SZ,000931,20260421,20260421,11:19:27.000,111927000,79,5.01,5.09,5.1,4.98,5.1,5.61,4.59,7270080,3661.8978,7605,5.0,93000,5.01,78000,4.99,266200,5.02,80200,4.98,268300,5.03,109300,4.97,161300,5.04,18200,4.96,263700,5.05,19700,4.95,254800,5.06,28900,4.94,29700,5.07,33800,4.93,36000,5.08,46200,4.92,67700,5.09,18800,4.91,74400,5.1,101932,2238100,1976532,16:12:44.191
000931.SZ,000931,20260421,20260421,11:19:33.000,111933000,79,5.01,5.09,5.1,4.98,5.1,5.61,4.59,7278580,3666.1563,7617,5.0,93000,5.01,69500,4.99,266200,5.02,80200,4.98,268300,5.03,109300,4.97,161300,5.04,18200,4.96,263700,5.05,19700,4.95,254800,5.06,28900,4.94,29700,5.07,33800,4.93,36000,5.08,46200,4.92,67700,5.09,18800,4.91,74400,5.1,101932,2238100,1968032,16:12:44.332
000931.SZ,000931,20260421,20260421,11:19:39.000,111939000,79,5.01,5.09,5.1,4.98,5.1,5.61,4.59,7278580,3666.1563,7617,5.0,93000,5.01,69500,4.99,266200,5.02,80300,4.98,268300,5.03,109300,4.97,161300,5.04,18200,4.96,263700,5.05,19700,4.95,254800,5.06,28900,4.94,29700,5.07,33800,4.93,36000,5.08,46200,4.92,67700,5.09,18800,4.91,74400,5.1,101932,2238100,1968132,16:12:44.655
000931.SZ,000931,20260421,20260421,11:19:45.000,111945000,79,5.01,5.09,5.1,4.98,5.1,5.61,4.59,7285780,3669.7635,7622,5.0,93000,5.01,60000,4.99,266200,5.02,80300,4.98,268300,5.03,109300,4.97,161300,5.04,18200,4.96,263700,5.05,19700,4.95,254800,5.06,28900,4.94,29700,5.07,33800,4.93,36000,5.08,46200,4.92,67700,5.09,18800,4.91,74400,5.1,101932,2238100,1958632,16:12:45.049
000931.SZ,000931,20260421,20260421,11:19:48.000,111948000,79,5.01,5.09,5.1,4.98,5.1,5.61,4.59,7286180,3669.9639,7626,5.0,93000,5.01,59800,4.99,266200,5.02,80300,4.98,268600,5.03,109300,4.97,161300,5.04,18200,4.96,263700,5.05,19700,4.95,254800,5.06,28900,4.94,29700,5.07,33800,4.93,36000,5.08,46200,4.92,67700,5.09,18800,4.91,74400,5.1,101932,2238400,1958432,16:12:45.049
000931.SZ,000931,20260421,20260421,11:19:51.000,111951000,79,5.01,5.09,5.1,4.98,5.1,5.61,4.59,7292180,3672.9699,7635,5.0,93000,5.01,53900,4.99,266200,5.02,80300,4.98,268600,5.03,109300,4.97,161300,5.04,18200,4.96,263700,5.05,19700,4.95,254800,5.06,28900,4.94,29700,5.07,33800,4.93,36000,5.08,46200,4.92,67700,5.09,18800,4.91,74400,5.1,101932,2238400,1952532,16:12:45.159
000931.SZ,000931,20260421,20260421,11:19:54.000,111954000,79,5.01,5.09,5.1,4.98,5.1,5.61,4.59,7292180,3672.9699,7635,5.0,93000,5.01,53900,4.99,266200,5.02,80300,4.98,268600,5.03,109300,4.97,161300,5.04,18200,4.96,263700,5.05,19700,4.95,254800,5.06,28900,4.94,29700,5.07,33800,4.93,36000,5.08,46200,4.92,67700,5.09,18800,4.91,74400,5.1,101932,2238400,2030332,16:12:45.347
000931.SZ,000931,20260421,20260421,11:20:00.000,112000000,79,5.01,5.09,5.1,4.98,5.1,5.61,4.59,7292180,3672.9699,7635,5.0,93100,5.01,53900,4.99,266200,5.02,80300,4.98,268600,5.03,109300,4.97,161300,5.04,18200,4.96,263700,5.05,19700,4.95,254800,5.06,28900,4.94,29700,5.07,33800,4.93,36000,5.08,46200,4.92,67700,5.09,18800,4.91,74400,5.1,101932,2238500,2030332,16:12:45.686
000931.SZ,000931,20260421,20260421,11:20:03.000,112003000,79,5.01,5.09,5.1,4.98,5.1,5.61,4.59,7292180,3672.9699,7635,5.0,93100,5.01,57300,4.99,266200,5.02,80300,4.98,268600,5.03,109300,4.97,161300,5.04,18200,4.96,263700,5.05,19700,4.95,254800,5.06,28900,4.94,29700,5.07,33800,4.93,36000,5.08,46200,4.92,67700,5.09,18800,4.91,74400,5.1,101932,2238500,2033732,16:12:45.798
000931.SZ,000931,20260421,20260421,11:20:09.000,112009000,79,5.01,5.09,5.1,4.98,5.1,5.61,4.59,7292180,3672.9699,7635,5.0,93100,5.01,57900,4.99,266200,5.02,80300,4.98,268600,5.03,109300,4.97,161300,5.04,18200,4.96,263700,5.05,19700,4.95,254800,5.06,28900,4.94,29700,5.07,33800,4.93,36000,5.08,46200,4.92,67700,5.09,18800,4.91,74400,5.1,101932,2238500,2034332,16:12:46.064
000931.SZ,000931,20260421,20260421,11:20:12.000,112012000,79,5.01,5.09,5.1,4.98,5.1,5.61,4.59,7292180,3672.9699,7635,5.0,94700,5.01,57900,4.99,266200,5.02,80300,4.98,268600,5.03,109300,4.97,161300,5.04,18200,4.96,263700,5.05,19700,4.95,254800,5.06,28900,4.94,29700,5.07,33800,4.93,36000,5.08,46200,4.92,67700,5.09,18800,4.91,74400,5.1,101932,2240100,2034332,16:12:46.158
000931.SZ,000931,20260421,20260421,11:20:15.000,112015000,79,5.01,5.09,5.1,4.98,5.1,5.61,4.59,7292180,3672.9699,7635,5.0,115200,5.01,58500,4.99,266200,5.02,80300,4.98,268600,5.03,109300,4.97,161300,5.04,18200,4.96,263700,5.05,19700,4.95,254800,5.06,28900,4.94,29700,5.07,33800,4.93,36000,5.08,46200,4.92,67700,5.09,18800,4.91,74400,5.1,101932,2260600,2034932,16:12:46.298
000931.SZ,000931,20260421,20260421,11:20:21.000,112021000,79,5.01,5.09,5.1,4.98,5.1,5.61,4.59,7292180,3672.9699,7635,5.0,115200,5.01,58500,4.99,266200,5.02,80300,4.98,268600,5.03,109300,4.97,161300,5.04,18200,4.96,263700,5.05,19700,4.95,254800,5.06,28900,4.94,29700,5.07,33800,4.93,36000,5.08,46200,4.92,67700,5.09,18800,4.91,74400,5.1,101932,2260200,2034932,16:12:46.638
000931.SZ,000931,20260421,20260421,11:20:24.000,112024000,79,5.01,5.09,5.1,4.98,5.1,5.61,4.59,7292180,3672.9699,7635,5.0,115200,5.01,57000,4.99,261200,5.02,80300,4.98,268600,5.03,109300,4.97,161300,5.04,18200,4.96,263700,5.05,19700,4.95,254800,5.06,28900,4.94,29700,5.07,33800,4.93,36000,5.08,46200,4.92,67700,5.09,18800,4.91,74400,5.1,101932,2255200,2033432,16:12:46.748
000931.SZ,000931,20260421,20260421,11:20:30.000,112030000,79,5.01,5.09,5.1,4.98,5.1,5.61,4.59,7292180,3672.9699,7635,5.0,115300,5.01,57000,4.99,261200,5.02,80300,4.98,268600,5.03,109300,4.97,161300,5.04,18200,4.96,263700,5.05,19700,4.95,254800,5.06,28900,4.94,29700,5.07,33800,4.93,29800,5.08,46200,4.92,67700,5.09,18800,4.91,74400,5.1,101932,2249100,2033432,16:12:46.908
000931.SZ,000931,20260421,20260421,11:20:33.000,112033000,79,5.01,5.09,5.1,4.98,5.1,5.61,4.59,7292580,3673.1703,7636,5.0,115300,5.01,56600,4.99,261200,5.02,80300,4.98,268600,5.03,109300,4.97,161300,5.04,18200,4.96,263700,5.05,19700,4.95,254800,5.06,28900,4.94,29700,5.07,33800,4.93,29800,5.08,46200,4.92,67700,5.09,18800,4.91,74400,5.1,101932,2249100,2033032,16:12:47.187
000931.SZ,000931,20260421,20260421,11:20:36.000,112036000,79,5.01,5.09,5.1,4.98,5.1,5.61,4.59,7292580,3673.1703,7636,5.0,115300,5.01,56600,4.99,271200,5.02,80300,4.98,268600,5.03,109300,4.97,161300,5.04,18200,4.96,263700,5.05,19700,4.95,254800,5.06,28900,4.94,29700,5.07,33800,4.93,29800,5.08,46200,4.92,67700,5.09,18800,4.91,74400,5.1,101932,2259100,2033032,16:12:47.187
000931.SZ,000931,20260421,20260421,11:20:39.000,112039000,79,5.01,5.09,5.1,4.98,5.1,5.61,4.59,7292780,3673.2705,7637,5.0,115300,5.01,57200,4.99,271200,5.02,80300,4.98,268600,5.03,109300,4.97,161300,5.04,18200,4.96,263700,5.05,19700,4.95,254800,5.06,28900,4.94,29700,5.07,33800,4.93,29800,5.08,46200,4.92,67700,5.09,18800,4.91,74400,5.1,101932,2259100,2033632,16:12:47.359
000931.SZ,000931,20260421,20260421,11:20:42.000,112042000,79,5.01,5.09,5.1,4.98,5.1,5.61,4.59,7292780,3673.2705,7637,5.0,115300,5.01,57300,4.99,271200,5.02,80300,4.98,268600,5.03,109300,4.97,161300,5.04,18200,4.96,263700,5.05,19700,4.95,254800,5.06,28900,4.94,29700,5.07,33800,4.93,29800,5.08,46200,4.92,67700,5.09,18800,4.91,74400,5.1,101932,2259100,2033732,16:12:47.502
000931.SZ,000931,20260421,20260421,11:20:45.000,112045000,79,5.01,5.09,5.1,4.98,5.1,5.61,4.59,7292780,3673.2705,7637,5.0,115300,5.01,57900,4.99,271200,5.02,80300,4.98,268600,5.03,109300,4.97,161300,5.04,18200,4.96,263700,5.05,19700,4.95,254800,5.06,28900,4.94,29700,5.07,33800,4.93,29800,5.08,46200,4.92,67700,5.09,18800,4.91,74400,5.1,101932,2259100,2034332,16:12:47.684
000931.SZ,000931,20260421,20260421,11:20:51.000,112051000,79,5.0,5.09,5.1,4.98,5.1,5.61,4.59,7292980,3673.3705,7638,5.0,115100,5.01,57900,4.99,271200,5.02,80300,4.98,268600,5.03,109300,4.97,161300,5.04,18200,4.96,263700,5.05,19700,4.95,254800,5.06,28900,4.94,29700,5.07,33800,4.93,29800,5.08,46200,4.92,67700,5.09,18800,4.91,74400,5.1,101932,2258900,2034332,16:12:47.841
000931.SZ,000931,20260421,20260421,11:20:54.000,112054000,79,5.0,5.09,5.1,4.98,5.1,5.61,4.59,7292980,3673.3705,7638,5.0,115100,5.01,58500,4.99,271200,5.02,80300,4.98,268600,5.03,109300,4.97,161300,5.04,18200,4.96,263700,5.05,19700,4.95,254800,5.06,28900,4.94,29700,5.07,33800,4.93,29800,5.08,46200,4.92,67700,5.09,18800,4.91,74400,5.1,101932,2258900,2034932,16:12:47.999
000931.SZ,000931,20260421,20260421,11:21:00.000,112100000,79,5.01,5.09,5.1,4.98,5.1,5.61,4.59,7295980,3674.8735,7644,5.0,116100,5.01,64200,4.99,271200,5.02,80300,4.98,268600,5.03,109300,4.97,161300,5.04,18200,4.96,263700,5.05,19700,4.95,254800,5.06,28900,4.94,29700,5.07,33800,4.93,29800,5.08,46200,4.92,67700,5.09,18800,4.91,74400,5.1,101932,2259900,2040632,16:12:48.312
000931.SZ,000931,20260421,20260421,11:21:03.000,112103000,79,5.01,5.09,5.1,4.98,5.1,5.61,4.59,7295980,3674.8735,7644,5.0,116100,5.01,64800,4.99,271200,5.02,80300,4.98,268600,5.03,109300,4.97,161300,5.04,18200,4.96,263700,5.05,19700,4.95,255100,5.06,28900,4.94,29700,5.07,33800,4.93,29800,5.08,46200,4.92,67700,5.09,18800,4.91,74400,5.1,101932,2260200,2041232,16:12:48.471
000931.SZ,000931,20260421,20260421,11:21:06.000,112106000,79,5.01,5.09,5.1,4.98,5.1,5.61,4.59,7295980,3674.8735,7644,5.0,116100,5.01,64500,4.99,271200,5.02,80300,4.98,268600,5.03,109300,4.97,161300,5.04,18200,4.96,263700,5.05,19700,4.95,255100,5.06,28900,4.94,29700,5.07,33800,4.93,29800,5.08,46200,4.92,67700,5.09,18800,4.91,74400,5.1,101932,2260200,2040932,16:12:48.637
000931.SZ,000931,20260421,20260421,11:21:09.000,112109000,79,5.01,5.09,5.1,4.98,5.1,5.61,4.59,7295980,3674.8735,7644,5.0,121100,5.01,64500,4.99,271200,5.02,80300,4.98,268600,5.03,109300,4.97,161300,5.04,18200,4.96,263700,5.05,19700,4.95,255100,5.06,28900,4.94,29700,5.07,33800,4.93,29800,5.08,46200,4.92,67700,5.09,18800,4.91,74400,5.1,101932,2265200,2040932,16:12:48.835
000931.SZ,000931,20260421,20260421,11:21:12.000,112112000,79,5.01,5.09,5.1,4.98,5.1,5.61,4.59,7295980,3674.8735,7644,5.0,121100,5.01,64500,4.99,271200,5.02,80300,4.98,268300,5.03,109300,4.97,161300,5.04,18200,4.96,263700,5.05,19700,4.95,255100,5.06,28900,4.94,29700,5.07,33800,4.93,29800,5.08,46200,4.92,67700,5.09,18800,4.91,74400,5.1,101932,2264900,2040932,16:12:48.945
000931.SZ,000931,20260421,20260421,11:21:15.000,112115000,79,5.01,5.09,5.1,4.98,5.1,5.61,4.59,7295980,3674.8735,7644,5.0,129700,5.01,64500,4.99,271200,5.02,80300,4.98,268300,5.03,109300,4.97,161300,5.04,18200,4.96,263700,5.05,19700,4.95,255100,5.06,28900,4.94,29700,5.07,33800,4.93,29800,5.08,46200,4.92,67700,5.09,18800,4.91,74400,5.1,101932,2273500,2040932,16:12:49.119
000931.SZ,000931,20260421,20260421,11:21:18.000,112118000,79,5.0,5.09,5.1,4.98,5.1,5.61,4.59,7296080,3674.9235,7645,5.0,129600,5.01,64500,4.99,271200,5.02,80300,4.98,268300,5.03,109300,4.97,161300,5.04,18200,4.96,263700,5.05,19700,4.95,255100,5.06,28900,4.94,29700,5.07,33800,4.93,29800,5.08,46200,4.92,67700,5.09,18800,4.91,74400,5.1,101932,2273400,2040932,16:12:49.119
000931.SZ,000931,20260421,20260421,11:21:30.000,112130000,79,5.0,5.09,5.1,4.98,5.1,5.61,4.59,7296080,3674.9235,7645,5.0,130700,5.01,70800,4.99,271200,5.02,80300,4.98,268300,5.03,109300,4.97,161300,5.04,18200,4.96,263700,5.05,19700,4.95,255100,5.06,28900,4.94,29700,5.07,33800,4.93,29800,5.08,46200,4.92,67700,5.09,18800,4.91,74400,5.1,101932,2274500,2047232,16:12:49.604
000931.SZ,000931,20260421,20260421,11:21:33.000,112133000,79,5.0,5.09,5.1,4.98,5.1,5.61,4.59,7296080,3674.9235,7645,5.0,130700,5.01,72200,4.99,271200,5.02,80300,4.98,268300,5.03,109300,4.97,161300,5.04,18200,4.96,263700,5.05,19700,4.95,255100,5.06,28900,4.94,29700,5.07,33800,4.93,29800,5.08,46200,4.92,67700,5.09,18800,4.91,74400,5.1,101932,2274500,2048632,16:12:49.729
000931.SZ,000931,20260421,20260421,11:21:36.000,112136000,79,5.0,5.09,5.1,4.98,5.1,5.61,4.59,7296480,3675.1235,7647,5.0,130300,5.01,72200,4.99,271200,5.02,80300,4.98,269300,5.03,109300,4.97,161300,5.04,18200,4.96,263700,5.05,19700,4.95,255100,5.06,28900,4.94,29700,5.07,33800,4.93,29800,5.08,46200,4.92,67700,5.09,18800,4.91,74400,5.1,101932,2275100,2048632,16:12:49.883
